trial,t,flywire_id
0,0.0000,936341
0,0.0001,946767
0,0.0002,864655
0,0.0003,817670
0,0.0003,842520
0,0.0004,358032
0,0.0004,820943
0,0.0004,828718
0,0.0004,107629970
0,0.0004,353379798
0,0.0005,817684
0,0.0005,936524
0,0.0009,946767
0,0.0010,869499
0,0.0010,946767
0,0.0012,28633
0,0.0012,106822444
0,0.0013,105856729
0,0.0015,820943
0,0.0018,358032
0,0.0019,761298433
0,0.0020,54011
0,0.0020,849272
0,0.0020,956323
0,0.0021,30930
0,0.0021,830766
0,0.0022,827502
0,0.0026,816113
0,0.0026,819089
0,0.0026,826503
0,0.0026,827683
0,0.0026,1052043704
0,0.0027,821058
0,0.0028,28633
0,0.0028,817261
0,0.0029,819387
0,0.0030,822728
0,0.0031,954981
0,0.0033,956328
0,0.0034,819656
0,0.0037,517501
0,0.0037,820146
0,0.0037,935007
0,0.0037,952874
0,0.0038,842520
0,0.0041,817565
0,0.0042,827683
0,0.0042,936341
0,0.0042,954981
0,0.0043,54246
0,0.0043,518938
0,0.0043,106822444
0,0.0045,981789985
0,0.0046,518938
0,0.0046,956305
0,0.0046,1050542828
0,0.0048,820323
0,0.0048,842520
0,0.0050,821058
0,0.0050,946767
0,0.0052,392714
0,0.0052,811623
0,0.0053,820174
0,0.0053,829714
0,0.0054,822772
0,0.0055,823598
0,0.0056,820174
0,0.0056,827502
0,0.0058,821754
0,0.0058,952874
0,0.0059,956323
0,0.0059,1053174360
0,0.0060,830025
0,0.0061,821729
0,0.0062,353032
0,0.0062,818370
0,0.0062,820323
0,0.0064,824830
0,0.0065,15680
0,0.0066,819387
0,0.0066,823205
0,0.0066,830025
0,0.0066,981789985
0,0.0067,816644
0,0.0067,818085
0,0.0068,849272
0,0.0068,935007
0,0.0069,15110
0,0.0069,1052043704
0,0.0070,954670
0,0.0071,821882
0,0.0072,20277
0,0.0072,339863
0,0.0072,954670
0,0.0073,819656
0,0.0074,817684
0,0.0074,818987
0,0.0074,956305
0,0.0075,861290
0,0.0076,817096
0,0.0077,392714
0,0.0077,801189
0,0.0077,821236
0,0.0078,827683
0,0.0080,14207
0,0.0080,801143
0,0.0080,810169
0,0.0081,821311
0,0.0082,24246
0,0.0082,873387
0,0.0086,817047
0,0.0088,392714
0,0.0088,821882
0,0.0088,825184
0,0.0088,107629970
0,0.0089,1137406009
0,0.0091,873387
0,0.0091,954981
0,0.0091,1053174360
0,0.0092,820191
0,0.0093,821754
0,0.0094,954670
0,0.0094,118002941
0,0.0095,515072
0,0.0095,817974
0,0.0095,842520
0,0.0095,936713
0,0.0097,816113
0,0.0097,827502
0,0.0098,24050
0,0.0098,1053174360
0,0.0100,819387
0,0.0101,14997
0,0.0101,817684
0,0.0103,54246
0,0.0103,199328457
0,0.0105,800724
0,0.0106,956328
0,0.0107,802558
0,0.0107,1052043704
0,0.0107,1053174360
0,0.0108,441056
0,0.0108,800287
0,0.0108,820943
0,0.0108,827683
0,0.0108,830295
0,0.0108,954981
0,0.0108,1050542828
0,0.0109,817261
0,0.0111,800264
0,0.0112,819089
0,0.0113,903425
0,0.0114,517847
0,0.0115,802853
0,0.0116,830333
0,0.0116,936713
0,0.0117,801507
0,0.0117,820323
0,0.0117,826503
0,0.0117,830295
0,0.0119,54246
0,0.0119,823869
0,0.0119,828126
0,0.0119,118002941
0,0.0119,1050542828
0,0.0121,839612
0,0.0122,827678
0,0.0123,516514
0,0.0123,803052
0,0.0123,817096
0,0.0123,954981
0,0.0124,800376
0,0.0125,517847
0,0.0125,801415
0,0.0126,517847
0,0.0126,818961
0,0.0126,824830
0,0.0126,830766
0,0.0126,946767
0,0.0128,10959
0,0.0128,801841
0,0.0128,824034
0,0.0129,830766
0,0.0129,946767
0,0.0131,1111554233
0,0.0132,518938
0,0.0132,800225
0,0.0132,802223
0,0.0132,827683
0,0.0132,839612
0,0.0133,903330
0,0.0133,106822444
0,0.0134,802392
0,0.0134,803014
0,0.0134,118002941
0,0.0135,12872
0,0.0136,819387
0,0.0136,821311
0,0.0137,10394
0,0.0137,800181
0,0.0137,820146
0,0.0137,902553
0,0.0137,903564
0,0.0138,822728
0,0.0138,956310
0,0.0138,199328457
0,0.0139,981789985
0,0.0140,291345
0,0.0140,903450
0,0.0141,26455
0,0.0141,804958
0,0.0141,817684
0,0.0141,825184
0,0.0142,829714
0,0.0142,900035
0,0.0143,811623
0,0.0143,954981
0,0.0144,808519
0,0.0144,936713
0,0.0145,234890
0,0.0145,803929
0,0.0145,106822444
0,0.0146,15680
0,0.0146,903727
0,0.0147,12065
0,0.0147,364582
0,0.0148,822728
0,0.0149,803440
0,0.0149,830295
0,0.0149,936524
0,0.0150,848264
0,0.0150,869499
0,0.0151,291345
0,0.0151,470711
0,0.0151,803589
0,0.0151,817974
0,0.0151,829341
0,0.0152,13984
0,0.0152,24246
0,0.0152,818085
0,0.0152,904319
0,0.0152,956323
0,0.0153,14863
0,0.0153,801658
0,0.0153,824034
0,0.0154,517847
0,0.0154,818370
0,0.0154,823598
0,0.0154,830025
0,0.0155,817453
0,0.0155,317157307
0,0.0156,14428
0,0.0156,804001
0,0.0156,821882
0,0.0156,1053174360
0,0.0157,523843
0,0.0158,816323
0,0.0158,821201
0,0.0159,14997
0,0.0159,817218
0,0.0159,822728
0,0.0160,804500
0,0.0160,815064
0,0.0161,817089
0,0.0161,830025
0,0.0161,981789985
0,0.0162,801077
0,0.0162,809320
0,0.0162,954670
0,0.0163,20277
0,0.0163,518938
0,0.0164,805092
0,0.0164,816323
0,0.0165,800008
0,0.0165,903567
0,0.0166,801258
0,0.0166,821201
0,0.0167,801251
0,0.0168,805363
0,0.0169,800070
0,0.0169,801783
0,0.0169,820146
0,0.0170,15110
0,0.0170,392714
0,0.0170,800525
0,0.0170,864655
0,0.0171,470711
0,0.0171,800402
0,0.0171,800697
0,0.0172,78620
0,0.0172,800048
0,0.0172,800126
0,0.0172,800800
0,0.0172,801183
0,0.0172,819656
0,0.0172,848955
0,0.0173,903450
0,0.0174,801482
0,0.0174,821201
0,0.0175,47659
0,0.0175,517852
0,0.0175,800554
0,0.0175,809980
0,0.0175,1137406009
0,0.0176,801202
0,0.0177,41594
0,0.0177,830766
0,0.0178,86646
0,0.0178,87645
0,0.0178,803561
0,0.0178,803804
0,0.0179,24050
0,0.0180,219189
0,0.0180,801503
0,0.0180,817047
0,0.0180,820271
0,0.0180,821201
0,0.0181,30930
0,0.0181,219189
0,0.0181,364582
0,0.0181,470711
0,0.0181,800305
0,0.0181,802958
0,0.0181,906360
0,0.0182,515072
0,0.0182,800273
0,0.0182,800724
0,0.0182,821882
0,0.0183,11377
0,0.0183,72215
0,0.0183,364582
0,0.0183,800264
0,0.0184,802662
0,0.0184,821882
0,0.0185,523602
0,0.0185,804398
0,0.0186,800041
0,0.0186,711866623
0,0.0188,39880
0,0.0188,802181
0,0.0189,20106
0,0.0189,800464
0,0.0189,820943
0,0.0189,904122
0,0.0190,12727
0,0.0190,14207
0,0.0190,441056
0,0.0190,800910
0,0.0190,804288
0,0.0191,26455
0,0.0191,234867
0,0.0191,811623
0,0.0191,816113
0,0.0191,820174
0,0.0191,946767
0,0.0192,13785
0,0.0192,800317
0,0.0192,801515
0,0.0193,30930
0,0.0193,258819
0,0.0193,821201
0,0.0193,776770294
0,0.0194,54011
0,0.0194,75140
0,0.0194,903425
0,0.0194,903604
0,0.0195,16370
0,0.0195,800391
0,0.0196,954981
0,0.0196,955284
0,0.0196,956310
0,0.0197,26284
0,0.0197,27975
0,0.0197,511867
0,0.0198,800258
0,0.0198,823262
0,0.0198,824830
0,0.0198,842520
0,0.0199,12686
0,0.0199,14428
0,0.0199,219189
0,0.0199,392714
0,0.0199,800716
0,0.0199,820191
0,0.0199,822728
0,0.0199,830025
0,0.0200,13179
0,0.0200,23826
0,0.0200,823598
0,0.0200,830766
0,0.0201,823598
0,0.0202,801323
0,0.0202,801413
0,0.0202,933157
0,0.0204,12210
0,0.0204,364582
0,0.0204,823598
0,0.0204,903587
0,0.0205,12299
0,0.0205,514384
0,0.0205,817218
0,0.0206,36691
0,0.0206,38926
0,0.0206,800111
0,0.0206,800434
0,0.0206,802390
0,0.0206,804195
0,0.0206,819387
0,0.0206,903450
0,0.0207,12065
0,0.0207,234867
0,0.0207,842520
0,0.0208,800772
0,0.0208,805817
0,0.0208,818987
0,0.0208,821058
0,0.0208,776770294
0,0.0208,1052043704
0,0.0209,800505
0,0.0209,801366
0,0.0209,903317
0,0.0209,107629970
0,0.0209,317157307
0,0.0210,518937
0,0.0210,905385
0,0.0210,1052043704
0,0.0211,13022
0,0.0211,801356
0,0.0211,816439
0,0.0211,817974
0,0.0211,903564
0,0.0211,939006
0,0.0211,1050542828
0,0.0212,24246
0,0.0212,219189
0,0.0212,518937
0,0.0212,802307
0,0.0212,803014
0,0.0212,803992
0,0.0212,818085
0,0.0212,903419
0,0.0213,830295
0,0.0214,955135
0,0.0215,512165
0,0.0215,800340
0,0.0215,800578
0,0.0216,10959
0,0.0216,18804
0,0.0216,801507
0,0.0216,842254
0,0.0217,800291
0,0.0217,818961
0,0.0217,900035
0,0.0218,14428
0,0.0218,818370
0,0.0218,818987
0,0.0218,903116
0,0.0219,12976
0,0.0219,800705
0,0.0219,830025
0,0.0220,10336
0,0.0220,54246
0,0.0220,802118
0,0.0221,11357
0,0.0222,10394
0,0.0222,358032
0,0.0222,800586
0,0.0222,801105
0,0.0222,848264
0,0.0223,11604
0,0.0223,800529
0,0.0224,12590
0,0.0224,353032
0,0.0224,800150
0,0.0224,803997
0,0.0224,317157307
0,0.0225,803077
0,0.0226,800003
0,0.0226,800181
0,0.0226,800376
0,0.0226,801516
0,0.0226,804445
0,0.0226,817974
0,0.0226,818085
0,0.0227,15185
0,0.0227,817089
0,0.0228,818961
0,0.0228,936341
0,0.0229,14539
0,0.0229,802223
0,0.0229,805732
0,0.0229,818961
0,0.0229,956323
0,0.0230,512825
0,0.0230,902553
0,0.0232,15192
0,0.0232,811088
0,0.0232,839612
0,0.0233,821201
0,0.0233,823869
0,0.0233,873387
0,0.0233,904319
0,0.0233,105856729
0,0.0234,10841
0,0.0234,802164
0,0.0235,800415
0,0.0235,801601
0,0.0235,805797
0,0.0235,817670
0,0.0235,828718
0,0.0236,15828
0,0.0236,811623
0,0.0236,820323
0,0.0236,824830
0,0.0236,828718
0,0.0236,936524
0,0.0237,339863
0,0.0237,800724
0,0.0237,801148
0,0.0237,803052
0,0.0237,804326
0,0.0237,903732
0,0.0238,40683
0,0.0239,807167
0,0.0239,955284
0,0.0240,12500
0,0.0240,14997
0,0.0240,800114
0,0.0240,800511
0,0.0240,849272
0,0.0240,911639
0,0.0241,10646
0,0.0241,13984
0,0.0241,15680
0,0.0241,18278
0,0.0241,801492
0,0.0241,956328
0,0.0242,801189
0,0.0242,816644
0,0.0242,903727
0,0.0243,10165
0,0.0243,10692
0,0.0243,30930
0,0.0243,801060
0,0.0243,828126
0,0.0243,829714
0,0.0244,11201
0,0.0244,31896
0,0.0244,804958
0,0.0244,818085
0,0.0245,28633
0,0.0246,55185
0,0.0246,800699
0,0.0247,10941
0,0.0247,520177
0,0.0247,817089
0,0.0247,873387
0,0.0248,24050
0,0.0248,800495
0,0.0248,803017
0,0.0248,805776
0,0.0248,828126
0,0.0249,804530
0,0.0249,805757
0,0.0249,806141
0,0.0249,814353
0,0.0250,14134
0,0.0250,800832
0,0.0250,804180
0,0.0250,817261
0,0.0250,822728
0,0.0250,903280
0,0.0250,903425
0,0.0250,954670
0,0.0251,13406
0,0.0251,801676
0,0.0251,807359
0,0.0251,817974
0,0.0251,827502
0,0.0251,776770294
0,0.0252,800618
0,0.0252,806620
0,0.0253,14428
0,0.0254,803440
0,0.0254,806144
0,0.0254,814353
0,0.0254,819656
0,0.0255,14863
0,0.0255,805517
0,0.0255,903604
0,0.0256,339863
0,0.0256,800455
0,0.0256,800554
0,0.0256,800576
0,0.0256,801415
0,0.0257,800697
0,0.0258,10323
0,0.0258,12924
0,0.0258,26284
0,0.0258,513636
0,0.0258,800677
0,0.0258,801876
0,0.0258,820146
0,0.0259,11765
0,0.0259,800827
0,0.0259,905284
0,0.0260,13857
0,0.0260,800062
0,0.0260,820271
0,0.0261,511867
0,0.0261,515072
0,0.0261,776770294
0,0.0262,801149
0,0.0262,803501
0,0.0262,804398
0,0.0262,956328
0,0.0263,23826
0,0.0263,802181
0,0.0263,818370
0,0.0263,820323
0,0.0264,801473
0,0.0264,803748
0,0.0264,805187
0,0.0265,518309
0,0.0265,800048
0,0.0265,800691
0,0.0265,803924
0,0.0265,941319
0,0.0266,800264
0,0.0266,806037
0,0.0266,806061
0,0.0267,470711
0,0.0267,524224
0,0.0267,801183
0,0.0267,801774
0,0.0268,10967
0,0.0268,800258
0,0.0268,803033
0,0.0268,820191
0,0.0268,820323
0,0.0268,830025
0,0.0268,981789985
0,0.0269,11131
0,0.0269,11948
0,0.0269,14567
0,0.0269,31103
0,0.0269,154893
0,0.0269,800340
0,0.0269,817096
0,0.0269,817218
0,0.0270,16870
0,0.0270,801527
0,0.0271,13122
0,0.0271,234890
0,0.0271,800317
0,0.0271,800504
0,0.0271,800716
0,0.0271,818961
0,0.0271,956310
0,0.0272,800391
0,0.0272,801429
0,0.0272,803804
0,0.0273,10184
0,0.0273,22090
0,0.0273,800541
0,0.0273,804500
0,0.0273,827502
0,0.0273,902446
0,0.0273,106822444
0,0.0274,10297
0,0.0274,21568
0,0.0274,358032
0,0.0274,800402
0,0.0274,800655
0,0.0274,800736
0,0.0275,803333
0,0.0275,821236
0,0.0275,902676
0,0.0275,1050542828
0,0.0276,15110
0,0.0276,16569
0,0.0276,800434
0,0.0276,800628
0,0.0276,800676
0,0.0276,801507
0,0.0276,803165
0,0.0276,804823
0,0.0276,827678
0,0.0277,19306
0,0.0277,512456
0,0.0277,815064
0,0.0277,822772
0,0.0277,829341
0,0.0277,353379798
0,0.0277,711866623
0,0.0278,800181
0,0.0278,914445
0,0.0279,24246
0,0.0279,30930
0,0.0279,800126
0,0.0279,823869
0,0.0280,17322
0,0.0280,800041
0,0.0280,805790
0,0.0280,818370
0,0.0280,912966
0,0.0281,12750
0,0.0281,519365
0,0.0281,802613
0,0.0281,903653
0,0.0281,904061
0,0.0282,10935
0,0.0282,353032
0,0.0282,801421
0,0.0282,902553
0,0.0282,952874
0,0.0283,11250
0,0.0283,513968
0,0.0283,520816
0,0.0283,800330
0,0.0283,804001
0,0.0283,806253
0,0.0283,822728
0,0.0284,10202
0,0.0284,39880
0,0.0284,800291
0,0.0284,800376
0,0.0284,800907
0,0.0284,801768
0,0.0284,829714
0,0.0285,523547
0,0.0285,800235
0,0.0285,801798
0,0.0285,802043
0,0.0285,806098
0,0.0285,817261
0,0.0285,819656
0,0.0286,10109
0,0.0286,821729
0,0.0287,12065
0,0.0287,523636
0,0.0287,820146
0,0.0287,956328
0,0.0288,154726
0,0.0288,801617
0,0.0288,802148
0,0.0289,17878
0,0.0289,905000
0,0.0290,800578
0,0.0290,801275
0,0.0291,11377
0,0.0291,800536
0,0.0291,711866623
0,0.0292,800724
0,0.0292,805898
0,0.0292,810625
0,0.0293,291345
0,0.0293,800236
0,0.0293,818987
0,0.0294,27975
0,0.0294,517501
0,0.0294,524156
0,0.0294,956305
0,0.0295,818370
0,0.0295,873387
0,0.0296,800286
0,0.0296,903604
0,0.0297,800051
0,0.0297,800111
0,0.0297,800417
0,0.0297,809979
0,0.0297,954981
0,0.0298,801574
0,0.0298,802960
0,0.0298,902343
0,0.0299,22932
0,0.0299,525441
0,0.0299,905009
0,0.0300,10959
0,0.0300,800140
0,0.0300,802958
0,0.0300,818085
0,0.0300,902349
0,0.0301,821729
0,0.0301,829341
0,0.0302,801257
0,0.0302,821236
0,0.0303,54246
0,0.0303,805893
0,0.0303,904983
0,0.0304,801047
0,0.0304,820146
0,0.0304,830295
0,0.0304,905078
0,0.0305,800759
0,0.0305,802440
0,0.0305,805724
0,0.0305,807097
0,0.0305,929612
0,0.0306,10695
0,0.0306,800053
0,0.0306,800141
0,0.0306,800554
0,0.0306,816323
0,0.0306,902501
0,0.0307,520863
0,0.0307,802916
0,0.0307,803052
0,0.0307,817218
0,0.0307,821201
0,0.0307,907978
0,0.0308,10444
0,0.0308,13277
0,0.0308,16370
0,0.0308,800150
0,0.0308,839612
0,0.0309,802734
0,0.0309,819387
0,0.0309,904101
0,0.0310,222154
0,0.0311,12872
0,0.0311,516514
0,0.0311,801629
0,0.0311,830333
0,0.0312,800345
0,0.0312,803684
0,0.0312,805817
0,0.0313,34151
0,0.0314,10394
0,0.0314,23039
0,0.0314,800343
0,0.0314,817974
0,0.0314,956305
0,0.0315,14428
0,0.0315,28633
0,0.0315,327169
0,0.0315,801019
0,0.0315,802241
0,0.0315,817047
0,0.0316,802690
0,0.0316,803652
0,0.0316,904657
0,0.0316,1111554233
0,0.0317,10138
0,0.0317,10707
0,0.0317,801485
0,0.0317,904434
0,0.0317,905003
0,0.0318,800184
0,0.0318,817684
0,0.0319,565685
0,0.0319,801362
0,0.0319,801755
0,0.0319,802860
0,0.0319,1111554233
0,0.0320,803014
0,0.0320,803499
0,0.0320,906956
0,0.0321,800927
0,0.0321,802060
0,0.0321,903727
0,0.0322,10147
0,0.0322,13179
0,0.0322,28633
0,0.0322,801411
0,0.0324,11900
0,0.0324,20418
0,0.0324,842520
0,0.0324,869499
0,0.0325,13515
0,0.0325,45311
0,0.0325,800143
0,0.0325,801715
0,0.0325,803813
0,0.0325,821882
0,0.0325,932493
0,0.0326,358032
0,0.0326,800613
0,0.0326,821058
0,0.0326,830025
0,0.0327,801761
0,0.0327,802223
0,0.0327,820174
0,0.0327,776770294
0,0.0328,800116
0,0.0328,802579
0,0.0328,816323
0,0.0328,820174
0,0.0329,54011
0,0.0329,517501
0,0.0329,800132
0,0.0329,816323
0,0.0329,821754
0,0.0329,822728
0,0.0330,14207
0,0.0330,800847
0,0.0330,903519
0,0.0331,800256
0,0.0331,818085
0,0.0331,821058
0,0.0331,903425
0,0.0332,800111
0,0.0332,800317
0,0.0332,800374
0,0.0332,801021
0,0.0332,801899
0,0.0333,802500
0,0.0333,803320
0,0.0334,54246
0,0.0334,517501
0,0.0334,800042
0,0.0334,800241
0,0.0334,800252
0,0.0334,800606
0,0.0334,800762
0,0.0334,830514
0,0.0334,904427
0,0.0335,802964
0,0.0335,820174
0,0.0335,1053174360
0,0.0336,10365
0,0.0336,800304
0,0.0336,800344
0,0.0336,800375
0,0.0336,801077
0,0.0336,801492
0,0.0336,932684
0,0.0337,358032
0,0.0337,819089
0,0.0337,821058
0,0.0337,932811
0,0.0338,10412
0,0.0338,13231
0,0.0338,530950
0,0.0338,802312
0,0.0338,842520
0,0.0339,23637
0,0.0339,219189
0,0.0339,291345
0,0.0339,800173
0,0.0339,800536
0,0.0339,848955
0,0.0339,905385
0,0.0340,353032
0,0.0340,803501
0,0.0340,807768
0,0.0340,823205
0,0.0340,902520
0,0.0341,392714
0,0.0341,805608
0,0.0341,848955
0,0.0341,936773
0,0.0342,41598
0,0.0342,87645
0,0.0342,801234
0,0.0342,805542
0,0.0343,11618
0,0.0343,711866623
0,0.0343,1052043704
0,0.0344,16026
0,0.0344,219710
0,0.0344,842254
0,0.0345,800586
0,0.0345,800757
0,0.0345,803440
0,0.0345,1050687371
0,0.0345,1052043704
0,0.0346,20277
0,0.0346,24050
0,0.0346,515072
0,0.0346,904021
0,0.0347,14997
0,0.0347,804180
0,0.0347,903450
0,0.0348,15680
0,0.0348,28633
0,0.0348,820146
0,0.0348,821729
0,0.0348,842254
0,0.0348,906365
0,0.0349,800061
0,0.0349,803451
0,0.0349,805719
0,0.0349,818370
0,0.0349,952874
0,0.0349,761298433
0,0.0350,10299
0,0.0350,804593
0,0.0350,805026
0,0.0351,10035
0,0.0351,11402
0,0.0351,508595
0,0.0351,800438
0,0.0351,902552
0,0.0352,800230
0,0.0352,805372
0,0.0353,11982
0,0.0353,15110
0,0.0354,10704
0,0.0354,800330
0,0.0354,801094
0,0.0354,815064
0,0.0354,830766
0,0.0355,804958
0,0.0355,903604
0,0.0356,10368
0,0.0356,12777
0,0.0356,800392
0,0.0356,810863
0,0.0356,105856729
0,0.0357,54246
0,0.0357,515775
0,0.0357,807318
0,0.0357,818987
0,0.0357,849272
0,0.0358,24246
0,0.0358,802864
0,0.0358,802959
0,0.0358,820174
0,0.0359,26432
0,0.0359,63027
0,0.0359,512273
0,0.0359,800353
0,0.0359,801304
0,0.0359,802407
0,0.0359,809886
0,0.0360,14863
0,0.0360,555238
0,0.0360,800264
0,0.0360,805899
0,0.0360,827683
0,0.0360,107629970
0,0.0360,317157307
0,0.0361,10494
0,0.0361,817047
0,0.0362,801258
0,0.0362,802137
0,0.0362,816323
0,0.0362,816644
0,0.0362,902491
0,0.0363,19457
0,0.0363,519131
0,0.0363,800369
0,0.0363,801491
0,0.0363,817565
0,0.0363,823262
0,0.0363,952874
0,0.0364,28901
0,0.0364,803425
0,0.0365,28653
0,0.0365,52665
0,0.0365,800654
0,0.0365,815064
0,0.0366,38926
0,0.0366,517847
0,0.0366,519619
0,0.0366,902280
0,0.0367,11131
0,0.0367,517847
0,0.0367,801899
0,0.0367,816113
0,0.0367,904192
0,0.0367,105856729
0,0.0368,44847
0,0.0368,114715
0,0.0368,364582
0,0.0368,801362
0,0.0368,822772
0,0.0369,10385
0,0.0369,800494
0,0.0369,800849
0,0.0369,803017
0,0.0369,820191
0,0.0369,930012
0,0.0369,956310
0,0.0370,14034
0,0.0370,800258
0,0.0370,800724
0,0.0370,800863
0,0.0370,802924
0,0.0370,803047
0,0.0370,806281
0,0.0370,807787
0,0.0370,821058
0,0.0370,830025
0,0.0371,800505
0,0.0372,519132
0,0.0372,800256
0,0.0372,821892
0,0.0372,902553
0,0.0372,908745
0,0.0373,30777
0,0.0373,518937
0,0.0373,802500
0,0.0373,803070
0,0.0373,827502
0,0.0374,234890
0,0.0374,800860
0,0.0374,908745
0,0.0374,776770294
0,0.0375,13698
0,0.0375,13771
0,0.0375,800702
0,0.0375,806620
0,0.0375,809980
0,0.0376,26284
0,0.0376,234890
0,0.0376,522465
0,0.0376,800224
0,0.0377,800335
0,0.0377,817096
0,0.0377,903280
0,0.0377,903330
0,0.0378,800391
0,0.0378,803804
0,0.0378,805129
0,0.0378,820323
0,0.0379,801310
0,0.0379,821201
0,0.0380,10898
0,0.0380,14428
0,0.0380,23826
0,0.0380,802181
0,0.0380,803241
0,0.0381,12686
0,0.0381,803929
0,0.0381,805489
0,0.0382,800376
0,0.0382,801137
0,0.0382,830025
0,0.0382,830295
0,0.0382,1111554233
0,0.0383,511926
0,0.0383,800181
0,0.0383,801730
0,0.0383,824034
0,0.0384,470711
0,0.0384,523843
0,0.0384,861290
0,0.0385,12976
0,0.0385,219189
0,0.0385,801415
0,0.0385,802072
0,0.0385,802809
0,0.0385,826503
0,0.0385,903366
0,0.0386,10967
0,0.0386,13471
0,0.0386,806144
0,0.0387,10959
0,0.0387,801561
0,0.0387,848955
0,0.0387,106822444
0,0.0388,470711
0,0.0388,820146
0,0.0389,36691
0,0.0389,802423
0,0.0389,804530
0,0.0389,905235
0,0.0389,928701
0,0.0390,825991
0,0.0390,869499
0,0.0391,801193
0,0.0391,813633
0,0.0391,821058
0,0.0392,10394
0,0.0392,11087
0,0.0392,13984
0,0.0392,520646
0,0.0392,800116
0,0.0392,800747
0,0.0392,801503
0,0.0392,353379798
0,0.0393,801507
0,0.0393,864655
0,0.0393,904319
0,0.0394,801725
0,0.0394,907728
0,0.0395,800820
0,0.0395,817974
0,0.0395,981789985
0,0.0396,11377
0,0.0396,800344
0,0.0396,802116
0,0.0396,802914
0,0.0396,806083
0,0.0396,826503
0,0.0396,903108
0,0.0396,1050542828
0,0.0397,801173
0,0.0397,900035
0,0.0398,28633
0,0.0398,807638
0,0.0399,12065
0,0.0399,164190
0,0.0399,913939
0,0.0400,518938
0,0.0400,818961
0,0.0401,826503
0,0.0402,801658
0,0.0402,806124
0,0.0403,11482
0,0.0403,800241
0,0.0403,807275
0,0.0403,827683
0,0.0404,16862
0,0.0405,15905
0,0.0405,830847
0,0.0406,14435
0,0.0406,14997
0,0.0406,800606
0,0.0406,807369
0,0.0406,842254
0,0.0406,842520
0,0.0406,905068
0,0.0406,1053174360
0,0.0407,118002941
0,0.0408,10286
0,0.0408,800984
0,0.0408,817974
0,0.0409,805477
0,0.0410,823598
0,0.0410,1111554233
0,0.0411,16370
0,0.0411,512165
0,0.0411,800041
0,0.0411,800075
0,0.0411,803684
0,0.0411,815344
0,0.0412,107629970
0,0.0413,11166
0,0.0413,11613
0,0.0413,14899
0,0.0413,817096
0,0.0413,903425
0,0.0414,10856
0,0.0414,16781
0,0.0414,392714
0,0.0414,470711
0,0.0414,820271
0,0.0414,824034
0,0.0414,903727
0,0.0415,802734
0,0.0415,909078
0,0.0416,10101
0,0.0416,516820
0,0.0416,520816
0,0.0416,800070
0,0.0416,831621
0,0.0417,13179
0,0.0417,470711
0,0.0417,513499
0,0.0417,804500
0,0.0417,807207
0,0.0417,904101
0,0.0418,12786
0,0.0418,14207
0,0.0418,821892
0,0.0419,517847
0,0.0419,817089
0,0.0419,904657
0,0.0420,39880
0,0.0420,800554
0,0.0420,802407
0,0.0420,803440
0,0.0421,711866623
0,0.0422,10203
0,0.0422,11403
0,0.0422,519865
0,0.0422,822772
0,0.0422,873387
0,0.0422,107629970
0,0.0423,805244
0,0.0423,821236
0,0.0424,258819
0,0.0424,827683
0,0.0424,933913
0,0.0425,10738
0,0.0425,30930
0,0.0425,822728
0,0.0425,826503
0,0.0426,14024
0,0.0426,512825
0,0.0426,801006
0,0.0426,828126
0,0.0427,15680
0,0.0427,818370
0,0.0428,515072
0,0.0428,800374
0,0.0428,936341
0,0.0429,13295
0,0.0429,17244
0,0.0430,13360
0,0.0430,15850
0,0.0430,800827
0,0.0430,817670
0,0.0430,828126
0,0.0431,10299
0,0.0431,10497
0,0.0431,828126
0,0.0431,903317
0,0.0432,10035
0,0.0433,19290
0,0.0433,19618
0,0.0433,936524
0,0.0434,12158
0,0.0434,16274
0,0.0434,800317
0,0.0434,805797
0,0.0435,12787
0,0.0435,14063
0,0.0435,14863
0,0.0435,818085
0,0.0435,711866623
0,0.0436,819387
0,0.0436,956305
0,0.0437,10323
0,0.0437,818370
0,0.0438,10184
0,0.0438,800158
0,0.0439,801111
0,0.0439,804001
0,0.0440,817670
0,0.0440,711866623
0,0.0440,776770294
0,0.0441,20277
0,0.0442,10365
0,0.0442,800126
0,0.0442,935007
0,0.0443,823262
0,0.0444,800536
0,0.0445,822728
0,0.0446,802223
0,0.0446,817974
0,0.0446,820943
0,0.0446,954981
0,0.0447,14428
0,0.0447,856359
0,0.0448,817096
0,0.0448,817218
0,0.0448,820191
0,0.0448,830025
0,0.0448,864655
0,0.0449,10967
0,0.0449,816323
0,0.0450,11723
0,0.0450,512273
0,0.0451,800910
0,0.0451,105856729
0,0.0452,24246
0,0.0452,956310
0,0.0453,803718
0,0.0454,13022
0,0.0454,527525
0,0.0454,804778
0,0.0455,13698
0,0.0455,22825
0,0.0457,800561
0,0.0457,820146
0,0.0457,936713
0,0.0459,339863
0,0.0459,800236
0,0.0459,800618
0,0.0459,803014
0,0.0459,804195
0,0.0459,817670
0,0.0460,803339
0,0.0460,821236
0,0.0461,11131
0,0.0461,24050
0,0.0461,114715
0,0.0461,804958
0,0.0461,829341
0,0.0461,935007
0,0.0463,11116
0,0.0463,848264
0,0.0464,523998
0,0.0464,848955
0,0.0465,529603
0,0.0465,820943
0,0.0466,803992
0,0.0466,804398
0,0.0466,805776
0,0.0466,817047
0,0.0467,10385
0,0.0467,14061
0,0.0467,520115
0,0.0467,817684
0,0.0467,820191
0,0.0468,38926
0,0.0468,63027
0,0.0468,555238
0,0.0469,533748
0,0.0469,817261
0,0.0470,517501
0,0.0471,802107
0,0.0471,817684
0,0.0472,10202
0,0.0472,364582
0,0.0472,801773
0,0.0472,902553
0,0.0473,806037
0,0.0474,18206
0,0.0474,800724
0,0.0474,805227
0,0.0474,805532
0,0.0474,820191
0,0.0475,26901
0,0.0475,234867
0,0.0475,441056
0,0.0475,819387
0,0.0476,802958
0,0.0476,839612
0,0.0476,1111554233
0,0.0477,19616
0,0.0477,802662
0,0.0477,803039
0,0.0477,804445
0,0.0478,13377
0,0.0478,803033
0,0.0478,821311
0,0.0479,802509
0,0.0479,828718
0,0.0479,831621
0,0.0479,105856729
0,0.0480,364582
0,0.0480,822772
0,0.0480,824034
0,0.0481,11377
0,0.0481,19998
0,0.0481,804288
0,0.0482,24254
0,0.0482,26455
0,0.0483,13013
0,0.0483,26284
0,0.0483,828718
0,0.0484,14428
0,0.0484,801581
0,0.0484,817453
0,0.0484,106822444
0,0.0485,392714
0,0.0485,827678
0,0.0485,842254
0,0.0485,903642
0,0.0486,523602
0,0.0486,800041
0,0.0486,952874
0,0.0487,39880
0,0.0487,803052
0,0.0487,820191
0,0.0487,821754
0,0.0488,817453
0,0.0488,830025
0,0.0488,903450
0,0.0489,817218
0,0.0489,820271
0,0.0489,873387
0,0.0490,15351
0,0.0490,802461
0,0.0490,803561
0,0.0491,12405
0,0.0491,12777
0,0.0491,22090
0,0.0491,819089
0,0.0491,199328457
0,0.0492,10830
0,0.0492,11201
0,0.0492,802181
0,0.0492,803804
0,0.0492,817089
0,0.0492,902446
0,0.0492,903732
0,0.0493,12654
0,0.0493,392714
0,0.0493,512456
0,0.0493,801507
0,0.0493,1050542828
0,0.0494,14997
0,0.0494,470711
0,0.0494,904319
0,0.0495,518938
0,0.0495,914445
0,0.0496,816644
0,0.0497,16087
0,0.0497,802864
0,0.0498,10959
0,0.0498,21823
0,0.0498,157371
0,0.0498,162650
0,0.0498,183736
0,0.0498,800258
0,0.0498,817453
0,0.0498,936341
0,0.0498,956328
0,0.0499,470711
0,0.0499,800323
0,0.0499,801998
0,0.0500,121691
0,0.0500,441056
0,0.0500,800304
0,0.0500,801970
0,0.0501,903450
0,0.0501,936524
0,0.0501,952874
0,0.0502,13984
0,0.0502,149631
0,0.0502,800329
0,0.0502,711866623
0,0.0503,13857
0,0.0503,903425
0,0.0504,518938
0,0.0504,800976
0,0.0504,801415
0,0.0504,821058
0,0.0504,955135
0,0.0505,364582
0,0.0505,849272
0,0.0505,199328457
0,0.0505,1050542828
0,0.0505,1137406009
0,0.0506,800590
0,0.0506,804639
0,0.0506,817670
0,0.0506,956305
0,0.0506,105856729
0,0.0507,12065
0,0.0507,28633
0,0.0507,800376
0,0.0509,10394
0,0.0509,15192
0,0.0509,234890
0,0.0509,800392
0,0.0509,803619
0,0.0509,806013
0,0.0510,23826
0,0.0510,804350
0,0.0511,517852
0,0.0511,521206
0,0.0511,525441
0,0.0511,800056
0,0.0511,800809
0,0.0511,801816
0,0.0511,805817
0,0.0511,822772
0,0.0512,253904
0,0.0512,804090
0,0.0512,823262
0,0.0513,234890
0,0.0513,515072
0,0.0513,517847
0,0.0514,13363
0,0.0514,807359
0,0.0514,317157307
0,0.0514,1050014552
0,0.0515,801077
0,0.0515,828718
0,0.0515,903085
0,0.0516,364582
0,0.0516,518309
0,0.0516,956305
0,0.0517,11414
0,0.0517,184114
0,0.0517,817565
0,0.0517,825184
0,0.0519,21692
0,0.0519,24246
0,0.0519,800145
0,0.0519,800181
0,0.0519,801295
0,0.0519,801895
0,0.0519,830295
0,0.0519,900035
0,0.0520,11659
0,0.0520,800718
0,0.0521,801516
0,0.0521,817670
0,0.0521,819387
0,0.0521,903727
0,0.0522,800178
0,0.0522,801503
0,0.0522,819656
0,0.0522,905247
0,0.0522,929472
0,0.0522,936341
0,0.0523,803766
0,0.0524,10336
0,0.0524,802307
0,0.0524,804154
0,0.0524,804500
0,0.0524,816644
0,0.0524,820271
0,0.0525,10692
0,0.0525,517847
0,0.0525,800062
0,0.0525,804949
0,0.0525,905385
0,0.0526,801247
0,0.0526,804009
0,0.0527,14428
0,0.0527,14863
0,0.0527,22356
0,0.0527,166368
0,0.0527,801919
0,0.0527,803174
0,0.0528,18278
0,0.0528,800048
0,0.0528,800134
0,0.0528,801021
0,0.0528,802304
0,0.0528,805489
0,0.0528,820434
0,0.0528,908951
0,0.0529,15680
0,0.0529,804644
0,0.0529,818987
0,0.0529,830333
0,0.0529,1053174360
0,0.0530,11357
0,0.0530,441056
0,0.0530,800847
0,0.0530,802871
0,0.0531,12590
0,0.0531,15110
0,0.0531,800317
0,0.0531,803360
0,0.0531,803440
0,0.0531,805167
0,0.0531,820146
0,0.0531,904983
0,0.0532,26455
0,0.0532,353032
0,0.0532,800890
0,0.0532,800917
0,0.0532,801100
0,0.0532,801245
0,0.0532,803438
0,0.0532,903852
0,0.0532,935007
0,0.0532,1111554233
0,0.0533,518938
0,0.0533,804559
0,0.0533,903455
0,0.0533,105856729
0,0.0533,711866623
0,0.0534,15310
0,0.0534,800241
0,0.0534,803290
0,0.0534,805632
0,0.0535,10165
0,0.0535,148994
0,0.0535,234867
0,0.0535,513968
0,0.0535,802381
0,0.0535,118002941
0,0.0536,10109
0,0.0536,12123
0,0.0536,14539
0,0.0536,800505
0,0.0536,935000
0,0.0537,54011
0,0.0537,800876
0,0.0537,802368
0,0.0538,167019
0,0.0538,801662
0,0.0538,803012
0,0.0538,848955
0,0.0539,11604
0,0.0539,12724
0,0.0539,23654
0,0.0539,803017
0,0.0539,805148
0,0.0539,822772
0,0.0539,1111554233
0,0.0540,117817
0,0.0540,441056
0,0.0540,807167
0,0.0541,13760
0,0.0541,470711
0,0.0541,802544
0,0.0541,803997
0,0.0541,830025
0,0.0542,15828
0,0.0542,800496
0,0.0542,800724
0,0.0542,802223
0,0.0542,810618
0,0.0542,811823
0,0.0543,15689
0,0.0543,519365
0,0.0543,800158
0,0.0543,800927
0,0.0543,803048
0,0.0544,13877
0,0.0544,804180
0,0.0544,820271
0,0.0544,903587
0,0.0544,946767
0,0.0545,14134
0,0.0545,800397
0,0.0545,803013
0,0.0545,864655
0,0.0545,107629970
0,0.0546,10167
0,0.0546,12500
0,0.0546,26284
0,0.0546,242405
0,0.0546,820943
0,0.0546,839612
0,0.0547,16370
0,0.0547,817218
0,0.0548,11405
0,0.0548,470711
0,0.0548,521675
0,0.0548,806253
0,0.0548,817096
0,0.0548,821882
0,0.0549,11131
0,0.0549,17322
0,0.0549,800343
0,0.0549,803929
0,0.0549,806623
0,0.0549,827502
0,0.0549,1053174360
0,0.0550,14997
0,0.0550,27975
0,0.0550,518937
0,0.0550,803804
0,0.0550,817453
0,0.0550,902553
0,0.0551,15602
0,0.0551,800906
0,0.0551,801257
0,0.0551,804958
0,0.0551,810586
0,0.0552,800606
0,0.0552,805517
0,0.0553,10967
0,0.0553,13179
0,0.0553,18940
0,0.0553,515520
0,0.0553,800126
0,0.0553,800323
0,0.0553,800554
0,0.0553,800856
0,0.0553,819387
0,0.0553,933157
0,0.0554,800070
0,0.0554,904122
0,0.0555,10935
0,0.0555,45118
0,0.0555,804003
0,0.0555,804770
0,0.0555,805244
0,0.0555,807924
0,0.0555,907256
0,0.0556,12976
0,0.0556,529811
0,0.0556,801071
0,0.0556,801292
0,0.0556,801970
0,0.0556,802120
0,0.0556,802554
0,0.0556,804588
0,0.0556,829341
0,0.0557,10138
0,0.0557,11377
0,0.0557,20077
0,0.0557,800190
0,0.0557,801366
0,0.0557,803599
0,0.0557,804696
0,0.0557,903086
0,0.0558,11006
0,0.0558,12910
0,0.0558,126727
0,0.0558,520863
0,0.0558,800684
0,0.0558,800910
0,0.0558,802181
0,0.0558,812134
0,0.0558,816644
0,0.0558,818085
0,0.0558,825184
0,0.0559,13406
0,0.0559,529571
0,0.0559,800041
0,0.0559,801994
0,0.0559,805372
0,0.0560,14207
0,0.0560,16473
0,0.0560,523636
0,0.0560,804524
0,0.0560,821201
0,0.0560,830025
0,0.0561,12727
0,0.0561,513405
0,0.0561,818961
0,0.0561,831621
0,0.0562,800329
0,0.0562,801998
0,0.0562,804530
0,0.0563,14192
0,0.0563,24050
0,0.0563,522715
0,0.0563,804327
0,0.0563,804398
0,0.0564,10097
0,0.0564,12065
0,0.0564,12872
0,0.0564,804445
0,0.0564,806144
0,0.0564,825184
0,0.0564,842254
0,0.0565,800925
0,0.0565,821892
0,0.0565,822772
0,0.0565,906717
0,0.0566,11419
0,0.0566,12955
0,0.0566,521624
0,0.0566,981789985
0,0.0567,10215
0,0.0567,13004
0,0.0567,65472
0,0.0567,800258
0,0.0567,800262
0,0.0567,801492
0,0.0567,903604
0,0.0567,903643
0,0.0568,16707
0,0.0568,800752
0,0.0568,801658
0,0.0568,806500
0,0.0568,827678
0,0.0568,118002941
0,0.0569,13984
0,0.0569,39880
0,0.0569,234867
0,0.0569,516170
0,0.0569,801021
0,0.0569,817974
0,0.0569,902343
0,0.0569,932796
0,0.0570,219189
0,0.0570,519367
0,0.0570,803982
0,0.0570,809979
0,0.0570,811623
0,0.0571,10856
0,0.0571,817684
0,0.0572,16493
0,0.0572,803857
0,0.0572,804840
0,0.0572,820146
0,0.0572,825184
0,0.0572,828718
0,0.0572,839612
0,0.0573,11066
0,0.0573,512390
0,0.0573,805234
0,0.0573,905284
0,0.0574,14428
0,0.0574,339863
0,0.0574,800159
0,0.0574,804850
0,0.0574,864655
0,0.0574,199328457
0,0.0574,1050014552
0,0.0575,800145
0,0.0575,800178
0,0.0575,806620
0,0.0575,822772
0,0.0575,910729
0,0.0575,981789985
0,0.0576,512887
0,0.0576,802044
0,0.0577,514483
0,0.0577,800084
0,0.0577,801916
0,0.0577,903280
0,0.0578,28633
0,0.0578,530154
0,0.0578,804456
0,0.0578,808803
0,0.0578,822728
0,0.0578,904400
0,0.0578,941319
0,0.0579,10941
0,0.0579,801295
0,0.0579,802039
0,0.0579,956328
0,0.0580,14428
0,0.0580,801848
0,0.0580,803129
0,0.0580,809980
0,0.0580,811623
0,0.0580,906554
0,0.0580,908951
0,0.0581,22356
0,0.0581,803014
0,0.0581,827683
0,0.0581,909608
0,0.0582,800111
0,0.0582,804823
0,0.0582,820943
0,0.0582,821311
0,0.0583,18303
0,0.0583,801467
0,0.0583,903455
0,0.0584,10959
0,0.0584,184114
0,0.0584,810291
0,0.0584,903425
0,0.0585,821058
0,0.0585,823205
0,0.0585,906378
0,0.0585,907978
0,0.0586,23826
0,0.0586,523772
0,0.0586,801140
0,0.0586,802964
0,0.0586,805335
0,0.0586,831621
0,0.0586,900035
0,0.0586,940638
0,0.0587,167019
0,0.0587,800167
0,0.0587,806083
0,0.0587,806141
0,0.0587,807047
0,0.0587,818085
0,0.0587,903852
0,0.0588,11765
0,0.0588,148994
0,0.0588,800928
0,0.0588,804001
0,0.0588,806431
0,0.0588,936524
0,0.0589,12206
0,0.0589,27341
0,0.0589,291345
0,0.0589,800851
0,0.0589,903654
0,0.0589,906956
0,0.0590,17878
0,0.0590,800212
0,0.0590,800323
0,0.0590,807146
0,0.0590,817218
0,0.0590,907554
0,0.0591,10537
0,0.0591,12830
0,0.0591,800342
0,0.0591,800804
0,0.0591,802118
0,0.0591,823205
0,0.0592,807799
0,0.0592,829714
0,0.0593,10184
0,0.0593,17909
0,0.0593,166368
0,0.0593,516514
0,0.0593,800190
0,0.0593,800606
0,0.0593,800718
0,0.0593,824830
0,0.0593,908017
0,0.0594,117817
0,0.0594,803049
0,0.0595,801507
0,0.0595,804901
0,0.0596,18889
0,0.0596,800743
0,0.0596,800847
0,0.0596,802860
0,0.0596,803683
0,0.0596,804532
0,0.0596,819089
0,0.0596,906520
0,0.0597,10898
0,0.0597,515072
0,0.0597,830025
0,0.0597,830766
0,0.0597,906635
0,0.0597,934454
0,0.0598,801895
0,0.0598,904184
0,0.0598,907468
0,0.0599,800917
0,0.0599,802164
0,0.0599,807825
0,0.0599,903642
0,0.0600,12348
0,0.0600,804556
0,0.0600,805899
0,0.0601,10872
0,0.0601,800906
0,0.0601,935000
0,0.0601,199328457
0,0.0602,10692
0,0.0602,519947
0,0.0602,801304
0,0.0602,804448
0,0.0602,107629970
0,0.0603,10830
0,0.0603,59853
0,0.0603,803320
0,0.0603,828126
0,0.0603,909231
0,0.0604,801974
0,0.0604,809081
0,0.0605,24246
0,0.0605,800762
0,0.0605,802549
0,0.0605,803589
0,0.0606,10394
0,0.0606,10831
0,0.0606,512825
0,0.0606,800447
0,0.0606,800496
0,0.0606,801100
0,0.0606,810388
0,0.0606,814353
0,0.0606,821729
0,0.0606,904043
0,0.0607,801137
0,0.0607,816439
0,0.0607,952874
0,0.0607,118002941
0,0.0608,519724
0,0.0608,800397
0,0.0608,805632
0,0.0608,825184
0,0.0609,11288
0,0.0609,258819
0,0.0609,800412
0,0.0609,800504
0,0.0609,801113
0,0.0609,801310
0,0.0610,21849
0,0.0610,339863
0,0.0610,800241
0,0.0610,801994
0,0.0610,804003
0,0.0610,827502
0,0.0611,13201
0,0.0611,946767
0,0.0612,804524
0,0.0612,804559
0,0.0612,952874
0,0.0612,954981
0,0.0613,11410
0,0.0613,800376
0,0.0613,803721
0,0.0613,804132
0,0.0613,804538
0,0.0613,806623
0,0.0613,819656
0,0.0614,518938
0,0.0614,802958
0,0.0614,804644
0,0.0614,825184
0,0.0615,511797
0,0.0615,558854
0,0.0615,802554
0,0.0615,902501
0,0.0616,54246
0,0.0616,517847
0,0.0616,800724
0,0.0616,803326
0,0.0616,804840
0,0.0616,804850
0,0.0616,810618
0,0.0616,817047
0,0.0616,823205
0,0.0616,954981
0,0.0617,19998
0,0.0617,512118
0,0.0617,800145
0,0.0617,804588
0,0.0617,811823
0,0.0617,824830
0,0.0617,107629970
0,0.0618,86646
0,0.0618,804770
0,0.0618,816323
0,0.0618,903086
0,0.0618,106822444
0,0.0619,512077
0,0.0619,800178
0,0.0619,956328
0,0.0620,11006
0,0.0620,12252
0,0.0620,17093
0,0.0620,801071
0,0.0620,805227
0,0.0620,820271
0,0.0620,830295
0,0.0621,517852
0,0.0621,519365
0,0.0621,800890
0,0.0621,805137
0,0.0621,806245
0,0.0621,821729
0,0.0622,253904
0,0.0622,800317
0,0.0622,818200
0,0.0622,946767
0,0.0622,956305
0,0.0623,15212
0,0.0623,22356
0,0.0623,125060
0,0.0623,183736
0,0.0623,802399
0,0.0623,810492
0,0.0623,820146
0,0.0624,11659
0,0.0624,14697
0,0.0624,821311
0,0.0624,908951
0,0.0625,11900
0,0.0625,20705
0,0.0625,353032
0,0.0625,392714
0,0.0625,518938
0,0.0625,801085
0,0.0625,802544
0,0.0625,802662
0,0.0625,817218
0,0.0625,906717
0,0.0626,14997
0,0.0626,520388
0,0.0626,801998
0,0.0626,1137406009
0,0.0627,804327
0,0.0628,12232
0,0.0628,12908
0,0.0628,803813
0,0.0628,804154
0,0.0629,11332
0,0.0629,13084
0,0.0629,802405
0,0.0629,902445
0,0.0629,903455
0,0.0629,1050542828
0,0.0630,23654
0,0.0630,801500
0,0.0630,827683
0,0.0631,10411
0,0.0631,803013
0,0.0632,802223
0,0.0632,802768
0,0.0632,823869
0,0.0632,905068
0,0.0633,63923
0,0.0633,555726
0,0.0633,801027
0,0.0633,804301
0,0.0633,818961
0,0.0634,10763
0,0.0634,820174
0,0.0634,873387
0,0.0634,954981
0,0.0636,11054
0,0.0636,12065
0,0.0636,327169
0,0.0636,525960
0,0.0636,801848
0,0.0636,801970
0,0.0636,802039
0,0.0636,809710
0,0.0636,828718
0,0.0636,848955
0,0.0637,12086
0,0.0637,32651
0,0.0637,801163
0,0.0637,803048
0,0.0638,519818
0,0.0638,521928
0,0.0638,801212
0,0.0638,817670
0,0.0639,13501
0,0.0639,54246
0,0.0639,519132
0,0.0639,800056
0,0.0639,801125
0,0.0639,902553
0,0.0640,13007
0,0.0640,19541
0,0.0640,520641
0,0.0640,800743
0,0.0640,805532
0,0.0640,956310
0,0.0640,107629970
0,0.0641,800892
0,0.0641,800928
0,0.0641,821729
0,0.0642,10238
0,0.0642,14664
0,0.0642,115460
0,0.0642,520117
0,0.0642,908183
0,0.0643,13984
0,0.0643,219189
0,0.0643,800181
0,0.0643,800847
0,0.0643,800859
0,0.0643,800949
0,0.0643,801412
0,0.0643,829714
0,0.0643,1050014552
0,0.0644,11497
0,0.0644,20277
0,0.0644,126727
0,0.0644,512002
0,0.0644,804500
0,0.0645,801752
0,0.0645,804003
0,0.0645,805023
0,0.0645,830766
0,0.0646,24050
0,0.0646,27975
0,0.0646,520177
0,0.0646,800311
0,0.0646,810638
0,0.0646,816644
0,0.0646,903727
0,0.0646,906612
0,0.0647,11028
0,0.0647,17706
0,0.0647,801994
0,0.0647,802549
0,0.0647,956305
0,0.0648,184114
0,0.0648,513174
0,0.0648,801629
0,0.0648,803670
0,0.0648,821882
0,0.0649,10338
0,0.0649,38847
0,0.0649,54246
0,0.0649,800703
0,0.0649,801350
0,0.0649,806083
0,0.0650,10457
0,0.0650,11618
0,0.0650,15680
0,0.0650,87645
0,0.0650,807047
0,0.0650,821311
0,0.0651,12724
0,0.0651,525958
0,0.0651,800606
0,0.0651,801455
0,0.0651,802554
0,0.0651,804524
0,0.0651,805207
0,0.0651,805489
0,0.0651,903852
0,0.0651,907978
0,0.0651,1050443274
0,0.0652,11402
0,0.0652,99329
0,0.0652,801214
0,0.0652,804588
0,0.0652,804770
0,0.0652,806013
0,0.0652,809081
0,0.0653,800048
0,0.0653,800496
0,0.0653,801387
0,0.0653,815571
0,0.0653,903086
0,0.0654,12206
0,0.0654,16473
0,0.0654,34667
0,0.0654,513054
0,0.0655,10704
0,0.0655,11447
0,0.0655,529811
0,0.0655,802453
0,0.0655,817974
0,0.0655,956305
0,0.0656,10285
0,0.0656,12786
0,0.0657,803683
0,0.0657,929514
0,0.0658,30016
0,0.0658,518937
0,0.0658,830295
0,0.0658,902704
0,0.0658,908017
0,0.0658,1053174360
0,0.0658,1137406009
0,0.0659,11723
0,0.0659,14559
0,0.0659,392714
0,0.0660,15110
0,0.0660,21823
0,0.0660,800397
0,0.0660,803052
0,0.0660,805026
0,0.0660,903654
0,0.0660,936341
0,0.0661,800718
0,0.0661,821892
0,0.0661,906635
0,0.0661,935007
0,0.0662,11377
0,0.0662,11455
0,0.0662,800771
0,0.0662,804723
0,0.0662,804840
0,0.0662,823598
0,0.0662,903317
0,0.0662,904400
0,0.0662,199328457
0,0.0663,14907
0,0.0663,515775
0,0.0663,801295
0,0.0663,807146
0,0.0664,804958
0,0.0664,821729
0,0.0664,905899
0,0.0664,907468
0,0.0664,907554
0,0.0664,932796
0,0.0664,936341
0,0.0664,761298433
0,0.0665,519131
0,0.0665,804850
0,0.0665,807825
0,0.0666,10804
0,0.0666,11948
0,0.0666,15689
0,0.0666,805165
0,0.0666,930997
0,0.0667,11955
0,0.0667,234867
0,0.0667,842254
0,0.0668,17695
0,0.0668,816439
0,0.0668,932322
0,0.0669,534301
0,0.0669,903425
0,0.0670,11410
0,0.0670,14207
0,0.0670,54011
0,0.0670,805152
0,0.0671,10323
0,0.0671,11726
0,0.0671,521190
0,0.0671,803033
0,0.0671,804593
0,0.0671,824034
0,0.0671,952874
0,0.0672,12348
0,0.0672,516170
0,0.0672,521624
0,0.0672,805335
0,0.0672,906378
0,0.0673,11208
0,0.0673,800856
0,0.0673,805899
0,0.0673,811034
0,0.0673,830333
0,0.0673,932321
0,0.0674,11405
0,0.0674,339863
0,0.0674,515072
0,0.0674,800183
0,0.0674,817261
0,0.0674,821236
0,0.0674,873387
0,0.0675,807534
0,0.0675,820146
0,0.0675,1137406009
0,0.0676,10048
0,0.0676,900035
0,0.0676,904043
0,0.0676,1137406009
0,0.0677,12830
0,0.0677,13182
0,0.0677,54011
0,0.0677,800212
0,0.0677,820323
0,0.0677,824830
0,0.0678,12252
0,0.0678,16274
0,0.0678,16781
0,0.0678,19255
0,0.0678,801848
0,0.0678,805444
0,0.0679,519865
0,0.0679,800213
0,0.0680,11201
0,0.0680,12278
0,0.0680,21637
0,0.0680,519132
0,0.0680,802039
0,0.0680,827678
0,0.0681,10497
0,0.0681,803804
0,0.0681,806628
0,0.0681,810169
0,0.0681,823205
0,0.0681,825184
0,0.0682,11634
0,0.0682,50595
0,0.0682,800928
0,0.0682,842520
0,0.0682,934454
0,0.0682,1050045395
0,0.0683,14435
0,0.0683,801673
0,0.0683,801755
0,0.0683,802099
0,0.0684,19290
0,0.0684,523636
0,0.0684,800743
0,0.0685,17244
0,0.0685,24016
0,0.0685,26455
0,0.0685,818961
0,0.0685,830025
0,0.0686,16707
0,0.0686,19618
0,0.0686,805244
0,0.0686,828718
0,0.0686,954670
0,0.0687,24246
0,0.0687,167019
0,0.0687,518938
0,0.0687,820146
0,0.0688,13724
0,0.0688,14259
0,0.0688,70088
0,0.0688,148994
0,0.0688,520367
0,0.0688,801246
0,0.0688,801415
0,0.0688,801616
0,0.0688,803129
0,0.0689,10537
0,0.0689,19306
0,0.0689,800892
0,0.0689,801895
0,0.0689,801998
0,0.0689,810090
0,0.0689,816644
0,0.0689,824034
0,0.0690,11066
0,0.0690,47922
0,0.0690,801245
0,0.0690,804644
0,0.0691,27725
0,0.0691,523772
0,0.0691,800876
0,0.0691,800949
0,0.0691,803922
0,0.0691,806322
0,0.0691,811171
0,0.0691,908745
0,0.0692,10971
0,0.0692,11670
0,0.0692,19615
0,0.0692,529571
0,0.0692,530154
0,0.0692,800787
0,0.0692,801507
0,0.0692,806281
0,0.0692,817089
0,0.0692,906365
0,0.0692,353379798
0,0.0693,25552
0,0.0693,531708
0,0.0693,823262
0,0.0694,41801
0,0.0694,801143
0,0.0694,804949
0,0.0694,820174
0,0.0694,907761
0,0.0695,23212
0,0.0695,327169
0,0.0695,518309
0,0.0695,519817
0,0.0695,803017
0,0.0695,803982
0,0.0696,11288
0,0.0696,358032
0,0.0696,802392
0,0.0696,803929
0,0.0696,902520
0,0.0697,828718
0,0.0698,518938
0,0.0698,519228
0,0.0698,821311
0,0.0699,14863
0,0.0699,58481
0,0.0699,516680
0,0.0699,800724
0,0.0699,810910
0,0.0699,817096
0,0.0699,823205
0,0.0700,10166
0,0.0700,10959
0,0.0700,12513
0,0.0700,16862
0,0.0700,67864
0,0.0700,800890
0,0.0701,12500
0,0.0701,801088
0,0.0701,802544
0,0.0701,806613
0,0.0701,816439
0,0.0701,817565
0,0.0701,903330
0,0.0701,934591
0,0.0702,15905
0,0.0702,21778
0,0.0702,36704
0,0.0702,800317
0,0.0702,801258
0,0.0702,954981
0,0.0703,17420
0,0.0703,327169
0,0.0703,805227
0,0.0703,818987
0,0.0704,28653
0,0.0704,28901
0,0.0704,54440
0,0.0704,219189
0,0.0704,801816
0,0.0704,936341
0,0.0705,14539
0,0.0705,26862
0,0.0705,27893
0,0.0705,800412
0,0.0705,903450
0,0.0705,904319
0,0.0706,12686
0,0.0706,13613
0,0.0706,802139
0,0.0706,810492
0,0.0706,904183
0,0.0707,10527
0,0.0707,19616
0,0.0707,511797
0,0.0707,516796
0,0.0707,800539
0,0.0707,804288
0,0.0708,12086
0,0.0708,16063
0,0.0708,520115
0,0.0708,800676
0,0.0709,10763
0,0.0709,513968
0,0.0709,800330
0,0.0709,801970
0,0.0709,803689
0,0.0709,812125
0,0.0709,820943
0,0.0710,14234
0,0.0710,18597
0,0.0710,22047
0,0.0710,515015
0,0.0710,525441
0,0.0710,803440
0,0.0711,13406
0,0.0711,15828
0,0.0711,801113
0,0.0711,804154
0,0.0711,954981
0,0.0712,12299
0,0.0712,21688
0,0.0712,31330
0,0.0712,40591
0,0.0712,520117
0,0.0712,803599
0,0.0712,804327
0,0.0712,821882
0,0.0713,11770
0,0.0713,13860
0,0.0713,801252
0,0.0713,811994
0,0.0713,823869
0,0.0714,11440
0,0.0714,12447
0,0.0714,20594
0,0.0714,21527
0,0.0714,392714
0,0.0714,801085
0,0.0714,802951
0,0.0714,807787
0,0.0714,814625
0,0.0714,816323
0,0.0715,11332
0,0.0715,13760
0,0.0715,522706
0,0.0715,800181
0,0.0715,805817
0,0.0715,807924
0,0.0716,10935
0,0.0716,805532
0,0.0716,935007
0,0.0716,199328457
0,0.0717,12872
0,0.0717,15192
0,0.0717,522335
0,0.0717,801841
0,0.0717,804132
0,0.0717,811623
0,0.0717,902553
0,0.0718,10411
0,0.0718,100006
0,0.0718,800070
0,0.0718,801214
0,0.0718,803561
0,0.0718,107629970
0,0.0719,12264
0,0.0719,30660
0,0.0719,803164
0,0.0720,512077
0,0.0720,800646
0,0.0721,24050
0,0.0721,28602
0,0.0721,800126
0,0.0721,803048
0,0.0721,816644
0,0.0721,908143
0,0.0721,711866623
0,0.0721,981789985
0,0.0722,10097
0,0.0722,339863
0,0.0722,800376
0,0.0722,802506
0,0.0722,820146
0,0.0723,22058
0,0.0723,90885
0,0.0723,801437
0,0.0723,805489
0,0.0723,903280
0,0.0724,10394
0,0.0724,1050014552
0,0.0725,10138
0,0.0725,13084
0,0.0725,14869
0,0.0725,803683
0,0.0725,807799
0,0.0725,820943
0,0.0725,824034
0,0.0725,107629970
0,0.0725,1050687371
0,0.0726,14997
0,0.0726,15237
0,0.0726,525960
0,0.0726,800134
0,0.0726,800345
0,0.0726,905385
0,0.0727,353032
0,0.0727,521406
0,0.0727,801598
0,0.0727,803014
0,0.0727,825991
0,0.0728,817565
0,0.0728,908745
0,0.0729,10370
0,0.0729,800291
0,0.0729,813633
0,0.0729,873387
0,0.0729,902446
0,0.0730,11131
0,0.0730,800056
0,0.0730,800976
0,0.0730,818961
0,0.0730,828718
0,0.0731,11087
0,0.0731,21730
0,0.0731,22356
0,0.0731,800258
0,0.0731,801500
0,0.0731,804063
0,0.0731,822772
0,0.0732,30930
0,0.0732,520646
0,0.0732,801077
0,0.0732,801111
0,0.0732,801508
0,0.0732,839612
0,0.0732,936524
0,0.0733,10026
0,0.0733,10967
0,0.0733,52665
0,0.0733,933157
0,0.0734,11001
0,0.0734,26284
0,0.0734,801257
0,0.0734,802768
0,0.0734,827678
0,0.0735,13007
0,0.0735,513831
0,0.0735,520816
0,0.0735,523602
0,0.0735,801503
0,0.0735,902875
0,0.0735,903425
0,0.0736,10253
0,0.0736,800020
0,0.0736,800554
0,0.0736,800586
0,0.0736,800897
0,0.0736,802328
0,0.0736,820271
0,0.0737,10510
0,0.0737,10898
0,0.0737,164190
0,0.0737,800461
0,0.0737,801047
0,0.0737,801865
0,0.0737,803013
0,0.0737,913939
0,0.0738,11054
0,0.0738,839612
0,0.0738,902880
0,0.0739,10872
0,0.0739,521028
0,0.0739,800800
0,0.0739,801658
0,0.0739,802390
0,0.0739,802450
0,0.0740,12194
0,0.0740,13454
0,0.0740,20530
0,0.0740,523843
0,0.0740,801295
0,0.0740,801397
0,0.0740,864655
0,0.0740,903727
0,0.0740,955135
0,0.0741,10338
0,0.0741,11377
0,0.0741,515072
0,0.0741,800212
0,0.0741,802099
0,0.0741,802223
0,0.0741,802315
0,0.0741,803052
0,0.0741,829341
0,0.0741,842520
0,0.0741,904161
0,0.0742,16986
0,0.0742,800213
0,0.0742,906717
0,0.0743,12123
0,0.0743,63539
0,0.0743,522387
0,0.0743,801246
0,0.0743,801455
0,0.0743,802181
0,0.0743,802675
0,0.0743,809712
0,0.0743,820434
0,0.0743,956323
0,0.0743,981789985
0,0.0744,801998
0,0.0744,803077
0,0.0744,821236
0,0.0745,10617
0,0.0745,28929
0,0.0745,800718
0,0.0745,801710
0,0.0745,903654
0,0.0746,18134
0,0.0746,801895
0,0.0747,14664
0,0.0747,16569
0,0.0747,555871
0,0.0747,805208
0,0.0747,839612
0,0.0748,16026
0,0.0748,16369
0,0.0748,800062
0,0.0748,107629970
0,0.0749,16370
0,0.0749,800856
0,0.0749,848264
0,0.0750,327169
0,0.0750,805446
0,0.0750,902512
0,0.0751,12976
0,0.0751,800048
0,0.0751,800402
0,0.0751,800430
0,0.0751,802453
0,0.0751,830333
0,0.0751,904122
0,0.0751,932322
0,0.0752,24451
0,0.0752,27478
0,0.0752,27975
0,0.0752,800002
0,0.0752,811786
0,0.0752,932796
0,0.0753,17378
0,0.0753,36691
0,0.0753,517847
0,0.0753,525958
0,0.0753,800505
0,0.0753,800687
0,0.0753,800771
0,0.0753,823205
0,0.0754,800111
0,0.0754,800397
0,0.0754,902280
0,0.0755,12825
0,0.0755,801752
0,0.0755,802544
0,0.0755,803924
0,0.0756,800876
0,0.0756,804851
0,0.0756,904183
0,0.0757,23826
0,0.0757,807359
0,0.0757,816113
0,0.0757,842520
0,0.0758,10336
0,0.0758,800890
0,0.0758,903604
0,0.0759,14863
0,0.0759,15190
0,0.0759,17472
0,0.0759,24246
0,0.0759,38942
0,0.0759,559141
0,0.0759,818370
0,0.0759,821236
0,0.0759,827678
0,0.0759,906612
0,0.0760,11497
0,0.0760,13179
0,0.0760,38926
0,0.0760,800910
0,0.0760,803197
0,0.0760,954670
0,0.0761,39880
0,0.0761,800946
0,0.0761,804530
0,0.0761,903533
0,0.0762,258819
0,0.0762,800125
0,0.0762,801507
0,0.0762,801616
0,0.0763,800561
0,0.0763,817089
0,0.0763,825184
0,0.0763,849272
0,0.0763,904184
0,0.0763,904980
0,0.0764,11145
0,0.0764,800041
0,0.0764,800291
0,0.0764,800724
0,0.0764,801251
0,0.0764,804003
0,0.0764,804398
0,0.0764,805244
0,0.0764,807275
0,0.0764,946767
0,0.0765,10202
0,0.0765,11155
0,0.0765,11419
0,0.0765,802368
0,0.0765,805797
0,0.0765,816323
0,0.0765,829341
0,0.0766,801366
0,0.0766,902520
0,0.0766,954981
0,0.0767,10294
0,0.0767,11228
0,0.0767,518937
0,0.0767,801356
0,0.0767,811623
0,0.0767,820191
0,0.0767,821058
0,0.0768,19306
0,0.0768,800716
0,0.0768,804513
0,0.0768,818961
0,0.0768,929612
0,0.0768,946767
0,0.0769,10069
0,0.0769,806144
0,0.0769,817261
0,0.0769,821892
0,0.0769,903495
0,0.0770,10057
0,0.0770,10215
0,0.0770,800202
0,0.0770,800364
0,0.0770,804557
0,0.0770,903602
0,0.0770,1053174360
0,0.0771,801404
0,0.0771,802662
0,0.0771,802958
0,0.0771,804445
0,0.0771,806037
0,0.0771,811623
0,0.0771,905926
0,0.0771,1052043704
0,0.0772,800340
0,0.0772,802755
0,0.0772,806061
0,0.0772,825184
0,0.0772,903642
0,0.0772,936341
0,0.0772,1111554233
0,0.0773,10707
0,0.0773,12252
0,0.0773,16758
0,0.0773,801141
0,0.0773,801970
0,0.0774,14093
0,0.0774,820146
0,0.0775,10885
0,0.0775,10971
0,0.0775,11208
0,0.0775,12065
0,0.0775,28215
0,0.0775,803469
0,0.0775,804778
0,0.0775,804823
0,0.0775,821892
0,0.0775,903450
0,0.0775,907256
0,0.0776,15811
0,0.0776,518937
0,0.0777,10072
0,0.0777,12590
0,0.0777,13022
0,0.0777,18278
0,0.0777,63027
0,0.0777,242405
0,0.0777,804958
0,0.0777,818399
0,0.0777,818961
0,0.0777,827678
0,0.0777,935007
0,0.0778,10692
0,0.0778,12529
0,0.0778,512165
0,0.0778,518937
0,0.0778,524224
0,0.0778,803440
0,0.0778,806124
0,0.0778,821311
0,0.0778,902430
0,0.0778,904021
0,0.0778,931656
0,0.0779,10856
0,0.0779,13984
0,0.0779,519365
0,0.0779,800596
0,0.0779,814625
0,0.0779,815064
0,0.0780,517501
0,0.0780,800317
0,0.0780,803129
0,0.0780,804195
0,0.0780,806253
0,0.0780,811623
0,0.0780,828718
0,0.0781,12039
0,0.0781,26862
0,0.0781,35334
0,0.0781,521929
0,0.0781,800705
0,0.0781,804180
0,0.0781,805776
0,0.0781,806620
0,0.0781,818987
0,0.0782,10959
0,0.0782,11023
0,0.0782,30930
0,0.0782,41783
0,0.0782,811623
0,0.0782,817974
0,0.0782,820146
0,0.0783,14239
0,0.0783,14899
0,0.0783,22090
0,0.0783,83661
0,0.0783,801798
0,0.0783,805165
0,0.0784,16063
0,0.0784,392714
0,0.0784,800042
0,0.0784,801916
0,0.0785,518938
0,0.0785,848955
0,0.0785,914445
0,0.0786,10243
0,0.0786,10748
0,0.0786,11006
0,0.0786,14048
0,0.0786,234890
0,0.0786,517193
0,0.0786,520863
0,0.0786,903466
0,0.0787,10763
0,0.0787,523017
0,0.0787,800167
0,0.0787,804001
0,0.0787,819656
0,0.0787,903450
0,0.0787,903643
0,0.0788,10165
0,0.0788,11247
0,0.0788,12788
0,0.0788,821236
0,0.0788,981789985
0,0.0789,10663
0,0.0789,11295
0,0.0789,154893
0,0.0789,520177
0,0.0789,800434
0,0.0789,800511
0,0.0789,803804
0,0.0789,804500
0,0.0789,900035
0,0.0789,932321
0,0.0789,1050542828
0,0.0790,10672
0,0.0790,519514
0,0.0790,802854
0,0.0791,10166
0,0.0791,10289
0,0.0791,222154
0,0.0791,523482
0,0.0791,800221
0,0.0791,805608
0,0.0791,814353
0,0.0791,817089
0,0.0791,848264
0,0.0791,904898
0,0.0792,10184
0,0.0792,13201
0,0.0792,555472
0,0.0792,800553
0,0.0792,801467
0,0.0793,11604
0,0.0793,14779
0,0.0793,15189
0,0.0793,800111
0,0.0793,800372
0,0.0793,801611
0,0.0793,801816
0,0.0793,824034
0,0.0793,842520
0,0.0794,10776
0,0.0794,13004
0,0.0794,800800
0,0.0794,801189
0,0.0794,801632
0,0.0794,804335
0,0.0794,869499
0,0.0795,11375
0,0.0795,11947
0,0.0795,28131
0,0.0795,517501
0,0.0795,523037
0,0.0795,935007
0,0.0796,11266
0,0.0796,54011
0,0.0796,802964
0,0.0796,803997
0,0.0796,806013
0,0.0796,809980
0,0.0797,10205
0,0.0797,10323
0,0.0797,10489
0,0.0797,10794
0,0.0797,34402
0,0.0797,524415
0,0.0797,805651
0,0.0797,981789985
0,0.0798,10011
0,0.0798,800646
0,0.0798,903317
0,0.0798,904042
0,0.0799,11742
0,0.0799,13857
0,0.0799,800412
0,0.0799,800461
0,0.0799,801415
0,0.0799,803460
0,0.0799,904926
0,0.0799,954981
0,0.0800,11485
0,0.0800,154726
0,0.0800,800496
0,0.0801,11915
0,0.0801,801492
0,0.0801,802621
0,0.0801,824034
0,0.0801,903280
0,0.0802,12140
0,0.0802,518938
0,0.0802,524883
0,0.0802,802558
0,0.0802,821311
0,0.0802,848955
0,0.0802,317157307
0,0.0803,234867
0,0.0803,800228
0,0.0803,800422
0,0.0803,800722
0,0.0803,803982
0,0.0803,106822444
0,0.0804,10109
0,0.0804,14997
0,0.0804,537032
0,0.0804,800376
0,0.0805,14428
0,0.0805,24684
0,0.0805,801421
0,0.0805,805227
0,0.0806,817218
0,0.0806,956310
0,0.0807,10138
0,0.0807,11377
0,0.0807,24050
0,0.0807,26284
0,0.0807,44917
0,0.0807,800967
0,0.0807,800977
0,0.0807,802118
0,0.0807,820271
0,0.0807,904624
0,0.0808,10710
0,0.0808,11357
0,0.0808,800134
0,0.0808,800345
0,0.0808,804556
0,0.0808,806690
0,0.0808,817974
0,0.0808,830766
0,0.0808,902619
0,0.0808,903604
0,0.0809,11711
0,0.0809,521317
0,0.0810,12696
0,0.0810,13962
0,0.0810,23702
0,0.0810,828718
0,0.0811,521763
0,0.0811,523636
0,0.0812,521624
0,0.0812,800150
0,0.0812,820271
0,0.0813,10831
0,0.0813,12101
0,0.0813,14234
0,0.0813,26793
0,0.0813,515072
0,0.0813,903732
0,0.0813,905078
0,0.0813,956305
0,0.0813,107629970
0,0.0814,800175
0,0.0814,800343
0,0.0814,807207
0,0.0815,17878
0,0.0815,24246
0,0.0815,234867
0,0.0815,519724
0,0.0815,555837
0,0.0815,803929
0,0.0816,12043
0,0.0816,41534
0,0.0816,327169
0,0.0816,806141
0,0.0816,809393
0,0.0817,10682
0,0.0817,223783
0,0.0817,520816
0,0.0817,800126
0,0.0817,801865
0,0.0817,802423
0,0.0817,805757
0,0.0818,72215
0,0.0818,512881
0,0.0818,800578
0,0.0818,803316
0,0.0819,10394
0,0.0819,10434
0,0.0819,12046
0,0.0819,522335
0,0.0819,800455
0,0.0819,801273
0,0.0819,801673
0,0.0819,802044
0,0.0819,803575
0,0.0819,805517
0,0.0819,805790
0,0.0819,818961
0,0.0819,825184
0,0.0819,827502
0,0.0819,902790
0,0.0819,1052043704
0,0.0820,10253
0,0.0820,23826
0,0.0820,801246
0,0.0820,802181
0,0.0820,811623
0,0.0821,10935
0,0.0821,800258
0,0.0821,801617
0,0.0821,817565
0,0.0821,823262
0,0.0821,864655
0,0.0822,21527
0,0.0822,518937
0,0.0822,519896
0,0.0822,801252
0,0.0822,955284
0,0.0823,10748
0,0.0823,12650
0,0.0823,521675
0,0.0823,902483
0,0.0823,902553
0,0.0823,903727
0,0.0824,10033
0,0.0824,12913
0,0.0824,523017
0,0.0824,802853
0,0.0824,822772
0,0.0825,10908
0,0.0825,26455
0,0.0825,31034
0,0.0825,533431
0,0.0825,822772
0,0.0825,831621
0,0.0825,199328457
0,0.0826,12301
0,0.0826,14134
0,0.0826,512077
0,0.0826,800842
0,0.0826,819656
0,0.0826,830295
0,0.0826,936713
0,0.0827,10510
0,0.0827,11424
0,0.0827,800409
0,0.0827,801715
0,0.0827,856359
0,0.0827,1050014552
0,0.0828,10414
0,0.0828,18940
0,0.0828,800307
0,0.0828,800586
0,0.0828,801658
0,0.0828,824034
0,0.0829,523773
0,0.0829,527588
0,0.0829,805487
0,0.0829,903693
0,0.0830,800417
0,0.0830,903425
0,0.0830,929612
0,0.0830,1053174360
0,0.0831,11220
0,0.0831,11321
0,0.0831,13743
0,0.0831,16493
0,0.0831,800645
0,0.0831,801280
0,0.0831,801487
0,0.0831,802392
0,0.0832,10819
0,0.0832,11189
0,0.0832,11934
0,0.0832,13444
0,0.0832,16672
0,0.0832,520641
0,0.0832,800111
0,0.0832,821754
0,0.0833,30930
0,0.0833,536207
0,0.0834,10286
0,0.0834,10661
0,0.0834,16517
0,0.0834,512390
0,0.0834,520117
0,0.0834,800041
0,0.0834,802099
0,0.0834,803048
0,0.0834,803111
0,0.0834,803501
0,0.0834,821236
0,0.0834,824830
0,0.0834,1050045395
0,0.0835,11410
0,0.0835,11765
0,0.0835,14304
0,0.0835,521466
0,0.0835,800048
0,0.0835,800181
0,0.0835,809886
0,0.0836,20418
0,0.0836,1111554233
0,0.0837,10167
0,0.0837,11201
0,0.0837,12817
0,0.0837,800236
0,0.0837,805532
0,0.0837,816439
0,0.0838,10365
0,0.0838,11421
0,0.0838,12621
0,0.0838,13700
0,0.0838,13751
0,0.0838,27649
0,0.0838,519940
0,0.0838,1053174360
0,0.0839,11618
0,0.0839,12336
0,0.0839,28181
0,0.0839,521028
0,0.0839,521092
0,0.0839,800304
0,0.0839,803440
0,0.0840,10562
0,0.0840,10959
0,0.0840,12801
0,0.0840,13896
0,0.0840,20704
0,0.0840,339863
0,0.0840,801492
0,0.0840,801998
0,0.0840,802748
0,0.0840,904183
0,0.0841,10485
0,0.0841,27975
0,0.0841,513711
0,0.0841,519454
0,0.0841,801113
0,0.0841,848264
0,0.0841,907728
0,0.0842,10612
0,0.0842,11247
0,0.0842,11540
0,0.0842,15212
0,0.0842,17291
0,0.0842,19306
0,0.0842,48527
0,0.0842,515575
0,0.0842,517847
0,0.0842,802160
0,0.0842,946767
0,0.0843,10912
0,0.0843,11006
0,0.0843,18787
0,0.0843,517193
0,0.0843,800434
0,0.0843,810863
0,0.0843,317157307
0,0.0843,711866623
0,0.0844,10531
0,0.0844,11122
0,0.0844,11295
0,0.0844,11332
0,0.0844,13858
0,0.0844,35168
0,0.0844,519365
0,0.0844,816644
0,0.0844,1137406009
0,0.0845,12217
0,0.0845,84901
0,0.0845,513397
0,0.0845,523716
0,0.0845,525400
0,0.0845,817218
0,0.0845,831621
0,0.0846,10379
0,0.0846,11625
0,0.0846,13507
0,0.0846,13991
0,0.0846,514620
0,0.0846,800392
0,0.0846,800724
0,0.0846,816439
0,0.0846,869499
0,0.0847,10185
0,0.0847,10887
0,0.0847,12982
0,0.0847,15877
0,0.0847,37313
0,0.0847,802328
0,0.0847,805362
0,0.0847,816113
0,0.0848,10114
0,0.0848,10202
0,0.0848,10336
0,0.0848,12376
0,0.0848,75881
0,0.0848,353032
0,0.0848,513968
0,0.0849,10080
0,0.0849,12161
0,0.0849,13295
0,0.0849,15680
0,0.0849,16193
0,0.0849,20202
0,0.0849,34151
0,0.0849,39880
0,0.0849,805489
0,0.0849,830766
0,0.0849,904983
0,0.0850,10072
0,0.0850,18455
0,0.0850,555340
0,0.0850,802864
0,0.0850,817974
0,0.0850,934595
0,0.0850,1111554233
0,0.0851,10050
0,0.0851,10100
0,0.0851,12065
0,0.0851,13151
0,0.0851,1137406009
0,0.0852,10278
0,0.0852,10856
0,0.0852,18491
0,0.0852,522971
0,0.0852,801125
0,0.0852,801895
0,0.0852,849272
0,0.0853,10555
0,0.0853,219189
0,0.0853,800554
0,0.0853,801295
0,0.0853,803992
0,0.0853,804927
0,0.0853,828718
0,0.0853,105856729
0,0.0854,10554
0,0.0854,11401
0,0.0854,12452
0,0.0854,22120
0,0.0854,524883
0,0.0854,802164
0,0.0854,905210
0,0.0855,10299
0,0.0855,10967
0,0.0855,11131
0,0.0855,11742
0,0.0855,14115
0,0.0855,18659
0,0.0855,38847
0,0.0855,44325
0,0.0855,63923
0,0.0855,154893
0,0.0855,520081
0,0.0855,521061
0,0.0855,800718
0,0.0855,800809
0,0.0855,861290
0,0.0855,902446
0,0.0856,10035
0,0.0856,10120
0,0.0856,10184
0,0.0856,13264
0,0.0856,19619
0,0.0856,77377
0,0.0856,800056
0,0.0856,801479
0,0.0856,801580
0,0.0856,802407
0,0.0856,802964
0,0.0857,10460
0,0.0857,13984
0,0.0857,15783
0,0.0857,18559
0,0.0857,800907
0,0.0857,809979
0,0.0857,1050542828
0,0.0858,10289
0,0.0858,12292
0,0.0858,12947
0,0.0858,511797
0,0.0858,817089
0,0.0858,824830
0,0.0859,11012
0,0.0859,14024
0,0.0859,19612
0,0.0859,800062
0,0.0859,800719
0,0.0859,800890
0,0.0859,824830
0,0.0859,924901
0,0.0859,936341
0,0.0859,1053174360
0,0.0860,10368
0,0.0860,10385
0,0.0860,16370
0,0.0860,23524
0,0.0860,26455
0,0.0860,27478
0,0.0860,512273
0,0.0860,800536
0,0.0860,803333
0,0.0860,805682
0,0.0860,809464
0,0.0861,10175
0,0.0861,10663
0,0.0861,12030
0,0.0861,14357
0,0.0861,15064
0,0.0861,22641
0,0.0861,46691
0,0.0861,521698
0,0.0861,537899
0,0.0861,555238
0,0.0861,823205
0,0.0861,903604
0,0.0862,13698
0,0.0862,13854
0,0.0862,30641
0,0.0862,513425
0,0.0862,523712
0,0.0862,529349
0,0.0862,802544
0,0.0862,805244
0,0.0862,849272
0,0.0862,904122
0,0.0863,10323
0,0.0863,10799
0,0.0863,11661
0,0.0863,11900
0,0.0863,13030
0,0.0863,13631
0,0.0863,15947
0,0.0863,67384
0,0.0863,517500
0,0.0863,803561
0,0.0863,816113
0,0.0863,826503
0,0.0863,946767
0,0.0864,10069
0,0.0864,10168
0,0.0864,11288
0,0.0864,12086
0,0.0864,19850
0,0.0864,20683
0,0.0864,114715
0,0.0864,339863
0,0.0864,803425
0,0.0864,806286
0,0.0864,830333
0,0.0864,873387
0,0.0864,902796
0,0.0864,954670
0,0.0864,1052043704
0,0.0865,10914
0,0.0865,47523
0,0.0865,808519
0,0.0865,861290
0,0.0866,12205
0,0.0866,12777
0,0.0866,470711
0,0.0866,513405
0,0.0866,521305
0,0.0866,803524
0,0.0866,821311
0,0.0866,830766
0,0.0866,936773
0,0.0867,516599
0,0.0867,521317
0,0.0867,530702
0,0.0867,556773
0,0.0867,801616
0,0.0868,10011
0,0.0868,10097
0,0.0868,11005
0,0.0868,13642
0,0.0868,522465
0,0.0868,802223
0,0.0868,803013
0,0.0868,816439
0,0.0868,820174
0,0.0868,904639
0,0.0868,955284
0,0.0869,10852
0,0.0869,11532
0,0.0869,11590
0,0.0869,511757
0,0.0869,529516
0,0.0869,800576
0,0.0869,801598
0,0.0869,801933
0,0.0869,802461
0,0.0869,822728
0,0.0870,11038
0,0.0870,12123
0,0.0870,12590
0,0.0870,15850
0,0.0870,16646
0,0.0870,900035
0,0.0871,10469
0,0.0871,11368
0,0.0871,17015
0,0.0871,32615
0,0.0871,530154
0,0.0871,804063
0,0.0871,903339
0,0.0871,932796
0,0.0872,10203
0,0.0872,10432
0,0.0872,10794
0,0.0872,12097
0,0.0872,12405
0,0.0872,14539
0,0.0872,26862
0,0.0872,30930
0,0.0872,521122
0,0.0872,800291
0,0.0872,936341
0,0.0873,10166
0,0.0873,10433
0,0.0873,11830
0,0.0873,12976
0,0.0873,15685
0,0.0873,21693
0,0.0873,524470
0,0.0873,800317
0,0.0873,800894
0,0.0873,801500
0,0.0873,801970
0,0.0873,803310
0,0.0873,1053174360
0,0.0874,10815
0,0.0874,13400
0,0.0874,13643
0,0.0874,14486
0,0.0874,18134
0,0.0874,932684
0,0.0875,17902
0,0.0875,523329
0,0.0875,565685
0,0.0875,802450
0,0.0875,810586
0,0.0875,812134
0,0.0876,10652
0,0.0876,10677
0,0.0876,11180
0,0.0876,12067
0,0.0876,12730
0,0.0876,27262
0,0.0876,514483
0,0.0876,520390
0,0.0876,522440
0,0.0876,522763
0,0.0876,800876
0,0.0876,810345
0,0.0876,817096
0,0.0876,817684
0,0.0876,820191
0,0.0876,848264
0,0.0877,10187
0,0.0877,10617
0,0.0877,39382
0,0.0877,54514
0,0.0877,513831
0,0.0877,524156
0,0.0877,537032
0,0.0877,803599
0,0.0877,817670
0,0.0877,818085
0,0.0877,932322
0,0.0878,10735
0,0.0878,11806
0,0.0878,29639
0,0.0878,800377
0,0.0878,800586
0,0.0878,800771
0,0.0878,804288
0,0.0878,805992
0,0.0878,911639
0,0.0879,10750
0,0.0879,11723
0,0.0879,512060
0,0.0879,801164
0,0.0879,804195
0,0.0879,818987
0,0.0880,10093
0,0.0880,10447
0,0.0880,10807
0,0.0880,10854
0,0.0880,11071
0,0.0880,11637
0,0.0880,41598
0,0.0880,441056
0,0.0880,800230
0,0.0881,10044
0,0.0881,10692
0,0.0881,11428
0,0.0881,12363
0,0.0881,13515
0,0.0881,17593
0,0.0881,57240
0,0.0881,800116
0,0.0881,830025
0,0.0882,14018
0,0.0882,821882
0,0.0882,902880
0,0.0883,10672
0,0.0883,11155
0,0.0883,11354
0,0.0883,11915
0,0.0883,15888
0,0.0883,67889
0,0.0883,512662
0,0.0883,520439
0,0.0883,555472
0,0.0883,800722
0,0.0883,803589
0,0.0883,804538
0,0.0884,10294
0,0.0884,14046
0,0.0884,14694
0,0.0884,15304
0,0.0884,523843
0,0.0884,805817
0,0.0884,817047
0,0.0885,12723
0,0.0885,14140
0,0.0885,14387
0,0.0885,14412
0,0.0885,14644
0,0.0885,19327
0,0.0885,24136
0,0.0885,234890
0,0.0885,514021
0,0.0885,800141
0,0.0885,903602
0,0.0885,761298433
0,0.0886,10138
0,0.0886,12018
0,0.0886,12348
0,0.0886,13498
0,0.0886,15587
0,0.0886,36631
0,0.0887,18069
0,0.0887,26204
0,0.0887,111080
0,0.0887,515072
0,0.0887,802490
0,0.0887,803319
0,0.0887,815064
0,0.0887,819656
0,0.0887,903108
0,0.0887,935007
0,0.0888,10269
0,0.0888,11934
0,0.0888,13021
0,0.0888,13305
0,0.0888,13428
0,0.0888,14036
0,0.0888,16051
0,0.0888,219189
0,0.0888,512314
0,0.0888,800157
0,0.0888,818085
0,0.0889,10249
0,0.0889,10627
0,0.0889,11402
0,0.0889,14141
0,0.0889,17455
0,0.0889,25503
0,0.0889,26455
0,0.0889,174810
0,0.0889,512825
0,0.0889,800344
0,0.0889,801455
0,0.0890,10555
0,0.0890,11601
0,0.0890,11764
0,0.0890,12159
0,0.0890,12500
0,0.0890,12670
0,0.0890,13307
0,0.0890,15782
0,0.0890,17346
0,0.0890,219189
0,0.0890,817261
0,0.0890,905415
0,0.0891,10041
0,0.0891,10286
0,0.0891,11010
0,0.0891,11489
0,0.0891,13079
0,0.0891,20882
0,0.0891,905984
0,0.0892,10704
0,0.0892,11208
0,0.0892,12724
0,0.0892,14993
0,0.0892,16811
0,0.0892,79943
0,0.0892,512581
0,0.0892,533748
0,0.0892,801141
0,0.0892,802991
0,0.0892,905003
0,0.0892,906003
0,0.0893,10205
0,0.0893,10941
0,0.0893,12333
0,0.0893,19124
0,0.0893,63027
0,0.0893,523037
0,0.0893,800731
0,0.0894,10165
0,0.0894,10415
0,0.0894,10599
0,0.0894,12395
0,0.0894,15674
0,0.0894,26604
0,0.0894,37546
0,0.0894,512720
0,0.0894,523636
0,0.0894,802923
0,0.0894,804958
0,0.0894,813291
0,0.0894,821882
0,0.0894,905025
0,0.0895,10278
0,0.0895,10285
0,0.0895,10763
0,0.0895,10809
0,0.0895,11266
0,0.0895,13300
0,0.0895,13877
0,0.0895,15332
0,0.0895,520468
0,0.0895,521210
0,0.0895,521763
0,0.0895,805092
0,0.0895,810169
0,0.0895,820191
0,0.0895,849272
0,0.0896,10192
0,0.0896,10362
0,0.0896,11327
0,0.0896,13017
0,0.0896,16659
0,0.0896,18278
0,0.0896,37842
0,0.0896,508595
0,0.0896,533431
0,0.0896,556449
0,0.0896,804304
0,0.0896,908183
0,0.0896,981789985
0,0.0897,10050
0,0.0897,10371
0,0.0897,10414
0,0.0897,11319
0,0.0897,12115
0,0.0897,12706
0,0.0897,12788
0,0.0897,12999
0,0.0897,14200
0,0.0897,18364
0,0.0897,23762
0,0.0897,470711
0,0.0897,515289
0,0.0897,555473
0,0.0897,802768
0,0.0897,803869
0,0.0897,954670
0,0.0898,10322
0,0.0898,10510
0,0.0898,10691
0,0.0898,11770
0,0.0898,11932
0,0.0898,11948
0,0.0898,12183
0,0.0898,14239
0,0.0898,23165
0,0.0898,224753
0,0.0898,291345
0,0.0898,520883
0,0.0898,533590
0,0.0898,807924
0,0.0899,10475
0,0.0899,11455
0,0.0899,11955
0,0.0899,12151
0,0.0899,13406
0,0.0899,15117
0,0.0899,18838
0,0.0899,20418
0,0.0899,827678
0,0.0900,10196
0,0.0900,11401
0,0.0900,12650
0,0.0900,13740
0,0.0900,45311
0,0.0900,522828
0,0.0900,523564
0,0.0900,800111
0,0.0900,801143
0,0.0900,802806
0,0.0900,803765
0,0.0901,10202
0,0.0901,10959
0,0.0901,11030
0,0.0901,11310
0,0.0901,12301
0,0.0901,13360
0,0.0901,14664
0,0.0901,27336
0,0.0901,80808
0,0.0901,800842
0,0.0901,802734
0,0.0901,807854
0,0.0902,10122
0,0.0902,10318
0,0.0902,10394
0,0.0902,10924
0,0.0902,15828
0,0.0902,16334
0,0.0902,801273
0,0.0902,805187
0,0.0902,815064
0,0.0902,817047
0,0.0902,830766
0,0.0902,954670
0,0.0902,1137406009
0,0.0903,15881
0,0.0903,24246
0,0.0903,54246
0,0.0903,519616
0,0.0903,801816
0,0.0903,803566
0,0.0903,873387
0,0.0903,904957
0,0.0904,11742
0,0.0904,11876
0,0.0904,13288
0,0.0904,13878
0,0.0904,15535
0,0.0904,19195
0,0.0904,36691
0,0.0904,90661
0,0.0904,234890
0,0.0904,513202
0,0.0904,522354
0,0.0904,800273
0,0.0904,800461
0,0.0904,800474
0,0.0904,805512
0,0.0904,902520
0,0.0905,10114
0,0.0905,10289
0,0.0905,10816
0,0.0905,10830
0,0.0905,11515
0,0.0905,14186
0,0.0905,19632
0,0.0905,24050
0,0.0905,26455
0,0.0905,520590
0,0.0905,800898
0,0.0905,801855
0,0.0905,903330
0,0.0905,904101
0,0.0905,904657
0,0.0906,10100
0,0.0906,10110
0,0.0906,10719
0,0.0906,10837
0,0.0906,11142
0,0.0906,11161
0,0.0906,11849
0,0.0906,12209
0,0.0906,13084
0,0.0906,14309
0,0.0906,14997
0,0.0906,30660
0,0.0906,556450
0,0.0906,581219
0,0.0906,800391
0,0.0906,802765
0,0.0906,806628
0,0.0907,10707
0,0.0907,10985
0,0.0907,11113
0,0.0907,13969
0,0.0907,17004
0,0.0907,20780
0,0.0907,26284
0,0.0907,51658
0,0.0907,819656
0,0.0907,906819
0,0.0908,10048
0,0.0908,10185
0,0.0908,11982
0,0.0908,12830
0,0.0908,12978
0,0.0908,14133
0,0.0908,327169
0,0.0908,803342
0,0.0908,804326
0,0.0908,816323
0,0.0908,912966
0,0.0908,936524
0,0.0908,105856729
0,0.0908,1050014552
0,0.0909,10080
0,0.0909,12289
0,0.0909,13018
0,0.0909,13432
0,0.0909,32463
0,0.0909,234867
0,0.0909,521624
0,0.0909,526521
0,0.0909,527525
0,0.0909,801561
0,0.0909,802891
0,0.0909,805096
0,0.0909,806281
0,0.0909,861290
0,0.0909,902529
0,0.0909,903425
0,0.0909,907980
0,0.0909,936524
0,0.0910,10299
0,0.0910,11545
0,0.0910,12532
0,0.0910,13022
0,0.0910,98388
0,0.0910,525959
0,0.0910,533667
0,0.0910,559335
0,0.0910,801998
0,0.0910,804131
0,0.0910,804386
0,0.0910,1050542828
0,0.0911,10253
0,0.0911,10338
0,0.0911,10671
0,0.0911,11027
0,0.0911,11247
0,0.0911,11314
0,0.0911,11375
0,0.0911,11947
0,0.0911,14207
0,0.0911,15065
0,0.0911,17322
0,0.0911,519132
0,0.0911,529259
0,0.0911,800849
0,0.0911,803804
0,0.0911,1050542828
0,0.0912,10085
0,0.0912,10167
0,0.0912,11095
0,0.0912,11295
0,0.0912,11974
0,0.0912,26109
0,0.0912,165035
0,0.0912,516513
0,0.0912,519131
0,0.0912,522335
0,0.0912,522714
0,0.0912,801503
0,0.0912,801507
0,0.0912,801678
0,0.0912,801865
0,0.0912,802399
0,0.0912,802405
0,0.0912,821892
0,0.0912,955284
0,0.0912,711866623
0,0.0913,10302
0,0.0913,10856
0,0.0913,12679
0,0.0913,15105
0,0.0913,37190
0,0.0913,339863
0,0.0913,511862
0,0.0913,519705
0,0.0913,800587
0,0.0913,801755
0,0.0913,802147
0,0.0913,803033
0,0.0913,808105
0,0.0913,848955
0,0.0913,929612
0,0.0913,955284
0,0.0913,956305
0,0.0913,956323
0,0.0914,10003
0,0.0914,10072
0,0.0914,11419
0,0.0914,12519
0,0.0914,519896
0,0.0914,529512
0,0.0914,803017
0,0.0914,804679
0,0.0914,805363
0,0.0914,830025
0,0.0915,10101
0,0.0915,11189
0,0.0915,11540
0,0.0915,12084
0,0.0915,12733
0,0.0915,13363
0,0.0915,13404
0,0.0915,13924
0,0.0915,37363
0,0.0915,43756
0,0.0915,44903
0,0.0915,520341
0,0.0915,522706
0,0.0915,800622
0,0.0915,802152
0,0.0915,802809
0,0.0915,803048
0,0.0915,809401
0,0.0915,816113
0,0.0915,827678
0,0.0916,10457
0,0.0916,10531
0,0.0916,10852
0,0.0916,11192
0,0.0916,11485
0,0.0916,11711
0,0.0916,12140
0,0.0916,13201
0,0.0916,14939
0,0.0916,18170
0,0.0916,441056
0,0.0916,523017
0,0.0916,523379
0,0.0916,525350
0,0.0916,800553
0,0.0916,802579
0,0.0916,803052
0,0.0916,815454
0,0.0916,829714
0,0.0916,924167
0,0.0917,10035
0,0.0917,10612
0,0.0917,11814
0,0.0917,13939
0,0.0917,15680
0,0.0917,16493
0,0.0917,24184
0,0.0917,24684
0,0.0917,31157
0,0.0917,35615
0,0.0917,154726
0,0.0917,511759
0,0.0917,512881
0,0.0917,513537
0,0.0917,514988
0,0.0917,516820
0,0.0917,518220
0,0.0917,803339
0,0.0917,803891
0,0.0918,10057
0,0.0918,10175
0,0.0918,10735
0,0.0918,11877
0,0.0918,15110
0,0.0918,22047
0,0.0918,23826
0,0.0918,27547
0,0.0918,32651
0,0.0918,41534
0,0.0918,513499
0,0.0918,520529
0,0.0918,527318
0,0.0918,575760
0,0.0918,800225
0,0.0918,802145
0,0.0918,803605
0,0.0918,805227
0,0.0918,806061
0,0.0918,816323
0,0.0918,929749
0,0.0919,10914
0,0.0919,10967
0,0.0919,11131
0,0.0919,11445
0,0.0919,11671
0,0.0919,11921
0,0.0919,19871
0,0.0919,515575
0,0.0919,537899
0,0.0919,800134
0,0.0919,802781
0,0.0919,804398
0,0.0920,10168
0,0.0920,10434
0,0.0920,10661
0,0.0920,10776
0,0.0920,11529
0,0.0920,13516
0,0.0920,20573
0,0.0920,38926
0,0.0920,512390
0,0.0920,513711
0,0.0920,524133
0,0.0920,801043
0,0.0920,801491
0,0.0920,802506
0,0.0920,803469
0,0.0920,820943
0,0.0920,830766
0,0.0920,902552
0,0.0920,906520
0,0.0920,931656
0,0.0921,10489
0,0.0921,10825
0,0.0921,11006
0,0.0921,11402
0,0.0921,12046
0,0.0921,12472
0,0.0921,13698
0,0.0921,14428
0,0.0921,14705
0,0.0921,20777
0,0.0921,23882
0,0.0921,25905
0,0.0921,517193
0,0.0921,519766
0,0.0921,521745
0,0.0921,529519
0,0.0921,536211
0,0.0921,556286
0,0.0921,800718
0,0.0921,801895
0,0.0921,801974
0,0.0921,802107
0,0.0921,806110
0,0.0921,820191
0,0.0921,934595
0,0.0922,10011
0,0.0922,10120
0,0.0922,12696
0,0.0922,18277
0,0.0922,19080
0,0.0922,32062
0,0.0922,34725
0,0.0922,219189
0,0.0922,515811
0,0.0922,801246
0,0.0922,804500
0,0.0922,808362
0,0.0922,821201
0,0.0922,906554
0,0.0923,10078
0,0.0923,10215
0,0.0923,11495
0,0.0923,16938
0,0.0923,188933
0,0.0923,512273
0,0.0923,515578
0,0.0923,521466
0,0.0923,525441
0,0.0923,800127
0,0.0923,801214
0,0.0923,803172
0,0.0923,805647
0,0.0923,905420
0,0.0924,10166
0,0.0924,10412
0,0.0924,11057
0,0.0924,11643
0,0.0924,12101
0,0.0924,12720
0,0.0924,14276
0,0.0924,14569
0,0.0924,14726
0,0.0924,15250
0,0.0924,17938
0,0.0924,19386
0,0.0924,19698
0,0.0924,20190
0,0.0924,22092
0,0.0924,28892
0,0.0924,39880
0,0.0924,45284
0,0.0924,512750
0,0.0924,524883
0,0.0924,804747
0,0.0924,924901
0,0.0925,10180
0,0.0925,12178
0,0.0925,14896
0,0.0925,18568
0,0.0925,20202
0,0.0925,21568
0,0.0925,28920
0,0.0925,37195
0,0.0925,114715
0,0.0925,291345
0,0.0925,800041
0,0.0925,800340
0,0.0925,801295
0,0.0925,801404
0,0.0925,802137
0,0.0925,804530
0,0.0925,808354
0,0.0925,828126
0,0.0925,904108
0,0.0925,936713
0,0.0926,10224
0,0.0926,11618
0,0.0926,12573
0,0.0926,12843
0,0.0926,16758
0,0.0926,30540
0,0.0926,33075
0,0.0926,800677
0,0.0926,800967
0,0.0926,802440
0,0.0926,802907
0,0.0926,817047
0,0.0926,776770294
0,0.0926,1050443274
0,0.0927,10088
0,0.0927,10432
0,0.0927,11377
0,0.0927,12252
0,0.0927,12817
0,0.0927,14063
0,0.0927,14428
0,0.0927,19341
0,0.0927,21400
0,0.0927,21637
0,0.0927,514596
0,0.0927,527588
0,0.0927,800376
0,0.0927,801304
0,0.0927,818961
0,0.0927,842254
0,0.0927,903280
0,0.0928,10164
0,0.0928,10290
0,0.0928,11152
0,0.0928,11819
0,0.0928,12126
0,0.0928,12206
0,0.0928,13079
0,0.0928,13255
0,0.0928,13463
0,0.0928,14486
0,0.0928,19740
0,0.0928,22692
0,0.0928,519817
0,0.0928,800737
0,0.0928,805776
0,0.0928,805797
0,0.0928,807033
0,0.0928,807799
0,0.0928,808055
0,0.0928,820174
0,0.0928,904639
0,0.0929,10033
0,0.0929,10385
0,0.0929,10819
0,0.0929,10879
0,0.0929,10917
0,0.0929,11704
0,0.0929,11893
0,0.0929,15362
0,0.0929,16986
0,0.0929,17131
0,0.0929,20594
0,0.0929,27331
0,0.0929,27478
0,0.0929,29578
0,0.0929,30051
0,0.0929,37313
0,0.0929,516886
0,0.0929,519454
0,0.0929,519860
0,0.0929,520900
0,0.0929,800262
0,0.0929,801280
0,0.0929,809977
0,0.0929,818085
0,0.0929,821311
0,0.0929,902962
0,0.0929,907674
0,0.0930,10368
0,0.0930,10460
0,0.0930,10495
0,0.0930,10693
0,0.0930,11029
0,0.0930,11321
0,0.0930,12902
0,0.0930,14162
0,0.0930,14523
0,0.0930,19135
0,0.0930,23167
0,0.0930,26862
0,0.0930,32918
0,0.0930,353032
0,0.0930,518309
0,0.0930,521206
0,0.0930,526069
0,0.0930,555342
0,0.0930,556719
0,0.0930,801021
0,0.0930,801350
0,0.0930,811723
0,0.0930,812528
0,0.0931,11604
0,0.0931,12731
0,0.0931,13932
0,0.0931,14752
0,0.0931,18124
0,0.0931,25532
0,0.0931,33034
0,0.0931,53884
0,0.0931,54133
0,0.0931,515460
0,0.0931,515643
0,0.0931,534901
0,0.0931,800832
0,0.0931,802993
0,0.0931,810743
0,0.0931,903852
0,0.0931,928701
0,0.0932,10562
0,0.0932,11224
0,0.0932,12327
0,0.0932,13989
0,0.0932,14137
0,0.0932,15697
0,0.0932,17326
0,0.0932,17726
0,0.0932,21719
0,0.0932,28678
0,0.0932,28999
0,0.0932,35826
0,0.0932,55361
0,0.0932,70088
0,0.0932,515775
0,0.0932,521028
0,0.0932,523349
0,0.0932,536207
0,0.0932,555340
0,0.0932,800809
0,0.0932,801843
0,0.0932,804260
0,0.0932,807174
0,0.0932,827678
0,0.0932,905617
0,0.0932,906092
0,0.0933,10264
0,0.0933,11883
0,0.0933,11969
0,0.0933,13221
0,0.0933,14009
0,0.0933,22277
0,0.0933,123807
0,0.0933,511956
0,0.0933,520863
0,0.0933,522760
0,0.0933,800977
0,0.0933,816323
0,0.0933,353379798
0,0.0934,10324
0,0.0934,10494
0,0.0934,10497
0,0.0934,10568
0,0.0934,10663
0,0.0934,10847
0,0.0934,11426
0,0.0934,12336
0,0.0934,13448
0,0.0934,14316
0,0.0934,16707
0,0.0934,19498
0,0.0934,25205
0,0.0934,30930
0,0.0934,36423
0,0.0934,520117
0,0.0934,524644
0,0.0934,535964
0,0.0934,555827
0,0.0934,800167
0,0.0934,801421
0,0.0934,802544
0,0.0934,807312
0,0.0934,839612
0,0.0935,10249
0,0.0935,10336
0,0.0935,12777
0,0.0935,15669
0,0.0935,17061
0,0.0935,17420
0,0.0935,34187
0,0.0935,512077
0,0.0935,523945
0,0.0935,801828
0,0.0935,801899
0,0.0935,802818
0,0.0935,805362
0,0.0935,816113
0,0.0935,905000
0,0.0935,909232
0,0.0936,10109
0,0.0936,10118
0,0.0936,10184
0,0.0936,11600
0,0.0936,13065
0,0.0936,14572
0,0.0936,15063
0,0.0936,19486
0,0.0936,26422
0,0.0936,42588
0,0.0936,107008
0,0.0936,147358
0,0.0936,514522
0,0.0936,525958
0,0.0936,801017
0,0.0936,801970
0,0.0936,802181
0,0.0936,802486
0,0.0936,803070
0,0.0936,804778
0,0.0936,804984
0,0.0936,807937
0,0.0936,907238
0,0.0937,10172
0,0.0937,10799
0,0.0937,10887
0,0.0937,10950
0,0.0937,11005
0,0.0937,11407
0,0.0937,11433
0,0.0937,11629
0,0.0937,12181
0,0.0937,12561
0,0.0937,13474
0,0.0937,14075
0,0.0937,15955
0,0.0937,16700
0,0.0937,16781
0,0.0937,17303
0,0.0937,19104
0,0.0937,19619
0,0.0937,20625
0,0.0937,24274
0,0.0937,29583
0,0.0937,30119
0,0.0937,34155
0,0.0937,48527
0,0.0937,520034
0,0.0937,525154
0,0.0937,525354
0,0.0937,555238
0,0.0937,800724
0,0.0937,800890
0,0.0937,805487
0,0.0937,805572
0,0.0937,805724
0,0.0937,806124
0,0.0937,811352
0,0.0938,10241
0,0.0938,10910
0,0.0938,11796
0,0.0938,12656
0,0.0938,14061
0,0.0938,16160
0,0.0938,19742
0,0.0938,19930
0,0.0938,21823
0,0.0938,40300
0,0.0938,106045
0,0.0938,512314
0,0.0938,578855
0,0.0938,800716
0,0.0938,803197
0,0.0938,803424
0,0.0938,807396
0,0.0938,817453
0,0.0938,903727
0,0.0938,1137406009
0,0.0939,10286
0,0.0939,10555
0,0.0939,10719
0,0.0939,11886
0,0.0939,12477
0,0.0939,12809
0,0.0939,13872
0,0.0939,14369
0,0.0939,14580
0,0.0939,17835
0,0.0939,18717
0,0.0939,20704
0,0.0939,21881
0,0.0939,22733
0,0.0939,30676
0,0.0939,44005
0,0.0939,58999
0,0.0939,517501
0,0.0939,518937
0,0.0939,519365
0,0.0939,520337
0,0.0939,532838
0,0.0939,802987
0,0.0939,803327
0,0.0939,803575
0,0.0939,805616
0,0.0939,813410
0,0.0939,903643
0,0.0939,940009
0,0.0939,953574
0,0.0939,761298433
0,0.0940,10319
0,0.0940,10421
0,0.0940,11344
0,0.0940,11734
0,0.0940,12729
0,0.0940,13004
0,0.0940,15583
0,0.0940,18749
0,0.0940,19290
0,0.0940,22113
0,0.0940,26455
0,0.0940,26665
0,0.0940,38454
0,0.0940,364582
0,0.0940,524881
0,0.0940,555837
0,0.0940,800111
0,0.0940,801141
0,0.0940,803129
0,0.0940,804555
0,0.0940,819656
0,0.0940,861290
0,0.0940,902790
0,0.0940,936713
0,0.0941,10204
0,0.0941,10436
0,0.0941,11634
0,0.0941,12259
0,0.0941,13521
0,0.0941,13526
0,0.0941,13626
0,0.0941,14884
0,0.0941,15273
0,0.0941,30169
0,0.0941,41428
0,0.0941,45118
0,0.0941,71260
0,0.0941,258819
0,0.0941,522410
0,0.0941,537032
0,0.0941,800520
0,0.0941,801639
0,0.0941,802390
0,0.0941,803013
0,0.0941,812445
0,0.0941,902553
0,0.0941,904246
0,0.0942,10658
0,0.0942,12973
0,0.0942,15288
0,0.0942,17455
0,0.0942,26916
0,0.0942,30504
0,0.0942,33729
0,0.0942,511784
0,0.0942,514620
0,0.0942,520927
0,0.0942,521063
0,0.0942,905270
0,0.0943,10052
0,0.0943,10137
0,0.0943,10203
0,0.0943,10738
0,0.0943,11674
0,0.0943,11792
0,0.0943,12621
0,0.0943,13295
0,0.0943,13863
0,0.0943,15310
0,0.0943,521092
0,0.0943,522971
0,0.0943,533457
0,0.0943,534870
0,0.0943,800500
0,0.0943,804351
0,0.0943,817089
0,0.0943,817974
0,0.0943,861290
0,0.0943,905210
0,0.0944,10097
0,0.0944,10356
0,0.0944,10669
0,0.0944,10934
0,0.0944,15896
0,0.0944,17472
0,0.0944,25498
0,0.0944,34896
0,0.0944,36947
0,0.0944,40047
0,0.0944,84901
0,0.0944,87338
0,0.0944,258819
0,0.0944,514195
0,0.0944,803241
0,0.0944,807789
0,0.0944,807832
0,0.0944,904434
0,0.0945,10065
0,0.0945,10278
0,0.0945,11001
0,0.0945,11263
0,0.0945,11312
0,0.0945,11606
0,0.0945,11664
0,0.0945,12569
0,0.0945,16274
0,0.0945,16862
0,0.0945,22689
0,0.0945,28211
0,0.0945,512357
0,0.0945,517847
0,0.0945,521584
0,0.0945,533368
0,0.0945,533946
0,0.0945,536057
0,0.0945,800056
0,0.0945,800126
0,0.0945,800345
0,0.0945,802793
0,0.0945,905068
0,0.0946,10265
0,0.0946,10308
0,0.0946,10839
0,0.0946,10908
0,0.0946,11188
0,0.0946,13117
0,0.0946,15473
0,0.0946,15924
0,0.0946,18185
0,0.0946,22747
0,0.0946,23654
0,0.0946,26455
0,0.0946,47035
0,0.0946,65472
0,0.0946,233071
0,0.0946,522465
0,0.0946,800258
0,0.0947,10060
0,0.0947,10664
0,0.0947,10820
0,0.0947,10845
0,0.0947,14234
0,0.0947,14521
0,0.0947,15360
0,0.0947,16473
0,0.0947,16736
0,0.0947,20923
0,0.0947,30212
0,0.0947,33038
0,0.0947,47760
0,0.0947,513968
0,0.0947,519865
0,0.0947,520367
0,0.0947,521675
0,0.0947,523547
0,0.0947,531425
0,0.0947,558854
0,0.0947,575669
0,0.0947,801282
0,0.0947,823869
0,0.0947,903604
0,0.0947,906758
0,0.0948,10480
0,0.0948,10593
0,0.0948,11577
0,0.0948,12105
0,0.0948,13442
0,0.0948,13559
0,0.0948,15997
0,0.0948,17958
0,0.0948,31967
0,0.0948,36704
0,0.0948,38141
0,0.0948,41054
0,0.0948,51764
0,0.0948,517202
0,0.0948,517500
0,0.0948,519399
0,0.0948,800763
0,0.0948,800856
0,0.0948,849272
0,0.0948,911639
0,0.0948,914445
0,0.0948,956305
0,0.0948,956310
0,0.0949,10282
0,0.0949,11210
0,0.0949,11900
0,0.0949,12654
0,0.0949,14899
0,0.0949,15192
0,0.0949,18940
0,0.0949,19779
0,0.0949,19998
0,0.0949,27323
0,0.0949,485278
0,0.0949,520217
0,0.0949,523062
0,0.0949,523564
0,0.0949,533431
0,0.0949,801088
0,0.0949,803979
0,0.0949,814353
0,0.0949,817670
0,0.0950,10242
0,0.0950,10330
0,0.0950,10748
0,0.0950,11174
0,0.0950,11915
0,0.0950,12097
0,0.0950,12947
0,0.0950,15888
0,0.0950,16370
0,0.0950,19615
0,0.0950,39446
0,0.0950,515221
0,0.0950,519940
0,0.0950,520816
0,0.0950,522857
0,0.0950,524156
0,0.0950,814038
0,0.0950,817218
0,0.0950,848955
0,0.0951,10205
0,0.0951,11013
0,0.0951,11466
0,0.0951,12159
0,0.0951,13151
0,0.0951,13515
0,0.0951,14434
0,0.0951,22006
0,0.0951,508595
0,0.0951,515091
0,0.0951,516796
0,0.0951,519400
0,0.0951,532079
0,0.0951,800378
0,0.0951,802958
0,0.0951,842520
0,0.0951,907256
0,0.0952,10040
0,0.0952,10119
0,0.0952,10138
0,0.0952,10185
0,0.0952,10447
0,0.0952,10514
0,0.0952,12813
0,0.0952,13305
0,0.0952,14694
0,0.0952,17082
0,0.0952,17909
0,0.0952,19118
0,0.0952,20715
0,0.0952,29445
0,0.0952,32262
0,0.0952,203146
0,0.0952,800412
0,0.0952,801137
0,0.0952,801189
0,0.0952,926518
0,0.0952,711866623
0,0.0953,10050
0,0.0953,10294
0,0.0953,10295
0,0.0953,10414
0,0.0953,10683
0,0.0953,11428
0,0.0953,14552
0,0.0953,15905
0,0.0953,16093
0,0.0953,18404
0,0.0953,19999
0,0.0953,22086
0,0.0953,27135
0,0.0953,84735
0,0.0953,106269
0,0.0953,112103
0,0.0953,512460
0,0.0953,519262
0,0.0953,533103
0,0.0953,800430
0,0.0953,802837
0,0.0953,820434
0,0.0953,828126
0,0.0953,954670
0,0.0954,10425
0,0.0954,11155
0,0.0954,11512
0,0.0954,11513
0,0.0954,11768
0,0.0954,12028
0,0.0954,12706
0,0.0954,16020
0,0.0954,16077
0,0.0954,21527
0,0.0954,21528
0,0.0954,23812
0,0.0954,58834
0,0.0954,78620
0,0.0954,210670
0,0.0954,392714
0,0.0954,568012
0,0.0954,806481
0,0.0954,906004
0,0.0954,906612
0,0.0954,933157
0,0.0955,11665
0,0.0955,12067
0,0.0955,12217
0,0.0955,12272
0,0.0955,12333
0,0.0955,12405
0,0.0955,12686
0,0.0955,13030
0,0.0955,13613
0,0.0955,14827
0,0.0955,14871
0,0.0955,15883
0,0.0955,16569
0,0.0955,16659
0,0.0955,26907
0,0.0955,54440
0,0.0955,804556
0,0.0955,805165
0,0.0955,808670
0,0.0955,826503
0,0.0956,11252
0,0.0956,12455
0,0.0956,12692
0,0.0956,12872
0,0.0956,13317
0,0.0956,13877
0,0.0956,16617
0,0.0956,79979
0,0.0956,112902
0,0.0956,802961
0,0.0957,10251
0,0.0957,11103
0,0.0957,11460
0,0.0957,12298
0,0.0957,12854
0,0.0957,14686
0,0.0957,14828
0,0.0957,17816
0,0.0957,17820
0,0.0957,22799
0,0.0957,23090
0,0.0957,40241
0,0.0957,56554
0,0.0957,56877
0,0.0957,80306
0,0.0957,517833
0,0.0957,523636
0,0.0957,800613
0,0.0957,801557
0,0.0957,802500
0,0.0957,803982
0,0.0957,804411
0,0.0957,815478
0,0.0957,822728
0,0.0957,904036
0,0.0957,932684
0,0.0958,10685
0,0.0958,10687
0,0.0958,11122
0,0.0958,11368
0,0.0958,11955
0,0.0958,13310
0,0.0958,17177
0,0.0958,19100
0,0.0958,19602
0,0.0958,23316
0,0.0958,27490
0,0.0958,34188
0,0.0958,46073
0,0.0958,61285
0,0.0958,63027
0,0.0958,291345
0,0.0958,294178
0,0.0958,513054
0,0.0958,513702
0,0.0958,526698
0,0.0958,800147
0,0.0958,802263
0,0.0958,808328
0,0.0958,933913
0,0.0959,10035
0,0.0959,10299
0,0.0959,10303
0,0.0959,10677
0,0.0959,16182
0,0.0959,19754
0,0.0959,27649
0,0.0959,29046
0,0.0959,29310
0,0.0959,43781
0,0.0959,51159
0,0.0959,56970
0,0.0959,58481
0,0.0959,71547
0,0.0959,526548
0,0.0959,531137
0,0.0959,532827
0,0.0959,800183
0,0.0959,800213
0,0.0959,800968
0,0.0959,804376
0,0.0960,10100
0,0.0960,10190
0,0.0960,11271
0,0.0960,11439
0,0.0960,12746
0,0.0960,12955
0,0.0960,15417
0,0.0960,17199
0,0.0960,18056
0,0.0960,20520
0,0.0960,20657
0,0.0960,21568
0,0.0960,30653
0,0.0960,32718
0,0.0960,34924
0,0.0960,41598
0,0.0960,76829
0,0.0960,104187
0,0.0960,512362
0,0.0960,515192
0,0.0960,522828
0,0.0960,801998
0,0.0960,802944
0,0.0960,805781
0,0.0960,807622
0,0.0960,902789
0,0.0960,905905
0,0.0961,10433
0,0.0961,12334
0,0.0961,13575
0,0.0961,14309
0,0.0961,15051
0,0.0961,15393
0,0.0961,15850
0,0.0961,18288
0,0.0961,21692
0,0.0961,22084
0,0.0961,22709
0,0.0961,23411
0,0.0961,25576
0,0.0961,26344
0,0.0961,45427
0,0.0961,46764
0,0.0961,51555
0,0.0961,511778
0,0.0961,511797
0,0.0961,521256
0,0.0961,521317
0,0.0961,523640
0,0.0961,800236
0,0.0961,803865
0,0.0961,804311
0,0.0962,10815
0,0.0962,10879
0,0.0962,13141
0,0.0962,13158
0,0.0962,13444
0,0.0962,14387
0,0.0962,14550
0,0.0962,16051
0,0.0962,20418
0,0.0962,31656
0,0.0962,32675
0,0.0962,34576
0,0.0962,46691
0,0.0962,51382
0,0.0962,98698
0,0.0962,104366
0,0.0962,522434
0,0.0962,523372
0,0.0962,529603
0,0.0962,800330
0,0.0962,809979
0,0.0962,809981
0,0.0962,811211
0,0.0962,902343
0,0.0962,1050045395
0,0.0963,10041
0,0.0963,10168
0,0.0963,10224
0,0.0963,10289
0,0.0963,10494
0,0.0963,11663
0,0.0963,12727
0,0.0963,13648
0,0.0963,13854
0,0.0963,18768
0,0.0963,19616
0,0.0963,23524
0,0.0963,25868
0,0.0963,28022
0,0.0963,31541
0,0.0963,61845
0,0.0963,513238
0,0.0963,517501
0,0.0963,518513
0,0.0963,520115
0,0.0963,521589
0,0.0963,525355
0,0.0963,557958
0,0.0963,800181
0,0.0963,802261
0,0.0963,807839
0,0.0964,10175
0,0.0964,10353
0,0.0964,10510
0,0.0964,10847
0,0.0964,10974
0,0.0964,11357
0,0.0964,12747
0,0.0964,13259
0,0.0964,13924
0,0.0964,14997
0,0.0964,16875
0,0.0964,22508
0,0.0964,24069
0,0.0964,25100
0,0.0964,30437
0,0.0964,63923
0,0.0964,511757
0,0.0964,514988
0,0.0964,515110
0,0.0964,517603
0,0.0964,519616
0,0.0964,524968
0,0.0964,525731
0,0.0964,530339
0,0.0964,807869
0,0.0964,821311
0,0.0964,956305
0,0.0965,10252
0,0.0965,10378
0,0.0965,10495
0,0.0965,10652
0,0.0965,10794
0,0.0965,11181
0,0.0965,12179
0,0.0965,12590
0,0.0965,13771
0,0.0965,16794
0,0.0965,17787
0,0.0965,19366
0,0.0965,23601
0,0.0965,27246
0,0.0965,28160
0,0.0965,29713
0,0.0965,40558
0,0.0965,42739
0,0.0965,46687
0,0.0965,48956
0,0.0965,54246
0,0.0965,516565
0,0.0965,519371
0,0.0965,801085
0,0.0965,801946
0,0.0965,803501
0,0.0965,809221
0,0.0965,809894
0,0.0965,816113
0,0.0966,10072
0,0.0966,10110
0,0.0966,10166
0,0.0966,10314
0,0.0966,10428
0,0.0966,10475
0,0.0966,10672
0,0.0966,10993
0,0.0966,11085
0,0.0966,11131
0,0.0966,11327
0,0.0966,13147
0,0.0966,13417
0,0.0966,13858
0,0.0966,14200
0,0.0966,16517
0,0.0966,17113
0,0.0966,18889
0,0.0966,27109
0,0.0966,515072
0,0.0966,519363
0,0.0966,520468
0,0.0966,524876
0,0.0966,525400
0,0.0966,531708
0,0.0966,533751
0,0.0966,555472
0,0.0966,802959
0,0.0967,10018
0,0.0967,10269
0,0.0967,10488
0,0.0967,10490
0,0.0967,10888
0,0.0967,10917
0,0.0967,11023
0,0.0967,11319
0,0.0967,11659
0,0.0967,11687
0,0.0967,11723
0,0.0967,14259
0,0.0967,17878
0,0.0967,27903
0,0.0967,38847
0,0.0967,53414
0,0.0967,54912
0,0.0967,65724
0,0.0967,515579
0,0.0967,525350
0,0.0967,903317
0,0.0967,1050014552
0,0.0968,10271
0,0.0968,10967
0,0.0968,11021
0,0.0968,17060
0,0.0968,18713
0,0.0968,19267
0,0.0968,21058
0,0.0968,30592
0,0.0968,39026
0,0.0968,43756
0,0.0968,60466
0,0.0968,61590
0,0.0968,67864
0,0.0968,522715
0,0.0968,803316
0,0.0968,907558
0,0.0968,932322
0,0.0969,10114
0,0.0969,10750
0,0.0969,10807
0,0.0969,11742
0,0.0969,13013
0,0.0969,13428
0,0.0969,14071
0,0.0969,16672
0,0.0969,17846
0,0.0969,20890
0,0.0969,21135
0,0.0969,23327
0,0.0969,26862
0,0.0969,33072
0,0.0969,44903
0,0.0969,57240
0,0.0969,522759
0,0.0969,523060
0,0.0969,802659
0,0.0969,804825
0,0.0969,853504
0,0.0969,776770294
0,0.0970,10312
0,0.0970,10354
0,0.0970,10863
0,0.0970,11402
0,0.0970,13007
0,0.0970,15351
0,0.0970,16811
0,0.0970,27052
0,0.0970,43039
0,0.0970,82727
0,0.0970,514441
0,0.0970,517548
0,0.0970,519132
0,0.0970,805229
0,0.0971,10272
0,0.0971,10404
0,0.0971,11220
0,0.0971,12596
0,0.0971,12732
0,0.0971,13724
0,0.0971,14182
0,0.0971,14840
0,0.0971,15001
0,0.0971,15616
0,0.0971,16087
0,0.0971,24366
0,0.0971,27021
0,0.0971,27454
0,0.0971,81710
0,0.0971,219710
0,0.0971,512094
0,0.0971,513551
0,0.0971,516695
0,0.0971,529520
0,0.0971,802371
0,0.0971,807465
0,0.0971,848264
0,0.0971,906365
0,0.0971,909840
0,0.0971,932321
0,0.0972,10226
0,0.0972,10676
0,0.0972,10872
0,0.0972,11208
0,0.0972,11370
0,0.0972,11549
0,0.0972,11638
0,0.0972,12065
0,0.0972,13650
0,0.0972,13984
0,0.0972,13991
0,0.0972,14018
0,0.0972,14553
0,0.0972,14764
0,0.0972,20514
0,0.0972,24136
0,0.0972,26619
0,0.0972,27341
0,0.0972,50526
0,0.0972,67303
0,0.0972,68183
0,0.0972,74202
0,0.0972,74781
0,0.0972,178990
0,0.0972,517481
0,0.0972,517763
0,0.0972,518907
0,0.0972,520016
0,0.0972,520641
0,0.0972,801415
0,0.0972,802421
0,0.0972,828126
0,0.0972,906360
0,0.0973,10011
0,0.0973,10085
0,0.0973,10855
0,0.0973,10950
0,0.0973,11765
0,0.0973,13307
0,0.0973,13360
0,0.0973,16636
0,0.0973,22419
0,0.0973,29177
0,0.0973,32393
0,0.0973,358032
0,0.0973,513056
0,0.0973,529811
0,0.0973,824223
0,0.0973,910588
0,0.0973,916162
0,0.0973,932796
0,0.0974,10170
0,0.0974,10566
0,0.0974,10804
0,0.0974,10925
0,0.0974,11806
0,0.0974,12846
0,0.0974,16021
0,0.0974,21242
0,0.0974,22001
0,0.0974,26988
0,0.0974,34038
0,0.0974,39798
0,0.0974,47464
0,0.0974,54011
0,0.0974,511956
0,0.0974,512513
0,0.0974,512887
0,0.0974,513284
0,0.0974,513463
0,0.0974,518937
0,0.0974,546546
0,0.0974,800250
0,0.0974,803014
0,0.0974,805992
0,0.0975,10202
0,0.0975,10293
0,0.0975,11003
0,0.0975,11146
0,0.0975,12059
0,0.0975,12697
0,0.0975,13217
0,0.0975,15274
0,0.0975,19488
0,0.0975,21227
0,0.0975,24142
0,0.0975,30206
0,0.0975,31682
0,0.0975,35641
0,0.0975,49378
0,0.0975,77377
0,0.0975,84758
0,0.0975,88874
0,0.0975,521075
0,0.0975,521538
0,0.0975,521763
0,0.0975,523715
0,0.0975,530460
0,0.0975,800898
0,0.0975,802190
0,0.0975,803440
0,0.0975,805137
0,0.0975,805173
0,0.0975,904983
0,0.0975,907803
0,0.0975,936713
0,0.0975,957716
0,0.0976,10165
0,0.0976,10898
0,0.0976,11456
0,0.0976,12802
0,0.0976,14606
0,0.0976,15212
0,0.0976,15325
0,0.0976,16129
0,0.0976,18633
0,0.0976,19327
0,0.0976,19564
0,0.0976,20277
0,0.0976,21403
0,0.0976,30674
0,0.0976,35912
0,0.0976,37433
0,0.0976,48318
0,0.0976,60175
0,0.0976,358032
0,0.0976,388536
0,0.0976,513033
0,0.0976,519896
0,0.0976,524073
0,0.0976,552858
0,0.0976,556038
0,0.0976,802843
0,0.0977,10680
0,0.0977,11307
0,0.0977,11802
0,0.0977,12796
0,0.0977,13901
0,0.0977,15151
0,0.0977,25329
0,0.0977,31263
0,0.0977,36295
0,0.0977,47859
0,0.0977,75140
0,0.0977,89621
0,0.0977,261784
0,0.0977,513517
0,0.0977,521227
0,0.0977,522806
0,0.0977,523037
0,0.0977,527297
0,0.0977,537751
0,0.0977,568502
0,0.0977,801845
0,0.0977,802855
0,0.0977,928274
0,0.0977,936524
0,0.0978,10365
0,0.0978,10539
0,0.0978,10830
0,0.0978,11007
0,0.0978,11017
0,0.0978,11873
0,0.0978,12025
0,0.0978,14727
0,0.0978,14963
0,0.0978,16537
0,0.0978,24640
0,0.0978,31911
0,0.0978,37710
0,0.0978,44909
0,0.0978,512928
0,0.0978,523786
0,0.0978,805803
0,0.0978,820434
0,0.0978,903339
0,0.0979,10043
0,0.0979,10322
0,0.0979,10323
0,0.0979,11414
0,0.0979,11874
0,0.0979,12514
0,0.0979,13896
0,0.0979,18938
0,0.0979,19497
0,0.0979,20497
0,0.0979,24134
0,0.0979,33589
0,0.0979,34911
0,0.0979,34972
0,0.0979,92188
0,0.0979,513379
0,0.0979,519946
0,0.0979,520338
0,0.0979,520581
0,0.0979,521528
0,0.0979,521535
0,0.0979,533223
0,0.0979,537840
0,0.0979,802566
0,0.0979,802751
0,0.0979,804797
0,0.0979,904933
0,0.0980,10432
0,0.0980,10691
0,0.0980,10719
0,0.0980,11109
0,0.0980,12083
0,0.0980,12880
0,0.0980,13698
0,0.0980,14563
0,0.0980,14928
0,0.0980,15440
0,0.0980,15800
0,0.0980,16380
0,0.0980,18778
0,0.0980,19072
0,0.0980,19474
0,0.0980,23846
0,0.0980,24817
0,0.0980,31684
0,0.0980,38085
0,0.0980,49761
0,0.0980,88342
0,0.0980,513812
0,0.0980,515480
0,0.0980,515575
0,0.0980,519941
0,0.0980,521534
0,0.0980,521813
0,0.0980,524068
0,0.0980,524654
0,0.0980,802080
0,0.0980,802716
0,0.0980,830025
0,0.0980,849272
0,0.0980,903642
0,0.0980,904674
0,0.0980,905415
0,0.0980,1050687371
0,0.0981,10150
0,0.0981,10617
0,0.0981,10959
0,0.0981,11987
0,0.0981,12137
0,0.0981,13442
0,0.0981,14284
0,0.0981,15514
0,0.0981,16673
0,0.0981,16989
0,0.0981,17078
0,0.0981,20026
0,0.0981,21778
0,0.0981,25381
0,0.0981,41688
0,0.0981,48638
0,0.0981,512273
0,0.0981,512608
0,0.0981,514092
0,0.0981,519140
0,0.0981,519328
0,0.0981,524761
0,0.0981,525069
0,0.0981,525408
0,0.0981,529349
0,0.0981,800042
0,0.0981,801077
0,0.0981,801507
0,0.0981,802223
0,0.0981,802714
0,0.0981,806173
0,0.0981,908143
0,0.0982,10172
0,0.0982,10243
0,0.0982,10412
0,0.0982,10457
0,0.0982,11030
0,0.0982,11166
0,0.0982,11776
0,0.0982,11989
0,0.0982,12151
0,0.0982,12398
0,0.0982,12999
0,0.0982,13363
0,0.0982,14190
0,0.0982,14497
0,0.0982,14951
0,0.0982,15674
0,0.0982,15680
0,0.0982,16390
0,0.0982,16800
0,0.0982,17991
0,0.0982,37758
0,0.0982,47036
0,0.0982,49464
0,0.0982,59754
0,0.0982,80682
0,0.0982,90224
0,0.0982,512514
0,0.0982,514126
0,0.0982,515234
0,0.0982,516919
0,0.0982,516944
0,0.0982,520393
0,0.0982,520812
0,0.0982,524596
0,0.0982,529604
0,0.0982,802477
0,0.0982,803684
0,0.0982,820434
0,0.0982,828718
0,0.0982,869499
0,0.0982,912300
0,0.0983,10133
0,0.0983,10169
0,0.0983,10292
0,0.0983,10385
0,0.0983,10479
0,0.0983,10515
0,0.0983,10537
0,0.0983,10811
0,0.0983,11006
0,0.0983,11053
0,0.0983,11375
0,0.0983,11690
0,0.0983,11947
0,0.0983,12730
0,0.0983,26284
0,0.0983,27702
0,0.0983,28266
0,0.0983,28584
0,0.0983,30068
0,0.0983,31324
0,0.0983,31627
0,0.0983,31786
0,0.0983,59969
0,0.0983,114715
0,0.0983,512106
0,0.0983,516359
0,0.0983,518830
0,0.0983,521541
0,0.0983,523675
0,0.0983,527150
0,0.0983,529330
0,0.0983,800536
0,0.0983,802075
0,0.0983,802565
0,0.0983,817453
0,0.0983,869499
0,0.0983,956305
0,0.0984,10376
0,0.0984,10394
0,0.0984,10453
0,0.0984,11266
0,0.0984,12123
0,0.0984,12850
0,0.0984,14993
0,0.0984,17171
0,0.0984,18670
0,0.0984,19478
0,0.0984,20831
0,0.0984,23425
0,0.0984,24671
0,0.0984,25763
0,0.0984,26287
0,0.0984,28248
0,0.0984,30178
0,0.0984,58394
0,0.0984,59994
0,0.0984,131313
0,0.0984,511828
0,0.0984,513466
0,0.0984,513520
0,0.0984,513930
0,0.0984,519658
0,0.0984,522763
0,0.0984,532800
0,0.0984,556347
0,0.0984,800343
0,0.0984,804541
0,0.0984,807464
0,0.0984,813685
0,0.0984,904624
0,0.0984,905507
0,0.0984,909024
0,0.0985,10241
0,0.0985,10707
0,0.0985,11353
0,0.0985,11447
0,0.0985,11605
0,0.0985,11902
0,0.0985,12561
0,0.0985,15783
0,0.0985,17325
0,0.0985,17801
0,0.0985,19125
0,0.0985,20051
0,0.0985,21204
0,0.0985,23854
0,0.0985,25328
0,0.0985,25549
0,0.0985,27119
0,0.0985,27269
0,0.0985,30522
0,0.0985,43212
0,0.0985,44830
0,0.0985,59853
0,0.0985,512305
0,0.0985,512581
0,0.0985,515289
0,0.0985,517193
0,0.0985,517401
0,0.0985,519144
0,0.0985,520773
0,0.0985,522744
0,0.0985,556346
0,0.0985,800162
0,0.0985,801280
0,0.0985,802461
0,0.0985,802652
0,0.0985,804357
0,0.0985,817218
0,0.0985,900035
0,0.0985,918582
0,0.0985,1053174360
0,0.0986,10704
0,0.0986,10977
0,0.0986,11485
0,0.0986,11888
0,0.0986,12877
0,0.0986,13450
0,0.0986,15689
0,0.0986,15924
0,0.0986,19367
0,0.0986,19696
0,0.0986,23180
0,0.0986,23779
0,0.0986,25176
0,0.0986,26698
0,0.0986,28767
0,0.0986,42975
0,0.0986,45839
0,0.0986,52352
0,0.0986,79464
0,0.0986,101652
0,0.0986,511823
0,0.0986,513237
0,0.0986,515230
0,0.0986,515675
0,0.0986,516060
0,0.0986,520818
0,0.0986,523821
0,0.0986,531009
0,0.0986,803821
0,0.0986,814865
0,0.0986,914054
0,0.0986,1050542828
0,0.0987,10080
0,0.0987,10278
0,0.0987,10555
0,0.0987,10892
0,0.0987,11029
0,0.0987,11161
0,0.0987,12931
0,0.0987,14747
0,0.0987,16360
0,0.0987,20781
0,0.0987,23232
0,0.0987,24088
0,0.0987,24153
0,0.0987,26455
0,0.0987,38870
0,0.0987,512042
0,0.0987,512859
0,0.0987,515130
0,0.0987,521635
0,0.0987,524606
0,0.0987,527475
0,0.0987,532571
0,0.0987,802507
0,0.0987,804982
0,0.0987,808183
0,0.0987,827502
0,0.0987,903429
0,0.0987,904021
0,0.0988,10120
0,0.0988,10399
0,0.0988,10531
0,0.0988,10776
0,0.0988,11180
0,0.0988,11618
0,0.0988,11724
0,0.0988,12140
0,0.0988,12488
0,0.0988,12731
0,0.0988,13184
0,0.0988,13498
0,0.0988,13640
0,0.0988,13947
0,0.0988,14412
0,0.0988,15789
0,0.0988,18016
0,0.0988,18124
0,0.0988,19825
0,0.0988,21018
0,0.0988,22791
0,0.0988,25403
0,0.0988,27083
0,0.0988,28146
0,0.0988,30181
0,0.0988,35196
0,0.0988,35637
0,0.0988,54572
0,0.0988,79615
0,0.0988,89191
0,0.0988,164031
0,0.0988,513630
0,0.0988,515232
0,0.0988,515578
0,0.0988,524351
0,0.0988,531755
0,0.0988,541572
0,0.0988,801102
0,0.0988,801111
0,0.0988,801479
0,0.0988,802630
0,0.0988,805595
0,0.0988,820174
0,0.0988,909181
0,0.0988,955284
0,0.0989,10057
0,0.0989,10612
0,0.0989,11199
0,0.0989,11631
0,0.0989,12710
0,0.0989,12875
0,0.0989,13287
0,0.0989,13403
0,0.0989,13427
0,0.0989,13642
0,0.0989,14207
0,0.0989,15059
0,0.0989,15371
0,0.0989,15713
0,0.0989,18540
0,0.0989,18559
0,0.0989,20560
0,0.0989,22166
0,0.0989,22243
0,0.0989,22276
0,0.0989,25137
0,0.0989,27425
0,0.0989,29650
0,0.0989,33293
0,0.0989,33298
0,0.0989,36470
0,0.0989,38306
0,0.0989,46657
0,0.0989,53618
0,0.0989,67167
0,0.0989,69064
0,0.0989,78393
0,0.0989,87837
0,0.0989,100294
0,0.0989,339863
0,0.0989,512307
0,0.0989,513518
0,0.0989,515221
0,0.0989,521698
0,0.0989,522354
0,0.0989,525061
0,0.0989,800383
0,0.0989,801362
0,0.0989,801746
0,0.0989,802955
0,0.0989,810748
0,0.0989,909612
0,0.0989,924901
0,0.0989,1050074465
0,0.0990,10050
0,0.0990,10097
0,0.0990,10825
0,0.0990,10852
0,0.0990,11201
0,0.0990,11302
0,0.0990,11503
0,0.0990,11515
0,0.0990,11628
0,0.0990,11903
0,0.0990,11997
0,0.0990,12086
0,0.0990,13751
0,0.0990,16214
0,0.0990,16303
0,0.0990,16369
0,0.0990,16599
0,0.0990,17367
0,0.0990,20402
0,0.0990,22657
0,0.0990,23826
0,0.0990,27210
0,0.0990,33598
0,0.0990,44256
0,0.0990,59108
0,0.0990,512734
0,0.0990,514043
0,0.0990,522984
0,0.0990,529897
0,0.0990,800073
0,0.0990,800917
0,0.0990,802719
0,0.0990,803709
0,0.0990,903558
0,0.0990,936524
0,0.0991,10411
0,0.0991,12573
0,0.0991,16334
0,0.0991,17751
0,0.0991,18050
0,0.0991,19767
0,0.0991,19921
0,0.0991,20581
0,0.0991,21007
0,0.0991,21567
0,0.0991,22937
0,0.0991,25024
0,0.0991,26455
0,0.0991,37265
0,0.0991,37437
0,0.0991,53755
0,0.0991,73463
0,0.0991,74075
0,0.0991,88014
0,0.0991,107195
0,0.0991,268052
0,0.0991,513434
0,0.0991,514184
0,0.0991,516663
0,0.0991,521406
0,0.0991,570132
0,0.0991,800757
0,0.0991,807972
0,0.0991,817206
0,0.0991,818370
0,0.0991,818961
0,0.0991,905303
0,0.0992,10290
0,0.0992,10368
0,0.0992,11603
0,0.0992,13892
0,0.0992,15484
0,0.0992,18455
0,0.0992,18726
0,0.0992,19405
0,0.0992,19982
0,0.0992,21664
0,0.0992,23659
0,0.0992,27596
0,0.0992,28406
0,0.0992,29791
0,0.0992,49288
0,0.0992,52041
0,0.0992,54443
0,0.0992,58561
0,0.0992,60265
0,0.0992,135801
0,0.0992,267437
0,0.0992,521409
0,0.0992,522993
0,0.0992,541755
0,0.0992,551294
0,0.0992,801187
0,0.0992,803048
0,0.0993,10187
0,0.0993,10302
0,0.0993,10735
0,0.0993,10914
0,0.0993,11032
0,0.0993,11532
0,0.0993,14714
0,0.0993,15117
0,0.0993,16402
0,0.0993,16689
0,0.0993,18165
0,0.0993,24314
0,0.0993,26242
0,0.0993,26962
0,0.0993,27133
0,0.0993,27326
0,0.0993,28701
0,0.0993,34185
0,0.0993,45682
0,0.0993,46262
0,0.0993,59288
0,0.0993,59425
0,0.0993,470711
0,0.0993,512118
0,0.0993,520388
0,0.0993,521637
0,0.0993,524795
0,0.0993,537032
0,0.0993,537899
0,0.0993,539137
0,0.0993,803381
0,0.0993,814353
0,0.0993,934908
0,0.0993,935007
0,0.0993,1053174360
0,0.0994,10162
0,0.0994,10421
0,0.0994,10448
0,0.0994,10809
0,0.0994,10823
0,0.0994,11540
0,0.0994,11752
0,0.0994,11925
0,0.0994,15226
0,0.0994,15888
0,0.0994,23359
0,0.0994,24963
0,0.0994,25036
0,0.0994,27106
0,0.0994,32451
0,0.0994,36423
0,0.0994,49869
0,0.0994,61553
0,0.0994,75881
0,0.0994,88339
0,0.0994,235061
0,0.0994,511846
0,0.0994,512179
0,0.0994,518777
0,0.0994,522337
0,0.0994,529515
0,0.0994,540077
0,0.0994,801828
0,0.0994,803516
0,0.0994,804625
0,0.0994,806095
0,0.0994,814079
0,0.0994,824034
0,0.0994,824830
0,0.0995,10286
0,0.0995,10466
0,0.0995,10856
0,0.0995,11851
0,0.0995,12159
0,0.0995,13079
0,0.0995,13411
0,0.0995,15782
0,0.0995,16063
0,0.0995,16150
0,0.0995,16260
0,0.0995,17504
0,0.0995,17861
0,0.0995,18730
0,0.0995,19218
0,0.0995,20620
0,0.0995,21918
0,0.0995,23783
0,0.0995,28901
0,0.0995,30148
0,0.0995,33552
0,0.0995,35450
0,0.0995,36059
0,0.0995,38914
0,0.0995,41144
0,0.0995,41715
0,0.0995,43881
0,0.0995,45134
0,0.0995,92871
0,0.0995,174420
0,0.0995,344038
0,0.0995,511926
0,0.0995,512041
0,0.0995,512783
0,0.0995,521027
0,0.0995,521928
0,0.0995,522410
0,0.0995,526298
0,0.0995,801295
0,0.0995,801413
0,0.0995,802541
0,0.0995,803339
0,0.0995,804660
0,0.0995,821729
0,0.0995,911442
0,0.0995,913454
0,0.0996,10185
0,0.0996,10896
0,0.0996,11224
0,0.0996,12506
0,0.0996,13732
0,0.0996,13740
0,0.0996,15281
0,0.0996,16193
0,0.0996,17665
0,0.0996,18586
0,0.0996,20270
0,0.0996,24788
0,0.0996,25503
0,0.0996,36137
0,0.0996,42332
0,0.0996,50327
0,0.0996,70651
0,0.0996,80750
0,0.0996,219189
0,0.0996,513831
0,0.0996,519296
0,0.0996,520034
0,0.0996,531678
0,0.0996,536264
0,0.0996,549229
0,0.0996,549508
0,0.0996,555473
0,0.0996,800061
0,0.0996,800911
0,0.0996,801491
0,0.0996,803047
0,0.0996,810626
0,0.0996,815442
0,0.0996,817565
0,0.0996,873387
0,0.0997,10319
0,0.0997,10568
0,0.0997,11057
0,0.0997,11715
0,0.0997,11900
0,0.0997,12264
0,0.0997,12623
0,0.0997,12763
0,0.0997,13084
0,0.0997,14486
0,0.0997,18226
0,0.0997,23341
0,0.0997,24828
0,0.0997,30477
0,0.0997,32486
0,0.0997,57384
0,0.0997,514195
0,0.0997,515193
0,0.0997,519444
0,0.0997,800241
0,0.0997,800718
0,0.0997,801816
0,0.0997,803412
0,0.0997,906482
0,0.0997,936713
0,0.0998,10099
0,0.0998,10969
0,0.0998,12180
0,0.0998,12449
0,0.0998,12830
0,0.0998,14034
0,0.0998,15891
0,0.0998,15915
0,0.0998,16075
0,0.0998,16571
0,0.0998,16862
0,0.0998,17715
0,0.0998,18838
0,0.0998,19802
0,0.0998,20573
0,0.0998,26981
0,0.0998,29648
0,0.0998,29806
0,0.0998,34223
0,0.0998,56542
0,0.0998,125794
0,0.0998,219189
0,0.0998,514596
0,0.0998,520817
0,0.0998,523512
0,0.0998,524755
0,0.0998,534559
0,0.0998,800586
0,0.0998,802124
0,0.0998,802806
0,0.0998,804371
0,0.0998,820146
0,0.0998,821201
0,0.0998,831621
0,0.0998,903844
0,0.0999,10649
0,0.0999,11923
0,0.0999,18278
0,0.0999,20144
0,0.0999,22446
0,0.0999,23315
0,0.0999,23682
0,0.0999,25359
0,0.0999,34607
0,0.0999,48096
0,0.0999,52191
0,0.0999,513283
0,0.0999,521210
0,0.0999,523043
0,0.0999,530702
0,0.0999,544496
0,0.0999,560489
0,0.0999,801489
0,0.0999,801895
0,0.0999,801970
0,0.0999,803599
0,0.0999,936810
0,0.1000,10371
0,0.1000,12564
0,0.1000,12742
0,0.1000,14640
0,0.1000,17591
0,0.1000,18182
0,0.1000,20147
0,0.1000,22083
0,0.1000,22461
0,0.1000,27031
0,0.1000,27926
0,0.1000,28782
0,0.1000,33234
0,0.1000,36136
0,0.1000,513464
0,0.1000,519818
0,0.1000,523022
0,0.1000,523564
0,0.1000,529142
0,0.1000,530101
0,0.1000,800847
0,0.1000,802907
0,0.1000,802914
0,0.1000,804445
0,0.1000,813902
0,0.1000,830847
0,0.1000,904246
0,0.1001,11091
0,0.1001,11518
0,0.1001,12015
0,0.1001,12248
0,0.1001,12630
0,0.1001,13218
0,0.1001,14299
0,0.1001,15877
0,0.1001,15905
0,0.1001,16822
0,0.1001,18437
0,0.1001,19443
0,0.1001,22641
0,0.1001,23858
0,0.1001,25797
0,0.1001,27806
0,0.1001,28653
0,0.1001,29234
0,0.1001,29241
0,0.1001,29785
0,0.1001,39503
0,0.1001,40565
0,0.1001,74917
0,0.1001,133154
0,0.1001,514180
0,0.1001,518937
0,0.1001,527653
0,0.1001,555342
0,0.1001,805647
0,0.1001,806037
0,0.1001,810038
0,0.1001,812134
0,0.1001,818987
0,0.1001,904042
0,0.1001,910511
0,0.1002,10494
0,0.1002,12532
0,0.1002,13227
0,0.1002,14093
0,0.1002,14863
0,0.1002,15360
0,0.1002,16707
0,0.1002,17902
0,0.1002,18599
0,0.1002,23083
0,0.1002,23520
0,0.1002,38084
0,0.1002,41277
0,0.1002,51458
0,0.1002,123422
0,0.1002,358032
0,0.1002,518488
0,0.1002,521812
0,0.1002,525062
0,0.1002,526085
0,0.1002,800048
0,0.1002,801366
0,0.1002,802137
0,0.1002,807924
0,0.1002,808688
0,0.1002,810586
0,0.1002,817096
0,0.1002,821882
0,0.1003,10107
0,0.1003,10138
0,0.1003,10414
0,0.1003,10514
0,0.1003,10525
0,0.1003,12333
0,0.1003,12842
0,0.1003,13914
0,0.1003,13932
0,0.1003,14464
0,0.1003,14507
0,0.1003,14978
0,0.1003,15332
0,0.1003,15808
0,0.1003,16700
0,0.1003,17419
0,0.1003,17603
0,0.1003,21543
0,0.1003,22884
0,0.1003,27416
0,0.1003,28940
0,0.1003,31681
0,0.1003,35429
0,0.1003,42469
0,0.1003,76194
0,0.1003,100809
0,0.1003,165025
0,0.1003,195264
0,0.1003,512319
0,0.1003,513460
0,0.1003,516110
0,0.1003,522992
0,0.1003,536640
0,0.1003,574357
0,0.1003,800304
0,0.1003,801199
0,0.1003,801561
0,0.1003,808856
0,0.1003,809349
0,0.1004,10155
0,0.1004,11340
0,0.1004,11477
0,0.1004,13035
0,0.1004,13434
0,0.1004,14697
0,0.1004,15829
0,0.1004,16643
0,0.1004,16659
0,0.1004,16940
0,0.1004,18180
0,0.1004,18588
0,0.1004,19323
0,0.1004,19995
0,0.1004,20818
0,0.1004,23281
0,0.1004,26064
0,0.1004,49002
0,0.1004,53745
0,0.1004,75453
0,0.1004,99866
0,0.1004,512746
0,0.1004,514045
0,0.1004,516666
0,0.1004,522973
0,0.1004,523807
0,0.1004,533917
0,0.1004,533946
0,0.1004,581422
0,0.1004,817684
0,0.1004,905385
0,0.1004,931656
0,0.1004,934595
0,0.1005,10673
0,0.1005,10912
0,0.1005,11263
0,0.1005,11288
0,0.1005,11326
0,0.1005,12097
0,0.1005,12358
0,0.1005,13094
0,0.1005,15495
0,0.1005,16119
0,0.1005,16343
0,0.1005,18779
0,0.1005,25554
0,0.1005,26443
0,0.1005,39376
0,0.1005,39413
0,0.1005,39753
0,0.1005,512607
0,0.1005,517580
0,0.1005,520391
0,0.1005,520727
0,0.1005,521028
0,0.1005,521814
0,0.1005,522972
0,0.1005,523744
0,0.1005,529207
0,0.1005,530449
0,0.1005,800890
0,0.1005,802107
0,0.1005,803562
0,0.1005,805067
0,0.1005,805184
0,0.1005,808623
0,0.1005,813104
0,0.1005,830766
0,0.1005,906236
0,0.1006,10033
0,0.1006,10624
0,0.1006,11184
0,0.1006,11268
0,0.1006,11891
0,0.1006,12283
0,0.1006,13317
0,0.1006,13969
0,0.1006,13985
0,0.1006,14509
0,0.1006,15719
0,0.1006,15904
0,0.1006,16274
0,0.1006,18419
0,0.1006,18504
0,0.1006,19410
0,0.1006,19691
0,0.1006,19760
0,0.1006,20404
0,0.1006,21122
0,0.1006,22838
0,0.1006,24122
0,0.1006,25210
0,0.1006,27478
0,0.1006,29340
0,0.1006,36929
0,0.1006,38835
0,0.1006,41743
0,0.1006,57522
0,0.1006,96320
0,0.1006,219189
0,0.1006,247112
0,0.1006,512927
0,0.1006,514442
0,0.1006,519865
0,0.1006,521745
0,0.1006,523806
0,0.1006,535347
0,0.1006,806144
0,0.1006,814206
0,0.1006,817974
0,0.1007,11441
0,0.1007,13418
0,0.1007,14907
0,0.1007,15110
0,0.1007,15409
0,0.1007,15839
0,0.1007,15964
0,0.1007,16540
0,0.1007,16553
0,0.1007,16818
0,0.1007,17034
0,0.1007,18744
0,0.1007,19189
0,0.1007,23874
0,0.1007,24684
0,0.1007,116799
0,0.1007,434891
0,0.1007,454614
0,0.1007,515294
0,0.1007,515760
0,0.1007,520575
0,0.1007,522991
0,0.1007,559335
0,0.1007,800115
0,0.1007,804205
0,0.1007,806646
0,0.1007,809696
0,0.1007,908088
0,0.1008,10101
0,0.1008,10215
0,0.1008,10513
0,0.1008,10879
0,0.1008,13289
0,0.1008,14308
0,0.1008,14816
0,0.1008,15399
0,0.1008,15510
0,0.1008,16180
0,0.1008,17024
0,0.1008,18980
0,0.1008,20007
0,0.1008,20233
0,0.1008,22804
0,0.1008,23654
0,0.1008,25792
0,0.1008,30371
0,0.1008,36076
0,0.1008,63655
0,0.1008,66394
0,0.1008,68776
0,0.1008,81159
0,0.1008,90574
0,0.1008,511841
0,0.1008,515966
0,0.1008,517602
0,0.1008,519347
0,0.1008,526521
0,0.1008,539328
0,0.1008,548428
0,0.1008,802854
0,0.1008,805555
0,0.1008,805822
0,0.1008,811215
0,0.1008,826503
0,0.1009,12091
0,0.1009,12405
0,0.1009,12797
0,0.1009,12861
0,0.1009,13286
0,0.1009,15304
0,0.1009,15494
0,0.1009,15654
0,0.1009,16008
0,0.1009,16110
0,0.1009,16440
0,0.1009,17218
0,0.1009,17804
0,0.1009,18823
0,0.1009,25045
0,0.1009,25628
0,0.1009,27146
0,0.1009,28339
0,0.1009,29535
0,0.1009,38706
0,0.1009,46429
0,0.1009,511784
0,0.1009,514405
0,0.1009,517417
0,0.1009,522994
0,0.1009,529127
0,0.1009,529318
0,0.1009,533725
0,0.1009,800070
0,0.1009,801350
0,0.1009,802544
0,0.1010,10059
0,0.1010,10205
0,0.1010,14482
0,0.1010,14806
0,0.1010,14873
0,0.1010,15398
0,0.1010,15837
0,0.1010,15925
0,0.1010,16072
0,0.1010,17143
0,0.1010,17174
0,0.1010,17379
0,0.1010,17753
0,0.1010,18120
0,0.1010,23080
0,0.1010,25724
0,0.1010,29202
0,0.1010,34949
0,0.1010,38796
0,0.1010,47271
0,0.1010,511844
0,0.1010,519331
0,0.1010,519365
0,0.1010,547701
0,0.1010,568155
0,0.1010,800719
0,0.1010,801678
0,0.1010,802174
0,0.1010,802809
0,0.1010,803070
0,0.1010,805021
0,0.1010,810726
0,0.1010,830025
0,0.1010,905286
0,0.1010,317157307
0,0.1011,12102
0,0.1011,13040
0,0.1011,13395
0,0.1011,13559
0,0.1011,14644
0,0.1011,15851
0,0.1011,15950
0,0.1011,16105
0,0.1011,16476
0,0.1011,18152
0,0.1011,18601
0,0.1011,19290
0,0.1011,24459
0,0.1011,34625
0,0.1011,35324
0,0.1011,48491
0,0.1011,50366
0,0.1011,131748
0,0.1011,136326
0,0.1011,170407
0,0.1011,172666
0,0.1011,512793
0,0.1011,515961
0,0.1011,519332
0,0.1011,524074
0,0.1011,525354
0,0.1011,529385
0,0.1011,531999
0,0.1011,533293
0,0.1011,541855
0,0.1011,801521
0,0.1011,803005
0,0.1011,803055
0,0.1011,118002941
0,0.1012,10489
0,0.1012,11670
0,0.1012,12777
0,0.1012,12817
0,0.1012,13151
0,0.1012,13432
0,0.1012,16039
0,0.1012,16412
0,0.1012,16869
0,0.1012,17061
0,0.1012,17115
0,0.1012,17244
0,0.1012,18639
0,0.1012,19737
0,0.1012,19791
0,0.1012,20653
0,0.1012,21646
0,0.1012,25529
0,0.1012,27296
0,0.1012,36745
0,0.1012,40289
0,0.1012,42059
0,0.1012,42515
0,0.1012,83143
0,0.1012,231168
0,0.1012,512187
0,0.1012,518831
0,0.1012,522941
0,0.1012,524067
0,0.1012,568471
0,0.1012,801257
0,0.1012,801538
0,0.1012,803107
0,0.1012,805026
0,0.1012,805532
0,0.1012,811141
0,0.1012,873387
0,0.1012,1111554233
0,0.1013,10078
0,0.1013,10159
0,0.1013,11455
0,0.1013,14903
0,0.1013,15011
0,0.1013,16158
0,0.1013,16234
0,0.1013,17402
0,0.1013,19618
0,0.1013,21645
0,0.1013,24879
0,0.1013,30443
0,0.1013,35044
0,0.1013,42692
0,0.1013,45311
0,0.1013,45969
0,0.1013,61398
0,0.1013,519399
0,0.1013,520390
0,0.1013,537135
0,0.1013,800157
0,0.1013,800566
0,0.1013,800809
0,0.1013,802196
0,0.1013,803804
0,0.1013,805245
0,0.1013,805488
0,0.1013,903425
0,0.1013,905012
0,0.1013,955284
0,0.1014,10035
0,0.1014,10255
0,0.1014,11005
0,0.1014,12134
0,0.1014,12650
0,0.1014,13000
0,0.1014,13392
0,0.1014,14328
0,0.1014,14918
0,0.1014,15362
0,0.1014,17303
0,0.1014,18717
0,0.1014,19224
0,0.1014,20189
0,0.1014,21637
0,0.1014,24687
0,0.1014,26741
0,0.1014,30310
0,0.1014,39813
0,0.1014,42793
0,0.1014,94433
0,0.1014,141161
0,0.1014,519766
0,0.1014,519841
0,0.1014,520895
0,0.1014,529129
0,0.1014,803950
0,0.1014,804398
0,0.1014,805494
0,0.1014,812884
0,0.1014,815064
0,0.1015,10052
0,0.1015,10224
0,0.1015,10299
0,0.1015,10816
0,0.1015,11028
0,0.1015,11189
0,0.1015,13877
0,0.1015,15562
0,0.1015,16473
0,0.1015,17454
0,0.1015,18932
0,0.1015,22240
0,0.1015,23197
0,0.1015,24382
0,0.1015,30653
0,0.1015,35743
0,0.1015,57102
0,0.1015,61243
0,0.1015,90602
0,0.1015,522465
0,0.1015,523038
0,0.1015,580329
0,0.1015,801043
0,0.1015,804156
0,0.1015,353379798
0,0.1015,1050350155
0,0.1016,10102
0,0.1016,10294
0,0.1016,10306
0,0.1016,10540
0,0.1016,10917
0,0.1016,11933
0,0.1016,13586
0,0.1016,14428
0,0.1016,14434
0,0.1016,16069
0,0.1016,16781
0,0.1016,17726
0,0.1016,20449
0,0.1016,20945
0,0.1016,21568
0,0.1016,26666
0,0.1016,30981
0,0.1016,50888
0,0.1016,85715
0,0.1016,513376
0,0.1016,513985
0,0.1016,516369
0,0.1016,520182
0,0.1016,520646
0,0.1016,520792
0,0.1016,547267
0,0.1016,556286
0,0.1016,800925
0,0.1016,802662
0,0.1016,805743
0,0.1017,10719
0,0.1017,11674
0,0.1017,12084
0,0.1017,12552
0,0.1017,15182
0,0.1017,15380
0,0.1017,17858
0,0.1017,21613
0,0.1017,26429
0,0.1017,33788
0,0.1017,50952
0,0.1017,51658
0,0.1017,68387
0,0.1017,523578
0,0.1017,801998
0,0.1017,803425
0,0.1017,804001
0,0.1017,823869
0,0.1017,839612
0,0.1017,954670
0,0.1018,10086
0,0.1018,10428
0,0.1018,11318
0,0.1018,11974
0,0.1018,12126
0,0.1018,13030
0,0.1018,13626
0,0.1018,15273
0,0.1018,16948
0,0.1018,20100
0,0.1018,23601
0,0.1018,26927
0,0.1018,46366
0,0.1018,49429
0,0.1018,133601
0,0.1018,164863
0,0.1018,166976
0,0.1018,517264
0,0.1018,519454
0,0.1018,523636
0,0.1018,523836
0,0.1018,801442
0,0.1018,804941
0,0.1018,804958
0,0.1019,11402
0,0.1019,11407
0,0.1019,11421
0,0.1019,11932
0,0.1019,12357
0,0.1019,12472
0,0.1019,12529
0,0.1019,13872
0,0.1019,14420
0,0.1019,14862
0,0.1019,16244
0,0.1019,17978
0,0.1019,35635
0,0.1019,37546
0,0.1019,48335
0,0.1019,52811
0,0.1019,289948
0,0.1019,514489
0,0.1019,521092
0,0.1019,533470
0,0.1019,800062
0,0.1019,800587
0,0.1019,801234
0,0.1019,804386
0,0.1019,805598
0,0.1019,810296
0,0.1019,817047
0,0.1019,827502
0,0.1019,903689
0,0.1020,10100
0,0.1020,10353
0,0.1020,10453
0,0.1020,11497
0,0.1020,11604
0,0.1020,13707
0,0.1020,14315
0,0.1020,14446
0,0.1020,14523
0,0.1020,14569
0,0.1020,14881
0,0.1020,16139
0,0.1020,16671
0,0.1020,22151
0,0.1020,26238
0,0.1020,27735
0,0.1020,57797
0,0.1020,85527
0,0.1020,160440
0,0.1020,520472
0,0.1020,524643
0,0.1020,527048
0,0.1020,800636
0,0.1020,801239
0,0.1020,803241
0,0.1020,805489
0,0.1020,813291
0,0.1020,830514
0,0.1020,955284
0,0.1021,10446
0,0.1021,10447
0,0.1021,10658
0,0.1021,10663
0,0.1021,11113
0,0.1021,11654
0,0.1021,12093
0,0.1021,12976
0,0.1021,15444
0,0.1021,15790
0,0.1021,21124
0,0.1021,24372
0,0.1021,46707
0,0.1021,58730
0,0.1021,155188
0,0.1021,520341
0,0.1021,532056
0,0.1021,555238
0,0.1021,555769
0,0.1021,800444
0,0.1021,803929
0,0.1021,804671
0,0.1021,805949
0,0.1021,813076
0,0.1021,829714
0,0.1021,761298433
0,0.1022,10847
0,0.1022,10977
0,0.1022,12272
0,0.1022,12787
0,0.1022,13179
0,0.1022,14756
0,0.1022,15714
0,0.1022,15858
0,0.1022,17835
0,0.1022,18704
0,0.1022,18712
0,0.1022,19215
0,0.1022,19425
0,0.1022,21179
0,0.1022,21460
0,0.1022,22357
0,0.1022,28602
0,0.1022,30933
0,0.1022,43760
0,0.1022,46242
0,0.1022,50960
0,0.1022,154893
0,0.1022,219189
0,0.1022,222777
0,0.1022,513397
0,0.1022,555837
0,0.1022,800554
0,0.1022,805776
0,0.1022,823598
0,0.1022,829714
0,0.1022,904957
0,0.1022,908140
0,0.1023,10614
0,0.1023,11087
0,0.1023,11701
0,0.1023,11711
0,0.1023,15290
0,0.1023,15412
0,0.1023,18743
0,0.1023,19569
0,0.1023,31045
0,0.1023,95935
0,0.1023,98544
0,0.1023,518252
0,0.1023,529228
0,0.1023,532909
0,0.1023,801319
0,0.1023,903422
0,0.1023,906513
0,0.1024,10168
0,0.1024,11245
0,0.1024,11377
0,0.1024,12046
0,0.1024,12125
0,0.1024,13039
0,0.1024,15698
0,0.1024,17663
0,0.1024,28735
0,0.1024,57935
0,0.1024,63204
0,0.1024,66695
0,0.1024,105709
0,0.1024,327169
0,0.1024,511862
0,0.1024,520817
0,0.1024,530880
0,0.1024,801137
0,0.1024,806398
0,0.1024,806427
0,0.1025,10110
0,0.1025,10241
0,0.1025,10683
0,0.1025,10704
0,0.1025,10967
0,0.1025,10969
0,0.1025,11131
0,0.1025,11295
0,0.1025,13501
0,0.1025,16538
0,0.1025,33224
0,0.1025,41156
0,0.1025,41887
0,0.1025,56362
0,0.1025,90051
0,0.1025,514758
0,0.1025,521589
0,0.1025,521815
0,0.1025,554835
0,0.1025,556591
0,0.1025,807649
0,0.1026,10018
0,0.1026,10172
0,0.1026,10820
0,0.1026,11872
0,0.1026,13433
0,0.1026,13471
0,0.1026,14892
0,0.1026,16490
0,0.1026,17378
0,0.1026,18426
0,0.1026,22120
0,0.1026,25939
0,0.1026,147927
0,0.1026,517548
0,0.1026,521206
0,0.1026,527318
0,0.1026,534090
0,0.1026,547689
0,0.1026,800056
0,0.1026,805608
0,0.1027,10137
0,0.1027,10347
0,0.1027,10669
0,0.1027,12104
0,0.1027,12569
0,0.1027,15680
0,0.1027,23325
0,0.1027,25723
0,0.1027,52728
0,0.1027,520337
0,0.1027,529459
0,0.1027,557215
0,0.1027,801544
0,0.1027,803013
0,0.1027,805447
0,0.1027,806281
0,0.1027,814468
0,0.1027,817261
0,0.1028,10960
0,0.1028,11618
0,0.1028,11764
0,0.1028,12311
0,0.1028,12388
0,0.1028,12506
0,0.1028,12531
0,0.1028,12718
0,0.1028,13680
0,0.1028,15535
0,0.1028,18491
0,0.1028,38454
0,0.1028,801125
0,0.1028,801855
0,0.1028,802793
0,0.1028,803004
0,0.1028,825991
0,0.1028,902395
0,0.1029,10114
0,0.1029,10434
0,0.1029,11671
0,0.1029,12067
0,0.1029,12101
0,0.1029,13442
0,0.1029,16910
0,0.1029,17685
0,0.1029,22085
0,0.1029,26718
0,0.1029,30341
0,0.1029,79516
0,0.1029,111777
0,0.1029,524655
0,0.1029,800561
0,0.1029,801173
0,0.1029,806620
0,0.1030,10099
0,0.1030,10166
0,0.1030,11027
0,0.1030,11438
0,0.1030,12561
0,0.1030,16380
0,0.1030,16465
0,0.1030,16955
0,0.1030,17799
0,0.1030,21296
0,0.1030,21823
0,0.1030,23809
0,0.1030,27371
0,0.1030,53086
0,0.1030,53639
0,0.1030,68889
0,0.1030,512236
0,0.1030,524881
0,0.1030,532946
0,0.1030,536207
0,0.1030,801391
0,0.1030,802097
0,0.1030,802580
0,0.1030,803314
0,0.1030,805244
0,0.1030,805932
0,0.1030,861290
0,0.1031,10041
0,0.1031,12083
0,0.1031,14137
0,0.1031,15768
0,0.1031,16117
0,0.1031,27975
0,0.1031,60621
0,0.1031,515091
0,0.1031,519817
0,0.1031,525066
0,0.1031,815344
0,0.1031,848264
0,0.1031,903604
0,0.1031,905210
0,0.1031,940009
0,0.1031,1050014552
0,0.1032,10336
0,0.1032,10687
0,0.1032,10839
0,0.1032,10845
0,0.1032,11188
0,0.1032,11312
0,0.1032,11495
0,0.1032,11717
0,0.1032,13295
0,0.1032,15955
0,0.1032,16758
0,0.1032,19246
0,0.1032,27937
0,0.1032,28364
0,0.1032,28633
0,0.1032,34046
0,0.1032,43695
0,0.1032,66752
0,0.1032,184446
0,0.1032,800724
0,0.1032,910004
0,0.1032,1052043704
0,0.1033,10385
0,0.1033,10677
0,0.1033,11442
0,0.1033,12115
0,0.1033,12453
0,0.1033,12621
0,0.1033,12733
0,0.1033,14387
0,0.1033,14677
0,0.1033,14885
0,0.1033,15094
0,0.1033,15997
0,0.1033,37142
0,0.1033,46008
0,0.1033,142802
0,0.1033,512258
0,0.1033,524156
0,0.1033,801824
0,0.1033,802413
0,0.1033,802891
0,0.1033,823598
0,0.1033,910865
0,0.1033,107629970
0,0.1033,761298433
0,0.1034,10184
0,0.1034,10886
0,0.1034,11405
0,0.1034,11699
0,0.1034,12089
0,0.1034,13601
0,0.1034,15126
0,0.1034,18069
0,0.1034,20756
0,0.1034,104220
0,0.1034,162599
0,0.1034,234867
0,0.1034,512314
0,0.1034,513934
0,0.1034,520816
0,0.1034,523506
0,0.1034,530435
0,0.1034,803215
0,0.1034,804195
0,0.1034,804984
0,0.1034,806201
0,0.1034,806747
0,0.1034,812186
0,0.1034,814353
0,0.1034,817261
0,0.1034,824034
0,0.1035,11586
0,0.1035,20319
0,0.1035,23602
0,0.1035,45024
0,0.1035,55161
0,0.1035,113924
0,0.1035,136159
0,0.1035,392714
0,0.1035,514230
0,0.1035,520188
0,0.1035,800126
0,0.1035,803999
0,0.1035,804696
0,0.1035,810117
0,0.1035,816644
0,0.1035,823598
0,0.1035,910225
0,0.1036,10080
0,0.1036,10175
0,0.1036,10303
0,0.1036,11142
0,0.1036,14024
0,0.1036,14029
0,0.1036,14674
0,0.1036,14997
0,0.1036,16616
0,0.1036,16645
0,0.1036,18997
0,0.1036,20359
0,0.1036,24050
0,0.1036,26287
0,0.1036,516513
0,0.1036,517202
0,0.1036,517852
0,0.1036,518938
0,0.1036,803524
0,0.1036,805678
0,0.1036,817047
0,0.1036,936838
0,0.1036,946767
0,0.1037,10994
0,0.1037,11785
0,0.1037,11982
0,0.1037,12176
0,0.1037,13698
0,0.1037,14276
0,0.1037,21644
0,0.1037,24246
0,0.1037,35558
0,0.1037,46724
0,0.1037,98388
0,0.1037,146366
0,0.1037,512273
0,0.1037,532827
0,0.1037,803955
0,0.1037,804220
0,0.1037,805757
0,0.1037,811904
0,0.1038,10646
0,0.1038,11489
0,0.1038,13306
0,0.1038,13628
0,0.1038,13880
0,0.1038,14063
0,0.1038,14694
0,0.1038,20777
0,0.1038,22870
0,0.1038,27725
0,0.1038,513364
0,0.1038,513636
0,0.1038,521147
0,0.1038,523776
0,0.1038,801974
0,0.1038,804119
0,0.1038,804555
0,0.1038,804848
0,0.1038,806463
0,0.1038,816323
0,0.1038,828126
0,0.1038,908561
0,0.1038,913939
0,0.1038,1111554233
0,0.1039,10295
0,0.1039,10480
0,0.1039,12105
0,0.1039,12802
0,0.1039,13585
0,0.1039,17086
0,0.1039,17419
0,0.1039,18522
0,0.1039,20077
0,0.1039,20656
0,0.1039,23762
0,0.1039,24136
0,0.1039,32040
0,0.1039,52756
0,0.1039,54011
0,0.1039,122745
0,0.1039,516110
0,0.1039,524136
0,0.1039,800461
0,0.1039,801397
0,0.1039,802399
0,0.1039,808845
0,0.1039,819096
0,0.1039,830333
0,0.1039,903484
0,0.1040,10375
0,0.1040,11253
0,0.1040,11756
0,0.1040,12158
0,0.1040,12815
0,0.1040,14539
0,0.1040,22058
0,0.1040,24885
0,0.1040,26650
0,0.1040,35474
0,0.1040,54602
0,0.1040,512720
0,0.1040,513405
0,0.1040,515072
0,0.1040,517501
0,0.1040,522909
0,0.1040,800181
0,0.1040,803129
0,0.1040,805241
0,0.1040,904108
0,0.1040,908181
0,0.1040,353379798
0,0.1040,1050215716
0,0.1041,10072
0,0.1041,11428
0,0.1041,12500
0,0.1041,12686
0,0.1041,13167
0,0.1041,13553
0,0.1041,14304
0,0.1041,17301
0,0.1041,17354
0,0.1041,18391
0,0.1041,114715
0,0.1041,154212
0,0.1041,234890
0,0.1041,512328
0,0.1041,518604
0,0.1041,518937
0,0.1041,519705
0,0.1041,555340
0,0.1041,802954
0,0.1041,848264
0,0.1042,10120
0,0.1042,10612
0,0.1042,14939
0,0.1042,16194
0,0.1042,16600
0,0.1042,18123
0,0.1042,20234
0,0.1042,27413
0,0.1042,51887
0,0.1042,258819
0,0.1042,291345
0,0.1042,516098
0,0.1042,522734
0,0.1042,800134
0,0.1042,801072
0,0.1042,807799
0,0.1042,823205
0,0.1042,199328457
0,0.1043,10555
0,0.1043,11255
0,0.1043,11321
0,0.1043,11959
0,0.1043,12194
0,0.1043,12902
0,0.1043,13363
0,0.1043,13569
0,0.1043,14464
0,0.1043,15287
0,0.1043,17892
0,0.1043,18124
0,0.1043,512319
0,0.1043,516616
0,0.1043,518220
0,0.1043,520367
0,0.1043,521536
0,0.1043,525350
0,0.1043,553194
0,0.1043,802134
0,0.1043,802164
0,0.1043,802405
0,0.1043,803544
0,0.1043,936713
0,0.1043,956305
0,0.1044,10825
0,0.1044,11537
0,0.1044,11693
0,0.1044,13121
0,0.1044,15243
0,0.1044,15514
0,0.1044,59776
0,0.1044,513283
0,0.1044,523049
0,0.1044,801946
0,0.1044,864655
0,0.1045,10011
0,0.1045,10692
0,0.1045,12139
0,0.1045,13274
0,0.1045,14061
0,0.1045,15674
0,0.1045,18568
0,0.1045,57559
0,0.1045,145229
0,0.1045,520691
0,0.1045,800577
0,0.1045,801616
0,0.1045,803605
0,0.1045,804456
0,0.1046,10202
0,0.1046,10226
0,0.1046,12055
0,0.1046,15850
0,0.1046,17276
0,0.1046,34725
0,0.1046,148726
0,0.1046,190421
0,0.1046,441056
0,0.1046,524167
0,0.1046,801610
0,0.1046,802201
0,0.1046,804023
0,0.1046,804530
0,0.1046,805227
0,0.1046,829341
0,0.1046,830333
0,0.1046,932684
0,0.1047,11125
0,0.1047,11466
0,0.1047,14461
0,0.1047,17245
0,0.1047,30780
0,0.1047,40468
0,0.1047,806061
0,0.1047,807396
0,0.1047,826503
0,0.1047,906092
0,0.1048,10278
0,0.1048,10323
0,0.1048,10941
0,0.1048,14828
0,0.1048,16350
0,0.1048,19341
0,0.1048,88651
0,0.1048,159866
0,0.1048,164190
0,0.1048,339863
0,0.1048,517501
0,0.1048,800412
0,0.1048,800776
0,0.1048,802651
0,0.1048,803992
0,0.1048,806817
0,0.1048,808250
0,0.1048,813633
0,0.1048,816236
0,0.1048,816323
0,0.1049,10050
0,0.1049,10540
0,0.1049,11155
0,0.1049,11648
0,0.1049,11659
0,0.1049,11921
0,0.1049,12962
0,0.1049,13406
0,0.1049,14151
0,0.1049,14263
0,0.1049,16743
0,0.1049,16754
0,0.1049,17272
0,0.1049,20072
0,0.1049,24463
0,0.1049,26284
0,0.1049,31735
0,0.1049,43756
0,0.1049,49243
0,0.1049,523863
0,0.1049,525958
0,0.1049,800150
0,0.1049,802124
0,0.1049,805185
0,0.1049,809401
0,0.1049,823869
0,0.1049,1111554233
0,0.1050,10057
0,0.1050,10150
0,0.1050,11271
0,0.1050,12696
0,0.1050,14127
0,0.1050,15667
0,0.1050,15828
0,0.1050,16587
0,0.1050,16908
0,0.1050,18437
0,0.1050,20831
0,0.1050,33168
0,0.1050,37554
0,0.1050,526576
0,0.1050,559554
0,0.1050,800307
0,0.1050,801658
0,0.1050,801702
0,0.1050,804500
0,0.1050,806689
0,0.1050,809979
0,0.1050,904624
0,0.1050,1050045395
0,0.1051,10287
0,0.1051,11403
0,0.1051,11445
0,0.1051,11485
0,0.1051,11577
0,0.1051,18364
0,0.1051,19253
0,0.1051,32315
0,0.1051,36234
0,0.1051,115704
0,0.1051,512077
0,0.1051,518443
0,0.1051,523675
0,0.1051,529571
0,0.1051,555176
0,0.1051,801841
0,0.1051,804301
0,0.1051,809441
0,0.1051,1050074465
0,0.1052,12358
0,0.1052,12398
0,0.1052,12809
0,0.1052,12872
0,0.1052,18787
0,0.1052,20818
0,0.1052,21519
0,0.1052,23273
0,0.1052,32016
0,0.1052,63027
0,0.1052,291345
0,0.1052,511823
0,0.1052,511828
0,0.1052,801395
0,0.1052,801491
0,0.1052,803493
0,0.1052,806900
0,0.1052,808183
0,0.1052,809085
0,0.1052,814115
0,0.1052,814430
0,0.1052,905514
0,0.1053,10799
0,0.1053,11976
0,0.1053,12140
0,0.1053,12547
0,0.1053,12704
0,0.1053,13317
0,0.1053,18118
0,0.1053,18595
0,0.1053,18953
0,0.1053,26636
0,0.1053,28010
0,0.1053,31398
0,0.1053,32062
0,0.1053,40300
0,0.1053,514344
0,0.1053,521698
0,0.1053,530449
0,0.1053,800417
0,0.1053,800594
0,0.1053,800998
0,0.1053,801310
0,0.1053,801688
0,0.1053,802137
0,0.1053,811999
0,0.1053,823869
0,0.1053,830025
0,0.1053,905528
0,0.1054,10180
0,0.1054,12131
0,0.1054,12368
0,0.1054,13456
0,0.1054,14047
0,0.1054,15789
0,0.1054,17177
0,0.1054,17846
0,0.1054,22122
0,0.1054,44690
0,0.1054,58394
0,0.1054,514988
0,0.1054,516796
0,0.1054,522387
0,0.1054,804857
0,0.1054,807312
0,0.1054,932322
0,0.1055,10185
0,0.1055,10879
0,0.1055,12907
0,0.1055,12955
0,0.1055,12999
0,0.1055,14227
0,0.1055,19930
0,0.1055,23826
0,0.1055,33316
0,0.1055,42372
0,0.1055,44934
0,0.1055,54534
0,0.1055,219189
0,0.1055,331721
0,0.1055,512825
0,0.1055,515026
0,0.1055,524732
0,0.1055,529603
0,0.1055,800926
0,0.1055,802308
0,0.1055,803566
0,0.1055,803589
0,0.1055,809980
0,0.1055,828126
0,0.1055,952874
0,0.1056,10863
0,0.1056,11806
0,0.1056,12455
0,0.1056,14542
0,0.1056,15325
0,0.1056,18779
0,0.1056,20538
0,0.1056,71503
0,0.1056,80867
0,0.1056,470711
0,0.1056,512390
0,0.1056,517777
0,0.1056,519862
0,0.1056,521814
0,0.1056,526612
0,0.1056,800505
0,0.1056,802072
0,0.1056,804299
0,0.1056,804627
0,0.1056,902691
0,0.1056,903679
0,0.1056,905871
0,0.1057,11220
0,0.1057,11796
0,0.1057,12240
0,0.1057,15163
0,0.1057,16493
0,0.1057,25859
0,0.1057,70088
0,0.1057,234867
0,0.1057,521240
0,0.1057,524761
0,0.1057,800376
0,0.1057,801394
0,0.1057,808715
0,0.1057,903727
0,0.1057,936524
0,0.1058,10497
0,0.1058,12151
0,0.1058,15245
0,0.1058,16370
0,0.1058,18963
0,0.1058,19189
0,0.1058,20594
0,0.1058,38272
0,0.1058,56322
0,0.1058,512927
0,0.1058,513499
0,0.1058,522352
0,0.1058,803033
0,0.1058,820174
0,0.1059,10168
0,0.1059,10315
0,0.1059,10707
0,0.1059,15568
0,0.1059,16309
0,0.1059,37942
0,0.1059,215209
0,0.1059,515140
0,0.1059,523482
0,0.1059,800041
0,0.1059,805657
0,0.1059,810241
0,0.1059,815281
0,0.1059,817261
0,0.1059,827683
0,0.1059,904537
0,0.1059,932321
0,0.1060,10531
0,0.1060,10691
0,0.1060,11447
0,0.1060,11460
0,0.1060,12298
0,0.1060,13360
0,0.1060,16659
0,0.1060,17408
0,0.1060,25970
0,0.1060,28341
0,0.1060,39880
0,0.1060,41913
0,0.1060,512534
0,0.1060,518330
0,0.1060,524968
0,0.1060,800363
0,0.1060,811054
0,0.1060,815454
0,0.1060,820146
0,0.1060,903602
0,0.1061,10222
0,0.1061,10959
0,0.1061,12065
0,0.1061,18419
0,0.1061,19283
0,0.1061,29939
0,0.1061,235061
0,0.1061,513100
0,0.1061,523564
0,0.1061,555502
0,0.1061,800876
0,0.1061,803172
0,0.1061,803340
0,0.1061,806433
0,0.1061,807560
0,0.1061,808551
0,0.1061,903481
0,0.1061,904536
0,0.1062,10319
0,0.1062,10490
0,0.1062,11368
0,0.1062,11426
0,0.1062,11819
0,0.1062,13824
0,0.1062,14075
0,0.1062,17938
0,0.1062,18604
0,0.1062,19336
0,0.1062,24016
0,0.1062,34896
0,0.1062,39095
0,0.1062,39134
0,0.1062,48491
0,0.1062,131748
0,0.1062,514195
0,0.1062,515775
0,0.1062,519046
0,0.1062,549229
0,0.1062,800413
0,0.1062,802955
0,0.1062,803500
0,0.1062,805480
0,0.1062,809862
0,0.1062,818987
0,0.1062,936810
0,0.1063,10138
0,0.1063,10819
0,0.1063,12228
0,0.1063,16175
0,0.1063,24340
0,0.1063,29129
0,0.1063,30212
0,0.1063,41428
0,0.1063,70486
0,0.1063,72632
0,0.1063,86750
0,0.1063,519230
0,0.1063,519456
0,0.1063,523060
0,0.1063,533368
0,0.1063,536057
0,0.1063,536208
0,0.1063,800159
0,0.1063,801557
0,0.1063,803047
0,0.1063,805165
0,0.1063,805860
0,0.1063,818987
0,0.1063,821882
0,0.1063,829714
0,0.1063,106822444
0,0.1064,10087
0,0.1064,10190
0,0.1064,10671
0,0.1064,10932
0,0.1064,11979
0,0.1064,13526
0,0.1064,14499
0,0.1064,14736
0,0.1064,18141
0,0.1064,18777
0,0.1064,25236
0,0.1064,26481
0,0.1064,35503
0,0.1064,36216
0,0.1064,37248
0,0.1064,41949
0,0.1064,42374
0,0.1064,52665
0,0.1064,84925
0,0.1064,522828
0,0.1064,534404
0,0.1064,800719
0,0.1064,802172
0,0.1064,803052
0,0.1064,810995
0,0.1064,815205
0,0.1064,924571
0,0.1064,199328457
0,0.1064,1111554233
0,0.1065,11208
0,0.1065,13984
0,0.1065,14255
0,0.1065,18504
0,0.1065,29021
0,0.1065,245794
0,0.1065,512255
0,0.1065,520177
0,0.1065,522434
0,0.1065,524370
0,0.1065,800976
0,0.1065,810694
0,0.1065,821236
0,0.1065,932796
0,0.1066,10432
0,0.1066,15051
0,0.1066,15602
0,0.1066,17981
0,0.1066,22607
0,0.1066,26576
0,0.1066,26798
0,0.1066,33034
0,0.1066,38326
0,0.1066,512549
0,0.1066,516256
0,0.1066,521466
0,0.1066,522822
0,0.1066,800500
0,0.1066,804288
0,0.1066,805926
0,0.1066,816439
0,0.1066,824830
0,0.1066,906612
0,0.1066,908183
0,0.1066,981789985
0,0.1067,11171
0,0.1067,12149
0,0.1067,14881
0,0.1067,18915
0,0.1067,19902
0,0.1067,19998
0,0.1067,29918
0,0.1067,37345
0,0.1067,67174
0,0.1067,514483
0,0.1067,517847
0,0.1067,520439
0,0.1067,529411
0,0.1067,565814
0,0.1067,580819
0,0.1067,800371
0,0.1067,800488
0,0.1067,801113
0,0.1067,801507
0,0.1067,801730
0,0.1067,803982
0,0.1067,806253
0,0.1067,807296
0,0.1068,10110
0,0.1068,10289
0,0.1068,10639
0,0.1068,11199
0,0.1068,11302
0,0.1068,11679
0,0.1068,11709
0,0.1068,13013
0,0.1068,13305
0,0.1068,13962
0,0.1068,14115
0,0.1068,15888
0,0.1068,23416
0,0.1068,26901
0,0.1068,38835
0,0.1068,42509
0,0.1068,50082
0,0.1068,70651
0,0.1068,114151
0,0.1068,519514
0,0.1068,520533
0,0.1068,810750
0,0.1068,830766
0,0.1068,848264
0,0.1068,909139
0,0.1068,956305
0,0.1068,106822444
0,0.1069,10619
0,0.1069,15576
0,0.1069,21242
0,0.1069,30446
0,0.1069,57240
0,0.1069,514045
0,0.1069,515062
0,0.1069,532750
0,0.1069,800910
0,0.1069,802381
0,0.1069,802521
0,0.1069,805797
0,0.1069,809001
0,0.1069,815054
0,0.1069,820191
0,0.1069,905405
0,0.1069,776770294
0,0.1070,13303
0,0.1070,14009
0,0.1070,17452
0,0.1070,19655
0,0.1070,80498
0,0.1070,119230
0,0.1070,174420
0,0.1070,514362
0,0.1070,537032
0,0.1070,806172
0,0.1070,820943
0,0.1070,914445
0,0.1070,956305
0,0.1071,10205
0,0.1071,10330
0,0.1071,10719
0,0.1071,10892
0,0.1071,12595
0,0.1071,12806
0,0.1071,13004
0,0.1071,13551
0,0.1071,26641
0,0.1071,44903
0,0.1071,54246
0,0.1071,353032
0,0.1071,515289
0,0.1071,520865
0,0.1071,529488
0,0.1071,531769
0,0.1071,801895
0,0.1071,813264
0,0.1071,906663
0,0.1071,933202
0,0.1072,10100
0,0.1072,11768
0,0.1072,16641
0,0.1072,17391
0,0.1072,18431
0,0.1072,18744
0,0.1072,18911
0,0.1072,25045
0,0.1072,26601
0,0.1072,33983
0,0.1072,34225
0,0.1072,41746
0,0.1072,364582
0,0.1072,802181
0,0.1072,809678
0,0.1072,900035
0,0.1072,904821
0,0.1072,911978
0,0.1073,10041
0,0.1073,10394
0,0.1073,11361
0,0.1073,13158
0,0.1073,13442
0,0.1073,14134
0,0.1073,20631
0,0.1073,25939
0,0.1073,27092
0,0.1073,121084
0,0.1073,513968
0,0.1073,521113
0,0.1073,529125
0,0.1073,800856
0,0.1073,801295
0,0.1073,801415
0,0.1073,802145
0,0.1073,813695
0,0.1073,902553
0,0.1073,904161
0,0.1074,10027
0,0.1074,12232
0,0.1074,13768
0,0.1074,14215
0,0.1074,15237
0,0.1074,16280
0,0.1074,16938
0,0.1074,21693
0,0.1074,34683
0,0.1074,64180
0,0.1074,519761
0,0.1074,555344
0,0.1074,801970
0,0.1074,802455
0,0.1074,803440
0,0.1074,817089
0,0.1074,821729
0,0.1074,902842
0,0.1074,904983
0,0.1074,908236
0,0.1075,10167
0,0.1075,10414
0,0.1075,11012
0,0.1075,12561
0,0.1075,13475
0,0.1075,14899
0,0.1075,16795
0,0.1075,18070
0,0.1075,19486
0,0.1075,33014
0,0.1075,53138
0,0.1075,512791
0,0.1075,515578
0,0.1075,522729
0,0.1075,522819
0,0.1075,802044
0,0.1075,803709
0,0.1075,936713
0,0.1076,10114
0,0.1076,10652
0,0.1076,14327
0,0.1076,15891
0,0.1076,19036
0,0.1076,69319
0,0.1076,520117
0,0.1076,520440
0,0.1076,806124
0,0.1076,816323
0,0.1076,820146
0,0.1076,933157
0,0.1077,10468
0,0.1077,11013
0,0.1077,11021
0,0.1077,11947
0,0.1077,12252
0,0.1077,13563
0,0.1077,16051
0,0.1077,23619
0,0.1077,28522
0,0.1077,34466
0,0.1077,45539
0,0.1077,56032
0,0.1077,61921
0,0.1077,64709
0,0.1077,68513
0,0.1077,73254
0,0.1077,76711
0,0.1077,802289
0,0.1077,803017
0,0.1077,811415
0,0.1077,817565
0,0.1077,904042
0,0.1077,956310
0,0.1078,10537
0,0.1078,11375
0,0.1078,12134
0,0.1078,12405
0,0.1078,12510
0,0.1078,12650
0,0.1078,14869
0,0.1078,15716
0,0.1078,18817
0,0.1078,23761
0,0.1078,26705
0,0.1078,38926
0,0.1078,514405
0,0.1078,516820
0,0.1078,517512
0,0.1078,800554
0,0.1078,804371
0,0.1078,811752
0,0.1078,819089
0,0.1079,10428
0,0.1079,10661
0,0.1079,11751
0,0.1079,11883
0,0.1079,12654
0,0.1079,13559
0,0.1079,13877
0,0.1079,14259
0,0.1079,14733
0,0.1079,17455
0,0.1079,29578
0,0.1079,39262
0,0.1079,76194
0,0.1079,94433
0,0.1079,523636
0,0.1079,547701
0,0.1079,800718
0,0.1079,904184
0,0.1079,906228
0,0.1080,10479
0,0.1080,10735
0,0.1080,11665
0,0.1080,11969
0,0.1080,11977
0,0.1080,16125
0,0.1080,18054
0,0.1080,42199
0,0.1080,64301
0,0.1080,523939
0,0.1080,524224
0,0.1080,555383
0,0.1080,801816
0,0.1080,803365
0,0.1080,804625
0,0.1080,814010
0,0.1081,10215
0,0.1081,10494
0,0.1081,10750
0,0.1081,10816
0,0.1081,11238
0,0.1081,11948
0,0.1081,12067
0,0.1081,12109
0,0.1081,12181
0,0.1081,12720
0,0.1081,16127
0,0.1081,18033
0,0.1081,19080
0,0.1081,21646
0,0.1081,27818
0,0.1081,152496
0,0.1081,519399
0,0.1081,521236
0,0.1081,533748
0,0.1081,800447
0,0.1081,802223
0,0.1081,803163
0,0.1081,805173
0,0.1081,814367
0,0.1081,818987
0,0.1082,11030
0,0.1082,11221
0,0.1082,11338
0,0.1082,12590
0,0.1082,14497
0,0.1082,14765
0,0.1082,15914
0,0.1082,25905
0,0.1082,33492
0,0.1082,40835
0,0.1082,61398
0,0.1082,85527
0,0.1082,524361
0,0.1082,809538
0,0.1082,839612
0,0.1082,928349
0,0.1083,10094
0,0.1083,10255
0,0.1083,10625
0,0.1083,13460
0,0.1083,15423
0,0.1083,28139
0,0.1083,34072
0,0.1083,54597
0,0.1083,121308
0,0.1083,138443
0,0.1083,514596
0,0.1083,518578
0,0.1083,531768
0,0.1084,10187
0,0.1084,13255
0,0.1084,14947
0,0.1084,15304
0,0.1084,16551
0,0.1084,16794
0,0.1084,17454
0,0.1084,18303
0,0.1084,24741
0,0.1084,32258
0,0.1084,54133
0,0.1084,514917
0,0.1084,529029
0,0.1084,801670
0,0.1084,803732
0,0.1084,805532
0,0.1084,807288
0,0.1084,912647
0,0.1084,928701
0,0.1084,711866623
0,0.1085,10769
0,0.1085,13428
0,0.1085,14434
0,0.1085,16708
0,0.1085,21400
0,0.1085,26862
0,0.1085,27296
0,0.1085,38315
0,0.1085,58426
0,0.1085,99329
0,0.1085,522738
0,0.1085,800890
0,0.1085,802887
0,0.1085,802907
0,0.1085,804351
0,0.1085,936773
0,0.1086,11357
0,0.1086,12532
0,0.1086,13221
0,0.1086,14034
0,0.1086,18754
0,0.1086,34949
0,0.1086,64874
0,0.1086,93001
0,0.1086,98544
0,0.1086,512509
0,0.1086,519365
0,0.1086,800343
0,0.1086,802801
0,0.1086,805647
0,0.1086,906554
0,0.1087,10293
0,0.1087,11161
0,0.1087,11764
0,0.1087,12095
0,0.1087,12327
0,0.1087,13812
0,0.1087,14907
0,0.1087,15041
0,0.1087,19616
0,0.1087,23167
0,0.1087,25191
0,0.1087,31952
0,0.1087,42896
0,0.1087,48638
0,0.1087,58730
0,0.1087,517548
0,0.1087,520115
0,0.1087,520217
0,0.1087,805489
0,0.1087,807167
0,0.1087,814989
0,0.1087,817684
0,0.1088,12091
0,0.1088,12333
0,0.1088,15393
0,0.1088,16936
0,0.1088,17691
0,0.1088,23601
0,0.1088,33038
0,0.1088,128995
0,0.1088,195264
0,0.1088,522440
0,0.1088,802765
0,0.1088,818399
0,0.1088,820146
0,0.1089,10673
0,0.1089,10748
0,0.1089,10974
0,0.1089,11010
0,0.1089,11029
0,0.1089,11152
0,0.1089,12411
0,0.1089,12924
0,0.1089,13932
0,0.1089,18156
0,0.1089,26417
0,0.1089,28374
0,0.1089,35614
0,0.1089,56193
0,0.1089,327169
0,0.1089,516886
0,0.1089,523626
0,0.1089,535523
0,0.1089,800378
0,0.1089,801617
0,0.1089,801998
0,0.1089,805932
0,0.1089,811406
0,0.1089,814783
0,0.1089,902580
0,0.1089,904538
0,0.1090,10421
0,0.1090,11877
0,0.1090,12947
0,0.1090,15494
0,0.1090,16986
0,0.1090,30119
0,0.1090,35743
0,0.1090,60946
0,0.1090,512199
0,0.1090,532909
0,0.1090,803048
0,0.1090,811764
0,0.1090,818085
0,0.1090,821311
0,0.1090,903425
0,0.1091,10047
0,0.1091,10088
0,0.1091,10852
0,0.1091,12646
0,0.1091,13598
0,0.1091,14207
0,0.1091,15351
0,0.1091,15666
0,0.1091,15680
0,0.1091,18548
0,0.1091,18745
0,0.1091,21174
0,0.1091,29635
0,0.1091,38847
0,0.1091,520817
0,0.1091,812633
0,0.1091,814958
0,0.1091,817047
0,0.1091,823598
0,0.1091,827678
0,0.1091,929749
0,0.1092,10693
0,0.1092,11497
0,0.1092,13371
0,0.1092,13760
0,0.1092,13863
0,0.1092,16093
0,0.1092,19068
0,0.1092,20648
0,0.1092,32967
0,0.1092,515460
0,0.1092,800258
0,0.1092,802544
0,0.1092,803721
0,0.1092,807269
0,0.1092,817670
0,0.1092,935007
0,0.1092,935161
0,0.1092,1050003044
0,0.1093,10562
0,0.1093,11214
0,0.1093,11263
0,0.1093,12159
0,0.1093,12334
0,0.1093,12565
0,0.1093,15514
0,0.1093,18278
0,0.1093,19982
0,0.1093,25792
0,0.1093,32959
0,0.1093,513283
0,0.1093,521374
0,0.1093,522335
0,0.1093,555827
0,0.1093,801564
0,0.1093,803996
0,0.1093,810372
0,0.1093,814106
0,0.1094,10271
0,0.1094,10294
0,0.1094,10488
0,0.1094,11832
0,0.1094,13263
0,0.1094,15046
0,0.1094,19760
0,0.1094,20544
0,0.1094,45681
0,0.1094,64221
0,0.1094,70167
0,0.1094,515933
0,0.1094,574357
0,0.1094,804264
0,0.1094,809196
0,0.1094,813104
0,0.1094,813725
0,0.1094,823262
0,0.1094,910004
0,0.1095,10166
0,0.1095,10510
0,0.1095,12295
0,0.1095,12358
0,0.1095,13794
0,0.1095,14093
0,0.1095,16504
0,0.1095,16707
0,0.1095,16885
0,0.1095,20818
0,0.1095,21932
0,0.1095,23325
0,0.1095,40983
0,0.1095,53086
0,0.1095,63122
0,0.1095,98698
0,0.1095,517105
0,0.1095,800809
0,0.1095,810086
0,0.1095,811034
0,0.1095,902790
0,0.1095,906622
0,0.1096,10553
0,0.1096,10830
0,0.1096,11540
0,0.1096,14131
0,0.1096,15042
0,0.1096,21849
0,0.1096,38706
0,0.1096,71157
0,0.1096,523945
0,0.1096,801047
0,0.1096,813076
0,0.1096,903107
0,0.1097,10099
0,0.1097,12858
0,0.1097,14567
0,0.1097,15110
0,0.1097,18204
0,0.1097,22126
0,0.1097,24379
0,0.1097,29458
0,0.1097,520214
0,0.1097,521675
0,0.1097,556539
0,0.1097,805244
0,0.1097,806999
0,0.1097,807534
0,0.1097,829527
0,0.1097,905312
0,0.1098,11419
0,0.1098,12917
0,0.1098,13273
0,0.1098,13317
0,0.1098,14766
0,0.1098,15890
0,0.1098,18413
0,0.1098,18597
0,0.1098,19189
0,0.1098,20144
0,0.1098,21231
0,0.1098,22747
0,0.1098,22799
0,0.1098,45722
0,0.1098,178990
0,0.1098,517256
0,0.1098,522715
0,0.1098,526298
0,0.1098,534534
0,0.1098,800077
0,0.1098,802768
0,0.1098,807072
0,0.1098,821058
0,0.1098,1050014552
0,0.1099,10109
0,0.1099,10172
0,0.1099,10290
0,0.1099,12584
0,0.1099,14330
0,0.1099,15362
0,0.1099,17474
0,0.1099,18419
0,0.1099,19104
0,0.1099,20418
0,0.1099,21235
0,0.1099,34187
0,0.1099,40888
0,0.1099,49761
0,0.1099,516514
0,0.1099,520641
0,0.1099,522410
0,0.1099,802937
0,0.1099,805137
0,0.1099,808456
0,0.1099,811215
0,0.1100,10447
0,0.1100,12104
0,0.1100,12183
0,0.1100,12844
0,0.1100,13347
0,0.1100,14279
0,0.1100,23273
0,0.1100,24708
0,0.1100,30504
0,0.1100,35293
0,0.1100,37142
0,0.1100,61079
0,0.1100,72491
0,0.1100,525441
0,0.1100,801916
0,0.1100,806417
0,0.1100,816113
0,0.1100,904652
0,0.1101,10050
0,0.1101,10097
0,0.1101,10278
0,0.1101,10740
0,0.1101,11252
0,0.1101,13281
0,0.1101,14949
0,0.1101,14997
0,0.1101,15212
0,0.1101,16659
0,0.1101,16879
0,0.1101,19158
0,0.1101,21719
0,0.1101,22278
0,0.1101,28683
0,0.1101,524655
0,0.1101,529031
0,0.1101,803599
0,0.1101,955658695
0,0.1101,1050542828
0,0.1101,1111554233
0,0.1102,10185
0,0.1102,11802
0,0.1102,13659
0,0.1102,16473
0,0.1102,22536
0,0.1102,27682
0,0.1102,28938
0,0.1102,55013
0,0.1102,65472
0,0.1102,102545
0,0.1102,800244
0,0.1102,801077
0,0.1102,816644
0,0.1102,830295
0,0.1102,956323
0,0.1103,10080
0,0.1103,10203
0,0.1103,10243
0,0.1103,11724
0,0.1103,12064
0,0.1103,17958
0,0.1103,18940
0,0.1103,19255
0,0.1103,19452
0,0.1103,28010
0,0.1103,39813
0,0.1103,63923
0,0.1103,151050
0,0.1103,522815
0,0.1103,524902
0,0.1103,812884
0,0.1103,818085
0,0.1103,903280
0,0.1104,10997
0,0.1104,11327
0,0.1104,11515
0,0.1104,21563
0,0.1104,22870
0,0.1104,26284
0,0.1104,28791
0,0.1104,55385
0,0.1104,89621
0,0.1104,513378
0,0.1104,517257
0,0.1104,520194
0,0.1104,520642
0,0.1104,520863
0,0.1104,530880
0,0.1104,800070
0,0.1104,800111
0,0.1104,802461
0,0.1104,804132
0,0.1104,807676
0,0.1104,807924
0,0.1104,814430
0,0.1104,821236
0,0.1104,829341
0,0.1105,10178
0,0.1105,12506
0,0.1105,31839
0,0.1105,41598
0,0.1105,470711
0,0.1105,519787
0,0.1105,523379
0,0.1105,524292
0,0.1105,529385
0,0.1105,800141
0,0.1105,802652
0,0.1105,803013
0,0.1105,905870
0,0.1105,946767
0,0.1106,10110
0,0.1106,10312
0,0.1106,16438
0,0.1106,17694
0,0.1106,26287
0,0.1106,30807
0,0.1106,36947
0,0.1106,40390
0,0.1106,68489
0,0.1106,104220
0,0.1106,119860
0,0.1106,521662
0,0.1106,529498
0,0.1106,806601
0,0.1106,904539
0,0.1106,905259
0,0.1107,12730
0,0.1107,18215
0,0.1107,57935
0,0.1107,520468
0,0.1107,521059
0,0.1107,521584
0,0.1107,523564
0,0.1107,800048
0,0.1107,800056
0,0.1107,800311
0,0.1107,803683
0,0.1107,804384
0,0.1107,807750
0,0.1107,821201
0,0.1107,826503
0,0.1108,10831
0,0.1108,10872
0,0.1108,10879
0,0.1108,11440
0,0.1108,13669
0,0.1108,16087
0,0.1108,19827
0,0.1108,22521
0,0.1108,23826
0,0.1108,80175
0,0.1108,121510
0,0.1108,514858
0,0.1108,520210
0,0.1108,523772
0,0.1108,529520
0,0.1108,559335
0,0.1108,800126
0,0.1108,800134
0,0.1108,802632
0,0.1108,946767
0,0.1109,10041
0,0.1109,10807
0,0.1109,11717
0,0.1109,12575
0,0.1109,14523
0,0.1109,14643
0,0.1109,15273
0,0.1109,15473
0,0.1109,16393
0,0.1109,19850
0,0.1109,22519
0,0.1109,26455
0,0.1109,26793
0,0.1109,36295
0,0.1109,47107
0,0.1109,470711
0,0.1109,524717
0,0.1109,801257
0,0.1109,803561
0,0.1110,10599
0,0.1110,13692
0,0.1110,24227
0,0.1110,25184
0,0.1110,26741
0,0.1110,27725
0,0.1110,68889
0,0.1110,71547
0,0.1110,516070
0,0.1110,518309
0,0.1110,519720
0,0.1110,801503
0,0.1110,812134
0,0.1110,817089
0,0.1110,817453
0,0.1110,911338
0,0.1111,10202
0,0.1111,11094
0,0.1111,11765
0,0.1111,13754
0,0.1111,16173
0,0.1111,17726
0,0.1111,22706
0,0.1111,42588
0,0.1111,511926
0,0.1111,517501
0,0.1111,518604
0,0.1111,527048
0,0.1111,800724
0,0.1111,804180
0,0.1111,821201
0,0.1112,10914
0,0.1112,11241
0,0.1112,14863
0,0.1112,15562
0,0.1112,29340
0,0.1112,46691
0,0.1112,222777
0,0.1112,529803
0,0.1112,800415
0,0.1112,802477
0,0.1112,805213
0,0.1112,814323
0,0.1112,815064
0,0.1112,830025
0,0.1113,10623
0,0.1113,10658
0,0.1113,10988
0,0.1113,12264
0,0.1113,12830
0,0.1113,14881
0,0.1113,18980
0,0.1113,21568
0,0.1113,39082
0,0.1113,358032
0,0.1113,801251
0,0.1113,803129
0,0.1113,805015
0,0.1114,11054
0,0.1114,12055
0,0.1114,13115
0,0.1114,15436
0,0.1114,16430
0,0.1114,21257
0,0.1114,29205
0,0.1114,31070
0,0.1114,33075
0,0.1114,353032
0,0.1114,514988
0,0.1114,515293
0,0.1114,524133
0,0.1114,531732
0,0.1114,801783
0,0.1114,902554
0,0.1115,10242
0,0.1115,10323
0,0.1115,11532
0,0.1115,11893
0,0.1115,12123
0,0.1115,13307
0,0.1115,16579
0,0.1115,23654
0,0.1115,511757
0,0.1115,513405
0,0.1115,518194
0,0.1115,530449
0,0.1115,802980
0,0.1115,906365
0,0.1116,10448
0,0.1116,10663
0,0.1116,10677
0,0.1116,10825
0,0.1116,12718
0,0.1116,13872
0,0.1116,14200
0,0.1116,23039
0,0.1116,38425
0,0.1116,81228
0,0.1116,392714
0,0.1116,512750
0,0.1116,514361
0,0.1116,520367
0,0.1116,521075
0,0.1116,531643
0,0.1116,537899
0,0.1116,801538
0,0.1116,803682
0,0.1116,908747
0,0.1117,10150
0,0.1117,10941
0,0.1117,10967
0,0.1117,11590
0,0.1117,13874
0,0.1117,14840
0,0.1117,18777
0,0.1117,39026
0,0.1117,43806
0,0.1117,48914
0,0.1117,76219
0,0.1117,512307
0,0.1117,514125
0,0.1117,518220
0,0.1117,519454
0,0.1117,521814
0,0.1117,523675
0,0.1117,800412
0,0.1117,816113
0,0.1117,828126
0,0.1118,10011
0,0.1118,10224
0,0.1118,10269
0,0.1118,10404
0,0.1118,11131
0,0.1118,12398
0,0.1118,12727
0,0.1118,13456
0,0.1118,15325
0,0.1118,18779
0,0.1118,32545
0,0.1118,519896
0,0.1118,523776
0,0.1118,523843
0,0.1118,801295
0,0.1118,801581
0,0.1118,801895
0,0.1118,804538
0,0.1118,909612
0,0.1118,932322
0,0.1119,10912
0,0.1119,11181
0,0.1119,13259
0,0.1119,14311
0,0.1119,14486
0,0.1119,16506
0,0.1119,20831
0,0.1119,21609
0,0.1119,23812
0,0.1119,26432
0,0.1119,32392
0,0.1119,511828
0,0.1119,512927
0,0.1119,515072
0,0.1119,548337
0,0.1119,558854
0,0.1119,804556
0,0.1119,776770294
0,0.1120,10057
0,0.1120,10119
0,0.1120,10251
0,0.1120,10299
0,0.1120,10687
0,0.1120,10969
0,0.1120,11654
0,0.1120,14717
0,0.1120,14853
0,0.1120,15316
0,0.1120,16816
0,0.1120,20755
0,0.1120,24382
0,0.1120,25939
0,0.1120,87111
0,0.1120,536309
0,0.1120,1111554233
0,0.1121,10040
0,0.1121,11095
0,0.1121,11915
0,0.1121,14424
0,0.1121,15886
0,0.1121,17685
0,0.1121,17715
0,0.1121,47896
0,0.1121,101652
0,0.1121,511759
0,0.1121,517202
0,0.1121,517512
0,0.1121,521538
0,0.1121,530435
0,0.1121,801970
0,0.1121,802174
0,0.1121,936524
0,0.1122,10282
0,0.1122,10685
0,0.1122,11103
0,0.1122,11254
0,0.1122,11607
0,0.1122,12028
0,0.1122,12796
0,0.1122,13079
0,0.1122,13773
0,0.1122,14387
0,0.1122,18504
0,0.1122,18838
0,0.1122,30371
0,0.1122,64607
0,0.1122,512911
0,0.1122,524761
0,0.1122,800718
0,0.1122,808183
0,0.1122,955284
0,0.1123,10072
0,0.1123,10241
0,0.1123,10432
0,0.1123,14026
0,0.1123,14194
0,0.1123,15176
0,0.1123,19334
0,0.1123,45628
0,0.1123,53078
0,0.1123,56017
0,0.1123,512842
0,0.1123,531862
0,0.1123,581219
0,0.1123,801366
0,0.1123,802080
0,0.1123,903604
0,0.1124,10060
0,0.1124,10820
0,0.1124,10917
0,0.1124,13442
0,0.1124,13640
0,0.1124,18437
0,0.1124,18932
0,0.1124,19089
0,0.1124,31967
0,0.1124,514045
0,0.1124,521698
0,0.1124,535668
0,0.1124,802565
0,0.1124,810586
0,0.1124,820943
0,0.1124,932796
0,0.1125,11402
0,0.1125,11638
0,0.1125,12396
0,0.1125,14188
0,0.1125,15059
0,0.1125,16599
0,0.1125,19118
0,0.1125,25750
0,0.1125,38190
0,0.1125,38854
0,0.1125,511823
0,0.1125,511839
0,0.1125,512858
0,0.1125,519000
0,0.1125,802139
0,0.1125,802615
0,0.1125,823205
0,0.1125,848264
0,0.1126,10100
0,0.1126,11201
0,0.1126,11888
0,0.1126,12437
0,0.1126,16493
0,0.1126,16856
0,0.1126,22240
0,0.1126,22441
0,0.1126,42194
0,0.1126,89545
0,0.1126,514547
0,0.1126,519751
0,0.1126,522762
0,0.1126,800317
0,0.1126,811204
0,0.1126,816644
0,0.1127,10704
0,0.1127,11701
0,0.1127,11902
0,0.1127,12283
0,0.1127,20185
0,0.1127,25763
0,0.1127,69544
0,0.1127,87338
0,0.1127,87645
0,0.1127,514997
0,0.1127,521783
0,0.1127,524883
0,0.1127,801561
0,0.1127,806013
0,0.1127,827678
0,0.1127,1050045395
0,0.1128,11003
0,0.1128,13771
0,0.1128,13800
0,0.1128,15224
0,0.1128,17835
0,0.1128,24016
0,0.1128,25255
0,0.1128,31681
0,0.1128,303314
0,0.1128,512390
0,0.1128,526612
0,0.1128,804178
0,0.1128,817047
0,0.1128,819089
0,0.1128,105856729
0,0.1129,10265
0,0.1129,10537
0,0.1129,11485
0,0.1129,11838
0,0.1129,13559
0,0.1129,15955
0,0.1129,48491
0,0.1129,49947
0,0.1129,131748
0,0.1129,513646
0,0.1129,522329
0,0.1129,802755
0,0.1129,810087
0,0.1129,819089
0,0.1130,12140
0,0.1130,12943
0,0.1130,13084
0,0.1130,24246
0,0.1130,28520
0,0.1130,521092
0,0.1130,524767
0,0.1130,803566
0,0.1130,776770294
0,0.1131,10205
0,0.1131,10226
0,0.1131,10950
0,0.1131,11318
0,0.1131,12777
0,0.1131,38085
0,0.1131,516256
0,0.1131,524429
0,0.1131,537027
0,0.1131,800856
0,0.1131,801845
0,0.1131,803460
0,0.1131,804958
0,0.1131,817670
0,0.1131,820943
0,0.1132,10285
0,0.1132,11377
0,0.1132,12813
0,0.1132,13287
0,0.1132,19541
0,0.1132,19696
0,0.1132,21296
0,0.1132,22202
0,0.1132,27372
0,0.1132,58394
0,0.1132,235061
0,0.1132,525510
0,0.1132,803982
0,0.1132,804445
0,0.1132,805165
0,0.1132,904122
0,0.1132,908143
0,0.1133,10165
0,0.1133,11255
0,0.1133,11604
0,0.1133,13730
0,0.1133,13877
0,0.1133,14224
0,0.1133,17671
0,0.1133,34801
0,0.1133,512314
0,0.1133,514265
0,0.1133,517193
0,0.1133,523547
0,0.1133,802955
0,0.1133,932321
0,0.1134,10137
0,0.1134,10255
0,0.1134,10428
0,0.1134,11166
0,0.1134,11447
0,0.1134,11450
0,0.1134,13901
0,0.1134,25045
0,0.1134,25529
0,0.1134,56308
0,0.1134,97863
0,0.1134,137497
0,0.1134,514405
0,0.1134,804063
0,0.1134,806236
0,0.1134,810069
0,0.1134,817047
0,0.1134,903727
0,0.1135,10365
0,0.1135,11038
0,0.1135,23513
0,0.1135,67384
0,0.1135,76194
0,0.1135,247112
0,0.1135,512581
0,0.1135,519818
0,0.1135,534301
0,0.1135,549229
0,0.1135,817670
0,0.1135,936810
0,0.1136,11699
0,0.1136,14232
0,0.1136,14449
0,0.1136,20774
0,0.1136,23619
0,0.1136,23809
0,0.1136,26417
0,0.1136,26455
0,0.1136,32258
0,0.1136,38835
0,0.1136,56877
0,0.1136,516433
0,0.1136,802623
0,0.1136,803418
0,0.1136,818961
0,0.1137,10175
0,0.1137,10683
0,0.1137,11005
0,0.1137,24134
0,0.1137,30169
0,0.1137,38272
0,0.1137,41054
0,0.1137,47438
0,0.1137,517548
0,0.1137,522763
0,0.1137,555340
0,0.1137,800159
0,0.1137,800181
0,0.1137,800376
0,0.1137,802958
0,0.1137,803804
0,0.1137,804398
0,0.1137,807799
0,0.1137,823262
0,0.1138,10303
0,0.1138,10457
0,0.1138,10555
0,0.1138,11371
0,0.1138,12993
0,0.1138,13005
0,0.1138,13007
0,0.1138,16880
0,0.1138,17402
0,0.1138,27296
0,0.1138,50303
0,0.1138,521928
0,0.1138,522706
0,0.1138,804899
0,0.1138,906612
0,0.1138,907895
0,0.1138,1050443274
0,0.1139,10168
0,0.1139,10210
0,0.1139,10494
0,0.1139,11006
0,0.1139,11428
0,0.1139,12817
0,0.1139,15127
0,0.1139,23025
0,0.1139,25532
0,0.1139,34900
0,0.1139,37265
0,0.1139,512273
0,0.1139,520016
0,0.1139,800464
0,0.1139,800910
0,0.1139,806094
0,0.1139,806355
0,0.1139,809055
0,0.1140,10035
0,0.1140,10672
0,0.1140,12503
0,0.1140,19760
0,0.1140,23325
0,0.1140,23524
0,0.1140,44005
0,0.1140,327169
0,0.1140,514596
0,0.1140,801479
0,0.1141,10114
0,0.1141,10204
0,0.1141,10540
0,0.1141,10959
0,0.1141,11021
0,0.1141,11155
0,0.1141,11303
0,0.1141,12006
0,0.1141,12872
0,0.1141,13854
0,0.1141,14686
0,0.1141,16687
0,0.1141,16794
0,0.1141,21932
0,0.1141,23601
0,0.1141,35743
0,0.1141,36691
0,0.1141,392714
0,0.1141,470711
0,0.1141,512328
0,0.1141,521414
0,0.1141,521536
0,0.1141,802887
0,0.1141,903732
0,0.1142,10436
0,0.1142,11635
0,0.1142,13295
0,0.1142,13793
0,0.1142,14434
0,0.1142,14993
0,0.1142,15004
0,0.1142,15514
0,0.1142,24690
0,0.1142,29135
0,0.1142,30310
0,0.1142,36115
0,0.1142,51682
0,0.1142,70651
0,0.1142,85527
0,0.1142,114715
0,0.1142,520081
0,0.1142,801199
0,0.1142,803562
0,0.1142,804001
0,0.1142,819096
0,0.1142,831621
0,0.1142,906718
0,0.1143,10107
0,0.1143,10184
0,0.1143,10302
0,0.1143,11072
0,0.1143,13310
0,0.1143,14105
0,0.1143,14664
0,0.1143,18744
0,0.1143,23273
0,0.1143,26455
0,0.1143,511776
0,0.1143,513274
0,0.1143,520820
0,0.1143,529811
0,0.1143,802118
0,0.1143,806302
0,0.1143,807269
0,0.1144,10308
0,0.1144,10612
0,0.1144,10735
0,0.1144,12318
0,0.1144,14428
0,0.1144,14673
0,0.1144,15071
0,0.1144,15458
0,0.1144,16527
0,0.1144,16700
0,0.1144,18068
0,0.1144,20818
0,0.1144,38454
0,0.1144,166528
0,0.1144,513283
0,0.1144,519890
0,0.1144,524136
0,0.1144,801998
0,0.1144,803070
0,0.1144,806779
0,0.1144,826175
0,0.1144,842254
0,0.1144,776770294
0,0.1145,12843
0,0.1145,14694
0,0.1145,19488
0,0.1145,28614
0,0.1145,29116
0,0.1145,32257
0,0.1145,45024
0,0.1145,514255
0,0.1145,515091
0,0.1145,805229
0,0.1145,834861
0,0.1145,916162
0,0.1146,11199
0,0.1146,12358
0,0.1146,13158
0,0.1146,13167
0,0.1146,17274
0,0.1146,22090
0,0.1146,39102
0,0.1146,41048
0,0.1146,515950
0,0.1146,800890
0,0.1146,807396
0,0.1146,818234
0,0.1147,10272
0,0.1147,10468
0,0.1147,11071
0,0.1147,11339
0,0.1147,11420
0,0.1147,12104
0,0.1147,12976
0,0.1147,13205
0,0.1147,15151
0,0.1147,16380
0,0.1147,16440
0,0.1147,16642
0,0.1147,16811
0,0.1147,18601
0,0.1147,59776
0,0.1147,91333
0,0.1147,513930
0,0.1147,533751
0,0.1147,800505
0,0.1147,802164
0,0.1147,817565
0,0.1147,903317
0,0.1148,12650
0,0.1148,12797
0,0.1148,13317
0,0.1148,16026
0,0.1148,16875
0,0.1148,17454
0,0.1148,149390
0,0.1148,513054
0,0.1148,519399
0,0.1148,527525
0,0.1148,532909
0,0.1148,802368
0,0.1148,803241
0,0.1148,806646
0,0.1148,821729
0,0.1149,10041
0,0.1149,10110
0,0.1149,10796
0,0.1149,11663
0,0.1149,14461
0,0.1149,14912
0,0.1149,19189
0,0.1149,20705
0,0.1149,22066
0,0.1149,35532
0,0.1149,52352
0,0.1149,532079
0,0.1149,802544
0,0.1149,814206
0,0.1149,904624
0,0.1150,10414
0,0.1150,11896
0,0.1150,11943
0,0.1150,12900
0,0.1150,12947
0,0.1150,12992
0,0.1150,13698
0,0.1150,14276
0,0.1150,16819
0,0.1150,17878
0,0.1150,53086
0,0.1150,517601
0,0.1150,523010
0,0.1150,533470
0,0.1150,537032
0,0.1150,864655
0,0.1150,908745
0,0.1151,10138
0,0.1151,10289
0,0.1151,10292
0,0.1151,10807
0,0.1151,11025
0,0.1151,11414
0,0.1151,11455
0,0.1151,11671
0,0.1151,11712
0,0.1151,11856
0,0.1151,13121
0,0.1151,13710
0,0.1151,14061
0,0.1151,14482
0,0.1151,16370
0,0.1151,17931
0,0.1151,61398
0,0.1151,94433
0,0.1151,136904
0,0.1151,801415
0,0.1151,803048
0,0.1151,954981
0,0.1152,10488
0,0.1152,12768
0,0.1152,14206
0,0.1152,15688
0,0.1152,16105
0,0.1152,16659
0,0.1152,17790
0,0.1152,18419
0,0.1152,34265
0,0.1152,59853
0,0.1152,63027
0,0.1152,515760
0,0.1152,800926
0,0.1152,801816
0,0.1152,801843
0,0.1152,806037
0,0.1152,820434
0,0.1152,956310
0,0.1152,956323
0,0.1153,10652
0,0.1153,11146
0,0.1153,13274
0,0.1153,14697
0,0.1153,15182
0,0.1153,16931
0,0.1153,22122
0,0.1153,26666
0,0.1153,55527
0,0.1153,98544
0,0.1153,514546
0,0.1153,515933
0,0.1153,519050
0,0.1153,800042
0,0.1153,802124
0,0.1153,817453
0,0.1153,864655
0,0.1154,11142
0,0.1154,16671
0,0.1154,18156
0,0.1154,42483
0,0.1154,58730
0,0.1154,69072
0,0.1154,515289
0,0.1154,800851
0,0.1154,903450
0,0.1154,1053174360
0,0.1155,10170
0,0.1155,10385
0,0.1155,12500
0,0.1155,13498
0,0.1155,13537
0,0.1155,14747
0,0.1155,15768
0,0.1155,17367
0,0.1155,19886
0,0.1155,29207
0,0.1155,36070
0,0.1155,522974
0,0.1155,523636
0,0.1155,800262
0,0.1155,800722
0,0.1155,801828
0,0.1155,810863
0,0.1155,935007
0,0.1156,10271
0,0.1156,10278
0,0.1156,10295
0,0.1156,10394
0,0.1156,32651
0,0.1156,34949
0,0.1156,42700
0,0.1156,50575
0,0.1156,511882
0,0.1156,522387
0,0.1156,801855
0,0.1157,10794
0,0.1157,12319
0,0.1157,13406
0,0.1157,14060
0,0.1157,17525
0,0.1157,38706
0,0.1157,44313
0,0.1157,138384
0,0.1157,521025
0,0.1157,521206
0,0.1157,806141
0,0.1157,848264
0,0.1157,902553
0,0.1158,10027
0,0.1158,10215
0,0.1158,10856
0,0.1158,13179
0,0.1158,14716
0,0.1158,15680
0,0.1158,16175
0,0.1158,22185
0,0.1158,39813
0,0.1158,81710
0,0.1158,512887
0,0.1158,523564
0,0.1158,802558
0,0.1158,804500
0,0.1158,864655
0,0.1159,10185
0,0.1159,13030
0,0.1159,13428
0,0.1159,13628
0,0.1159,15308
0,0.1159,16538
0,0.1159,18125
0,0.1159,19327
0,0.1159,20158
0,0.1159,23703
0,0.1159,25792
0,0.1159,48146
0,0.1159,54246
0,0.1159,58517
0,0.1159,66752
0,0.1159,547267
0,0.1159,804195
0,0.1159,804778
0,0.1159,907256
0,0.1160,11710
0,0.1160,12375
0,0.1160,12809
0,0.1160,17666
0,0.1160,25038
0,0.1160,64399
0,0.1160,515457
0,0.1160,519363
0,0.1160,529385
0,0.1160,533103
0,0.1160,539227
0,0.1160,801492
0,0.1160,802307
0,0.1160,805797
0,0.1160,155143464
0,0.1160,353379798
0,0.1161,10294
0,0.1161,10362
0,0.1161,11070
0,0.1161,11085
0,0.1161,12159
0,0.1161,13817
0,0.1161,25330
0,0.1161,114858
0,0.1161,291345
0,0.1161,518073
0,0.1161,519658
0,0.1161,522752
0,0.1161,800340
0,0.1161,801442
0,0.1161,806144
0,0.1161,936838
0,0.1162,12506
0,0.1162,13471
0,0.1162,13740
0,0.1162,16081
0,0.1162,18022
0,0.1162,18221
0,0.1162,19999
0,0.1162,26309
0,0.1162,30164
0,0.1162,34820
0,0.1162,38650
0,0.1162,48335
0,0.1162,56560
0,0.1162,68658
0,0.1162,512077
0,0.1162,513174
0,0.1162,524655
0,0.1162,800183
0,0.1162,816439
0,0.1162,820271
0,0.1162,903425
0,0.1162,1050014552
0,0.1163,10003
0,0.1163,10986
0,0.1163,11634
0,0.1163,12698
0,0.1163,19042
0,0.1163,38926
0,0.1163,44816
0,0.1163,52728
0,0.1163,64180
0,0.1163,190319
0,0.1163,195264
0,0.1163,521814
0,0.1163,522753
0,0.1163,805362
0,0.1163,817096
0,0.1163,823205
0,0.1164,10475
0,0.1164,12488
0,0.1164,14207
0,0.1164,14756
0,0.1164,15117
0,0.1164,18779
0,0.1164,19283
0,0.1164,37142
0,0.1164,39880
0,0.1164,234890
0,0.1164,520087
0,0.1164,520390
0,0.1164,520646
0,0.1164,800062
0,0.1164,803013
0,0.1164,805067
0,0.1164,817670
0,0.1164,821729
0,0.1164,903643
0,0.1164,908763
0,0.1165,10099
0,0.1165,10447
0,0.1165,10466
0,0.1165,18585
0,0.1165,26344
0,0.1165,29083
0,0.1165,30537
0,0.1165,40216
0,0.1165,40390
0,0.1165,140519
0,0.1165,512927
0,0.1165,555238
0,0.1165,559087
0,0.1165,903642
0,0.1165,929612
0,0.1166,11401
0,0.1166,12206
0,0.1166,16554
0,0.1166,16910
0,0.1166,17706
0,0.1166,18743
0,0.1166,28010
0,0.1166,29795
0,0.1166,30807
0,0.1166,154359
0,0.1166,174420
0,0.1166,358032
0,0.1166,801467
0,0.1166,801755
0,0.1166,805227
0,0.1166,809979
0,0.1166,817565
0,0.1166,873387
0,0.1167,10097
0,0.1167,11375
0,0.1167,11947
0,0.1167,12787
0,0.1167,13586
0,0.1167,14736
0,0.1167,14881
0,0.1167,28892
0,0.1167,522738
0,0.1167,530880
0,0.1167,536211
0,0.1167,800041
0,0.1167,902282
0,0.1167,905210
0,0.1168,10101
0,0.1168,10150
0,0.1168,10285
0,0.1168,10658
0,0.1168,11900
0,0.1168,12067
0,0.1168,12398
0,0.1168,14315
0,0.1168,14362
0,0.1168,14454
0,0.1168,16184
0,0.1168,18504
0,0.1168,21719
0,0.1168,24382
0,0.1168,28791
0,0.1168,30108
0,0.1168,34187
0,0.1168,34576
0,0.1168,47830
0,0.1168,514045
0,0.1168,520560
0,0.1168,523675
0,0.1168,534361
0,0.1168,555259
0,0.1168,800554
0,0.1168,823869
0,0.1168,933157
0,0.1169,10018
0,0.1169,11563
0,0.1169,12065
0,0.1169,12811
0,0.1169,16689
0,0.1169,20468
0,0.1169,24450
0,0.1169,35503
0,0.1169,39382
0,0.1169,47035
0,0.1169,135324
0,0.1169,511828
0,0.1169,519705
0,0.1169,818961
0,0.1170,11419
0,0.1170,11618
0,0.1170,11806
0,0.1170,14223
0,0.1170,15789
0,0.1170,19982
0,0.1170,20831
0,0.1170,24050
0,0.1170,42226
0,0.1170,512071
0,0.1170,520210
0,0.1170,533431
0,0.1170,933202
0,0.1171,12151
0,0.1171,12221
0,0.1171,13830
0,0.1171,16457
0,0.1171,18932
0,0.1171,30955
0,0.1171,518194
0,0.1171,523600
0,0.1171,802181
0,0.1171,817261
0,0.1172,10514
0,0.1172,11231
0,0.1172,13442
0,0.1172,15176
0,0.1172,16222
0,0.1172,22240
0,0.1172,45311
0,0.1172,71611
0,0.1172,76194
0,0.1172,104220
0,0.1172,806253
0,0.1172,830766
0,0.1172,904021
0,0.1172,107629970
0,0.1173,10707
0,0.1173,11907
0,0.1173,12388
0,0.1173,13969
0,0.1173,16182
0,0.1173,38268
0,0.1173,175572
0,0.1173,800477
0,0.1173,800504
0,0.1173,801148
0,0.1173,801693
0,0.1173,806171
0,0.1173,816644
0,0.1173,820146
0,0.1174,10050
0,0.1174,13134
0,0.1174,14093
0,0.1174,14892
0,0.1174,18054
0,0.1174,19215
0,0.1174,22870
0,0.1174,25939
0,0.1174,106593
0,0.1174,514405
0,0.1174,522746
0,0.1174,802423
0,0.1174,820174
0,0.1174,822728
0,0.1175,10187
0,0.1175,10816
0,0.1175,10825
0,0.1175,11170
0,0.1175,12158
0,0.1175,12252
0,0.1175,15319
0,0.1175,16051
0,0.1175,18769
0,0.1175,520435
0,0.1175,523863
0,0.1175,802147
0,0.1176,10855
0,0.1176,10914
0,0.1176,15273
0,0.1176,17119
0,0.1176,17173
0,0.1176,29379
0,0.1176,45288
0,0.1176,57935
0,0.1176,165035
0,0.1176,574147
0,0.1176,802223
0,0.1176,809843
0,0.1176,820323
0,0.1176,820943
0,0.1177,10830
0,0.1177,13559
0,0.1177,24232
0,0.1177,25970
0,0.1177,110194
0,0.1177,517501
0,0.1177,517847
0,0.1177,518604
0,0.1177,805517
0,0.1177,808159
0,0.1177,810090
0,0.1178,10993
0,0.1178,11026
0,0.1178,13115
0,0.1178,15110
0,0.1178,16758
0,0.1178,16975
0,0.1178,18170
0,0.1178,21849
0,0.1178,27413
0,0.1178,41640
0,0.1178,518513
0,0.1178,521059
0,0.1178,530449
0,0.1178,800167
0,0.1178,936341
0,0.1179,10599
0,0.1179,12710
0,0.1179,14542
0,0.1179,18712
0,0.1179,25184
0,0.1179,34680
0,0.1179,54246
0,0.1179,95057
0,0.1179,209688
0,0.1179,514195
0,0.1179,517256
0,0.1179,537899
0,0.1179,800553
0,0.1179,803440
0,0.1179,814115
0,0.1179,934908
0,0.1179,935007
0,0.1179,317157307
0,0.1180,10497
0,0.1180,12962
0,0.1180,27983
0,0.1180,215209
0,0.1180,222154
0,0.1180,519365
0,0.1180,522828
0,0.1180,526298
0,0.1180,800976
0,0.1180,803107
0,0.1180,818370
0,0.1180,820174
0,0.1181,10839
0,0.1181,15360
0,0.1181,24634
0,0.1181,50965
0,0.1181,70088
0,0.1181,522734
0,0.1181,800258
0,0.1181,801295
0,0.1181,801798
0,0.1181,802580
0,0.1181,819656
0,0.1181,902962
0,0.1182,16597
0,0.1182,17397
0,0.1182,517548
0,0.1182,800457
0,0.1182,800724
0,0.1182,801629
0,0.1183,11157
0,0.1183,11188
0,0.1183,11982
0,0.1183,12716
0,0.1183,13692
0,0.1183,16734
0,0.1183,31171
0,0.1183,524717
0,0.1183,956305
0,0.1183,981789985
0,0.1184,10852
0,0.1184,12088
0,0.1184,17185
0,0.1184,25723
0,0.1184,523736
0,0.1184,800158
0,0.1184,817453
0,0.1184,821892
0,0.1185,11021
0,0.1185,11969
0,0.1185,15163
0,0.1185,15534
0,0.1185,18020
0,0.1185,30477
0,0.1185,803342
0,0.1185,807369
0,0.1186,10080
0,0.1186,10322
0,0.1186,11008
0,0.1186,11012
0,0.1186,12176
0,0.1186,12686
0,0.1186,14263
0,0.1186,16039
0,0.1186,16794
0,0.1186,17156
0,0.1186,24126
0,0.1186,31735
0,0.1186,42241
0,0.1186,527009
0,0.1186,800048
0,0.1186,801895
0,0.1186,828718
0,0.1187,10719
0,0.1187,13380
0,0.1187,14255
0,0.1187,21904
0,0.1187,23325
0,0.1187,26417
0,0.1187,37433
0,0.1187,59387
0,0.1187,514125
0,0.1187,517512
0,0.1187,527048
0,0.1187,800020
0,0.1187,805817
0,0.1187,822772
0,0.1187,105856729
0,0.1188,10332
0,0.1188,10555
0,0.1188,10687
0,0.1188,11344
0,0.1188,11495
0,0.1188,14289
0,0.1188,16274
0,0.1188,16984
0,0.1188,26284
0,0.1188,32258
0,0.1188,54246
0,0.1188,68889
0,0.1188,553194
0,0.1188,936341
0,0.1189,10537
0,0.1189,14227
0,0.1189,14997
0,0.1189,23619
0,0.1189,24671
0,0.1189,43398
0,0.1189,81201
0,0.1189,800691
0,0.1189,802543
0,0.1190,10738
0,0.1190,12060
0,0.1190,13013
0,0.1190,15051
0,0.1190,15514
0,0.1190,15924
0,0.1190,16579
0,0.1190,19478
0,0.1190,25403
0,0.1190,26137
0,0.1190,58331
0,0.1190,511857
0,0.1190,511881
0,0.1190,511955
0,0.1190,513499
0,0.1190,514997
0,0.1190,519840
0,0.1190,521256
0,0.1190,523776
0,0.1190,529489
0,0.1190,533293
0,0.1190,818329
0,0.1190,821058
0,0.1191,11690
0,0.1191,12730
0,0.1191,14903
0,0.1191,58481
0,0.1191,512390
0,0.1191,515015
0,0.1191,519865
0,0.1191,521763
0,0.1191,522354
0,0.1191,522465
0,0.1191,525958
0,0.1191,540077
0,0.1191,811623
0,0.1191,813104
0,0.1191,818961
0,0.1191,819387
0,0.1191,820434
0,0.1192,10932
0,0.1192,11032
0,0.1192,12104
0,0.1192,15361
0,0.1192,16493
0,0.1192,16781
0,0.1192,18321
0,0.1192,22884
0,0.1192,33224
0,0.1192,200001
0,0.1192,517847
0,0.1192,520464
0,0.1192,524167
0,0.1192,533748
0,0.1192,574357
0,0.1192,827502
0,0.1193,14477
0,0.1193,16429
0,0.1193,18437
0,0.1193,48491
0,0.1193,56970
0,0.1193,123422
0,0.1193,523775
0,0.1193,800111
0,0.1193,800181
0,0.1193,807312
0,0.1193,808829
0,0.1193,824034
0,0.1194,10669
0,0.1194,10845
0,0.1194,11485
0,0.1194,12846
0,0.1194,16093
0,0.1194,16139
0,0.1194,19760
0,0.1194,20994
0,0.1194,23273
0,0.1194,27296
0,0.1194,515072
0,0.1194,530702
0,0.1194,816644
0,0.1194,903712
0,0.1194,904537
0,0.1194,910604
0,0.1195,11311
0,0.1195,12109
0,0.1195,12140
0,0.1195,21932
0,0.1195,30310
0,0.1195,50444
0,0.1195,54011
0,0.1195,131748
0,0.1195,555498
0,0.1195,805026
0,0.1195,808183
0,0.1196,10704
0,0.1196,11387
0,0.1196,12105
0,0.1196,12259
0,0.1196,12301
0,0.1196,14424
0,0.1196,23601
0,0.1196,29135
0,0.1196,33586
0,0.1196,38316
0,0.1196,520034
0,0.1196,555713
0,0.1196,800845
0,0.1196,803821
0,0.1196,804384
0,0.1196,804593
0,0.1196,813076
0,0.1196,821311
0,0.1196,827502
0,0.1196,106822444
0,0.1197,10180
0,0.1197,10531
0,0.1197,10671
0,0.1197,10898
0,0.1197,12095
0,0.1197,13317
0,0.1197,14434
0,0.1197,15041
0,0.1197,46200
0,0.1197,54440
0,0.1197,511823
0,0.1197,512940
0,0.1197,513644
0,0.1197,520641
0,0.1197,522428
0,0.1197,522841
0,0.1197,800842
0,0.1197,802806
0,0.1197,802854
0,0.1197,821729
0,0.1197,902874
0,0.1197,905385
0,0.1198,11723
0,0.1198,11849
0,0.1198,11878
0,0.1198,12455
0,0.1198,15458
0,0.1198,20818
0,0.1198,146588
0,0.1198,802405
0,0.1198,817974
0,0.1198,828126
0,0.1198,904404
0,0.1198,905415
0,0.1198,711866623
0,0.1199,11280
0,0.1199,11319
0,0.1199,35058
0,0.1199,35743
0,0.1199,36384
0,0.1199,96137
0,0.1199,518938
0,0.1200,11416
0,0.1200,11896
0,0.1200,12900
0,0.1200,14976
0,0.1200,16373
0,0.1200,17623
0,0.1200,30504
0,0.1200,85527
0,0.1200,521063
0,0.1200,807854
0,0.1200,904946
0,0.1201,10368
0,0.1201,10969
0,0.1201,11210
0,0.1201,11785
0,0.1201,13860
0,0.1201,15914
0,0.1201,18744
0,0.1201,21353
0,0.1201,28633
0,0.1201,513283
0,0.1201,801412
0,0.1201,802486
0,0.1201,804530
0,0.1201,817261
0,0.1201,936524
0,0.1202,10047
0,0.1202,10065
0,0.1202,10100
0,0.1202,10120
0,0.1202,10415
0,0.1202,12358
0,0.1202,14200
0,0.1202,15362
0,0.1202,31642
0,0.1202,41688
0,0.1202,58394
0,0.1202,105436
0,0.1202,803033
0,0.1203,10306
0,0.1203,14954
0,0.1203,20087
0,0.1203,32315
0,0.1203,54011
0,0.1203,524761
0,0.1203,524968
0,0.1203,571495
0,0.1203,802964
0,0.1203,803929
0,0.1204,10061
0,0.1204,10203
0,0.1204,11327
0,0.1204,11586
0,0.1204,12535
0,0.1204,16399
0,0.1204,25045
0,0.1204,34700
0,0.1204,38835
0,0.1204,54462
0,0.1204,517257
0,0.1204,522815
0,0.1204,549229
0,0.1204,801503
0,0.1204,806362
0,0.1204,807649
0,0.1204,821236
0,0.1205,13984
0,0.1205,14611
0,0.1205,15484
0,0.1205,36704
0,0.1205,39813
0,0.1205,235061
0,0.1205,517255
0,0.1205,812884
0,0.1206,15325
0,0.1206,15412
0,0.1206,18704
0,0.1206,529385
0,0.1206,531425
0,0.1206,800056
0,0.1206,801257
0,0.1206,803721
0,0.1206,905303
0,0.1206,936810
0,0.1207,11699
0,0.1207,15858
0,0.1207,17902
0,0.1207,19189
0,0.1207,20545
0,0.1207,21687
0,0.1207,42083
0,0.1207,515950
0,0.1207,555342
0,0.1207,800494
0,0.1207,802955
0,0.1208,10072
0,0.1208,10187
0,0.1208,11402
0,0.1208,23425
0,0.1208,28123
0,0.1208,903558
0,0.1208,908747
0,0.1209,10545
0,0.1209,10617
0,0.1209,13295
0,0.1209,20277
0,0.1209,23654
0,0.1209,33075
0,0.1209,35532
0,0.1209,37313
0,0.1209,222777
0,0.1209,303314
0,0.1209,513646
0,0.1209,519616
0,0.1209,520817
0,0.1209,521814
0,0.1209,524755
0,0.1209,525408
0,0.1209,530151
0,0.1209,531769
0,0.1209,800621
0,0.1209,800809
0,0.1209,825184
0,0.1210,10285
0,0.1210,11255
0,0.1210,15423
0,0.1210,15494
0,0.1210,26665
0,0.1210,327169
0,0.1210,392714
0,0.1210,547689
0,0.1210,807359
0,0.1210,903604
0,0.1210,905871
0,0.1211,10052
0,0.1211,10168
0,0.1211,12651
0,0.1211,14939
0,0.1211,19061
0,0.1211,53086
0,0.1211,55527
0,0.1211,111660
0,0.1211,512825
0,0.1211,520115
0,0.1211,522706
0,0.1211,522827
0,0.1211,524610
0,0.1211,524902
0,0.1211,531557
0,0.1212,10175
0,0.1212,11030
0,0.1212,15891
0,0.1212,18419
0,0.1212,18779
0,0.1212,26718
0,0.1212,56362
0,0.1212,81228
0,0.1212,512750
0,0.1212,512927
0,0.1212,514547
0,0.1212,522974
0,0.1212,529603
0,0.1212,861290
0,0.1212,900035
0,0.1212,118002941
0,0.1212,776770294
0,0.1213,10011
0,0.1213,10457
0,0.1213,11403
0,0.1213,13035
0,0.1213,15997
0,0.1213,16707
0,0.1213,17454
0,0.1213,19616
0,0.1213,24246
0,0.1213,40390
0,0.1213,219189
0,0.1213,515775
0,0.1213,534301
0,0.1213,816644
0,0.1214,10566
0,0.1214,14224
0,0.1214,15440
0,0.1214,23281
0,0.1214,38272
0,0.1214,64607
0,0.1214,125111
0,0.1214,514230
0,0.1214,522762
0,0.1214,802809
0,0.1215,11819
0,0.1215,12297
0,0.1215,15612
0,0.1215,17420
0,0.1215,17938
0,0.1215,43756
0,0.1215,51764
0,0.1215,57797
0,0.1215,524156
0,0.1215,911639
0,0.1215,912379
0,0.1215,1053174360
0,0.1216,10302
0,0.1216,10661
0,0.1216,10949
0,0.1216,11428
0,0.1216,11607
0,0.1216,11710
0,0.1216,18504
0,0.1216,22440
0,0.1216,25792
0,0.1216,69544
0,0.1216,70651
0,0.1216,555176
0,0.1217,10959
0,0.1217,10974
0,0.1217,12319
0,0.1217,17790
0,0.1217,514045
0,0.1217,518112
0,0.1217,523372
0,0.1217,803804
0,0.1217,805776
0,0.1217,811623
0,0.1218,12054
0,0.1218,16390
0,0.1218,24382
0,0.1218,42483
0,0.1218,61285
0,0.1218,94433
0,0.1218,117741
0,0.1218,513146
0,0.1218,534534
0,0.1218,801865
0,0.1218,808217
0,0.1218,810694
0,0.1219,10432
0,0.1219,11455
0,0.1219,11634
0,0.1219,12811
0,0.1219,13397
0,0.1219,17931
0,0.1219,20185
0,0.1219,29537
0,0.1219,31757
0,0.1219,61398
0,0.1219,76194
0,0.1219,98544
0,0.1219,172666
0,0.1219,516098
0,0.1219,519841
0,0.1219,522754
0,0.1219,536208
0,0.1219,805532
0,0.1220,10428
0,0.1220,10663
0,0.1220,11608
0,0.1220,11772
0,0.1220,12423
0,0.1220,12838
0,0.1220,15680
0,0.1220,18953
0,0.1220,24542
0,0.1220,53639
0,0.1220,513174
0,0.1220,514405
0,0.1220,515760
0,0.1220,801507
0,0.1220,804958
0,0.1220,914445
0,0.1221,10041
0,0.1221,10185
0,0.1221,10399
0,0.1221,13167
0,0.1221,14011
0,0.1221,15176
0,0.1221,16473
0,0.1221,16862
0,0.1221,32805
0,0.1221,58730
0,0.1221,137497
0,0.1221,392714
0,0.1221,512314
0,0.1221,555340
0,0.1221,801266
0,0.1221,804445
0,0.1222,10044
0,0.1222,10114
0,0.1222,11254
0,0.1222,13255
0,0.1222,13877
0,0.1222,14881
0,0.1222,15535
0,0.1222,18932
0,0.1222,25503
0,0.1222,26287
0,0.1222,34949
0,0.1222,512077
0,0.1222,529604
0,0.1222,800461
0,0.1222,804696
0,0.1222,805489
0,0.1223,10033
0,0.1223,11302
0,0.1223,12411
0,0.1223,13442
0,0.1223,14686
0,0.1223,23513
0,0.1223,61226
0,0.1223,219710
0,0.1223,519132
0,0.1223,806281
0,0.1223,811786
0,0.1223,849272
0,0.1223,873387
0,0.1223,926518
0,0.1223,981789985
0,0.1223,1050687371
0,0.1224,14566
0,0.1224,15310
0,0.1224,16687
0,0.1224,17408
0,0.1224,18288
0,0.1224,22240
0,0.1224,37142
0,0.1224,107241
0,0.1224,514596
0,0.1224,801282
0,0.1224,811623
0,0.1225,13428
0,0.1225,14207
0,0.1225,30807
0,0.1225,37921
0,0.1225,61243
0,0.1225,518194
0,0.1225,559335
0,0.1225,800554
0,0.1225,803014
0,0.1225,861290
0,0.1226,11217
0,0.1226,12933
0,0.1226,16260
0,0.1226,23197
0,0.1226,28791
0,0.1226,39095
0,0.1226,807787
0,0.1226,817047
0,0.1227,10110
0,0.1227,12605
0,0.1227,13460
0,0.1227,14482
0,0.1227,17472
0,0.1227,21692
0,0.1227,39436
0,0.1227,40213
0,0.1227,47922
0,0.1227,62778
0,0.1227,130455
0,0.1227,530880
0,0.1227,800827
0,0.1227,805185
0,0.1227,814353
0,0.1227,822772
0,0.1227,956328
0,0.1228,10447
0,0.1228,12341
0,0.1228,13115
0,0.1228,15905
0,0.1228,31682
0,0.1228,522809
0,0.1228,523786
0,0.1228,800586
0,0.1228,805244
0,0.1228,807184
0,0.1228,904536
0,0.1229,10226
0,0.1229,11369
0,0.1229,13018
0,0.1229,14029
0,0.1229,16761
0,0.1229,19498
0,0.1229,54011
0,0.1229,96320
0,0.1229,104220
0,0.1229,522477
0,0.1229,524655
0,0.1229,579728
0,0.1229,803052
0,0.1229,1137406009
0,0.1230,11674
0,0.1230,12151
0,0.1230,12654
0,0.1230,14444
0,0.1230,14736
0,0.1230,16794
0,0.1230,21637
0,0.1230,21646
0,0.1230,25939
0,0.1230,33038
0,0.1230,54011
0,0.1230,54572
0,0.1230,57381
0,0.1230,523482
0,0.1230,800820
0,0.1231,11021
0,0.1231,11440
0,0.1231,45024
0,0.1231,83932
0,0.1231,523349
0,0.1231,561653
0,0.1231,824034
0,0.1232,10278
0,0.1232,11161
0,0.1232,11201
0,0.1232,12809
0,0.1232,12908
0,0.1232,13363
0,0.1232,13773
0,0.1232,14539
0,0.1232,15616
0,0.1232,18156
0,0.1232,19452
0,0.1232,23325
0,0.1232,132121
0,0.1232,518309
0,0.1232,536207
0,0.1233,10510
0,0.1233,10677
0,0.1233,11155
0,0.1233,11877
0,0.1233,16125
0,0.1233,154893
0,0.1233,287884
0,0.1233,529498
0,0.1233,804797
0,0.1233,805743
0,0.1234,10394
0,0.1234,12506
0,0.1234,13306
0,0.1234,15730
0,0.1234,18601
0,0.1234,24702
0,0.1234,26798
0,0.1234,69319
0,0.1234,70539
0,0.1234,83143
0,0.1234,174420
0,0.1234,195264
0,0.1234,520581
0,0.1234,801658
0,0.1234,802371
0,0.1234,821729
0,0.1235,11618
0,0.1235,12797
0,0.1235,13516
0,0.1235,14727
0,0.1235,17244
0,0.1235,35978
0,0.1235,52016
0,0.1235,512947
0,0.1235,513284
0,0.1235,515933
0,0.1235,517913
0,0.1235,518604
0,0.1235,521236
0,0.1235,537032
0,0.1235,801267
0,0.1236,10704
0,0.1236,10965
0,0.1236,11142
0,0.1236,12445
0,0.1236,38870
0,0.1236,41801
0,0.1236,44903
0,0.1236,45118
0,0.1236,46466
0,0.1236,51159
0,0.1236,219189
0,0.1236,514416
0,0.1236,515091
0,0.1236,527588
0,0.1236,530136
0,0.1236,803017
0,0.1236,820434
0,0.1236,830333
0,0.1236,902553
0,0.1236,955284
0,0.1237,10138
0,0.1237,10847
0,0.1237,11893
0,0.1237,12046
0,0.1237,12405
0,0.1237,14034
0,0.1237,18915
0,0.1237,19618
0,0.1237,27331
0,0.1237,517548
0,0.1237,523506
0,0.1237,529228
0,0.1237,801761
0,0.1237,802652
0,0.1237,816113
0,0.1237,827678
0,0.1238,14115
0,0.1238,14507
0,0.1238,38706
0,0.1238,520210
0,0.1238,522761
0,0.1238,556286
0,0.1238,823205
0,0.1238,869499
0,0.1238,935007
0,0.1239,11266
0,0.1239,11318
0,0.1239,11426
0,0.1239,11495
0,0.1239,13559
0,0.1239,15782
0,0.1239,16148
0,0.1239,16569
0,0.1239,17726
0,0.1239,18125
0,0.1239,19290
0,0.1239,22799
0,0.1239,36235
0,0.1239,58146
0,0.1239,63923
0,0.1239,71547
0,0.1239,364582
0,0.1239,514483
0,0.1239,517256
0,0.1239,521241
0,0.1239,525066
0,0.1239,530449
0,0.1240,10269
0,0.1240,10414
0,0.1240,10553
0,0.1240,11628
0,0.1240,12104
0,0.1240,12487
0,0.1240,19425
0,0.1240,54602
0,0.1240,353032
0,0.1240,806013
0,0.1240,903425
0,0.1241,11688
0,0.1241,13537
0,0.1241,14559
0,0.1241,14918
0,0.1241,15514
0,0.1241,16274
0,0.1241,21527
0,0.1241,26619
0,0.1241,36730
0,0.1241,41743
0,0.1241,512305
0,0.1241,517512
0,0.1241,519328
0,0.1241,802190
0,0.1241,803652
0,0.1241,814430
0,0.1241,819096
0,0.1241,906663
0,0.1242,10099
0,0.1242,11915
0,0.1242,14428
0,0.1242,14871
0,0.1242,16836
0,0.1242,28674
0,0.1242,40046
0,0.1242,80867
0,0.1242,519865
0,0.1242,525354
0,0.1242,902446
0,0.1242,946767
0,0.1242,353379798
0,0.1243,10150
0,0.1243,10564
0,0.1243,10820
0,0.1243,12398
0,0.1243,21296
0,0.1243,22870
0,0.1243,43040
0,0.1243,79464
0,0.1243,291345
0,0.1243,511828
0,0.1243,512734
0,0.1243,908205
0,0.1244,10241
0,0.1244,10494
0,0.1244,10725
0,0.1244,11053
0,0.1244,11802
0,0.1244,12159
0,0.1244,13360
0,0.1244,13680
0,0.1244,13872
0,0.1244,16350
0,0.1244,20831
0,0.1244,57935
0,0.1244,70486
0,0.1244,104187
0,0.1244,234890
0,0.1244,511788
0,0.1244,512513
0,0.1244,519131
0,0.1244,807259
0,0.1244,817047
0,0.1244,106822444
0,0.1245,12065
0,0.1245,12091
0,0.1245,43113
0,0.1245,256844
0,0.1245,512662
0,0.1245,512795
0,0.1245,515221
0,0.1245,515578
0,0.1245,520337
0,0.1245,522828
0,0.1245,530435
0,0.1245,801970
0,0.1245,822728
0,0.1245,776770294
0,0.1246,10255
0,0.1246,10356
0,0.1246,10497
0,0.1246,10624
0,0.1246,12240
0,0.1246,12264
0,0.1246,13229
0,0.1246,13317
0,0.1246,15713
0,0.1246,15955
0,0.1246,16254
0,0.1246,17835
0,0.1246,17930
0,0.1246,20818
0,0.1246,29939
0,0.1246,34683
0,0.1246,441056
0,0.1246,513968
0,0.1246,524073
0,0.1246,531999
0,0.1246,556346
0,0.1246,802884
0,0.1246,803210
0,0.1246,805227
0,0.1247,10097
0,0.1247,12343
0,0.1247,16517
0,0.1247,17958
0,0.1247,27302
0,0.1247,30401
0,0.1247,31681
0,0.1247,41428
0,0.1247,513283
0,0.1247,513464
0,0.1247,519140
0,0.1247,519144
0,0.1247,521813
0,0.1247,523675
0,0.1247,861290
0,0.1248,12358
0,0.1248,13659
0,0.1248,14523
0,0.1248,24656
0,0.1248,31324
0,0.1248,33053
0,0.1248,43781
0,0.1248,512928
0,0.1248,531708
0,0.1248,817565
0,0.1249,10236
0,0.1249,10683
0,0.1249,14697
0,0.1249,14912
0,0.1249,16781
0,0.1249,20774
0,0.1249,23601
0,0.1249,27486
0,0.1249,38454
0,0.1249,46615
0,0.1249,68889
0,0.1249,84256
0,0.1249,519720
0,0.1249,521409
0,0.1249,522387
0,0.1249,543989
0,0.1249,952874
0,0.1250,11896
0,0.1250,11989
0,0.1250,12250
0,0.1250,15110
0,0.1250,15273
0,0.1250,18744
0,0.1250,19104
0,0.1250,27596
0,0.1250,33549
0,0.1250,46764
0,0.1250,513339
0,0.1250,515679
0,0.1250,516886
0,0.1250,517601
0,0.1250,522715
0,0.1250,523564
0,0.1250,523821
0,0.1250,527409
0,0.1250,803129
0,0.1251,10137
0,0.1251,10692
0,0.1251,10735
0,0.1251,11131
0,0.1251,12503
0,0.1251,12900
0,0.1251,13371
0,0.1251,14434
0,0.1251,14961
0,0.1251,16193
0,0.1251,16659
0,0.1251,19189
0,0.1251,27296
0,0.1251,32258
0,0.1251,36812
0,0.1251,44630
0,0.1251,46073
0,0.1251,517722
0,0.1251,527048
0,0.1251,555259
0,0.1251,823598
0,0.1252,10289
0,0.1252,12131
0,0.1252,12318
0,0.1252,25184
0,0.1252,25237
0,0.1252,26417
0,0.1252,29806
0,0.1252,353032
0,0.1252,524361
0,0.1252,955135
0,0.1253,10050
0,0.1253,10205
0,0.1253,10209
0,0.1253,10286
0,0.1253,11005
0,0.1253,12572
0,0.1253,12696
0,0.1253,13121
0,0.1253,13228
0,0.1253,13595
0,0.1253,14461
0,0.1253,18419
0,0.1253,18911
0,0.1253,29908
0,0.1253,63655
0,0.1253,71649
0,0.1253,515289
0,0.1253,521292
0,0.1253,543158
0,0.1253,556037
0,0.1253,842520
0,0.1254,10462
0,0.1254,10967
0,0.1254,11540
0,0.1254,12872
0,0.1254,13217
0,0.1254,13305
0,0.1254,14766
0,0.1254,16360
0,0.1254,26402
0,0.1254,35743
0,0.1254,48491
0,0.1254,81442
0,0.1254,533618
0,0.1254,800747
0,0.1254,817218
0,0.1254,820323
0,0.1255,10119
0,0.1255,10362
0,0.1255,12067
0,0.1255,15332
0,0.1255,15393
0,0.1255,17878
0,0.1255,46691
0,0.1255,91391
0,0.1255,152496
0,0.1255,521594
0,0.1255,523636
0,0.1255,529385
0,0.1256,10168
0,0.1256,10799
0,0.1256,11606
0,0.1256,13347
0,0.1256,14640
0,0.1256,15451
0,0.1256,16506
0,0.1256,18437
0,0.1256,23273
0,0.1256,23826
0,0.1256,31942
0,0.1256,66209
0,0.1256,67864
0,0.1256,131748
0,0.1256,513111
0,0.1256,521814
0,0.1256,533431
0,0.1256,533914
0,0.1256,809980
0,0.1256,910588
0,0.1256,106822444
0,0.1257,11103
0,0.1257,12896
0,0.1257,16641
0,0.1257,18585
0,0.1257,21277
0,0.1257,30371
0,0.1257,52246
0,0.1257,53086
0,0.1257,513033
0,0.1257,514605
0,0.1257,518461
0,0.1257,524717
0,0.1257,869499
0,0.1257,956323
0,0.1258,10222
0,0.1258,10295
0,0.1258,12571
0,0.1258,12621
0,0.1258,15458
0,0.1258,16087
0,0.1258,24922
0,0.1258,25763
0,0.1258,294178
0,0.1258,519454
0,0.1258,523776
0,0.1258,529519
0,0.1259,10122
0,0.1259,10285
0,0.1259,10652
0,0.1259,14131
0,0.1259,18779
0,0.1259,19612
0,0.1259,19779
0,0.1259,23619
0,0.1259,31911
0,0.1259,44816
0,0.1259,512927
0,0.1259,531768
0,0.1259,532909
0,0.1259,800317
0,0.1259,817096
0,0.1259,820323
0,0.1259,956323
0,0.1260,10914
0,0.1260,11027
0,0.1260,11174
0,0.1260,13922
0,0.1260,18343
0,0.1260,18921
0,0.1260,23659
0,0.1260,39813
0,0.1260,40390
0,0.1260,515460
0,0.1260,800724
0,0.1260,811898
0,0.1260,932322
0,0.1261,10114
0,0.1261,10175
0,0.1261,10412
0,0.1261,10852
0,0.1261,12006
0,0.1261,13007
0,0.1261,14289
0,0.1261,14387
0,0.1261,17454
0,0.1261,24050
0,0.1261,79979
0,0.1261,85527
0,0.1261,88342
0,0.1261,521584
0,0.1261,800343
0,0.1261,199328457
0,0.1262,10100
0,0.1262,10185
0,0.1262,10282
0,0.1262,10404
0,0.1262,15828
0,0.1262,19760
0,0.1262,22641
0,0.1262,24382
0,0.1262,44005
0,0.1262,60774
0,0.1262,83621
0,0.1262,123858
0,0.1262,353032
0,0.1262,521812
0,0.1262,523379
0,0.1262,524429
0,0.1262,537027
0,0.1262,818234
0,0.1262,820146
0,0.1262,829341
0,0.1262,834861
0,0.1262,906365
0,0.1262,935007
0,0.1263,10265
0,0.1263,10323
0,0.1263,10822
0,0.1263,11312
0,0.1263,11947
0,0.1263,12716
0,0.1263,15534
0,0.1263,29535
0,0.1263,32062
0,0.1263,47107
0,0.1263,55527
0,0.1263,515950
0,0.1263,519514
0,0.1263,520641
0,0.1263,520817
0,0.1264,10370
0,0.1264,10825
0,0.1264,11375
0,0.1264,11466
0,0.1264,11921
0,0.1264,12907
0,0.1264,15114
0,0.1264,17491
0,0.1264,25045
0,0.1264,39446
0,0.1264,58481
0,0.1264,514125
0,0.1264,555342
0,0.1264,812186
0,0.1264,814231
0,0.1264,815281
0,0.1265,10202
0,0.1265,10303
0,0.1265,11199
0,0.1265,11253
0,0.1265,15351
0,0.1265,32161
0,0.1265,51555
0,0.1265,54440
0,0.1265,511778
0,0.1265,512106
0,0.1265,574357
0,0.1265,813104
0,0.1265,916162
0,0.1265,955135
0,0.1266,10819
0,0.1266,12817
0,0.1266,13342
0,0.1266,13613
0,0.1266,18504
0,0.1266,26284
0,0.1266,35532
0,0.1266,38835
0,0.1266,39687
0,0.1266,66246
0,0.1266,76194
0,0.1266,521701
0,0.1266,521928
0,0.1266,522974
0,0.1266,802124
0,0.1266,954981
0,0.1267,11665
0,0.1267,11668
0,0.1267,12506
0,0.1267,13158
0,0.1267,15176
0,0.1267,21932
0,0.1267,22240
0,0.1267,25318
0,0.1267,30310
0,0.1267,30653
0,0.1267,40300
0,0.1267,514045
0,0.1267,519365
0,0.1267,802174
0,0.1267,804299
0,0.1267,806427
0,0.1268,10047
0,0.1268,10543
0,0.1268,11671
0,0.1268,15325
0,0.1268,18932
0,0.1268,20418
0,0.1268,25792
0,0.1268,28791
0,0.1268,63939
0,0.1268,514546
0,0.1268,522757
0,0.1268,531299
0,0.1268,533103
0,0.1268,534361
0,0.1268,801816
0,0.1269,10041
0,0.1269,10072
0,0.1269,10302
0,0.1269,10776
0,0.1269,12796
0,0.1269,13058
0,0.1269,13442
0,0.1269,14790
0,0.1269,15237
0,0.1269,17759
0,0.1269,21731
0,0.1269,30190
0,0.1269,52728
0,0.1269,64399
0,0.1269,209688
0,0.1269,515015
0,0.1269,515072
0,0.1269,518194
0,0.1269,519363
0,0.1269,521406
0,0.1269,524761
0,0.1269,527350
0,0.1269,800845
0,0.1269,605725659
0,0.1270,10057
0,0.1270,10099
0,0.1270,10617
0,0.1270,10687
0,0.1270,12650
0,0.1270,14279
0,0.1270,14997
0,0.1270,19135
0,0.1270,19327
0,0.1270,23325
0,0.1270,84758
0,0.1270,98157
0,0.1270,522337
0,0.1270,549024
0,0.1270,555176
0,0.1270,555344
0,0.1270,803007
0,0.1270,803599
0,0.1270,805757
0,0.1270,817453
0,0.1271,10555
0,0.1271,12815
0,0.1271,14881
0,0.1271,16026
0,0.1271,16537
0,0.1271,16584
0,0.1271,17131
0,0.1271,22084
0,0.1271,29637
0,0.1271,44865
0,0.1271,519692
0,0.1271,520087
0,0.1271,520812
0,0.1271,530460
0,0.1271,537899
0,0.1271,556347
0,0.1271,800925
0,0.1271,802223
0,0.1271,805489
0,0.1271,808183
0,0.1272,10110
0,0.1272,10165
0,0.1272,10658
0,0.1272,11806
0,0.1272,12104
0,0.1272,12181
0,0.1272,14643
0,0.1272,36059
0,0.1272,39657
0,0.1272,58394
0,0.1272,94555
0,0.1272,154359
0,0.1272,512328
0,0.1272,513376
0,0.1272,513520
0,0.1272,518513
0,0.1272,820191
0,0.1272,821892
0,0.1273,10035
0,0.1273,10969
0,0.1273,11200
0,0.1273,11341
0,0.1273,12259
0,0.1273,12915
0,0.1273,15635
0,0.1273,24232
0,0.1273,26666
0,0.1273,54104
0,0.1273,60466
0,0.1273,511823
0,0.1273,511882
0,0.1273,521662
0,0.1273,800376
0,0.1274,10187
0,0.1274,10432
0,0.1274,10479
0,0.1274,10691
0,0.1274,10816
0,0.1274,11220
0,0.1274,11326
0,0.1274,12727
0,0.1274,14259
0,0.1274,15046
0,0.1274,16198
0,0.1274,17043
0,0.1274,25100
0,0.1274,37623
0,0.1274,39739
0,0.1274,58834
0,0.1274,68183
0,0.1274,99882
0,0.1274,516695
0,0.1274,517359
0,0.1274,801676
0,0.1274,804288
0,0.1274,821729
0,0.1274,839612
0,0.1274,903107
0,0.1274,155143464
0,0.1275,11307
0,0.1275,11368
0,0.1275,12718
0,0.1275,14194
0,0.1275,14412
0,0.1275,14869
0,0.1275,24640
0,0.1275,25939
0,0.1275,27929
0,0.1275,30379
0,0.1275,41144
0,0.1275,44690
0,0.1275,53652
0,0.1275,234867
0,0.1275,512514
0,0.1275,514405
0,0.1275,801828
0,0.1275,802955
0,0.1276,10299
0,0.1276,11170
0,0.1276,11180
0,0.1276,11210
0,0.1276,12646
0,0.1276,13307
0,0.1276,14206
0,0.1276,14694
0,0.1276,18278
0,0.1276,29135
0,0.1276,173920
0,0.1276,514997
0,0.1276,524883
0,0.1276,801415
0,0.1276,805532
0,0.1277,11874
0,0.1277,11900
0,0.1277,11929
0,0.1277,12500
0,0.1277,12733
0,0.1277,13258
0,0.1277,13303
0,0.1277,14063
0,0.1277,18838
0,0.1277,19615
0,0.1277,19825
0,0.1277,27157
0,0.1277,58517
0,0.1277,59018
0,0.1277,92188
0,0.1277,107195
0,0.1277,339863
0,0.1277,521092
0,0.1277,526298
0,0.1277,526548
0,0.1277,530151
0,0.1277,533946
0,0.1277,559506
0,0.1277,801164
0,0.1277,932796
0,0.1278,10120
0,0.1278,10997
0,0.1278,11503
0,0.1278,12686
0,0.1278,13259
0,0.1278,15362
0,0.1278,16879
0,0.1278,17156
0,0.1278,18156
0,0.1278,29419
0,0.1278,32119
0,0.1278,38706
0,0.1278,45427
0,0.1278,168670
0,0.1278,513463
0,0.1278,519616
0,0.1278,905984
0,0.1278,928701
0,0.1279,10011
0,0.1279,10475
0,0.1279,11021
0,0.1279,11221
0,0.1279,11710
0,0.1279,11717
0,0.1279,11883
0,0.1279,12730
0,0.1279,12747
0,0.1279,15001
0,0.1279,30807
0,0.1279,58999
0,0.1279,64874
0,0.1279,70298
0,0.1279,98544
0,0.1279,144787
0,0.1279,513174
0,0.1279,516739
0,0.1279,519132
0,0.1279,800984
0,0.1279,805992
0,0.1279,806144
0,0.1279,817974
0,0.1279,904624
0,0.1279,932684
0,0.1280,10513
0,0.1280,10707
0,0.1280,10834
0,0.1280,11497
0,0.1280,11765
0,0.1280,11768
0,0.1280,12654
0,0.1280,13167
0,0.1280,13515
0,0.1280,19569
0,0.1280,20715
0,0.1280,22884
0,0.1280,48335
0,0.1280,58730
0,0.1280,353032
0,0.1280,511757
0,0.1280,512273
0,0.1280,513147
0,0.1280,516643
0,0.1280,517059
0,0.1280,517763
0,0.1280,519866
0,0.1280,520773
0,0.1280,531137
0,0.1280,549229
0,0.1280,807560
0,0.1280,818961
0,0.1280,826503
0,0.1281,11532
0,0.1281,12532
0,0.1281,14011
0,0.1281,23453
0,0.1281,25709
0,0.1281,30716
0,0.1281,58532
0,0.1281,61398
0,0.1281,70651
0,0.1281,81741
0,0.1281,94433
0,0.1281,114715
0,0.1281,219189
0,0.1281,235061
0,0.1281,511881
0,0.1281,517257
0,0.1281,522752
0,0.1281,524644
0,0.1281,818961
0,0.1281,823598
0,0.1281,936810
0,0.1282,10305
0,0.1282,10908
0,0.1282,12449
0,0.1282,12596
0,0.1282,13607
0,0.1282,14486
0,0.1282,19478
0,0.1282,22092
0,0.1282,23167
0,0.1282,34949
0,0.1282,46687
0,0.1282,59776
0,0.1282,511841
0,0.1282,511975
0,0.1282,513284
0,0.1282,513517
0,0.1282,513831
0,0.1282,515933
0,0.1282,519941
0,0.1282,801916
0,0.1282,804500
0,0.1282,806730
0,0.1282,807924
0,0.1282,829341
0,0.1282,908183
0,0.1282,107629970
0,0.1283,10322
0,0.1283,10385
0,0.1283,10490
0,0.1283,10539
0,0.1283,11008
0,0.1283,13559
0,0.1283,14651
0,0.1283,15616
0,0.1283,16540
0,0.1283,16553
0,0.1283,16794
0,0.1283,17024
0,0.1283,17708
0,0.1283,18226
0,0.1283,18823
0,0.1283,24741
0,0.1283,31915
0,0.1283,36524
0,0.1283,512305
0,0.1283,515675
0,0.1283,517548
0,0.1283,555238
0,0.1283,800181
0,0.1283,800536
0,0.1283,800676
0,0.1283,816644
0,0.1283,820943
0,0.1283,909612
0,0.1284,11423
0,0.1284,12472
0,0.1284,14772
0,0.1284,14871
0,0.1284,16110
0,0.1284,23762
0,0.1284,27339
0,0.1284,529516
0,0.1284,800020
0,0.1284,800056
0,0.1284,800907
0,0.1285,11152
0,0.1285,11982
0,0.1285,13863
0,0.1285,14816
0,0.1285,15398
0,0.1285,16180
0,0.1285,17143
0,0.1285,21227
0,0.1285,21692
0,0.1285,23513
0,0.1285,29713
0,0.1285,72491
0,0.1285,98698
0,0.1285,512793
0,0.1285,515294
0,0.1285,517417
0,0.1285,517512
0,0.1285,519331
0,0.1285,520393
0,0.1285,521203
0,0.1285,521745
0,0.1285,522734
0,0.1285,523786
0,0.1285,530668
0,0.1285,802381
0,0.1286,10204
0,0.1286,10447
0,0.1286,10669
0,0.1286,10750
0,0.1286,11711
0,0.1286,12333
0,0.1286,14765
0,0.1286,15226
0,0.1286,16274
0,0.1286,16465
0,0.1286,26287
0,0.1286,36199
0,0.1286,38272
0,0.1286,392714
0,0.1286,513378
0,0.1286,519328
0,0.1286,520581
0,0.1286,522760
0,0.1286,522815
0,0.1286,522994
0,0.1286,523550
0,0.1286,529318
0,0.1286,529424
0,0.1286,574147
0,0.1286,817565
0,0.1286,823262
0,0.1286,935007
0,0.1286,936838
0,0.1287,13273
0,0.1287,13667
0,0.1287,14552
0,0.1287,14863
0,0.1287,15059
0,0.1287,15399
0,0.1287,15713
0,0.1287,15839
0,0.1287,20007
0,0.1287,20144
0,0.1287,67174
0,0.1287,114858
0,0.1287,512513
0,0.1287,516883
0,0.1287,520789
0,0.1287,813291
0,0.1287,815445
0,0.1287,830333
0,0.1288,10434
0,0.1288,11699
0,0.1288,11902
0,0.1288,13221
0,0.1288,13432
0,0.1288,13698
0,0.1288,13800
0,0.1288,14424
0,0.1288,15117
0,0.1288,15514
0,0.1288,15837
0,0.1288,16051
0,0.1288,17177
0,0.1288,27111
0,0.1288,35324
0,0.1288,515757
0,0.1288,519332
0,0.1288,524643
0,0.1288,524968
0,0.1288,530880
0,0.1288,547701
0,0.1288,802107
0,0.1289,10027
0,0.1289,11087
0,0.1289,11604
0,0.1289,12159
0,0.1289,14667
0,0.1289,14727
0,0.1289,14820
0,0.1289,17272
0,0.1289,18054
0,0.1289,20359
0,0.1289,25154
0,0.1289,27522
0,0.1289,30416
0,0.1289,38085
0,0.1289,40289
0,0.1289,50687
0,0.1289,71042
0,0.1289,434891
0,0.1289,515961
0,0.1289,520210
0,0.1289,521063
0,0.1289,532010
0,0.1289,556346
0,0.1289,556719
0,0.1289,802461
0,0.1289,803339
0,0.1289,819387
0,0.1290,10044
0,0.1290,10278
0,0.1290,10661
0,0.1290,10807
0,0.1290,12091
0,0.1290,12252
0,0.1290,12777
0,0.1290,13740
0,0.1290,14507
0,0.1290,15409
0,0.1290,15851
0,0.1290,16273
0,0.1290,17379
0,0.1290,18559
0,0.1290,18749
0,0.1290,20272
0,0.1290,21637
0,0.1290,31575
0,0.1290,32967
0,0.1290,39753
0,0.1290,40550
0,0.1290,104220
0,0.1290,518721
0,0.1290,519865
0,0.1290,520115
0,0.1290,524655
0,0.1290,527599
0,0.1290,559554
0,0.1290,810169
0,0.1290,848264
0,0.1290,904983
0,0.1290,934899
0,0.1290,1052043704
0,0.1291,11188
0,0.1291,11618
0,0.1291,11908
0,0.1291,12088
0,0.1291,12401
0,0.1291,12651
0,0.1291,12797
0,0.1291,13018
0,0.1291,16862
0,0.1291,17909
0,0.1291,20755
0,0.1291,23281
0,0.1291,26238
0,0.1291,30233
0,0.1291,42095
0,0.1291,42700
0,0.1291,51159
0,0.1291,85395
0,0.1291,107008
0,0.1291,131313
0,0.1291,519230
0,0.1291,520818
0,0.1291,521536
0,0.1291,521675
0,0.1291,524073
0,0.1291,524074
0,0.1291,568155
0,0.1291,803860
0,0.1292,10080
0,0.1292,10138
0,0.1292,11053
0,0.1292,11638
0,0.1292,12060
0,0.1292,12843
0,0.1292,12993
0,0.1292,15905
0,0.1292,16707
0,0.1292,16986
0,0.1292,20818
0,0.1292,27100
0,0.1292,29918
0,0.1292,43732
0,0.1292,83968
0,0.1292,511839
0,0.1292,513340
0,0.1292,515811
0,0.1292,529349
0,0.1292,813076
0,0.1292,815205
0,0.1292,819387
0,0.1292,820943
0,0.1292,955284
0,0.1293,10428
0,0.1293,10839
0,0.1293,11255
0,0.1293,11997
0,0.1293,12054
0,0.1293,12454
0,0.1293,13317
0,0.1293,13450
0,0.1293,15562
0,0.1293,15890
0,0.1293,17804
0,0.1293,18109
0,0.1293,19355
0,0.1293,19616
0,0.1293,19982
0,0.1293,22709
0,0.1293,25137
0,0.1293,26741
0,0.1293,27371
0,0.1293,27893
0,0.1293,28184
0,0.1293,35372
0,0.1293,42515
0,0.1293,521075
0,0.1293,521813
0,0.1293,533725
0,0.1293,803659
0,0.1293,822728
0,0.1293,842520
0,0.1294,10040
0,0.1294,10101
0,0.1294,11112
0,0.1294,12217
0,0.1294,14093
0,0.1294,14806
0,0.1294,15654
0,0.1294,16234
0,0.1294,16659
0,0.1294,18650
0,0.1294,19308
0,0.1294,23601
0,0.1294,25236
0,0.1294,29116
0,0.1294,29458
0,0.1294,37142
0,0.1294,37265
0,0.1294,40768
0,0.1294,95057
0,0.1294,126216
0,0.1294,291345
0,0.1294,512534
0,0.1294,521059
0,0.1294,535347
0,0.1294,801530
0,0.1294,801538
0,0.1294,903727
0,0.1295,10531
0,0.1295,12151
0,0.1295,12355
0,0.1295,12947
0,0.1295,13586
0,0.1295,14434
0,0.1295,17753
0,0.1295,18508
0,0.1295,21645
0,0.1295,27296
0,0.1295,27872
0,0.1295,30933
0,0.1295,32475
0,0.1295,81159
0,0.1295,139178
0,0.1295,215209
0,0.1295,513283
0,0.1295,518604
0,0.1295,519818
0,0.1295,522789
0,0.1295,530449
0,0.1295,800392
0,0.1295,806817
0,0.1295,817089
0,0.1295,842520
0,0.1295,903570
0,0.1296,10097
0,0.1296,10224
0,0.1296,10368
0,0.1296,11085
0,0.1296,11545
0,0.1296,11933
0,0.1296,12358
0,0.1296,15904
0,0.1296,16493
0,0.1296,16599
0,0.1296,17480
0,0.1296,17630
0,0.1296,18779
0,0.1296,19827
0,0.1296,19963
0,0.1296,21179
0,0.1296,30541
0,0.1296,31653
0,0.1296,49464
0,0.1296,57240
0,0.1296,61273
0,0.1296,470711
0,0.1296,512927
0,0.1296,512928
0,0.1296,518690
0,0.1296,519399
0,0.1296,521814
0,0.1296,523564
0,0.1296,537032
0,0.1296,800838
0,0.1296,811215
0,0.1296,821058
0,0.1296,935007
0,0.1297,10294
0,0.1297,10497
0,0.1297,10879
0,0.1297,11263
0,0.1297,12962
0,0.1297,15212
0,0.1297,15888
0,0.1297,16869
0,0.1297,17354
0,0.1297,20664
0,0.1297,20945
0,0.1297,22706
0,0.1297,23619
0,0.1297,24382
0,0.1297,25905
0,0.1297,40390
0,0.1297,164031
0,0.1297,175572
0,0.1297,358032
0,0.1297,514596
0,0.1297,521126
0,0.1297,800927
0,0.1297,804398
0,0.1297,806620
0,0.1298,10564
0,0.1298,11030
0,0.1298,11072
0,0.1298,11125
0,0.1298,11340
0,0.1298,13428
0,0.1298,13836
0,0.1298,14224
0,0.1298,14509
0,0.1298,16334
0,0.1298,18185
0,0.1298,18639
0,0.1298,18980
0,0.1298,19125
0,0.1298,22521
0,0.1298,24136
0,0.1298,26537
0,0.1298,27725
0,0.1298,30981
0,0.1298,35743
0,0.1298,41598
0,0.1298,42509
0,0.1298,144505
0,0.1298,512390
0,0.1298,513238
0,0.1298,520575
0,0.1298,522465
0,0.1298,523923
0,0.1298,800718
0,0.1298,801998
0,0.1298,803804
0,0.1298,804386
0,0.1298,805657
0,0.1298,806037
0,0.1299,10693
0,0.1299,11184
0,0.1299,11402
0,0.1299,12272
0,0.1299,12506
0,0.1299,14137
0,0.1299,16440
0,0.1299,16476
0,0.1299,17931
0,0.1299,18745
0,0.1299,19036
0,0.1299,19215
0,0.1299,21688
0,0.1299,27737
0,0.1299,30497
0,0.1299,30761
0,0.1299,42483
0,0.1299,46764
0,0.1299,58909
0,0.1299,94239
0,0.1299,102607
0,0.1299,522746
0,0.1299,524133
0,0.1299,800048
0,0.1299,802145
0,0.1300,10099
0,0.1300,10663
0,0.1300,15495
0,0.1300,16687
0,0.1300,22689
0,0.1300,31408
0,0.1300,32258
0,0.1300,46152
0,0.1300,71503
0,0.1300,513146
0,0.1300,522828
0,0.1300,555342
0,0.1300,555383
0,0.1300,556539
0,0.1300,800412
0,0.1300,801077
0,0.1300,814115
0,0.1300,817261
0,0.1301,11428
0,0.1301,13650
0,0.1301,14482
0,0.1301,14705
0,0.1301,14733
0,0.1301,14954
0,0.1301,16412
0,0.1301,18744
0,0.1301,19947
0,0.1301,24933
0,0.1301,31735
0,0.1301,38389
0,0.1301,71991
0,0.1301,517202
0,0.1301,519140
0,0.1301,519144
0,0.1301,801295
0,0.1301,803195
0,0.1301,809397
0,0.1301,821729
0,0.1301,1050014552
0,0.1302,10050
0,0.1302,10107
0,0.1302,10293
0,0.1302,11013
0,0.1302,11017
0,0.1302,11327
0,0.1302,11338
0,0.1302,11663
0,0.1302,16781
0,0.1302,17685
0,0.1302,19189
0,0.1302,24246
0,0.1302,27684
0,0.1302,30930
0,0.1302,36295
0,0.1302,37921
0,0.1302,89801
0,0.1302,105406
0,0.1302,327169
0,0.1302,519046
0,0.1302,522753
0,0.1302,522973
0,0.1302,523626
0,0.1302,800126
0,0.1302,800809
0,0.1302,803982
0,0.1302,807639
0,0.1302,812884
0,0.1302,816439
0,0.1302,864655
0,0.1303,10365
0,0.1303,10612
0,0.1303,11061
0,0.1303,11989
0,0.1303,12028
0,0.1303,19025
0,0.1303,19802
0,0.1303,19930
0,0.1303,20185
0,0.1303,22870
0,0.1303,26901
0,0.1303,37105
0,0.1303,54133
0,0.1303,210670
0,0.1303,514988
0,0.1303,521210
0,0.1303,523806
0,0.1303,535668
0,0.1303,803440
0,0.1303,806124
0,0.1303,903317
0,0.1303,761298433
0,0.1304,10704
0,0.1304,11802
0,0.1304,12109
0,0.1304,13751
0,0.1304,15304
0,0.1304,15444
0,0.1304,15535
0,0.1304,19696
0,0.1304,19760
0,0.1304,21449
0,0.1304,22747
0,0.1304,23273
0,0.1304,25184
0,0.1304,28010
0,0.1304,41640
0,0.1304,63027
0,0.1304,121067
0,0.1304,138585
0,0.1304,512319
0,0.1304,515760
0,0.1304,520034
0,0.1304,523547
0,0.1304,529422
0,0.1304,801096
0,0.1304,803070
0,0.1304,823598
0,0.1304,902553
0,0.1305,10494
0,0.1305,10579
0,0.1305,10794
0,0.1305,12787
0,0.1305,12902
0,0.1305,13079
0,0.1305,18419
0,0.1305,22122
0,0.1305,26417
0,0.1305,39413
0,0.1305,52665
0,0.1305,64301
0,0.1305,92871
0,0.1305,158774
0,0.1305,339863
0,0.1305,513464
0,0.1305,519262
0,0.1305,521027
0,0.1305,521763
0,0.1305,525441
0,0.1305,532909
0,0.1305,801895
0,0.1305,811034
0,0.1306,10121
0,0.1306,10969
0,0.1306,11903
0,0.1306,12813
0,0.1306,13969
0,0.1306,14215
0,0.1306,14896
0,0.1306,15458
0,0.1306,16381
0,0.1306,16600
0,0.1306,16940
0,0.1306,19118
0,0.1306,20468
0,0.1306,23197
0,0.1306,23236
0,0.1306,24866
0,0.1306,29379
0,0.1306,34252
0,0.1306,43756
0,0.1306,45311
0,0.1306,50575
0,0.1306,57522
0,0.1306,57935
0,0.1306,81228
0,0.1306,150335
0,0.1306,512236
0,0.1306,515234
0,0.1306,518541
0,0.1306,525062
0,0.1306,801507
0,0.1306,805244
0,0.1306,819656
0,0.1307,10593
0,0.1307,12037
0,0.1307,13932
0,0.1307,14330
0,0.1307,14464
0,0.1307,15576
0,0.1307,17175
0,0.1307,18504
0,0.1307,18568
0,0.1307,19486
0,0.1307,19737
0,0.1307,20253
0,0.1307,20300
0,0.1307,20653
0,0.1307,24848
0,0.1307,24879
0,0.1307,25328
0,0.1307,25628
0,0.1307,34576
0,0.1307,78573
0,0.1307,112103
0,0.1307,514045
0,0.1307,521194
0,0.1307,524894
0,0.1307,558854
0,0.1307,571508
0,0.1307,801561
0,0.1307,817670
0,0.1307,827502
0,0.1307,828126
0,0.1307,932321
0,0.1307,107629970
0,0.1308,10041
0,0.1308,10061
0,0.1308,10185
0,0.1308,10242
0,0.1308,10243
0,0.1308,10448
0,0.1308,10847
0,0.1308,10896
0,0.1308,11025
0,0.1308,12398
0,0.1308,12746
0,0.1308,13229
0,0.1308,13456
0,0.1308,13985
0,0.1308,15502
0,0.1308,16008
0,0.1308,16538
0,0.1308,18766
0,0.1308,19290
0,0.1308,19522
0,0.1308,27731
0,0.1308,31923
0,0.1308,76194
0,0.1308,222777
0,0.1308,513646
0,0.1308,514126
0,0.1308,516513
0,0.1308,521661
0,0.1308,522410
0,0.1308,529498
0,0.1308,531732
0,0.1308,536208
0,0.1308,800890
0,0.1309,10414
0,0.1309,10959
0,0.1309,11208
0,0.1309,11371
0,0.1309,11419
0,0.1309,11460
0,0.1309,11495
0,0.1309,11586
0,0.1309,12542
0,0.1309,13305
0,0.1309,13947
0,0.1309,16708
0,0.1309,19440
0,0.1309,20631
0,0.1309,23121
0,0.1309,23602
0,0.1309,174420
0,0.1309,303314
0,0.1309,512314
0,0.1309,520817
0,0.1309,529385
0,0.1309,533359
0,0.1309,555259
0,0.1309,559141
0,0.1310,10222
0,0.1310,10537
0,0.1310,11131
0,0.1310,11142
0,0.1310,12809
0,0.1310,13640
0,0.1310,14247
0,0.1310,16105
0,0.1310,17402
0,0.1310,19791
0,0.1310,23080
0,0.1310,39368
0,0.1310,61845
0,0.1310,64607
0,0.1310,126963
0,0.1310,514547
0,0.1310,555340
0,0.1310,800070
0,0.1310,817974
0,0.1310,819656
0,0.1310,821201
0,0.1310,903561
0,0.1311,10065
0,0.1311,10110
0,0.1311,10114
0,0.1311,10433
0,0.1311,10638
0,0.1311,11252
0,0.1311,12716
0,0.1311,12811
0,0.1311,13864
0,0.1311,14120
0,0.1311,15163
0,0.1311,15361
0,0.1311,21904
0,0.1311,22113
0,0.1311,29322
0,0.1311,48914
0,0.1311,68889
0,0.1311,77014
0,0.1311,124469
0,0.1311,174810
0,0.1311,517193
0,0.1311,518937
0,0.1311,521227
0,0.1311,526612
0,0.1311,534419
0,0.1311,824034
0,0.1311,848955
0,0.1311,909363
0,0.1312,10052
0,0.1312,10150
0,0.1312,10356
0,0.1312,11254
0,0.1312,12396
0,0.1312,15250
0,0.1312,26485
0,0.1312,28339
0,0.1312,29129
0,0.1312,30068
0,0.1312,33075
0,0.1312,36947
0,0.1312,44903
0,0.1312,45722
0,0.1312,53086
0,0.1312,88874
0,0.1312,195264
0,0.1312,199633
0,0.1312,511828
0,0.1312,511844
0,0.1312,522762
0,0.1312,806253
0,0.1312,821236
0,0.1312,823598
0,0.1312,905003
0,0.1312,908747
0,0.1313,10241
0,0.1313,10302
0,0.1313,10624
0,0.1313,12732
0,0.1313,15473
0,0.1313,16907
0,0.1313,17801
0,0.1313,18426
0,0.1313,18463
0,0.1313,20530
0,0.1313,20831
0,0.1313,21563
0,0.1313,23325
0,0.1313,23479
0,0.1313,24016
0,0.1313,29021
0,0.1313,30950
0,0.1313,45969
0,0.1313,69544
0,0.1313,81417
0,0.1313,100809
0,0.1313,513354
0,0.1313,520016
0,0.1313,520367
0,0.1313,520646
0,0.1313,521409
0,0.1313,522972
0,0.1313,523675
0,0.1313,527048
0,0.1313,802181
0,0.1313,805447
0,0.1313,806172
0,0.1313,904639
0,0.1313,106822444
0,0.1314,10912
0,0.1314,12104
0,0.1314,12908
0,0.1314,13287
0,0.1314,15094
0,0.1314,15731
0,0.1314,28674
0,0.1314,61590
0,0.1314,137497
0,0.1314,512750
0,0.1314,516110
0,0.1314,520188
0,0.1314,521538
0,0.1314,522991
0,0.1314,800062
0,0.1314,802544
0,0.1314,806398
0,0.1314,902280
0,0.1314,924167
0,0.1314,929749
0,0.1314,106822444
0,0.1314,776770294
0,0.1315,10226
0,0.1315,10457
0,0.1315,10719
0,0.1315,11003
0,0.1315,11155
0,0.1315,11324
0,0.1315,11878
0,0.1315,12145
0,0.1315,12762
0,0.1315,15782
0,0.1315,17454
0,0.1315,22427
0,0.1315,36894
0,0.1315,39813
0,0.1315,45024
0,0.1315,48491
0,0.1315,48638
0,0.1315,59387
0,0.1315,61311
0,0.1315,67789
0,0.1315,513630
0,0.1315,519242
0,0.1315,522428
0,0.1315,523807
0,0.1315,524596
0,0.1315,527653
0,0.1315,801193
0,0.1315,324178811
0,0.1316,10187
0,0.1316,11181
0,0.1316,11877
0,0.1316,17901
0,0.1316,18743
0,0.1316,21252
0,0.1316,26412
0,0.1316,28782
0,0.1316,55527
0,0.1316,109149
0,0.1316,512042
0,0.1316,520155
0,0.1316,522966
0,0.1316,522992
0,0.1316,523037
0,0.1316,524156
0,0.1316,527318
0,0.1316,537027
0,0.1316,801280
0,0.1316,801491
0,0.1316,803241
0,0.1316,833689
0,0.1316,869499
0,0.1317,10169
0,0.1317,11238
0,0.1317,11387
0,0.1317,11458
0,0.1317,11896
0,0.1317,12137
0,0.1317,12900
0,0.1317,13397
0,0.1317,13724
0,0.1317,19452
0,0.1317,19850
0,0.1317,21353
0,0.1317,24634
0,0.1317,24671
0,0.1317,29340
0,0.1317,36245
0,0.1317,41887
0,0.1317,54246
0,0.1317,131748
0,0.1317,516565
0,0.1317,806433
0,0.1317,812134
0,0.1317,826503
0,0.1318,10078
0,0.1318,10332
0,0.1318,10336
0,0.1318,13442
0,0.1318,14276
0,0.1318,17419
0,0.1318,18437
0,0.1318,18817
0,0.1318,32772
0,0.1318,46262
0,0.1318,53190
0,0.1318,59969
0,0.1318,521309
0,0.1318,818329
0,0.1319,10003
0,0.1319,42059
0,0.1319,46073
0,0.1319,64180
0,0.1319,82205
0,0.1319,96692
0,0.1319,102359
0,0.1319,516820
0,0.1319,518309
0,0.1319,520790
0,0.1319,533431
0,0.1319,536264
0,0.1319,909139
0,0.1319,981789985
0,0.1319,1050045395
0,0.1320,13115
0,0.1320,14881
0,0.1320,15371
0,0.1320,20233
0,0.1320,21609
0,0.1320,35440
0,0.1320,38847
0,0.1320,44648
0,0.1320,63701
0,0.1320,512581
0,0.1320,555176
0,0.1320,800554
0,0.1320,802402
0,0.1320,804178
0,0.1320,830766
0,0.1321,10967
0,0.1321,12006
0,0.1321,12710
0,0.1321,16734
0,0.1321,18125
0,0.1321,20202
0,0.1321,25532
0,0.1321,31198
0,0.1321,33050
0,0.1321,97863
0,0.1321,513644
0,0.1321,514180
0,0.1321,522352
0,0.1321,524902
0,0.1321,801249
0,0.1321,801843
0,0.1321,804001
0,0.1321,804778
0,0.1321,818370
0,0.1322,10168
0,0.1322,10394
0,0.1322,12319
0,0.1322,12510
0,0.1322,13360
0,0.1322,13877
0,0.1322,14414
0,0.1322,14717
0,0.1322,15612
0,0.1322,16706
0,0.1322,22187
0,0.1322,24153
0,0.1322,25517
0,0.1322,27132
0,0.1322,32315
0,0.1322,35635
0,0.1322,49002
0,0.1322,71260
0,0.1322,515289
0,0.1322,520642
0,0.1323,10175
0,0.1323,10453
0,0.1323,12606
0,0.1323,12802
0,0.1323,13363
0,0.1323,14089
0,0.1323,14438
0,0.1323,16794
0,0.1323,17799
0,0.1323,25045
0,0.1323,25939
0,0.1323,46409
0,0.1323,85527
0,0.1323,108860
0,0.1323,137777
0,0.1323,521352
0,0.1323,529207
0,0.1323,801841
0,0.1323,801970
0,0.1324,10100
0,0.1324,10122
0,0.1324,11021
0,0.1324,11075
0,0.1324,11201
0,0.1324,13026
0,0.1324,14223
0,0.1324,14716
0,0.1324,15051
0,0.1324,15274
0,0.1324,16093
0,0.1324,16380
0,0.1324,18436
0,0.1324,18597
0,0.1324,19218
0,0.1324,20189
0,0.1324,20497
0,0.1324,27806
0,0.1324,42241
0,0.1324,56449
0,0.1324,512549
0,0.1324,515950
0,0.1324,522387
0,0.1324,524361
0,0.1324,529519
0,0.1324,537135
0,0.1324,556286
0,0.1324,802261
0,0.1324,802630
0,0.1324,807799
0,0.1324,808456
0,0.1324,828126
0,0.1324,828718
0,0.1325,10269
0,0.1325,10468
0,0.1325,10515
0,0.1325,11145
0,0.1325,11670
0,0.1325,13427
0,0.1325,13559
0,0.1325,14993
0,0.1325,15964
0,0.1325,25780
0,0.1325,33488
0,0.1325,37709
0,0.1325,45288
0,0.1325,47271
0,0.1325,512521
0,0.1325,512607
0,0.1325,512930
0,0.1325,517548
0,0.1325,517602
0,0.1325,803501
0,0.1325,810117
0,0.1325,817096
0,0.1325,903425
0,0.1325,906554
0,0.1326,10180
0,0.1326,11032
0,0.1326,13471
0,0.1326,13585
0,0.1326,13771
0,0.1326,15151
0,0.1326,15209
0,0.1326,17691
0,0.1326,18601
0,0.1326,24558
0,0.1326,25554
0,0.1326,50960
0,0.1326,53745
0,0.1326,61079
0,0.1326,63998
0,0.1326,287884
0,0.1326,512185
0,0.1326,513769
0,0.1326,514413
0,0.1326,516514
0,0.1326,517723
0,0.1326,518777
0,0.1326,524717
0,0.1326,527588
0,0.1326,555713
0,0.1326,559335
0,0.1326,800171
0,0.1326,802579
0,0.1326,803929
0,0.1326,805184
0,0.1326,817261
0,0.1327,10399
0,0.1327,12405
0,0.1327,12706
0,0.1327,13228
0,0.1327,14304
0,0.1327,21543
0,0.1327,23812
0,0.1327,29207
0,0.1327,49318
0,0.1327,50397
0,0.1327,511926
0,0.1327,513054
0,0.1327,516981
0,0.1327,517847
0,0.1327,517913
0,0.1327,522738
0,0.1327,523776
0,0.1327,800618
0,0.1327,849272
0,0.1327,905507
0,0.1327,908745
0,0.1328,10105
0,0.1328,10255
0,0.1328,10285
0,0.1328,11447
0,0.1328,11723
0,0.1328,12067
0,0.1328,14686
0,0.1328,15789
0,0.1328,17726
0,0.1328,18156
0,0.1328,28093
0,0.1328,34767
0,0.1328,38835
0,0.1328,47257
0,0.1328,523863
0,0.1328,531769
0,0.1328,555837
0,0.1328,802137
0,0.1328,804445
0,0.1328,810626
0,0.1328,956305
0,0.1329,10011
0,0.1329,10172
0,0.1329,10378
0,0.1329,10466
0,0.1329,10994
0,0.1329,11485
0,0.1329,11784
0,0.1329,11788
0,0.1329,13033
0,0.1329,14542
0,0.1329,18585
0,0.1329,18889
0,0.1329,18982
0,0.1329,21296
0,0.1329,27341
0,0.1329,32762
0,0.1329,35503
0,0.1329,37735
0,0.1329,39503
0,0.1329,59175
0,0.1329,291345
0,0.1329,519895
0,0.1329,521241
0,0.1329,803048
0,0.1329,807097
0,0.1330,10190
0,0.1330,10376
0,0.1330,10432
0,0.1330,10949
0,0.1330,11915
0,0.1330,12140
0,0.1330,12155
0,0.1330,13872
0,0.1330,14127
0,0.1330,14664
0,0.1330,14714
0,0.1330,14736
0,0.1330,15360
0,0.1330,17835
0,0.1330,19255
0,0.1330,21918
0,0.1330,24963
0,0.1330,29106
0,0.1330,29957
0,0.1330,31839
0,0.1330,34452
0,0.1330,37859
0,0.1330,49869
0,0.1330,52748
0,0.1330,56560
0,0.1330,57514
0,0.1330,511759
0,0.1330,523372
0,0.1330,524732
0,0.1330,533811
0,0.1330,800816
0,0.1330,802080
0,0.1330,802914
0,0.1330,776770294
0,0.1331,10371
0,0.1331,10555
0,0.1331,10974
0,0.1331,11556
0,0.1331,11772
0,0.1331,12255
0,0.1331,14912
0,0.1331,15325
0,0.1331,15484
0,0.1331,17477
0,0.1331,17790
0,0.1331,23073
0,0.1331,31681
0,0.1331,32185
0,0.1331,38268
0,0.1331,61896
0,0.1331,76412
0,0.1331,77821
0,0.1331,116555
0,0.1331,517256
0,0.1331,518938
0,0.1331,519616
0,0.1331,519720
0,0.1331,520182
0,0.1331,520533
0,0.1331,520792
0,0.1331,523636
0,0.1331,529603
0,0.1331,533411
0,0.1331,800042
0,0.1331,803561
0,0.1332,10852
0,0.1332,13824
0,0.1332,18588
0,0.1332,24134
0,0.1332,25362
0,0.1332,25970
0,0.1332,26607
0,0.1332,30891
0,0.1332,37196
0,0.1332,45134
0,0.1332,47802
0,0.1332,70088
0,0.1332,70325
0,0.1332,519132
0,0.1332,526576
0,0.1332,529029
0,0.1332,800030
0,0.1332,802958
0,0.1332,803005
0,0.1332,804958
0,0.1333,10033
0,0.1333,10671
0,0.1333,10820
0,0.1333,11166
0,0.1333,11319
0,0.1333,12318
0,0.1333,14306
0,0.1333,15176
0,0.1333,28701
0,0.1333,31070
0,0.1333,39880
0,0.1333,54636
0,0.1333,76486
0,0.1333,81710
0,0.1333,145530
0,0.1333,258819
0,0.1333,514405
0,0.1333,515015
0,0.1333,517512
0,0.1333,523349
0,0.1333,529031
0,0.1333,531583
0,0.1333,803013
0,0.1333,807167
0,0.1333,814353
0,0.1333,873387
0,0.1333,906612
0,0.1334,10057
0,0.1334,10072
0,0.1334,10133
0,0.1334,10514
0,0.1334,12333
0,0.1334,13005
0,0.1334,13613
0,0.1334,14869
0,0.1334,15997
0,0.1334,17061
0,0.1334,25312
0,0.1334,29093
0,0.1334,29791
0,0.1334,30437
0,0.1334,33232
0,0.1334,35532
0,0.1334,43695
0,0.1334,99346
0,0.1334,172666
0,0.1334,289948
0,0.1334,512041
0,0.1334,515091
0,0.1334,518220
0,0.1334,801118
0,0.1334,801497
0,0.1334,810881
0,0.1334,820146
0,0.1334,822728
0,0.1334,849272
0,0.1334,904161
0,0.1334,956305
0,0.1335,10735
0,0.1335,10969
0,0.1335,11779
0,0.1335,11806
0,0.1335,12176
0,0.1335,12506
0,0.1335,12565
0,0.1335,13371
0,0.1335,18170
0,0.1335,19239
0,0.1335,25792
0,0.1335,35698
0,0.1335,38858
0,0.1335,41715
0,0.1335,61921
0,0.1335,364582
0,0.1335,514997
0,0.1335,520119
0,0.1335,521767
0,0.1335,522809
0,0.1335,522974
0,0.1335,801210
0,0.1335,801265
0,0.1335,801845
0,0.1335,802719
0,0.1335,805208
0,0.1335,805241
0,0.1335,817218
0,0.1335,869499
0,0.1335,904184
0,0.1335,906513
0,0.1336,10404
0,0.1336,10495
0,0.1336,10748
0,0.1336,10845
0,0.1336,11005
0,0.1336,11326
0,0.1336,11977
0,0.1336,14188
0,0.1336,14951
0,0.1336,16430
0,0.1336,17082
0,0.1336,18604
0,0.1336,24874
0,0.1336,25021
0,0.1336,31967
0,0.1336,33444
0,0.1336,36492
0,0.1336,38413
0,0.1336,39608
0,0.1336,60685
0,0.1336,63122
0,0.1336,516098
0,0.1336,801629
0,0.1336,802477
0,0.1336,803047
0,0.1336,317157307
0,0.1336,353379798
0,0.1337,10137
0,0.1337,10312
0,0.1337,10825
0,0.1337,11377
0,0.1337,11497
0,0.1337,11607
0,0.1337,12178
0,0.1337,12654
0,0.1337,12992
0,0.1337,14105
0,0.1337,15514
0,0.1337,16517
0,0.1337,18069
0,0.1337,18940
0,0.1337,23232
0,0.1337,23809
0,0.1337,26284
0,0.1337,30310
0,0.1337,31719
0,0.1337,32854
0,0.1337,34223
0,0.1337,37058
0,0.1337,45839
0,0.1337,512858
0,0.1337,519944
0,0.1337,520442
0,0.1337,523816
0,0.1337,536058
0,0.1337,539675
0,0.1337,800134
0,0.1337,800505
0,0.1337,807312
0,0.1338,10074
0,0.1338,10099
0,0.1338,10264
0,0.1338,10265
0,0.1338,10306
0,0.1338,10799
0,0.1338,11199
0,0.1338,11312
0,0.1338,11363
0,0.1338,11399
0,0.1338,11710
0,0.1338,12125
0,0.1338,13913
0,0.1338,13984
0,0.1338,14289
0,0.1338,15955
0,0.1338,17751
0,0.1338,19334
0,0.1338,21204
0,0.1338,23524
0,0.1338,46341
0,0.1338,50250
0,0.1338,101652
0,0.1338,190319
0,0.1338,512927
0,0.1338,515072
0,0.1338,515230
0,0.1338,521815
0,0.1338,522763
0,0.1338,525731
0,0.1338,531063
0,0.1338,903732
0,0.1339,10917
0,0.1339,11038
0,0.1339,11280
0,0.1339,11445
0,0.1339,13773
0,0.1339,14011
0,0.1339,15680
0,0.1339,15924
0,0.1339,24340
0,0.1339,25723
0,0.1339,29847
0,0.1339,35978
0,0.1339,36459
0,0.1339,40046
0,0.1339,43096
0,0.1339,141161
0,0.1339,511939
0,0.1339,516256
0,0.1339,521814
0,0.1339,531647
0,0.1339,532000
0,0.1339,800910
0,0.1339,802164
0,0.1339,817096
0,0.1339,818961
0,0.1339,824034
0,0.1339,825184
0,0.1339,904021
0,0.1339,939958
0,0.1339,711866623
0,0.1340,10207
0,0.1340,11671
0,0.1340,12083
0,0.1340,13317
0,0.1340,13444
0,0.1340,14434
0,0.1340,16579
0,0.1340,16700
0,0.1340,17369
0,0.1340,18779
0,0.1340,21702
0,0.1340,22240
0,0.1340,22419
0,0.1340,28584
0,0.1340,29969
0,0.1340,30498
0,0.1340,36751
0,0.1340,38454
0,0.1340,40045
0,0.1340,56308
0,0.1340,98544
0,0.1340,268052
0,0.1340,513397
0,0.1340,515130
0,0.1340,516927
0,0.1340,519840
0,0.1340,520817
0,0.1340,524610
0,0.1340,802809
0,0.1340,803524
0,0.1340,805227
0,0.1340,902874
0,0.1340,1050074465
0,0.1341,10658
0,0.1341,11161
0,0.1341,11188
0,0.1341,11420
0,0.1341,11796
0,0.1341,12194
0,0.1341,13158
0,0.1341,13563
0,0.1341,13628
0,0.1341,13858
0,0.1341,16816
0,0.1341,18504
0,0.1341,18697
0,0.1341,18937
0,0.1341,21496
0,0.1341,22006
0,0.1341,23601
0,0.1341,26322
0,0.1341,27372
0,0.1341,28095
0,0.1341,38338
0,0.1341,53414
0,0.1341,58730
0,0.1341,61398
0,0.1341,68658
0,0.1341,94433
0,0.1341,514045
0,0.1341,514277
0,0.1341,518194
0,0.1341,521374
0,0.1341,525354
0,0.1341,800724
0,0.1341,804660
0,0.1341,805165
0,0.1341,808183
0,0.1341,810296
0,0.1341,819096
0,0.1342,10148
0,0.1342,10165
0,0.1342,10288
0,0.1342,10510
0,0.1342,10804
0,0.1342,10839
0,0.1342,11318
0,0.1342,13013
0,0.1342,13537
0,0.1342,16339
0,0.1342,18778
0,0.1342,19068
0,0.1342,27818
0,0.1342,30331
0,0.1342,30801
0,0.1342,36730
0,0.1342,61840
0,0.1342,76420
0,0.1342,511823
0,0.1342,512947
0,0.1342,513174
0,0.1342,521256
0,0.1342,522819
0,0.1342,524429
0,0.1342,527525
0,0.1342,800041
0,0.1342,828718
0,0.1342,353379798
0,0.1343,10205
0,0.1343,10289
0,0.1343,10480
0,0.1343,10687
0,0.1343,10986
0,0.1343,11375
0,0.1343,11525
0,0.1343,11947
0,0.1343,12411
0,0.1343,12730
0,0.1343,13242
0,0.1343,16175
0,0.1343,16506
0,0.1343,23369
0,0.1343,25713
0,0.1343,30178
0,0.1343,36704
0,0.1343,38706
0,0.1343,57243
0,0.1343,58331
0,0.1343,58394
0,0.1343,140519
0,0.1343,513336
0,0.1343,514125
0,0.1343,520217
0,0.1343,568012
0,0.1343,800167
0,0.1343,800845
0,0.1343,810198
0,0.1343,906092
0,0.1344,10315
0,0.1344,10502
0,0.1344,10914
0,0.1344,12358
0,0.1344,15534
0,0.1344,16160
0,0.1344,18688
0,0.1344,26832
0,0.1344,34801
0,0.1344,36374
0,0.1344,63923
0,0.1344,76194
0,0.1344,87837
0,0.1344,521025
0,0.1344,524167
0,0.1344,529803
0,0.1344,531708
0,0.1344,533368
0,0.1344,539227
0,0.1344,801366
0,0.1344,803129
0,0.1344,831621
0,0.1345,10120
0,0.1345,10428
0,0.1345,10868
0,0.1345,10950
0,0.1345,11271
0,0.1345,11303
0,0.1345,11321
0,0.1345,11805
0,0.1345,12228
0,0.1345,12423
0,0.1345,13353
0,0.1345,13498
0,0.1345,15353
0,0.1345,15364
0,0.1345,15932
0,0.1345,16077
0,0.1345,17174
0,0.1345,21932
0,0.1345,23826
0,0.1345,24614
0,0.1345,27296
0,0.1345,27413
0,0.1345,33775
0,0.1345,76506
0,0.1345,519454
0,0.1345,536057
0,0.1345,800317
0,0.1345,800438
0,0.1345,800972
0,0.1345,801521
0,0.1345,803732
0,0.1345,903280
0,0.1345,907256
0,0.1345,926518
0,0.1345,932322
0,0.1346,10855
0,0.1346,11094
0,0.1346,11220
0,0.1346,12429
0,0.1346,12605
0,0.1346,12976
0,0.1346,13258
0,0.1346,17342
0,0.1346,19594
0,0.1346,19995
0,0.1346,21263
0,0.1346,21520
0,0.1346,22047
0,0.1346,28633
0,0.1346,30039
0,0.1346,33032
0,0.1346,33224
0,0.1346,33316
0,0.1346,34188
0,0.1346,34949
0,0.1346,35743
0,0.1346,42975
0,0.1346,50228
0,0.1346,513499
0,0.1346,553194
0,0.1346,800586
0,0.1346,801503
0,0.1346,803566
0,0.1346,804627
0,0.1346,805229
0,0.1346,817453
0,0.1347,10652
0,0.1347,10692
0,0.1347,11012
0,0.1347,11255
0,0.1347,11821
0,0.1347,11856
0,0.1347,13760
0,0.1347,14192
0,0.1347,14348
0,0.1347,14523
0,0.1347,14756
0,0.1347,18419
0,0.1347,20818
0,0.1347,21460
0,0.1347,21692
0,0.1347,25598
0,0.1347,26665
0,0.1347,35196
0,0.1347,36253
0,0.1347,37125
0,0.1347,45539
0,0.1347,46429
0,0.1347,46691
0,0.1347,48301
0,0.1347,59994
0,0.1347,67167
0,0.1347,119860
0,0.1347,123422
0,0.1347,140134
0,0.1347,247112
0,0.1347,513283
0,0.1347,518461
0,0.1347,520621
0,0.1347,524733
0,0.1347,529411
0,0.1347,801258
0,0.1347,808856
0,0.1347,900035
0,0.1348,10639
0,0.1348,11200
0,0.1348,11416
0,0.1348,11614
0,0.1348,11802
0,0.1348,12345
0,0.1348,12671
0,0.1348,16641
0,0.1348,16868
0,0.1348,17156
0,0.1348,19152
0,0.1348,19189
0,0.1348,22014
0,0.1348,24347
0,0.1348,60056
0,0.1348,77709
0,0.1348,154893
0,0.1348,519705
0,0.1348,519862
0,0.1348,520337
0,0.1348,524761
0,0.1348,531425
0,0.1348,549098
0,0.1348,800856
0,0.1348,803340
0,0.1348,803562
0,0.1348,804222
0,0.1348,820520
0,0.1348,907558
0,0.1349,10166
0,0.1349,10677
0,0.1349,13991
0,0.1349,16309
0,0.1349,16642
0,0.1349,17930
0,0.1349,18739
0,0.1349,19104
0,0.1349,19274
0,0.1349,19921
0,0.1349,20402
0,0.1349,22884
0,0.1349,30935
0,0.1349,32463
0,0.1349,33962
0,0.1349,45340
0,0.1349,78293
0,0.1349,235061
0,0.1349,512795
0,0.1349,521584
0,0.1349,530880
0,0.1349,533103
0,0.1349,580329
0,0.1350,10138
0,0.1350,10362
0,0.1350,10447
0,0.1350,11302
0,0.1350,11701
0,0.1350,12924
0,0.1350,13018
0,0.1350,13121
0,0.1350,14071
0,0.1350,15669
0,0.1350,17173
0,0.1350,22276
0,0.1350,24965
0,0.1350,27308
0,0.1350,48982
0,0.1350,104220
0,0.1350,231168
0,0.1350,515578
0,0.1350,517722
0,0.1350,522841
0,0.1350,531862
0,0.1350,533223
0,0.1350,537751
0,0.1350,537899
0,0.1350,549229
0,0.1350,802232
0,0.1350,802392
0,0.1350,803033
0,0.1350,804158
0,0.1350,805817
0,0.1350,809979
0,0.1350,914445
0,0.1351,13101
0,0.1351,13138
0,0.1351,13168
0,0.1351,16274
0,0.1351,16659
0,0.1351,19767
0,0.1351,26211
0,0.1351,28968
0,0.1351,43756
0,0.1351,56322
0,0.1351,62156
0,0.1351,170407
0,0.1351,515575
0,0.1351,519865
0,0.1351,802196
0,0.1352,10097
0,0.1352,10202
0,0.1352,10222
0,0.1352,11603
0,0.1352,11819
0,0.1352,12503
0,0.1352,12590
0,0.1352,12651
0,0.1352,12747
0,0.1352,14259
0,0.1352,14997
0,0.1352,15684
0,0.1352,16687
0,0.1352,17696
0,0.1352,18744
0,0.1352,18932
0,0.1352,21124
0,0.1352,22900
0,0.1352,26417
0,0.1352,28590
0,0.1352,31700
0,0.1352,34715
0,0.1352,44816
0,0.1352,65657
0,0.1352,67303
0,0.1352,80867
0,0.1352,511881
0,0.1352,513827
0,0.1352,515410
0,0.1352,517852
0,0.1352,523506
0,0.1352,525408
0,0.1352,540077
0,0.1352,555344
0,0.1352,802955
0,0.1352,903604
0,0.1353,10147
0,0.1353,10302
0,0.1353,11623
0,0.1353,11674
0,0.1353,12158
0,0.1353,15273
0,0.1353,15908
0,0.1353,16182
0,0.1353,18165
0,0.1353,23206
0,0.1353,30352
0,0.1353,30419
0,0.1353,30477
0,0.1353,39399
0,0.1353,71649
0,0.1353,137597
0,0.1353,524655
0,0.1353,532909
0,0.1353,936810
0,0.1354,10041
0,0.1354,10110
0,0.1354,10603
0,0.1354,11171
0,0.1354,12151
0,0.1354,12455
0,0.1354,12742
0,0.1354,14719
0,0.1354,15284
0,0.1354,15905
0,0.1354,16862
0,0.1354,19720
0,0.1354,20620
0,0.1354,20774
0,0.1354,23703
0,0.1354,24701
0,0.1354,29806
0,0.1354,42997
0,0.1354,53086
0,0.1354,58481
0,0.1354,147927
0,0.1354,152687
0,0.1354,200001
0,0.1354,515679
0,0.1354,516369
0,0.1354,520888
0,0.1354,524432
0,0.1354,530449
0,0.1354,533748
0,0.1354,803821
0,0.1354,807396
0,0.1354,820146
0,0.1354,908143
0,0.1355,10236
0,0.1355,10263
0,0.1355,10330
0,0.1355,10863
0,0.1355,11489
0,0.1355,12334
0,0.1355,13515
0,0.1355,14034
0,0.1355,17155
0,0.1355,18838
0,0.1355,19089
0,0.1355,22405
0,0.1355,23281
0,0.1355,24684
0,0.1355,25503
0,0.1355,26862
0,0.1355,29436
0,0.1355,32616
0,0.1355,46724
0,0.1355,55269
0,0.1355,84901
0,0.1355,513636
0,0.1355,520820
0,0.1356,10421
0,0.1356,10497
0,0.1356,11070
0,0.1356,11103
0,0.1356,11426
0,0.1356,12065
0,0.1356,12297
0,0.1356,12445
0,0.1356,13184
0,0.1356,13830
0,0.1356,14611
0,0.1356,17554
0,0.1356,17981
0,0.1356,17991
0,0.1356,18730
0,0.1356,19902
0,0.1356,26718
0,0.1356,30421
0,0.1356,32335
0,0.1356,32825
0,0.1356,43445
0,0.1356,54440
0,0.1356,59057
0,0.1356,82899
0,0.1356,515735
0,0.1356,519003
0,0.1356,539620
0,0.1356,580970
0,0.1356,800262
0,0.1356,802201
0,0.1356,803709
0,0.1356,805280
0,0.1356,834861
0,0.1356,907500
0,0.1357,10649
0,0.1357,13307
0,0.1357,13794
0,0.1357,14939
0,0.1357,15441
0,0.1357,16736
0,0.1357,17878
0,0.1357,17958
0,0.1357,20619
0,0.1357,22338
0,0.1357,22441
0,0.1357,26772
0,0.1357,27302
0,0.1357,27594
0,0.1357,30132
0,0.1357,44781
0,0.1357,74202
0,0.1357,178990
0,0.1357,190421
0,0.1357,516886
0,0.1357,517601
0,0.1357,518938
0,0.1357,520115
0,0.1357,521783
0,0.1357,522744
0,0.1357,526311
0,0.1357,532079
0,0.1357,803077
0,0.1357,804555
0,0.1357,804984
0,0.1358,10646
0,0.1358,11030
0,0.1358,11214
0,0.1358,11371
0,0.1358,11403
0,0.1358,12923
0,0.1358,14766
0,0.1358,15117
0,0.1358,20544
0,0.1358,24050
0,0.1358,24828
0,0.1358,29804
0,0.1358,31906
0,0.1358,32811
0,0.1358,37929
0,0.1358,70651
0,0.1358,138243
0,0.1358,234867
0,0.1358,518604
0,0.1358,520895
0,0.1358,521059
0,0.1358,523564
0,0.1358,524412
0,0.1358,524483
0,0.1358,555342
0,0.1358,801828
0,0.1358,802124
0,0.1358,802565
0,0.1358,802793
0,0.1358,813104
0,0.1358,816323
0,0.1358,817218
0,0.1358,902501
0,0.1359,10170
0,0.1359,10185
0,0.1359,10295
0,0.1359,10815
0,0.1359,11606
0,0.1359,11764
0,0.1359,13048
0,0.1359,15042
0,0.1359,15251
0,0.1359,16781
0,0.1359,20302
0,0.1359,37981
0,0.1359,52728
0,0.1359,134100
0,0.1359,160441
0,0.1359,513551
0,0.1359,517105
0,0.1359,522984
0,0.1359,556700
0,0.1359,803052
0,0.1359,821892
0,0.1359,911639
0,0.1359,933157
0,0.1359,107629970
0,0.1360,10101
0,0.1360,10414
0,0.1360,10564
0,0.1360,11361
0,0.1360,13167
0,0.1360,16311
0,0.1360,16402
0,0.1360,16829
0,0.1360,19283
0,0.1360,21637
0,0.1360,26287
0,0.1360,27252
0,0.1360,34725
0,0.1360,37330
0,0.1360,515026
0,0.1360,515702
0,0.1360,522828
0,0.1360,526298
0,0.1360,800398
0,0.1360,801998
0,0.1360,806387
0,0.1360,817096
0,0.1361,10018
0,0.1361,10479
0,0.1361,10566
0,0.1361,11338
0,0.1361,11982
0,0.1361,12259
0,0.1361,12398
0,0.1361,15939
0,0.1361,17420
0,0.1361,21671
0,0.1361,23273
0,0.1361,24580
0,0.1361,28791
0,0.1361,34359
0,0.1361,38010
0,0.1361,114607
0,0.1361,511797
0,0.1361,514546
0,0.1361,521236
0,0.1361,537032
0,0.1361,574357
0,0.1361,800536
0,0.1361,800757
0,0.1361,803210
0,0.1361,804556
0,0.1361,807296
0,0.1361,814206
0,0.1361,873387
0,0.1361,418840426
0,0.1362,10150
0,0.1362,11836
0,0.1362,12650
0,0.1362,15290
0,0.1362,16370
0,0.1362,17177
0,0.1362,20418
0,0.1362,23325
0,0.1362,23854
0,0.1362,42890
0,0.1362,67864
0,0.1362,523675
0,0.1362,801442
0,0.1362,801730
0,0.1362,804835
0,0.1362,848955
0,0.1362,954981
0,0.1363,11131
0,0.1363,11146
0,0.1363,12298
0,0.1363,13302
0,0.1363,13610
0,0.1363,14464
0,0.1363,14928
0,0.1363,17105
0,0.1363,17301
0,0.1363,17861
0,0.1363,22791
0,0.1363,27416
0,0.1363,29952
0,0.1363,30825
0,0.1363,30873
0,0.1363,31749
0,0.1363,36384
0,0.1363,42374
0,0.1363,56877
0,0.1363,90835
0,0.1363,99095
0,0.1363,104033
0,0.1363,511828
0,0.1363,521587
0,0.1363,531829
0,0.1363,533293
0,0.1363,555502
0,0.1363,800022
0,0.1363,800718
0,0.1363,800827
0,0.1363,801295
0,0.1363,801816
0,0.1363,904122
0,0.1363,918582
0,0.1363,955135
0,0.1363,912111327
0,0.1364,10691
0,0.1364,10844
0,0.1364,12104
0,0.1364,12388
0,0.1364,13442
0,0.1364,16284
0,0.1364,16438
0,0.1364,16910
0,0.1364,19036
0,0.1364,20831
0,0.1364,21400
0,0.1364,24699
0,0.1364,30962
0,0.1364,32258
0,0.1364,34826
0,0.1364,35430
0,0.1364,39432
0,0.1364,50444
0,0.1364,57797
0,0.1364,164863
0,0.1364,512241
0,0.1364,515933
0,0.1364,532571
0,0.1364,542056
0,0.1364,802081
0,0.1364,802652
0,0.1364,805097
0,0.1364,817261
0,0.1364,936713
0,0.1364,956305
0,0.1365,10102
0,0.1365,10114
0,0.1365,10744
0,0.1365,11600
0,0.1365,12933
0,0.1365,14327
0,0.1365,14424
0,0.1365,15891
0,0.1365,17086
0,0.1365,19393
0,0.1365,22327
0,0.1365,24232
0,0.1365,25684
0,0.1365,26666
0,0.1365,30371
0,0.1365,37942
0,0.1365,40617
0,0.1365,47267
0,0.1365,47438
0,0.1365,48146
0,0.1365,80682
0,0.1365,81442
0,0.1365,258819
0,0.1365,520439
0,0.1365,522706
0,0.1365,531009
0,0.1365,533946
0,0.1365,535044
0,0.1365,801492
0,0.1365,802223
0,0.1365,814430
0,0.1365,818085
0,0.1365,903642
0,0.1365,1050014552
0,0.1366,12295
0,0.1366,13310
0,0.1366,14976
0,0.1366,15110
0,0.1366,22870
0,0.1366,23212
0,0.1366,25210
0,0.1366,37630
0,0.1366,38914
0,0.1366,99882
0,0.1366,512319
0,0.1366,516919
0,0.1366,520236
0,0.1366,520641
0,0.1366,520900
0,0.1366,533751
0,0.1366,568471
0,0.1366,800258
0,0.1366,802580
0,0.1366,823869
0,0.1366,824830
0,0.1367,10050
0,0.1367,12491
0,0.1367,12854
0,0.1367,14408
0,0.1367,15583
0,0.1367,15888
0,0.1367,17325
0,0.1367,19290
0,0.1367,19999
0,0.1367,54462
0,0.1367,57935
0,0.1367,76219
0,0.1367,130279
0,0.1367,470711
0,0.1367,521092
0,0.1367,800132
0,0.1367,805555
0,0.1367,825184
0,0.1368,10278
0,0.1368,10738
0,0.1368,11832
0,0.1368,12532
0,0.1368,12787
0,0.1368,14224
0,0.1368,15310
0,0.1368,17454
0,0.1368,17931
0,0.1368,19498
0,0.1368,19615
0,0.1368,24843
0,0.1368,28816
0,0.1368,34896
0,0.1368,34972
0,0.1368,35464
0,0.1368,35620
0,0.1368,42404
0,0.1368,42753
0,0.1368,43116
0,0.1368,44005
0,0.1368,56362
0,0.1368,100294
0,0.1368,515797
0,0.1368,523022
0,0.1368,534295
0,0.1368,557861
0,0.1368,801193
0,0.1368,155143464
0,0.1369,10412
0,0.1369,11243
0,0.1369,11699
0,0.1369,12943
0,0.1369,13428
0,0.1369,13707
0,0.1369,13969
0,0.1369,16537
0,0.1369,18086
0,0.1369,19760
0,0.1369,21416
0,0.1369,38272
0,0.1369,46388
0,0.1369,64399
0,0.1369,67384
0,0.1369,69319
0,0.1369,513401
0,0.1369,522354
0,0.1369,523482
0,0.1369,802044
0,0.1369,805489
0,0.1369,816644
0,0.1369,902789
0,0.1369,904246
0,0.1369,913454
0,0.1369,955135
0,0.1370,10169
0,0.1370,10593
0,0.1370,11174
0,0.1370,11893
0,0.1370,12368
0,0.1370,13324
0,0.1370,14060
0,0.1370,16457
0,0.1370,16875
0,0.1370,22852
0,0.1370,23619
0,0.1370,25763
0,0.1370,26987
0,0.1370,33562
0,0.1370,34690
0,0.1370,36235
0,0.1370,39095
0,0.1370,517257
0,0.1370,520194
0,0.1370,800890
0,0.1370,801581
0,0.1371,11170
0,0.1371,11717
0,0.1371,11967
0,0.1371,12055
0,0.1371,12584
0,0.1371,12809
0,0.1371,14207
0,0.1371,14227
0,0.1371,14705
0,0.1371,15494
0,0.1371,16323
0,0.1371,17190
0,0.1371,21227
0,0.1371,21468
0,0.1371,22799
0,0.1371,31352
0,0.1371,33400
0,0.1371,33842
0,0.1371,34820
0,0.1371,36070
0,0.1371,37997
0,0.1371,38926
0,0.1371,77481
0,0.1371,126642
0,0.1371,129234
0,0.1371,137459
0,0.1371,154759
0,0.1371,511857
0,0.1371,512390
0,0.1371,514596
0,0.1371,517724
0,0.1371,518540
0,0.1371,800307
0,0.1371,800931
0,0.1371,801895
0,0.1371,903643
0,0.1371,905078
0,0.1372,10661
0,0.1372,12572
0,0.1372,17131
0,0.1372,17244
0,0.1372,18712
0,0.1372,20545
0,0.1372,27146
0,0.1372,34824
0,0.1372,39294
0,0.1372,42483
0,0.1372,44903
0,0.1372,54011
0,0.1372,94797
0,0.1372,96137
0,0.1372,513146
0,0.1372,570859
0,0.1372,571495
0,0.1372,800126
0,0.1372,803829
0,0.1373,10224
0,0.1373,11029
0,0.1373,11327
0,0.1373,11368
0,0.1373,11507
0,0.1373,13406
0,0.1373,14299
0,0.1373,14881
0,0.1373,16493
0,0.1373,16822
0,0.1373,18343
0,0.1373,22120
0,0.1373,24382
0,0.1373,31633
0,0.1373,32462
0,0.1373,41428
0,0.1373,42372
0,0.1373,66976
0,0.1373,100420
0,0.1373,511882
0,0.1373,513552
0,0.1373,518513
0,0.1373,527048
0,0.1373,800589
0,0.1373,806646
0,0.1373,817089
0,0.1373,820943
0,0.1373,822772
0,0.1373,905385
0,0.1373,911192
0,0.1373,932796
0,0.1373,936713
0,0.1373,118002941
0,0.1374,10061
0,0.1374,10303
0,0.1374,11210
0,0.1374,11341
0,0.1374,13450
0,0.1374,15765
0,0.1374,18364
0,0.1374,19618
0,0.1374,25038
0,0.1374,25255
0,0.1374,26576
0,0.1374,30108
0,0.1374,30164
0,0.1374,30446
0,0.1374,36812
0,0.1374,37841
0,0.1374,39446
0,0.1374,40213
0,0.1374,40888
0,0.1374,41801
0,0.1374,46788
0,0.1374,353032
0,0.1374,534361
0,0.1374,801485
0,0.1374,802944
0,0.1374,805825
0,0.1374,817670
0,0.1374,904624
0,0.1374,907866
0,0.1374,761298433
0,0.1375,10243
0,0.1375,10338
0,0.1375,11142
0,0.1375,12102
0,0.1375,13295
0,0.1375,15362
0,0.1375,15458
0,0.1375,16026
0,0.1375,16072
0,0.1375,16978
0,0.1375,19982
0,0.1375,23845
0,0.1375,27538
0,0.1375,28681
0,0.1375,32278
0,0.1375,36306
0,0.1375,40015
0,0.1375,44313
0,0.1375,44827
0,0.1375,51682
0,0.1375,53639
0,0.1375,519818
0,0.1375,531643
0,0.1375,800077
0,0.1375,801658
0,0.1375,802307
0,0.1375,809401
0,0.1375,824034
0,0.1375,912379
0,0.1376,10184
0,0.1376,10290
0,0.1376,10797
0,0.1376,11085
0,0.1376,11180
0,0.1376,11618
0,0.1376,12564
0,0.1376,14014
0,0.1376,14566
0,0.1376,15535
0,0.1376,17180
0,0.1376,18437
0,0.1376,21664
0,0.1376,22446
0,0.1376,29028
0,0.1376,38650
0,0.1376,40390
0,0.1376,48491
0,0.1376,75129
0,0.1376,162599
0,0.1376,555827
0,0.1377,10545
0,0.1377,11900
0,0.1377,12395
0,0.1377,12635
0,0.1377,15304
0,0.1377,18054
0,0.1377,18704
0,0.1377,23009
0,0.1377,24968
0,0.1377,25892
0,0.1377,25939
0,0.1377,39813
0,0.1377,40798
0,0.1377,41913
0,0.1377,47922
0,0.1377,61243
0,0.1377,125111
0,0.1377,261784
0,0.1377,513889
0,0.1377,520210
0,0.1377,521266
0,0.1377,527585
0,0.1377,805135
0,0.1378,10805
0,0.1378,11021
0,0.1378,11563
0,0.1378,12506
0,0.1378,13142
0,0.1378,13306
0,0.1378,15024
0,0.1378,20072
0,0.1378,21884
0,0.1378,24142
0,0.1378,24776
0,0.1378,27893
0,0.1378,29939
0,0.1378,30807
0,0.1378,32477
0,0.1378,39442
0,0.1378,50132
0,0.1378,68889
0,0.1378,131748
0,0.1378,142743
0,0.1378,154359
0,0.1378,519363
0,0.1378,520087
0,0.1378,543158
0,0.1378,574147
0,0.1378,800056
0,0.1378,801199
0,0.1378,819089
0,0.1378,902483
0,0.1379,10100
0,0.1379,10488
0,0.1379,11628
0,0.1379,16754
0,0.1379,18953
0,0.1379,27486
0,0.1379,29344
0,0.1379,29535
0,0.1379,33586
0,0.1379,47107
0,0.1379,50965
0,0.1379,70924
0,0.1379,83143
0,0.1379,517501
0,0.1379,517512
0,0.1379,517548
0,0.1379,519514
0,0.1379,521928
0,0.1379,530435
0,0.1379,802544
0,0.1379,803599
0,0.1379,817565
0,0.1379,912294
0,0.1380,10187
0,0.1380,11194
0,0.1380,11495
0,0.1380,12028
0,0.1380,12159
0,0.1380,14486
0,0.1380,16636
0,0.1380,16794
0,0.1380,18391
0,0.1380,25045
0,0.1380,28353
0,0.1380,29635
0,0.1380,31524
0,0.1380,32388
0,0.1380,33838
0,0.1380,34565
0,0.1380,39251
0,0.1380,40742
0,0.1380,41054
0,0.1380,512187
0,0.1380,516666
0,0.1380,519398
0,0.1380,519399
0,0.1380,520214
0,0.1380,520390
0,0.1380,521075
0,0.1380,521087
0,0.1380,529385
0,0.1380,529489
0,0.1380,560489
0,0.1381,10027
0,0.1381,10088
0,0.1381,10294
0,0.1381,10555
0,0.1381,11540
0,0.1381,13134
0,0.1381,13551
0,0.1381,14223
0,0.1381,14263
0,0.1381,15929
0,0.1381,19740
0,0.1381,20592
0,0.1381,29009
0,0.1381,33869
0,0.1381,68489
0,0.1381,86661
0,0.1381,100478
0,0.1381,105436
0,0.1382,10035
0,0.1382,10299
0,0.1382,12108
0,0.1382,12907
0,0.1382,13153
0,0.1382,13179
0,0.1382,15351
0,0.1382,16087
0,0.1382,17072
0,0.1382,21157
0,0.1382,27983
0,0.1382,34187
0,0.1382,39382
0,0.1382,41746
0,0.1382,54246
0,0.1382,57074
0,0.1382,57381
0,0.1382,139961
0,0.1382,166976
0,0.1382,174420
0,0.1382,515966
0,0.1382,523843
0,0.1382,529520
0,0.1382,539137
0,0.1382,800412
0,0.1382,800477
0,0.1382,804195
0,0.1382,805949
0,0.1382,810586
0,0.1383,10119
0,0.1383,10271
0,0.1383,10807
0,0.1383,10959
0,0.1383,12060
0,0.1383,13259
0,0.1383,13559
0,0.1383,14387
0,0.1383,14563
0,0.1383,18599
0,0.1383,24922
0,0.1383,30610
0,0.1383,32053
0,0.1383,32062
0,0.1383,33067
0,0.1383,33492
0,0.1383,40396
0,0.1383,42588
0,0.1383,85527
0,0.1383,513649
0,0.1383,515775
0,0.1383,522387
0,0.1383,529641
0,0.1383,530668
0,0.1383,802543
0,0.1383,1050542828
0,0.1383,1050687371
0,0.1384,11253
0,0.1384,12443
0,0.1384,14131
0,0.1384,18985
0,0.1384,19616
0,0.1384,21687
0,0.1384,23682
0,0.1384,34120
0,0.1384,41414
0,0.1384,41958
0,0.1384,134610
0,0.1384,184446
0,0.1384,195264
0,0.1384,512927
0,0.1384,514230
0,0.1384,521240
0,0.1384,521814
0,0.1384,524224
0,0.1384,524968
0,0.1384,530460
0,0.1384,552318
0,0.1384,801189
0,0.1384,803605
0,0.1385,10286
0,0.1385,11586
0,0.1385,11635
0,0.1385,11709
0,0.1385,13255
0,0.1385,14093
0,0.1385,16099
0,0.1385,16203
0,0.1385,17825
0,0.1385,17938
0,0.1385,20780
0,0.1385,25382
0,0.1385,34680
0,0.1385,127702
0,0.1385,513364
0,0.1385,532750
0,0.1385,557215
0,0.1385,800851
0,0.1385,817453
0,0.1385,828126
0,0.1385,842520
0,0.1385,1050215716
0,0.1386,11311
0,0.1386,11357
0,0.1386,11896
0,0.1386,11937
0,0.1386,12844
0,0.1386,13229
0,0.1386,14461
0,0.1386,15354
0,0.1386,18779
0,0.1386,19320
0,0.1386,21719
0,0.1386,22066
0,0.1386,25792
0,0.1386,29135
0,0.1386,29445
0,0.1386,34466
0,0.1386,37433
0,0.1386,40983
0,0.1386,55258
0,0.1386,80674
0,0.1386,89621
0,0.1386,151041
0,0.1386,155188
0,0.1386,513537
0,0.1386,514405
0,0.1386,517401
0,0.1386,800157
0,0.1387,10099
0,0.1387,10226
0,0.1387,10322
0,0.1387,10809
0,0.1387,12037
0,0.1387,13860
0,0.1387,15457
0,0.1387,15886
0,0.1387,18504
0,0.1387,18728
0,0.1387,18921
0,0.1387,22291
0,0.1387,23025
0,0.1387,26495
0,0.1387,30520
0,0.1387,33038
0,0.1387,34882
0,0.1387,37668
0,0.1387,38835
0,0.1387,104187
0,0.1387,145229
0,0.1387,801164
0,0.1387,801282
0,0.1387,802615
0,0.1387,804435
0,0.1387,805925
0,0.1387,813076
0,0.1388,10663
0,0.1388,11969
0,0.1388,12488
0,0.1388,13800
0,0.1388,13922
0,0.1388,14137
0,0.1388,16051
0,0.1388,18278
0,0.1388,23500
0,0.1388,28525
0,0.1388,33155
0,0.1388,41056
0,0.1388,45192
0,0.1388,63923
0,0.1388,68776
0,0.1388,514045
0,0.1388,529408
0,0.1388,529419
0,0.1388,529604
0,0.1388,800478
0,0.1388,800976
0,0.1389,10011
0,0.1389,10356
0,0.1389,10819
0,0.1389,11568
0,0.1389,13317
0,0.1389,15393
0,0.1389,23513
0,0.1389,31496
0,0.1389,32013
0,0.1389,33079
0,0.1389,41847
0,0.1389,60421
0,0.1389,60774
0,0.1389,69858
0,0.1389,85395
0,0.1389,102545
0,0.1389,110894
0,0.1389,117741
0,0.1389,515460
0,0.1389,517202
0,0.1389,801783
0,0.1389,804538
0,0.1389,807534
0,0.1390,10537
0,0.1390,10825
0,0.1390,11497
0,0.1390,12510
0,0.1390,12763
0,0.1390,14399
0,0.1390,14989
0,0.1390,15139
0,0.1390,15605
0,0.1390,17532
0,0.1390,18796
0,0.1390,24227
0,0.1390,26901
0,0.1390,27524
0,0.1390,42191
0,0.1390,60946
0,0.1390,76194
0,0.1390,128709
0,0.1390,513968
0,0.1390,514988
0,0.1390,520817
0,0.1390,522465
0,0.1390,525958
0,0.1390,529603
0,0.1390,801557
0,0.1390,802405
0,0.1390,803017
0,0.1390,803440
0,0.1390,803982
0,0.1390,804156
0,0.1390,905303
0,0.1390,936838
0,0.1390,106822444
0,0.1391,10175
0,0.1391,10689
0,0.1391,11665
0,0.1391,12811
0,0.1391,15176
0,0.1391,20185
0,0.1391,21646
0,0.1391,25184
0,0.1391,27614
0,0.1391,29500
0,0.1391,34506
0,0.1391,37319
0,0.1391,48120
0,0.1391,125991
0,0.1391,512314
0,0.1391,513174
0,0.1391,523017
0,0.1391,800158
0,0.1391,800344
0,0.1391,800898
0,0.1391,801970
0,0.1391,804180
0,0.1391,808715
0,0.1391,816439
0,0.1391,817218
0,0.1391,909643
0,0.1391,956328
0,0.1391,1052043704
0,0.1392,10092
0,0.1392,10614
0,0.1392,10624
0,0.1392,11221
0,0.1392,11654
0,0.1392,12095
0,0.1392,13007
0,0.1392,17402
0,0.1392,22937
0,0.1392,27296
0,0.1392,27597
0,0.1392,46466
0,0.1392,70317
0,0.1392,127571
0,0.1392,531768
0,0.1392,802385
0,0.1392,804530
0,0.1392,806061
0,0.1392,806689
0,0.1392,818085
0,0.1393,10041
0,0.1393,10168
0,0.1393,10292
0,0.1393,10368
0,0.1393,10531
0,0.1393,11466
0,0.1393,11825
0,0.1393,21688
0,0.1393,37998
0,0.1393,43152
0,0.1393,80175
0,0.1393,529515
0,0.1393,802964
0,0.1393,805532
0,0.1393,903727
0,0.1394,10110
0,0.1394,10385
0,0.1394,12162
0,0.1394,12283
0,0.1394,12606
0,0.1394,12777
0,0.1394,12900
0,0.1394,13079
0,0.1394,14694
0,0.1394,24690
0,0.1394,27973
0,0.1394,30743
0,0.1394,31627
0,0.1394,35743
0,0.1394,59776
0,0.1394,71611
0,0.1394,146366
0,0.1394,166528
0,0.1394,327169
0,0.1394,514605
0,0.1394,522443
0,0.1394,525306
0,0.1394,530702
0,0.1394,800228
0,0.1394,801267
0,0.1394,802937
0,0.1394,803048
0,0.1394,804500
0,0.1394,817974
0,0.1394,818502
0,0.1394,819089
0,0.1395,10047
0,0.1395,10834
0,0.1395,10988
0,0.1395,11402
0,0.1395,13901
0,0.1395,13985
0,0.1395,19065
0,0.1395,21322
0,0.1395,21921
0,0.1395,22240
0,0.1395,26601
0,0.1395,28522
0,0.1395,30310
0,0.1395,30589
0,0.1395,35058
0,0.1395,37142
0,0.1395,60651
0,0.1395,75688
0,0.1395,511839
0,0.1395,515015
0,0.1395,521113
0,0.1395,555238
0,0.1395,801530
0,0.1395,803339
0,0.1395,805026
0,0.1395,805173
0,0.1395,805213
0,0.1395,805860
0,0.1395,904093
0,0.1395,908509
0,0.1395,910865
0,0.1396,10120
0,0.1396,11155
0,0.1396,12232
0,0.1396,12333
0,0.1396,13698
0,0.1396,14434
0,0.1396,15325
0,0.1396,15698
0,0.1396,16758
0,0.1396,18915
0,0.1396,50424
0,0.1396,55423
0,0.1396,58517
0,0.1396,62574
0,0.1396,89191
0,0.1396,112897
0,0.1396,114715
0,0.1396,137495
0,0.1396,146588
0,0.1396,512273
0,0.1396,518194
0,0.1396,521028
0,0.1396,531999
0,0.1396,800809
0,0.1396,804351
0,0.1396,805244
0,0.1396,805776
0,0.1396,812884
0,0.1396,814468
0,0.1396,907803
0,0.1396,941319
0,0.1397,10612
0,0.1397,11199
0,0.1397,12046
0,0.1397,12105
0,0.1397,12181
0,0.1397,12341
0,0.1397,12358
0,0.1397,12817
0,0.1397,15782
0,0.1397,16936
0,0.1397,17903
0,0.1397,19886
0,0.1397,20818
0,0.1397,23602
0,0.1397,30740
0,0.1397,35540
0,0.1397,36234
0,0.1397,38430
0,0.1397,45024
0,0.1397,56308
0,0.1397,122745
0,0.1397,513283
0,0.1397,521241
0,0.1397,522760
0,0.1397,536208
0,0.1397,545611
0,0.1397,801561
0,0.1397,802097
0,0.1397,802107
0,0.1397,802623
0,0.1397,818085
0,0.1397,941298
0,0.1398,11061
0,0.1398,11064
0,0.1398,11109
0,0.1398,12347
0,0.1398,16671
0,0.1398,18156
0,0.1398,18419
0,0.1398,23601
0,0.1398,24246
0,0.1398,24698
0,0.1398,34699
0,0.1398,52528
0,0.1398,56970
0,0.1398,86523
0,0.1398,111660
0,0.1398,113924
0,0.1398,331721
0,0.1398,512077
0,0.1398,514952
0,0.1398,516072
0,0.1398,516820
0,0.1398,811204
0,0.1398,1050443274
0,0.1399,10080
0,0.1399,10282
0,0.1399,10725
0,0.1399,11428
0,0.1399,12343
0,0.1399,12411
0,0.1399,13305
0,0.1399,14192
0,0.1399,15244
0,0.1399,15997
0,0.1399,16275
0,0.1399,18932
0,0.1399,19386
0,0.1399,21053
0,0.1399,24088
0,0.1399,27794
0,0.1399,31911
0,0.1399,34700
0,0.1399,35109
0,0.1399,94433
0,0.1399,105709
0,0.1399,147617
0,0.1399,530151
0,0.1399,580948
0,0.1399,804445
0,0.1399,818085
0,0.1400,10180
0,0.1400,11849
0,0.1400,12947
0,0.1400,14206
0,0.1400,14736
0,0.1400,16579
0,0.1400,17367
0,0.1400,18613
0,0.1400,19189
0,0.1400,21128
0,0.1400,22519
0,0.1400,28633
0,0.1400,36745
0,0.1400,43398
0,0.1400,520391
0,0.1400,521292
0,0.1400,555342
0,0.1400,806037
0,0.1400,815281
0,0.1401,10040
0,0.1401,10242
0,0.1401,11903
0,0.1401,12720
0,0.1401,12732
0,0.1401,18744
0,0.1401,21690
0,0.1401,21932
0,0.1401,22072
0,0.1401,26455
0,0.1401,58730
0,0.1401,61398
0,0.1401,61779
0,0.1401,81228
0,0.1401,112493
0,0.1401,165025
0,0.1401,209688
0,0.1401,517255
0,0.1401,523636
0,0.1401,533667
0,0.1401,550497
0,0.1401,803804
0,0.1401,805067
0,0.1401,848264
0,0.1401,936341
0,0.1401,776770294
0,0.1402,10525
0,0.1402,10898
0,0.1402,11245
0,0.1402,14539
0,0.1402,16105
0,0.1402,21692
0,0.1402,34185
0,0.1402,98544
0,0.1402,149390
0,0.1402,512106
0,0.1402,513378
0,0.1402,515289
0,0.1402,522909
0,0.1402,555340
0,0.1402,800546
0,0.1402,801639
0,0.1402,804078
0,0.1402,807924
0,0.1402,817798
0,0.1402,902917
0,0.1403,10185
0,0.1403,10847
0,0.1403,11053
0,0.1403,11908
0,0.1403,12221
0,0.1403,12733
0,0.1403,14061
0,0.1403,14194
0,0.1403,16194
0,0.1403,21527
0,0.1403,23273
0,0.1403,26417
0,0.1403,34949
0,0.1403,61944
0,0.1403,63124
0,0.1403,83383
0,0.1403,136159
0,0.1403,167563
0,0.1403,222777
0,0.1403,512086
0,0.1403,519230
0,0.1403,525066
0,0.1403,800212
0,0.1403,800504
0,0.1403,826175
0,0.1403,928343
0,0.1404,10018
0,0.1404,10967
0,0.1404,12815
0,0.1404,14029
0,0.1404,15543
0,0.1404,15612
0,0.1404,15680
0,0.1404,15768
0,0.1404,16959
0,0.1404,21366
0,0.1404,22185
0,0.1404,22982
0,0.1404,26130
0,0.1404,27025
0,0.1404,30181
0,0.1404,37465
0,0.1404,48335
0,0.1404,50593
0,0.1404,55527
0,0.1404,61285
0,0.1404,71547
0,0.1404,87111
0,0.1404,95935
0,0.1404,96692
0,0.1404,511757
0,0.1404,518112
0,0.1404,519132
0,0.1404,801090
0,0.1404,817096
0,0.1404,955135
0,0.1404,1050045395
0,0.1405,10138
0,0.1405,10704
0,0.1405,11166
0,0.1405,12327
0,0.1405,13115
0,0.1405,13158
0,0.1405,14011
0,0.1405,23073
0,0.1405,24702
0,0.1405,27954
0,0.1405,38388
0,0.1405,135801
0,0.1405,364582
0,0.1405,392714
0,0.1405,512328
0,0.1405,513111
0,0.1405,524767
0,0.1405,800605
0,0.1405,802139
0,0.1405,819089
0,0.1405,819387
0,0.1405,820434
0,0.1405,916091
0,0.1406,10097
0,0.1406,10707
0,0.1406,11013
0,0.1406,14428
0,0.1406,15514
0,0.1406,17220
0,0.1406,19118
0,0.1406,19341
0,0.1406,19452
0,0.1406,32258
0,0.1406,73463
0,0.1406,74781
0,0.1406,303314
0,0.1406,514125
0,0.1406,514582
0,0.1406,515950
0,0.1406,522763
0,0.1406,523600
0,0.1406,805463
0,0.1406,848264
0,0.1406,903450
0,0.1406,908747
0,0.1406,1050350155
0,0.1407,10671
0,0.1407,10986
0,0.1407,11638
0,0.1407,14954
0,0.1407,17322
0,0.1407,18601
0,0.1407,22926
0,0.1407,28469
0,0.1407,154212
0,0.1407,520691
0,0.1407,521256
0,0.1407,522428
0,0.1407,522734
0,0.1407,522815
0,0.1407,522974
0,0.1407,523776
0,0.1407,530880
0,0.1407,801715
0,0.1407,803174
0,0.1407,803305
0,0.1407,803342
0,0.1407,806281
0,0.1407,811215
0,0.1407,932684
0,0.1407,936713
0,0.1408,10107
0,0.1408,10673
0,0.1408,11012
0,0.1408,13151
0,0.1408,13294
0,0.1408,18109
0,0.1408,18778
0,0.1408,21296
0,0.1408,33298
0,0.1408,64607
0,0.1408,74551
0,0.1408,78393
0,0.1408,133154
0,0.1408,144334
0,0.1408,511821
0,0.1408,515757
0,0.1408,519890
0,0.1408,800354
0,0.1408,801492
0,0.1408,802843
0,0.1408,803013
0,0.1408,807649
0,0.1408,214700177
0,0.1409,10202
0,0.1409,10272
0,0.1409,10362
0,0.1409,10432
0,0.1409,10816
0,0.1409,11027
0,0.1409,11688
0,0.1409,12168
0,0.1409,13692
0,0.1409,16273
0,0.1409,16390
0,0.1409,18686
0,0.1409,32474
0,0.1409,59198
0,0.1409,83621
0,0.1409,137497
0,0.1409,168586
0,0.1409,512165
0,0.1409,512638
0,0.1409,513376
0,0.1409,513646
0,0.1409,514547
0,0.1409,802174
0,0.1409,805616
0,0.1409,809886
0,0.1409,809935
0,0.1409,905286
0,0.1409,981789985
0,0.1410,10293
0,0.1410,10323
0,0.1410,10448
0,0.1410,10920
0,0.1410,11208
0,0.1410,12561
0,0.1410,14747
0,0.1410,17175
0,0.1410,17275
0,0.1410,22838
0,0.1410,23325
0,0.1410,26798
0,0.1410,27682
0,0.1410,34191
0,0.1410,172666
0,0.1410,518220
0,0.1410,519000
0,0.1410,519692
0,0.1410,524761
0,0.1410,527410
0,0.1410,800446
0,0.1410,800621
0,0.1410,804398
0,0.1411,12155
0,0.1411,12454
0,0.1411,16907
0,0.1411,25318
0,0.1411,29419
0,0.1411,53086
0,0.1411,63351
0,0.1411,69544
0,0.1411,95462
0,0.1411,129805
0,0.1411,169003
0,0.1411,519715
0,0.1411,521701
0,0.1411,522754
0,0.1411,802164
0,0.1411,805797
0,0.1412,10072
0,0.1412,10251
0,0.1412,10669
0,0.1412,10912
0,0.1412,10932
0,0.1412,12104
0,0.1412,12298
0,0.1412,12872
0,0.1412,13442
0,0.1412,14276
0,0.1412,15719
0,0.1412,18125
0,0.1412,22126
0,0.1412,26284
0,0.1412,31788
0,0.1412,32651
0,0.1412,42083
0,0.1412,76711
0,0.1412,514579
0,0.1412,515844
0,0.1412,522762
0,0.1412,559141
0,0.1412,800048
0,0.1412,802907
0,0.1412,805185
0,0.1412,809862
0,0.1413,10394
0,0.1413,10781
0,0.1413,11671
0,0.1413,12194
0,0.1413,12500
0,0.1413,13932
0,0.1413,14869
0,0.1413,18246
0,0.1413,21058
0,0.1413,23761
0,0.1413,23826
0,0.1413,26741
0,0.1413,34683
0,0.1413,37719
0,0.1413,37921
0,0.1413,42019
0,0.1413,52114
0,0.1413,92871
0,0.1413,175572
0,0.1413,514416
0,0.1413,521763
0,0.1413,531299
0,0.1413,800594
0,0.1413,803070
0,0.1413,817261
0,0.1413,904036
0,0.1413,936341
0,0.1413,946767
0,0.1414,10692
0,0.1414,11485
0,0.1414,12067
0,0.1414,13363
0,0.1414,13411
0,0.1414,13586
0,0.1414,25638
0,0.1414,28010
0,0.1414,52352
0,0.1414,63204
0,0.1414,511823
0,0.1414,512307
0,0.1414,512858
0,0.1414,519616
0,0.1414,532056
0,0.1414,804797
0,0.1414,808183
0,0.1414,816644
0,0.1414,905905
0,0.1415,10050
0,0.1415,10468
0,0.1415,10751
0,0.1415,10822
0,0.1415,11663
0,0.1415,12140
0,0.1415,12487
0,0.1415,12654
0,0.1415,13526
0,0.1415,15568
0,0.1415,24708
0,0.1415,25330
0,0.1415,54597
0,0.1415,104220
0,0.1415,184704
0,0.1415,521027
0,0.1415,522335
0,0.1415,524655
0,0.1415,800041
0,0.1415,805245
0,0.1415,805647
0,0.1415,814353
0,0.1415,815054
0,0.1415,815454
0,0.1415,816644
0,0.1415,824223
0,0.1415,932321
0,0.1415,105856729
0,0.1415,1111554233
0,0.1416,10302
0,0.1416,10652
0,0.1416,10997
0,0.1416,12131
0,0.1416,13428
0,0.1416,17902
0,0.1416,18585
0,0.1416,19334
0,0.1416,58394
0,0.1416,108738
0,0.1416,513930
0,0.1416,522738
0,0.1416,524717
0,0.1416,559335
0,0.1416,800085
0,0.1416,803007
0,0.1416,817670
0,0.1416,831621
0,0.1417,10278
0,0.1417,10285
0,0.1417,11254
0,0.1417,12054
0,0.1417,12902
0,0.1417,24866
0,0.1417,36691
0,0.1417,520642
0,0.1417,546129
0,0.1417,814010
0,0.1418,10414
0,0.1418,10693
0,0.1418,11806
0,0.1418,13740
0,0.1418,15226
0,0.1418,15714
0,0.1418,17491
0,0.1418,35450
0,0.1418,39262
0,0.1418,44690
0,0.1418,58532
0,0.1418,247112
0,0.1418,512390
0,0.1418,514015
0,0.1418,514028
0,0.1418,521059
0,0.1418,521374
0,0.1418,523379
0,0.1418,526612
0,0.1418,800907
0,0.1418,811999
0,0.1419,10617
0,0.1419,11723
0,0.1419,13751
0,0.1419,13874
0,0.1419,14255
0,0.1419,17454
0,0.1419,36137
0,0.1419,38706
0,0.1419,49262
0,0.1419,53290
0,0.1419,56032
0,0.1419,59853
0,0.1419,64180
0,0.1419,150846
0,0.1419,152496
0,0.1419,530449
0,0.1419,801489
0,0.1419,802092
0,0.1419,802566
0,0.1419,802955
0,0.1419,820323
0,0.1420,10917
0,0.1420,12506
0,0.1420,12796
0,0.1420,12813
0,0.1420,14063
0,0.1420,16536
0,0.1420,16599
0,0.1420,17156
0,0.1420,18911
0,0.1420,19327
0,0.1420,20144
0,0.1420,23153
0,0.1420,30930
0,0.1420,35474
0,0.1420,39880
0,0.1420,46152
0,0.1420,63027
0,0.1420,65845
0,0.1420,80498
0,0.1420,148726
0,0.1420,215209
0,0.1420,512236
0,0.1420,518604
0,0.1420,520338
0,0.1420,523049
0,0.1420,532909
0,0.1420,555176
0,0.1420,801467
0,0.1420,904821
0,0.1420,906612
0,0.1421,11532
0,0.1421,13667
0,0.1421,16493
0,0.1421,18068
0,0.1421,35532
0,0.1421,39253
0,0.1421,64301
0,0.1421,67573
0,0.1421,514863
0,0.1421,518443
0,0.1421,520440
0,0.1421,522752
0,0.1421,810241
0,0.1421,864655
0,0.1421,905928
0,0.1421,932322
0,0.1421,940712
0,0.1422,10108
0,0.1422,10319
0,0.1422,10794
0,0.1422,11406
0,0.1422,12318
0,0.1422,12565
0,0.1422,12748
0,0.1422,19760
0,0.1422,49147
0,0.1422,53078
0,0.1422,73254
0,0.1422,165035
0,0.1422,235061
0,0.1422,515933
0,0.1422,520367
0,0.1422,801998
0,0.1422,803860
0,0.1422,804663
0,0.1422,817261
0,0.1422,906663
0,0.1423,11375
0,0.1423,13168
0,0.1423,13360
0,0.1423,15028
0,0.1423,17978
0,0.1423,20497
0,0.1423,22870
0,0.1423,25403
0,0.1423,30933
0,0.1423,37842
0,0.1423,58753
0,0.1423,60175
0,0.1423,327169
0,0.1423,512156
0,0.1423,514997
0,0.1423,518488
0,0.1423,521459
0,0.1423,525441
0,0.1423,536207
0,0.1423,803219
0,0.1424,10404
0,0.1424,11280
0,0.1424,11365
0,0.1424,12503
0,0.1424,14881
0,0.1424,16373
0,0.1424,18670
0,0.1424,18838
0,0.1424,23854
0,0.1424,33075
0,0.1424,41598
0,0.1424,46691
0,0.1424,48125
0,0.1424,63798
0,0.1424,111777
0,0.1424,116166
0,0.1424,517256
0,0.1424,527588
0,0.1424,532751
0,0.1424,549229
0,0.1424,812186
0,0.1424,814115
0,0.1424,824034
0,0.1424,839612
0,0.1424,936810
0,0.1425,10003
0,0.1425,10137
0,0.1425,10735
0,0.1425,11445
0,0.1425,11618
0,0.1425,11947
0,0.1425,12651
0,0.1425,15955
0,0.1425,17790
0,0.1425,23249
0,0.1425,28022
0,0.1425,38657
0,0.1425,114858
0,0.1425,441056
0,0.1425,512750
0,0.1425,516643
0,0.1425,517548
0,0.1425,521061
0,0.1425,521745
0,0.1425,532800
0,0.1425,800343
0,0.1425,800760
0,0.1425,801295
0,0.1425,805227
0,0.1425,806013
0,0.1425,903250
0,0.1426,10099
0,0.1426,10241
0,0.1426,10740
0,0.1426,10820
0,0.1426,10974
0,0.1426,11021
0,0.1426,11131
0,0.1426,11764
0,0.1426,11902
0,0.1426,12696
0,0.1426,12730
0,0.1426,13456
0,0.1426,13710
0,0.1426,14899
0,0.1426,15059
0,0.1426,15436
0,0.1426,16506
0,0.1426,16554
0,0.1426,16794
0,0.1426,25939
0,0.1426,27596
0,0.1426,30504
0,0.1426,50975
0,0.1426,56017
0,0.1426,70291
0,0.1426,107241
0,0.1426,515072
0,0.1426,519866
0,0.1426,520727
0,0.1426,521635
0,0.1426,522828
0,0.1426,800718
0,0.1426,803014
0,0.1426,803129
0,0.1426,806512
0,0.1426,902343
0,0.1426,909612
0,0.1427,10687
0,0.1427,10852
0,0.1427,11192
0,0.1427,11819
0,0.1427,12437
0,0.1427,13307
0,0.1427,14765
0,0.1427,15224
0,0.1427,19827
0,0.1427,20468
0,0.1427,29908
0,0.1427,31786
0,0.1427,50303
0,0.1427,57759
0,0.1427,57935
0,0.1427,70651
0,0.1427,512903
0,0.1427,516098
0,0.1427,519658
0,0.1427,521236
0,0.1427,807560
0,0.1427,817974
0,0.1428,10603
0,0.1428,16430
0,0.1428,17685
0,0.1428,21822
0,0.1428,28674
0,0.1428,291345
0,0.1428,519705
0,0.1428,523863
0,0.1428,534404
0,0.1428,556286
0,0.1428,805165
0,0.1428,817670
0,0.1428,903422
0,0.1428,906365
0,0.1428,1050014552
0,0.1429,10114
0,0.1429,10255
0,0.1429,11030
0,0.1429,11416
0,0.1429,11802
0,0.1429,12727
0,0.1429,15114
0,0.1429,18170
0,0.1429,19042
0,0.1429,23619
0,0.1429,29129
0,0.1429,30716
0,0.1429,36780
0,0.1429,58258
0,0.1429,67789
0,0.1429,101593
0,0.1429,358032
0,0.1429,525510
0,0.1429,804330
0,0.1429,807799
0,0.1430,11896
0,0.1430,11921
0,0.1430,12319
0,0.1430,12900
0,0.1430,13669
0,0.1430,13872
0,0.1430,13991
0,0.1430,14200
0,0.1430,15163
0,0.1430,15496
0,0.1430,15635
0,0.1430,15850
0,0.1430,18779
0,0.1430,21637
0,0.1430,24382
0,0.1430,28791
0,0.1430,32016
0,0.1430,58704
0,0.1430,130455
0,0.1430,512927
0,0.1430,523564
0,0.1430,543430
0,0.1430,800724
0,0.1430,803996
0,0.1430,805286
0,0.1430,806153
0,0.1430,817261
0,0.1430,869499
0,0.1430,918582
0,0.1431,10052
0,0.1431,10159
0,0.1431,10318
0,0.1431,10677
0,0.1431,11057
0,0.1431,11318
0,0.1431,12240
0,0.1431,12716
0,0.1431,14640
0,0.1431,15189
0,0.1431,15451
0,0.1431,15905
0,0.1431,16399
0,0.1431,16862
0,0.1431,17485
0,0.1431,18504
0,0.1431,19274
0,0.1431,516663
0,0.1431,517193
0,0.1431,517512
0,0.1431,519720
0,0.1431,521633
0,0.1431,521814
0,0.1431,526298
0,0.1431,529125
0,0.1431,532905
0,0.1431,555259
0,0.1431,801895
0,0.1431,802544
0,0.1431,803107
0,0.1431,804696
0,0.1431,806817
0,0.1431,830766
0,0.1431,903425
0,0.1432,10166
0,0.1432,10914
0,0.1432,11338
0,0.1432,14912
0,0.1432,17726
0,0.1432,22090
0,0.1432,26862
0,0.1432,36295
0,0.1432,40390
0,0.1432,41688
0,0.1432,50406
0,0.1432,62778
0,0.1432,76194
0,0.1432,514405
0,0.1432,516360
0,0.1432,523550
0,0.1432,800890
0,0.1432,801187
0,0.1432,817047
0,0.1432,817096
0,0.1432,904736
0,0.1433,10150
0,0.1433,10365
0,0.1433,11201
0,0.1433,12686
0,0.1433,13026
0,0.1433,14499
0,0.1433,15245
0,0.1433,16734
0,0.1433,16880
0,0.1433,21904
0,0.1433,25191
0,0.1433,25792
0,0.1433,27714
0,0.1433,38854
0,0.1433,95057
0,0.1433,294178
0,0.1433,485278
0,0.1433,514045
0,0.1433,516852
0,0.1433,521747
0,0.1433,529228
0,0.1433,802855
0,0.1433,804958
0,0.1433,813104
0,0.1433,830295
0,0.1433,105856729
0,0.1434,11152
0,0.1434,11607
0,0.1434,12055
0,0.1434,12159
0,0.1434,12575
0,0.1434,13371
0,0.1434,13460
0,0.1434,13559
0,0.1434,16584
0,0.1434,16642
0,0.1434,18766
0,0.1434,19036
0,0.1434,20831
0,0.1434,28633
0,0.1434,29116
0,0.1434,40300
0,0.1434,44250
0,0.1434,66804
0,0.1434,79615
0,0.1434,511828
0,0.1434,520822
0,0.1434,521126
0,0.1434,561653
0,0.1434,802371
0,0.1434,803992
0,0.1434,814323
0,0.1434,820323
0,0.1434,946767
0,0.1434,106822444
0,0.1435,10167
0,0.1435,10187
0,0.1435,10447
0,0.1435,10658
0,0.1435,10776
0,0.1435,11377
0,0.1435,11419
0,0.1435,11710
0,0.1435,12285
0,0.1435,12398
0,0.1435,13281
0,0.1435,14362
0,0.1435,15534
0,0.1435,16659
0,0.1435,19290
0,0.1435,20648
0,0.1435,22276
0,0.1435,32393
0,0.1435,38272
0,0.1435,43806
0,0.1435,66142
0,0.1435,136504
0,0.1435,527409
0,0.1435,533431
0,0.1435,839612
0,0.1436,11614
0,0.1436,12137
0,0.1436,12811
0,0.1436,13317
0,0.1436,14997
0,0.1436,18491
0,0.1436,19215
0,0.1436,27296
0,0.1436,28123
0,0.1436,32392
0,0.1436,42332
0,0.1436,42997
0,0.1436,54133
0,0.1436,57440
0,0.1436,88944
0,0.1436,520182
0,0.1436,524902
0,0.1436,801459
0,0.1436,842520
0,0.1436,848264
0,0.1436,849272
0,0.1436,905812
0,0.1437,10041
0,0.1437,10668
0,0.1437,10908
0,0.1437,11699
0,0.1437,12927
0,0.1437,14134
0,0.1437,14289
0,0.1437,15273
0,0.1437,15793
0,0.1437,16254
0,0.1437,17835
0,0.1437,26287
0,0.1437,29135
0,0.1437,56554
0,0.1437,115704
0,0.1437,123858
0,0.1437,126216
0,0.1437,200284
0,0.1437,519399
0,0.1437,523675
0,0.1437,579911
0,0.1437,806355
0,0.1437,904983
0,0.1438,10110
0,0.1438,12151
0,0.1438,13864
0,0.1438,16800
0,0.1438,32545
0,0.1438,38085
0,0.1438,59429
0,0.1438,73897
0,0.1438,93110
0,0.1438,364582
0,0.1438,548428
0,0.1438,801684
0,0.1438,806094
0,0.1438,808159
0,0.1438,809980
0,0.1438,849272
0,0.1438,1050542828
0,0.1439,10204
0,0.1439,10371
0,0.1439,10868
0,0.1439,11497
0,0.1439,12923
0,0.1439,13033
0,0.1439,14454
0,0.1439,14523
0,0.1439,15110
0,0.1439,15176
0,0.1439,15458
0,0.1439,16687
0,0.1439,17173
0,0.1439,19720
0,0.1439,20272
0,0.1439,24741
0,0.1439,24833
0,0.1439,31735
0,0.1439,42700
0,0.1439,121308
0,0.1439,518309
0,0.1439,519865
0,0.1439,531769
0,0.1439,537032
0,0.1439,800112
0,0.1439,902501
0,0.1439,933913
0,0.1440,10269
0,0.1440,11604
0,0.1440,11900
0,0.1440,12006
0,0.1440,13773
0,0.1440,14428
0,0.1440,14918
0,0.1440,19308
0,0.1440,35743
0,0.1440,53652
0,0.1440,512947
0,0.1440,513146
0,0.1440,521203
0,0.1440,537899
0,0.1440,800171
0,0.1440,801497
0,0.1440,802461
0,0.1440,813264
0,0.1441,11161
0,0.1441,11255
0,0.1441,12091
0,0.1441,12297
0,0.1441,13273
0,0.1441,14223
0,0.1441,14306
0,0.1441,15716
0,0.1441,16274
0,0.1441,19488
0,0.1441,19767
0,0.1441,25859
0,0.1441,29795
0,0.1441,61320
0,0.1441,514596
0,0.1441,515760
0,0.1441,519840
0,0.1441,527653
0,0.1441,533914
0,0.1441,801210
0,0.1441,811623
0,0.1442,10100
0,0.1442,10683
0,0.1442,10879
0,0.1442,12405
0,0.1442,13121
0,0.1442,13217
0,0.1442,13287
0,0.1442,15304
0,0.1442,48491
0,0.1442,64874
0,0.1442,512746
0,0.1442,514483
0,0.1442,522706
0,0.1442,527048
0,0.1442,800344
0,0.1442,801538
0,0.1442,801970
0,0.1442,803241
0,0.1442,806124
0,0.1442,820174
0,0.1442,910588
0,0.1442,934908
0,0.1443,10446
0,0.1443,11200
0,0.1443,11712
0,0.1443,11989
0,0.1443,12698
0,0.1443,14023
0,0.1443,15051
0,0.1443,16069
0,0.1443,17244
0,0.1443,19618
0,0.1443,38454
0,0.1443,45118
0,0.1443,50228
0,0.1443,58426
0,0.1443,131748
0,0.1443,512795
0,0.1443,513831
0,0.1443,520817
0,0.1443,524133
0,0.1443,800042
0,0.1443,801816
0,0.1443,820943
0,0.1443,821236
0,0.1444,10060
0,0.1444,10185
0,0.1444,10307
0,0.1444,10625
0,0.1444,13258
0,0.1444,13613
0,0.1444,13680
0,0.1444,19158
0,0.1444,19995
0,0.1444,37265
0,0.1444,41171
0,0.1444,47867
0,0.1444,51764
0,0.1444,511862
0,0.1444,511955
0,0.1444,523506
0,0.1444,800056
0,0.1444,806170
0,0.1444,956328
0,0.1445,10555
0,0.1445,10627
0,0.1445,14093
0,0.1445,15688
0,0.1445,17931
0,0.1445,18932
0,0.1445,25184
0,0.1445,36642
0,0.1445,42483
0,0.1445,138443
0,0.1445,514265
0,0.1445,532079
0,0.1445,555837
0,0.1445,800691
0,0.1445,806039
0,0.1445,806144
0,0.1445,828126
0,0.1445,902275
0,0.1445,711866623
0,0.1445,776770294
0,0.1446,10290
0,0.1446,10428
0,0.1446,10691
0,0.1446,17751
0,0.1446,18238
0,0.1446,19956
0,0.1446,24232
0,0.1446,25045
0,0.1446,30981
0,0.1446,34900
0,0.1446,47922
0,0.1446,63923
0,0.1446,513354
0,0.1446,517257
0,0.1446,518194
0,0.1446,529385
0,0.1446,537027
0,0.1446,801394
0,0.1446,810069
0,0.1446,830295
0,0.1446,861290
0,0.1446,869499
0,0.1446,905003
0,0.1446,1137406009
0,0.1447,10288
0,0.1447,10289
0,0.1447,10479
0,0.1447,11987
0,0.1447,12358
0,0.1447,13537
0,0.1447,16986
0,0.1447,18980
0,0.1447,19586
0,0.1447,20818
0,0.1447,22240
0,0.1447,22530
0,0.1447,30807
0,0.1447,59387
0,0.1447,135681
0,0.1447,178990
0,0.1447,513283
0,0.1447,516256
0,0.1447,521240
0,0.1447,524136
0,0.1447,526864
0,0.1447,533529
0,0.1447,802324
0,0.1447,107629970
0,0.1448,10960
0,0.1448,11888
0,0.1448,14330
0,0.1448,16198
0,0.1448,17408
0,0.1448,19478
0,0.1448,30537
0,0.1448,42896
0,0.1448,50952
0,0.1448,54602
0,0.1448,57240
0,0.1448,124495
0,0.1448,154726
0,0.1448,192306
0,0.1448,519895
0,0.1448,520021
0,0.1448,800203
0,0.1448,800244
0,0.1448,802402
0,0.1448,804707
0,0.1448,808250
0,0.1448,903679
0,0.1449,10376
0,0.1449,15361
0,0.1449,16150
0,0.1449,16781
0,0.1449,18288
0,0.1449,18419
0,0.1449,19982
0,0.1449,30310
0,0.1449,39813
0,0.1449,40768
0,0.1449,44816
0,0.1449,56688
0,0.1449,98698
0,0.1449,511881
0,0.1449,516060
0,0.1449,518541
0,0.1449,525400
0,0.1449,529512
0,0.1449,533746
0,0.1449,575760
0,0.1449,800927
0,0.1449,805743
0,0.1449,806769
0,0.1449,813291
0,0.1449,817047
0,0.1450,10035
0,0.1450,12355
0,0.1450,12943
0,0.1450,14686
0,0.1450,14790
0,0.1450,15808
0,0.1450,17554
0,0.1450,18595
0,0.1450,20402
0,0.1450,21353
0,0.1450,24634
0,0.1450,29080
0,0.1450,37142
0,0.1450,78002
0,0.1450,85527
0,0.1450,88651
0,0.1450,517200
0,0.1450,517852
0,0.1450,522753
0,0.1450,807288
0,0.1450,810372
0,0.1451,11440
0,0.1451,15237
0,0.1451,16899
0,0.1451,20755
0,0.1451,21932
0,0.1451,44202
0,0.1451,54572
0,0.1451,515578
0,0.1451,801976
0,0.1451,804424
0,0.1451,804887
0,0.1451,807312
0,0.1451,849272
0,0.1451,903107
0,0.1451,906228
0,0.1452,10210
0,0.1452,10436
0,0.1452,11029
0,0.1452,11893
0,0.1452,12646
0,0.1452,13863
0,0.1452,15789
0,0.1452,15932
0,0.1452,15964
0,0.1452,16039
0,0.1452,17691
0,0.1452,22463
0,0.1452,23259
0,0.1452,34576
0,0.1452,40046
0,0.1452,41801
0,0.1452,81201
0,0.1452,174420
0,0.1452,512932
0,0.1452,513174
0,0.1452,513594
0,0.1452,517913
0,0.1452,518721
0,0.1452,520194
0,0.1452,523930
0,0.1452,539704
0,0.1452,800412
0,0.1452,801491
0,0.1452,806236
0,0.1452,317157307
0,0.1452,776770294
0,0.1453,10754
0,0.1453,10845
0,0.1453,11027
0,0.1453,11266
0,0.1453,15284
0,0.1453,15412
0,0.1453,16175
0,0.1453,23273
0,0.1453,26485
0,0.1453,29458
0,0.1453,32315
0,0.1453,35111
0,0.1453,41144
0,0.1453,195264
0,0.1453,515950
0,0.1453,516069
0,0.1453,518938
0,0.1453,519328
0,0.1453,520210
0,0.1453,520435
0,0.1453,522387
0,0.1453,522746
0,0.1453,529498
0,0.1453,570132
0,0.1453,800392
0,0.1453,821201
0,0.1454,10027
0,0.1454,10175
0,0.1454,10532
0,0.1454,10537
0,0.1454,12396
0,0.1454,12697
0,0.1454,13229
0,0.1454,13553
0,0.1454,14207
0,0.1454,14624
0,0.1454,15693
0,0.1454,17671
0,0.1454,18437
0,0.1454,23809
0,0.1454,31681
0,0.1454,33316
0,0.1454,72491
0,0.1454,90201
0,0.1454,98157
0,0.1454,101652
0,0.1454,138056
0,0.1454,514092
0,0.1454,574357
0,0.1454,802662
0,0.1454,802954
0,0.1454,932796
0,0.1455,10018
0,0.1455,10080
0,0.1455,10278
0,0.1455,10562
0,0.1455,11307
0,0.1455,11326
0,0.1455,15332
0,0.1455,16232
0,0.1455,23325
0,0.1455,28251
0,0.1455,28520
0,0.1455,29582
0,0.1455,36704
0,0.1455,55527
0,0.1455,58481
0,0.1455,66895
0,0.1455,71877
0,0.1455,77014
0,0.1455,514696
0,0.1455,515091
0,0.1455,516739
0,0.1455,520812
0,0.1455,521241
0,0.1455,802049
0,0.1455,909383
0,0.1456,10205
0,0.1456,10896
0,0.1456,13442
0,0.1456,13984
0,0.1456,14011
0,0.1456,14259
0,0.1456,14486
0,0.1456,16579
0,0.1456,17909
0,0.1456,21797
0,0.1456,22521
0,0.1456,24136
0,0.1456,24463
0,0.1456,32258
0,0.1456,37710
0,0.1456,38190
0,0.1456,38835
0,0.1456,40289
0,0.1456,46159
0,0.1456,144787
0,0.1456,513520
0,0.1456,519144
0,0.1456,522761
0,0.1456,522822
0,0.1456,524073
0,0.1456,800438
0,0.1456,804119
0,0.1456,812134
0,0.1457,10050
0,0.1457,10719
0,0.1457,11883
0,0.1457,12104
0,0.1457,12802
0,0.1457,13079
0,0.1457,14434
0,0.1457,15514
0,0.1457,19189
0,0.1457,19224
0,0.1457,19921
0,0.1457,20077
0,0.1457,20253
0,0.1457,23601
0,0.1457,25763
0,0.1457,29379
0,0.1457,45628
0,0.1457,523807
0,0.1457,533196
0,0.1457,559554
0,0.1457,801609
0,0.1457,808670
0,0.1457,821729
0,0.1457,900035
0,0.1457,776770294
0,0.1458,10222
0,0.1458,10495
0,0.1458,10949
0,0.1458,12401
0,0.1458,13640
0,0.1458,15319
0,0.1458,16214
0,0.1458,16811
0,0.1458,16984
0,0.1458,17759
0,0.1458,20007
0,0.1458,20068
0,0.1458,20362
0,0.1458,22641
0,0.1458,23167
0,0.1458,26417
0,0.1458,49947
0,0.1458,56542
0,0.1458,68889
0,0.1458,125550
0,0.1458,514546
0,0.1458,516886
0,0.1458,525530
0,0.1458,547689
0,0.1458,555342
0,0.1458,579728
0,0.1458,803566
0,0.1458,806253
0,0.1458,806302
0,0.1458,809393
0,0.1459,11142
0,0.1459,11701
0,0.1459,13800
0,0.1459,14311
0,0.1459,15616
0,0.1459,18054
0,0.1459,18744
0,0.1459,39095
0,0.1459,46200
0,0.1459,59434
0,0.1459,97863
0,0.1459,512513
0,0.1459,514125
0,0.1459,523392
0,0.1459,530101
0,0.1459,802223
0,0.1459,805489
0,0.1459,904108
0,0.1460,10065
0,0.1460,10497
0,0.1460,11856
0,0.1460,12506
0,0.1460,13969
0,0.1460,14286
0,0.1460,15274
0,0.1460,15362
0,0.1460,19825
0,0.1460,23513
0,0.1460,28614
0,0.1460,33380
0,0.1460,34188
0,0.1460,39753
0,0.1460,44865
0,0.1460,58146
0,0.1460,68917
0,0.1460,132121
0,0.1460,514988
0,0.1460,520646
0,0.1460,526548
0,0.1460,531557
0,0.1460,819096
0,0.1460,820174
0,0.1461,10168
0,0.1461,10475
0,0.1461,12413
0,0.1461,13858
0,0.1461,15001
0,0.1461,16538
0,0.1461,16764
0,0.1461,21731
0,0.1461,24126
0,0.1461,30930
0,0.1461,31121
0,0.1461,32475
0,0.1461,38425
0,0.1461,45745
0,0.1461,45861
0,0.1461,48914
0,0.1461,55385
0,0.1461,94555
0,0.1461,102607
0,0.1461,123503
0,0.1461,515933
0,0.1461,521406
0,0.1461,522815
0,0.1461,800925
0,0.1461,806433
0,0.1461,821236
0,0.1462,10099
0,0.1462,10432
0,0.1462,10950
0,0.1462,11155
0,0.1462,11877
0,0.1462,15484
0,0.1462,18997
0,0.1462,19104
0,0.1462,23209
0,0.1462,23602
0,0.1462,25236
0,0.1462,30003
0,0.1462,38706
0,0.1462,48846
0,0.1462,90224
0,0.1462,154544
0,0.1462,513339
0,0.1462,513425
0,0.1462,519892
0,0.1462,523786
0,0.1462,800149
0,0.1462,800254
0,0.1462,815205
0,0.1462,822728
0,0.1462,834861
0,0.1463,10306
0,0.1463,10332
0,0.1463,11053
0,0.1463,11199
0,0.1463,11245
0,0.1463,11495
0,0.1463,11915
0,0.1463,12252
0,0.1463,12272
0,0.1463,12423
0,0.1463,12718
0,0.1463,12809
0,0.1463,13274
0,0.1463,14756
0,0.1463,14881
0,0.1463,16360
0,0.1463,17272
0,0.1463,17504
0,0.1463,18156
0,0.1463,19348
0,0.1463,20545
0,0.1463,25939
0,0.1463,30955
0,0.1463,32257
0,0.1463,39082
0,0.1463,43781
0,0.1463,87077
0,0.1463,106593
0,0.1463,512825
0,0.1463,529489
0,0.1463,530151
0,0.1463,800335
0,0.1463,800376
0,0.1463,802289
0,0.1463,805757
0,0.1463,869499
0,0.1464,10061
0,0.1464,10120
0,0.1464,10494
0,0.1464,10704
0,0.1464,11846
0,0.1464,12650
0,0.1464,14224
0,0.1464,14727
0,0.1464,17177
0,0.1464,25723
0,0.1464,33969
0,0.1464,47059
0,0.1464,53086
0,0.1464,81442
0,0.1464,517601
0,0.1464,521409
0,0.1464,521536
0,0.1464,529641
0,0.1464,531682
0,0.1464,802137
0,0.1464,802381
0,0.1464,803534
0,0.1465,10011
0,0.1465,10294
0,0.1465,10663
0,0.1465,12095
0,0.1465,13432
0,0.1465,14772
0,0.1465,19369
0,0.1465,22884
0,0.1465,26443
0,0.1465,30653
0,0.1465,40248
0,0.1465,61273
0,0.1465,168670
0,0.1465,512581
0,0.1465,513274
0,0.1465,513284
0,0.1465,519443
0,0.1465,520155
0,0.1465,521698
0,0.1465,523821
0,0.1465,524717
0,0.1465,529519
0,0.1465,571495
0,0.1465,820146
0,0.1466,10101
0,0.1466,10370
0,0.1466,10807
0,0.1466,11017
0,0.1466,11401
0,0.1466,11402
0,0.1466,11772
0,0.1466,13087
0,0.1466,17454
0,0.1466,21449
0,0.1466,22122
0,0.1466,23281
0,0.1466,23777
0,0.1466,39504
0,0.1466,513033
0,0.1466,514126
0,0.1466,519890
0,0.1466,520863
0,0.1466,523349
0,0.1466,527427
0,0.1466,532909
0,0.1466,801503
0,0.1466,824034
0,0.1467,10314
0,0.1467,10399
0,0.1467,11327
0,0.1467,12239
0,0.1467,14449
0,0.1467,14507
0,0.1467,15548
0,0.1467,15612
0,0.1467,18508
0,0.1467,32959
0,0.1467,52728
0,0.1467,81159
0,0.1467,88342
0,0.1467,125531
0,0.1467,287884
0,0.1467,517548
0,0.1467,520581
0,0.1467,523372
0,0.1467,524483
0,0.1467,526576
0,0.1467,531732
0,0.1467,555498
0,0.1467,802124
0,0.1467,818370
0,0.1467,957716
0,0.1468,10302
0,0.1468,11085
0,0.1468,12065
0,0.1468,22084
0,0.1468,23810
0,0.1468,41665
0,0.1468,48638
0,0.1468,87338
0,0.1468,194213
0,0.1468,513401
0,0.1468,520818
0,0.1468,534534
0,0.1468,800062
0,0.1468,802413
0,0.1469,10187
0,0.1469,10303
0,0.1469,10360
0,0.1469,12532
0,0.1469,12606
0,0.1469,12855
0,0.1469,14766
0,0.1469,15786
0,0.1469,15890
0,0.1469,15914
0,0.1469,27413
0,0.1469,34151
0,0.1469,43756
0,0.1469,46073
0,0.1469,46409
0,0.1469,50397
0,0.1469,64399
0,0.1469,73753
0,0.1469,79464
0,0.1469,94433
0,0.1469,98544
0,0.1469,511839
0,0.1469,513517
0,0.1469,514689
0,0.1469,514758
0,0.1469,522974
0,0.1469,556346
0,0.1469,558460
0,0.1469,801179
0,0.1469,806286
0,0.1469,808573
0,0.1469,827683
0,0.1469,711866623
0,0.1470,10488
0,0.1470,12762
0,0.1470,15364
0,0.1470,15713
0,0.1470,58730
0,0.1470,61398
0,0.1470,107195
0,0.1470,149882
0,0.1470,247112
0,0.1470,511882
0,0.1470,513463
0,0.1470,519944
0,0.1470,521813
0,0.1470,530950
0,0.1470,555340
0,0.1470,559506
0,0.1470,800004
0,0.1470,806362
0,0.1471,10072
0,0.1471,10243
0,0.1471,11634
0,0.1471,11719
0,0.1471,13989
0,0.1471,17623
0,0.1471,17639
0,0.1471,27725
0,0.1471,28010
0,0.1471,34949
0,0.1471,512305
0,0.1471,512928
0,0.1471,519140
0,0.1471,523482
0,0.1471,523956
0,0.1471,525354
0,0.1471,842520
0,0.1471,906412
0,0.1471,155143464
0,0.1472,10285
0,0.1472,10825
0,0.1472,11171
0,0.1472,11254
0,0.1472,14993
0,0.1472,15117
0,0.1472,15502
0,0.1472,15790
0,0.1472,16370
0,0.1472,18128
0,0.1472,18321
0,0.1472,19125
0,0.1472,26619
0,0.1472,35503
0,0.1472,65472
0,0.1472,91333
0,0.1472,523626
0,0.1472,556347
0,0.1472,806620
0,0.1472,806760
0,0.1472,903317
0,0.1473,10226
0,0.1473,10271
0,0.1473,10490
0,0.1473,11311
0,0.1473,13830
0,0.1473,14194
0,0.1473,14871
0,0.1473,16493
0,0.1473,26666
0,0.1473,33638
0,0.1473,44343
0,0.1473,50575
0,0.1473,511759
0,0.1473,512357
0,0.1473,513378
0,0.1473,800183
0,0.1473,801507
0,0.1474,10543
0,0.1474,10912
0,0.1474,17402
0,0.1474,21568
0,0.1474,26402
0,0.1474,29340
0,0.1474,58909
0,0.1474,92188
0,0.1474,513464
0,0.1474,519371
0,0.1474,520016
0,0.1474,531367
0,0.1474,820323
0,0.1474,821311
0,0.1475,10033
0,0.1475,10165
0,0.1475,11874
0,0.1475,12109
0,0.1475,12327
0,0.1475,13070
0,0.1475,16380
0,0.1475,18226
0,0.1475,33053
0,0.1475,34452
0,0.1475,38316
0,0.1475,54440
0,0.1475,59776
0,0.1475,93240
0,0.1475,291345
0,0.1475,512390
0,0.1475,515015
0,0.1475,518513
0,0.1475,556539
0,0.1475,803052
0,0.1475,821236
0,0.1475,828718
0,0.1475,908183
0,0.1475,1050542828
0,0.1476,10462
0,0.1476,11344
0,0.1476,13456
0,0.1476,15510
0,0.1476,19253
0,0.1476,19837
0,0.1476,19999
0,0.1476,23762
0,0.1476,41743
0,0.1476,51555
0,0.1476,55124
0,0.1476,60241
0,0.1476,72133
0,0.1476,514195
0,0.1476,518220
0,0.1476,818987
0,0.1476,820191
0,0.1476,842520
0,0.1477,10097
0,0.1477,11263
0,0.1477,11302
0,0.1477,11312
0,0.1477,11426
0,0.1477,14206
0,0.1477,19081
0,0.1477,19463
0,0.1477,22185
0,0.1477,34187
0,0.1477,84758
0,0.1477,190421
0,0.1477,512927
0,0.1477,513537
0,0.1477,516634
0,0.1477,517512
0,0.1477,527350
0,0.1477,557801
0,0.1477,803929
0,0.1477,804023
0,0.1477,819387
0,0.1477,908745
0,0.1478,11103
0,0.1478,11112
0,0.1478,11180
0,0.1478,12101
0,0.1478,13559
0,0.1478,18779
0,0.1478,19850
0,0.1478,24684
0,0.1478,25628
0,0.1478,30498
0,0.1478,31642
0,0.1478,42059
0,0.1478,208976
0,0.1478,520641
0,0.1478,520820
0,0.1478,521814
0,0.1478,522789
0,0.1478,530880
0,0.1478,814989
0,0.1478,946767
0,0.1479,11338
0,0.1479,11361
0,0.1479,11925
0,0.1479,12388
0,0.1479,13771
0,0.1479,14550
0,0.1479,15828
0,0.1479,16754
0,0.1479,20774
0,0.1479,32786
0,0.1479,52016
0,0.1479,70088
0,0.1479,223967
0,0.1479,519454
0,0.1479,522734
0,0.1479,524610
0,0.1479,530435
0,0.1479,532380
0,0.1479,803501
0,0.1479,803562
0,0.1479,904624
0,0.1480,10341
0,0.1480,10661
0,0.1480,11021
0,0.1480,11458
0,0.1480,11908
0,0.1480,12510
0,0.1480,12706
0,0.1480,14047
0,0.1480,15176
0,0.1480,18504
0,0.1480,20277
0,0.1480,24656
0,0.1480,520817
0,0.1480,527588
0,0.1480,529129
0,0.1480,530789
0,0.1480,800719
0,0.1480,805528
0,0.1481,10529
0,0.1481,11321
0,0.1481,11464
0,0.1481,13302
0,0.1481,13317
0,0.1481,13877
0,0.1481,14461
0,0.1481,14643
0,0.1481,14869
0,0.1481,16794
0,0.1481,16910
0,0.1481,24382
0,0.1481,39847
0,0.1481,89545
0,0.1481,511823
0,0.1481,512255
0,0.1481,513405
0,0.1481,519456
0,0.1481,522744
0,0.1481,543506
0,0.1481,803033
0,0.1481,803804
0,0.1481,804001
0,0.1481,808183
0,0.1481,827683
0,0.1481,952874
0,0.1482,10107
0,0.1482,10110
0,0.1482,10138
0,0.1482,10147
0,0.1482,10265
0,0.1482,11087
0,0.1482,12605
0,0.1482,12710
0,0.1482,12992
0,0.1482,13717
0,0.1482,13860
0,0.1482,14279
0,0.1482,15674
0,0.1482,18559
0,0.1482,19246
0,0.1482,19760
0,0.1482,23619
0,0.1482,24016
0,0.1482,26432
0,0.1482,39462
0,0.1482,76194
0,0.1482,76412
0,0.1482,104220
0,0.1482,517501
0,0.1482,809979
0,0.1482,813076
0,0.1482,820146
0,0.1482,829341
0,0.1482,873387
0,0.1483,10041
0,0.1483,11005
0,0.1483,11238
0,0.1483,11784
0,0.1483,12060
0,0.1483,13516
0,0.1483,14464
0,0.1483,14545
0,0.1483,19355
0,0.1483,23527
0,0.1483,38858
0,0.1483,40390
0,0.1483,53138
0,0.1483,63655
0,0.1483,70325
0,0.1483,512077
0,0.1483,512319
0,0.1483,514045
0,0.1483,514362
0,0.1483,523636
0,0.1483,523806
0,0.1483,524292
0,0.1483,803592
0,0.1483,803599
0,0.1483,830025
0,0.1483,903846
0,0.1484,10624
0,0.1484,13985
0,0.1484,14697
0,0.1484,15458
0,0.1484,16639
0,0.1484,17878
0,0.1484,18601
0,0.1484,71503
0,0.1484,512930
0,0.1484,514405
0,0.1484,518938
0,0.1484,524655
0,0.1484,800157
0,0.1484,823869
0,0.1484,776770294
0,0.1484,1050074465
0,0.1485,10959
0,0.1485,10967
0,0.1485,11131
0,0.1485,14694
0,0.1485,15925
0,0.1485,16051
0,0.1485,18932
0,0.1485,19080
0,0.1485,19802
0,0.1485,22202
0,0.1485,27296
0,0.1485,28791
0,0.1485,34671
0,0.1485,45969
0,0.1485,131313
0,0.1485,516513
0,0.1485,517777
0,0.1485,523564
0,0.1485,523776
0,0.1485,804445
0,0.1485,1050542828
0,0.1486,10531
0,0.1486,10612
0,0.1486,10750
0,0.1486,10969
0,0.1486,11690
0,0.1486,15888
0,0.1486,16643
0,0.1486,19036
0,0.1486,19452
0,0.1486,24050
0,0.1486,25381
0,0.1486,25792
0,0.1486,30371
0,0.1486,39813
0,0.1486,55656
0,0.1486,58394
0,0.1486,71991
0,0.1486,148579
0,0.1486,514997
0,0.1486,516796
0,0.1486,518194
0,0.1486,519941
0,0.1486,521191
0,0.1486,529385
0,0.1486,530449
0,0.1486,568155
0,0.1486,936713
0,0.1487,11184
0,0.1487,11373
0,0.1487,11618
0,0.1487,12067
0,0.1487,12358
0,0.1487,13607
0,0.1487,14820
0,0.1487,15680
0,0.1487,15904
0,0.1487,19025
0,0.1487,19486
0,0.1487,20818
0,0.1487,24134
0,0.1487,35743
0,0.1487,44903
0,0.1487,45024
0,0.1487,46871
0,0.1487,63204
0,0.1487,81710
0,0.1487,123422
0,0.1487,513283
0,0.1487,518461
0,0.1487,522337
0,0.1487,524361
0,0.1487,524761
0,0.1487,529516
0,0.1487,533727
0,0.1487,801164
0,0.1487,820191
0,0.1487,905528
0,0.1488,10338
0,0.1488,10799
0,0.1488,10826
0,0.1488,11416
0,0.1488,12565
0,0.1488,13158
0,0.1488,14424
0,0.1488,15325
0,0.1488,15473
0,0.1488,15654
0,0.1488,17787
0,0.1488,18180
0,0.1488,21932
0,0.1488,22240
0,0.1488,22706
0,0.1488,22799
0,0.1488,25184
0,0.1488,27111
0,0.1488,29135
0,0.1488,30310
0,0.1488,39026
0,0.1488,53134
0,0.1488,137084
0,0.1488,512328
0,0.1488,518604
0,0.1488,519363
0,0.1488,524968
0,0.1488,800262
0,0.1488,802224
0,0.1488,902553
0,0.1488,903484
0,0.1488,107629970
0,0.1489,11029
0,0.1489,11032
0,0.1489,11460
0,0.1489,12445
0,0.1489,12506
0,0.1489,15409
0,0.1489,16642
0,0.1489,16689
0,0.1489,18419
0,0.1489,19919
0,0.1489,21227
0,0.1489,23273
0,0.1489,29637
0,0.1489,40164
0,0.1489,46764
0,0.1489,49672
0,0.1489,520115
0,0.1489,574147
0,0.1489,811904
0,0.1489,831621
0,0.1489,1053174360
0,0.1490,10099
0,0.1490,10114
0,0.1490,10291
0,0.1490,10539
0,0.1490,11806
0,0.1490,11947
0,0.1490,12054
0,0.1490,13428
0,0.1490,15562
0,0.1490,18639
0,0.1490,20664
0,0.1490,21191
0,0.1490,21688
0,0.1490,26353
0,0.1490,30807
0,0.1490,38272
0,0.1490,44648
0,0.1490,49464
0,0.1490,51159
0,0.1490,235061
0,0.1490,512793
0,0.1490,519514
0,0.1490,521075
0,0.1490,522410
0,0.1490,522992
0,0.1490,549229
0,0.1490,559141
0,0.1490,800132
0,0.1490,801947
0,0.1490,802652
0,0.1490,842254
0,0.1490,903450
0,0.1491,10236
0,0.1491,11375
0,0.1491,11428
0,0.1491,11770
0,0.1491,12298
0,0.1491,12596
0,0.1491,12817
0,0.1491,15423
0,0.1491,15495
0,0.1491,16975
0,0.1491,19189
0,0.1491,22870
0,0.1491,23659
0,0.1491,24885
0,0.1491,27893
0,0.1491,27929
0,0.1491,33598
0,0.1491,39413
0,0.1491,56830
0,0.1491,57797
0,0.1491,59994
0,0.1491,61845
0,0.1491,69319
0,0.1491,139771
0,0.1491,513188
0,0.1491,522973
0,0.1491,533725
0,0.1491,536264
0,0.1491,555344
0,0.1491,800687
0,0.1491,802955
0,0.1491,812884
0,0.1492,10816
0,0.1492,11170
0,0.1492,11503
0,0.1492,11586
0,0.1492,11967
0,0.1492,12449
0,0.1492,12993
0,0.1492,13255
0,0.1492,14509
0,0.1492,14673
0,0.1492,14806
0,0.1492,16476
0,0.1492,18743
0,0.1492,22657
0,0.1492,33038
0,0.1492,105427
0,0.1492,512663
0,0.1492,515760
0,0.1492,524894
0,0.1492,802181
0,0.1492,816323
0,0.1492,818961
0,0.1492,936810
0,0.1493,11038
0,0.1493,11670
0,0.1493,16412
0,0.1493,16819
0,0.1493,19616
0,0.1493,24788
0,0.1493,27302
0,0.1493,42310
0,0.1493,52304
0,0.1493,100809
0,0.1493,125060
0,0.1493,258819
0,0.1493,358032
0,0.1493,515289
0,0.1493,521063
0,0.1493,523062
0,0.1493,803757
0,0.1493,816644
0,0.1494,11012
0,0.1494,11836
0,0.1494,16869
0,0.1494,16912
0,0.1494,17753
0,0.1494,17958
0,0.1494,18278
0,0.1494,19239
0,0.1494,20715
0,0.1494,22899
0,0.1494,24671
0,0.1494,26284
0,0.1494,26417
0,0.1494,32258
0,0.1494,37142
0,0.1494,49627
0,0.1494,222777
0,0.1494,441056
0,0.1494,512514
0,0.1494,513968
0,0.1494,519132
0,0.1494,522828
0,0.1494,523744
0,0.1494,524732
0,0.1494,525062
0,0.1494,530668
0,0.1494,800158
0,0.1494,804398
0,0.1494,903727
0,0.1495,10080
0,0.1495,10185
0,0.1495,10414
0,0.1495,10852
0,0.1495,10965
0,0.1495,11003
0,0.1495,11723
0,0.1495,11903
0,0.1495,12140
0,0.1495,13258
0,0.1495,13773
0,0.1495,14276
0,0.1495,15399
0,0.1495,15408
0,0.1495,16659
0,0.1495,20185
0,0.1495,24246
0,0.1495,30169
0,0.1495,34593
0,0.1495,36235
0,0.1495,55630
0,0.1495,58517
0,0.1495,110194
0,0.1495,291345
0,0.1495,511778
0,0.1495,512352
0,0.1495,512858
0,0.1495,519316
0,0.1495,522354
0,0.1495,522994
0,0.1495,529841
0,0.1495,539954
0,0.1495,801431
0,0.1495,801982
0,0.1495,804288
0,0.1495,827502
0,0.1496,10322
0,0.1496,11008
0,0.1496,11010
0,0.1496,11030
0,0.1496,11200
0,0.1496,11210
0,0.1496,11485
0,0.1496,12651
0,0.1496,14299
0,0.1496,14853
0,0.1496,17156
0,0.1496,17804
0,0.1496,29481
0,0.1496,30190
0,0.1496,42226
0,0.1496,514044
0,0.1496,515294
0,0.1496,535347
0,0.1496,537032
0,0.1496,555342
0,0.1496,805244
0,0.1496,903732
0,0.1497,10184
0,0.1497,10255
0,0.1497,10735
0,0.1497,12398
0,0.1497,12654
0,0.1497,15837
0,0.1497,15839
0,0.1497,16075
0,0.1497,16234
0,0.1497,16645
0,0.1497,21644
0,0.1497,22085
0,0.1497,40385
0,0.1497,41715
0,0.1497,96320
0,0.1497,353032
0,0.1497,517847
0,0.1497,519347
0,0.1497,520573
0,0.1497,534361
0,0.1497,555259
0,0.1497,906758
0,0.1498,10160
0,0.1498,11053
0,0.1498,11423
0,0.1498,11688
0,0.1498,13035
0,0.1498,13101
0,0.1498,13217
0,0.1498,14137
0,0.1498,15021
0,0.1498,15950
0,0.1498,16061
0,0.1498,16948
0,0.1498,18343
0,0.1498,18424
0,0.1498,19069
0,0.1498,29650
0,0.1498,36245
0,0.1498,45427
0,0.1498,511844
0,0.1498,514917
0,0.1498,516599
0,0.1498,517417
0,0.1498,521812
0,0.1498,522738
0,0.1498,531708
0,0.1498,553194
0,0.1498,829714
0,0.1499,10692
0,0.1499,12345
0,0.1499,13730
0,0.1499,16008
0,0.1499,16862
0,0.1499,17369
0,0.1499,19090
0,0.1499,19334
0,0.1499,22151
0,0.1499,23083
0,0.1499,23359
0,0.1499,31408
0,0.1499,50226
0,0.1499,57935
0,0.1499,76930
0,0.1499,82205
0,0.1499,294178
0,0.1499,511828
0,0.1499,514324
0,0.1499,515072
0,0.1499,520087
0,0.1499,521092
0,0.1499,522809
0,0.1499,524074
0,0.1499,533946
0,0.1499,559335
0,0.1499,803048
0,0.1499,804299
0,0.1499,804593
0,0.1499,819089
0,0.1499,914445
0,0.1500,10555
0,0.1500,10676
0,0.1500,10914
0,0.1500,11768
0,0.1500,12006
0,0.1500,12259
0,0.1500,15310
0,0.1500,15858
0,0.1500,17175
0,0.1500,17419
0,0.1500,18109
0,0.1500,22747
0,0.1500,39436
0,0.1500,45730
0,0.1500,70651
0,0.1500,516359
0,0.1500,533293
0,0.1500,803979
0,0.1500,804456
0,0.1500,816439
0,0.1500,905929
0,0.1501,10150
0,0.1501,10172
0,0.1501,10175
0,0.1501,10323
0,0.1501,11500
0,0.1501,11606
0,0.1501,11987
0,0.1501,12621
0,0.1501,13347
0,0.1501,14482
0,0.1501,14716
0,0.1501,15491
0,0.1501,15905
0,0.1501,15997
0,0.1501,19110
0,0.1501,21252
0,0.1501,23826
0,0.1501,28186
0,0.1501,31696
0,0.1501,38389
0,0.1501,44991
0,0.1501,77114
0,0.1501,512662
0,0.1501,515961
0,0.1501,517202
0,0.1501,523675
0,0.1501,555727
0,0.1501,800464
0,0.1501,801077
0,0.1501,801193
0,0.1501,802580
0,0.1501,805491
0,0.1501,807252
0,0.1501,906206
0,0.1502,10202
0,0.1502,10855
0,0.1502,11363
0,0.1502,11665
0,0.1502,11805
0,0.1502,12455
0,0.1502,15041
0,0.1502,17726
0,0.1502,20756
0,0.1502,20831
0,0.1502,20890
0,0.1502,21400
0,0.1502,23325
0,0.1502,35063
0,0.1502,36812
0,0.1502,43866
0,0.1502,49220
0,0.1502,86264
0,0.1502,114378
0,0.1502,164031
0,0.1502,200001
0,0.1502,516110
0,0.1502,520210
0,0.1502,521928
0,0.1502,522706
0,0.1502,526298
0,0.1502,535668
0,0.1502,801715
0,0.1502,802980
0,0.1502,810086
0,0.1502,830333
0,0.1502,909139
0,0.1503,12149
0,0.1503,13151
0,0.1503,14223
0,0.1503,14816
0,0.1503,15851
0,0.1503,16731
0,0.1503,17379
0,0.1503,27737
0,0.1503,31610
0,0.1503,54104
0,0.1503,60466
0,0.1503,519722
0,0.1503,523807
0,0.1503,530877
0,0.1503,533590
0,0.1503,533618
0,0.1503,564864
0,0.1503,802147
0,0.1503,802263
0,0.1503,902580
0,0.1504,10447
0,0.1504,10603
0,0.1504,12926
0,0.1504,13115
0,0.1504,14997
0,0.1504,16706
0,0.1504,18937
0,0.1504,25503
0,0.1504,25970
0,0.1504,26607
0,0.1504,42515
0,0.1504,129368
0,0.1504,526612
0,0.1504,801998
0,0.1504,803017
0,0.1504,808456
0,0.1505,10100
0,0.1505,10658
0,0.1505,10687
0,0.1505,10748
0,0.1505,11013
0,0.1505,11208
0,0.1505,11368
0,0.1505,12104
0,0.1505,12973
0,0.1505,13018
0,0.1505,16553
0,0.1505,16579
0,0.1505,17218
0,0.1505,19283
0,0.1505,20319
0,0.1505,22414
0,0.1505,24450
0,0.1505,29493
0,0.1505,32062
0,0.1505,34188
0,0.1505,35532
0,0.1505,64607
0,0.1505,81228
0,0.1505,383941
0,0.1505,513077
0,0.1505,514489
0,0.1505,520773
0,0.1505,523863
0,0.1505,526548
0,0.1505,800378
0,0.1505,804180
0,0.1505,1052043704
0,0.1506,10286
0,0.1506,12333
0,0.1506,12730
0,0.1506,12947
0,0.1506,13305
0,0.1506,13442
0,0.1506,14040
0,0.1506,14563
0,0.1506,16687
0,0.1506,20945
0,0.1506,21296
0,0.1506,21645
0,0.1506,25045
0,0.1506,25176
0,0.1506,25547
0,0.1506,30477
0,0.1506,32262
0,0.1506,34992
0,0.1506,53190
0,0.1506,54642
0,0.1506,58834
0,0.1506,72481
0,0.1506,79979
0,0.1506,131748
0,0.1506,256844
0,0.1506,434891
0,0.1506,515293
0,0.1506,520575
0,0.1506,521745
0,0.1506,531862
0,0.1506,537899
0,0.1506,549508
0,0.1506,556591
0,0.1506,805382
0,0.1506,869499
0,0.1507,10050
0,0.1507,10187
0,0.1507,10207
0,0.1507,11161
0,0.1507,12159
0,0.1507,16540
0,0.1507,16955
0,0.1507,17115
0,0.1507,22791
0,0.1507,31839
0,0.1507,40888
0,0.1507,48491
0,0.1507,67174
0,0.1507,68387
0,0.1507,511841
0,0.1507,513646
0,0.1507,515675
0,0.1507,519332
0,0.1507,529318
0,0.1507,801045
0,0.1507,818370
0,0.1508,11989
0,0.1508,12264
0,0.1508,12787
0,0.1508,13013
0,0.1508,13221
0,0.1508,13667
0,0.1508,14075
0,0.1508,14434
0,0.1508,15072
0,0.1508,15273
0,0.1508,32505
0,0.1508,33075
0,0.1508,54246
0,0.1508,58331
0,0.1508,64180
0,0.1508,64221
0,0.1508,514547
0,0.1508,519328
0,0.1508,521059
0,0.1508,522763
0,0.1508,527653
0,0.1508,800890
0,0.1508,810117
0,0.1508,814430
0,0.1509,11358
0,0.1509,11497
0,0.1509,13444
0,0.1509,16117
0,0.1509,19274
0,0.1509,21563
0,0.1509,21609
0,0.1509,23601
0,0.1509,34265
0,0.1509,35912
0,0.1509,37190
0,0.1509,38315
0,0.1509,41887
0,0.1509,46687
0,0.1509,62156
0,0.1509,150335
0,0.1509,222611
0,0.1509,303314
0,0.1509,801895
0,0.1509,802659
0,0.1509,804500
0,0.1509,806172
0,0.1509,904639
0,0.1509,761298433
0,0.1510,10205
0,0.1510,10278
0,0.1510,10295
0,0.1510,10831
0,0.1510,11072
0,0.1510,11878
0,0.1510,11896
0,0.1510,12319
0,0.1510,13872
0,0.1510,14939
0,0.1510,15163
0,0.1510,15576
0,0.1510,15616
0,0.1510,16940
0,0.1510,20418
0,0.1510,24965
0,0.1510,58405
0,0.1510,69544
0,0.1510,73397
0,0.1510,517763
0,0.1510,519946
0,0.1510,521538
0,0.1510,522762
0,0.1510,549024
0,0.1510,568174
0,0.1510,800718
0,0.1510,802958
0,0.1510,803860
0,0.1510,821311
0,0.1510,1050014552
0,0.1510,1050542828
0,0.1511,10394
0,0.1511,10497
0,0.1511,10646
0,0.1511,10910
0,0.1511,11252
0,0.1511,11340
0,0.1511,11638
0,0.1511,11674
0,0.1511,12553
0,0.1511,12686
0,0.1511,14881
0,0.1511,14954
0,0.1511,15250
0,0.1511,15789
0,0.1511,17245
0,0.1511,19720
0,0.1511,19930
0,0.1511,21277
0,0.1511,23197
0,0.1511,27157
0,0.1511,31923
0,0.1511,33224
0,0.1511,35558
0,0.1511,40213
0,0.1511,46615
0,0.1511,53958
0,0.1511,58999
0,0.1511,138596
0,0.1511,518777
0,0.1511,522841
0,0.1511,522983
0,0.1511,545990
0,0.1511,547701
0,0.1511,804178
0,0.1511,815064
0,0.1512,10514
0,0.1512,10599
0,0.1512,11420
0,0.1512,12248
0,0.1512,12811
0,0.1512,14552
0,0.1512,16781
0,0.1512,21263
0,0.1512,25939
0,0.1512,27181
0,0.1512,27925
0,0.1512,36947
0,0.1512,42270
0,0.1512,69072
0,0.1512,140519
0,0.1512,515460
0,0.1512,517359
0,0.1512,520789
0,0.1512,531768
0,0.1512,557904
0,0.1512,802544
0,0.1512,806427
0,0.1512,904736
0,0.1513,10224
0,0.1513,11568
0,0.1513,11796
0,0.1513,12115
0,0.1513,12176
0,0.1513,12225
0,0.1513,13205
0,0.1513,13563
0,0.1513,14387
0,0.1513,14727
0,0.1513,16105
0,0.1513,23180
0,0.1513,25036
0,0.1513,25532
0,0.1513,26287
0,0.1513,29648
0,0.1513,50159
0,0.1513,61921
0,0.1513,85527
0,0.1513,517548
0,0.1513,519365
0,0.1513,527048
0,0.1513,536057
0,0.1513,800423
0,0.1513,800724
0,0.1513,801295
0,0.1514,10421
0,0.1514,10466
0,0.1514,11326
0,0.1514,12028
0,0.1514,14625
0,0.1514,16127
0,0.1514,23080
0,0.1514,26136
0,0.1514,28248
0,0.1514,54397
0,0.1514,61079
0,0.1514,67864
0,0.1514,173462
0,0.1514,520817
0,0.1514,523786
0,0.1514,800413
0,0.1514,803524
0,0.1514,936341
0,0.1515,10566
0,0.1515,10820
0,0.1515,12083
0,0.1515,12151
0,0.1515,12746
0,0.1515,13134
0,0.1515,13418
0,0.1515,16506
0,0.1515,16712
0,0.1515,27941
0,0.1515,28633
0,0.1515,29356
0,0.1515,43096
0,0.1515,80867
0,0.1515,190319
0,0.1515,513146
0,0.1515,808519
0,0.1516,10003
0,0.1516,10196
0,0.1516,10683
0,0.1516,10969
0,0.1516,12221
0,0.1516,13167
0,0.1516,17019
0,0.1516,18585
0,0.1516,19564
0,0.1516,29918
0,0.1516,522465
0,0.1516,524167
0,0.1516,539448
0,0.1516,800845
0,0.1516,802296
0,0.1516,805532
0,0.1516,830295
0,0.1516,199328457
0,0.1517,10453
0,0.1517,13760
0,0.1517,14023
0,0.1517,14192
0,0.1517,14523
0,0.1517,18118
0,0.1517,18125
0,0.1517,27615
0,0.1517,38706
0,0.1517,38975
0,0.1517,71547
0,0.1517,129936
0,0.1517,519399
0,0.1517,519720
0,0.1517,530460
0,0.1517,800149
0,0.1517,803982
0,0.1517,806636
0,0.1517,817089
0,0.1517,839612
0,0.1517,936713
0,0.1517,956323
0,0.1517,317157307
0,0.1518,10639
0,0.1518,10642
0,0.1518,10847
0,0.1518,11699
0,0.1518,12872
0,0.1518,13168
0,0.1518,13707
0,0.1518,14463
0,0.1518,15371
0,0.1518,15955
0,0.1518,17464
0,0.1518,18744
0,0.1518,48314
0,0.1518,49726
0,0.1518,75151
0,0.1518,80808
0,0.1518,219189
0,0.1518,514605
0,0.1518,514988
0,0.1518,520217
0,0.1518,532751
0,0.1518,801970
0,0.1518,903425
0,0.1518,605725659
0,0.1519,10494
0,0.1519,11061
0,0.1519,11085
0,0.1519,12670
0,0.1519,13108
0,0.1519,13210
0,0.1519,15535
0,0.1519,16558
0,0.1519,25713
0,0.1519,31975
0,0.1519,34252
0,0.1519,34470
0,0.1519,52191
0,0.1519,511999
0,0.1519,514230
0,0.1519,524033
0,0.1519,800181
0,0.1519,800490
0,0.1519,823205
0,0.1520,10052
0,0.1520,10108
0,0.1520,10368
0,0.1520,10685
0,0.1520,11220
0,0.1520,11563
0,0.1520,15361
0,0.1520,15393
0,0.1520,15487
0,0.1520,15932
0,0.1520,16360
0,0.1520,17790
0,0.1520,19497
0,0.1520,29535
0,0.1520,30401
0,0.1520,32967
0,0.1520,34835
0,0.1520,55527
0,0.1520,61590
0,0.1520,75129
0,0.1520,524073
0,0.1520,529349
0,0.1520,531137
0,0.1520,800070
0,0.1520,802092
0,0.1520,902529
0,0.1521,10289
0,0.1521,10415
0,0.1521,13559
0,0.1521,14093
0,0.1521,14464
0,0.1521,14912
0,0.1521,15514
0,0.1521,16275
0,0.1521,16734
0,0.1521,16879
0,0.1521,30930
0,0.1521,34172
0,0.1521,512319
0,0.1521,521126
0,0.1521,524075
0,0.1521,532187
0,0.1521,821236
0,0.1521,936838
0,0.1521,105856729
0,0.1522,10110
0,0.1522,11891
0,0.1522,15304
0,0.1522,15441
0,0.1522,16537
0,0.1522,21179
0,0.1522,22900
0,0.1522,27339
0,0.1522,37921
0,0.1522,137497
0,0.1522,512734
0,0.1522,520341
0,0.1522,543158
0,0.1522,801492
0,0.1522,803110
0,0.1523,10707
0,0.1523,12813
0,0.1523,12900
0,0.1523,17491
0,0.1523,17835
0,0.1523,20678
0,0.1523,37196
0,0.1523,42095
0,0.1523,42509
0,0.1523,57559
0,0.1523,60774
0,0.1523,512750
0,0.1523,518937
0,0.1523,523477
0,0.1523,806822
0,0.1524,11025
0,0.1524,11341
0,0.1524,11900
0,0.1524,12796
0,0.1524,13301
0,0.1524,14011
0,0.1524,16148
0,0.1524,17694
0,0.1524,18044
0,0.1524,20007
0,0.1524,21719
0,0.1524,24232
0,0.1524,25137
0,0.1524,29806
0,0.1524,30416
0,0.1524,37011
0,0.1524,38835
0,0.1524,41801
0,0.1524,48335
0,0.1524,54246
0,0.1524,79362
0,0.1524,512390
0,0.1524,515933
0,0.1524,516565
0,0.1524,517256
0,0.1524,524654
0,0.1524,800317
0,0.1524,801437
0,0.1524,813104
0,0.1525,10041
0,0.1525,10137
0,0.1525,10378
0,0.1525,10986
0,0.1525,14018
0,0.1525,15494
0,0.1525,16794
0,0.1525,20158
0,0.1525,26665
0,0.1525,28584
0,0.1525,44005
0,0.1525,46724
0,0.1525,86750
0,0.1525,167848
0,0.1525,338369
0,0.1525,513649
0,0.1525,522974
0,0.1525,523037
0,0.1525,529811
0,0.1525,532909
0,0.1525,533155
0,0.1525,541855
0,0.1525,800546
0,0.1525,817565
0,0.1525,908747
0,0.1526,10302
0,0.1526,11142
0,0.1526,11628
0,0.1526,12506
0,0.1526,12716
0,0.1526,13317
0,0.1526,15719
0,0.1526,17220
0,0.1526,17938
0,0.1526,18779
0,0.1526,19255
0,0.1526,21053
0,0.1526,23453
0,0.1526,34072
0,0.1526,42374
0,0.1526,46691
0,0.1526,57102
0,0.1526,77245
0,0.1526,105436
0,0.1526,512927
0,0.1526,514344
0,0.1526,519818
0,0.1526,521814
0,0.1526,801189
0,0.1526,803013
0,0.1527,10293
0,0.1527,10868
0,0.1527,11021
0,0.1527,11199
0,0.1527,13121
0,0.1527,13123
0,0.1527,13360
0,0.1527,13969
0,0.1527,16493
0,0.1527,16522
0,0.1527,16636
0,0.1527,16816
0,0.1527,18437
0,0.1527,27818
0,0.1527,28339
0,0.1527,29021
0,0.1527,36199
0,0.1527,69328
0,0.1527,114715
0,0.1527,515026
0,0.1527,521241
0,0.1527,530136
0,0.1527,816644
0,0.1528,10299
0,0.1528,10448
0,0.1528,11495
0,0.1528,12584
0,0.1528,13219
0,0.1528,13836
0,0.1528,13914
0,0.1528,15212
0,0.1528,15440
0,0.1528,16153
0,0.1528,17162
0,0.1528,19427
0,0.1528,31324
0,0.1528,34924
0,0.1528,68889
0,0.1528,72632
0,0.1528,513284
0,0.1528,521236
0,0.1528,522352
0,0.1528,522387
0,0.1528,523684
0,0.1528,537135
0,0.1528,557215
0,0.1529,10035
0,0.1529,10099
0,0.1529,10376
0,0.1529,10468
0,0.1529,10974
0,0.1529,11520
0,0.1529,12194
0,0.1529,12295
0,0.1529,13659
0,0.1529,15731
0,0.1529,22838
0,0.1529,24319
0,0.1529,24681
0,0.1529,25100
0,0.1529,26242
0,0.1529,27937
0,0.1529,34461
0,0.1529,45288
0,0.1529,45682
0,0.1529,49869
0,0.1529,56362
0,0.1529,63923
0,0.1529,89542
0,0.1529,514596
0,0.1529,519705
0,0.1529,520390
0,0.1529,520888
0,0.1529,804371
0,0.1529,820191
0,0.1530,10432
0,0.1530,10677
0,0.1530,12107
0,0.1530,12358
0,0.1530,12500
0,0.1530,13698
0,0.1530,14061
0,0.1530,18156
0,0.1530,18921
0,0.1530,19602
0,0.1530,22084
0,0.1530,24702
0,0.1530,27491
0,0.1530,28184
0,0.1530,29713
0,0.1530,43732
0,0.1530,50444
0,0.1530,66752
0,0.1530,511857
0,0.1530,512314
0,0.1530,513463
0,0.1530,556038
0,0.1530,800577
0,0.1530,821236
0,0.1531,10564
0,0.1531,11945
0,0.1531,12809
0,0.1531,13228
0,0.1531,14227
0,0.1531,14428
0,0.1531,17354
0,0.1531,18181
0,0.1531,18504
0,0.1531,19100
0,0.1531,22440
0,0.1531,26718
0,0.1531,30097
0,0.1531,31735
0,0.1531,70539
0,0.1531,119860
0,0.1531,164466
0,0.1531,513283
0,0.1531,514125
0,0.1531,517193
0,0.1531,518309
0,0.1531,518937
0,0.1531,522972
0,0.1531,533103
0,0.1531,555713
0,0.1531,565814
0,0.1531,581422
0,0.1531,801442
0,0.1531,803732
0,0.1531,804625
0,0.1531,815281
0,0.1532,10319
0,0.1532,11201
0,0.1532,11710
0,0.1532,11825
0,0.1532,14158
0,0.1532,15176
0,0.1532,16323
0,0.1532,16465
0,0.1532,17342
0,0.1532,17825
0,0.1532,22884
0,0.1532,27133
0,0.1532,53086
0,0.1532,57522
0,0.1532,512273
0,0.1532,522752
0,0.1532,529835
0,0.1532,536208
0,0.1532,800363
0,0.1532,802190
0,0.1532,820323
0,0.1533,10018
0,0.1533,10371
0,0.1533,10638
0,0.1533,10776
0,0.1533,11070
0,0.1533,11255
0,0.1533,11327
0,0.1533,11466
0,0.1533,12297
0,0.1533,13259
0,0.1533,14961
0,0.1533,20818
0,0.1533,25318
0,0.1533,25792
0,0.1533,26991
0,0.1533,27106
0,0.1533,32119
0,0.1533,34607
0,0.1533,45311
0,0.1533,56352
0,0.1533,63122
0,0.1533,79892
0,0.1533,98544
0,0.1533,116799
0,0.1533,515221
0,0.1533,521256
0,0.1533,525408
0,0.1533,800056
0,0.1533,802964
0,0.1534,10495
0,0.1534,10562
0,0.1534,12907
0,0.1534,13613
0,0.1534,14869
0,0.1534,15364
0,0.1534,16029
0,0.1534,17034
0,0.1534,17454
0,0.1534,18419
0,0.1534,19189
0,0.1534,27296
0,0.1534,30178
0,0.1534,35743
0,0.1534,58730
0,0.1534,94433
0,0.1534,520034
0,0.1534,529603
0,0.1534,555837
0,0.1534,800809
0,0.1534,805227
0,0.1534,805647
0,0.1534,813695
0,0.1534,820271
0,0.1534,932322
0,0.1535,10166
0,0.1535,10672
0,0.1535,11166
0,0.1535,11174
0,0.1535,14304
0,0.1535,14948
0,0.1535,15674
0,0.1535,19266
0,0.1535,19751
0,0.1535,21700
0,0.1535,25554
0,0.1535,30522
0,0.1535,47257
0,0.1535,61398
0,0.1535,511788
0,0.1535,515230
0,0.1535,523939
0,0.1535,539226
0,0.1535,548337
0,0.1535,555238
0,0.1535,802174
0,0.1535,822772
0,0.1536,10385
0,0.1536,11058
0,0.1536,11518
0,0.1536,11974
0,0.1536,12228
0,0.1536,15351
0,0.1536,15457
0,0.1536,15939
0,0.1536,16875
0,0.1536,16907
0,0.1536,19760
0,0.1536,24701
0,0.1536,26798
0,0.1536,44830
0,0.1536,45722
0,0.1536,511955
0,0.1536,512928
0,0.1536,523600
0,0.1536,540077
0,0.1536,802907
0,0.1536,803865
0,0.1536,821892
0,0.1536,827502
0,0.1536,906554
0,0.1536,941298
0,0.1537,10241
0,0.1537,11109
0,0.1537,11131
0,0.1537,13740
0,0.1537,16673
0,0.1537,18431
0,0.1537,21750
0,0.1537,39503
0,0.1537,45134
0,0.1537,46073
0,0.1537,53384
0,0.1537,54462
0,0.1537,60624
0,0.1537,67740
0,0.1537,76194
0,0.1537,327169
0,0.1537,512608
0,0.1537,513111
0,0.1538,10294
0,0.1538,10967
0,0.1538,12777
0,0.1538,14289
0,0.1538,14412
0,0.1538,16390
0,0.1538,16430
0,0.1538,17773
0,0.1538,18568
0,0.1538,18953
0,0.1538,25275
0,0.1538,27522
0,0.1538,28701
0,0.1538,35641
0,0.1538,36115
0,0.1538,102689
0,0.1538,543989
0,0.1538,800606
0,0.1538,800613
0,0.1538,810570
0,0.1538,926518
0,0.1539,10593
0,0.1539,10691
0,0.1539,11371
0,0.1539,11795
0,0.1539,14315
0,0.1539,14736
0,0.1539,16600
0,0.1539,17892
0,0.1539,18170
0,0.1539,19902
0,0.1539,23281
0,0.1539,25254
0,0.1539,26862
0,0.1539,27269
0,0.1539,27425
0,0.1539,31653
0,0.1539,33589
0,0.1539,42483
0,0.1539,42997
0,0.1539,49243
0,0.1539,53639
0,0.1539,58481
0,0.1539,61243
0,0.1539,142802
0,0.1539,522335
0,0.1539,800126
0,0.1539,801088
0,0.1539,801415
0,0.1539,805132
0,0.1539,936713
0,0.1539,956310
0,0.1539,776770294
0,0.1540,10537
0,0.1540,11155
0,0.1540,11614
0,0.1540,12747
0,0.1540,14461
0,0.1540,14766
0,0.1540,16273
0,0.1540,16569
0,0.1540,17356
0,0.1540,19651
0,0.1540,20514
0,0.1540,34896
0,0.1540,45839
0,0.1540,85686
0,0.1540,514045
0,0.1540,522428
0,0.1540,524902
0,0.1540,529031
0,0.1540,531299
0,0.1540,800159
0,0.1540,800578
0,0.1540,800782
0,0.1541,10078
0,0.1541,10285
0,0.1541,11245
0,0.1541,12943
0,0.1541,15891
0,0.1541,16517
0,0.1541,20087
0,0.1541,21671
0,0.1541,27806
0,0.1541,34949
0,0.1541,44851
0,0.1541,47271
0,0.1541,48318
0,0.1541,49318
0,0.1541,154359
0,0.1541,247112
0,0.1541,441056
0,0.1541,519692
0,0.1541,533457
0,0.1541,803129
0,0.1541,814206
0,0.1542,10288
0,0.1542,10652
0,0.1542,11977
0,0.1542,12411
0,0.1542,13932
0,0.1542,26901
0,0.1542,43756
0,0.1542,107903
0,0.1542,174420
0,0.1542,289948
0,0.1542,515950
0,0.1542,520439
0,0.1542,521206
0,0.1542,524156
0,0.1542,529330
0,0.1542,805456
0,0.1542,814353
0,0.1542,817261
0,0.1542,818085
0,0.1542,829714
0,0.1542,905078
0,0.1542,936341
0,0.1543,10169
0,0.1543,10825
0,0.1543,12055
0,0.1543,12065
0,0.1543,12902
0,0.1543,13864
0,0.1543,15929
0,0.1543,18704
0,0.1543,23273
0,0.1543,28123
0,0.1543,50228
0,0.1543,62207
0,0.1543,83143
0,0.1543,91391
0,0.1543,511757
0,0.1543,529803
0,0.1543,801366
0,0.1543,804386
0,0.1544,10830
0,0.1544,15362
0,0.1544,16334
0,0.1544,17931
0,0.1544,20780
0,0.1544,21692
0,0.1544,26293
0,0.1544,26455
0,0.1544,59776
0,0.1544,65472
0,0.1544,195264
0,0.1544,199331
0,0.1544,215209
0,0.1544,802993
0,0.1544,803440
0,0.1545,10120
0,0.1545,10515
0,0.1545,10582
0,0.1545,10704
0,0.1545,11671
0,0.1545,12232
0,0.1545,12240
0,0.1545,12255
0,0.1545,12318
0,0.1545,12696
0,0.1545,14863
0,0.1545,15680
0,0.1545,17691
0,0.1545,20545
0,0.1545,39657
0,0.1545,64689
0,0.1545,115666
0,0.1545,512607
0,0.1545,517847
0,0.1545,527150
0,0.1545,527588
0,0.1545,800856
0,0.1545,805992
0,0.1545,956323
0,0.1545,106822444
0,0.1546,10356
0,0.1546,11416
0,0.1546,11433
0,0.1546,14294
0,0.1546,14539
0,0.1546,15110
0,0.1546,16087
0,0.1546,16504
0,0.1546,17799
0,0.1546,18883
0,0.1546,21568
0,0.1546,22122
0,0.1546,25936
0,0.1546,28674
0,0.1546,34187
0,0.1546,35978
0,0.1546,49002
0,0.1546,104220
0,0.1546,512459
0,0.1546,514405
0,0.1546,517257
0,0.1546,521240
0,0.1546,521675
0,0.1546,530880
0,0.1546,541412
0,0.1546,802809
0,0.1546,821311
0,0.1546,105856729
0,0.1546,1052043704
0,0.1547,10011
0,0.1547,10097
0,0.1547,10168
0,0.1547,10303
0,0.1547,10725
0,0.1547,11856
0,0.1547,12917
0,0.1547,14224
0,0.1547,14714
0,0.1547,15730
0,0.1547,17420
0,0.1547,18054
0,0.1547,21174
0,0.1547,22338
0,0.1547,27372
0,0.1547,29207
0,0.1547,29791
0,0.1547,44690
0,0.1547,105709
0,0.1547,512077
0,0.1547,512534
0,0.1547,514361
0,0.1547,515110
0,0.1547,527318
0,0.1547,529207
0,0.1547,817089
0,0.1547,829341
0,0.1548,10114
0,0.1548,10150
0,0.1548,11445
0,0.1548,11750
0,0.1548,11929
0,0.1548,12046
0,0.1548,12398
0,0.1548,13371
0,0.1548,13537
0,0.1548,13650
0,0.1548,14207
0,0.1548,14263
0,0.1548,15888
0,0.1548,17696
0,0.1548,17901
0,0.1548,18597
0,0.1548,18911
0,0.1548,24227
0,0.1548,30930
0,0.1548,31942
0,0.1548,35372
0,0.1548,40835
0,0.1548,53745
0,0.1548,209688
0,0.1548,516695
0,0.1548,523564
0,0.1548,523675
0,0.1548,555340
0,0.1548,555502
0,0.1548,574357
0,0.1548,809397
0,0.1548,822772
0,0.1548,902446
0,0.1549,10088
0,0.1549,11189
0,0.1549,11618
0,0.1549,13428
0,0.1549,14286
0,0.1549,14533
0,0.1549,15534
0,0.1549,19982
0,0.1549,22626
0,0.1549,26741
0,0.1549,41598
0,0.1549,58532
0,0.1549,116555
0,0.1549,139178
0,0.1549,511828
0,0.1549,515015
0,0.1549,515811
0,0.1549,519046
0,0.1549,519230
0,0.1549,524761
0,0.1549,817974
0,0.1549,912379
0,0.1550,10072
0,0.1550,10226
0,0.1550,10555
0,0.1550,12815
0,0.1550,12923
0,0.1550,13984
0,0.1550,16129
0,0.1550,20873
0,0.1550,35055
0,0.1550,37758
0,0.1550,47107
0,0.1550,47722
0,0.1550,517602
0,0.1550,519945
0,0.1550,522966
0,0.1550,534477
0,0.1550,547267
0,0.1550,556286
0,0.1550,800313
0,0.1550,801816
0,0.1550,814367
0,0.1550,828126
0,0.1551,10404
0,0.1551,10457
0,0.1551,12125
0,0.1551,12181
0,0.1551,12294
0,0.1551,12569
0,0.1551,12802
0,0.1551,12976
0,0.1551,13628
0,0.1551,14311
0,0.1551,15325
0,0.1551,22926
0,0.1551,27043
0,0.1551,31681
0,0.1551,84356
0,0.1551,513054
0,0.1551,513831
0,0.1551,520641
0,0.1551,817218
0,0.1551,900035
0,0.1551,932321
0,0.1552,10362
0,0.1552,11764
0,0.1552,11806
0,0.1552,12093
0,0.1552,12298
0,0.1552,15937
0,0.1552,16473
0,0.1552,20774
0,0.1552,22852
0,0.1552,35635
0,0.1552,63124
0,0.1552,88874
0,0.1552,115460
0,0.1552,511823
0,0.1552,513397
0,0.1552,517512
0,0.1552,518073
0,0.1552,523379
0,0.1552,532125
0,0.1552,557197
0,0.1552,808183
0,0.1552,811406
0,0.1552,842254
0,0.1552,932684
0,0.1553,10047
0,0.1553,10100
0,0.1553,12155
0,0.1553,12178
0,0.1553,12491
0,0.1553,12503
0,0.1553,13442
0,0.1553,13877
0,0.1553,22709
0,0.1553,23325
0,0.1553,25328
0,0.1553,27117
0,0.1553,44903
0,0.1553,45172
0,0.1553,518220
0,0.1553,522759
0,0.1553,530151
0,0.1553,571495
0,0.1553,800968
0,0.1553,802368
0,0.1553,802385
0,0.1553,804958
0,0.1553,805930
0,0.1553,812633
0,0.1553,829714
0,0.1553,711866623
0,0.1554,10027
0,0.1554,11246
0,0.1554,11318
0,0.1554,11402
0,0.1554,12137
0,0.1554,13117
0,0.1554,16829
0,0.1554,17685
0,0.1554,21613
0,0.1554,25359
0,0.1554,29939
0,0.1554,34392
0,0.1554,38338
0,0.1554,39368
0,0.1554,67337
0,0.1554,68658
0,0.1554,518194
0,0.1554,518604
0,0.1554,520817
0,0.1554,522819
0,0.1554,530449
0,0.1554,531732
0,0.1554,801257
0,0.1554,802080
0,0.1554,802704
0,0.1554,804078
0,0.1554,806498
0,0.1554,807288
0,0.1554,814115
0,0.1555,10109
0,0.1555,10138
0,0.1555,10574
0,0.1555,11969
0,0.1555,13307
0,0.1555,15612
0,0.1555,15782
0,0.1555,15924
0,0.1555,17008
0,0.1555,19089
0,0.1555,19215
0,0.1555,20468
0,0.1555,26843
0,0.1555,29065
0,0.1555,39253
0,0.1555,44816
0,0.1555,802164
0,0.1555,804530
0,0.1555,869499
0,0.1555,902553
0,0.1556,10969
0,0.1556,11254
0,0.1556,11280
0,0.1556,14200
0,0.1556,14223
0,0.1556,14486
0,0.1556,14694
0,0.1556,15997
0,0.1556,16642
0,0.1556,16659
0,0.1556,20144
0,0.1556,21904
0,0.1556,27486
0,0.1556,35532
0,0.1556,36730
0,0.1556,37142
0,0.1556,46341
0,0.1556,175572
0,0.1556,511881
0,0.1556,514265
0,0.1556,519895
0,0.1556,801199
0,0.1556,804411
0,0.1556,807560
0,0.1556,809492
0,0.1556,905313
0,0.1556,935161
0,0.1557,10133
0,0.1557,10997
0,0.1557,12472
0,0.1557,12532
0,0.1557,12606
0,0.1557,19498
0,0.1557,30108
0,0.1557,36751
0,0.1557,80175
0,0.1557,234867
0,0.1557,514952
0,0.1557,515575
0,0.1557,523736
0,0.1557,805447
0,0.1557,815445
0,0.1557,842520
0,0.1557,928701
0,0.1558,10033
0,0.1558,11311
0,0.1558,11590
0,0.1558,11603
0,0.1558,12104
0,0.1558,15244
0,0.1558,16438
0,0.1558,17855
0,0.1558,21416
0,0.1558,22870
0,0.1558,27252
0,0.1558,32315
0,0.1558,36629
0,0.1558,48096
0,0.1558,58394
0,0.1558,392714
0,0.1558,524655
0,0.1558,533946
0,0.1558,556719
0,0.1558,800554
0,0.1558,800564
0,0.1558,803195
0,0.1558,814106
0,0.1558,932796
0,0.1559,11802
0,0.1559,11915
0,0.1559,12272
0,0.1559,13007
0,0.1559,13079
0,0.1559,14881
0,0.1559,15151
0,0.1559,15543
0,0.1559,18028
0,0.1559,23619
0,0.1559,23854
0,0.1559,25103
0,0.1559,25939
0,0.1559,27308
0,0.1559,173920
0,0.1559,200284
0,0.1559,353032
0,0.1559,513401
0,0.1559,515547
0,0.1559,800376
0,0.1559,801715
0,0.1559,804984
0,0.1559,820434
0,0.1559,849272
0,0.1559,864655
0,0.1559,904652
0,0.1559,918582
0,0.1559,317157307
0,0.1560,11192
0,0.1560,11723
0,0.1560,12131
0,0.1560,12718
0,0.1560,14232
0,0.1560,21527
0,0.1560,28010
0,0.1560,35196
0,0.1560,38268
0,0.1560,39095
0,0.1560,56542
0,0.1560,441056
0,0.1560,513499
0,0.1560,514579
0,0.1560,523372
0,0.1560,529520
0,0.1560,800910
0,0.1560,801845
0,0.1560,802455
0,0.1560,802955
0,0.1560,805072
0,0.1560,815205
0,0.1560,828718
0,0.1561,10092
0,0.1561,12506
0,0.1561,13448
0,0.1561,17173
0,0.1561,23602
0,0.1561,53437
0,0.1561,57935
0,0.1561,268052
0,0.1561,517548
0,0.1561,531768
0,0.1561,802307
0,0.1561,902923
0,0.1561,906663
0,0.1562,11030
0,0.1562,11497
0,0.1562,13287
0,0.1562,13498
0,0.1562,15132
0,0.1562,16157
0,0.1562,17554
0,0.1562,17663
0,0.1562,25030
0,0.1562,26137
0,0.1562,44010
0,0.1562,55178
0,0.1562,63939
0,0.1562,71547
0,0.1562,121067
0,0.1562,235061
0,0.1562,513791
0,0.1562,515091
0,0.1562,521059
0,0.1562,525066
0,0.1562,800258
0,0.1562,814010
0,0.1562,817218
0,0.1562,818961
0,0.1562,936810
0,0.1563,10190
0,0.1563,11545
0,0.1563,11648
0,0.1563,12067
0,0.1563,14686
0,0.1563,15226
0,0.1563,18165
0,0.1563,23230
0,0.1563,27416
0,0.1563,35643
0,0.1563,54636
0,0.1563,522443
0,0.1563,524755
0,0.1563,525400
0,0.1563,529512
0,0.1563,800412
0,0.1563,801148
0,0.1563,808926
0,0.1563,817565
0,0.1563,821058
0,0.1564,10061
0,0.1564,10185
0,0.1564,11584
0,0.1564,12368
0,0.1564,12405
0,0.1564,13229
0,0.1564,13607
0,0.1564,14828
0,0.1564,15117
0,0.1564,16579
0,0.1564,18730
0,0.1564,38272
0,0.1564,514546
0,0.1564,522757
0,0.1564,523776
0,0.1564,529489
0,0.1564,549229
0,0.1564,801752
0,0.1564,806153
0,0.1564,807924
0,0.1564,956310
0,0.1565,11221
0,0.1565,11663
0,0.1565,12336
0,0.1565,13184
0,0.1565,13860
0,0.1565,15024
0,0.1565,15059
0,0.1565,16380
0,0.1565,17156
0,0.1565,17878
0,0.1565,23513
0,0.1565,24828
0,0.1565,28469
0,0.1565,28791
0,0.1565,29135
0,0.1565,36753
0,0.1565,38870
0,0.1565,57048
0,0.1565,514863
0,0.1565,515775
0,0.1565,529641
0,0.1565,531557
0,0.1565,532750
0,0.1565,801828
0,0.1565,902789
0,0.1565,906612
0,0.1565,906622
0,0.1566,10170
0,0.1566,10624
0,0.1566,11253
0,0.1566,13585
0,0.1566,14997
0,0.1566,25859
0,0.1566,34725
0,0.1566,44313
0,0.1566,45304
0,0.1566,57381
0,0.1566,84735
0,0.1566,85395
0,0.1566,520115
0,0.1566,527599
0,0.1566,532000
0,0.1566,533667
0,0.1566,818085
0,0.1566,827502
0,0.1566,905385
0,0.1566,924883
0,0.1567,10839
0,0.1567,11947
0,0.1567,12333
0,0.1567,12572
0,0.1567,12651
0,0.1567,13387
0,0.1567,13710
0,0.1567,14664
0,0.1567,14976
0,0.1567,17325
0,0.1567,20402
0,0.1567,20620
0,0.1567,25045
0,0.1567,25492
0,0.1567,36536
0,0.1567,42372
0,0.1567,43695
0,0.1567,47922
0,0.1567,53290
0,0.1567,85590
0,0.1567,513644
0,0.1567,523552
0,0.1567,801210
0,0.1567,803318
0,0.1567,820191
0,0.1567,905312
0,0.1568,10110
0,0.1568,10480
0,0.1568,10692
0,0.1568,11312
0,0.1568,11540
0,0.1568,11711
0,0.1568,13471
0,0.1568,13526
0,0.1568,14137
0,0.1568,14463
0,0.1568,15042
0,0.1568,16026
0,0.1568,18678
0,0.1568,19921
0,0.1568,21204
0,0.1568,21637
0,0.1568,24597
0,0.1568,29168
0,0.1568,30933
0,0.1568,42285
0,0.1568,83621
0,0.1568,515679
0,0.1568,517881
0,0.1568,518830
0,0.1568,519132
0,0.1568,519454
0,0.1568,522763
0,0.1568,522828
0,0.1568,580736
0,0.1568,800134
0,0.1568,801666
0,0.1568,802223
0,0.1568,805489
0,0.1568,814430
0,0.1568,952874
0,0.1569,10514
0,0.1569,10545
0,0.1569,11375
0,0.1569,12095
0,0.1569,12654
0,0.1569,12727
0,0.1569,14434
0,0.1569,29116
0,0.1569,32258
0,0.1569,36295
0,0.1569,38914
0,0.1569,50960
0,0.1569,63027
0,0.1569,92871
0,0.1569,514677
0,0.1569,515578
0,0.1569,516919
0,0.1569,519761
0,0.1569,524968
0,0.1569,800827
0,0.1569,802107
0,0.1569,804555
0,0.1569,816236
0,0.1569,905259
0,0.1570,10094
0,0.1570,10172
0,0.1570,11181
0,0.1570,11188
0,0.1570,11213
0,0.1570,11428
0,0.1570,15052
0,0.1570,20656
0,0.1570,23232
0,0.1570,25723
0,0.1570,26422
0,0.1570,48491
0,0.1570,76412
0,0.1570,219189
0,0.1570,511882
0,0.1570,512357
0,0.1570,520188
0,0.1570,800030
0,0.1570,801561
0,0.1570,803339
0,0.1570,830295
0,0.1570,1050045395
0,0.1571,10041
0,0.1571,10099
0,0.1571,11419
0,0.1571,11485
0,0.1571,11997
0,0.1571,12159
0,0.1571,12510
0,0.1571,13559
0,0.1571,14896
0,0.1571,15458
0,0.1571,15514
0,0.1571,19767
0,0.1571,22240
0,0.1571,22276
0,0.1571,24382
0,0.1571,24776
0,0.1571,27725
0,0.1571,30310
0,0.1571,34683
0,0.1571,38706
0,0.1571,38847
0,0.1571,46178
0,0.1571,521536
0,0.1571,521763
0,0.1571,533748
0,0.1571,802261
0,0.1571,803160
0,0.1571,807649
0,0.1571,819387
0,0.1571,820434
0,0.1571,834861
0,0.1571,906003
0,0.1571,933157
0,0.1572,10051
0,0.1572,10668
0,0.1572,11079
0,0.1572,17909
0,0.1572,18204
0,0.1572,19274
0,0.1572,39602
0,0.1572,53866
0,0.1572,70651
0,0.1572,114858
0,0.1572,168492
0,0.1572,358032
0,0.1572,419175
0,0.1572,519371
0,0.1572,526311
0,0.1572,527349
0,0.1572,527587
0,0.1572,800618
0,0.1572,801242
0,0.1572,806062
0,0.1572,823598
0,0.1572,155143464
0,0.1573,10794
0,0.1573,10816
0,0.1573,10968
0,0.1573,11734
0,0.1573,12140
0,0.1573,12561
0,0.1573,15768
0,0.1573,16743
0,0.1573,16794
0,0.1573,18745
0,0.1573,19036
0,0.1573,19827
0,0.1573,20831
0,0.1573,21468
0,0.1573,23601
0,0.1573,25763
0,0.1573,26287
0,0.1573,35588
0,0.1573,45681
0,0.1573,85527
0,0.1573,131748
0,0.1573,519616
0,0.1573,803007
0,0.1573,805165
0,0.1573,828126
0,0.1573,906092
0,0.1573,916162
0,0.1573,956310
0,0.1574,10735
0,0.1574,10826
0,0.1574,11021
0,0.1574,11200
0,0.1574,13324
0,0.1574,17603
0,0.1574,18463
0,0.1574,18712
0,0.1574,18779
0,0.1574,33549
0,0.1574,45539
0,0.1574,52728
0,0.1574,64399
0,0.1574,418789
0,0.1574,512927
0,0.1574,515933
0,0.1574,521633
0,0.1574,522815
0,0.1574,527585
0,0.1574,800724
0,0.1574,802145
0,0.1574,803070
0,0.1574,805229
0,0.1574,813076
0,0.1574,904624
0,0.1575,10312
0,0.1575,11900
0,0.1575,13153
0,0.1575,14034
0,0.1575,19327
0,0.1575,20359
0,0.1575,24136
0,0.1575,38926
0,0.1575,41949
0,0.1575,327169
0,0.1575,512236
0,0.1575,521814
0,0.1575,536058
0,0.1575,802615
0,0.1575,804553
0,0.1575,805244
0,0.1575,819096
0,0.1575,1053174360
0,0.1576,10414
0,0.1576,10807
0,0.1576,10844
0,0.1576,10845
0,0.1576,10917
0,0.1576,11455
0,0.1576,11751
0,0.1576,17981
0,0.1576,31915
0,0.1576,35109
0,0.1576,63798
0,0.1576,234867
0,0.1576,515797
0,0.1576,519862
0,0.1576,520560
0,0.1576,529515
0,0.1576,532909
0,0.1576,555342
0,0.1576,800505
0,0.1576,818085
0,0.1577,10242
0,0.1577,10447
0,0.1577,11604
0,0.1577,13317
0,0.1577,13692
0,0.1577,14011
0,0.1577,14205
0,0.1577,14869
0,0.1577,14871
0,0.1577,22463
0,0.1577,45024
0,0.1577,46657
0,0.1577,512194
0,0.1577,523863
0,0.1577,531009
0,0.1577,537032
0,0.1577,802477
0,0.1577,806999
0,0.1577,807072
0,0.1577,811415
0,0.1577,814989
0,0.1577,914054
0,0.1578,10251
0,0.1578,10852
0,0.1578,11214
0,0.1578,13615
0,0.1578,13784
0,0.1578,14192
0,0.1578,17237
0,0.1578,19290
0,0.1578,45701
0,0.1578,47564
0,0.1578,117741
0,0.1578,125402
0,0.1578,517852
0,0.1578,523578
0,0.1578,527048
0,0.1578,580097
0,0.1578,801492
0,0.1578,801670
0,0.1578,804274
0,0.1578,806398
0,0.1578,817974
0,0.1578,826503
0,0.1578,946767
0,0.1579,10243
0,0.1579,10282
0,0.1579,10819
0,0.1579,11125
0,0.1579,11908
0,0.1579,16986
0,0.1579,24690
0,0.1579,30068
0,0.1579,30421
0,0.1579,30612
0,0.1579,42890
0,0.1579,47035
0,0.1579,511926
0,0.1579,512042
0,0.1579,523060
0,0.1579,524717
0,0.1579,801491
0,0.1579,802124
0,0.1579,803330
0,0.1579,806817
0,0.1579,929749
0,0.1579,107629970
0,0.1580,10617
0,0.1580,10669
0,0.1580,10959
0,0.1580,11426
0,0.1580,11903
0,0.1580,12343
0,0.1580,15999
0,0.1580,16700
0,0.1580,20538
0,0.1580,21646
0,0.1580,22185
0,0.1580,22519
0,0.1580,26417
0,0.1580,34628
0,0.1580,78573
0,0.1580,515072
0,0.1580,517601
0,0.1580,802116
0,0.1580,803821
0,0.1581,10057
0,0.1581,10060
0,0.1581,10164
0,0.1581,12565
0,0.1581,13258
0,0.1581,14259
0,0.1581,19195
0,0.1581,26666
0,0.1581,27790
0,0.1581,41428
0,0.1581,54011
0,0.1581,59231
0,0.1581,71611
0,0.1581,219710
0,0.1581,513146
0,0.1581,514708
0,0.1581,515652
0,0.1581,515757
0,0.1581,518937
0,0.1581,806281
0,0.1581,904983
0,0.1581,936341
0,0.1582,10040
0,0.1582,10119
0,0.1582,10376
0,0.1582,13760
0,0.1582,13773
0,0.1582,14041
0,0.1582,14276
0,0.1582,21849
0,0.1582,24634
0,0.1582,27371
0,0.1582,29129
0,0.1582,30807
0,0.1582,68489
0,0.1582,512662
0,0.1582,559946
0,0.1582,800181
0,0.1582,802137
0,0.1582,802461
0,0.1582,813264
0,0.1582,861290
0,0.1582,873387
0,0.1582,952874
0,0.1583,10269
0,0.1583,10306
0,0.1583,10719
0,0.1583,10800
0,0.1583,13432
0,0.1583,14765
0,0.1583,16493
0,0.1583,17946
0,0.1583,18932
0,0.1583,20418
0,0.1583,21283
0,0.1583,21932
0,0.1583,22066
0,0.1583,24379
0,0.1583,26284
0,0.1583,46152
0,0.1583,512887
0,0.1583,525497
0,0.1583,533590
0,0.1583,800212
0,0.1583,801412
0,0.1583,807396
0,0.1583,902304
0,0.1584,10236
0,0.1584,10299
0,0.1584,10453
0,0.1584,14247
0,0.1584,14362
0,0.1584,16440
0,0.1584,20755
0,0.1584,24866
0,0.1584,31591
0,0.1584,38085
0,0.1584,38454
0,0.1584,42753
0,0.1584,57505
0,0.1584,88157
0,0.1584,95249
0,0.1584,512390
0,0.1584,531425
0,0.1584,558854
0,0.1584,820271
0,0.1584,907558
0,0.1585,10683
0,0.1585,11199
0,0.1585,11943
0,0.1585,12283
0,0.1585,13158
0,0.1585,13771
0,0.1585,15310
0,0.1585,15360
0,0.1585,16836
0,0.1585,23809
0,0.1585,39066
0,0.1585,40046
0,0.1585,40888
0,0.1585,41801
0,0.1585,61896
0,0.1585,63701
0,0.1585,78782
0,0.1585,364582
0,0.1585,559335
0,0.1585,804150
0,0.1585,804899
0,0.1585,805390
0,0.1585,842520
0,0.1586,10167
0,0.1586,11327
0,0.1586,12334
0,0.1586,18504
0,0.1586,19696
0,0.1586,22585
0,0.1586,35440
0,0.1586,38835
0,0.1586,39880
0,0.1586,56322
0,0.1586,57240
0,0.1586,68183
0,0.1586,76486
0,0.1586,81442
0,0.1586,101652
0,0.1586,154893
0,0.1586,512795
0,0.1586,516643
0,0.1586,801258
0,0.1586,817047
0,0.1587,10428
0,0.1587,10646
0,0.1587,10834
0,0.1587,14482
0,0.1587,14747
0,0.1587,16249
0,0.1587,17244
0,0.1587,17991
0,0.1587,27413
0,0.1587,40390
0,0.1587,529516
0,0.1587,572057
0,0.1587,800594
0,0.1587,806037
0,0.1587,811139
0,0.1587,823598
0,0.1587,908143
0,0.1587,353379798
0,0.1588,10676
0,0.1588,11832
0,0.1588,13273
0,0.1588,20818
0,0.1588,25184
0,0.1588,470711
0,0.1588,513283
0,0.1588,517202
0,0.1588,517501
0,0.1588,520182
0,0.1588,801133
0,0.1588,811054
0,0.1588,818399
0,0.1588,936713
0,0.1588,776770294
0,0.1589,10517
0,0.1589,11338
0,0.1589,11607
0,0.1589,14063
0,0.1589,15451
0,0.1589,16687
0,0.1589,22521
0,0.1589,26238
0,0.1589,512581
0,0.1589,521236
0,0.1589,526298
0,0.1589,529604
0,0.1589,533751
0,0.1589,800343
0,0.1589,801841
0,0.1589,806144
0,0.1589,817261
0,0.1589,819089
0,0.1589,820943
0,0.1589,901888
0,0.1590,10847
0,0.1590,10914
0,0.1590,11005
0,0.1590,11717
0,0.1590,13306
0,0.1590,14705
0,0.1590,17174
0,0.1590,17389
0,0.1590,18915
0,0.1590,24246
0,0.1590,222777
0,0.1590,519347
0,0.1590,800077
0,0.1590,801658
0,0.1590,803562
0,0.1591,10879
0,0.1591,13595
0,0.1591,14954
0,0.1591,14956
0,0.1591,15964
0,0.1591,16099
0,0.1591,18437
0,0.1591,19720
0,0.1591,20185
0,0.1591,21242
0,0.1591,27296
0,0.1591,28381
0,0.1591,138585
0,0.1591,522734
0,0.1591,529422
0,0.1591,812884
0,0.1591,903280
0,0.1591,140334446
0,0.1592,10035
0,0.1592,10603
0,0.1592,10663
0,0.1592,10920
0,0.1592,11166
0,0.1592,11618
0,0.1592,12733
0,0.1592,12993
0,0.1592,13058
0,0.1592,13434
0,0.1592,16093
0,0.1592,19618
0,0.1592,27146
0,0.1592,33298
0,0.1592,55527
0,0.1592,64874
0,0.1592,136159
0,0.1592,512947
0,0.1592,514045
0,0.1592,521025
0,0.1592,521815
0,0.1592,800042
0,0.1592,802964
0,0.1593,11893
0,0.1593,14424
0,0.1593,15789
0,0.1593,19366
0,0.1593,21296
0,0.1593,27092
0,0.1593,59387
0,0.1593,125111
0,0.1593,517913
0,0.1593,518938
0,0.1593,519818
0,0.1593,521203
0,0.1593,800041
0,0.1593,801538
0,0.1593,805469
0,0.1593,810086
0,0.1593,848955
0,0.1594,10564
0,0.1594,11423
0,0.1594,12358
0,0.1594,15139
0,0.1594,16758
0,0.1594,17477
0,0.1594,18070
0,0.1594,18128
0,0.1594,18604
0,0.1594,19452
0,0.1594,21778
0,0.1594,23087
0,0.1594,27210
0,0.1594,40300
0,0.1594,40994
0,0.1594,44630
0,0.1594,83052
0,0.1594,94797
0,0.1594,95057
0,0.1594,108860
0,0.1594,515234
0,0.1594,520442
0,0.1594,522354
0,0.1594,803055
0,0.1594,805213
0,0.1594,904319
0,0.1594,906365
0,0.1595,10175
0,0.1595,10202
0,0.1595,10330
0,0.1595,10612
0,0.1595,15578
0,0.1595,29908
0,0.1595,42051
0,0.1595,68889
0,0.1595,149390
0,0.1595,518513
0,0.1595,520792
0,0.1595,522746
0,0.1595,807359
0,0.1595,807799
0,0.1595,908205
0,0.1595,1050542828
0,0.1596,10673
0,0.1596,10799
0,0.1596,11772
0,0.1596,12716
0,0.1596,13151
0,0.1596,13295
0,0.1596,14733
0,0.1596,16297
0,0.1596,23524
0,0.1596,29379
0,0.1596,35743
0,0.1596,36459
0,0.1596,111660
0,0.1596,303314
0,0.1596,513376
0,0.1596,522706
0,0.1596,531862
0,0.1596,800504
0,0.1596,801855
0,0.1596,804180
0,0.1596,804513
0,0.1596,914445
0,0.1597,10263
0,0.1597,10394
0,0.1597,10510
0,0.1597,11075
0,0.1597,12151
0,0.1597,12398
0,0.1597,19189
0,0.1597,22092
0,0.1597,23826
0,0.1597,28914
0,0.1597,42483
0,0.1597,54010
0,0.1597,74496
0,0.1597,76194
0,0.1597,454614
0,0.1597,513646
0,0.1597,521075
0,0.1597,522715
0,0.1597,522753
0,0.1597,523675
0,0.1597,524596
0,0.1597,524767
0,0.1597,529519
0,0.1597,529568
0,0.1597,800158
0,0.1597,801507
0,0.1597,801998
0,0.1597,802201
0,0.1597,805026
0,0.1597,817974
0,0.1597,861290
0,0.1597,1053174360
0,0.1598,10150
0,0.1598,10494
0,0.1598,10495
0,0.1598,11013
0,0.1598,11053
0,0.1598,11785
0,0.1598,13442
0,0.1598,14912
0,0.1598,15176
0,0.1598,18670
0,0.1598,23325
0,0.1598,38657
0,0.1598,98544
0,0.1598,173562
0,0.1598,383941
0,0.1598,511975
0,0.1598,514405
0,0.1598,519946
0,0.1598,520087
0,0.1598,524133
0,0.1598,529259
0,0.1598,544476
0,0.1598,801107
0,0.1598,802405
0,0.1598,804556
0,0.1598,805817
0,0.1598,820191
0,0.1598,902395
0,0.1599,10267
0,0.1599,10531
0,0.1599,10863
0,0.1599,10950
0,0.1599,11090
0,0.1599,12341
0,0.1599,13751
0,0.1599,14029
0,0.1599,17861
0,0.1599,18838
0,0.1599,19616
0,0.1599,25097
0,0.1599,31157
0,0.1599,40047
0,0.1599,537907
0,0.1599,555257
0,0.1599,800718
0,0.1599,803241
0,0.1599,803721
0,0.1599,806141
0,0.1599,903425
0,0.1599,909612
0,0.1600,10501
0,0.1600,11458
0,0.1600,18419
0,0.1600,35474
0,0.1600,42975
0,0.1600,94433
0,0.1600,514997
0,0.1600,537899
0,0.1600,802652
0,0.1600,804445
0,0.1600,804627
0,0.1601,11146
0,0.1601,12377
0,0.1601,12512
0,0.1601,16671
0,0.1601,18068
0,0.1601,23273
0,0.1601,28683
0,0.1601,41171
0,0.1601,53086
0,0.1601,54440
0,0.1601,54514
0,0.1601,58730
0,0.1601,59425
0,0.1601,61398
0,0.1601,81228
0,0.1601,515844
0,0.1601,518461
0,0.1601,802181
0,0.1601,802755
0,0.1601,803005
0,0.1601,803193
0,0.1601,806646
0,0.1601,808464
0,0.1601,809401
0,0.1601,813291
0,0.1601,817261
0,0.1601,905905
0,0.1602,10323
0,0.1602,10365
0,0.1602,10993
0,0.1602,12872
0,0.1602,13406
0,0.1602,13428
0,0.1602,21688
0,0.1602,54011
0,0.1602,146366
0,0.1602,511821
0,0.1602,514547
0,0.1602,517255
0,0.1602,520895
0,0.1602,522762
0,0.1602,529385
0,0.1602,800062
0,0.1602,801521
0,0.1602,802565
0,0.1602,803340
0,0.1602,804982
0,0.1602,903107
0,0.1603,10160
0,0.1603,10185
0,0.1603,10638
0,0.1603,10840
0,0.1603,11634
0,0.1603,11699
0,0.1603,12055
0,0.1603,14408
0,0.1603,16506
0,0.1603,21687
0,0.1603,22395
0,0.1603,25792
0,0.1603,103278
0,0.1603,224471
0,0.1603,518112
0,0.1603,522974
0,0.1603,574147
0,0.1603,800856
0,0.1603,802914
0,0.1603,805241
0,0.1603,904184
0,0.1604,10072
0,0.1604,10704
0,0.1604,11402
0,0.1604,12108
0,0.1604,12947
0,0.1604,24843
0,0.1604,42185
0,0.1604,64607
0,0.1604,534361
0,0.1604,536211
0,0.1604,802793
0,0.1604,803566
0,0.1604,904108
0,0.1604,107629970
0,0.1604,1050542828
0,0.1605,10180
0,0.1605,11403
0,0.1605,11810
0,0.1605,13115
0,0.1605,15829
0,0.1605,18069
0,0.1605,18125
0,0.1605,23479
0,0.1605,34801
0,0.1605,81741
0,0.1605,104220
0,0.1605,131696
0,0.1605,513591
0,0.1605,559141
0,0.1605,568012
0,0.1605,800183
0,0.1605,800307
0,0.1605,805067
0,0.1605,820146
0,0.1605,1050014552
0,0.1606,10189
0,0.1606,10910
0,0.1606,11180
0,0.1606,15484
0,0.1606,17177
0,0.1606,27893
0,0.1606,53727
0,0.1606,61311
0,0.1606,512328
0,0.1606,518541
0,0.1606,525441
0,0.1606,530435
0,0.1606,533368
0,0.1606,533914
0,0.1606,803804
0,0.1606,803929
0,0.1607,10360
0,0.1607,10488
0,0.1607,11873
0,0.1607,12104
0,0.1607,13087
0,0.1607,15382
0,0.1607,16260
0,0.1607,17454
0,0.1607,19594
0,0.1607,31911
0,0.1607,67789
0,0.1607,152496
0,0.1607,157037
0,0.1607,800102
0,0.1607,800820
0,0.1607,801295
0,0.1607,903727
0,0.1608,10100
0,0.1608,10368
0,0.1608,12396
0,0.1608,14194
0,0.1608,15163
0,0.1608,17902
0,0.1608,32016
0,0.1608,52352
0,0.1608,69544
0,0.1608,79516
0,0.1608,521745
0,0.1608,555259
0,0.1608,803843
0,0.1608,804195
0,0.1608,821882
0,0.1609,10286
0,0.1609,10302
0,0.1609,10497
0,0.1609,12217
0,0.1609,12605
0,0.1609,13363
0,0.1609,13450
0,0.1609,13758
0,0.1609,16734
0,0.1609,19760
0,0.1609,22006
0,0.1609,44940
0,0.1609,72491
0,0.1609,261784
0,0.1609,512106
0,0.1609,523564
0,0.1609,529498
0,0.1609,800020
0,0.1609,804778
0,0.1609,804797
0,0.1609,805532
0,0.1609,808572
0,0.1609,815064
0,0.1609,817261
0,0.1609,905709
0,0.1610,10271
0,0.1610,10807
0,0.1610,10820
0,0.1610,11142
0,0.1610,17508
0,0.1610,17903
0,0.1610,27302
0,0.1610,54011
0,0.1610,59969
0,0.1610,71157
0,0.1610,512041
0,0.1610,514596
0,0.1610,520472
0,0.1610,521406
0,0.1610,530880
0,0.1610,804660
0,0.1610,810169
0,0.1610,821058
0,0.1610,913454
0,0.1611,11377
0,0.1611,12006
0,0.1611,12054
0,0.1611,12506
0,0.1611,12811
0,0.1611,14061
0,0.1611,20390
0,0.1611,21227
0,0.1611,30641
0,0.1611,90905
0,0.1611,522754
0,0.1611,523049
0,0.1611,800084
0,0.1611,805185
0,0.1611,956310
0,0.1612,10118
0,0.1612,10204
0,0.1612,10255
0,0.1612,10289
0,0.1612,10537
0,0.1612,11361
0,0.1612,12720
0,0.1612,13613
0,0.1612,15273
0,0.1612,19267
0,0.1612,32040
0,0.1612,35503
0,0.1612,36470
0,0.1612,516796
0,0.1612,802486
0,0.1612,802719
0,0.1612,804696
0,0.1612,935007
0,0.1613,10011
0,0.1613,11326
0,0.1613,12854
0,0.1613,13018
0,0.1613,13025
0,0.1613,13427
0,0.1613,14306
0,0.1613,16579
0,0.1613,17726
0,0.1613,18109
0,0.1613,93199
0,0.1613,142743
0,0.1613,174420
0,0.1613,519925
0,0.1613,801581
0,0.1613,801688
0,0.1613,801970
0,0.1613,806512
0,0.1614,10272
0,0.1614,10468
0,0.1614,10658
0,0.1614,11563
0,0.1614,11896
0,0.1614,12060
0,0.1614,12487
0,0.1614,14206
0,0.1614,17175
0,0.1614,18185
0,0.1614,18749
0,0.1614,37842
0,0.1614,40550
0,0.1614,58517
0,0.1614,172666
0,0.1614,195264
0,0.1614,512077
0,0.1614,519399
0,0.1614,520646
0,0.1614,522387
0,0.1614,805092
0,0.1614,806838
0,0.1614,812193
0,0.1614,902874
0,0.1614,903642
0,0.1615,11965
0,0.1615,14993
0,0.1615,15496
0,0.1615,19615
0,0.1615,24050
0,0.1615,33075
0,0.1615,39813
0,0.1615,518194
0,0.1615,519132
0,0.1615,519705
0,0.1615,521210
0,0.1615,800048
0,0.1615,800783
0,0.1615,800890
0,0.1615,801895
0,0.1616,14892
0,0.1616,15004
0,0.1616,18123
0,0.1616,18744
0,0.1616,23619
0,0.1616,30504
0,0.1616,41144
0,0.1616,44250
0,0.1616,90602
0,0.1616,100478
0,0.1616,515289
0,0.1616,519131
0,0.1616,800170
0,0.1616,820146
0,0.1617,10691
0,0.1617,11668
0,0.1617,16517
0,0.1617,18940
0,0.1617,25312
0,0.1617,34949
0,0.1617,37921
0,0.1617,512273
0,0.1617,520155
0,0.1617,530449
0,0.1617,801530
0,0.1617,802044
0,0.1617,809979
0,0.1617,904161
0,0.1617,324178811
0,0.1618,10107
0,0.1618,11103
0,0.1618,11495
0,0.1618,11532
0,0.1618,13147
0,0.1618,13698
0,0.1618,14881
0,0.1618,15514
0,0.1618,18601
0,0.1618,18713
0,0.1618,20062
0,0.1618,46466
0,0.1618,48301
0,0.1618,64180
0,0.1618,514125
0,0.1618,514988
0,0.1618,517256
0,0.1618,518604
0,0.1618,801027
0,0.1618,805173
0,0.1618,818527
0,0.1619,10412
0,0.1619,11131
0,0.1619,13305
0,0.1619,13872
0,0.1619,14327
0,0.1619,14903
0,0.1619,15635
0,0.1619,16794
0,0.1619,18585
0,0.1619,28674
0,0.1619,33168
0,0.1619,516256
0,0.1619,519658
0,0.1619,520210
0,0.1619,800613
0,0.1619,803599
0,0.1619,807534
0,0.1619,813104
0,0.1620,10109
0,0.1620,10540
0,0.1620,13317
0,0.1620,15325
0,0.1620,25939
0,0.1620,30981
0,0.1620,513930
0,0.1620,805776
0,0.1620,806124
0,0.1620,809196
0,0.1620,956310
0,0.1621,10432
0,0.1621,11021
0,0.1621,12083
0,0.1621,12933
0,0.1621,13460
0,0.1621,14127
0,0.1621,14756
0,0.1621,15281
0,0.1621,16370
0,0.1621,27119
0,0.1621,27596
0,0.1621,28791
0,0.1621,36812
0,0.1621,40916
0,0.1621,124632
0,0.1621,166057
0,0.1621,511828
0,0.1621,512927
0,0.1621,521814
0,0.1621,531769
0,0.1621,534301
0,0.1621,574357
0,0.1621,801557
0,0.1621,802164
0,0.1621,805227
0,0.1621,827502
0,0.1621,906236
0,0.1621,906513
0,0.1621,1050687371
0,0.1622,10707
0,0.1622,10822
0,0.1622,12730
0,0.1622,12900
0,0.1622,13788
0,0.1622,14499
0,0.1622,18779
0,0.1622,30371
0,0.1622,38388
0,0.1622,234867
0,0.1622,515062
0,0.1622,524655
0,0.1622,531999
0,0.1622,802544
0,0.1622,802623
0,0.1622,816439
0,0.1623,12569
0,0.1623,12763
0,0.1623,14434
0,0.1623,15362
0,0.1623,17180
0,0.1623,29135
0,0.1623,58394
0,0.1623,511823
0,0.1623,516369
0,0.1623,527475
0,0.1623,800317
0,0.1623,800976
0,0.1623,805494
0,0.1623,807312
0,0.1623,808183
0,0.1624,10295
0,0.1624,12158
0,0.1624,12318
0,0.1624,12787
0,0.1624,13121
0,0.1624,17588
0,0.1624,19118
0,0.1624,39294
0,0.1624,130455
0,0.1624,517548
0,0.1624,519000
0,0.1624,521928
0,0.1624,556539
0,0.1624,802580
0,0.1624,806061
0,0.1624,811406
0,0.1624,817096
0,0.1624,827502
0,0.1625,10041
0,0.1625,11900
0,0.1625,12584
0,0.1625,13640
0,0.1625,13880
0,0.1625,13969
0,0.1625,14093
0,0.1625,14105
0,0.1625,18504
0,0.1625,24382
0,0.1625,59776
0,0.1625,99108
0,0.1625,519363
0,0.1625,521059
0,0.1625,525354
0,0.1625,800391
0,0.1625,801282
0,0.1625,804538
0,0.1626,10110
0,0.1626,10165
0,0.1626,10241
0,0.1626,10457
0,0.1626,10738
0,0.1626,11494
0,0.1626,11568
0,0.1626,11805
0,0.1626,15440
0,0.1626,15441
0,0.1626,15932
0,0.1626,16193
0,0.1626,23165
0,0.1626,26832
0,0.1626,40289
0,0.1626,67167
0,0.1626,114715
0,0.1626,200001
0,0.1626,511862
0,0.1626,521256
0,0.1626,800447
0,0.1627,10099
0,0.1627,10101
0,0.1627,10205
0,0.1627,10490
0,0.1627,10967
0,0.1627,11768
0,0.1627,14697
0,0.1627,15955
0,0.1627,22240
0,0.1627,22307
0,0.1627,25045
0,0.1627,30181
0,0.1627,40983
0,0.1627,43116
0,0.1627,57007
0,0.1627,57355
0,0.1627,62778
0,0.1627,511881
0,0.1627,514413
0,0.1627,514416
0,0.1627,520817
0,0.1627,555342
0,0.1627,801976
0,0.1627,802453
0,0.1627,804500
0,0.1627,808856
0,0.1627,812633
0,0.1627,822728
0,0.1627,905009
0,0.1628,10097
0,0.1628,10687
0,0.1628,11932
0,0.1628,12606
0,0.1628,13896
0,0.1628,16402
0,0.1628,18156
0,0.1628,18564
0,0.1628,23812
0,0.1628,27296
0,0.1628,38569
0,0.1628,44785
0,0.1628,57935
0,0.1628,67889
0,0.1628,104187
0,0.1628,514045
0,0.1628,519514
0,0.1628,524761
0,0.1628,800305
0,0.1628,800554
0,0.1628,803982
0,0.1628,820271
0,0.1629,11306
0,0.1629,11350
0,0.1629,15535
0,0.1629,16659
0,0.1629,22870
0,0.1629,23601
0,0.1629,28816
0,0.1629,30310
0,0.1629,32258
0,0.1629,33316
0,0.1629,37265
0,0.1629,70088
0,0.1629,141161
0,0.1629,516072
0,0.1629,521265
0,0.1629,529512
0,0.1629,530151
0,0.1629,533470
0,0.1629,800676
0,0.1629,805860
0,0.1630,10265
0,0.1630,10404
0,0.1630,12319
0,0.1630,12445
0,0.1630,17274
0,0.1630,17790
0,0.1630,18182
0,0.1630,18932
0,0.1630,95758
0,0.1630,235061
0,0.1630,549229
0,0.1630,800056
0,0.1630,803013
0,0.1630,803463
0,0.1630,805489
0,0.1630,828718
0,0.1630,903481
0,0.1631,10137
0,0.1631,11883
0,0.1631,12488
0,0.1631,13141
0,0.1631,14640
0,0.1631,15674
0,0.1631,16429
0,0.1631,18728
0,0.1631,35128
0,0.1631,40390
0,0.1631,60946
0,0.1631,99095
0,0.1631,537032
0,0.1631,806201
0,0.1631,817261
0,0.1631,817565
0,0.1631,711866623
0,0.1631,1053174360
0,0.1632,10114
0,0.1632,11723
0,0.1632,11902
0,0.1632,11982
0,0.1632,12135
0,0.1632,12777
0,0.1632,13863
0,0.1632,14182
0,0.1632,14997
0,0.1632,15051
0,0.1632,15071
0,0.1632,15458
0,0.1632,15616
0,0.1632,18889
0,0.1632,19341
0,0.1632,38706
0,0.1632,515457
0,0.1632,515950
0,0.1632,517754
0,0.1632,558781
0,0.1632,800719
0,0.1632,802081
0,0.1632,802402
0,0.1632,802632
0,0.1632,803052
0,0.1632,812134
0,0.1632,826175
0,0.1632,936838
0,0.1632,776770294
0,0.1633,10178
0,0.1633,10187
0,0.1633,11064
0,0.1633,11710
0,0.1633,11967
0,0.1633,12085
0,0.1633,12413
0,0.1633,15182
0,0.1633,15237
0,0.1633,15243
0,0.1633,16105
0,0.1633,16862
0,0.1633,17367
0,0.1633,17535
0,0.1633,24922
0,0.1633,27714
0,0.1633,75379
0,0.1633,511841
0,0.1633,800927
0,0.1633,802955
0,0.1633,803352
0,0.1633,806747
0,0.1633,903317
0,0.1633,932322
0,0.1634,10299
0,0.1634,10370
0,0.1634,11497
0,0.1634,11674
0,0.1634,12144
0,0.1634,14011
0,0.1634,14387
0,0.1634,14727
0,0.1634,15046
0,0.1634,70651
0,0.1634,513284
0,0.1634,515933
0,0.1634,521027
0,0.1634,803033
0,0.1634,803048
0,0.1634,804119
0,0.1634,817670
0,0.1635,10855
0,0.1635,11032
0,0.1635,14716
0,0.1635,20545
0,0.1635,23688
0,0.1635,33038
0,0.1635,35532
0,0.1635,45969
0,0.1635,513147
0,0.1635,530667
0,0.1635,800809
0,0.1635,804351
0,0.1635,804671
0,0.1635,805244
0,0.1635,814910
0,0.1635,932796
0,0.1636,10035
0,0.1636,10290
0,0.1636,10652
0,0.1636,11311
0,0.1636,12503
0,0.1636,13559
0,0.1636,30930
0,0.1636,98698
0,0.1636,513968
0,0.1636,516739
0,0.1636,520119
0,0.1636,520143
0,0.1636,532905
0,0.1636,805757
0,0.1636,820146
0,0.1636,936810
0,0.1637,10184
0,0.1637,11201
0,0.1637,11908
0,0.1637,24741
0,0.1637,25362
0,0.1637,34896
0,0.1637,62207
0,0.1637,521241
0,0.1637,525595
0,0.1637,532751
0,0.1637,800606
0,0.1637,801479
0,0.1637,803992
0,0.1637,817974
0,0.1637,820943
0,0.1637,824034
0,0.1638,10385
0,0.1638,11631
0,0.1638,13228
0,0.1638,15290
0,0.1638,16689
0,0.1638,17525
0,0.1638,20818
0,0.1638,21932
0,0.1638,45245
0,0.1638,55527
0,0.1638,67303
0,0.1638,286746
0,0.1638,512187
0,0.1638,513283
0,0.1638,520081
0,0.1638,520816
0,0.1638,571495
0,0.1638,800412
0,0.1638,803833
0,0.1638,1050443274
0,0.1639,10949
0,0.1639,11200
0,0.1639,11614
0,0.1639,11849
0,0.1639,12595
0,0.1639,13167
0,0.1639,16781
0,0.1639,16931
0,0.1639,25684
0,0.1639,26417
0,0.1639,27702
0,0.1639,30930
0,0.1639,71877
0,0.1639,519443
0,0.1639,520083
0,0.1639,580329
0,0.1639,800149
0,0.1639,803524
0,0.1639,816113
0,0.1639,905313
0,0.1639,907256
0,0.1640,10371
0,0.1640,10932
0,0.1640,11085
0,0.1640,12411
0,0.1640,12532
0,0.1640,12651
0,0.1640,13442
0,0.1640,14289
0,0.1640,14643
0,0.1640,15905
0,0.1640,21822
0,0.1640,54011
0,0.1640,231168
0,0.1640,515460
0,0.1640,517257
0,0.1640,521191
0,0.1640,522338
0,0.1640,522984
0,0.1640,803342
0,0.1640,904122
0,0.1641,11053
0,0.1641,11445
0,0.1641,17835
0,0.1641,18022
0,0.1641,33053
0,0.1641,75971
0,0.1641,85527
0,0.1641,517512
0,0.1641,518309
0,0.1641,522465
0,0.1641,523550
0,0.1641,524717
0,0.1641,527048
0,0.1641,530668
0,0.1641,533411
0,0.1641,543158
0,0.1641,555176
0,0.1641,801280
0,0.1641,801816
0,0.1641,811204
0,0.1641,819387
0,0.1641,909363
0,0.1642,10226
0,0.1642,10414
0,0.1642,12992
0,0.1642,17072
0,0.1642,20831
0,0.1642,30807
0,0.1642,48491
0,0.1642,131748
0,0.1642,521126
0,0.1642,555238
0,0.1642,800126
0,0.1642,802381
0,0.1642,805245
0,0.1642,818370
0,0.1642,819656
0,0.1642,829714
0,0.1643,10080
0,0.1643,10120
0,0.1643,10825
0,0.1643,11199
0,0.1643,11369
0,0.1643,12358
0,0.1643,13586
0,0.1643,13667
0,0.1643,13932
0,0.1643,16687
0,0.1643,19995
0,0.1643,63027
0,0.1643,137497
0,0.1643,522761
0,0.1643,524610
0,0.1643,526375
0,0.1643,803129
0,0.1644,15890
0,0.1644,19982
0,0.1644,25184
0,0.1644,25255
0,0.1644,29806
0,0.1644,51887
0,0.1644,247112
0,0.1644,516098
0,0.1644,800984
0,0.1644,807148
0,0.1644,814106
0,0.1644,816323
0,0.1644,821729
0,0.1644,905984
0,0.1644,1050074465
0,0.1645,13179
0,0.1645,13258
0,0.1645,14224
0,0.1645,17109
0,0.1645,18343
0,0.1645,18766
0,0.1645,19290
0,0.1645,23273
0,0.1645,23325
0,0.1645,31757
0,0.1645,38835
0,0.1645,57797
0,0.1645,94555
0,0.1645,170407
0,0.1645,519616
0,0.1645,527525
0,0.1645,802413
0,0.1645,803440
0,0.1645,803493
0,0.1645,803605
0,0.1645,1052043704
0,0.1646,10816
0,0.1646,12423
0,0.1646,13433
0,0.1646,14869
0,0.1646,15114
0,0.1646,17715
0,0.1646,18054
0,0.1646,24232
0,0.1646,123422
0,0.1646,512199
0,0.1646,523626
0,0.1646,800228
0,0.1646,803107
0,0.1646,842254
0,0.1646,903643
0,0.1647,12762
0,0.1647,12923
0,0.1647,15361
0,0.1647,19740
0,0.1647,23703
0,0.1647,48638
0,0.1647,60774
0,0.1647,800851
0,0.1647,807296
0,0.1647,809397
0,0.1647,817047
0,0.1647,821754
0,0.1647,908745
0,0.1648,10308
0,0.1648,15176
0,0.1648,15693
0,0.1648,16051
0,0.1648,20007
0,0.1648,29458
0,0.1648,30341
0,0.1648,46409
0,0.1648,81710
0,0.1648,258819
0,0.1648,521113
0,0.1648,522815
0,0.1648,801467
0,0.1648,802999
0,0.1648,820271
0,0.1648,842254
0,0.1648,904946
0,0.1649,10830
0,0.1649,13307
0,0.1649,13794
0,0.1649,14114
0,0.1649,17691
0,0.1649,17931
0,0.1649,19189
0,0.1649,30716
0,0.1649,32062
0,0.1649,513499
0,0.1649,515545
0,0.1649,516820
0,0.1649,519720
0,0.1649,531708
0,0.1649,804403
0,0.1650,10494
0,0.1650,11164
0,0.1650,11933
0,0.1650,13357
0,0.1650,13800
0,0.1650,16537
0,0.1650,23167
0,0.1650,38272
0,0.1650,57102
0,0.1650,519365
0,0.1650,802958
0,0.1651,10202
0,0.1651,11255
0,0.1651,11402
0,0.1651,11701
0,0.1651,12095
0,0.1651,12104
0,0.1651,12405
0,0.1651,14664
0,0.1651,14766
0,0.1651,19386
0,0.1651,19760
0,0.1651,37142
0,0.1651,42997
0,0.1651,58331
0,0.1651,67864
0,0.1651,86264
0,0.1651,513401
0,0.1651,530448
0,0.1651,801489
0,0.1651,806303
0,0.1651,816644
0,0.1651,908747
0,0.1652,11324
0,0.1652,14705
0,0.1652,18419
0,0.1652,18437
0,0.1652,18587
0,0.1652,19886
0,0.1652,42483
0,0.1652,76194
0,0.1652,520194
0,0.1652,561653
0,0.1652,801998
0,0.1652,802980
0,0.1652,805743
0,0.1652,811215
0,0.1652,817565
0,0.1652,932321
0,0.1653,10003
0,0.1653,12065
0,0.1653,12176
0,0.1653,15828
0,0.1653,17454
0,0.1653,20468
0,0.1653,42241
0,0.1653,51506
0,0.1653,164863
0,0.1653,434891
0,0.1653,521635
0,0.1653,522992
0,0.1653,523776
0,0.1653,533223
0,0.1653,800313
0,0.1653,800724
0,0.1653,803077
0,0.1653,821201
0,0.1653,827678
0,0.1653,873387
0,0.1653,912111327
0,0.1654,10108
0,0.1654,10315
0,0.1654,10399
0,0.1654,10540
0,0.1654,11155
0,0.1654,12259
0,0.1654,12355
0,0.1654,12506
0,0.1654,13026
0,0.1654,15782
0,0.1654,16540
0,0.1654,22058
0,0.1654,28010
0,0.1654,29340
0,0.1654,46153
0,0.1654,215209
0,0.1654,519895
0,0.1654,525062
0,0.1654,529385
0,0.1654,805165
0,0.1654,828718
0,0.1655,10185
0,0.1655,10704
0,0.1655,11254
0,0.1655,11688
0,0.1655,12159
0,0.1655,15997
0,0.1655,17156
0,0.1655,28522
0,0.1655,33224
0,0.1655,35743
0,0.1655,53086
0,0.1655,81159
0,0.1655,513146
0,0.1655,521813
0,0.1655,522738
0,0.1655,523349
0,0.1655,524732
0,0.1655,802662
0,0.1655,803014
0,0.1655,814206
0,0.1655,903732
0,0.1656,13158
0,0.1656,15850
0,0.1656,17825
0,0.1656,28423
0,0.1656,32055
0,0.1656,36704
0,0.1656,579728
0,0.1656,800022
0,0.1656,803017
0,0.1656,807392
0,0.1656,905286
0,0.1656,906612
0,0.1656,908183
0,0.1657,11764
0,0.1657,13901
0,0.1657,15502
0,0.1657,15534
0,0.1657,17958
0,0.1657,26485
0,0.1657,72644
0,0.1657,514405
0,0.1657,800070
0,0.1657,800490
0,0.1657,802124
0,0.1657,802371
0,0.1658,11210
0,0.1658,14399
0,0.1658,16072
0,0.1658,16457
0,0.1658,25709
0,0.1658,26901
0,0.1658,27031
0,0.1658,144334
0,0.1658,512858
0,0.1658,524073
0,0.1658,800577
0,0.1658,801503
0,0.1658,802543
0,0.1658,809492
0,0.1658,848264
0,0.1658,936773
0,0.1659,10677
0,0.1659,11455
0,0.1659,14899
0,0.1659,31627
0,0.1659,31681
0,0.1659,38847
0,0.1659,70779
0,0.1659,113924
0,0.1659,126216
0,0.1659,512930
0,0.1659,514546
0,0.1659,515072
0,0.1659,520863
0,0.1659,522973
0,0.1659,526298
0,0.1659,531643
0,0.1659,800478
0,0.1659,801730
0,0.1659,802174
0,0.1659,802201
0,0.1659,802584
0,0.1659,804023
0,0.1659,814231
0,0.1659,1050014552
0,0.1660,10477
0,0.1660,10603
0,0.1660,11327
0,0.1660,11765
0,0.1660,12109
0,0.1660,14286
0,0.1660,22884
0,0.1660,44816
0,0.1660,58532
0,0.1660,73463
0,0.1660,519144
0,0.1660,522752
0,0.1660,529031
0,0.1660,532909
0,0.1660,800747
0,0.1660,801295
0,0.1661,15364
0,0.1661,16538
0,0.1661,53190
0,0.1661,61285
0,0.1661,209688
0,0.1661,555837
0,0.1661,801164
0,0.1661,801561
0,0.1661,804001
0,0.1661,903484
0,0.1661,954981
0,0.1661,353379798
0,0.1662,10150
0,0.1662,10292
0,0.1662,10693
0,0.1662,11874
0,0.1662,12183
0,0.1662,13404
0,0.1662,14255
0,0.1662,15436
0,0.1662,42083
0,0.1662,146588
0,0.1662,147927
0,0.1662,513111
0,0.1662,523060
0,0.1662,556346
0,0.1662,800181
0,0.1662,800849
0,0.1662,802809
0,0.1662,807924
0,0.1663,13013
0,0.1663,13371
0,0.1663,14192
0,0.1663,14686
0,0.1663,15117
0,0.1663,17380
0,0.1663,26741
0,0.1663,29635
0,0.1663,31839
0,0.1663,61398
0,0.1663,94433
0,0.1663,514997
0,0.1663,521240
0,0.1663,524429
0,0.1663,555340
0,0.1663,800718
0,0.1663,801077
0,0.1663,804156
0,0.1663,842254
0,0.1664,10959
0,0.1664,11030
0,0.1664,12398
0,0.1664,13984
0,0.1664,15127
0,0.1664,15713
0,0.1664,25970
0,0.1664,26443
0,0.1664,56970
0,0.1664,68889
0,0.1664,512513
0,0.1664,516514
0,0.1664,517401
0,0.1664,523482
0,0.1664,801346
0,0.1664,801442
0,0.1664,803501
0,0.1664,808926
0,0.1664,817089
0,0.1664,820434
0,0.1664,776770294
0,0.1664,1050045395
0,0.1665,10969
0,0.1665,12710
0,0.1665,13317
0,0.1665,13403
0,0.1665,19065
0,0.1665,39753
0,0.1665,63923
0,0.1665,514605
0,0.1665,522974
0,0.1665,523675
0,0.1665,536208
0,0.1665,802937
0,0.1665,805949
0,0.1665,808715
0,0.1665,813076
0,0.1665,830295
0,0.1666,10099
0,0.1666,13568
0,0.1666,14736
0,0.1666,26211
0,0.1666,26607
0,0.1666,46073
0,0.1666,98544
0,0.1666,100809
0,0.1666,513033
0,0.1666,520812
0,0.1666,523807
0,0.1666,1050215716
0,0.1667,10497
0,0.1667,11447
0,0.1667,13294
0,0.1667,14912
0,0.1667,16399
0,0.1667,123858
0,0.1667,513463
0,0.1667,514988
0,0.1667,519399
0,0.1667,520817
0,0.1667,522841
0,0.1667,523806
0,0.1667,531299
0,0.1667,801970
0,0.1667,802139
0,0.1667,803339
0,0.1667,816113
0,0.1667,107629970
0,0.1668,10136
0,0.1668,10205
0,0.1668,10293
0,0.1668,10341
0,0.1668,12055
0,0.1668,15284
0,0.1668,17342
0,0.1668,17474
0,0.1668,19036
0,0.1668,21242
0,0.1668,21637
0,0.1668,26862
0,0.1668,41913
0,0.1668,512305
0,0.1668,800376
0,0.1668,800423
0,0.1668,814115
0,0.1668,903422
0,0.1668,903570
0,0.1669,10222
0,0.1669,12131
0,0.1669,14137
0,0.1669,14424
0,0.1669,14871
0,0.1669,14881
0,0.1669,15028
0,0.1669,23619
0,0.1669,29116
0,0.1669,50228
0,0.1669,184446
0,0.1669,515048
0,0.1669,517059
0,0.1669,518194
0,0.1669,520581
0,0.1669,800638
0,0.1669,803070
0,0.1669,821201
0,0.1669,830025
0,0.1670,10740
0,0.1670,11450
0,0.1670,11734
0,0.1670,13877
0,0.1670,15212
0,0.1670,15510
0,0.1670,16381
0,0.1670,18238
0,0.1670,20185
0,0.1670,22185
0,0.1670,26537
0,0.1670,80867
0,0.1670,88342
0,0.1670,512307
0,0.1670,515029
0,0.1670,517501
0,0.1670,517722
0,0.1670,521814
0,0.1670,522828
0,0.1670,523863
0,0.1670,800618
0,0.1670,806433
0,0.1671,11021
0,0.1671,13537
0,0.1671,15445
0,0.1671,19478
0,0.1671,20652
0,0.1671,23513
0,0.1671,24382
0,0.1671,25939
0,0.1671,32854
0,0.1671,65472
0,0.1671,107241
0,0.1671,512390
0,0.1671,512927
0,0.1671,517202
0,0.1671,520790
0,0.1671,521075
0,0.1671,523786
0,0.1671,802137
0,0.1671,803224
0,0.1671,804958
0,0.1672,10255
0,0.1672,10428
0,0.1672,11638
0,0.1672,14790
0,0.1672,16794
0,0.1672,17554
0,0.1672,18504
0,0.1672,18779
0,0.1672,23416
0,0.1672,23602
0,0.1672,71503
0,0.1672,84758
0,0.1672,90224
0,0.1672,99882
0,0.1672,104220
0,0.1672,154893
0,0.1672,521292
0,0.1672,530880
0,0.1672,800257
0,0.1672,806355
0,0.1672,902492
0,0.1672,946767
0,0.1673,10107
0,0.1673,11497
0,0.1673,12232
0,0.1673,15274
0,0.1673,28791
0,0.1673,39813
0,0.1673,41640
0,0.1673,58730
0,0.1673,67951
0,0.1673,512795
0,0.1673,512947
0,0.1673,514045
0,0.1673,519050
0,0.1673,519140
0,0.1673,521409
0,0.1673,532800
0,0.1673,806094
0,0.1673,806613
0,0.1673,808250
0,0.1673,936341
0,0.1674,10823
0,0.1674,11061
0,0.1674,11171
0,0.1674,11796
0,0.1674,12796
0,0.1674,14434
0,0.1674,14507
0,0.1674,15932
0,0.1674,16493
0,0.1674,19274
0,0.1674,25792
0,0.1674,32475
0,0.1674,36524
0,0.1674,454614
0,0.1674,511839
0,0.1674,512928
0,0.1674,520115
0,0.1674,520621
0,0.1674,521701
0,0.1674,801166
0,0.1674,801261
0,0.1674,812884
0,0.1675,11466
0,0.1675,12401
0,0.1675,13864
0,0.1675,14552
0,0.1675,18932
0,0.1675,22084
0,0.1675,23281
0,0.1675,37433
0,0.1675,45024
0,0.1675,58834
0,0.1675,151050
0,0.1675,234867
0,0.1675,291345
0,0.1675,801507
0,0.1675,802945
0,0.1675,802954
0,0.1675,804984
0,0.1675,808159
0,0.1675,817684
0,0.1675,819387
0,0.1675,827683
0,0.1676,10286
0,0.1676,14523
0,0.1676,16198
0,0.1676,16811
0,0.1676,17173
0,0.1676,17878
0,0.1676,20774
0,0.1676,21731
0,0.1676,27296
0,0.1676,29135
0,0.1676,30310
0,0.1676,36745
0,0.1676,38268
0,0.1676,69319
0,0.1676,517548
0,0.1676,518937
0,0.1676,521086
0,0.1676,521633
0,0.1676,539620
0,0.1676,803317
0,0.1676,821892
0,0.1677,10041
0,0.1677,12298
0,0.1677,16360
0,0.1677,47170
0,0.1677,61273
0,0.1677,97863
0,0.1677,517913
0,0.1677,519003
0,0.1677,530449
0,0.1677,534404
0,0.1677,801965
0,0.1678,11163
0,0.1678,11252
0,0.1678,11253
0,0.1678,11825
0,0.1678,13115
0,0.1678,13237
0,0.1678,16641
0,0.1678,22240
0,0.1678,39134
0,0.1678,174420
0,0.1678,512750
0,0.1678,522428
0,0.1678,524167
0,0.1678,524902
0,0.1678,800159
0,0.1678,801895
0,0.1678,805532
0,0.1678,828126
0,0.1678,902553
0,0.1679,10110
0,0.1679,11302
0,0.1679,11341
0,0.1679,23009
0,0.1679,24246
0,0.1679,25403
0,0.1679,32258
0,0.1679,51682
0,0.1679,61079
0,0.1679,62156
0,0.1679,164031
0,0.1679,519328
0,0.1679,535668
0,0.1679,802107
0,0.1679,806417
0,0.1679,817047
0,0.1679,902842
0,0.1679,954670
0,0.1679,956328
0,0.1680,10027
0,0.1680,10323
0,0.1680,11274
0,0.1680,11806
0,0.1680,12716
0,0.1680,12976
0,0.1680,13035
0,0.1680,13217
0,0.1680,14428
0,0.1680,15094
0,0.1680,15616
0,0.1680,19616
0,0.1680,21366
0,0.1680,98157
0,0.1680,513594
0,0.1680,800082
0,0.1680,800158
0,0.1680,814353
0,0.1680,814468
0,0.1680,105856729
0,0.1681,10288
0,0.1681,13312
0,0.1681,23601
0,0.1681,27025
0,0.1681,29202
0,0.1681,29419
0,0.1681,42700
0,0.1681,222777
0,0.1681,520641
0,0.1681,800838
0,0.1681,909139
0,0.1681,118002941
0,0.1682,10692
0,0.1682,10863
0,0.1682,10920
0,0.1682,16093
0,0.1682,22937
0,0.1682,27682
0,0.1682,54597
0,0.1682,59994
0,0.1682,154359
0,0.1682,339863
0,0.1682,513378
0,0.1682,800613
0,0.1682,800827
0,0.1682,801257
0,0.1682,817974
0,0.1682,821892
0,0.1682,903425
0,0.1682,905405
0,0.1683,10294
0,0.1683,11070
0,0.1683,11836
0,0.1683,11989
0,0.1683,13463
0,0.1683,13475
0,0.1683,15514
0,0.1683,18156
0,0.1683,25628
0,0.1683,38706
0,0.1683,51159
0,0.1683,518721
0,0.1684,12443
0,0.1684,14918
0,0.1684,16039
0,0.1684,16110
0,0.1684,19239
0,0.1684,195264
0,0.1684,511828
0,0.1684,518938
0,0.1684,526612
0,0.1684,802196
0,0.1684,824034
0,0.1685,10072
0,0.1685,10967
0,0.1685,11238
0,0.1685,11402
0,0.1685,11784
0,0.1685,11947
0,0.1685,14772
0,0.1685,16275
0,0.1685,22047
0,0.1685,22379
0,0.1685,26284
0,0.1685,38454
0,0.1685,40768
0,0.1685,47107
0,0.1685,517601
0,0.1685,519131
0,0.1685,519347
0,0.1685,519368
0,0.1685,521236
0,0.1685,556347
0,0.1685,800890
0,0.1685,800910
0,0.1685,801090
0,0.1685,818085
0,0.1685,904624
0,0.1685,1052043704
0,0.1686,10165
0,0.1686,10243
0,0.1686,10624
0,0.1686,11131
0,0.1686,11280
0,0.1686,11318
0,0.1686,11375
0,0.1686,12058
0,0.1686,13836
0,0.1686,15412
0,0.1686,18559
0,0.1686,37105
0,0.1686,45197
0,0.1686,512793
0,0.1686,518604
0,0.1686,555713
0,0.1686,802544
0,0.1686,804264
0,0.1686,804398
0,0.1686,823205
0,0.1686,941319
0,0.1687,10097
0,0.1687,10354
0,0.1687,10960
0,0.1687,11053
0,0.1687,11495
0,0.1687,11891
0,0.1687,13273
0,0.1687,13287
0,0.1687,16617
0,0.1687,19452
0,0.1687,21252
0,0.1687,88528
0,0.1687,104033
0,0.1687,514596
0,0.1687,524761
0,0.1687,527653
0,0.1687,805639
0,0.1687,806236
0,0.1687,820191
0,0.1687,823205
0,0.1687,823598
0,0.1687,1050350155
0,0.1688,10061
0,0.1688,10269
0,0.1688,10285
0,0.1688,10986
0,0.1688,11307
0,0.1688,11699
0,0.1688,12067
0,0.1688,12105
0,0.1688,16008
0,0.1688,19215
0,0.1688,22122
0,0.1688,29939
0,0.1688,40046
0,0.1688,40390
0,0.1688,52665
0,0.1688,66446
0,0.1688,539448
0,0.1688,802663
0,0.1688,806817
0,0.1688,807560
0,0.1689,10114
0,0.1689,11200
0,0.1689,11717
0,0.1689,12506
0,0.1689,12843
0,0.1689,13442
0,0.1689,15051
0,0.1689,15163
0,0.1689,16707
0,0.1689,17751
0,0.1689,23325
0,0.1689,27132
0,0.1689,39095
0,0.1689,41887
0,0.1689,515679
0,0.1689,518690
0,0.1689,522387
0,0.1689,800698
0,0.1690,10704
0,0.1690,10847
0,0.1690,12811
0,0.1690,13434
0,0.1690,13969
0,0.1690,15458
0,0.1690,15562
0,0.1690,17369
0,0.1690,25045
0,0.1690,34466
0,0.1690,48335
0,0.1690,49672
0,0.1690,70325
0,0.1690,513769
0,0.1690,514483
0,0.1690,555344
0,0.1690,802224
0,0.1690,808183
0,0.1690,808456
0,0.1690,811623
0,0.1691,10368
0,0.1691,10539
0,0.1691,13255
0,0.1691,13559
0,0.1691,15506
0,0.1691,15789
0,0.1691,16180
0,0.1691,16907
0,0.1691,18743
0,0.1691,107195
0,0.1691,517512
0,0.1691,520210
0,0.1691,524655
0,0.1691,555342
0,0.1691,801725
0,0.1691,811623
0,0.1691,813201
0,0.1691,830295
0,0.1691,1111554233
0,0.1692,10462
0,0.1692,10495
0,0.1692,10513
0,0.1692,10748
0,0.1692,11170
0,0.1692,14276
0,0.1692,15839
0,0.1692,17639
0,0.1692,20818
0,0.1692,22799
0,0.1692,26417
0,0.1692,33492
0,0.1692,36384
0,0.1692,39413
0,0.1692,140519
0,0.1692,511823
0,0.1692,512319
0,0.1692,512734
0,0.1692,515933
0,0.1692,516110
0,0.1692,516981
0,0.1692,521536
0,0.1692,522734
0,0.1692,529318
0,0.1692,529603
0,0.1692,800132
0,0.1692,800241
0,0.1692,800554
0,0.1692,803004
0,0.1692,819096
0,0.1692,827683
0,0.1692,839612
0,0.1692,905079
0,0.1693,10100
0,0.1693,11087
0,0.1693,11142
0,0.1693,11213
0,0.1693,12900
0,0.1693,14464
0,0.1693,15612
0,0.1693,16553
0,0.1693,18125
0,0.1693,34820
0,0.1693,40888
0,0.1693,52016
0,0.1693,58394
0,0.1693,294178
0,0.1693,519705
0,0.1693,800120
0,0.1693,800816
0,0.1693,802223
0,0.1693,806326
0,0.1693,807396
0,0.1693,809980
0,0.1693,831621
0,0.1693,954670
0,0.1694,11188
0,0.1694,11306
0,0.1694,11326
0,0.1694,12565
0,0.1694,13360
0,0.1694,14011
0,0.1694,15399
0,0.1694,17419
0,0.1694,20418
0,0.1694,21692
0,0.1694,26287
0,0.1694,32651
0,0.1694,33536
0,0.1694,52811
0,0.1694,56017
0,0.1694,513284
0,0.1694,518513
0,0.1694,519332
0,0.1694,800907
0,0.1694,801491
0,0.1694,801768
0,0.1694,803013
0,0.1694,816323
0,0.1694,817218
0,0.1694,817684
0,0.1694,821882
0,0.1694,933157
0,0.1695,10047
0,0.1695,10540
0,0.1695,11974
0,0.1695,12742
0,0.1695,20780
0,0.1695,21296
0,0.1695,22870
0,0.1695,39253
0,0.1695,55527
0,0.1695,57935
0,0.1695,67174
0,0.1695,166976
0,0.1695,511778
0,0.1695,519132
0,0.1695,519715
0,0.1695,535347
0,0.1695,935161
0,0.1696,10099
0,0.1696,10263
0,0.1696,10299
0,0.1696,14539
0,0.1696,17175
0,0.1696,21932
0,0.1696,23273
0,0.1696,25517
0,0.1696,30761
0,0.1696,34046
0,0.1696,34949
0,0.1696,38650
0,0.1696,40213
0,0.1696,60056
0,0.1696,63441
0,0.1696,165035
0,0.1696,247112
0,0.1696,513283
0,0.1696,514125
0,0.1696,555176
0,0.1696,800258
0,0.1696,801415
0,0.1696,802955
0,0.1696,806387
0,0.1696,806636
0,0.1696,810586
0,0.1696,900035
0,0.1697,10599
0,0.1697,10687
0,0.1697,11896
0,0.1697,12104
0,0.1697,12358
0,0.1697,13048
0,0.1697,14223
0,0.1697,14438
0,0.1697,17379
0,0.1697,19825
0,0.1697,29918
0,0.1697,31735
0,0.1697,35058
0,0.1697,39687
0,0.1697,53652
0,0.1697,81228
0,0.1697,175572
0,0.1697,529235
0,0.1697,800536
0,0.1697,801193
0,0.1697,801639
0,0.1697,807167
0,0.1698,10447
0,0.1698,10468
0,0.1698,10691
0,0.1698,12809
0,0.1698,12993
0,0.1698,14810
0,0.1698,14816
0,0.1698,14863
0,0.1698,15495
0,0.1698,16311
0,0.1698,16579
0,0.1698,17685
0,0.1698,18109
0,0.1698,18585
0,0.1698,37709
0,0.1698,92871
0,0.1698,303314
0,0.1698,513520
0,0.1698,515026
0,0.1698,529498
0,0.1698,803561
0,0.1698,804557
0,0.1698,806124
0,0.1698,812186
0,0.1698,903604
0,0.1698,905385
0,0.1699,10322
0,0.1699,11604
0,0.1699,14414
0,0.1699,15494
0,0.1699,16343
0,0.1699,18713
0,0.1699,18744
0,0.1699,30955
0,0.1699,36070
0,0.1699,42059
0,0.1699,97180
0,0.1699,102359
0,0.1699,123503
0,0.1699,199633
0,0.1699,235061
0,0.1699,512328
0,0.1699,547689
0,0.1699,803720
0,0.1699,806302
0,0.1699,903727
0,0.1699,911639
0,0.1700,10035
0,0.1700,10839
0,0.1700,10977
0,0.1700,11712
0,0.1700,11772
0,0.1700,12181
0,0.1700,13515
0,0.1700,15451
0,0.1700,16554
0,0.1700,16642
0,0.1700,18321
0,0.1700,18419
0,0.1700,18704
0,0.1700,18823
0,0.1700,19308
0,0.1700,21730
0,0.1700,23197
0,0.1700,30164
0,0.1700,32315
0,0.1700,37735
0,0.1700,59853
0,0.1700,511844
0,0.1700,521241
0,0.1700,800134
0,0.1700,801412
0,0.1700,822728
0,0.1700,905078
0,0.1700,910865
0,0.1701,10494
0,0.1701,10969
0,0.1701,12091
0,0.1701,12228
0,0.1701,12319
0,0.1701,15680
0,0.1701,17491
0,0.1701,18980
0,0.1701,19327
0,0.1701,19956
0,0.1701,30477
0,0.1701,37330
0,0.1701,125973
0,0.1701,190319
0,0.1701,203133
0,0.1701,512663
0,0.1701,512932
0,0.1701,513464
0,0.1701,513646
0,0.1701,522352
0,0.1701,549229
0,0.1701,801199
0,0.1701,804555
0,0.1701,807799
0,0.1702,10658
0,0.1702,12606
0,0.1702,12651
0,0.1702,15398
0,0.1702,23826
0,0.1702,30132
0,0.1702,31198
0,0.1702,31642
0,0.1702,33586
0,0.1702,55630
0,0.1702,70651
0,0.1702,81442
0,0.1702,515410
0,0.1702,519284
0,0.1702,522762
0,0.1702,529520
0,0.1702,800212
0,0.1702,800702
0,0.1702,902512
0,0.1702,956310
0,0.1702,353379798
0,0.1703,10475
0,0.1703,14727
0,0.1703,19612
0,0.1703,24134
0,0.1703,24146
0,0.1703,25184
0,0.1703,35557
0,0.1703,512314
0,0.1703,512326
0,0.1703,520817
0,0.1703,524894
0,0.1703,526698
0,0.1703,534361
0,0.1703,574147
0,0.1703,801394
0,0.1703,801992
0,0.1703,805227
0,0.1703,817974
0,0.1703,904319
0,0.1704,10612
0,0.1704,11856
0,0.1704,12006
0,0.1704,12054
0,0.1704,13773
0,0.1704,14225
0,0.1704,17143
0,0.1704,17726
0,0.1704,19760
0,0.1704,23359
0,0.1704,24632
0,0.1704,27725
0,0.1704,27983
0,0.1704,34680
0,0.1704,36894
0,0.1704,93001
0,0.1704,114715
0,0.1704,800504
0,0.1704,801366
0,0.1704,803048
0,0.1704,804178
0,0.1705,10436
0,0.1705,11460
0,0.1705,11671
0,0.1705,14247
0,0.1705,19267
0,0.1705,20715
0,0.1705,26619
0,0.1705,30807
0,0.1705,31575
0,0.1705,32185
0,0.1705,516643
0,0.1705,519331
0,0.1705,519443
0,0.1705,521059
0,0.1705,800455
0,0.1705,800719
0,0.1705,800800
0,0.1705,805489
0,0.1705,905303
0,0.1705,906554
0,0.1706,10825
0,0.1706,12264
0,0.1706,12437
0,0.1706,13121
0,0.1706,13229
0,0.1706,13258
0,0.1706,13962
0,0.1706,14939
0,0.1706,16506
0,0.1706,17821
0,0.1706,25038
0,0.1706,29129
0,0.1706,30950
0,0.1706,34715
0,0.1706,35532
0,0.1706,64607
0,0.1706,513146
0,0.1706,514547
0,0.1706,524717
0,0.1706,529385
0,0.1706,800126
0,0.1706,803007
0,0.1706,805491
0,0.1706,817218
0,0.1706,849272
0,0.1706,1053174360
0,0.1707,11977
0,0.1707,12135
0,0.1707,13363
0,0.1707,14509
0,0.1707,15141
0,0.1707,15176
0,0.1707,15226
0,0.1707,15325
0,0.1707,18508
0,0.1707,18688
0,0.1707,19586
0,0.1707,20545
0,0.1707,34683
0,0.1707,38835
0,0.1707,74551
0,0.1707,85395
0,0.1707,514265
0,0.1707,516663
0,0.1707,537032
0,0.1707,564864
0,0.1707,800170
0,0.1707,800505
0,0.1707,817096
0,0.1707,817261
0,0.1707,904121
0,0.1708,10011
0,0.1708,10680
0,0.1708,10845
0,0.1708,12060
0,0.1708,13698
0,0.1708,13772
0,0.1708,14026
0,0.1708,14188
0,0.1708,14997
0,0.1708,15837
0,0.1708,15851
0,0.1708,19189
0,0.1708,22641
0,0.1708,24136
0,0.1708,26505
0,0.1708,44690
0,0.1708,64180
0,0.1708,392714
0,0.1708,527048
0,0.1708,536264
0,0.1708,800262
0,0.1708,815054
0,0.1708,903634
0,0.1709,12943
0,0.1709,13018
0,0.1709,13305
0,0.1709,14566
0,0.1709,16087
0,0.1709,16986
0,0.1709,24614
0,0.1709,36734
0,0.1709,53086
0,0.1709,64399
0,0.1709,512273
0,0.1709,571495
0,0.1709,574357
0,0.1709,801976
0,0.1709,802368
0,0.1709,811034
0,0.1709,813104
0,0.1709,827502
0,0.1710,11057
0,0.1710,11371
0,0.1710,16026
0,0.1710,17024
0,0.1710,20831
0,0.1710,23654
0,0.1710,29106
0,0.1710,34191
0,0.1710,59776
0,0.1710,71649
0,0.1710,76194
0,0.1710,512086
0,0.1710,800925
0,0.1710,805244
0,0.1710,903450
0,0.1710,776770294
0,0.1711,10052
0,0.1711,11710
0,0.1711,11795
0,0.1711,28123
0,0.1711,55385
0,0.1711,69544
0,0.1711,85527
0,0.1711,511882
0,0.1711,517256
0,0.1711,800228
0,0.1711,803860
0,0.1711,820434
0,0.1712,10376
0,0.1712,10537
0,0.1712,14232
0,0.1712,19355
0,0.1712,32468
0,0.1712,33232
0,0.1712,48491
0,0.1712,131748
0,0.1712,143610
0,0.1712,168586
0,0.1712,196622
0,0.1712,529125
0,0.1712,800056
0,0.1712,802181
0,0.1712,802392
0,0.1712,804180
0,0.1712,806689
0,0.1712,807649
0,0.1712,903450
0,0.1713,10226
0,0.1713,10394
0,0.1713,10917
0,0.1713,12095
0,0.1713,12654
0,0.1713,12777
0,0.1713,13317
0,0.1713,13872
0,0.1713,14289
0,0.1713,16754
0,0.1713,23249
0,0.1713,39504
0,0.1713,42332
0,0.1713,47257
0,0.1713,50965
0,0.1713,219189
0,0.1713,518777
0,0.1713,520182
0,0.1713,522706
0,0.1713,800317
0,0.1713,906718
0,0.1714,10432
0,0.1714,10553
0,0.1714,12472
0,0.1714,13167
0,0.1714,14259
0,0.1714,17454
0,0.1714,18278
0,0.1714,18437
0,0.1714,21277
0,0.1714,24050
0,0.1714,28999
0,0.1714,35743
0,0.1714,35908
0,0.1714,50397
0,0.1714,511821
0,0.1714,514997
0,0.1714,520888
0,0.1714,570859
0,0.1714,802232
0,0.1714,805925
0,0.1714,811623
0,0.1714,811786
0,0.1714,834861
0,0.1714,904821
0,0.1714,907500
0,0.1714,939958
0,0.1714,155143464
0,0.1715,10185
0,0.1715,11152
0,0.1715,12500
0,0.1715,13019
0,0.1715,13428
0,0.1715,14215
0,0.1715,19575
0,0.1715,21702
0,0.1715,24382
0,0.1715,27302
0,0.1715,515675
0,0.1715,522745
0,0.1715,522815
0,0.1715,522974
0,0.1715,802907
0,0.1715,803052
0,0.1716,10820
0,0.1716,17901
0,0.1716,21322
0,0.1716,24054
0,0.1716,46073
0,0.1716,50575
0,0.1716,87982
0,0.1716,90051
0,0.1716,117568
0,0.1716,523017
0,0.1716,530460
0,0.1716,800022
0,0.1716,803440
0,0.1716,830295
0,0.1717,10187
0,0.1717,10302
0,0.1717,10371
0,0.1717,10898
0,0.1717,11344
0,0.1717,12140
0,0.1717,14330
0,0.1717,16540
0,0.1717,21527
0,0.1717,24634
0,0.1717,30498
0,0.1717,54104
0,0.1717,63798
0,0.1717,512549
0,0.1717,512927
0,0.1717,520646
0,0.1717,521814
0,0.1717,523600
0,0.1717,533618
0,0.1717,803207
0,0.1717,902483
0,0.1718,10669
0,0.1718,11021
0,0.1718,11485
0,0.1718,11568
0,0.1718,12240
0,0.1718,12650
0,0.1718,16636
0,0.1718,18170
0,0.1718,20678
0,0.1718,21263
0,0.1718,27486
0,0.1718,31790
0,0.1718,35430
0,0.1718,43398
0,0.1718,434891
0,0.1718,513340
0,0.1718,524156
0,0.1718,800856
0,0.1718,810117
0,0.1718,912379
0,0.1718,956323
0,0.1718,317157307
0,0.1719,10385
0,0.1719,15905
0,0.1719,16794
0,0.1719,23382
0,0.1719,23619
0,0.1719,26455
0,0.1719,28058
0,0.1719,32772
0,0.1719,33075
0,0.1719,35725
0,0.1719,38413
0,0.1719,58481
0,0.1719,158774
0,0.1719,256844
0,0.1719,514405
0,0.1719,517481
0,0.1719,518194
0,0.1719,800578
0,0.1719,800596
0,0.1719,800809
0,0.1719,803310
0,0.1719,803829
0,0.1719,810863
0,0.1719,816644
0,0.1720,10497
0,0.1720,10531
0,0.1720,10879
0,0.1720,11199
0,0.1720,12405
0,0.1720,15997
0,0.1720,18504
0,0.1720,34972
0,0.1720,77245
0,0.1720,515775
0,0.1720,519363
0,0.1720,522992
0,0.1720,559141
0,0.1720,800175
0,0.1720,805647
0,0.1720,817096
0,0.1720,106822444
0,0.1720,418840426
0,0.1721,11416
0,0.1721,12065
0,0.1721,16862
0,0.1721,18568
0,0.1721,18779
0,0.1721,23025
0,0.1721,37921
0,0.1721,38389
0,0.1721,61921
0,0.1721,105436
0,0.1721,519230
0,0.1721,521662
0,0.1721,529572
0,0.1721,549508
0,0.1721,800181
0,0.1721,801287
0,0.1721,801715
0,0.1721,804530
0,0.1721,818961
0,0.1721,821311
0,0.1721,932684
0,0.1722,10479
0,0.1722,11254
0,0.1722,11486
0,0.1722,11821
0,0.1722,11967
0,0.1722,12506
0,0.1722,12730
0,0.1722,13456
0,0.1722,13526
0,0.1722,14881
0,0.1722,15568
0,0.1722,16659
0,0.1722,17823
0,0.1722,18686
0,0.1722,19334
0,0.1722,24558
0,0.1722,31719
0,0.1722,45969
0,0.1722,111777
0,0.1722,120929
0,0.1722,125550
0,0.1722,511881
0,0.1722,514045
0,0.1722,515757
0,0.1722,525731
0,0.1722,800062
0,0.1722,811623
0,0.1722,817974
0,0.1723,11027
0,0.1723,12318
0,0.1723,14041
0,0.1723,15858
0,0.1723,18921
0,0.1723,19935
0,0.1723,25939
0,0.1723,91663
0,0.1723,523564
0,0.1723,800102
0,0.1723,804078
0,0.1723,804288
0,0.1723,817096
0,0.1723,848955
0,0.1723,936810
0,0.1724,10041
0,0.1724,10241
0,0.1724,11155
0,0.1724,11319
0,0.1724,12733
0,0.1724,13411
0,0.1724,13760
0,0.1724,14610
0,0.1724,14954
0,0.1724,16781
0,0.1724,17156
0,0.1724,17301
0,0.1724,18020
0,0.1724,18937
0,0.1724,18953
0,0.1724,19569
0,0.1724,24866
0,0.1724,25598
0,0.1724,28674
0,0.1724,32762
0,0.1724,135801
0,0.1724,512390
0,0.1724,537027
0,0.1724,555238
0,0.1724,800048
0,0.1724,816439
0,0.1724,827683
0,0.1724,903574
0,0.1725,10159
0,0.1725,11038
0,0.1725,11584
0,0.1725,13613
0,0.1725,28093
0,0.1725,29625
0,0.1725,37142
0,0.1725,37859
0,0.1725,41054
0,0.1725,60175
0,0.1725,166528
0,0.1725,518443
0,0.1725,518461
0,0.1725,518835
0,0.1725,519717
0,0.1725,800589
0,0.1725,801295
0,0.1725,809935
0,0.1725,811415
0,0.1725,813264
0,0.1725,861290
0,0.1725,906663
0,0.1726,10205
0,0.1726,11373
0,0.1726,11874
0,0.1726,11948
0,0.1726,12398
0,0.1726,12503
0,0.1726,14227
0,0.1726,15362
0,0.1726,18415
0,0.1726,27413
0,0.1726,34625
0,0.1726,512825
0,0.1726,529519
0,0.1726,530151
0,0.1726,532909
0,0.1726,534419
0,0.1726,801492
0,0.1726,801497
0,0.1726,902501
0,0.1726,1050014552
0,0.1727,10110
0,0.1727,11312
0,0.1727,11607
0,0.1727,12590
0,0.1727,13551
0,0.1727,19283
0,0.1727,23325
0,0.1727,26666
0,0.1727,34135
0,0.1727,46871
0,0.1727,52728
0,0.1727,53290
0,0.1727,61398
0,0.1727,65458
0,0.1727,94433
0,0.1727,512077
0,0.1727,512911
0,0.1727,514853
0,0.1727,517501
0,0.1727,519818
0,0.1727,520087
0,0.1727,526298
0,0.1727,529488
0,0.1727,800976
0,0.1727,801998
0,0.1727,802324
0,0.1727,803804
0,0.1727,804848
0,0.1727,815281
0,0.1728,10120
0,0.1728,10555
0,0.1728,12001
0,0.1728,16493
0,0.1728,22884
0,0.1728,26601
0,0.1728,39847
0,0.1728,53858
0,0.1728,55124
0,0.1728,58517
0,0.1728,512581
0,0.1728,513463
0,0.1728,514988
0,0.1728,523392
0,0.1728,527318
0,0.1728,556286
0,0.1728,800456
0,0.1728,801861
0,0.1728,821058
0,0.1728,932796
0,0.1729,12838
0,0.1729,15731
0,0.1729,15891
0,0.1729,18226
0,0.1729,18391
0,0.1729,44648
0,0.1729,515072
0,0.1729,522410
0,0.1729,527350
0,0.1729,558854
0,0.1729,559554
0,0.1729,800214
0,0.1729,800412
0,0.1729,803599
0,0.1729,803999
0,0.1729,805822
0,0.1730,10044
0,0.1730,10285
0,0.1730,11008
0,0.1730,11387
0,0.1730,14061
0,0.1730,14315
0,0.1730,27296
0,0.1730,28469
0,0.1730,57240
0,0.1730,98544
0,0.1730,519840
0,0.1730,521928
0,0.1730,523675
0,0.1730,800724
0,0.1731,10119
0,0.1731,10150
0,0.1731,11614
0,0.1731,12907
0,0.1731,13134
0,0.1731,13432
0,0.1731,15939
0,0.1731,40045
0,0.1731,154893
0,0.1731,172666
0,0.1731,512903
0,0.1731,513033
0,0.1731,547701
0,0.1731,555498
0,0.1731,801077
0,0.1731,801148
0,0.1731,802855
0,0.1731,810307
0,0.1731,816439
0,0.1731,830766
0,0.1731,903679
0,0.1731,932322
0,0.1732,10428
0,0.1732,10543
0,0.1732,11785
0,0.1732,14206
0,0.1732,15514
0,0.1732,17931
0,0.1732,37110
0,0.1732,60685
0,0.1732,511828
0,0.1732,519399
0,0.1732,800613
0,0.1732,801757
0,0.1732,802461
0,0.1732,802652
0,0.1732,905003
0,0.1733,10109
0,0.1733,10222
0,0.1733,13984
0,0.1733,17276
0,0.1733,28010
0,0.1733,30891
0,0.1733,42483
0,0.1733,48982
0,0.1733,58909
0,0.1733,59387
0,0.1733,114858
0,0.1733,800070
0,0.1734,10319
0,0.1734,10663
0,0.1734,10811
0,0.1734,12767
0,0.1734,12923
0,0.1734,13800
0,0.1734,15151
0,0.1734,17086
0,0.1734,17691
0,0.1734,18932
0,0.1734,25792
0,0.1734,28589
0,0.1734,34700
0,0.1734,39262
0,0.1734,42997
0,0.1734,45118
0,0.1734,63027
0,0.1734,63923
0,0.1734,68889
0,0.1734,234890
0,0.1734,530435
0,0.1734,549805
0,0.1734,801564
0,0.1734,905259
0,0.1734,907558
0,0.1735,11750
0,0.1735,11878
0,0.1735,12327
0,0.1735,13259
0,0.1735,24126
0,0.1735,24232
0,0.1735,25330
0,0.1735,515877
0,0.1735,517548
0,0.1735,523776
0,0.1735,530880
0,0.1735,800093
0,0.1735,802964
0,0.1735,827683
0,0.1735,903642
0,0.1735,905312
0,0.1736,10290
0,0.1736,11201
0,0.1736,11663
0,0.1736,13559
0,0.1736,13740
0,0.1736,17835
0,0.1736,37125
0,0.1736,38272
0,0.1736,223967
0,0.1736,505338
0,0.1736,800041
0,0.1736,801349
0,0.1736,801841
0,0.1736,803566
0,0.1736,803982
0,0.1736,804556
0,0.1736,806297
0,0.1736,839612
0,0.1736,903450
0,0.1736,905077
0,0.1736,906092
0,0.1737,10278
0,0.1737,11131
0,0.1737,12343
0,0.1737,12726
0,0.1737,13101
0,0.1737,13442
0,0.1737,13932
0,0.1737,14014
0,0.1737,14434
0,0.1737,19036
0,0.1737,29713
0,0.1737,71547
0,0.1737,89621
0,0.1737,517257
0,0.1737,519365
0,0.1737,520034
0,0.1737,521203
0,0.1737,522746
0,0.1737,555769
0,0.1737,571508
0,0.1737,801816
0,0.1737,802124
0,0.1737,803129
0,0.1737,821201
0,0.1737,904022
0,0.1737,906622
0,0.1738,10051
0,0.1738,10080
0,0.1738,10414
0,0.1738,12252
0,0.1738,13151
0,0.1738,14093
0,0.1738,19720
0,0.1738,23601
0,0.1738,36691
0,0.1738,45288
0,0.1738,63122
0,0.1738,81417
0,0.1738,168670
0,0.1738,512236
0,0.1738,517512
0,0.1738,531732
0,0.1738,539151
0,0.1738,800718
0,0.1738,806362
0,0.1738,814430
0,0.1738,842520
0,0.1738,910588
0,0.1739,10282
0,0.1739,12015
0,0.1739,13768
0,0.1739,19218
0,0.1739,39880
0,0.1739,73397
0,0.1739,512750
0,0.1739,516256
0,0.1739,534534
0,0.1739,800167
0,0.1739,800369
0,0.1739,806253
0,0.1739,817565
0,0.1740,10855
0,0.1740,10997
0,0.1740,12109
0,0.1740,13281
0,0.1740,19274
0,0.1740,95057
0,0.1740,109626
0,0.1740,518938
0,0.1740,519616
0,0.1740,524432
0,0.1740,529029
0,0.1740,801375
0,0.1740,804158
0,0.1740,804500
0,0.1740,808453
0,0.1740,818987
0,0.1740,926518
0,0.1740,935007
0,0.1740,939961
0,0.1741,10224
0,0.1741,14765
0,0.1741,15360
0,0.1741,16093
0,0.1741,18588
0,0.1741,27737
0,0.1741,37196
0,0.1741,39368
0,0.1741,519692
0,0.1741,523843
0,0.1741,800495
0,0.1741,808112
0,0.1741,818961
0,0.1741,776770294
0,0.1742,11338
0,0.1742,12151
0,0.1742,13628
0,0.1742,16127
0,0.1742,17408
0,0.1742,18054
0,0.1742,30371
0,0.1742,34767
0,0.1742,34896
0,0.1742,39753
0,0.1742,42509
0,0.1742,47438
0,0.1742,49243
0,0.1742,53078
0,0.1742,258715
0,0.1742,514579
0,0.1742,515950
0,0.1742,522465
0,0.1742,522753
0,0.1742,523379
0,0.1742,531862
0,0.1742,802793
0,0.1742,803704
0,0.1742,807259
0,0.1742,816439
0,0.1742,818085
0,0.1742,830025
0,0.1742,830766
0,0.1743,10122
0,0.1743,10830
0,0.1743,10959
0,0.1743,14194
0,0.1743,15351
0,0.1743,15484
0,0.1743,16081
0,0.1743,18601
0,0.1743,20144
0,0.1743,21191
0,0.1743,26309
0,0.1743,26665
0,0.1743,29207
0,0.1743,56560
0,0.1743,58730
0,0.1743,104220
0,0.1743,137497
0,0.1743,513111
0,0.1743,518540
0,0.1743,522738
0,0.1743,529408
0,0.1743,530449
0,0.1743,800757
0,0.1743,810762
0,0.1743,811999
0,0.1743,824034
0,0.1743,908143
0,0.1743,946767
0,0.1744,10040
0,0.1744,10969
0,0.1744,13817
0,0.1744,13922
0,0.1744,14192
0,0.1744,14207
0,0.1744,20818
0,0.1744,36295
0,0.1744,38085
0,0.1744,41171
0,0.1744,48914
0,0.1744,50228
0,0.1744,85686
0,0.1744,89801
0,0.1744,518309
0,0.1744,518541
0,0.1744,532747
0,0.1744,800082
0,0.1744,801164
0,0.1744,801467
0,0.1744,801970
0,0.1744,802296
0,0.1744,802490
0,0.1744,803996
0,0.1744,804435
0,0.1744,808845
0,0.1744,817096
0,0.1744,823598
0,0.1745,10050
0,0.1745,10707
0,0.1745,10950
0,0.1745,12104
0,0.1745,14224
0,0.1745,14947
0,0.1745,16687
0,0.1745,19802
0,0.1745,28791
0,0.1745,31454
0,0.1745,33969
0,0.1745,36812
0,0.1745,41428
0,0.1745,44850
0,0.1745,48146
0,0.1745,54285
0,0.1745,66976
0,0.1745,77014
0,0.1745,513274
0,0.1745,516110
0,0.1745,520390
0,0.1745,525354
0,0.1745,549024
0,0.1745,559506
0,0.1745,800527
0,0.1745,801105
0,0.1745,804445
0,0.1746,10184
0,0.1746,11363
0,0.1746,11497
0,0.1746,13692
0,0.1746,17131
0,0.1746,17485
0,0.1746,17696
0,0.1746,28184
0,0.1746,29379
0,0.1746,29535
0,0.1746,34187
0,0.1746,55576
0,0.1746,199331
0,0.1746,210670
0,0.1746,512319
0,0.1746,515091
0,0.1746,515933
0,0.1746,527509
0,0.1746,555259
0,0.1746,800477
0,0.1746,801828
0,0.1746,801895
0,0.1746,804398
0,0.1746,806537
0,0.1747,10168
0,0.1747,10540
0,0.1747,14486
0,0.1747,19982
0,0.1747,22900
0,0.1747,41598
0,0.1747,54011
0,0.1747,68658
0,0.1747,513644
0,0.1747,800851
0,0.1747,801090
0,0.1747,804299
0,0.1747,981789985
0,0.1748,10099
0,0.1748,10332
0,0.1748,10638
0,0.1748,11688
0,0.1748,12572
0,0.1748,13158
0,0.1748,13877
0,0.1748,14089
0,0.1748,14464
0,0.1748,14828
0,0.1748,18156
0,0.1748,18419
0,0.1748,18744
0,0.1748,20185
0,0.1748,20189
0,0.1748,21609
0,0.1748,22185
0,0.1748,25045
0,0.1748,31408
0,0.1748,94239
0,0.1748,512513
0,0.1748,520188
0,0.1748,520817
0,0.1748,523506
0,0.1748,525062
0,0.1748,529512
0,0.1748,800042
0,0.1748,800501
0,0.1748,801346
0,0.1748,803925
0,0.1748,805606
0,0.1748,806172
0,0.1748,902343
0,0.1748,956305
0,0.1748,317157307
0,0.1748,1137406009
0,0.1749,10336
0,0.1749,10967
0,0.1749,11921
0,0.1749,12358
0,0.1749,12542
0,0.1749,14134
0,0.1749,16761
0,0.1749,17938
0,0.1749,21646
0,0.1749,40300
0,0.1749,50444
0,0.1749,54440
0,0.1749,66209
0,0.1749,111660
0,0.1749,485278
0,0.1749,513283
0,0.1749,518604
0,0.1749,519720
0,0.1749,521236
0,0.1749,800638
0,0.1749,902304
0,0.1749,904983
0,0.1750,10169
0,0.1750,11200
0,0.1750,11327
0,0.1750,11915
0,0.1750,13033
0,0.1750,13563
0,0.1750,15382
0,0.1750,16438
0,0.1750,17419
0,0.1750,19089
0,0.1750,21719
0,0.1750,22504
0,0.1750,24016
0,0.1750,25359
0,0.1750,33038
0,0.1750,38316
0,0.1750,43113
0,0.1750,44005
0,0.1750,50250
0,0.1750,51764
0,0.1750,358032
0,0.1750,513827
0,0.1750,802160
0,0.1750,803330
0,0.1750,803756
0,0.1750,810241
0,0.1750,820174
0,0.1750,824830
0,0.1751,10242
0,0.1751,10356
0,0.1751,10652
0,0.1751,11618
0,0.1751,11712
0,0.1751,13607
0,0.1751,15273
0,0.1751,15850
0,0.1751,19189
0,0.1751,21918
0,0.1751,22122
0,0.1751,22240
0,0.1751,24227
0,0.1751,35532
0,0.1751,36499
0,0.1751,37595
0,0.1751,144787
0,0.1751,515289
0,0.1751,518937
0,0.1751,520194
0,0.1751,800376
0,0.1751,800605
0,0.1751,801133
0,0.1751,802145
0,0.1751,803721
0,0.1751,814323
0,0.1751,820174
0,0.1751,820191
0,0.1752,10175
0,0.1752,11311
0,0.1752,14714
0,0.1752,17790
0,0.1752,29322
0,0.1752,30310
0,0.1752,30801
0,0.1752,174420
0,0.1752,511862
0,0.1752,521536
0,0.1752,522428
0,0.1752,549098
0,0.1752,800158
0,0.1752,800203
0,0.1752,805135
0,0.1752,908747
0,0.1753,10378
0,0.1753,13824
0,0.1753,13864
0,0.1753,14263
0,0.1753,14387
0,0.1753,16105
0,0.1753,18463
0,0.1753,19158
0,0.1753,19760
0,0.1753,24776
0,0.1753,25763
0,0.1753,30108
0,0.1753,32258
0,0.1753,32616
0,0.1753,47754
0,0.1753,56362
0,0.1753,441056
0,0.1753,520115
0,0.1753,521698
0,0.1753,522857
0,0.1753,524968
0,0.1753,555340
0,0.1753,800438
0,0.1753,809862
0,0.1753,954981
0,0.1754,10137
0,0.1754,10914
0,0.1754,12532
0,0.1754,18915
0,0.1754,24094
0,0.1754,26718
0,0.1754,34576
0,0.1754,38315
0,0.1754,39813
0,0.1754,53639
0,0.1754,57243
0,0.1754,512002
0,0.1754,517847
0,0.1754,521126
0,0.1754,555502
0,0.1754,800391
0,0.1754,800800
0,0.1754,805265
0,0.1755,10661
0,0.1755,11324
0,0.1755,11375
0,0.1755,11570
0,0.1755,11947
0,0.1755,14127
0,0.1755,14482
0,0.1755,15535
0,0.1755,15955
0,0.1755,18712
0,0.1755,36492
0,0.1755,65657
0,0.1755,102545
0,0.1755,234867
0,0.1755,516927
0,0.1755,521745
0,0.1755,559410
0,0.1755,580970
0,0.1755,804128
0,0.1755,827683
0,0.1755,905528
0,0.1756,10564
0,0.1756,10994
0,0.1756,11495
0,0.1756,12006
0,0.1756,13013
0,0.1756,17094
0,0.1756,17878
0,0.1756,21353
0,0.1756,24580
0,0.1756,30233
0,0.1756,36702
0,0.1756,48096
0,0.1756,53086
0,0.1756,60241
0,0.1756,145530
0,0.1756,517763
0,0.1756,521675
0,0.1756,800890
0,0.1756,801267
0,0.1756,817565
0,0.1756,936838
0,0.1757,11280
0,0.1757,11419
0,0.1757,12037
0,0.1757,13258
0,0.1757,14029
0,0.1757,14060
0,0.1757,15176
0,0.1757,17272
0,0.1757,17825
0,0.1757,22291
0,0.1757,37058
0,0.1757,38926
0,0.1757,61243
0,0.1757,80175
0,0.1757,83621
0,0.1757,106104
0,0.1757,195264
0,0.1757,392714
0,0.1757,519144
0,0.1757,531334
0,0.1757,801116
0,0.1757,803305
0,0.1757,805657
0,0.1757,807874
0,0.1757,821311
0,0.1757,952874
0,0.1758,10593
0,0.1758,15117
0,0.1758,15924
0,0.1758,24382
0,0.1758,25184
0,0.1758,26417
0,0.1758,30664
0,0.1758,37929
0,0.1758,44816
0,0.1758,57935
0,0.1758,72491
0,0.1758,518937
0,0.1758,525510
0,0.1758,537899
0,0.1758,800343
0,0.1758,801507
0,0.1758,813076
0,0.1758,817047
0,0.1758,817684
0,0.1758,903425
0,0.1759,10816
0,0.1759,11893
0,0.1759,13274
0,0.1759,14011
0,0.1759,19616
0,0.1759,23273
0,0.1759,23513
0,0.1759,30660
0,0.1759,33444
0,0.1759,33488
0,0.1759,37221
0,0.1759,38858
0,0.1759,76194
0,0.1759,77709
0,0.1759,83143
0,0.1759,513968
0,0.1759,514489
0,0.1759,514546
0,0.1759,520210
0,0.1759,524610
0,0.1759,526521
0,0.1759,531557
0,0.1759,800307
0,0.1759,802477
0,0.1759,802958
0,0.1759,804386
0,0.1759,902282
0,0.1759,902789
0,0.1759,903107
0,0.1760,10114
0,0.1760,10202
0,0.1760,10295
0,0.1760,10781
0,0.1760,10961
0,0.1760,12654
0,0.1760,12809
0,0.1760,12908
0,0.1760,13018
0,0.1760,13537
0,0.1760,14559
0,0.1760,14912
0,0.1760,19025
0,0.1760,26412
0,0.1760,29952
0,0.1760,77481
0,0.1760,247112
0,0.1760,511823
0,0.1760,512858
0,0.1760,524655
0,0.1760,529385
0,0.1760,530790
0,0.1760,800554
0,0.1760,802147
0,0.1760,803732
0,0.1760,803929
0,0.1760,805517
0,0.1760,806427
0,0.1760,808183
0,0.1761,12297
0,0.1761,12605
0,0.1761,12732
0,0.1761,13007
0,0.1761,13371
0,0.1761,13428
0,0.1761,14063
0,0.1761,14223
0,0.1761,15110
0,0.1761,17554
0,0.1761,18779
0,0.1761,21692
0,0.1761,222154
0,0.1761,392714
0,0.1761,514045
0,0.1761,520820
0,0.1761,580802
0,0.1761,828718
0,0.1761,873387
0,0.1761,904423
0,0.1762,10494
0,0.1762,13307
0,0.1762,13450
0,0.1762,15024
0,0.1762,15244
0,0.1762,15713
0,0.1762,17402
0,0.1762,20298
0,0.1762,22870
0,0.1762,54602
0,0.1762,513630
0,0.1762,529422
0,0.1762,806144
0,0.1762,955135
0,0.1763,10617
0,0.1763,12716
0,0.1763,13434
0,0.1763,15458
0,0.1763,16579
0,0.1763,17454
0,0.1763,18504
0,0.1763,22709
0,0.1763,29009
0,0.1763,38190
0,0.1763,40617
0,0.1763,60774
0,0.1763,160440
0,0.1763,800719
0,0.1763,907803
0,0.1764,10209
0,0.1764,10677
0,0.1764,10777
0,0.1764,10847
0,0.1764,11142
0,0.1764,14276
0,0.1764,15001
0,0.1764,15487
0,0.1764,18343
0,0.1764,27111
0,0.1764,30935
0,0.1764,52756
0,0.1764,512927
0,0.1764,521814
0,0.1764,524761
0,0.1764,531708
0,0.1764,802755
0,0.1764,803013
0,0.1764,824034
0,0.1764,904184
0,0.1764,906612
0,0.1765,10515
0,0.1765,11377
0,0.1765,12176
0,0.1765,15290
0,0.1765,15361
0,0.1765,24701
0,0.1765,29093
0,0.1765,31681
0,0.1765,34949
0,0.1765,35743
0,0.1765,42404
0,0.1765,514596
0,0.1765,555344
0,0.1765,556539
0,0.1765,808217
0,0.1765,827678
0,0.1765,907728
0,0.1765,981789985
0,0.1766,10673
0,0.1766,11302
0,0.1766,11896
0,0.1766,11923
0,0.1766,13303
0,0.1766,13317
0,0.1766,13830
0,0.1766,14071
0,0.1766,16370
0,0.1766,21128
0,0.1766,26284
0,0.1766,514405
0,0.1766,522752
0,0.1766,800126
0,0.1766,800134
0,0.1766,905849
0,0.1766,776770294
0,0.1767,10285
0,0.1767,10341
0,0.1767,11021
0,0.1767,12272
0,0.1767,12506
0,0.1767,12976
0,0.1767,16465
0,0.1767,18790
0,0.1767,29969
0,0.1767,32161
0,0.1767,33067
0,0.1767,41688
0,0.1767,56308
0,0.1767,67864
0,0.1767,76219
0,0.1767,76486
0,0.1767,291345
0,0.1767,512165
0,0.1767,520016
0,0.1767,524133
0,0.1767,549229
0,0.1767,800856
0,0.1767,801148
0,0.1767,805165
0,0.1767,906228
0,0.1768,11900
0,0.1768,12067
0,0.1768,12584
0,0.1768,13179
0,0.1768,15059
0,0.1768,15423
0,0.1768,16275
0,0.1768,16794
0,0.1768,521075
0,0.1768,521240
0,0.1768,524136
0,0.1768,531769
0,0.1768,804958
0,0.1768,809886
0,0.1768,812884
0,0.1768,818987
0,0.1768,849272
0,0.1768,1137406009
0,0.1769,10165
0,0.1769,10185
0,0.1769,11255
0,0.1769,11428
0,0.1769,12933
0,0.1769,13228
0,0.1769,13863
0,0.1769,15393
0,0.1769,15605
0,0.1769,522744
0,0.1769,523786
0,0.1769,555727
0,0.1769,803924
0,0.1769,808551
0,0.1769,811796
0,0.1769,830766
0,0.1769,848955
0,0.1769,864655
0,0.1769,903250
0,0.1769,956323
0,0.1770,10497
0,0.1770,11161
0,0.1770,12125
0,0.1770,12411
0,0.1770,12900
0,0.1770,13751
0,0.1770,15782
0,0.1770,16178
0,0.1770,22090
0,0.1770,29637
0,0.1770,38706
0,0.1770,38835
0,0.1770,58394
0,0.1770,88651
0,0.1770,515062
0,0.1770,521241
0,0.1770,800183
0,0.1770,801242
0,0.1770,802544
0,0.1770,804835
0,0.1770,808829
0,0.1770,817047
0,0.1770,819089
0,0.1770,848955
0,0.1770,909612
0,0.1770,933157
0,0.1771,13631
0,0.1771,16440
0,0.1771,20468
0,0.1771,28633
0,0.1771,96692
0,0.1771,513284
0,0.1771,517256
0,0.1771,521747
0,0.1771,800504
0,0.1771,801658
0,0.1771,802558
0,0.1771,802662
0,0.1772,10490
0,0.1772,12159
0,0.1772,12259
0,0.1772,13079
0,0.1772,14863
0,0.1772,14966
0,0.1772,15149
0,0.1772,22530
0,0.1772,40798
0,0.1772,49464
0,0.1772,94555
0,0.1772,125794
0,0.1772,235061
0,0.1772,522789
0,0.1772,524224
0,0.1772,527048
0,0.1772,801491
0,0.1772,803241
0,0.1772,803339
0,0.1772,821882
0,0.1773,10599
0,0.1773,10692
0,0.1773,15914
0,0.1773,17244
0,0.1773,17671
0,0.1773,18940
0,0.1773,19488
0,0.1773,35109
0,0.1773,38425
0,0.1773,39657
0,0.1773,45024
0,0.1773,138056
0,0.1773,522828
0,0.1773,802955
0,0.1773,815205
0,0.1773,818085
0,0.1773,818399
0,0.1773,820434
0,0.1773,828718
0,0.1774,10138
0,0.1774,11210
0,0.1774,11723
0,0.1774,12651
0,0.1774,13305
0,0.1774,14697
0,0.1774,15680
0,0.1774,16862
0,0.1774,20715
0,0.1774,21637
0,0.1774,24511
0,0.1774,27237
0,0.1774,28622
0,0.1774,79464
0,0.1774,82899
0,0.1774,215209
0,0.1774,512460
0,0.1774,522715
0,0.1774,801561
0,0.1774,809979
0,0.1774,813291
0,0.1774,814353
0,0.1775,10691
0,0.1775,14074
0,0.1775,14694
0,0.1775,14736
0,0.1775,17764
0,0.1775,29957
0,0.1775,125111
0,0.1775,142802
0,0.1775,520773
0,0.1775,527427
0,0.1775,530878
0,0.1775,800910
0,0.1775,802307
0,0.1775,803168
0,0.1775,809029
0,0.1775,812134
0,0.1776,10376
0,0.1776,10852
0,0.1776,11586
0,0.1776,11806
0,0.1776,13985
0,0.1776,14664
0,0.1776,17322
0,0.1776,23325
0,0.1776,23659
0,0.1776,32825
0,0.1776,91391
0,0.1776,117741
0,0.1776,222777
0,0.1776,519132
0,0.1776,523022
0,0.1776,800725
0,0.1776,803318
0,0.1776,806496
0,0.1776,811406
0,0.1777,10072
0,0.1777,10265
0,0.1777,11420
0,0.1777,12046
0,0.1777,14881
0,0.1777,14997
0,0.1777,16551
0,0.1777,16879
0,0.1777,17155
0,0.1777,18437
0,0.1777,32040
0,0.1777,43695
0,0.1777,44250
0,0.1777,45134
0,0.1777,46429
0,0.1777,512156
0,0.1777,514361
0,0.1777,517202
0,0.1777,522809
0,0.1777,543158
0,0.1777,556346
0,0.1777,812633
0,0.1777,903727
0,0.1778,10288
0,0.1778,10447
0,0.1778,11693
0,0.1778,12606
0,0.1778,15209
0,0.1778,16175
0,0.1778,27308
0,0.1778,30873
0,0.1778,36704
0,0.1778,70651
0,0.1778,85527
0,0.1778,511757
0,0.1778,514410
0,0.1778,529519
0,0.1778,530875
0,0.1778,803033
0,0.1778,809397
0,0.1779,13219
0,0.1779,14766
0,0.1779,20755
0,0.1779,23602
0,0.1779,25939
0,0.1779,30331
0,0.1779,33316
0,0.1779,39082
0,0.1779,131748
0,0.1779,383941
0,0.1779,511778
0,0.1779,512947
0,0.1779,516433
0,0.1779,517464
0,0.1779,521256
0,0.1779,800505
0,0.1779,800618
0,0.1779,807312
0,0.1779,821201
0,0.1779,831621
0,0.1779,902553
0,0.1779,905507
0,0.1779,1050687371
0,0.1780,11717
0,0.1780,13363
0,0.1780,13576
0,0.1780,13759
0,0.1780,13771
0,0.1780,14137
0,0.1780,17173
0,0.1780,31923
0,0.1780,48491
0,0.1780,55258
0,0.1780,58532
0,0.1780,200001
0,0.1780,512456
0,0.1780,517601
0,0.1780,519866
0,0.1780,521409
0,0.1780,523684
0,0.1780,801670
0,0.1780,803440
0,0.1780,805185
0,0.1780,805213
0,0.1780,903947
0,0.1780,1052043704
0,0.1781,10539
0,0.1781,10719
0,0.1781,11174
0,0.1781,15929
0,0.1781,18125
0,0.1781,23826
0,0.1781,24246
0,0.1781,70298
0,0.1781,518194
0,0.1781,520236
0,0.1781,522354
0,0.1781,522387
0,0.1781,524717
0,0.1781,533761
0,0.1781,559335
0,0.1781,800959
0,0.1781,801210
0,0.1781,803562
0,0.1781,810296
0,0.1781,1111554233
0,0.1782,10941
0,0.1782,11699
0,0.1782,13559
0,0.1782,23619
0,0.1782,23854
0,0.1782,39462
0,0.1782,71877
0,0.1782,84901
0,0.1782,85715
0,0.1782,524733
0,0.1782,805555
0,0.1782,807924
0,0.1782,817261
0,0.1782,905011
0,0.1783,10446
0,0.1783,10658
0,0.1783,10704
0,0.1783,10917
0,0.1783,11888
0,0.1783,12398
0,0.1783,12575
0,0.1783,14434
0,0.1783,14686
0,0.1783,15674
0,0.1783,16145
0,0.1783,16705
0,0.1783,16754
0,0.1783,23654
0,0.1783,30537
0,0.1783,33032
0,0.1783,34452
0,0.1783,40046
0,0.1783,51555
0,0.1783,57381
0,0.1783,517548
0,0.1783,520581
0,0.1783,802080
0,0.1783,905709
0,0.1783,956305
0,0.1784,14643
0,0.1784,15657
0,0.1784,15964
0,0.1784,17726
0,0.1784,21849
0,0.1784,23601
0,0.1784,30807
0,0.1784,32474
0,0.1784,41801
0,0.1784,47922
0,0.1784,62207
0,0.1784,512521
0,0.1784,513146
0,0.1784,515578
0,0.1784,517852
0,0.1784,521374
0,0.1784,522734
0,0.1784,523675
0,0.1784,556038
0,0.1784,809492
0,0.1785,10150
0,0.1785,10299
0,0.1785,10689
0,0.1785,10802
0,0.1785,10969
0,0.1785,11030
0,0.1785,11243
0,0.1785,11710
0,0.1785,15496
0,0.1785,18749
0,0.1785,19618
0,0.1785,29135
0,0.1785,31633
0,0.1785,58481
0,0.1785,80674
0,0.1785,139178
0,0.1785,206739
0,0.1785,514696
0,0.1785,533293
0,0.1785,801998
0,0.1785,918582
0,0.1786,10133
0,0.1786,11306
0,0.1786,11606
0,0.1786,12445
0,0.1786,12491
0,0.1786,14428
0,0.1786,14523
0,0.1786,14727
0,0.1786,15212
0,0.1786,15514
0,0.1786,16652
0,0.1786,16781
0,0.1786,20272
0,0.1786,20774
0,0.1786,20831
0,0.1786,25780
0,0.1786,27893
0,0.1786,29806
0,0.1786,31777
0,0.1786,36235
0,0.1786,40390
0,0.1786,511828
0,0.1786,520217
0,0.1786,801189
0,0.1786,802174
0,0.1786,806433
0,0.1786,902512
0,0.1786,906758
0,0.1786,932321
0,0.1786,1053174360
0,0.1787,10099
0,0.1787,10307
0,0.1787,10977
0,0.1787,11751
0,0.1787,13728
0,0.1787,13947
0,0.1787,16473
0,0.1787,16706
0,0.1787,17325
0,0.1787,24741
0,0.1787,43445
0,0.1787,47802
0,0.1787,48638
0,0.1787,67789
0,0.1787,100420
0,0.1787,209688
0,0.1787,234890
0,0.1787,364582
0,0.1787,521206
0,0.1787,804514
0,0.1787,810626
0,0.1787,903159
0,0.1787,904639
0,0.1787,981789985
0,0.1788,11711
0,0.1788,11772
0,0.1788,12396
0,0.1788,12696
0,0.1788,16978
0,0.1788,18278
0,0.1788,19068
0,0.1788,19440
0,0.1788,20600
0,0.1788,21932
0,0.1788,22084
0,0.1788,23281
0,0.1788,76635
0,0.1788,184704
0,0.1788,294178
0,0.1788,516098
0,0.1788,527409
0,0.1788,804899
0,0.1788,809401
0,0.1788,817089
0,0.1789,10041
0,0.1789,10290
0,0.1789,10420
0,0.1789,11402
0,0.1789,11805
0,0.1789,13360
0,0.1789,13442
0,0.1789,14705
0,0.1789,16249
0,0.1789,18599
0,0.1789,26798
0,0.1789,36780
0,0.1789,94433
0,0.1789,519865
0,0.1789,520863
0,0.1789,524429
0,0.1789,800159
0,0.1789,802092
0,0.1789,823262
0,0.1789,905313
0,0.1789,954981
0,0.1790,10097
0,0.1790,10323
0,0.1790,11318
0,0.1790,11902
0,0.1790,12104
0,0.1790,16274
0,0.1790,21053
0,0.1790,24050
0,0.1790,34252
0,0.1790,39739
0,0.1790,61398
0,0.1790,520081
0,0.1790,521063
0,0.1790,531768
0,0.1790,532010
0,0.1790,800041
0,0.1791,10687
0,0.1791,10825
0,0.1791,11199
0,0.1791,11819
0,0.1791,12644
0,0.1791,14756
0,0.1791,22276
0,0.1791,36253
0,0.1791,55269
0,0.1791,64180
0,0.1791,64607
0,0.1791,512314
0,0.1791,515735
0,0.1791,519761
0,0.1791,520816
0,0.1791,523863
0,0.1791,537135
0,0.1791,802580
0,0.1791,805532
0,0.1791,808464
0,0.1791,808926
0,0.1791,812323
0,0.1791,904624
0,0.1791,957328
0,0.1791,214700177
0,0.1792,10269
0,0.1792,10566
0,0.1792,11631
0,0.1792,15124
0,0.1792,16315
0,0.1792,16642
0,0.1792,27937
0,0.1792,33962
0,0.1792,37474
0,0.1792,54764
0,0.1792,58331
0,0.1792,81228
0,0.1792,517881
0,0.1792,520817
0,0.1792,800157
0,0.1792,800474
0,0.1792,800536
0,0.1792,802261
0,0.1792,803070
0,0.1792,805229
0,0.1792,811215
0,0.1792,817047
0,0.1792,900035
0,0.1793,10100
0,0.1793,10204
0,0.1793,11665
0,0.1793,12065
0,0.1793,14428
0,0.1793,16210
0,0.1793,19498
0,0.1793,19767
0,0.1793,19921
0,0.1793,30504
0,0.1793,36730
0,0.1793,42191
0,0.1793,71209
0,0.1793,514547
0,0.1793,518330
0,0.1793,526612
0,0.1793,544496
0,0.1793,802486
0,0.1793,802987
0,0.1793,806013
0,0.1793,810345
0,0.1793,839612
0,0.1794,10011
0,0.1794,10974
0,0.1794,11540
0,0.1794,11618
0,0.1794,22852
0,0.1794,37997
0,0.1794,38853
0,0.1794,60466
0,0.1794,119860
0,0.1794,519722
0,0.1794,520642
0,0.1794,522754
0,0.1794,800691
0,0.1794,800724
0,0.1794,800760
0,0.1794,801295
0,0.1794,830766
0,0.1794,1050045395
0,0.1795,10243
0,0.1795,10863
0,0.1795,11103
0,0.1795,11903
0,0.1795,12686
0,0.1795,14869
0,0.1795,17109
0,0.1795,25318
0,0.1795,52352
0,0.1795,81201
0,0.1795,152496
0,0.1795,517255
0,0.1795,518112
0,0.1795,519840
0,0.1795,522762
0,0.1795,540383
0,0.1795,553194
0,0.1795,800578
0,0.1795,800827
0,0.1795,801713
0,0.1795,906365
0,0.1795,1050014552
0,0.1796,10110
0,0.1796,10226
0,0.1796,10604
0,0.1796,11032
0,0.1796,11603
0,0.1796,11638
0,0.1796,12487
0,0.1796,13151
0,0.1796,16087
0,0.1796,20818
0,0.1796,29292
0,0.1796,30981
0,0.1796,35196
0,0.1796,303314
0,0.1796,516369
0,0.1796,518488
0,0.1796,534361
0,0.1796,536208
0,0.1796,804663
0,0.1796,808572
0,0.1796,822728
0,0.1797,11634
0,0.1797,12547
0,0.1797,12872
0,0.1797,13460
0,0.1797,13613
0,0.1797,14424
0,0.1797,16536
0,0.1797,18778
0,0.1797,20402
0,0.1797,22240
0,0.1797,27296
0,0.1797,37265
0,0.1797,54462
0,0.1797,130279
0,0.1797,514362
0,0.1797,517512
0,0.1797,802223
0,0.1797,823262
0,0.1798,10167
0,0.1798,12454
0,0.1798,13640
0,0.1798,14667
0,0.1798,16734
0,0.1798,21688
0,0.1798,38338
0,0.1798,39253
0,0.1798,98544
0,0.1798,137495
0,0.1798,287884
0,0.1798,513646
0,0.1798,515221
0,0.1798,814115
0,0.1799,10047
0,0.1799,10051
0,0.1799,11221
0,0.1799,11253
0,0.1799,11263
0,0.1799,11357
0,0.1799,11651
0,0.1799,18585
0,0.1799,22441
0,0.1799,45340
0,0.1799,48846
0,0.1799,50975
0,0.1799,57559
0,0.1799,513463
0,0.1799,514277
0,0.1799,520337
0,0.1799,530880
0,0.1799,555713
0,0.1800,12194
0,0.1800,12650
0,0.1800,13312
0,0.1800,13760
0,0.1800,15325
0,0.1800,15616
0,0.1800,16430
0,0.1800,18419
0,0.1800,24922
0,0.1800,31735
0,0.1800,32258
0,0.1800,87111
0,0.1800,121067
0,0.1800,513033
0,0.1800,515933
0,0.1800,520641
0,0.1800,521059
0,0.1800,801257
0,0.1800,803118
0,0.1800,812193
0,0.1800,849272
0,0.1801,10289
0,0.1801,10846
0,0.1801,11846
0,0.1801,12327
0,0.1801,12565
0,0.1801,15905
0,0.1801,19760
0,0.1801,21797
0,0.1801,26287
0,0.1801,33775
0,0.1801,39608
0,0.1801,40396
0,0.1801,69319
0,0.1801,511841
0,0.1801,525441
0,0.1801,530789
0,0.1801,531999
0,0.1801,533411
0,0.1801,802684
0,0.1801,802809
0,0.1801,936810
0,0.1802,10394
0,0.1802,10553
0,0.1802,11112
0,0.1802,11327
0,0.1802,12345
0,0.1802,13984
0,0.1802,16816
0,0.1802,17931
0,0.1802,19615
0,0.1802,21822
0,0.1802,28791
0,0.1802,58834
0,0.1802,84758
0,0.1802,512928
0,0.1802,514997
0,0.1802,515072
0,0.1802,579919
0,0.1802,805132
0,0.1802,814106
0,0.1802,823262
0,0.1802,914445
0,0.1803,10187
0,0.1803,10421
0,0.1803,10432
0,0.1803,10468
0,0.1803,11433
0,0.1803,12358
0,0.1803,13058
0,0.1803,13121
0,0.1803,13347
0,0.1803,14130
0,0.1803,15775
0,0.1803,17043
0,0.1803,17981
0,0.1803,18932
0,0.1803,19189
0,0.1803,19274
0,0.1803,24828
0,0.1803,25085
0,0.1803,26137
0,0.1803,29116
0,0.1803,34620
0,0.1803,513283
0,0.1803,800056
0,0.1803,800212
0,0.1803,801366
0,0.1803,801845
0,0.1803,105856729
0,0.1803,761298433
0,0.1804,10241
0,0.1804,11012
0,0.1804,11982
0,0.1804,12815
0,0.1804,13585
0,0.1804,17175
0,0.1804,17177
0,0.1804,17389
0,0.1804,18744
0,0.1804,22066
0,0.1804,27705
0,0.1804,30421
0,0.1804,46687
0,0.1804,69544
0,0.1804,136144
0,0.1804,514441
0,0.1804,517722
0,0.1804,532909
0,0.1804,574147
0,0.1804,803048
0,0.1804,814206
0,0.1804,869499
0,0.1805,10285
0,0.1805,11664
0,0.1805,13773
0,0.1805,17156
0,0.1805,23425
0,0.1805,25792
0,0.1805,35558
0,0.1805,42277
0,0.1805,81710
0,0.1805,522974
0,0.1805,523776
0,0.1805,525066
0,0.1805,529603
0,0.1805,537032
0,0.1805,800845
0,0.1805,815454
0,0.1805,818987
0,0.1805,869499
0,0.1806,10807
0,0.1806,13643
0,0.1806,16493
0,0.1806,19290
0,0.1806,22461
0,0.1806,30310
0,0.1806,32393
0,0.1806,35372
0,0.1806,68889
0,0.1806,521763
0,0.1806,800718
0,0.1806,802263
0,0.1806,805608
0,0.1806,806281
0,0.1806,817974
0,0.1806,901888
0,0.1806,916091
0,0.1807,10169
0,0.1807,10303
0,0.1807,12809
0,0.1807,13217
0,0.1807,14611
0,0.1807,20077
0,0.1807,60421
0,0.1807,514195
0,0.1807,522815
0,0.1807,800262
0,0.1807,804351
0,0.1807,805227
0,0.1807,806037
0,0.1808,13153
0,0.1808,18838
0,0.1808,19036
0,0.1808,21452
0,0.1808,23273
0,0.1808,24382
0,0.1808,54440
0,0.1808,70088
0,0.1808,96137
0,0.1808,154544
0,0.1808,516820
0,0.1808,521587
0,0.1808,530449
0,0.1808,530668
0,0.1808,574357
0,0.1808,800102
0,0.1808,803077
0,0.1808,811623
0,0.1808,813104
0,0.1809,10236
0,0.1809,11455
0,0.1809,27025
0,0.1809,39813
0,0.1809,47601
0,0.1809,87077
0,0.1809,258819
0,0.1809,512927
0,0.1809,514605
0,0.1809,518513
0,0.1809,529385
0,0.1809,531643
0,0.1809,558854
0,0.1809,802615
0,0.1809,807560
0,0.1809,810750
0,0.1809,936341
0,0.1809,118002941
0,0.1810,11061
0,0.1810,12155
0,0.1810,12297
0,0.1810,16380
0,0.1810,45722
0,0.1810,116555
0,0.1810,511882
0,0.1810,512887
0,0.1810,520393
0,0.1810,800048
0,0.1810,800412
0,0.1810,802181
0,0.1810,904915
0,0.1810,913431
0,0.1811,10371
0,0.1811,10378
0,0.1811,11085
0,0.1811,11166
0,0.1811,13317
0,0.1811,17354
0,0.1811,18728
0,0.1811,27252
0,0.1811,38272
0,0.1811,45839
0,0.1811,54011
0,0.1811,58730
0,0.1811,104220
0,0.1811,511955
0,0.1811,521814
0,0.1811,802118
0,0.1811,805489
0,0.1811,806398
0,0.1811,806434
0,0.1811,810087
0,0.1811,819096
0,0.1811,905118
0,0.1812,10255
0,0.1812,10537
0,0.1812,11607
0,0.1812,13302
0,0.1812,13428
0,0.1812,13860
0,0.1812,14640
0,0.1812,17801
0,0.1812,19902
0,0.1812,26417
0,0.1812,27416
0,0.1812,810069
0,0.1812,902446
0,0.1813,10018
0,0.1813,11214
0,0.1813,11836
0,0.1813,11943
0,0.1813,12506
0,0.1813,13306
0,0.1813,16617
0,0.1813,22521
0,0.1813,25045
0,0.1813,38854
0,0.1813,46013
0,0.1813,76194
0,0.1813,99882
0,0.1813,101652
0,0.1813,511823
0,0.1813,514416
0,0.1813,515015
0,0.1813,803849
0,0.1813,808183
0,0.1813,924883
0,0.1814,10855
0,0.1814,11021
0,0.1814,11377
0,0.1814,12131
0,0.1814,12796
0,0.1814,14449
0,0.1814,15042
0,0.1814,15176
0,0.1814,16794
0,0.1814,18504
0,0.1814,19327
0,0.1814,43126
0,0.1814,63923
0,0.1814,64874
0,0.1814,555342
0,0.1815,10306
0,0.1815,11712
0,0.1815,12319
0,0.1815,12811
0,0.1815,15051
0,0.1815,48301
0,0.1815,49672
0,0.1815,53086
0,0.1815,234890
0,0.1815,512795
0,0.1815,517913
0,0.1815,524361
0,0.1815,800376
0,0.1815,801492
0,0.1816,12335
0,0.1816,13013
0,0.1816,16940
0,0.1816,24122
0,0.1816,33224
0,0.1816,35743
0,0.1816,38454
0,0.1816,46152
0,0.1816,55656
0,0.1816,67174
0,0.1816,517257
0,0.1816,519365
0,0.1816,524732
0,0.1816,803052
0,0.1816,804001
0,0.1816,826503
0,0.1817,11671
0,0.1817,12926
0,0.1817,13115
0,0.1817,15534
0,0.1817,21296
0,0.1817,25970
0,0.1817,35503
0,0.1817,42483
0,0.1817,48335
0,0.1817,61896
0,0.1817,81442
0,0.1817,514125
0,0.1817,514988
0,0.1817,515575
0,0.1817,520155
0,0.1817,527653
0,0.1817,803017
0,0.1817,805463
0,0.1817,935007
0,0.1818,10475
0,0.1818,10679
0,0.1818,11497
0,0.1818,13273
0,0.1818,14552
0,0.1818,15506
0,0.1818,15937
0,0.1818,17454
0,0.1818,18109
0,0.1818,23513
0,0.1818,25797
0,0.1818,42700
0,0.1818,46409
0,0.1818,63701
0,0.1818,86750
0,0.1818,105998
0,0.1818,518604
0,0.1818,519132
0,0.1818,520115
0,0.1818,801412
0,0.1818,801970
0,0.1818,802164
0,0.1818,955284
0,0.1819,10080
0,0.1819,10302
0,0.1819,10494
0,0.1819,11426
0,0.1819,14289
0,0.1819,17759
0,0.1819,17849
0,0.1819,18779
0,0.1819,22708
0,0.1819,22884
0,0.1819,25684
0,0.1819,29791
0,0.1819,34949
0,0.1819,70924
0,0.1819,123422
0,0.1819,154359
0,0.1819,514405
0,0.1819,520169
0,0.1819,531299
0,0.1819,800181
0,0.1819,801895
0,0.1819,830766
0,0.1819,903642
0,0.1820,10114
0,0.1820,10638
0,0.1820,11075
0,0.1820,13444
0,0.1820,13864
0,0.1820,14673
0,0.1820,18185
0,0.1820,23315
0,0.1820,27596
0,0.1820,52728
0,0.1820,90224
0,0.1820,289948
0,0.1820,514045
0,0.1820,523017
0,0.1820,801547
0,0.1820,815064
0,0.1820,821882
0,0.1820,824034
0,0.1820,829341
0,0.1821,10624
0,0.1821,10639
0,0.1821,10822
0,0.1821,10830
0,0.1821,12054
0,0.1821,12137
0,0.1821,16051
0,0.1821,16360
0,0.1821,18745
0,0.1821,33075
0,0.1821,50406
0,0.1821,56036
0,0.1821,71547
0,0.1821,512608
0,0.1821,519705
0,0.1821,801982
0,0.1821,803219
0,0.1821,810372
0,0.1821,902262
0,0.1822,10517
0,0.1822,11053
0,0.1822,12151
0,0.1822,13310
0,0.1822,15114
0,0.1822,20715
0,0.1822,23703
0,0.1822,25184
0,0.1822,35532
0,0.1822,54534
0,0.1822,64399
0,0.1822,434891
0,0.1822,513405
0,0.1822,517723
0,0.1822,531829
0,0.1822,565814
0,0.1822,800927
0,0.1822,908745
0,0.1822,929749
0,0.1822,932796
0,0.1823,10184
0,0.1823,10497
0,0.1823,10612
0,0.1823,12368
0,0.1823,12817
0,0.1823,13586
0,0.1823,13659
0,0.1823,16540
0,0.1823,16636
0,0.1823,16910
0,0.1823,17685
0,0.1823,20072
0,0.1823,22825
0,0.1823,23325
0,0.1823,26485
0,0.1823,84256
0,0.1823,92871
0,0.1823,261784
0,0.1823,516110
0,0.1823,516739
0,0.1823,529498
0,0.1823,800163
0,0.1823,805244
0,0.1823,831621
0,0.1823,932322
0,0.1824,10414
0,0.1824,10555
0,0.1824,10800
0,0.1824,10959
0,0.1824,11402
0,0.1824,11568
0,0.1824,11701
0,0.1824,11874
0,0.1824,12106
0,0.1824,13406
0,0.1824,13730
0,0.1824,13857
0,0.1824,13969
0,0.1824,14279
0,0.1824,14464
0,0.1824,14509
0,0.1824,24702
0,0.1824,26741
0,0.1824,30039
0,0.1824,34607
0,0.1824,39095
0,0.1824,76899
0,0.1824,516666
0,0.1824,519131
0,0.1824,520440
0,0.1824,552262
0,0.1824,800907
0,0.1824,803804
0,0.1824,909106
0,0.1824,1111554233
0,0.1825,10120
0,0.1825,10735
0,0.1825,11802
0,0.1825,13710
0,0.1825,15273
0,0.1825,15612
0,0.1825,16506
0,0.1825,26322
0,0.1825,30933
0,0.1825,42997
0,0.1825,63798
0,0.1825,66246
0,0.1825,70325
0,0.1825,291345
0,0.1825,801755
0,0.1825,905385
0,0.1826,10099
0,0.1826,11005
0,0.1826,12503
0,0.1826,14206
0,0.1826,15458
0,0.1826,15828
0,0.1826,16687
0,0.1826,17419
0,0.1826,17958
0,0.1826,18766
0,0.1826,22463
0,0.1826,32315
0,0.1826,52016
0,0.1826,57935
0,0.1826,174420
0,0.1826,358032
0,0.1826,800890
0,0.1826,801538
0,0.1826,805860
0,0.1826,107629970
0,0.1826,1052002184
0,0.1827,11341
0,0.1827,12159
0,0.1827,12590
0,0.1827,12943
0,0.1827,13184
0,0.1827,13450
0,0.1827,14881
0,0.1827,15495
0,0.1827,19616
0,0.1827,23167
0,0.1827,27684
0,0.1827,80867
0,0.1827,511975
0,0.1827,513174
0,0.1827,800326
0,0.1827,802381
0,0.1827,903317
0,0.1827,956305
0,0.1828,10185
0,0.1828,10839
0,0.1828,11532
0,0.1828,14192
0,0.1828,14459
0,0.1828,14997
0,0.1828,15904
0,0.1828,25939
0,0.1828,29648
0,0.1828,30371
0,0.1828,44851
0,0.1828,46073
0,0.1828,72632
0,0.1828,519399
0,0.1828,529424
0,0.1828,955284
0,0.1828,956310
0,0.1829,10065
0,0.1829,10820
0,0.1829,12947
0,0.1829,14954
0,0.1829,16180
0,0.1829,16659
0,0.1829,17823
0,0.1829,18730
0,0.1829,21664
0,0.1829,26284
0,0.1829,32967
0,0.1829,36059
0,0.1829,37142
0,0.1829,38388
0,0.1829,195264
0,0.1829,515950
0,0.1829,517501
0,0.1829,519818
0,0.1829,523482
0,0.1829,804195
0,0.1829,820323
0,0.1829,826503
0,0.1829,834861
0,0.1830,11201
0,0.1830,12221
0,0.1830,12710
0,0.1830,14727
0,0.1830,15041
0,0.1830,16600
0,0.1830,18156
0,0.1830,19286
0,0.1830,20185
0,0.1830,20530
0,0.1830,22084
0,0.1830,51159
0,0.1830,57797
0,0.1830,511839
0,0.1830,520210
0,0.1830,520817
0,0.1830,523564
0,0.1830,530151
0,0.1830,550221
0,0.1830,954981
0,0.1831,10050
0,0.1831,10109
0,0.1831,11495
0,0.1831,12398
0,0.1831,12532
0,0.1831,15163
0,0.1831,18165
0,0.1831,22338
0,0.1831,26666
0,0.1831,519460
0,0.1831,805026
0,0.1831,813076
0,0.1831,761298433
0,0.1832,10356
0,0.1832,11188
0,0.1832,11194
0,0.1832,12405
0,0.1832,14224
0,0.1832,14461
0,0.1832,20418
0,0.1832,26576
0,0.1832,38268
0,0.1832,50228
0,0.1832,101593
0,0.1832,511881
0,0.1832,520119
0,0.1832,523675
0,0.1832,527132
0,0.1832,531583
0,0.1832,579728
0,0.1832,801507
0,0.1832,801916
0,0.1832,802368
0,0.1832,804445
0,0.1832,805447
0,0.1832,824830
0,0.1832,906663
0,0.1833,10027
0,0.1833,11503
0,0.1833,13872
0,0.1833,15674
0,0.1833,22427
0,0.1833,50687
0,0.1833,90835
0,0.1833,258819
0,0.1833,513284
0,0.1833,515675
0,0.1833,519230
0,0.1833,524073
0,0.1833,524655
0,0.1833,526298
0,0.1833,802044
0,0.1833,817089
0,0.1833,817218
0,0.1833,861290
0,0.1833,954981
0,0.1834,10428
0,0.1834,10539
0,0.1834,11155
0,0.1834,13607
0,0.1834,14114
0,0.1834,14616
0,0.1834,16284
0,0.1834,16538
0,0.1834,17790
0,0.1834,18823
0,0.1834,22870
0,0.1834,23212
0,0.1834,28525
0,0.1834,45427
0,0.1834,55527
0,0.1834,132121
0,0.1834,524761
0,0.1834,525062
0,0.1834,806141
0,0.1834,807396
0,0.1835,10224
0,0.1835,10704
0,0.1835,12730
0,0.1835,16584
0,0.1835,17105
0,0.1835,23601
0,0.1835,26991
0,0.1835,28254
0,0.1835,28674
0,0.1835,52191
0,0.1835,92188
0,0.1835,130455
0,0.1835,512513
0,0.1835,519331
0,0.1835,521241
0,0.1835,531732
0,0.1835,818370
0,0.1835,941319
0,0.1836,10513
0,0.1836,11131
0,0.1836,12104
0,0.1836,12178
0,0.1836,12298
0,0.1836,13901
0,0.1836,19827
0,0.1836,30716
0,0.1836,34683
0,0.1836,39880
0,0.1836,71042
0,0.1836,98698
0,0.1836,105709
0,0.1836,512514
0,0.1836,513551
0,0.1836,517548
0,0.1836,521813
0,0.1836,806144
0,0.1836,817096
0,0.1836,820146
0,0.1836,906003
0,0.1837,10965
0,0.1837,11896
0,0.1837,12510
0,0.1837,13255
0,0.1837,13442
0,0.1837,14011
0,0.1837,14434
0,0.1837,17143
0,0.1837,21637
0,0.1837,22799
0,0.1837,30498
0,0.1837,57102
0,0.1837,101032
0,0.1837,175572
0,0.1837,521292
0,0.1837,523349
0,0.1837,803129
0,0.1837,809196
0,0.1837,1111554233
0,0.1838,10725
0,0.1838,11326
0,0.1838,12060
0,0.1838,12232
0,0.1838,13559
0,0.1838,14717
0,0.1838,15398
0,0.1838,16907
0,0.1838,520194
0,0.1838,801077
0,0.1838,806999
0,0.1838,818961
0,0.1838,904404
0,0.1839,10564
0,0.1839,10868
0,0.1839,11877
0,0.1839,12343
0,0.1839,14912
0,0.1839,15562
0,0.1839,16198
0,0.1839,19850
0,0.1839,24232
0,0.1839,25905
0,0.1839,46466
0,0.1839,519140
0,0.1839,520888
0,0.1839,800258
0,0.1840,10869
0,0.1840,11013
0,0.1840,12900
0,0.1840,16029
0,0.1840,41743
0,0.1840,59198
0,0.1840,71503
0,0.1840,122745
0,0.1840,137497
0,0.1840,234890
0,0.1840,523786
0,0.1840,527048
0,0.1840,556347
0,0.1840,801816
0,0.1840,905270
0,0.1840,908872
0,0.1841,11445
0,0.1841,11688
0,0.1841,13985
0,0.1841,18221
0,0.1841,20620
0,0.1841,20818
0,0.1841,22014
0,0.1841,58394
0,0.1841,59018
0,0.1841,70337
0,0.1841,517724
0,0.1841,522761
0,0.1841,556346
0,0.1841,800082
0,0.1841,801503
0,0.1841,807534
0,0.1841,817261
0,0.1841,903425
0,0.1842,10138
0,0.1842,11463
0,0.1842,11764
0,0.1842,13537
0,0.1842,13568
0,0.1842,15576
0,0.1842,16707
0,0.1842,22446
0,0.1842,24656
0,0.1842,34392
0,0.1842,43781
0,0.1842,518194
0,0.1842,800158
0,0.1842,802955
0,0.1843,10362
0,0.1843,10510
0,0.1843,11008
0,0.1843,12605
0,0.1843,15713
0,0.1843,23619
0,0.1843,26432
0,0.1843,39753
0,0.1843,392714
0,0.1843,521409
0,0.1843,801656
0,0.1844,10110
0,0.1844,12067
0,0.1844,12091
0,0.1844,14539
0,0.1844,15237
0,0.1844,16781
0,0.1844,30930
0,0.1844,37921
0,0.1844,38835
0,0.1844,63998
0,0.1844,88157
0,0.1844,154759
0,0.1844,513339
0,0.1844,514483
0,0.1844,517512
0,0.1844,520034
0,0.1844,523550
0,0.1844,530950
0,0.1844,802937
0,0.1845,10041
0,0.1845,10293
0,0.1845,11440
0,0.1845,13357
0,0.1845,15361
0,0.1845,18437
0,0.1845,23259
0,0.1845,26402
0,0.1845,27614
0,0.1845,31942
0,0.1845,38914
0,0.1845,86523
0,0.1845,513846
0,0.1845,520581
0,0.1845,521027
0,0.1845,549229
0,0.1845,800070
0,0.1845,800702
0,0.1845,821058
0,0.1845,905217
0,0.1845,155143464
0,0.1846,10466
0,0.1846,11160
0,0.1846,12006
0,0.1846,12355
0,0.1846,12651
0,0.1846,16517
0,0.1846,25210
0,0.1846,38084
0,0.1846,40888
0,0.1846,234890
0,0.1846,235061
0,0.1846,519328
0,0.1846,521113
0,0.1846,800228
0,0.1846,811568
0,0.1846,902553
0,0.1846,908747
0,0.1846,909643
0,0.1847,10479
0,0.1847,10707
0,0.1847,10910
0,0.1847,12318
0,0.1847,14023
0,0.1847,15362
0,0.1847,19255
0,0.1847,19760
0,0.1847,22240
0,0.1847,32258
0,0.1847,48120
0,0.1847,512307
0,0.1847,522465
0,0.1847,556286
0,0.1848,10447
0,0.1848,11710
0,0.1848,15997
0,0.1848,16827
0,0.1848,19696
0,0.1848,27296
0,0.1848,40289
0,0.1848,40768
0,0.1848,49002
0,0.1848,58517
0,0.1848,85527
0,0.1848,131748
0,0.1848,327169
0,0.1848,512328
0,0.1848,520646
0,0.1848,522738
0,0.1848,800143
0,0.1848,801282
0,0.1848,801998
0,0.1848,802993
0,0.1848,809843
0,0.1848,821882
0,0.1849,10061
0,0.1849,10986
0,0.1849,11663
0,0.1849,16026
0,0.1849,17799
0,0.1849,21543
0,0.1849,21932
0,0.1849,23826
0,0.1849,48491
0,0.1849,512927
0,0.1849,514546
0,0.1849,520087
0,0.1849,522468
0,0.1849,529031
0,0.1849,803599
0,0.1849,827502
0,0.1849,869499
0,0.1850,10294
0,0.1850,10545
0,0.1850,11416
0,0.1850,12162
0,0.1850,12252
0,0.1850,12411
0,0.1850,12455
0,0.1850,12716
0,0.1850,15451
0,0.1850,15890
0,0.1850,16175
0,0.1850,16275
0,0.1850,18170
0,0.1850,19215
0,0.1850,27157
0,0.1850,41144
0,0.1850,48125
0,0.1850,353032
0,0.1850,522410
0,0.1850,524755
0,0.1850,527585
0,0.1850,531708
0,0.1850,800438
0,0.1851,10035
0,0.1851,10107
0,0.1851,10797
0,0.1851,11280
0,0.1851,11311
0,0.1851,11563
0,0.1851,15514
0,0.1851,16599
0,0.1851,18125
0,0.1851,18419
0,0.1851,20769
0,0.1851,139961
0,0.1851,516643
0,0.1851,522841
0,0.1851,523533
0,0.1851,802652
0,0.1851,814353
0,0.1851,902501
0,0.1852,11365
0,0.1852,11674
0,0.1852,13158
0,0.1852,13167
0,0.1852,15905
0,0.1852,16075
0,0.1852,19522
0,0.1852,24671
0,0.1852,25723
0,0.1852,26901
0,0.1852,29583
0,0.1852,44816
0,0.1852,58146
0,0.1852,519144
0,0.1852,521129
0,0.1852,522992
0,0.1852,529207
0,0.1852,800554
0,0.1852,803721
0,0.1852,805286
0,0.1852,821754
0,0.1853,10285
0,0.1853,10295
0,0.1853,12358
0,0.1853,14259
0,0.1853,14869
0,0.1853,16110
0,0.1853,17876
0,0.1853,19569
0,0.1853,25503
0,0.1853,25763
0,0.1853,35588
0,0.1853,70651
0,0.1853,142743
0,0.1853,513283
0,0.1853,513425
0,0.1853,515289
0,0.1853,520435
0,0.1853,525061
0,0.1853,548337
0,0.1853,802980
0,0.1853,804696
0,0.1853,806760
0,0.1853,828126
0,0.1854,10368
0,0.1854,12506
0,0.1854,12606
0,0.1854,15494
0,0.1854,15655
0,0.1854,16274
0,0.1854,18068
0,0.1854,18743
0,0.1854,19189
0,0.1854,35635
0,0.1854,42310
0,0.1854,59275
0,0.1854,62778
0,0.1854,89966
0,0.1854,96692
0,0.1854,123858
0,0.1854,512607
0,0.1854,517602
0,0.1854,521092
0,0.1854,521814
0,0.1854,524902
0,0.1854,805532
0,0.1854,806124
0,0.1855,11428
0,0.1855,11929
0,0.1855,12401
0,0.1855,16440
0,0.1855,16537
0,0.1855,53745
0,0.1855,59429
0,0.1855,94433
0,0.1855,126350
0,0.1855,519363
0,0.1855,805743
0,0.1855,814010
0,0.1855,824830
0,0.1855,849272
0,0.1856,10914
0,0.1856,21277
0,0.1856,21645
0,0.1856,27893
0,0.1856,34151
0,0.1856,36459
0,0.1856,47922
0,0.1856,59776
0,0.1856,524717
0,0.1856,533431
0,0.1856,558854
0,0.1856,800645
0,0.1856,802124
0,0.1856,804178
0,0.1856,804530
0,0.1856,824034
0,0.1856,761298433
0,0.1857,10852
0,0.1857,11302
0,0.1857,17024
0,0.1857,17244
0,0.1857,18932
0,0.1857,20831
0,0.1857,22185
0,0.1857,28109
0,0.1857,32302
0,0.1857,511828
0,0.1857,514596
0,0.1857,517202
0,0.1857,519865
0,0.1857,519895
0,0.1857,800167
0,0.1857,818961
0,0.1858,10051
0,0.1858,10099
0,0.1858,10150
0,0.1858,12992
0,0.1858,18504
0,0.1858,18744
0,0.1858,18911
0,0.1858,20168
0,0.1858,32475
0,0.1858,35111
0,0.1858,41171
0,0.1858,41801
0,0.1858,61398
0,0.1858,75151
0,0.1858,76194
0,0.1858,91983
0,0.1858,98544
0,0.1858,119692
0,0.1858,513111
0,0.1858,521126
0,0.1858,530435
0,0.1858,803982
0,0.1858,810586
0,0.1858,954981
0,0.1859,10263
0,0.1859,10299
0,0.1859,10365
0,0.1859,10879
0,0.1859,10967
0,0.1859,11087
0,0.1859,13680
0,0.1859,15693
0,0.1859,16794
0,0.1859,54246
0,0.1859,59387
0,0.1859,61079
0,0.1859,121578
0,0.1859,126216
0,0.1859,127702
0,0.1859,521203
0,0.1859,522966
0,0.1859,537899
0,0.1859,804627
0,0.1859,808888
0,0.1859,818961
0,0.1860,10165
0,0.1860,10574
0,0.1860,10692
0,0.1860,11010
0,0.1860,11699
0,0.1860,12423
0,0.1860,12811
0,0.1860,13760
0,0.1860,15351
0,0.1860,17835
0,0.1860,21227
0,0.1860,22585
0,0.1860,25792
0,0.1860,28791
0,0.1860,29419
0,0.1860,522428
0,0.1860,807799
0,0.1860,817565
0,0.1860,955135
0,0.1860,956328
0,0.1861,11021
0,0.1861,17156
0,0.1861,19935
0,0.1861,20402
0,0.1861,24382
0,0.1861,27302
0,0.1861,45024
0,0.1861,53290
0,0.1861,147617
0,0.1861,327169
0,0.1861,568471
0,0.1861,802623
0,0.1862,11038
0,0.1862,11618
0,0.1862,12181
0,0.1862,13317
0,0.1862,14327
0,0.1862,14976
0,0.1862,16641
0,0.1862,20945
0,0.1862,24866
0,0.1862,29135
0,0.1862,30310
0,0.1862,38706
0,0.1862,53086
0,0.1862,194213
0,0.1862,523512
0,0.1862,561653
0,0.1862,903732
0,0.1863,11375
0,0.1863,11947
0,0.1863,14424
0,0.1863,15226
0,0.1863,19900
0,0.1863,19982
0,0.1863,22276
0,0.1863,29340
0,0.1863,46674
0,0.1863,68489
0,0.1863,114715
0,0.1863,514997
0,0.1863,515460
0,0.1863,517256
0,0.1863,519046
0,0.1863,531557
0,0.1863,817453
0,0.1863,827502
0,0.1864,12105
0,0.1864,13258
0,0.1864,14464
0,0.1864,15444
0,0.1864,17554
0,0.1864,17623
0,0.1864,19355
0,0.1864,35743
0,0.1864,56308
0,0.1864,59057
0,0.1864,67864
0,0.1864,102689
0,0.1864,511778
0,0.1864,518309
0,0.1864,518937
0,0.1864,529385
0,0.1864,532909
0,0.1864,802107
0,0.1864,807920
0,0.1864,903727
0,0.1865,10072
0,0.1865,11125
0,0.1865,11605
0,0.1865,12107
0,0.1865,12777
0,0.1865,15284
0,0.1865,17367
0,0.1865,18054
0,0.1865,21563
0,0.1865,24634
0,0.1865,30416
0,0.1865,31839
0,0.1865,34671
0,0.1865,154212
0,0.1865,513464
0,0.1865,800317
0,0.1865,812884
0,0.1865,818370
0,0.1865,818987
0,0.1865,830766
0,0.1865,839612
0,0.1866,10241
0,0.1866,10529
0,0.1866,11003
0,0.1866,11254
0,0.1866,12654
0,0.1866,14093
0,0.1866,14619
0,0.1866,15955
0,0.1866,17491
0,0.1866,18980
0,0.1866,19767
0,0.1866,21688
0,0.1866,24246
0,0.1866,29021
0,0.1866,45311
0,0.1866,49627
0,0.1866,71611
0,0.1866,124495
0,0.1866,515234
0,0.1866,515760
0,0.1866,516944
0,0.1866,520817
0,0.1866,530880
0,0.1867,10137
0,0.1867,10147
0,0.1867,10719
0,0.1867,11255
0,0.1867,11893
0,0.1867,12650
0,0.1867,14194
0,0.1867,16868
0,0.1867,18597
0,0.1867,19290
0,0.1867,21449
0,0.1867,23325
0,0.1867,36524
0,0.1867,38847
0,0.1867,61278
0,0.1867,92696
0,0.1867,95057
0,0.1867,100809
0,0.1867,114858
0,0.1867,146366
0,0.1867,294178
0,0.1867,512077
0,0.1867,516110
0,0.1867,533946
0,0.1867,555259
0,0.1867,555383
0,0.1867,806236
0,0.1867,821236
0,0.1867,605725659
0,0.1867,1050014552
0,0.1868,10168
0,0.1868,10663
0,0.1868,26136
0,0.1868,26417
0,0.1868,30190
0,0.1868,61921
0,0.1868,87338
0,0.1868,126963
0,0.1868,513146
0,0.1868,515775
0,0.1868,806039
0,0.1868,822772
0,0.1868,902280
0,0.1868,107629970
0,0.1869,11079
0,0.1869,17419
0,0.1869,23273
0,0.1869,26455
0,0.1869,36812
0,0.1869,44865
0,0.1869,61531
0,0.1869,62574
0,0.1869,162599
0,0.1869,513968
0,0.1869,523626
0,0.1869,539704
0,0.1869,801557
0,0.1869,804538
0,0.1869,936838
0,0.1870,10175
0,0.1870,11142
0,0.1870,11200
0,0.1870,12104
0,0.1870,13353
0,0.1870,18601
0,0.1870,19376
0,0.1870,20605
0,0.1870,27929
0,0.1870,28782
0,0.1870,30405
0,0.1870,68889
0,0.1870,105406
0,0.1870,137777
0,0.1870,524074
0,0.1870,529603
0,0.1870,530449
0,0.1870,541412
0,0.1870,802544
0,0.1870,861290
0,0.1870,936810
0,0.1870,955284
0,0.1871,10172
0,0.1871,10969
0,0.1871,11094
0,0.1871,11170
0,0.1871,11908
0,0.1871,11989
0,0.1871,13018
0,0.1871,13434
0,0.1871,15176
0,0.1871,16700
0,0.1871,20144
0,0.1871,47107
0,0.1871,50420
0,0.1871,512185
0,0.1871,520039
0,0.1871,520789
0,0.1871,527588
0,0.1871,800724
0,0.1871,801295
0,0.1871,801467
0,0.1871,801581
0,0.1871,802543
0,0.1871,820191
0,0.1871,826175
0,0.1872,10097
0,0.1872,10514
0,0.1872,10845
0,0.1872,11614
0,0.1872,11915
0,0.1872,14736
0,0.1872,15782
0,0.1872,16553
0,0.1872,17630
0,0.1872,20715
0,0.1872,25137
0,0.1872,25153
0,0.1872,25236
0,0.1872,35196
0,0.1872,40565
0,0.1872,42095
0,0.1872,46691
0,0.1872,51159
0,0.1872,57522
0,0.1872,79615
0,0.1872,124469
0,0.1872,222777
0,0.1872,512319
0,0.1872,517059
0,0.1872,517763
0,0.1872,802081
0,0.1873,10370
0,0.1873,11199
0,0.1873,14387
0,0.1873,17454
0,0.1873,18436
0,0.1873,20678
0,0.1873,27339
0,0.1873,30807
0,0.1873,34949
0,0.1873,43732
0,0.1873,56542
0,0.1873,85395
0,0.1873,800120
0,0.1873,864655
0,0.1873,926518
0,0.1874,10278
0,0.1874,10453
0,0.1874,14276
0,0.1874,15473
0,0.1874,17726
0,0.1874,20774
0,0.1874,28584
0,0.1874,29436
0,0.1874,90201
0,0.1874,515702
0,0.1874,524767
0,0.1874,800976
0,0.1874,803860
0,0.1875,10033
0,0.1875,10222
0,0.1875,10825
0,0.1875,11263
0,0.1875,11497
0,0.1875,18796
0,0.1875,19618
0,0.1875,25552
0,0.1875,29713
0,0.1875,58730
0,0.1875,513401
0,0.1875,800783
0,0.1875,801442
0,0.1875,805817
0,0.1875,829714
0,0.1876,10167
0,0.1876,10202
0,0.1876,10531
0,0.1876,10638
0,0.1876,10949
0,0.1876,11338
0,0.1876,12565
0,0.1876,13007
0,0.1876,14881
0,0.1876,15051
0,0.1876,15999
0,0.1876,18704
0,0.1876,21252
0,0.1876,25045
0,0.1876,82205
0,0.1876,515072
0,0.1876,521236
0,0.1876,537027
0,0.1876,800126
0,0.1876,800809
0,0.1877,10011
0,0.1877,11969
0,0.1877,12500
0,0.1877,12976
0,0.1877,14664
0,0.1877,18585
0,0.1877,21687
0,0.1877,25939
0,0.1877,28123
0,0.1877,31786
0,0.1877,33053
0,0.1877,63027
0,0.1877,136159
0,0.1877,160441
0,0.1877,514045
0,0.1877,521240
0,0.1877,531862
0,0.1877,535668
0,0.1877,800008
0,0.1877,118002941
0,0.1878,11152
0,0.1878,12055
0,0.1878,13013
0,0.1878,16642
0,0.1878,17878
0,0.1878,20202
0,0.1878,26557
0,0.1878,28469
0,0.1878,28482
0,0.1878,39813
0,0.1878,40390
0,0.1878,41715
0,0.1878,61840
0,0.1878,76506
0,0.1878,77821
0,0.1878,84356
0,0.1878,104220
0,0.1878,222611
0,0.1878,524610
0,0.1878,524968
0,0.1878,529411
0,0.1878,804958
0,0.1878,869499
0,0.1878,903280
0,0.1878,904122
0,0.1878,934899
0,0.1879,10185
0,0.1879,11053
0,0.1879,15117
0,0.1879,15458
0,0.1879,16266
0,0.1879,25184
0,0.1879,77805
0,0.1879,113924
0,0.1879,138243
0,0.1879,519862
0,0.1879,521928
0,0.1879,522974
0,0.1879,800910
0,0.1880,10003
0,0.1880,10658
0,0.1880,10687
0,0.1880,11806
0,0.1880,12264
0,0.1880,15602
0,0.1880,19036
0,0.1880,23602
0,0.1880,522387
0,0.1880,524136
0,0.1880,801629
0,0.1881,12341
0,0.1881,12398
0,0.1881,13287
0,0.1881,13307
0,0.1881,13456
0,0.1881,14576
0,0.1881,17369
0,0.1881,18156
0,0.1881,46073
0,0.1881,111004
0,0.1881,514125
0,0.1881,800691
0,0.1881,904161
0,0.1881,952874
0,0.1882,10385
0,0.1882,10614
0,0.1882,12028
0,0.1882,12564
0,0.1882,12902
0,0.1882,15110
0,0.1882,15436
0,0.1882,18779
0,0.1882,19452
0,0.1882,20545
0,0.1882,24306
0,0.1882,34896
0,0.1882,140519
0,0.1882,303314
0,0.1882,517548
0,0.1882,518604
0,0.1882,520641
0,0.1882,520895
0,0.1882,521075
0,0.1882,523675
0,0.1882,803013
0,0.1882,815445
0,0.1882,816644
0,0.1882,903643
0,0.1883,10319
0,0.1883,10468
0,0.1883,11485
0,0.1883,13517
0,0.1883,15484
0,0.1883,15616
0,0.1883,17402
0,0.1883,27725
0,0.1883,43040
0,0.1883,44690
0,0.1883,58481
0,0.1883,94391
0,0.1883,512858
0,0.1883,513646
0,0.1883,514988
0,0.1883,519399
0,0.1883,800134
0,0.1883,800159
0,0.1883,956310
0,0.1884,12140
0,0.1884,12194
0,0.1884,13932
0,0.1884,14428
0,0.1884,14434
0,0.1884,15304
0,0.1884,17691
0,0.1884,23601
0,0.1884,234890
0,0.1884,515933
0,0.1884,522753
0,0.1884,522815
0,0.1884,529519
0,0.1884,555176
0,0.1884,800504
0,0.1884,801090
0,0.1884,822728
0,0.1884,904624
0,0.1884,928701
0,0.1884,955135
0,0.1884,1111554233
0,0.1885,10132
0,0.1885,10579
0,0.1885,10691
0,0.1885,13442
0,0.1885,13559
0,0.1885,14408
0,0.1885,16579
0,0.1885,16880
0,0.1885,17379
0,0.1885,19334
0,0.1885,25362
0,0.1885,27372
0,0.1885,30169
0,0.1885,37552
0,0.1885,59969
0,0.1885,100478
0,0.1885,523547
0,0.1885,529318
0,0.1885,555340
0,0.1885,800718
0,0.1885,801249
0,0.1885,804500
0,0.1885,827678
0,0.1886,10917
0,0.1886,13168
0,0.1886,13526
0,0.1886,14115
0,0.1886,14686
0,0.1886,15310
0,0.1886,15612
0,0.1886,81228
0,0.1886,81741
0,0.1886,91359
0,0.1886,520182
0,0.1886,800157
0,0.1886,800618
0,0.1886,802565
0,0.1886,824034
0,0.1887,10057
0,0.1887,10110
0,0.1887,12228
0,0.1887,12813
0,0.1887,13035
0,0.1887,15680
0,0.1887,19619
0,0.1887,32651
0,0.1887,34801
0,0.1887,40046
0,0.1887,61311
0,0.1887,190319
0,0.1887,520034
0,0.1887,530460
0,0.1887,800505
0,0.1887,800984
0,0.1887,801375
0,0.1887,808183
0,0.1887,819387
0,0.1888,10041
0,0.1888,10497
0,0.1888,11772
0,0.1888,12259
0,0.1888,12572
0,0.1888,14989
0,0.1888,16139
0,0.1888,17825
0,0.1888,18604
0,0.1888,30068
0,0.1888,30743
0,0.1888,64180
0,0.1888,64607
0,0.1888,152687
0,0.1888,511823
0,0.1888,521536
0,0.1888,531009
0,0.1888,571495
0,0.1888,803014
0,0.1888,817096
0,0.1888,820191
0,0.1888,1050443274
0,0.1889,13360
0,0.1889,13428
0,0.1889,13773
0,0.1889,14765
0,0.1889,16039
0,0.1889,19720
0,0.1889,22122
0,0.1889,29379
0,0.1889,57935
0,0.1889,172666
0,0.1889,512579
0,0.1889,521633
0,0.1889,522746
0,0.1889,555238
0,0.1889,803007
0,0.1889,823205
0,0.1890,10108
0,0.1890,11406
0,0.1890,11768
0,0.1890,13259
0,0.1890,14207
0,0.1890,15332
0,0.1890,18278
0,0.1890,18491
0,0.1890,42241
0,0.1890,49869
0,0.1890,514547
0,0.1890,523776
0,0.1890,539675
0,0.1890,800827
0,0.1890,815281
0,0.1890,903570
0,0.1890,904983
0,0.1890,954981
0,0.1891,10080
0,0.1891,10332
0,0.1891,10555
0,0.1891,11937
0,0.1891,12646
0,0.1891,13228
0,0.1891,14716
0,0.1891,16105
0,0.1891,21568
0,0.1891,23281
0,0.1891,33598
0,0.1891,48667
0,0.1891,60774
0,0.1891,69544
0,0.1891,145229
0,0.1891,515026
0,0.1891,524655
0,0.1891,525306
0,0.1891,529419
0,0.1891,802958
0,0.1891,814430
0,0.1892,10371
0,0.1892,10421
0,0.1892,10799
0,0.1892,11423
0,0.1892,11977
0,0.1892,13371
0,0.1892,20468
0,0.1892,21263
0,0.1892,22120
0,0.1892,22278
0,0.1892,24227
0,0.1892,44903
0,0.1892,523863
0,0.1892,534361
0,0.1892,800056
0,0.1892,800062
0,0.1892,106822444
0,0.1893,10100
0,0.1893,10255
0,0.1893,10553
0,0.1893,10834
0,0.1893,12319
0,0.1893,16430
0,0.1893,24690
0,0.1893,513174
0,0.1893,537032
0,0.1893,555342
0,0.1893,806094
0,0.1893,817096
0,0.1893,954670
0,0.1894,10205
0,0.1894,10617
0,0.1894,11171
0,0.1894,12001
0,0.1894,13698
0,0.1894,13740
0,0.1894,23809
0,0.1894,31681
0,0.1894,514405
0,0.1894,518461
0,0.1894,521059
0,0.1894,521814
0,0.1894,529803
0,0.1894,529811
0,0.1894,534301
0,0.1894,820271
0,0.1894,821882
0,0.1894,825184
0,0.1894,839612
0,0.1895,10494
0,0.1895,13836
0,0.1895,21637
0,0.1895,24776
0,0.1895,512314
0,0.1895,512927
0,0.1895,515015
0,0.1895,520210
0,0.1895,521241
0,0.1895,522352
0,0.1895,522762
0,0.1895,526612
0,0.1895,800925
0,0.1895,804778
0,0.1895,1137406009
0,0.1896,10224
0,0.1896,11030
0,0.1896,11628
0,0.1896,11900
0,0.1896,12176
0,0.1896,14034
0,0.1896,22870
0,0.1896,23073
0,0.1896,27522
0,0.1896,35532
0,0.1896,76412
0,0.1896,515091
0,0.1896,518194
0,0.1896,522763
0,0.1896,527653
0,0.1896,532751
0,0.1896,543506
0,0.1896,800676
0,0.1896,801970
0,0.1897,10289
0,0.1897,10537
0,0.1897,10993
0,0.1897,11252
0,0.1897,11821
0,0.1897,12388
0,0.1897,14523
0,0.1897,16093
0,0.1897,23453
0,0.1897,26064
0,0.1897,512947
0,0.1897,517501
0,0.1897,521701
0,0.1897,525354
0,0.1897,801118
0,0.1897,801639
0,0.1897,810570
0,0.1897,864655
0,0.1897,904183
0,0.1898,10050
0,0.1898,10114
0,0.1898,10226
0,0.1898,10428
0,0.1898,13595
0,0.1898,15325
0,0.1898,15441
0,0.1898,17787
0,0.1898,18504
0,0.1898,21731
0,0.1898,23619
0,0.1898,24050
0,0.1898,32062
0,0.1898,38272
0,0.1898,42083
0,0.1898,42374
0,0.1898,67384
0,0.1898,141161
0,0.1898,215209
0,0.1898,512930
0,0.1898,519365
0,0.1898,520115
0,0.1898,532715
0,0.1898,580329
0,0.1898,816113
0,0.1898,904093
0,0.1899,10735
0,0.1899,11017
0,0.1899,11210
0,0.1899,11253
0,0.1899,11784
0,0.1899,15932
0,0.1899,17131
0,0.1899,17175
0,0.1899,18343
0,0.1899,20818
0,0.1899,66804
0,0.1899,76194
0,0.1899,80175
0,0.1899,164031
0,0.1899,174420
0,0.1899,533914
0,0.1899,802461
0,0.1899,807288
0,0.1899,839612
0,0.1900,10269
0,0.1900,10603
0,0.1900,10816
0,0.1900,12283
0,0.1900,14486
0,0.1900,14766
0,0.1900,21609
0,0.1900,25532
0,0.1900,43756
0,0.1900,46615
0,0.1900,137597
0,0.1900,392714
0,0.1900,519616
0,0.1900,520792
0,0.1900,523930
0,0.1900,527048
0,0.1900,545990
0,0.1900,824034
0,0.1901,10047
0,0.1901,12733
0,0.1901,14853
0,0.1901,18921
0,0.1901,21690
0,0.1901,22747
0,0.1901,25328
0,0.1901,26238
0,0.1901,31653
0,0.1901,47257
0,0.1901,802099
0,0.1901,802223
0,0.1901,807160
0,0.1901,821058
0,0.1901,826503
0,0.1902,10107
0,0.1902,11856
0,0.1902,12506
0,0.1902,12900
0,0.1902,14694
0,0.1902,19189
0,0.1902,27296
0,0.1902,38835
0,0.1902,40300
0,0.1902,53190
0,0.1902,55630
0,0.1902,517601
0,0.1902,520790
0,0.1902,557861
0,0.1902,800856
0,0.1902,353379798
0,0.1903,10488
0,0.1903,11312
0,0.1903,11896
0,0.1903,14428
0,0.1903,15891
0,0.1903,19760
0,0.1903,20755
0,0.1903,32257
0,0.1903,32258
0,0.1903,36751
0,0.1903,46341
0,0.1903,50444
0,0.1903,57555
0,0.1903,195264
0,0.1903,555827
0,0.1903,801561
0,0.1903,806817
0,0.1904,11318
0,0.1904,11319
0,0.1904,11723
0,0.1904,12762
0,0.1904,15514
0,0.1904,16734
0,0.1904,29918
0,0.1904,38454
0,0.1904,42509
0,0.1904,73397
0,0.1904,513283
0,0.1904,515757
0,0.1904,519132
0,0.1904,522752
0,0.1904,522822
0,0.1904,524167
0,0.1904,536058
0,0.1904,801992
0,0.1904,805067
0,0.1904,816644
0,0.1904,817453
0,0.1904,826503
0,0.1904,912379
0,0.1905,10138
0,0.1905,10322
0,0.1905,11103
0,0.1905,11711
0,0.1905,12108
0,0.1905,14215
0,0.1905,16794
0,0.1905,17901
0,0.1905,18419
0,0.1905,18437
0,0.1905,18744
0,0.1905,25792
0,0.1905,37142
0,0.1905,53086
0,0.1905,105436
0,0.1905,512273
0,0.1905,513644
0,0.1905,517257
0,0.1905,521675
0,0.1905,523379
0,0.1905,523636
0,0.1905,526311
0,0.1905,529515
0,0.1905,530151
0,0.1905,574357
0,0.1905,801366
0,0.1905,802580
0,0.1905,811320
0,0.1905,813104
0,0.1905,826503
0,0.1905,906612
0,0.1905,911639
0,0.1906,10099
0,0.1906,10353
0,0.1906,12151
0,0.1906,12358
0,0.1906,13048
0,0.1906,13650
0,0.1906,14223
0,0.1906,18109
0,0.1906,23273
0,0.1906,25713
0,0.1906,28010
0,0.1906,38085
0,0.1906,43096
0,0.1906,45134
0,0.1906,520188
0,0.1906,522828
0,0.1906,529604
0,0.1906,536208
0,0.1906,574147
0,0.1906,800212
0,0.1906,803241
0,0.1906,905079
0,0.1906,776770294
0,0.1907,10394
0,0.1907,10593
0,0.1907,11021
0,0.1907,11327
0,0.1907,12445
0,0.1907,13317
0,0.1907,13830
0,0.1907,15535
0,0.1907,16473
0,0.1907,17790
0,0.1907,19274
0,0.1907,23315
0,0.1907,27413
0,0.1907,42019
0,0.1907,65472
0,0.1907,517512
0,0.1907,517913
0,0.1907,519720
0,0.1907,526298
0,0.1907,555344
0,0.1907,800820
0,0.1907,801257
0,0.1907,801412
0,0.1907,803440
0,0.1907,804593
0,0.1907,806302
0,0.1907,806355
0,0.1907,828718
0,0.1908,10414
0,0.1908,12730
0,0.1908,13877
0,0.1908,20359
0,0.1908,20831
0,0.1908,26417
0,0.1908,36295
0,0.1908,55178
0,0.1908,73646
0,0.1908,155188
0,0.1908,511828
0,0.1908,529520
0,0.1908,559335
0,0.1908,803111
0,0.1909,11518
0,0.1909,13115
0,0.1909,14011
0,0.1909,14206
0,0.1909,16687
0,0.1909,18595
0,0.1909,25773
0,0.1909,33038
0,0.1909,36384
0,0.1909,40983
0,0.1909,97863
0,0.1909,513376
0,0.1909,515950
0,0.1909,518690
0,0.1909,803048
0,0.1909,869499
0,0.1910,11070
0,0.1910,11363
0,0.1910,11717
0,0.1910,14137
0,0.1910,17477
0,0.1910,19308
0,0.1910,19478
0,0.1910,22884
0,0.1910,22926
0,0.1910,42483
0,0.1910,48491
0,0.1910,75129
0,0.1910,85527
0,0.1910,231168
0,0.1910,518513
0,0.1910,524596
0,0.1911,10265
0,0.1911,14997
0,0.1911,15789
0,0.1911,22240
0,0.1911,24142
0,0.1911,29535
0,0.1911,29650
0,0.1911,30419
0,0.1911,32119
0,0.1911,37433
0,0.1911,39253
0,0.1911,58426
0,0.1911,67167
0,0.1911,71547
0,0.1911,131748
0,0.1911,140134
0,0.1911,520642
0,0.1911,540077
0,0.1911,801148
0,0.1911,807924
0,0.1912,10959
0,0.1912,11888
0,0.1912,12054
0,0.1912,12095
0,0.1912,13079
0,0.1912,13667
0,0.1912,13800
0,0.1912,40213
0,0.1912,56017
0,0.1912,58704
0,0.1912,111660
0,0.1912,515578
0,0.1912,803566
0,0.1912,808456
0,0.1912,813076
0,0.1912,827683
0,0.1912,830295
0,0.1912,905303
0,0.1913,10677
0,0.1913,11161
0,0.1913,11181
0,0.1913,12333
0,0.1913,12644
0,0.1913,15412
0,0.1913,21296
0,0.1913,24134
0,0.1913,27486
0,0.1913,34359
0,0.1913,55527
0,0.1913,77014
0,0.1913,164863
0,0.1913,209688
0,0.1913,513147
0,0.1913,518220
0,0.1913,518541
0,0.1913,523506
0,0.1913,531643
0,0.1913,556700
0,0.1913,801507
0,0.1913,807296
0,0.1913,808159
0,0.1913,903604
0,0.1913,105856729
0,0.1914,10932
0,0.1914,11005
0,0.1914,13896
0,0.1914,14954
0,0.1914,15904
0,0.1914,16781
0,0.1914,26718
0,0.1914,26832
0,0.1914,35743
0,0.1914,49288
0,0.1914,58394
0,0.1914,135681
0,0.1914,512795
0,0.1914,523564
0,0.1914,533103
0,0.1914,802964
0,0.1914,820350
0,0.1914,821754
0,0.1914,934908
0,0.1915,10420
0,0.1915,10683
0,0.1915,11061
0,0.1915,11712
0,0.1915,13450
0,0.1915,15210
0,0.1915,17801
0,0.1915,18937
0,0.1915,19239
0,0.1915,94433
0,0.1915,524761
0,0.1915,800578
0,0.1915,807649
0,0.1916,10119
0,0.1916,10399
0,0.1916,10447
0,0.1916,10479
0,0.1916,11668
0,0.1916,11849
0,0.1916,13860
0,0.1916,14192
0,0.1916,21932
0,0.1916,23513
0,0.1916,26607
0,0.1916,31070
0,0.1916,35474
0,0.1916,35620
0,0.1916,36199
0,0.1916,67789
0,0.1916,148726
0,0.1916,170407
0,0.1916,515797
0,0.1916,532000
0,0.1916,556539
0,0.1916,800102
0,0.1916,804797
0,0.1916,814115
0,0.1916,873387
0,0.1916,903642
0,0.1916,933157
0,0.1917,10501
0,0.1917,11618
0,0.1917,12006
0,0.1917,12796
0,0.1917,12811
0,0.1917,14705
0,0.1917,14772
0,0.1917,15139
0,0.1917,15163
0,0.1917,26772
0,0.1917,33562
0,0.1917,65657
0,0.1917,235061
0,0.1917,516886
0,0.1917,529498
0,0.1917,530608
0,0.1917,800621
0,0.1917,910604
0,0.1917,946767
0,0.1918,11604
0,0.1918,14643
0,0.1918,14896
0,0.1918,14912
0,0.1918,16087
0,0.1918,16659
0,0.1918,17420
0,0.1918,17931
0,0.1918,18953
0,0.1918,21904
0,0.1918,23325
0,0.1918,24340
0,0.1918,30181
0,0.1918,44648
0,0.1918,57591
0,0.1918,61398
0,0.1918,85580
0,0.1918,234867
0,0.1918,234890
0,0.1918,839612
0,0.1919,10044
0,0.1919,10612
0,0.1919,10777
0,0.1919,11025
0,0.1919,11673
0,0.1919,12101
0,0.1919,14509
0,0.1919,16910
0,0.1919,28095
0,0.1919,30352
0,0.1919,34826
0,0.1919,37981
0,0.1919,38706
0,0.1919,39399
0,0.1919,48335
0,0.1919,62156
0,0.1919,137459
0,0.1919,515679
0,0.1919,529385
0,0.1919,543158
0,0.1919,549229
0,0.1919,800183
0,0.1919,802405
0,0.1919,819656
0,0.1919,908509
0,0.1919,940712
0,0.1920,10323
0,0.1920,11428
0,0.1920,11466
0,0.1920,12104
0,0.1920,13363
0,0.1920,15924
0,0.1920,16380
0,0.1920,28674
0,0.1920,34690
0,0.1920,38010
0,0.1920,47267
0,0.1920,47564
0,0.1920,72491
0,0.1920,126642
0,0.1920,512734
0,0.1920,514596
0,0.1920,532909
0,0.1920,812186
0,0.1921,12065
0,0.1921,12510
0,0.1921,12635
0,0.1921,12727
0,0.1921,12750
0,0.1921,13121
0,0.1921,14224
0,0.1921,15495
0,0.1921,18563
0,0.1921,21692
0,0.1921,24016
0,0.1921,24699
0,0.1921,31749
0,0.1921,35464
0,0.1921,94555
0,0.1921,98544
0,0.1921,513354
0,0.1921,517501
0,0.1921,801415
0,0.1921,802955
0,0.1921,805227
0,0.1921,830295
0,0.1921,907256
0,0.1922,10184
0,0.1922,10282
0,0.1922,11201
0,0.1922,11825
0,0.1922,16506
0,0.1922,17342
0,0.1922,20780
0,0.1922,24136
0,0.1922,24382
0,0.1922,30962
0,0.1922,35978
0,0.1922,40888
0,0.1922,511881
0,0.1922,800228
0,0.1922,802147
0,0.1922,806253
0,0.1923,11402
0,0.1923,12732
0,0.1923,14259
0,0.1923,16836
0,0.1923,18932
0,0.1923,22084
0,0.1923,29135
0,0.1923,34824
0,0.1923,41958
0,0.1923,42997
0,0.1923,44313
0,0.1923,45288
0,0.1923,49693
0,0.1923,178990
0,0.1923,339863
0,0.1923,522823
0,0.1923,821754
0,0.1923,828126
0,0.1923,905078
0,0.1923,909139
0,0.1923,711866623
0,0.1924,10236
0,0.1924,10302
0,0.1924,10704
0,0.1924,11155
0,0.1924,11903
0,0.1924,13134
0,0.1924,13158
0,0.1924,14289
0,0.1924,14328
0,0.1924,20185
0,0.1924,24463
0,0.1924,26741
0,0.1924,27737
0,0.1924,31906
0,0.1924,52728
0,0.1924,107241
0,0.1924,125991
0,0.1924,150335
0,0.1924,511857
0,0.1924,512390
0,0.1924,517105
0,0.1924,522809
0,0.1924,803033
0,0.1924,804180
0,0.1924,804398
0,0.1924,806061
0,0.1924,828718
0,0.1925,11455
0,0.1925,13306
0,0.1925,13969
0,0.1925,14255
0,0.1925,16875
0,0.1925,19118
0,0.1925,27524
0,0.1925,50397
0,0.1925,522443
0,0.1925,524717
0,0.1925,529129
0,0.1925,801133
0,0.1925,842254
0,0.1926,10356
0,0.1926,11306
0,0.1926,11568
0,0.1926,12318
0,0.1926,12993
0,0.1926,13258
0,0.1926,13760
0,0.1926,13872
0,0.1926,14533
0,0.1926,16275
0,0.1926,23854
0,0.1926,26287
0,0.1926,28681
0,0.1926,35540
0,0.1926,37196
0,0.1926,40015
0,0.1926,70651
0,0.1926,210670
0,0.1926,520390
0,0.1926,521266
0,0.1926,801530
0,0.1926,801843
0,0.1926,828126
0,0.1926,873387
0,0.1926,903425
0,0.1927,10378
0,0.1927,11420
0,0.1927,12933
0,0.1927,13101
0,0.1927,14428
0,0.1927,14881
0,0.1927,15731
0,0.1927,16641
0,0.1927,17325
0,0.1927,17938
0,0.1927,20158
0,0.1927,24828
0,0.1927,30310
0,0.1927,31735
0,0.1927,32477
0,0.1927,33492
0,0.1927,33838
0,0.1927,34120
0,0.1927,37921
0,0.1927,39432
0,0.1927,44250
0,0.1927,95758
0,0.1927,515289
0,0.1927,522757
0,0.1927,803070
0,0.1928,10150
0,0.1928,10997
0,0.1928,11200
0,0.1928,12651
0,0.1928,12907
0,0.1928,16754
0,0.1928,18128
0,0.1928,19616
0,0.1928,30446
0,0.1928,32462
0,0.1928,42332
0,0.1928,46388
0,0.1928,173462
0,0.1928,512305
0,0.1928,514997
0,0.1928,802455
0,0.1928,821892
0,0.1929,10052
0,0.1929,10105
0,0.1929,10288
0,0.1929,10661
0,0.1929,10800
0,0.1929,10855
0,0.1929,11220
0,0.1929,11495
0,0.1929,13613
0,0.1929,15768
0,0.1929,15839
0,0.1929,21460
0,0.1929,21646
0,0.1929,25939
0,0.1929,32388
0,0.1929,36070
0,0.1929,45427
0,0.1929,147927
0,0.1929,516666
0,0.1929,522387
0,0.1930,10204
0,0.1930,11142
0,0.1930,11166
0,0.1930,13442
0,0.1930,13628
0,0.1930,18712
0,0.1930,30477
0,0.1930,39251
0,0.1930,58532
0,0.1930,59983
0,0.1930,63122
0,0.1930,89542
0,0.1930,200001
0,0.1930,521256
0,0.1930,522734
0,0.1930,524902
0,0.1930,800845
0,0.1930,802755
0,0.1930,827502
0,0.1930,828126
0,0.1931,10040
0,0.1931,10243
0,0.1931,10415
0,0.1931,10669
0,0.1931,12232
0,0.1931,13707
0,0.1931,16493
0,0.1931,16986
0,0.1931,19921
0,0.1931,19956
0,0.1931,28559
0,0.1931,37190
0,0.1931,44005
0,0.1931,50228
0,0.1931,58331
0,0.1931,95462
0,0.1931,513188
0,0.1931,956305
0,0.1932,10291
0,0.1932,11131
0,0.1932,11344
0,0.1932,13315
0,0.1932,13607
0,0.1932,13858
0,0.1932,17272
0,0.1932,18170
0,0.1932,30421
0,0.1932,57240
0,0.1932,137497
0,0.1932,516098
0,0.1932,521406
0,0.1932,530449
0,0.1932,802164
0,0.1932,803052
0,0.1932,804288
0,0.1932,805244
0,0.1932,806620
0,0.1932,817684
0,0.1932,902553
0,0.1933,10597
0,0.1933,10831
0,0.1933,10969
0,0.1933,11238
0,0.1933,11371
0,0.1933,11401
0,0.1933,11447
0,0.1933,11607
0,0.1933,12067
0,0.1933,13984
0,0.1933,14499
0,0.1933,15534
0,0.1933,17930
0,0.1933,18125
0,0.1933,27973
0,0.1933,59170
0,0.1933,59776
0,0.1933,63923
0,0.1933,68889
0,0.1933,520812
0,0.1933,908763
0,0.1933,353379798
0,0.1934,10299
0,0.1934,10867
0,0.1934,10994
0,0.1934,11199
0,0.1934,15176
0,0.1934,21671
0,0.1934,22204
0,0.1934,26495
0,0.1934,28791
0,0.1934,36730
0,0.1934,38389
0,0.1934,44816
0,0.1934,64301
0,0.1934,108860
0,0.1934,127571
0,0.1934,514579
0,0.1934,521374
0,0.1934,803804
0,0.1934,803929
0,0.1934,918582
0,0.1935,10564
0,0.1935,10820
0,0.1935,11341
0,0.1935,11419
0,0.1935,11654
0,0.1935,12411
0,0.1935,12900
0,0.1935,12923
0,0.1935,15362
0,0.1935,28251
0,0.1935,32016
0,0.1935,34820
0,0.1935,43881
0,0.1935,48638
0,0.1935,61273
0,0.1935,68658
0,0.1935,70486
0,0.1935,515933
0,0.1935,800412
0,0.1935,801658
0,0.1935,804887
0,0.1935,821236
0,0.1935,900035
0,0.1936,10210
0,0.1936,10242
0,0.1936,11416
0,0.1936,11710
0,0.1936,11896
0,0.1936,14227
0,0.1936,15605
0,0.1936,17821
0,0.1936,18915
0,0.1936,21468
0,0.1936,24968
0,0.1936,29129
0,0.1936,36306
0,0.1936,44669
0,0.1936,48914
0,0.1936,140790
0,0.1936,512077
0,0.1936,530880
0,0.1936,531299
0,0.1936,547701
0,0.1936,567101
0,0.1936,581422
0,0.1936,804195
0,0.1936,819096
0,0.1936,118002941
0,0.1937,10114
0,0.1937,12060
0,0.1937,12872
0,0.1937,13537
0,0.1937,14863
0,0.1937,15059
0,0.1937,24232
0,0.1937,27371
0,0.1937,81710
0,0.1937,511839
0,0.1937,513284
0,0.1937,520194
0,0.1937,523786
0,0.1937,533155
0,0.1937,825184
0,0.1937,903107
0,0.1937,955284
0,0.1937,912111327
0,0.1938,11699
0,0.1938,12503
0,0.1938,12843
0,0.1938,13205
0,0.1938,13428
0,0.1938,14263
0,0.1938,15496
0,0.1938,25045
0,0.1938,26211
0,0.1938,29207
0,0.1938,30825
0,0.1938,33298
0,0.1938,33842
0,0.1938,70317
0,0.1938,219189
0,0.1938,516256
0,0.1938,517548
0,0.1938,520817
0,0.1938,520820
0,0.1938,522337
0,0.1938,555837
0,0.1938,803224
0,0.1938,805489
0,0.1938,807787
0,0.1938,821201
0,0.1938,932321
0,0.1938,1111554233
0,0.1939,11883
0,0.1939,12654
0,0.1939,12844
0,0.1939,14434
0,0.1939,14919
0,0.1939,16360
0,0.1939,16517
0,0.1939,16907
0,0.1939,17156
0,0.1939,19327
0,0.1939,24701
0,0.1939,26666
0,0.1939,28254
0,0.1939,30164
0,0.1939,31352
0,0.1939,41056
0,0.1939,53652
0,0.1939,58730
0,0.1939,512750
0,0.1939,513033
0,0.1939,521745
0,0.1939,547689
0,0.1939,803562
0,0.1939,805953
0,0.1939,817974
0,0.1939,830766
0,0.1939,834861
0,0.1939,105856729
0,0.1939,1137406009
0,0.1940,11426
0,0.1940,11623
0,0.1940,12716
0,0.1940,13273
0,0.1940,14435
0,0.1940,15273
0,0.1940,16125
0,0.1940,23369
0,0.1940,23812
0,0.1940,29116
0,0.1940,30610
0,0.1940,38268
0,0.1940,40390
0,0.1940,42700
0,0.1940,44827
0,0.1940,145530
0,0.1940,247112
0,0.1940,513146
0,0.1940,519443
0,0.1940,828718
0,0.1941,10133
0,0.1941,10368
0,0.1941,10748
0,0.1941,11989
0,0.1941,12131
0,0.1941,13080
0,0.1941,15502
0,0.1941,17958
0,0.1941,18779
0,0.1941,19594
0,0.1941,23601
0,0.1941,27682
0,0.1941,37714
0,0.1941,39026
0,0.1941,39095
0,0.1941,56362
0,0.1941,70539
0,0.1941,108738
0,0.1941,514045
0,0.1941,519900
0,0.1941,520016
0,0.1941,520087
0,0.1941,524361
0,0.1941,802174
0,0.1941,820271
0,0.1941,821892
0,0.1942,10658
0,0.1942,10825
0,0.1942,10839
0,0.1942,11603
0,0.1942,13167
0,0.1942,13586
0,0.1942,14191
0,0.1942,14311
0,0.1942,20300
0,0.1942,28522
0,0.1942,50575
0,0.1942,151041
0,0.1942,470711
0,0.1942,511846
0,0.1942,520442
0,0.1942,523600
0,0.1942,557215
0,0.1942,800594
0,0.1942,820434
0,0.1942,864655
0,0.1943,10967
0,0.1943,11188
0,0.1943,11497
0,0.1943,11893
0,0.1943,12137
0,0.1943,12532
0,0.1943,12606
0,0.1943,14619
0,0.1943,15888
0,0.1943,19850
0,0.1943,24874
0,0.1943,26455
0,0.1943,38650
0,0.1943,69319
0,0.1943,518604
0,0.1943,552318
0,0.1943,556038
0,0.1943,556346
0,0.1943,800181
0,0.1943,804299
0,0.1943,842520
0,0.1943,936341
0,0.1943,936810
0,0.1944,10072
0,0.1944,10376
0,0.1944,14093
0,0.1944,18156
0,0.1944,18238
0,0.1944,25554
0,0.1944,27117
0,0.1944,31911
0,0.1944,48146
0,0.1944,69233
0,0.1944,519865
0,0.1944,549508
0,0.1944,800851
0,0.1944,823205
0,0.1944,908747
0,0.1945,10432
0,0.1945,11563
0,0.1945,20007
0,0.1945,30371
0,0.1945,46724
0,0.1945,59994
0,0.1945,101652
0,0.1945,511882
0,0.1945,514546
0,0.1945,522738
0,0.1945,522983
0,0.1945,801492
0,0.1945,848264
0,0.1946,10041
0,0.1946,10457
0,0.1946,12454
0,0.1946,13026
0,0.1946,13559
0,0.1946,15458
0,0.1946,17408
0,0.1946,32315
0,0.1946,61243
0,0.1946,71649
0,0.1946,99095
0,0.1946,517847
0,0.1946,519363
0,0.1946,529422
0,0.1946,531768
0,0.1946,821058
0,0.1946,861290
0,0.1947,10687
0,0.1947,11967
0,0.1947,15499
0,0.1947,16399
0,0.1947,16642
0,0.1947,25038
0,0.1947,53639
0,0.1947,83143
0,0.1947,116166
0,0.1947,513405
0,0.1947,516369
0,0.1947,518194
0,0.1947,519705
0,0.1947,521763
0,0.1947,800167
0,0.1947,816113
0,0.1947,818085
0,0.1947,830766
0,0.1947,904184
0,0.1947,946767
0,0.1947,106822444
0,0.1948,10118
0,0.1948,10362
0,0.1948,10624
0,0.1948,11085
0,0.1948,12298
0,0.1948,13018
0,0.1948,14542
0,0.1948,16457
0,0.1948,17454
0,0.1948,20545
0,0.1948,23619
0,0.1948,24246
0,0.1948,39556
0,0.1948,39813
0,0.1948,47438
0,0.1948,64399
0,0.1948,81442
0,0.1948,104220
0,0.1948,130279
0,0.1948,515072
0,0.1948,559141
0,0.1948,800042
0,0.1948,800890
0,0.1948,803017
0,0.1948,815205
0,0.1948,817089
0,0.1948,826503
0,0.1949,10180
0,0.1949,10185
0,0.1949,13427
0,0.1949,14871
0,0.1949,25792
0,0.1949,28943
0,0.1949,30930
0,0.1949,34949
0,0.1949,35196
0,0.1949,48982
0,0.1949,53138
0,0.1949,57935
0,0.1949,512042
0,0.1949,514125
0,0.1949,519399
0,0.1949,800112
0,0.1949,802181
0,0.1949,803470
0,0.1949,821892
0,0.1950,10110
0,0.1950,10652
0,0.1950,14756
0,0.1950,17878
0,0.1950,21918
0,0.1950,22276
0,0.1950,23206
0,0.1950,27296
0,0.1950,30807
0,0.1950,31496
0,0.1950,45745
0,0.1950,166976
0,0.1950,513463
0,0.1950,519692
0,0.1950,520210
0,0.1950,521814
0,0.1950,533667
0,0.1950,555176
0,0.1950,556347
0,0.1950,805165
0,0.1950,932796
0,0.1951,10169
0,0.1951,13342
0,0.1951,13751
0,0.1951,14276
0,0.1951,17696
0,0.1951,18504
0,0.1951,18889
0,0.1951,19218
0,0.1951,19963
0,0.1951,27983
0,0.1951,521059
0,0.1951,522974
0,0.1951,814989
0,0.1951,820943
0,0.1951,864655
0,0.1951,155143464
0,0.1952,10102
0,0.1952,10241
0,0.1952,13892
0,0.1952,15382
0,0.1952,20818
0,0.1952,24848
0,0.1952,26284
0,0.1952,37719
0,0.1952,119860
0,0.1952,154359
0,0.1952,364582
0,0.1952,512927
0,0.1952,514988
0,0.1952,518777
0,0.1952,521240
0,0.1952,537899
0,0.1953,10914
0,0.1953,11021
0,0.1953,11338
0,0.1953,11806
0,0.1953,11947
0,0.1953,15361
0,0.1953,15616
0,0.1953,15997
0,0.1953,19802
0,0.1953,20402
0,0.1953,21353
0,0.1953,22240
0,0.1953,35109
0,0.1953,98157
0,0.1953,512328
0,0.1953,517256
0,0.1953,800214
0,0.1953,801976
0,0.1953,802308
0,0.1953,817453
0,0.1953,908183
0,0.1953,954981
0,0.1954,11375
0,0.1954,12398
0,0.1954,14061
0,0.1954,16175
0,0.1954,18226
0,0.1954,19767
0,0.1954,20544
0,0.1954,21191
0,0.1954,22536
0,0.1954,26481
0,0.1954,32258
0,0.1954,146588
0,0.1954,523675
0,0.1954,524894
0,0.1954,801895
0,0.1954,802190
0,0.1954,804530
0,0.1954,808183
0,0.1954,809980
0,0.1954,816644
0,0.1954,821892
0,0.1954,828126
0,0.1955,12358
0,0.1955,12802
0,0.1955,18766
0,0.1955,22900
0,0.1955,23236
0,0.1955,25763
0,0.1955,29806
0,0.1955,45024
0,0.1955,54133
0,0.1955,511823
0,0.1955,520641
0,0.1955,804078
0,0.1955,821201
0,0.1956,11805
0,0.1956,15568
0,0.1956,16794
0,0.1956,18165
0,0.1956,19189
0,0.1956,28093
0,0.1956,54440
0,0.1956,57797
0,0.1956,76194
0,0.1956,149390
0,0.1956,513283
0,0.1956,519132
0,0.1956,519454
0,0.1956,519514
0,0.1956,524655
0,0.1956,537135
0,0.1956,802368
0,0.1956,803440
0,0.1956,861290
0,0.1957,10035
0,0.1957,11486
0,0.1957,12506
0,0.1957,13317
0,0.1957,14939
0,0.1957,18327
0,0.1957,18419
0,0.1957,18585
0,0.1957,21124
0,0.1957,23479
0,0.1957,49318
0,0.1957,512236
0,0.1957,512513
0,0.1957,521815
0,0.1957,529519
0,0.1957,530668
0,0.1957,537027
0,0.1957,555257
0,0.1957,800212
0,0.1957,800343
0,0.1957,800724
0,0.1957,829714
0,0.1957,105856729
0,0.1958,11445
0,0.1958,12109
0,0.1958,17380
0,0.1958,18744
0,0.1958,20418
0,0.1958,22058
0,0.1958,22327
0,0.1958,23273
0,0.1958,34680
0,0.1958,54602
0,0.1958,58517
0,0.1958,70088
0,0.1958,102689
0,0.1958,134610
0,0.1958,533411
0,0.1958,800048
0,0.1958,803732
0,0.1959,10537
0,0.1959,14330
0,0.1959,14727
0,0.1959,17402
0,0.1959,19760
0,0.1959,30313
0,0.1959,33586
0,0.1959,103779
0,0.1959,112897
0,0.1959,520439
0,0.1959,522706
0,0.1959,533618
0,0.1959,800376
0,0.1959,932322
0,0.1960,10187
0,0.1960,10294
0,0.1960,11221
0,0.1960,11254
0,0.1960,11613
0,0.1960,11764
0,0.1960,11902
0,0.1960,27302
0,0.1960,39368
0,0.1960,39504
0,0.1960,50965
0,0.1960,513174
0,0.1960,518707
0,0.1960,525958
0,0.1960,533811
0,0.1960,553194
0,0.1960,558854
0,0.1960,571495
0,0.1960,1137406009
0,0.1961,10165
0,0.1961,14461
0,0.1961,20620
0,0.1961,39382
0,0.1961,43695
0,0.1961,53086
0,0.1961,63798
0,0.1961,83621
0,0.1961,115704
0,0.1961,117741
0,0.1961,234867
0,0.1961,512932
0,0.1961,514405
0,0.1961,515015
0,0.1961,520341
0,0.1961,527048
0,0.1961,954981
0,0.1961,956323
0,0.1961,105856729
0,0.1961,107629970
0,0.1962,10099
0,0.1962,10222
0,0.1962,11280
0,0.1962,13229
0,0.1962,14011
0,0.1962,14029
0,0.1962,14986
0,0.1962,22072
0,0.1962,34576
0,0.1962,92871
0,0.1962,470711
0,0.1962,513378
0,0.1962,514015
0,0.1962,555259
0,0.1962,818370
0,0.1962,830333
0,0.1962,1111554233
0,0.1963,13013
0,0.1963,18278
0,0.1963,18749
0,0.1963,29493
0,0.1963,38835
0,0.1963,51159
0,0.1963,539620
0,0.1963,800171
0,0.1963,802566
0,0.1963,812884
0,0.1964,10338
0,0.1964,10497
0,0.1964,10868
0,0.1964,10950
0,0.1964,11634
0,0.1964,13151
0,0.1964,14869
0,0.1964,15451
0,0.1964,15713
0,0.1964,18730
0,0.1964,19015
0,0.1964,19982
0,0.1964,23212
0,0.1964,63939
0,0.1964,86661
0,0.1964,123422
0,0.1964,522984
0,0.1964,531647
0,0.1964,555342
0,0.1965,12437
0,0.1965,12838
0,0.1965,13033
0,0.1965,18601
0,0.1965,27416
0,0.1965,46159
0,0.1965,78573
0,0.1965,82136
0,0.1965,106593
0,0.1965,800638
0,0.1965,909612
0,0.1966,10109
0,0.1966,10529
0,0.1966,10807
0,0.1966,11723
0,0.1966,12443
0,0.1966,14041
0,0.1966,16579
0,0.1966,16787
0,0.1966,17685
0,0.1966,19886
0,0.1966,20087
0,0.1966,22870
0,0.1966,23325
0,0.1966,30930
0,0.1966,32505
0,0.1966,33075
0,0.1966,41887
0,0.1966,222777
0,0.1966,519140
0,0.1966,524610
0,0.1966,801998
0,0.1967,10852
0,0.1967,11674
0,0.1967,17554
0,0.1967,21520
0,0.1967,33079
0,0.1967,35743
0,0.1967,57577
0,0.1967,154726
0,0.1967,174420
0,0.1967,294178
0,0.1967,512928
0,0.1967,514605
0,0.1967,518309
0,0.1967,520581
0,0.1967,800554
0,0.1967,907256
0,0.1968,10061
0,0.1968,11368
0,0.1968,13294
0,0.1968,13640
0,0.1968,13692
0,0.1968,14766
0,0.1968,15364
0,0.1968,16636
0,0.1968,18054
0,0.1968,18437
0,0.1968,19036
0,0.1968,20715
0,0.1968,27714
0,0.1968,27834
0,0.1968,32805
0,0.1968,109149
0,0.1968,511821
0,0.1968,512858
0,0.1968,514324
0,0.1968,521813
0,0.1968,522428
0,0.1968,801816
0,0.1968,804514
0,0.1968,820434
0,0.1968,908745
0,0.1969,10120
0,0.1969,10479
0,0.1969,11900
0,0.1969,12091
0,0.1969,12710
0,0.1969,12718
0,0.1969,14223
0,0.1969,17726
0,0.1969,20497
0,0.1969,26417
0,0.1969,26665
0,0.1969,29458
0,0.1969,37265
0,0.1969,37842
0,0.1969,511778
0,0.1969,517202
0,0.1969,521126
0,0.1969,521241
0,0.1969,523776
0,0.1969,801828
0,0.1969,805097
0,0.1969,805532
0,0.1969,811034
0,0.1970,10285
0,0.1970,11255
0,0.1970,12855
0,0.1970,13302
0,0.1970,13568
0,0.1970,15274
0,0.1970,18745
0,0.1970,37142
0,0.1970,38338
0,0.1970,48301
0,0.1970,79788
0,0.1970,138585
0,0.1970,441056
0,0.1970,513464
0,0.1970,559554
0,0.1970,802139
0,0.1971,10027
0,0.1971,10845
0,0.1971,10896
0,0.1971,11053
0,0.1971,12104
0,0.1971,12159
0,0.1971,12811
0,0.1971,13863
0,0.1971,15094
0,0.1971,15325
0,0.1971,15612
0,0.1971,16438
0,0.1971,16708
0,0.1971,17508
0,0.1971,17835
0,0.1971,84693
0,0.1971,511828
0,0.1971,516643
0,0.1971,520646
0,0.1971,527350
0,0.1971,529489
0,0.1971,537032
0,0.1971,541755
0,0.1971,555502
0,0.1971,800313
0,0.1971,800504
0,0.1971,819387
0,0.1971,842254
0,0.1972,10249
0,0.1972,11663
0,0.1972,15514
0,0.1972,19334
0,0.1972,29635
0,0.1972,35532
0,0.1972,44931
0,0.1972,45118
0,0.1972,46073
0,0.1972,57505
0,0.1972,129234
0,0.1972,131748
0,0.1972,522732
0,0.1972,524073
0,0.1972,532750
0,0.1972,905792
0,0.1972,906554
0,0.1972,956305
0,0.1973,10303
0,0.1973,10475
0,0.1973,12747
0,0.1973,13217
0,0.1973,15782
0,0.1973,16537
0,0.1973,16951
0,0.1973,19215
0,0.1973,21613
0,0.1973,33072
0,0.1973,41640
0,0.1973,64180
0,0.1973,152496
0,0.1973,190421
0,0.1973,256844
0,0.1973,513968
0,0.1973,515029
0,0.1973,529125
0,0.1973,530445
0,0.1973,806013
0,0.1973,806730
0,0.1973,811786
0,0.1974,10097
0,0.1974,11836
0,0.1974,12319
0,0.1974,13124
0,0.1974,13228
0,0.1974,14127
0,0.1974,14424
0,0.1974,14686
0,0.1974,15051
0,0.1974,16180
0,0.1974,16381
0,0.1974,25184
0,0.1974,30108
0,0.1974,30498
0,0.1974,39847
0,0.1974,512041
0,0.1974,512793
0,0.1974,520155
0,0.1974,105856729
0,0.1975,10137
0,0.1975,11503
0,0.1975,11638
0,0.1975,11982
0,0.1975,13442
0,0.1975,15494
0,0.1975,15714
0,0.1975,16093
0,0.1975,16599
0,0.1975,20774
0,0.1975,85527
0,0.1975,175572
0,0.1975,208976
0,0.1975,512581
0,0.1975,515844
0,0.1975,517852
0,0.1975,519332
0,0.1975,529385
0,0.1975,800317
0,0.1975,801295
0,0.1975,804958
0,0.1975,815064
0,0.1976,10078
0,0.1976,10100
0,0.1976,10122
0,0.1976,10295
0,0.1976,10428
0,0.1976,10539
0,0.1976,12584
0,0.1976,13434
0,0.1976,14912
0,0.1976,16311
0,0.1976,19452
0,0.1976,19618
0,0.1976,20831
0,0.1976,21932
0,0.1976,40994
0,0.1976,48491
0,0.1976,125111
0,0.1976,289948
0,0.1976,517512
0,0.1976,520560
0,0.1976,520621
0,0.1976,520888
0,0.1976,861290
0,0.1976,932684
0,0.1977,11665
0,0.1977,12748
0,0.1977,13526
0,0.1977,15680
0,0.1977,16465
0,0.1977,16735
0,0.1977,22799
0,0.1977,24702
0,0.1977,27614
0,0.1977,54104
0,0.1977,58909
0,0.1977,104187
0,0.1977,512514
0,0.1977,514043
0,0.1977,514410
0,0.1977,519616
0,0.1977,520817
0,0.1977,521129
0,0.1977,526612
0,0.1977,817089
0,0.1978,11586
0,0.1978,11874
0,0.1978,13864
0,0.1978,13969
0,0.1978,14552
0,0.1978,38926
0,0.1978,43866
0,0.1978,48667
0,0.1978,51682
0,0.1978,107195
0,0.1978,511841
0,0.1978,513111
0,0.1978,801280
0,0.1978,802544
0,0.1978,816439
0,0.1978,903642
0,0.1978,1052043704
0,0.1979,10515
0,0.1979,10553
0,0.1979,10638
0,0.1979,12155
0,0.1979,15765
0,0.1979,15955
0,0.1979,16370
0,0.1979,16671
0,0.1979,28190
0,0.1979,29908
0,0.1979,514547
0,0.1979,519144
0,0.1979,524761
0,0.1979,800008
0,0.1979,801841
0,0.1979,806636
0,0.1979,1050014552
0,0.1980,10011
0,0.1980,10299
0,0.1980,11017
0,0.1980,11606
0,0.1980,13576
0,0.1980,17301
0,0.1980,18670
0,0.1980,24922
0,0.1980,32392
0,0.1980,38272
0,0.1980,81228
0,0.1980,144334
0,0.1980,512825
0,0.1980,520863
0,0.1980,522465
0,0.1980,531708
0,0.1980,807359
0,0.1980,817453
0,0.1980,908745
0,0.1980,941319
0,0.1980,324178811
0,0.1980,1053174360
0,0.1981,10707
0,0.1981,13184
0,0.1981,14881
0,0.1981,18823
0,0.1981,23209
0,0.1981,25939
0,0.1981,41428
0,0.1981,41598
0,0.1981,70325
0,0.1981,94433
0,0.1981,512549
0,0.1981,519715
0,0.1981,520039
0,0.1981,521236
0,0.1981,801507
0,0.1981,802486
0,0.1981,802652
0,0.1982,17790
0,0.1982,19089
0,0.1982,27191
0,0.1982,49947
0,0.1982,61398
0,0.1982,61896
0,0.1982,199633
0,0.1982,303314
0,0.1982,512544
0,0.1982,513499
0,0.1982,514230
0,0.1982,515933
0,0.1982,516072
0,0.1982,522762
0,0.1982,801715
0,0.1982,802392
0,0.1982,819656
0,0.1982,903727
0,0.1983,10018
0,0.1983,10184
0,0.1983,10447
0,0.1983,11618
0,0.1983,12151
0,0.1983,12487
0,0.1983,13667
0,0.1983,14259
0,0.1983,14664
0,0.1983,17902
0,0.1983,19290
0,0.1983,25892
0,0.1983,35058
0,0.1983,44903
0,0.1983,803129
0,0.1983,811204
0,0.1983,1137406009
0,0.1984,10692
0,0.1984,11012
0,0.1984,11072
0,0.1984,12239
0,0.1984,16029
0,0.1984,16538
0,0.1984,19158
0,0.1984,27538
0,0.1984,55527
0,0.1984,56560
0,0.1984,64607
0,0.1984,100809
0,0.1984,134100
0,0.1984,512187
0,0.1984,512305
0,0.1984,513646
0,0.1984,519840
0,0.1984,530789
0,0.1984,549024
0,0.1984,556286
0,0.1984,801258
0,0.1984,803757
0,0.1985,13772
0,0.1985,14997
0,0.1985,16540
0,0.1985,16700
0,0.1985,16862
0,0.1985,17173
0,0.1985,33316
0,0.1985,219189
0,0.1985,513340
0,0.1985,517548
0,0.1985,803524
0,0.1986,10415
0,0.1986,10462
0,0.1986,11614
0,0.1986,12252
0,0.1986,12572
0,0.1986,13788
0,0.1986,14434
0,0.1986,15858
0,0.1986,24382
0,0.1986,24708
0,0.1986,26798
0,0.1986,28791
0,0.1986,98544
0,0.1986,105709
0,0.1986,114715
0,0.1986,128709
0,0.1986,515760
0,0.1986,517255
0,0.1986,519328
0,0.1986,522841
0,0.1986,523786
0,0.1986,524732
0,0.1986,530435
0,0.1986,534361
0,0.1986,534534
0,0.1986,535347
0,0.1986,801970
0,0.1986,810086
0,0.1986,936713
0,0.1987,10290
0,0.1987,11324
0,0.1987,15176
0,0.1987,17275
0,0.1987,19902
0,0.1987,23601
0,0.1987,25780
0,0.1987,33168
0,0.1987,38706
0,0.1987,61845
0,0.1987,84758
0,0.1987,247112
0,0.1987,800056
0,0.1988,11326
0,0.1988,11532
0,0.1988,12605
0,0.1988,14790
0,0.1988,15684
0,0.1988,18463
0,0.1988,18779
0,0.1988,21637
0,0.1988,22641
0,0.1988,23703
0,0.1988,30981
0,0.1988,34700
0,0.1988,69544
0,0.1988,168670
0,0.1988,174184
0,0.1988,434891
0,0.1988,513284
0,0.1988,520115
0,0.1988,525062
0,0.1988,803860
0,0.1989,10255
0,0.1989,10368
0,0.1989,10531
0,0.1989,10677
0,0.1989,10844
0,0.1989,10846
0,0.1989,18743
0,0.1989,26749
0,0.1989,27025
0,0.1989,37439
0,0.1989,40390
0,0.1989,49839
0,0.1989,58394
0,0.1989,59387
0,0.1989,517501
0,0.1989,521087
0,0.1989,527525
0,0.1989,801199
0,0.1989,802955
0,0.1989,807560
0,0.1989,952874
0,0.1989,107629970
0,0.1990,12947
0,0.1990,13559
0,0.1990,15360
0,0.1990,18156
0,0.1990,19274
0,0.1990,20468
0,0.1990,21822
0,0.1990,22446
0,0.1990,25312
0,0.1990,29939
0,0.1990,31408
0,0.1990,36812
0,0.1990,40768
0,0.1990,48096
0,0.1990,71503
0,0.1990,71877
0,0.1990,85395
0,0.1990,142802
0,0.1990,235061
0,0.1990,512608
0,0.1990,514045
0,0.1990,517722
0,0.1990,519331
0,0.1990,519720
0,0.1990,800718
0,0.1990,801210
0,0.1990,801267
0,0.1990,903643
0,0.1991,10341
0,0.1991,10593
0,0.1991,11199
0,0.1991,11207
0,0.1991,11989
0,0.1991,15495
0,0.1991,15837
0,0.1991,38858
0,0.1991,40046
0,0.1991,45969
0,0.1991,50952
0,0.1991,51764
0,0.1991,55124
0,0.1991,88944
0,0.1991,122745
0,0.1991,195264
0,0.1991,515675
0,0.1991,518112
0,0.1991,520812
0,0.1991,521409
0,0.1991,522754
0,0.1991,524429
0,0.1991,555340
0,0.1991,803210
0,0.1991,817261
0,0.1991,821236
0,0.1991,905003
0,0.1992,10513
0,0.1992,10735
0,0.1992,10969
0,0.1992,11245
0,0.1992,12506
0,0.1992,14040
0,0.1992,16781
0,0.1992,17174
0,0.1992,19283
0,0.1992,21692
0,0.1992,24122
0,0.1992,36234
0,0.1992,39753
0,0.1992,66142
0,0.1992,80867
0,0.1992,512273
0,0.1992,518461
0,0.1992,523349
0,0.1992,549229
0,0.1992,556346
0,0.1992,801415
0,0.1992,804001
0,0.1992,861290
0,0.1992,902553
0,0.1992,1050045395
0,0.1993,10269
0,0.1993,11710
0,0.1993,12900
0,0.1993,14093
0,0.1993,14566
0,0.1993,17175
0,0.1993,18932
0,0.1993,23602
0,0.1993,30310
0,0.1993,35128
0,0.1993,60056
0,0.1993,144787
0,0.1993,169003
0,0.1993,513520
0,0.1993,521812
0,0.1993,530449
0,0.1993,800004
0,0.1993,819656
0,0.1993,908143
0,0.1993,936838
0,0.1994,10612
0,0.1994,10663
0,0.1994,11131
0,0.1994,11402
0,0.1994,11856
0,0.1994,12777
0,0.1994,13760
0,0.1994,14224
0,0.1994,14747
0,0.1994,15399
0,0.1994,15839
0,0.1994,16360
0,0.1994,19740
0,0.1994,22084
0,0.1994,22838
0,0.1994,29582
0,0.1994,34683
0,0.1994,47107
0,0.1994,58481
0,0.1994,67864
0,0.1994,84735
0,0.1994,92188
0,0.1994,516663
0,0.1994,522815
0,0.1994,559506
0,0.1994,800719
0,0.1994,802145
0,0.1994,802999
0,0.1994,805491
0,0.1994,810198
0,0.1994,914445
0,0.1995,10468
0,0.1995,10704
0,0.1995,11485
0,0.1995,11896
0,0.1995,15562
0,0.1995,17143
0,0.1995,18185
0,0.1995,19104
0,0.1995,22519
0,0.1995,22884
0,0.1995,23619
0,0.1995,24741
0,0.1995,27702
0,0.1995,28184
0,0.1995,31757
0,0.1995,32053
0,0.1995,68271
0,0.1995,76194
0,0.1995,168586
0,0.1995,515950
0,0.1995,517059
0,0.1995,521814
0,0.1995,802307
0,0.1995,803599
0,0.1995,804984
0,0.1995,817261
0,0.1995,820271
0,0.1995,820323
0,0.1995,848264
0,0.1996,10041
0,0.1996,10099
0,0.1996,11184
0,0.1996,11312
0,0.1996,12368
0,0.1996,12651
0,0.1996,15458
0,0.1996,15535
0,0.1996,15693
0,0.1996,18125
0,0.1996,22709
0,0.1996,43398
0,0.1996,45427
0,0.1996,68889
0,0.1996,96106
0,0.1996,166528
0,0.1996,515294
0,0.1996,518194
0,0.1996,574147
0,0.1996,803048
0,0.1996,804556
0,0.1996,821201
0,0.1996,903425
0,0.1996,936524
0,0.1997,10566
0,0.1997,10839
0,0.1997,11174
0,0.1997,12065
0,0.1997,12140
0,0.1997,14192
0,0.1997,14705
0,0.1997,15042
0,0.1997,15149
0,0.1997,17931
0,0.1997,19355
0,0.1997,22185
0,0.1997,22240
0,0.1997,22291
0,0.1997,23025
0,0.1997,23513
0,0.1997,23845
0,0.1997,28559
0,0.1997,54642
0,0.1997,58834
0,0.1997,63124
0,0.1997,129936
0,0.1997,512927
0,0.1997,519365
0,0.1997,520021
0,0.1997,800890
0,0.1997,805227
0,0.1997,813104
0,0.1997,816236
0,0.1997,827683
0,0.1998,10150
0,0.1998,10394
0,0.1998,10917
0,0.1998,11671
0,0.1998,13305
0,0.1998,13551
0,0.1998,13698
0,0.1998,23281
0,0.1998,28674
0,0.1998,37630
0,0.1998,53290
0,0.1998,146404
0,0.1998,287884
0,0.1998,514405
0,0.1998,517183
0,0.1998,517763
0,0.1998,520081
0,0.1998,522387
0,0.1998,529603
0,0.1998,532909
0,0.1998,574357
0,0.1998,802964
0,0.1998,803013
0,0.1998,805072
0,0.1999,10110
0,0.1999,11188
0,0.1999,13456
0,0.1999,13743
0,0.1999,15905
0,0.1999,16110
0,0.1999,17177
0,0.1999,20605
0,0.1999,23682
0,0.1999,23826
0,0.1999,32718
0,0.1999,34403
0,0.1999,74551
0,0.1999,512390
0,0.1999,517257
0,0.1999,524156
0,0.1999,802809
0,0.1999,816113
0,0.2000,10323
0,0.2000,11021
0,0.2000,11054
0,0.2000,11540
0,0.2000,12923
0,0.2000,13058
0,0.2000,13317
0,0.2000,13860
0,0.2000,16008
0,0.2000,17858
0,0.2000,18504
0,0.2000,21053
0,0.2000,21688
0,0.2000,23315
0,0.2000,36235
0,0.2000,512607
0,0.2000,513033
0,0.2000,515062
0,0.2000,518830
0,0.2000,518920
0,0.2000,524136
0,0.2000,555713
0,0.2000,556347
0,0.2000,800126
0,0.2000,800827
0,0.2000,803982
0,0.2000,807639
0,0.2000,954670
0,0.2001,10845
0,0.2001,11155
0,0.2001,14023
0,0.2001,14507
0,0.2001,14509
0,0.2001,14736
0,0.2001,15024
0,0.2001,15150
0,0.2001,16794
0,0.2001,25797
0,0.2001,27296
0,0.2001,30178
0,0.2001,60774
0,0.2001,71991
0,0.2001,514413
0,0.2001,521092
0,0.2001,523533
0,0.2001,801096
0,0.2001,813076
0,0.2001,819656
0,0.2001,936713
0,0.2002,11311
0,0.2002,11699
0,0.2002,12054
0,0.2002,12388
0,0.2002,15212
0,0.2002,15371
0,0.2002,20007
0,0.2002,20678
0,0.2002,22521
0,0.2002,23500
0,0.2002,25045
0,0.2002,25210
0,0.2002,42483
0,0.2002,54462
0,0.2002,59983
0,0.2002,60401
0,0.2002,78782
0,0.2002,514997
0,0.2002,526298
0,0.2002,529207
0,0.2002,800262
0,0.2002,801467
0,0.2002,802223
0,0.2002,761298433
0,0.2003,10564
0,0.2003,10965
0,0.2003,12358
0,0.2003,13471
0,0.2003,14816
0,0.2003,16203
0,0.2003,17156
0,0.2003,17903
0,0.2003,19189
0,0.2003,20818
0,0.2003,25792
0,0.2003,28353
0,0.2003,30537
0,0.2003,31575
0,0.2003,34565
0,0.2003,39813
0,0.2003,114858
0,0.2003,123633
0,0.2003,512319
0,0.2003,513283
0,0.2003,518721
0,0.2003,520367
0,0.2003,800070
0,0.2004,10074
0,0.2004,10168
0,0.2004,10312
0,0.2004,10480
0,0.2004,10959
0,0.2004,10967
0,0.2004,10974
0,0.2004,11180
0,0.2004,11497
0,0.2004,11915
0,0.2004,12976
0,0.2004,13018
0,0.2004,15362
0,0.2004,15616
0,0.2004,16553
0,0.2004,16687
0,0.2004,16899
0,0.2004,18415
0,0.2004,18744
0,0.2004,21527
0,0.2004,28633
0,0.2004,33536
0,0.2004,34896
0,0.2004,35324
0,0.2004,37105
0,0.2004,42059
0,0.2004,136504
0,0.2004,518604
0,0.2004,519003
0,0.2004,521698
0,0.2004,521928
0,0.2004,524968
0,0.2004,527653
0,0.2004,869499
0,0.2004,903317
0,0.2005,10190
0,0.2005,10725
0,0.2005,10816
0,0.2005,12067
0,0.2005,14966
0,0.2005,15117
0,0.2005,16026
0,0.2005,16734
0,0.2005,18419
0,0.2005,23197
0,0.2005,23273
0,0.2005,26901
0,0.2005,26987
0,0.2005,30950
0,0.2005,32258
0,0.2005,34187
0,0.2005,37859
0,0.2005,39134
0,0.2005,39538
0,0.2005,514125
0,0.2005,521075
0,0.2005,522992
0,0.2005,530880
0,0.2005,802224
0,0.2005,803339
0,0.2006,10639
0,0.2006,10671
0,0.2006,10912
0,0.2006,11217
0,0.2006,11419
0,0.2006,12327
0,0.2006,13962
0,0.2006,14289
0,0.2006,15674
0,0.2006,15904
0,0.2006,19760
0,0.2006,21416
0,0.2006,21568
0,0.2006,24050
0,0.2006,24634
0,0.2006,28254
0,0.2006,29028
0,0.2006,34046
0,0.2006,41171
0,0.2006,46466
0,0.2006,58730
0,0.2006,88342
0,0.2006,104033
0,0.2006,521203
0,0.2006,521536
0,0.2006,527318
0,0.2006,530151
0,0.2006,803501
0,0.2006,1050215716
0,0.2007,10378
0,0.2007,11401
0,0.2007,12532
0,0.2007,12686
0,0.2007,13121
0,0.2007,13307
0,0.2007,14464
0,0.2007,15997
0,0.2007,17454
0,0.2007,18109
0,0.2007,19486
0,0.2007,19612
0,0.2007,24866
0,0.2007,31198
0,0.2007,32278
0,0.2007,39442
0,0.2007,47369
0,0.2007,50424
0,0.2007,53086
0,0.2007,60241
0,0.2007,60946
0,0.2007,130455
0,0.2007,514416
0,0.2007,515961
0,0.2007,519296
0,0.2007,523985
0,0.2007,524717
0,0.2007,533748
0,0.2007,800041
0,0.2007,804158
0,0.2008,10497
0,0.2008,12654
0,0.2008,12817
0,0.2008,13158
0,0.2008,14727
0,0.2008,18321
0,0.2008,19308
0,0.2008,20945
0,0.2008,26287
0,0.2008,29106
0,0.2008,29713
0,0.2008,34949
0,0.2008,40742
0,0.2008,43756
0,0.2008,46152
0,0.2008,49672
0,0.2008,57381
0,0.2008,61921
0,0.2008,96586
0,0.2008,523564
0,0.2008,801077
0,0.2008,805825
0,0.2008,828718
0,0.2008,905385
0,0.2008,118002941
0,0.2009,10371
0,0.2009,11701
0,0.2009,12318
0,0.2009,12565
0,0.2009,19825
0,0.2009,21449
0,0.2009,30807
0,0.2009,32675
0,0.2009,34699
0,0.2009,101552
0,0.2009,513463
0,0.2009,516739
0,0.2009,519132
0,0.2009,520210
0,0.2009,520642
0,0.2009,522744
0,0.2009,526864
0,0.2009,529318
0,0.2009,531732
0,0.2009,801105
0,0.2009,801497
0,0.2009,822728
0,0.2009,828126
0,0.2009,829341
0,0.2009,905905
0,0.2009,353379798
0,0.2010,10781
0,0.2010,10825
0,0.2010,11030
0,0.2010,11261
0,0.2010,12377
0,0.2010,13115
0,0.2010,14539
0,0.2010,16075
0,0.2010,17024
0,0.2010,19025
0,0.2010,22122
0,0.2010,31681
0,0.2010,36524
0,0.2010,37735
0,0.2010,37998
0,0.2010,41847
0,0.2010,95057
0,0.2010,215209
0,0.2010,512947
0,0.2010,514952
0,0.2010,520817
0,0.2010,580097
0,0.2010,801189
0,0.2010,802371
0,0.2010,803821
0,0.2010,807369
0,0.2010,811415
0,0.2010,813264
0,0.2010,902501
0,0.2010,906612
0,0.2011,10175
0,0.2011,11338
0,0.2011,13985
0,0.2011,14828
0,0.2011,15484
0,0.2011,16234
0,0.2011,17825
0,0.2011,18559
0,0.2011,24232
0,0.2011,27893
0,0.2011,30761
0,0.2011,85089
0,0.2011,351504
0,0.2011,511844
0,0.2011,523821
0,0.2011,801895
0,0.2011,936810
0,0.2012,10210
0,0.2012,10687
0,0.2012,10691
0,0.2012,11194
0,0.2012,11717
0,0.2012,12395
0,0.2012,12993
0,0.2012,14105
0,0.2012,14871
0,0.2012,23325
0,0.2012,33155
0,0.2012,54176
0,0.2012,62207
0,0.2012,63923
0,0.2012,97678
0,0.2012,512513
0,0.2012,514596
0,0.2012,515321
0,0.2012,519865
0,0.2012,520182
0,0.2012,523550
0,0.2012,523843
0,0.2012,558344
0,0.2012,800181
0,0.2013,10414
0,0.2013,10847
0,0.2013,12194
0,0.2013,12345
0,0.2013,12716
0,0.2013,13432
0,0.2013,13800
0,0.2013,14194
0,0.2013,14206
0,0.2013,14961
0,0.2013,15351
0,0.2013,16493
0,0.2013,17379
0,0.2013,17981
0,0.2013,18921
0,0.2013,19100
0,0.2013,31642
0,0.2013,32013
0,0.2013,34191
0,0.2013,51555
0,0.2013,57935
0,0.2013,73897
0,0.2013,104220
0,0.2013,533293
0,0.2013,800062
0,0.2013,800158
0,0.2013,800212
0,0.2013,802080
0,0.2013,807799
0,0.2013,105856729
0,0.2013,317157307
0,0.2014,11200
0,0.2014,11302
0,0.2014,12240
0,0.2014,13258
0,0.2014,13371
0,0.2014,15398
0,0.2014,15506
0,0.2014,20185
0,0.2014,33232
0,0.2014,39253
0,0.2014,77245
0,0.2014,102689
0,0.2014,513174
0,0.2014,532946
0,0.2014,801503
0,0.2014,801998
0,0.2015,10879
0,0.2015,10887
0,0.2015,12333
0,0.2015,12943
0,0.2015,25318
0,0.2015,26130
0,0.2015,27111
0,0.2015,28248
0,0.2015,30522
0,0.2015,34252
0,0.2015,529385
0,0.2015,801491
0,0.2015,804823
0,0.2015,805244
0,0.2015,807924
0,0.2015,820434
0,0.2015,911639
0,0.2016,10169
0,0.2016,10285
0,0.2016,10385
0,0.2016,10744
0,0.2016,12104
0,0.2016,12742
0,0.2016,12924
0,0.2016,13035
0,0.2016,13771
0,0.2016,15304
0,0.2016,15789
0,0.2016,16105
0,0.2016,16754
0,0.2016,17901
0,0.2016,20715
0,0.2016,30653
0,0.2016,33050
0,0.2016,39687
0,0.2016,63701
0,0.2016,136159
0,0.2016,514988
0,0.2016,519399
0,0.2016,522828
0,0.2016,531769
0,0.2016,803440
0,0.2016,817565
0,0.2016,820943
0,0.2016,904319
0,0.2017,10202
0,0.2017,10356
0,0.2017,10624
0,0.2017,11416
0,0.2017,12006
0,0.2017,12730
0,0.2017,16430
0,0.2017,18588
0,0.2017,18940
0,0.2017,21296
0,0.2017,25970
0,0.2017,26284
0,0.2017,40957
0,0.2017,512534
0,0.2017,512542
0,0.2017,514028
0,0.2017,516110
0,0.2017,522974
0,0.2017,529519
0,0.2017,559141
0,0.2017,800412
0,0.2017,802137
0,0.2017,803561
0,0.2017,820271
0,0.2018,10088
0,0.2018,10138
0,0.2018,10226
0,0.2018,10302
0,0.2018,10868
0,0.2018,11201
0,0.2018,11688
0,0.2018,11900
0,0.2018,13991
0,0.2018,15914
0,0.2018,16490
0,0.2018,16642
0,0.2018,17639
0,0.2018,19900
0,0.2018,22086
0,0.2018,29135
0,0.2018,32762
0,0.2018,58405
0,0.2018,70651
0,0.2018,81201
0,0.2018,126216
0,0.2018,146366
0,0.2018,519944
0,0.2018,521027
0,0.2018,523675
0,0.2018,816644
0,0.2018,903280
0,0.2019,10047
0,0.2019,10172
0,0.2019,10822
0,0.2019,11152
0,0.2019,11568
0,0.2019,12298
0,0.2019,12398
0,0.2019,12902
0,0.2019,13444
0,0.2019,14954
0,0.2019,19427
0,0.2019,21564
0,0.2019,23524
0,0.2019,29344
0,0.2019,34607
0,0.2019,38430
0,0.2019,38847
0,0.2019,40289
0,0.2019,76219
0,0.2019,115666
0,0.2019,511757
0,0.2019,511926
0,0.2019,513827
0,0.2019,521584
0,0.2019,523939
0,0.2019,525066
0,0.2019,525400
0,0.2019,531862
0,0.2019,800369
0,0.2019,815064
0,0.2019,933157
0,0.2019,955284
0,0.2020,10537
0,0.2020,11064
0,0.2020,11327
0,0.2020,12037
0,0.2020,12176
0,0.2020,12500
0,0.2020,12510
0,0.2020,12606
0,0.2020,13595
0,0.2020,13773
0,0.2020,13947
0,0.2020,14869
0,0.2020,16659
0,0.2020,19616
0,0.2020,25684
0,0.2020,26417
0,0.2020,28010
0,0.2020,36894
0,0.2020,42285
0,0.2020,44669
0,0.2020,104367
0,0.2020,121084
0,0.2020,139178
0,0.2020,151777
0,0.2020,512662
0,0.2020,524655
0,0.2020,529498
0,0.2020,800203
0,0.2020,801538
0,0.2021,10114
0,0.2021,10658
0,0.2021,13450
0,0.2021,13515
0,0.2021,14011
0,0.2021,15929
0,0.2021,16390
0,0.2021,16910
0,0.2021,20398
0,0.2021,20520
0,0.2021,21719
0,0.2021,21730
0,0.2021,24246
0,0.2021,29537
0,0.2021,31113
0,0.2021,49220
0,0.2021,67174
0,0.2021,71547
0,0.2021,512106
0,0.2021,516820
0,0.2021,521025
0,0.2021,800157
0,0.2021,800809
0,0.2021,800876
0,0.2021,803007
0,0.2021,813291
0,0.2021,1052043704
0,0.2022,10165
0,0.2022,10243
0,0.2022,12085
0,0.2022,12297
0,0.2022,36704
0,0.2022,37709
0,0.2022,95249
0,0.2022,137497
0,0.2022,234890
0,0.2022,353032
0,0.2022,513364
0,0.2022,514863
0,0.2022,515072
0,0.2022,517913
0,0.2022,518513
0,0.2022,520236
0,0.2022,522761
0,0.2022,522789
0,0.2022,523482
0,0.2022,543989
0,0.2022,800705
0,0.2022,801845
0,0.2022,804445
0,0.2023,11214
0,0.2023,12445
0,0.2023,12802
0,0.2023,13357
0,0.2023,15319
0,0.2023,16051
0,0.2023,16440
0,0.2023,17419
0,0.2023,23009
0,0.2023,23416
0,0.2023,25184
0,0.2023,31324
0,0.2023,37142
0,0.2023,54597
0,0.2023,512795
0,0.2023,520393
0,0.2023,545611
0,0.2023,800132
0,0.2023,803721
0,0.2023,806646
0,0.2023,817798
0,0.2023,823598
0,0.2023,932796
0,0.2024,10292
0,0.2024,10376
0,0.2024,10820
0,0.2024,12181
0,0.2024,13274
0,0.2024,13442
0,0.2024,18343
0,0.2024,19327
0,0.2024,24558
0,0.2024,39608
0,0.2024,39880
0,0.2024,49262
0,0.2024,51159
0,0.2024,99882
0,0.2024,113924
0,0.2024,116555
0,0.2024,522706
0,0.2024,522746
0,0.2024,522753
0,0.2024,579728
0,0.2024,800258
0,0.2024,802296
0,0.2024,821882
0,0.2025,10854
0,0.2025,10969
0,0.2025,11340
0,0.2025,12506
0,0.2025,13537
0,0.2025,13872
0,0.2025,14912
0,0.2025,15310
0,0.2025,19498
0,0.2025,23083
0,0.2025,26576
0,0.2025,27252
0,0.2025,33038
0,0.2025,57791
0,0.2025,59231
0,0.2025,60466
0,0.2025,511881
0,0.2025,515460
0,0.2025,522734
0,0.2025,543158
0,0.2025,559410
0,0.2025,800536
0,0.2025,808183
0,0.2025,814430
0,0.2025,823869
0,0.2025,932322
0,0.2026,10185
0,0.2026,10515
0,0.2026,11280
0,0.2026,13692
0,0.2026,14733
0,0.2026,14772
0,0.2026,15001
0,0.2026,15325
0,0.2026,21932
0,0.2026,29637
0,0.2026,30039
0,0.2026,30716
0,0.2026,36245
0,0.2026,46262
0,0.2026,46687
0,0.2026,47754
0,0.2026,98698
0,0.2026,121308
0,0.2026,518541
0,0.2026,523477
0,0.2026,524733
0,0.2026,533103
0,0.2026,800183
0,0.2026,800257
0,0.2026,824223
0,0.2026,902446
0,0.2027,10072
0,0.2027,10315
0,0.2027,11458
0,0.2027,12676
0,0.2027,13179
0,0.2027,14728
0,0.2027,14881
0,0.2027,15110
0,0.2027,20189
0,0.2027,22126
0,0.2027,24965
0,0.2027,28525
0,0.2027,36374
0,0.2027,38835
0,0.2027,49630
0,0.2027,79979
0,0.2027,123858
0,0.2027,138443
0,0.2027,511823
0,0.2027,512241
0,0.2027,519818
0,0.2027,521662
0,0.2027,529408
0,0.2027,536208
0,0.2027,555238
0,0.2027,800618
0,0.2027,801258
0,0.2027,802914
0,0.2027,803340
0,0.2027,813695
0,0.2027,905849
0,0.2028,10133
0,0.2028,11967
0,0.2028,12809
0,0.2028,13101
0,0.2028,13613
0,0.2028,14137
0,0.2028,14223
0,0.2028,20755
0,0.2028,22870
0,0.2028,27308
0,0.2028,27615
0,0.2028,28123
0,0.2028,31786
0,0.2028,48638
0,0.2028,53641
0,0.2028,148749
0,0.2028,353032
0,0.2028,511778
0,0.2028,512077
0,0.2028,514483
0,0.2028,527048
0,0.2028,527588
0,0.2028,531999
0,0.2028,800167
0,0.2028,800757
0,0.2028,802196
0,0.2028,802704
0,0.2028,802958
0,0.2028,805817
0,0.2028,821892
0,0.2028,926518
0,0.2028,199328457
0,0.2029,10099
0,0.2029,10288
0,0.2029,11375
0,0.2029,11494
0,0.2029,11529
0,0.2029,11654
0,0.2029,11802
0,0.2029,12423
0,0.2029,16506
0,0.2029,25939
0,0.2029,29379
0,0.2029,29535
0,0.2029,32854
0,0.2029,34900
0,0.2029,67789
0,0.2029,133427
0,0.2029,258715
0,0.2029,517601
0,0.2029,532800
0,0.2029,804500
0,0.2029,805362
0,0.2029,805992
0,0.2029,814353
0,0.2029,817261
0,0.2029,902789
0,0.2029,905984
0,0.2030,10050
0,0.2030,10097
0,0.2030,10278
0,0.2030,10574
0,0.2030,11377
0,0.2030,11447
0,0.2030,11947
0,0.2030,12060
0,0.2030,14014
0,0.2030,14863
0,0.2030,16087
0,0.2030,18911
0,0.2030,20272
0,0.2030,28469
0,0.2030,30801
0,0.2030,31975
0,0.2030,36691
0,0.2030,62778
0,0.2030,65193
0,0.2030,79892
0,0.2030,137084
0,0.2030,294178
0,0.2030,454614
0,0.2030,520641
0,0.2030,521633
0,0.2030,523552
0,0.2030,530136
0,0.2030,580819
0,0.2030,800259
0,0.2030,802615
0,0.2030,805165
0,0.2030,815281
0,0.2030,902874
0,0.2030,908747
0,0.2031,10044
0,0.2031,10136
0,0.2031,10599
0,0.2031,11466
0,0.2031,12221
0,0.2031,12815
0,0.2031,13428
0,0.2031,15290
0,0.2031,15393
0,0.2031,15937
0,0.2031,22657
0,0.2031,24963
0,0.2031,30371
0,0.2031,37921
0,0.2031,38190
0,0.2031,44010
0,0.2031,142743
0,0.2031,515015
0,0.2031,519616
0,0.2031,519895
0,0.2031,555259
0,0.2031,800159
0,0.2031,823205
0,0.2031,830295
0,0.2031,1050074465
0,0.2032,11005
0,0.2032,13295
0,0.2032,14820
0,0.2032,15888
0,0.2032,16198
0,0.2032,17491
0,0.2032,18779
0,0.2032,20402
0,0.2032,24683
0,0.2032,25330
0,0.2032,43949
0,0.2032,168492
0,0.2032,521545
0,0.2032,558665
0,0.2032,807167
0,0.2032,902923
0,0.2033,10167
0,0.2033,10365
0,0.2033,11455
0,0.2033,12099
0,0.2033,12811
0,0.2033,12973
0,0.2033,15163
0,0.2033,15713
0,0.2033,16194
0,0.2033,16275
0,0.2033,18678
0,0.2033,19767
0,0.2033,20144
0,0.2033,24382
0,0.2033,36459
0,0.2033,36988
0,0.2033,45722
0,0.2033,48335
0,0.2033,91351
0,0.2033,515757
0,0.2033,517548
0,0.2033,519000
0,0.2033,519347
0,0.2033,800724
0,0.2033,818987
0,0.2033,904983
0,0.2033,928343
0,0.2034,10170
0,0.2034,11495
0,0.2034,14434
0,0.2034,18728
0,0.2034,19995
0,0.2034,21884
0,0.2034,29493
0,0.2034,30933
0,0.2034,41801
0,0.2034,47922
0,0.2034,56695
0,0.2034,107924
0,0.2034,517512
0,0.2034,520194
0,0.2034,520435
0,0.2034,521635
0,0.2034,801257
0,0.2034,801455
0,0.2034,817047
0,0.2035,10041
0,0.2035,11146
0,0.2035,11170
0,0.2035,11618
0,0.2035,12046
0,0.2035,12259
0,0.2035,12503
0,0.2035,12733
0,0.2035,13507
0,0.2035,13836
0,0.2035,18165
0,0.2035,18437
0,0.2035,18985
0,0.2035,19751
0,0.2035,21227
0,0.2035,22276
0,0.2035,29419
0,0.2035,32474
0,0.2035,44816
0,0.2035,45134
0,0.2035,52728
0,0.2035,54440
0,0.2035,69319
0,0.2035,74024
0,0.2035,81710
0,0.2035,515221
0,0.2035,520087
0,0.2035,530874
0,0.2035,800927
0,0.2035,802423
0,0.2035,820191
0,0.2035,820943
0,0.2035,935007
0,0.2036,10187
0,0.2036,10241
0,0.2036,10289
0,0.2036,10319
0,0.2036,10652
0,0.2036,12343
0,0.2036,23261
0,0.2036,25773
0,0.2036,27725
0,0.2036,32393
0,0.2036,35743
0,0.2036,53384
0,0.2036,61079
0,0.2036,521241
0,0.2036,523863
0,0.2036,804835
0,0.2037,10898
0,0.2037,11764
0,0.2037,13324
0,0.2037,13417
0,0.2037,14276
0,0.2037,14399
0,0.2037,17086
0,0.2037,18730
0,0.2037,20620
0,0.2037,23601
0,0.2037,31735
0,0.2037,31923
0,0.2037,42226
0,0.2037,64874
0,0.2037,68489
0,0.2037,512314
0,0.2037,514045
0,0.2037,515547
0,0.2037,518309
0,0.2037,531425
0,0.2037,801193
0,0.2037,932321
0,0.2038,10242
0,0.2038,11142
0,0.2038,11607
0,0.2038,12978
0,0.2038,13360
0,0.2038,13559
0,0.2038,25359
0,0.2038,35196
0,0.2038,45024
0,0.2038,48491
0,0.2038,52665
0,0.2038,154212
0,0.2038,515933
0,0.2038,521814
0,0.2038,536264
0,0.2038,548428
0,0.2038,555344
0,0.2038,557861
0,0.2038,800613
0,0.2038,800856
0,0.2038,801295
0,0.2038,802181
0,0.2038,819656
0,0.2038,1050014552
0,0.2039,10119
0,0.2039,10282
0,0.2039,10952
0,0.2039,11923
0,0.2039,12137
0,0.2039,13151
0,0.2039,14207
0,0.2039,16274
0,0.2039,18585
0,0.2039,18980
0,0.2039,25382
0,0.2039,26137
0,0.2039,27043
0,0.2039,42997
0,0.2039,52016
0,0.2039,59776
0,0.2039,102359
0,0.2039,174420
0,0.2039,512927
0,0.2039,515775
0,0.2039,516098
0,0.2039,542056
0,0.2039,818085
0,0.2039,834861
0,0.2040,10040
0,0.2040,10617
0,0.2040,11087
0,0.2040,11210
0,0.2040,11604
0,0.2040,14283
0,0.2040,16214
0,0.2040,17244
0,0.2040,17325
0,0.2040,17820
0,0.2040,23854
0,0.2040,26962
0,0.2040,29065
0,0.2040,31627
0,0.2040,48342
0,0.2040,48667
0,0.2040,53745
0,0.2040,61285
0,0.2040,84296
0,0.2040,85527
0,0.2040,514546
0,0.2040,521236
0,0.2040,580802
0,0.2040,800505
0,0.2040,848264
0,0.2040,935007
0,0.2041,10294
0,0.2041,11402
0,0.2041,11908
0,0.2041,12396
0,0.2041,12732
0,0.2041,14200
0,0.2041,27106
0,0.2041,39095
0,0.2041,41144
0,0.2041,41414
0,0.2041,44630
0,0.2041,55258
0,0.2041,515026
0,0.2041,517202
0,0.2041,533590
0,0.2041,802544
0,0.2041,805469
0,0.2041,805489
0,0.2041,918582
0,0.2042,10107
0,0.2042,10110
0,0.2042,11403
0,0.2042,11772
0,0.2042,11965
0,0.2042,15237
0,0.2042,15514
0,0.2042,15924
0,0.2042,16781
0,0.2042,17354
0,0.2042,18391
0,0.2042,19065
0,0.2042,27133
0,0.2042,33053
0,0.2042,38316
0,0.2042,42739
0,0.2042,56970
0,0.2042,76194
0,0.2042,131748
0,0.2042,184704
0,0.2042,522752
0,0.2042,526612
0,0.2042,527585
0,0.2042,536058
0,0.2042,801970
0,0.2042,804435
0,0.2042,906092
0,0.2043,10224
0,0.2043,10704
0,0.2043,11445
0,0.2043,12083
0,0.2043,12411
0,0.2043,14643
0,0.2043,14765
0,0.2043,64399
0,0.2043,71843
0,0.2043,121067
0,0.2043,520789
0,0.2043,521587
0,0.2043,802461
0,0.2044,11061
0,0.2044,11795
0,0.2044,12646
0,0.2044,12900
0,0.2044,12992
0,0.2044,14387
0,0.2044,16907
0,0.2044,18504
0,0.2044,21692
0,0.2044,44903
0,0.2044,98544
0,0.2044,100420
0,0.2044,125531
0,0.2044,511828
0,0.2044,513630
0,0.2044,519705
0,0.2044,523776
0,0.2044,530460
0,0.2044,530790
0,0.2044,532747
0,0.2044,533223
0,0.2044,550497
0,0.2044,805026
0,0.2044,806286
0,0.2044,817974
0,0.2044,818370
0,0.2044,819656
0,0.2044,317157307
0,0.2045,10447
0,0.2045,10555
0,0.2045,11896
0,0.2045,12355
0,0.2045,12538
0,0.2045,12763
0,0.2045,16579
0,0.2045,19290
0,0.2045,20831
0,0.2045,35450
0,0.2045,38454
0,0.2045,43113
0,0.2045,60651
0,0.2045,63204
0,0.2045,77481
0,0.2045,94433
0,0.2045,258819
0,0.2045,394860
0,0.2045,511882
0,0.2045,519363
0,0.2045,522354
0,0.2045,529604
0,0.2045,800048
0,0.2045,818987
0,0.2045,903732
0,0.2046,11021
0,0.2046,12106
0,0.2046,13033
0,0.2046,16373
0,0.2046,16986
0,0.2046,17801
0,0.2046,17821
0,0.2046,32315
0,0.2046,40390
0,0.2046,43191
0,0.2046,51658
0,0.2046,54572
0,0.2046,58532
0,0.2046,110756
0,0.2046,223783
0,0.2046,353032
0,0.2046,519230
0,0.2046,800317
0,0.2046,800910
0,0.2046,802579
0,0.2046,804398
0,0.2046,818370
0,0.2046,849272
0,0.2046,936524
0,0.2047,10120
0,0.2047,10494
0,0.2047,11103
0,0.2047,11318
0,0.2047,12055
0,0.2047,13142
0,0.2047,13287
0,0.2047,13969
0,0.2047,15114
0,0.2047,15226
0,0.2047,16794
0,0.2047,18932
0,0.2047,19320
0,0.2047,21637
0,0.2047,21903
0,0.2047,25517
0,0.2047,26242
0,0.2047,26741
0,0.2047,27596
0,0.2047,35532
0,0.2047,36745
0,0.2047,50228
0,0.2047,50420
0,0.2047,80750
0,0.2047,521063
0,0.2047,531009
0,0.2047,820174
0,0.2047,825184
0,0.2048,10100
0,0.2048,10593
0,0.2048,12405
0,0.2048,12843
0,0.2048,12908
0,0.2048,13317
0,0.2048,13516
0,0.2048,15244
0,0.2048,16504
0,0.2048,32967
0,0.2048,47994
0,0.2048,63027
0,0.2048,513146
0,0.2048,556539
0,0.2048,800554
0,0.2048,800718
0,0.2048,820271
0,0.2048,825184
0,0.2048,848955
0,0.2048,1111554233
0,0.2049,10251
0,0.2049,11038
0,0.2049,12454
0,0.2049,13167
0,0.2049,15028
0,0.2049,15451
0,0.2049,15939
0,0.2049,16584
0,0.2049,19615
0,0.2049,19921
0,0.2049,30313
0,0.2049,55423
0,0.2049,56830
0,0.2049,59434
0,0.2049,61398
0,0.2049,517256
0,0.2049,518220
0,0.2049,521240
0,0.2049,527427
0,0.2049,531299
0,0.2049,802402
0,0.2049,814367
0,0.2049,819096
0,0.2049,822772
0,0.2049,711866623
0,0.2050,10109
0,0.2050,10322
0,0.2050,10799
0,0.2050,10855
0,0.2050,11025
0,0.2050,11805
0,0.2050,11877
0,0.2050,12651
0,0.2050,13259
0,0.2050,14063
0,0.2050,16600
0,0.2050,18704
0,0.2050,18953
0,0.2050,19011
0,0.2050,22567
0,0.2050,24671
0,0.2050,27937
0,0.2050,52528
0,0.2050,64180
0,0.2050,83968
0,0.2050,87077
0,0.2050,258819
0,0.2050,517602
0,0.2050,526375
0,0.2050,529603
0,0.2050,803196
0,0.2050,803804
0,0.2050,807312
0,0.2050,818961
0,0.2050,935007
0,0.2051,10332
0,0.2051,13022
0,0.2051,13576
0,0.2051,14348
0,0.2051,14918
0,0.2051,15382
0,0.2051,62574
0,0.2051,167563
0,0.2051,520727
0,0.2051,527199
0,0.2051,530449
0,0.2051,531755
0,0.2051,803052
0,0.2051,806144
0,0.2051,816323
0,0.2051,818399
0,0.2051,418840426
0,0.2052,10285
0,0.2052,10777
0,0.2052,10960
0,0.2052,11903
0,0.2052,11997
0,0.2052,12319
0,0.2052,16569
0,0.2052,17790
0,0.2052,19255
0,0.2052,19602
0,0.2052,20418
0,0.2052,21204
0,0.2052,21609
0,0.2052,22006
0,0.2052,24153
0,0.2052,27302
0,0.2052,28190
0,0.2052,31656
0,0.2052,59057
0,0.2052,64416
0,0.2052,75688
0,0.2052,81442
0,0.2052,81910
0,0.2052,158774
0,0.2052,190319
0,0.2052,512521
0,0.2052,517464
0,0.2052,519443
0,0.2052,521059
0,0.2052,524361
0,0.2052,524902
0,0.2052,531829
0,0.2052,831621
0,0.2052,106822444
0,0.2053,10027
0,0.2053,10255
0,0.2053,12151
0,0.2053,12158
0,0.2053,13025
0,0.2053,17855
0,0.2053,21263
0,0.2053,21543
0,0.2053,22185
0,0.2053,31839
0,0.2053,32062
0,0.2053,34924
0,0.2053,48120
0,0.2053,58561
0,0.2053,88528
0,0.2053,89966
0,0.2053,160320
0,0.2053,287884
0,0.2053,517401
0,0.2053,521292
0,0.2053,564864
0,0.2053,800041
0,0.2053,801164
0,0.2053,801412
0,0.2053,801656
0,0.2053,801965
0,0.2053,802124
0,0.2053,820191
0,0.2053,823598
0,0.2053,902580
0,0.2054,10497
0,0.2054,12255
0,0.2054,13013
0,0.2054,15209
0,0.2054,16370
0,0.2054,16706
0,0.2054,19666
0,0.2054,29806
0,0.2054,38268
0,0.2054,39446
0,0.2054,58481
0,0.2054,66561
0,0.2054,150846
0,0.2054,523636
0,0.2054,527475
0,0.2054,530667
0,0.2054,537032
0,0.2054,568471
0,0.2054,800056
0,0.2054,805776
0,0.2055,10852
0,0.2055,10949
0,0.2055,12159
0,0.2055,12796
0,0.2055,13281
0,0.2055,18749
0,0.2055,24776
0,0.2055,25628
0,0.2055,25638
0,0.2055,28559
0,0.2055,41054
0,0.2055,46153
0,0.2055,47348
0,0.2055,52304
0,0.2055,58394
0,0.2055,65458
0,0.2055,140519
0,0.2055,219189
0,0.2055,247112
0,0.2055,512165
0,0.2055,513054
0,0.2055,514405
0,0.2055,515578
0,0.2055,523392
0,0.2055,524761
0,0.2055,800976
0,0.2055,814115
0,0.2055,819656
0,0.2055,955135
0,0.2056,10514
0,0.2056,12962
0,0.2056,14486
0,0.2056,15891
0,0.2056,15905
0,0.2056,17991
0,0.2056,19036
0,0.2056,26619
0,0.2056,27296
0,0.2056,30541
0,0.2056,63612
0,0.2056,515234
0,0.2056,519866
0,0.2056,520816
0,0.2056,544496
0,0.2056,801366
0,0.2056,809443
0,0.2057,10011
0,0.2057,10306
0,0.2057,10986
0,0.2057,11710
0,0.2057,13117
0,0.2057,13153
0,0.2057,13586
0,0.2057,13650
0,0.2057,17799
0,0.2057,22644
0,0.2057,23232
0,0.2057,29701
0,0.2057,32302
0,0.2057,38315
0,0.2057,44830
0,0.2057,55630
0,0.2057,72133
0,0.2057,90782
0,0.2057,235061
0,0.2057,513499
0,0.2057,517359
0,0.2057,529550
0,0.2057,537899
0,0.2057,556300
0,0.2057,805135
0,0.2057,825184
0,0.2057,935007
0,0.2058,10370
0,0.2058,10428
0,0.2058,11324
0,0.2058,12155
0,0.2058,12679
0,0.2058,12933
0,0.2058,13824
0,0.2058,17175
0,0.2058,22090
0,0.2058,23167
0,0.2058,35635
0,0.2058,57797
0,0.2058,58244
0,0.2058,85715
0,0.2058,147665
0,0.2058,154893
0,0.2058,513376
0,0.2058,519132
0,0.2058,520646
0,0.2058,524795
0,0.2058,531708
0,0.2058,549229
0,0.2058,805797
0,0.2058,842520
0,0.2058,1050687371
0,0.2059,10265
0,0.2059,10394
0,0.2059,10404
0,0.2059,10436
0,0.2059,11341
0,0.2059,14285
0,0.2059,15768
0,0.2059,16178
0,0.2059,16673
0,0.2059,16953
0,0.2059,20818
0,0.2059,21353
0,0.2059,25763
0,0.2059,26455
0,0.2059,30443
0,0.2059,63261
0,0.2059,63798
0,0.2059,441056
0,0.2059,511975
0,0.2059,512362
0,0.2059,512750
0,0.2060,10802
0,0.2060,10914
0,0.2060,11806
0,0.2060,12001
0,0.2060,14134
0,0.2060,15059
0,0.2060,17109
0,0.2060,17759
0,0.2060,19982
0,0.2060,26666
0,0.2060,26718
0,0.2060,35503
0,0.2060,35912
0,0.2060,90224
0,0.2060,534419
0,0.2060,800490
0,0.2060,800511
0,0.2060,909212
0,0.2061,10840
0,0.2061,11634
0,0.2061,13018
0,0.2061,15284
0,0.2061,15534
0,0.2061,16350
0,0.2061,17878
0,0.2061,18054
0,0.2061,19274
0,0.2061,21252
0,0.2061,25045
0,0.2061,29116
0,0.2061,33598
0,0.2061,35372
0,0.2061,69858
0,0.2061,525061
0,0.2061,533946
0,0.2061,821729
0,0.2061,861290
0,0.2061,903425
0,0.2062,10432
0,0.2062,10510
0,0.2062,10751
0,0.2062,11982
0,0.2062,13746
0,0.2062,14640
0,0.2062,15789
0,0.2062,19720
0,0.2062,20774
0,0.2062,22852
0,0.2062,24227
0,0.2062,26287
0,0.2062,26537
0,0.2062,27179
0,0.2062,30331
0,0.2062,32463
0,0.2062,33307
0,0.2062,35558
0,0.2062,37758
0,0.2062,41913
0,0.2062,43681
0,0.2062,46200
0,0.2062,57102
0,0.2062,70924
0,0.2062,79464
0,0.2062,105436
0,0.2062,222777
0,0.2062,512045
0,0.2062,512390
0,0.2062,515575
0,0.2062,806387
0,0.2062,817974
0,0.2062,903450
0,0.2062,905303
0,0.2063,10108
0,0.2063,10844
0,0.2063,11199
0,0.2063,11785
0,0.2063,12248
0,0.2063,12844
0,0.2063,17156
0,0.2063,17691
0,0.2063,25176
0,0.2063,43116
0,0.2063,60086
0,0.2063,68889
0,0.2063,88578
0,0.2063,96137
0,0.2063,134511
0,0.2063,520338
0,0.2063,524596
0,0.2063,800398
0,0.2063,800564
0,0.2063,802955
0,0.2063,804696
0,0.2063,812884
0,0.2064,10003
0,0.2064,10603
0,0.2064,10669
0,0.2064,11029
0,0.2064,12491
0,0.2064,15361
0,0.2064,15423
0,0.2064,16303
0,0.2064,17322
0,0.2064,18204
0,0.2064,22405
0,0.2064,23325
0,0.2064,25723
0,0.2064,26322
0,0.2064,43756
0,0.2064,56308
0,0.2064,58730
0,0.2064,59288
0,0.2064,90634
0,0.2064,138056
0,0.2064,513401
0,0.2064,525441
0,0.2064,800102
0,0.2064,800181
0,0.2064,800376
0,0.2064,803195
0,0.2064,803210
0,0.2064,820146
0,0.2065,10564
0,0.2065,11112
0,0.2065,11254
0,0.2065,11460
0,0.2065,12787
0,0.2065,13138
0,0.2065,15234
0,0.2065,15782
0,0.2065,16193
0,0.2065,18915
0,0.2065,25255
0,0.2065,34265
0,0.2065,200001
0,0.2065,515679
0,0.2065,516981
0,0.2065,524432
0,0.2065,530880
0,0.2065,803070
0,0.2065,803129
0,0.2065,803860
0,0.2065,842254
0,0.2065,140334446
0,0.2066,10466
0,0.2066,10468
0,0.2066,12398
0,0.2066,13079
0,0.2066,13563
0,0.2066,13864
0,0.2066,15680
0,0.2066,15731
0,0.2066,16700
0,0.2066,17726
0,0.2066,23619
0,0.2066,25792
0,0.2066,27119
0,0.2066,39657
0,0.2066,41277
0,0.2066,42372
0,0.2066,59853
0,0.2066,79146
0,0.2066,89621
0,0.2066,163351
0,0.2066,173725
0,0.2066,291345
0,0.2066,513649
0,0.2066,515735
0,0.2066,522428
0,0.2066,800042
0,0.2066,802174
0,0.2067,10205
0,0.2067,11253
0,0.2067,11255
0,0.2067,12104
0,0.2067,12656
0,0.2067,13316
0,0.2067,13667
0,0.2067,13984
0,0.2067,14714
0,0.2067,16493
0,0.2067,19189
0,0.2067,21664
0,0.2067,22092
0,0.2067,24016
0,0.2067,35261
0,0.2067,38272
0,0.2067,49839
0,0.2067,59176
0,0.2067,63998
0,0.2067,89191
0,0.2067,121377
0,0.2067,195264
0,0.2067,197252
0,0.2067,441056
0,0.2067,511821
0,0.2067,511839
0,0.2067,513283
0,0.2067,556038
0,0.2067,801282
0,0.2067,802289
0,0.2067,803929
0,0.2067,809979
0,0.2067,902553
0,0.2068,10122
0,0.2068,10150
0,0.2068,10738
0,0.2068,11161
0,0.2068,11932
0,0.2068,12252
0,0.2068,12506
0,0.2068,12762
0,0.2068,12923
0,0.2068,12976
0,0.2068,14192
0,0.2068,14611
0,0.2068,15176
0,0.2068,16536
0,0.2068,16537
0,0.2068,19760
0,0.2068,36059
0,0.2068,36947
0,0.2068,512930
0,0.2068,515298
0,0.2068,529385
0,0.2068,530877
0,0.2068,533434
0,0.2068,565814
0,0.2068,801976
0,0.2068,803241
0,0.2069,10080
0,0.2069,10222
0,0.2069,11361
0,0.2069,14424
0,0.2069,15955
0,0.2069,16940
0,0.2069,23153
0,0.2069,23273
0,0.2069,28791
0,0.2069,38706
0,0.2069,44648
0,0.2069,58331
0,0.2069,76585
0,0.2069,91004
0,0.2069,137495
0,0.2069,511955
0,0.2069,513646
0,0.2069,518194
0,0.2069,518604
0,0.2069,523626
0,0.2069,523675
0,0.2069,800134
0,0.2069,803014
0,0.2069,804660
0,0.2069,805447
0,0.2069,817096
0,0.2070,10060
0,0.2070,11131
0,0.2070,11723
0,0.2070,11943
0,0.2070,13273
0,0.2070,13442
0,0.2070,13643
0,0.2070,14559
0,0.2070,16182
0,0.2070,17554
0,0.2070,23602
0,0.2070,23659
0,0.2070,24126
0,0.2070,30190
0,0.2070,30504
0,0.2070,42975
0,0.2070,50250
0,0.2070,67864
0,0.2070,116303
0,0.2070,127702
0,0.2070,224471
0,0.2070,303314
0,0.2070,526311
0,0.2070,804557
0,0.2070,805532
0,0.2070,812134
0,0.2070,906718
0,0.2071,10099
0,0.2071,10529
0,0.2071,10735
0,0.2071,11433
0,0.2071,11603
0,0.2071,13418
0,0.2071,14523
0,0.2071,15325
0,0.2071,16127
0,0.2071,17177
0,0.2071,18601
0,0.2071,26417
0,0.2071,28074
0,0.2071,28254
0,0.2071,32810
0,0.2071,38926
0,0.2071,45311
0,0.2071,74781
0,0.2071,142911
0,0.2071,209688
0,0.2071,519365
0,0.2071,806037
0,0.2071,911192
0,0.2071,924883
0,0.2072,10114
0,0.2072,10138
0,0.2072,10272
0,0.2072,11243
0,0.2072,12333
0,0.2072,12358
0,0.2072,14286
0,0.2072,15932
0,0.2072,18125
0,0.2072,21688
0,0.2072,23090
0,0.2072,28782
0,0.2072,30181
0,0.2072,35429
0,0.2072,38526
0,0.2072,51458
0,0.2072,55143
0,0.2072,57240
0,0.2072,66246
0,0.2072,70325
0,0.2072,127422
0,0.2072,145879
0,0.2072,513339
0,0.2072,526298
0,0.2072,529519
0,0.2072,529520
0,0.2072,555340
0,0.2072,155143464
0,0.2072,761298433
0,0.2073,10537
0,0.2073,10863
0,0.2073,10967
0,0.2073,11303
0,0.2073,11614
0,0.2073,11699
0,0.2073,11891
0,0.2073,12802
0,0.2073,12813
0,0.2073,13433
0,0.2073,18044
0,0.2073,22187
0,0.2073,22799
0,0.2073,26485
0,0.2073,34715
0,0.2073,59983
0,0.2073,73908
0,0.2073,80175
0,0.2073,81228
0,0.2073,100217
0,0.2073,121794
0,0.2073,516256
0,0.2073,520115
0,0.2073,527509
0,0.2073,801816
0,0.2073,904108
0,0.2073,916091
0,0.2073,199328457
0,0.2074,10041
0,0.2074,10299
0,0.2074,10475
0,0.2074,10959
0,0.2074,11485
0,0.2074,13255
0,0.2074,13914
0,0.2074,14011
0,0.2074,14315
0,0.2074,15997
0,0.2074,22441
0,0.2074,26064
0,0.2074,29021
0,0.2074,49288
0,0.2074,53086
0,0.2074,58146
0,0.2074,59429
0,0.2074,64607
0,0.2074,513968
0,0.2074,516643
0,0.2074,524654
0,0.2074,532380
0,0.2074,317157307
0,0.2075,10137
0,0.2075,10553
0,0.2075,11155
0,0.2075,11327
0,0.2075,12228
0,0.2075,12584
0,0.2075,13932
0,0.2075,14224
0,0.2075,14899
0,0.2075,17220
0,0.2075,18156
0,0.2075,19367
0,0.2075,23359
0,0.2075,25137
0,0.2075,27191
0,0.2075,32185
0,0.2075,33293
0,0.2075,53652
0,0.2075,57934
0,0.2075,57935
0,0.2075,63179
0,0.2075,85686
0,0.2075,95758
0,0.2075,524167
0,0.2075,525354
0,0.2075,800541
0,0.2075,804180
0,0.2076,10204
0,0.2076,10269
0,0.2076,10920
0,0.2076,11994
0,0.2076,12140
0,0.2076,13901
0,0.2076,14414
0,0.2076,14705
0,0.2076,15304
0,0.2076,16659
0,0.2076,18185
0,0.2076,18419
0,0.2076,25939
0,0.2076,34835
0,0.2076,61296
0,0.2076,92871
0,0.2076,102689
0,0.2076,441056
0,0.2076,515950
0,0.2076,522738
0,0.2076,523564
0,0.2076,531557
0,0.2076,801561
0,0.2076,939958
0,0.2076,776770294
0,0.2077,10175
0,0.2077,10692
0,0.2077,14716
0,0.2077,15408
0,0.2077,15612
0,0.2077,15674
0,0.2077,17389
0,0.2077,21646
0,0.2077,23180
0,0.2077,26607
0,0.2077,27416
0,0.2077,27614
0,0.2077,32475
0,0.2077,38975
0,0.2077,47867
0,0.2077,88014
0,0.2077,104220
0,0.2077,132121
0,0.2077,561653
0,0.2077,803077
0,0.2077,803310
0,0.2077,804530
0,0.2077,807184
0,0.2078,10035
0,0.2078,10302
0,0.2078,10330
0,0.2078,10453
0,0.2078,10642
0,0.2078,10816
0,0.2078,13210
0,0.2078,13857
0,0.2078,14881
0,0.2078,15890
0,0.2078,16978
0,0.2078,18688
0,0.2078,20077
0,0.2078,23826
0,0.2078,23846
0,0.2078,26620
0,0.2078,27893
0,0.2078,29340
0,0.2078,31786
0,0.2078,32258
0,0.2078,33552
0,0.2078,38657
0,0.2078,38835
0,0.2078,53190
0,0.2078,68917
0,0.2078,512156
0,0.2078,512307
0,0.2078,513111
0,0.2078,529029
0,0.2078,802477
0,0.2078,807345
0,0.2078,824034
0,0.2079,10368
0,0.2079,11070
0,0.2079,11189
0,0.2079,12809
0,0.2079,15051
0,0.2079,15170
0,0.2079,18670
0,0.2079,24050
0,0.2079,25713
0,0.2079,27486
0,0.2079,30498
0,0.2079,33298
0,0.2079,35430
0,0.2079,38413
0,0.2079,40300
0,0.2079,54010
0,0.2079,57559
0,0.2079,79819
0,0.2079,138107
0,0.2079,258819
0,0.2079,513219
0,0.2079,513518
0,0.2079,514547
0,0.2079,515410
0,0.2079,804456
0,0.2080,10110
0,0.2080,10839
0,0.2080,10997
0,0.2080,11900
0,0.2080,12401
0,0.2080,15657
0,0.2080,15999
0,0.2080,16274
0,0.2080,18568
0,0.2080,22379
0,0.2080,23281
0,0.2080,24246
0,0.2080,25598
0,0.2080,28248
0,0.2080,28767
0,0.2080,32772
0,0.2080,39880
0,0.2080,46657
0,0.2080,47369
0,0.2080,58517
0,0.2080,69544
0,0.2080,84256
0,0.2080,105406
0,0.2080,135721
0,0.2080,196985
0,0.2080,513174
0,0.2080,514596
0,0.2080,519840
0,0.2080,522762
0,0.2080,524610
0,0.2080,529835
0,0.2080,956305
0,0.2081,10052
0,0.2081,10168
0,0.2081,11635
0,0.2081,12716
0,0.2081,13830
0,0.2081,19452
0,0.2081,21904
0,0.2081,30132
0,0.2081,31719
0,0.2081,32616
0,0.2081,37330
0,0.2081,40580
0,0.2081,44250
0,0.2081,53755
0,0.2081,59994
0,0.2081,75781
0,0.2081,118715
0,0.2081,514696
0,0.2081,521113
0,0.2081,523017
0,0.2081,555342
0,0.2081,800606
0,0.2081,803647
0,0.2081,810881
0,0.2082,10323
0,0.2082,10627
0,0.2082,10754
0,0.2082,11768
0,0.2082,12131
0,0.2082,12532
0,0.2082,18779
0,0.2082,25328
0,0.2082,26284
0,0.2082,30310
0,0.2082,41887
0,0.2082,42270
0,0.2082,44690
0,0.2082,65472
0,0.2082,66644
0,0.2082,66752
0,0.2082,125794
0,0.2082,524224
0,0.2082,524655
0,0.2082,524717
0,0.2082,534361
0,0.2082,584085
0,0.2082,807259
0,0.2082,873387
0,0.2083,10846
0,0.2083,11013
0,0.2083,11188
0,0.2083,11712
0,0.2083,13428
0,0.2083,16636
0,0.2083,18744
0,0.2083,24136
0,0.2083,24614
0,0.2083,27413
0,0.2083,30405
0,0.2083,33775
0,0.2083,59018
0,0.2083,93240
0,0.2083,192306
0,0.2083,511846
0,0.2083,515463
0,0.2083,800020
0,0.2083,800925
0,0.2083,829714
0,0.2083,908745
0,0.2083,912379
0,0.2083,936810
0,0.2083,118002941
0,0.2084,10356
0,0.2084,11463
0,0.2084,12028
0,0.2084,12298
0,0.2084,12777
0,0.2084,13698
0,0.2084,15458
0,0.2084,16781
0,0.2084,20381
0,0.2084,21702
0,0.2084,27954
0,0.2084,34461
0,0.2084,53437
0,0.2084,76412
0,0.2084,76506
0,0.2084,110448
0,0.2084,178990
0,0.2084,512273
0,0.2084,800378
0,0.2084,801798
0,0.2084,823869
0,0.2085,12654
0,0.2085,14686
0,0.2085,16093
0,0.2085,19118
0,0.2085,20545
0,0.2085,22884
0,0.2085,27210
0,0.2085,30664
0,0.2085,32352
0,0.2085,40396
0,0.2085,123422
0,0.2085,133335
0,0.2085,513238
0,0.2085,513274
0,0.2085,515933
0,0.2085,523349
0,0.2085,555727
0,0.2085,583757
0,0.2085,800022
0,0.2085,802385
0,0.2085,805925
0,0.2085,818987
0,0.2085,903484
0,0.2085,956323
0,0.2085,107629970
0,0.2086,14093
0,0.2086,15535
0,0.2086,42191
0,0.2086,46788
0,0.2086,48301
0,0.2086,75379
0,0.2086,514579
0,0.2086,519497
0,0.2086,530668
0,0.2086,800827
0,0.2086,807252
0,0.2086,107629970
0,0.2087,10414
0,0.2087,10707
0,0.2087,11326
0,0.2087,12135
0,0.2087,12872
0,0.2087,13863
0,0.2087,14434
0,0.2087,24382
0,0.2087,30653
0,0.2087,33969
0,0.2087,35919
0,0.2087,53078
0,0.2087,55656
0,0.2087,72491
0,0.2087,79304
0,0.2087,114715
0,0.2087,222154
0,0.2087,514582
0,0.2087,516663
0,0.2087,517548
0,0.2087,521814
0,0.2087,522815
0,0.2087,549098
0,0.2087,801658
0,0.2087,802652
0,0.2087,810117
0,0.2087,820191
0,0.2087,820323
0,0.2087,821882
0,0.2088,10285
0,0.2088,10399
0,0.2088,10658
0,0.2088,11618
0,0.2088,12141
0,0.2088,12368
0,0.2088,12671
0,0.2088,12811
0,0.2088,13403
0,0.2088,14976
0,0.2088,16026
0,0.2088,18020
0,0.2088,21296
0,0.2088,28010
0,0.2088,33075
0,0.2088,36492
0,0.2088,44005
0,0.2088,512927
0,0.2088,513378
0,0.2088,514265
0,0.2088,516514
0,0.2088,523923
0,0.2088,537138
0,0.2088,800800
0,0.2088,802662
0,0.2088,804958
0,0.2088,814353
0,0.2088,831621
0,0.2088,776770294
0,0.2089,10661
0,0.2089,10817
0,0.2089,10825
0,0.2089,13121
0,0.2089,13305
0,0.2089,15273
0,0.2089,16039
0,0.2089,22446
0,0.2089,23854
0,0.2089,24088
0,0.2089,24828
0,0.2089,40045
0,0.2089,45288
0,0.2089,70651
0,0.2089,84356
0,0.2089,514045
0,0.2089,514277
0,0.2089,515072
0,0.2089,520790
0,0.2089,521584
0,0.2089,522387
0,0.2089,525510
0,0.2089,527009
0,0.2089,527048
0,0.2089,800258
0,0.2089,802907
0,0.2089,810863
0,0.2089,903727
0,0.2090,10202
0,0.2090,10226
0,0.2090,10807
0,0.2090,11440
0,0.2090,11497
0,0.2090,12083
0,0.2090,13740
0,0.2090,14289
0,0.2090,14299
0,0.2090,15117
0,0.2090,15514
0,0.2090,17325
0,0.2090,17342
0,0.2090,22066
0,0.2090,22870
0,0.2090,23601
0,0.2090,25936
0,0.2090,36812
0,0.2090,38914
0,0.2090,39368
0,0.2090,40888
0,0.2090,45539
0,0.2090,54285
0,0.2090,54907
0,0.2090,57243
0,0.2090,67540
0,0.2090,71547
0,0.2090,76899
0,0.2090,512236
0,0.2090,514362
0,0.2090,517512
0,0.2090,521075
0,0.2090,571495
0,0.2090,580329
0,0.2090,800082
0,0.2090,813104
0,0.2090,823598
0,0.2090,909233
0,0.2090,918582
0,0.2091,10677
0,0.2091,11171
0,0.2091,12095
0,0.2091,14034
0,0.2091,14563
0,0.2091,14697
0,0.2091,17072
0,0.2091,17685
0,0.2091,18778
0,0.2091,29952
0,0.2091,56542
0,0.2091,71042
0,0.2091,73397
0,0.2091,520155
0,0.2091,574357
0,0.2091,804025
0,0.2091,805229
0,0.2091,808217
0,0.2091,813076
0,0.2092,10165
0,0.2092,10515
0,0.2092,10687
0,0.2092,10950
0,0.2092,11064
0,0.2092,11849
0,0.2092,12107
0,0.2092,13158
0,0.2092,13751
0,0.2092,14736
0,0.2092,14966
0,0.2092,19827
0,0.2092,21687
0,0.2092,21692
0,0.2092,22706
0,0.2092,30891
0,0.2092,34106
0,0.2092,43126
0,0.2092,46924
0,0.2092,48982
0,0.2092,49464
0,0.2092,54058
0,0.2092,68658
0,0.2092,89801
0,0.2092,110894
0,0.2092,511778
0,0.2092,516666
0,0.2092,517257
0,0.2092,518830
0,0.2092,520210
0,0.2092,521675
0,0.2092,522909
0,0.2092,574147
0,0.2092,800344
0,0.2092,800546
0,0.2092,803033
0,0.2092,106822444
0,0.2093,10371
0,0.2093,11085
0,0.2093,11977
0,0.2093,16794
0,0.2093,18437
0,0.2093,23777
0,0.2093,26601
0,0.2093,35743
0,0.2093,37997
0,0.2093,42483
0,0.2093,47850
0,0.2093,63923
0,0.2093,353032
0,0.2093,513594
0,0.2093,514605
0,0.2093,515029
0,0.2093,523684
0,0.2093,533103
0,0.2093,541412
0,0.2093,572057
0,0.2093,581239
0,0.2093,800307
0,0.2093,801507
0,0.2093,809196
0,0.2094,10378
0,0.2094,10748
0,0.2094,11021
0,0.2094,13559
0,0.2094,15362
0,0.2094,17454
0,0.2094,18585
0,0.2094,18766
0,0.2094,29493
0,0.2094,29648
0,0.2094,30807
0,0.2094,44669
0,0.2094,68170
0,0.2094,83936
0,0.2094,86264
0,0.2094,512328
0,0.2094,514997
0,0.2094,520641
0,0.2094,521763
0,0.2094,525400
0,0.2094,529129
0,0.2094,803318
0,0.2094,803605
0,0.2094,803747
0,0.2094,808183
0,0.2094,902875
0,0.2094,909383
0,0.2095,10969
0,0.2095,12730
0,0.2095,13568
0,0.2095,16642
0,0.2095,16862
0,0.2095,17369
0,0.2095,17508
0,0.2095,18504
0,0.2095,18932
0,0.2095,18937
0,0.2095,24656
0,0.2095,24833
0,0.2095,25184
0,0.2095,25403
0,0.2095,26293
0,0.2095,26901
0,0.2095,30106
0,0.2095,32055
0,0.2095,33488
0,0.2095,37125
0,0.2095,48914
0,0.2095,50687
0,0.2095,52041
0,0.2095,65657
0,0.2095,94555
0,0.2095,96692
0,0.2095,165025
0,0.2095,172666
0,0.2095,511823
0,0.2095,519658
0,0.2095,529077
0,0.2095,801828
0,0.2095,802181
0,0.2095,1052043704
0,0.2096,11027
0,0.2096,12067
0,0.2096,12109
0,0.2096,13228
0,0.2096,14869
0,0.2096,17464
0,0.2096,18113
0,0.2096,22240
0,0.2096,22899
0,0.2096,29322
0,0.2096,33869
0,0.2096,39813
0,0.2096,40390
0,0.2096,43152
0,0.2096,46358
0,0.2096,52352
0,0.2096,61896
0,0.2096,513354
0,0.2096,519316
0,0.2096,522352
0,0.2096,524133
0,0.2096,524897
0,0.2096,570859
0,0.2096,800391
0,0.2096,800554
0,0.2096,800907
0,0.2096,801258
0,0.2096,806297
0,0.2096,806326
0,0.2096,817974
0,0.2097,10295
0,0.2097,10624
0,0.2097,11402
0,0.2097,12037
0,0.2097,12472
0,0.2097,12606
0,0.2097,15491
0,0.2097,16936
0,0.2097,17835
0,0.2097,20302
0,0.2097,29500
0,0.2097,30233
0,0.2097,30421
0,0.2097,40565
0,0.2097,41171
0,0.2097,66976
0,0.2097,76486
0,0.2097,519692
0,0.2097,520895
0,0.2097,522760
0,0.2097,529228
0,0.2097,529803
0,0.2097,530151
0,0.2097,533835
0,0.2097,580970
0,0.2097,800504
0,0.2097,800760
0,0.2097,803534
0,0.2097,805185
0,0.2097,808829
0,0.2097,903642
0,0.2098,10184
0,0.2098,10488
0,0.2098,10531
0,0.2098,10847
0,0.2098,11784
0,0.2098,13317
0,0.2098,29918
0,0.2098,30589
0,0.2098,30740
0,0.2098,34882
0,0.2098,34949
0,0.2098,76194
0,0.2098,87111
0,0.2098,199331
0,0.2098,364582
0,0.2098,513930
0,0.2098,517722
0,0.2098,523049
0,0.2098,523379
0,0.2098,558344
0,0.2098,559335
0,0.2098,804663
0,0.2098,805241
0,0.2099,10293
0,0.2099,10663
0,0.2099,10845
0,0.2099,12319
0,0.2099,12565
0,0.2099,12900
0,0.2099,12943
0,0.2099,13026
0,0.2099,14428
0,0.2099,15124
0,0.2099,16554
0,0.2099,16617
0,0.2099,16879
0,0.2099,17485
0,0.2099,18170
0,0.2099,18238
0,0.2099,21637
0,0.2099,21932
0,0.2099,23810
0,0.2099,24232
0,0.2099,28146
0,0.2099,29621
0,0.2099,30416
0,0.2099,35196
0,0.2099,37319
0,0.2099,38847
0,0.2099,80959
0,0.2099,85527
0,0.2099,94433
0,0.2099,154359
0,0.2099,157614
0,0.2099,520863
0,0.2099,521406
0,0.2099,529411
0,0.2099,533411
0,0.2099,801303
0,0.2099,805227
0,0.2099,807534
0,0.2100,10185
0,0.2100,11032
0,0.2100,11495
0,0.2100,12318
0,0.2100,13526
0,0.2100,15929
0,0.2100,22585
0,0.2100,29939
0,0.2100,30981
0,0.2100,33224
0,0.2100,33444
0,0.2100,42700
0,0.2100,43806
0,0.2100,47257
0,0.2100,71877
0,0.2100,79759
0,0.2100,511881
0,0.2100,514125
0,0.2100,518540
0,0.2100,519616
0,0.2100,522465
0,0.2100,529491
0,0.2101,10271
0,0.2101,10704
0,0.2101,11606
0,0.2101,13613
0,0.2101,18109
0,0.2101,19616
0,0.2101,22338
0,0.2101,30743
0,0.2101,48491
0,0.2101,48667
0,0.2101,54332
0,0.2101,72632
0,0.2101,92683
0,0.2101,515289
0,0.2101,521241
0,0.2101,524000
0,0.2101,529498
0,0.2101,536309
0,0.2101,800212
0,0.2101,800343
0,0.2101,801684
0,0.2101,873387
0,0.2101,956310
0,0.2102,10072
0,0.2102,10612
0,0.2102,10689
0,0.2102,11664
0,0.2102,13007
0,0.2102,15786
0,0.2102,16687
0,0.2102,17173
0,0.2102,19189
0,0.2102,23249
0,0.2102,25236
0,0.2102,27296
0,0.2102,30446
0,0.2102,32825
0,0.2102,33962
0,0.2102,39462
0,0.2102,44931
0,0.2102,54011
0,0.2102,55527
0,0.2102,219189
0,0.2102,513283
0,0.2102,558460
0,0.2102,800849
0,0.2102,801164
0,0.2102,801492
0,0.2102,801629
0,0.2102,817047
0,0.2102,824830
0,0.2102,828718
0,0.2102,904184
0,0.2102,941298
0,0.2103,10593
0,0.2103,11893
0,0.2103,11896
0,0.2103,13301
0,0.2103,13892
0,0.2103,14461
0,0.2103,20818
0,0.2103,23513
0,0.2103,26412
0,0.2103,29135
0,0.2103,30873
0,0.2103,30935
0,0.2103,33191
0,0.2103,55269
0,0.2103,79615
0,0.2103,97678
0,0.2103,125550
0,0.2103,258819
0,0.2103,520182
0,0.2103,521236
0,0.2103,521747
0,0.2103,800724
0,0.2103,803160
0,0.2103,905812
0,0.2104,11375
0,0.2104,12650
0,0.2104,16157
0,0.2104,16175
0,0.2104,17131
0,0.2104,25210
0,0.2104,37142
0,0.2104,37929
0,0.2104,53290
0,0.2104,146091
0,0.2104,515015
0,0.2104,520194
0,0.2104,522706
0,0.2104,522974
0,0.2104,523578
0,0.2104,524732
0,0.2104,906513
0,0.2104,910588
0,0.2104,924167
0,0.2104,936773
0,0.2104,954981
0,0.2105,10097
0,0.2105,11142
0,0.2105,11252
0,0.2105,11947
0,0.2105,12297
0,0.2105,13307
0,0.2105,14040
0,0.2105,21731
0,0.2105,23779
0,0.2105,25036
0,0.2105,33087
0,0.2105,35109
0,0.2105,247112
0,0.2105,514405
0,0.2105,519895
0,0.2105,525958
0,0.2105,801307
0,0.2105,805101
0,0.2105,805286
0,0.2105,806253
0,0.2105,861290
0,0.2105,901888
0,0.2105,605725659
0,0.2106,10303
0,0.2106,11302
0,0.2106,11406
0,0.2106,19460
0,0.2106,22084
0,0.2106,22276
0,0.2106,23273
0,0.2106,28633
0,0.2106,30477
0,0.2106,43781
0,0.2106,49726
0,0.2106,67951
0,0.2106,141161
0,0.2106,144505
0,0.2106,513769
0,0.2106,805244
0,0.2106,842254
0,0.2106,905528
0,0.2106,936838
0,0.2107,10341
0,0.2107,10514
0,0.2107,12232
0,0.2107,13760
0,0.2107,14327
0,0.2107,17708
0,0.2107,19760
0,0.2107,20468
0,0.2107,27941
0,0.2107,32449
0,0.2107,45628
0,0.2107,56554
0,0.2107,71260
0,0.2107,80415
0,0.2107,101652
0,0.2107,174420
0,0.2107,515091
0,0.2107,522734
0,0.2107,800093
0,0.2107,800183
0,0.2107,800703
0,0.2107,803992
0,0.2107,804386
0,0.2107,826175
0,0.2108,13553
0,0.2108,13628
0,0.2108,14227
0,0.2108,15441
0,0.2108,17671
0,0.2108,21053
0,0.2108,24701
0,0.2108,25362
0,0.2108,25396
0,0.2108,52191
0,0.2108,54440
0,0.2108,55178
0,0.2108,167848
0,0.2108,514677
0,0.2108,517202
0,0.2108,519046
0,0.2108,524351
0,0.2108,530435
0,0.2108,530449
0,0.2108,532750
0,0.2108,533368
0,0.2108,800605
0,0.2108,805757
0,0.2108,806061
0,0.2108,816113
0,0.2108,929749
0,0.2108,956328
0,0.2108,711866623
0,0.2109,10545
0,0.2109,13018
0,0.2109,13115
0,0.2109,14912
0,0.2109,15789
0,0.2109,17696
0,0.2109,24681
0,0.2109,26417
0,0.2109,27491
0,0.2109,27929
0,0.2109,37984
0,0.2109,40625
0,0.2109,41229
0,0.2109,46073
0,0.2109,53129
0,0.2109,107903
0,0.2109,190421
0,0.2109,519705
0,0.2109,521256
0,0.2109,521928
0,0.2109,548337
0,0.2109,800157
0,0.2109,802051
0,0.2109,803721
0,0.2109,814206
0,0.2109,829341
0,0.2109,833689
0,0.2109,904983
0,0.2109,1053174360
0,0.2110,10047
0,0.2110,10132
0,0.2110,10205
0,0.2110,15149
0,0.2110,15163
0,0.2110,15436
0,0.2110,16311
0,0.2110,17823
0,0.2110,27339
0,0.2110,40617
0,0.2110,49630
0,0.2110,62207
0,0.2110,64689
0,0.2110,86750
0,0.2110,97863
0,0.2110,125479
0,0.2110,129368
0,0.2110,231168
0,0.2110,513425
0,0.2110,514988
0,0.2110,520888
0,0.2110,529385
0,0.2110,532909
0,0.2110,533946
0,0.2110,831621
0,0.2110,956305
0,0.2111,11805
0,0.2111,12341
0,0.2111,12358
0,0.2111,13860
0,0.2111,15487
0,0.2111,16105
0,0.2111,16506
0,0.2111,17060
0,0.2111,19218
0,0.2111,21577
0,0.2111,21918
0,0.2111,25773
0,0.2111,28674
0,0.2111,61398
0,0.2111,63122
0,0.2111,76420
0,0.2111,86666
0,0.2111,90574
0,0.2111,102607
0,0.2111,512314
0,0.2111,518220
0,0.2111,519132
0,0.2111,527599
0,0.2111,529142
0,0.2111,539226
0,0.2111,556286
0,0.2111,800931
0,0.2111,802755
0,0.2111,806141
0,0.2111,816644
0,0.2112,10138
0,0.2112,10243
0,0.2112,10691
0,0.2112,11254
0,0.2112,12299
0,0.2112,14667
0,0.2112,18278
0,0.2112,21058
0,0.2112,24690
0,0.2112,25318
0,0.2112,33316
0,0.2112,33356
0,0.2112,36470
0,0.2112,58834
0,0.2112,61273
0,0.2112,119692
0,0.2112,531009
0,0.2112,533914
0,0.2112,540383
0,0.2112,800392
0,0.2112,803237
0,0.2113,13537
0,0.2113,15506
0,0.2113,22463
0,0.2113,23782
0,0.2113,27737
0,0.2113,31633
0,0.2113,31911
0,0.2113,36704
0,0.2113,36730
0,0.2113,36918
0,0.2113,54011
0,0.2113,68672
0,0.2113,91391
0,0.2113,234890
0,0.2113,291345
0,0.2113,383941
0,0.2113,511828
0,0.2113,519720
0,0.2113,804778
0,0.2113,805822
0,0.2113,806822
0,0.2113,824034
0,0.2114,11030
0,0.2114,11420
0,0.2114,11915
0,0.2114,13217
0,0.2114,15502
0,0.2114,18226
0,0.2114,19522
0,0.2114,26832
0,0.2114,28999
0,0.2114,29093
0,0.2114,29908
0,0.2114,43695
0,0.2114,58909
0,0.2114,131748
0,0.2114,184446
0,0.2114,518708
0,0.2114,518831
0,0.2114,527653
0,0.2114,530872
0,0.2114,804538
0,0.2114,805350
0,0.2114,806830
0,0.2114,904736
0,0.2115,10041
0,0.2115,10120
0,0.2115,10354
0,0.2115,11200
0,0.2115,11201
0,0.2115,12194
0,0.2115,12506
0,0.2115,12710
0,0.2115,19443
0,0.2115,21322
0,0.2115,23809
0,0.2115,24741
0,0.2115,38388
0,0.2115,47107
0,0.2115,50444
0,0.2115,63124
0,0.2115,98544
0,0.2115,513644
0,0.2115,514361
0,0.2115,522828
0,0.2115,523821
0,0.2115,579919
0,0.2115,818085
0,0.2115,933913
0,0.2116,10133
0,0.2116,10986
0,0.2116,12605
0,0.2116,13347
0,0.2116,15693
0,0.2116,16214
0,0.2116,19767
0,0.2116,19802
0,0.2116,23325
0,0.2116,28190
0,0.2116,28559
0,0.2116,29969
0,0.2116,30068
0,0.2116,95015
0,0.2116,125060
0,0.2116,175572
0,0.2116,517050
0,0.2116,518938
0,0.2116,519399
0,0.2116,521745
0,0.2116,522744
0,0.2116,523723
0,0.2116,801292
0,0.2116,802044
0,0.2116,802368
0,0.2116,803017
0,0.2116,806689
0,0.2116,821311
0,0.2116,941319
0,0.2117,10061
0,0.2117,10100
0,0.2117,10834
0,0.2117,11053
0,0.2117,11199
0,0.2117,11312
0,0.2117,11577
0,0.2117,11638
0,0.2117,11711
0,0.2117,11883
0,0.2117,12054
0,0.2117,12088
0,0.2117,12223
0,0.2117,12590
0,0.2117,13585
0,0.2117,15713
0,0.2117,18712
0,0.2117,20620
0,0.2117,22519
0,0.2117,30206
0,0.2117,39798
0,0.2117,49627
0,0.2117,56362
0,0.2117,81417
0,0.2117,85400
0,0.2117,137497
0,0.2117,515989
0,0.2117,516886
0,0.2117,802223
0,0.2117,817089
0,0.2117,900035
0,0.2117,903450
0,0.2117,214700177
0,0.2118,10376
0,0.2118,10831
0,0.2118,11238
0,0.2118,11605
0,0.2118,11846
0,0.2118,12570
0,0.2118,13773
0,0.2118,15351
0,0.2118,19902
0,0.2118,20402
0,0.2118,20831
0,0.2118,21366
0,0.2118,22185
0,0.2118,22708
0,0.2118,23212
0,0.2118,34187
0,0.2118,36295
0,0.2118,164031
0,0.2118,513284
0,0.2118,524761
0,0.2118,547701
0,0.2118,800126
0,0.2118,802164
0,0.2118,802461
0,0.2118,816644
0,0.2118,916162
0,0.2118,933157
0,0.2119,10110
0,0.2119,11075
0,0.2119,13460
0,0.2119,17623
0,0.2119,17825
0,0.2119,18165
0,0.2119,18730
0,0.2119,19036
0,0.2119,24683
0,0.2119,32161
0,0.2119,40374
0,0.2119,60685
0,0.2119,60774
0,0.2119,135801
0,0.2119,512042
0,0.2119,520081
0,0.2119,524767
0,0.2119,539448
0,0.2119,800890
0,0.2119,805647
0,0.2119,815205
0,0.2119,817096
0,0.2120,10043
0,0.2120,10114
0,0.2120,11921
0,0.2120,12345
0,0.2120,14311
0,0.2120,22122
0,0.2120,29129
0,0.2120,31942
0,0.2120,42083
0,0.2120,42241
0,0.2120,58552
0,0.2120,111660
0,0.2120,130279
0,0.2120,515048
0,0.2120,519347
0,0.2120,519454
0,0.2120,809980
0,0.2120,821729
0,0.2121,12104
0,0.2121,13258
0,0.2121,13969
0,0.2121,14997
0,0.2121,18686
0,0.2121,19215
0,0.2121,24922
0,0.2121,25709
0,0.2121,34576
0,0.2121,54120
0,0.2121,59776
0,0.2121,86523
0,0.2121,90835
0,0.2121,141420
0,0.2121,454614
0,0.2121,512581
0,0.2121,512911
0,0.2121,515233
0,0.2121,520217
0,0.2121,520390
0,0.2121,520393
0,0.2121,521466
0,0.2121,527588
0,0.2121,532751
0,0.2121,800228
0,0.2121,806281
0,0.2121,819089
0,0.2121,821236
0,0.2121,908747
0,0.2121,761298433
0,0.2122,10011
0,0.2122,10099
0,0.2122,13442
0,0.2122,13631
0,0.2122,13896
0,0.2122,14449
0,0.2122,18181
0,0.2122,20185
0,0.2122,25554
0,0.2122,27157
0,0.2122,28123
0,0.2122,30313
0,0.2122,38338
0,0.2122,46764
0,0.2122,53639
0,0.2122,55385
0,0.2122,123503
0,0.2122,147617
0,0.2122,511797
0,0.2122,522972
0,0.2123,10169
0,0.2123,10932
0,0.2123,11340
0,0.2123,11344
0,0.2123,11726
0,0.2123,14766
0,0.2123,15905
0,0.2123,25024
0,0.2123,44816
0,0.2123,47802
0,0.2123,164466
0,0.2123,258819
0,0.2123,514952
0,0.2123,516369
0,0.2123,520581
0,0.2123,521203
0,0.2123,525731
0,0.2123,531769
0,0.2123,807396
0,0.2123,810335
0,0.2124,10136
0,0.2124,10497
0,0.2124,10555
0,0.2124,10822
0,0.2124,11568
0,0.2124,11819
0,0.2124,12059
0,0.2124,12248
0,0.2124,15041
0,0.2124,16735
0,0.2124,25045
0,0.2124,38085
0,0.2124,51159
0,0.2124,57522
0,0.2124,58730
0,0.2124,76930
0,0.2124,114378
0,0.2124,517601
0,0.2124,523863
0,0.2124,806013
0,0.2125,12125
0,0.2125,12151
0,0.2125,14954
0,0.2125,17175
0,0.2125,17931
0,0.2125,19930
0,0.2125,20390
0,0.2125,22641
0,0.2125,26242
0,0.2125,34767
0,0.2125,73753
0,0.2125,203133
0,0.2125,512947
0,0.2125,519140
0,0.2125,523786
0,0.2125,531768
0,0.2125,804288
0,0.2125,904122
0,0.2125,932796
0,0.2126,11166
0,0.2126,11263
0,0.2126,11750
0,0.2126,11806
0,0.2126,12259
0,0.2126,15494
0,0.2126,17194
0,0.2126,20518
0,0.2126,29674
0,0.2126,58394
0,0.2126,60241
0,0.2126,60421
0,0.2126,145229
0,0.2126,147927
0,0.2126,148726
0,0.2126,149390
0,0.2126,154544
0,0.2126,160394
0,0.2126,514863
0,0.2126,522410
0,0.2126,524968
0,0.2126,556346
0,0.2126,568012
0,0.2126,904161
0,0.2127,12327
0,0.2127,13877
0,0.2127,14881
0,0.2127,16280
0,0.2127,16380
0,0.2127,23854
0,0.2127,25503
0,0.2127,25939
0,0.2127,33549
0,0.2127,39538
0,0.2127,42793
0,0.2127,85570
0,0.2127,165035
0,0.2127,221783
0,0.2127,514487
0,0.2127,515966
0,0.2127,518488
0,0.2127,520087
0,0.2127,523776
0,0.2127,530880
0,0.2127,555498
0,0.2127,800412
0,0.2127,802955
0,0.2128,10175
0,0.2128,11428
0,0.2128,11586
0,0.2128,11668
0,0.2128,11903
0,0.2128,14552
0,0.2128,17156
0,0.2128,18779
0,0.2128,18838
0,0.2128,19068
0,0.2128,19586
0,0.2128,22521
0,0.2128,39253
0,0.2128,61243
0,0.2128,115704
0,0.2128,122745
0,0.2128,234890
0,0.2128,441056
0,0.2128,519365
0,0.2128,522789
0,0.2128,801998
0,0.2128,817089
0,0.2128,906365
0,0.2128,956310
0,0.2129,11280
0,0.2129,11532
0,0.2129,12651
0,0.2129,12809
0,0.2129,16275
0,0.2129,17861
0,0.2129,17938
0,0.2129,18633
0,0.2129,22386
0,0.2129,24866
0,0.2129,25780
0,0.2129,26798
0,0.2129,41688
0,0.2129,43040
0,0.2129,56036
0,0.2129,83621
0,0.2129,124027
0,0.2129,235061
0,0.2129,338369
0,0.2129,512858
0,0.2129,519050
0,0.2129,519144
0,0.2129,531643
0,0.2129,536208
0,0.2129,537032
0,0.2129,801497
0,0.2129,806636
0,0.2129,808456
0,0.2130,10080
0,0.2130,10447
0,0.2130,11338
0,0.2130,12065
0,0.2130,15176
0,0.2130,15412
0,0.2130,16360
0,0.2130,16430
0,0.2130,16734
0,0.2130,42997
0,0.2130,59387
0,0.2130,530445
0,0.2130,549508
0,0.2130,800851
0,0.2130,816644
0,0.2130,908183
0,0.2130,711866623
0,0.2131,13371
0,0.2131,18419
0,0.2131,18508
0,0.2131,18597
0,0.2131,20715
0,0.2131,28254
0,0.2131,71855
0,0.2131,164863
0,0.2131,215209
0,0.2131,513033
0,0.2131,516927
0,0.2131,521240
0,0.2131,559141
0,0.2131,803982
0,0.2131,805489
0,0.2131,806537
0,0.2131,911423
0,0.2132,10241
0,0.2132,11795
0,0.2132,11900
0,0.2132,14255
0,0.2132,15440
0,0.2132,19618
0,0.2132,19921
0,0.2132,38706
0,0.2132,49318
0,0.2132,73646
0,0.2132,83143
0,0.2132,108860
0,0.2132,126216
0,0.2132,294178
0,0.2132,512513
0,0.2132,512795
0,0.2132,514546
0,0.2132,517724
0,0.2132,520773
0,0.2132,521535
0,0.2132,521536
0,0.2132,521635
0,0.2132,549229
0,0.2132,555238
0,0.2132,800578
0,0.2132,801459
0,0.2132,904868
0,0.2132,932322
0,0.2133,10539
0,0.2133,10652
0,0.2133,16517
0,0.2133,31735
0,0.2133,54764
0,0.2133,70088
0,0.2133,133601
0,0.2133,136144
0,0.2133,142802
0,0.2133,512928
0,0.2133,517847
0,0.2133,519818
0,0.2133,521534
0,0.2133,802418
0,0.2133,818987
0,0.2133,909612
0,0.2134,10385
0,0.2134,11723
0,0.2134,12572
0,0.2134,13167
0,0.2134,13659
0,0.2134,14137
0,0.2134,15964
0,0.2134,19274
0,0.2134,21822
0,0.2134,23619
0,0.2134,35978
0,0.2134,37221
0,0.2134,68889
0,0.2134,523600
0,0.2134,802768
0,0.2134,902343
0,0.2134,105856729
0,0.2135,10187
0,0.2135,10494
0,0.2135,10566
0,0.2135,10637
0,0.2135,10638
0,0.2135,11896
0,0.2135,12900
0,0.2135,14029
0,0.2135,14207
0,0.2135,14263
0,0.2135,14434
0,0.2135,20530
0,0.2135,26136
0,0.2135,27179
0,0.2135,28286
0,0.2135,28683
0,0.2135,38389
0,0.2135,40385
0,0.2135,44903
0,0.2135,64180
0,0.2135,65054
0,0.2135,71611
0,0.2135,146366
0,0.2135,234867
0,0.2135,521409
0,0.2135,800262
0,0.2135,801895
0,0.2135,801933
0,0.2135,802405
0,0.2135,807160
0,0.2135,820174
0,0.2135,914445
0,0.2135,931656
0,0.2136,10168
0,0.2136,10468
0,0.2136,11426
0,0.2136,12503
0,0.2136,13184
0,0.2136,13864
0,0.2136,13872
0,0.2136,16274
0,0.2136,17356
0,0.2136,29582
0,0.2136,37196
0,0.2136,46008
0,0.2136,88651
0,0.2136,512663
0,0.2136,517548
0,0.2136,806620
0,0.2136,828126
0,0.2136,955284
0,0.2137,10404
0,0.2137,10432
0,0.2137,11764
0,0.2137,12006
0,0.2137,12575
0,0.2137,15110
0,0.2137,17402
0,0.2137,21157
0,0.2137,23073
0,0.2137,24776
0,0.2137,24828
0,0.2137,25275
0,0.2137,25547
0,0.2137,27106
0,0.2137,32918
0,0.2137,34700
0,0.2137,69064
0,0.2137,518604
0,0.2137,806124
0,0.2137,907256
0,0.2138,10394
0,0.2138,10917
0,0.2138,11836
0,0.2138,11902
0,0.2138,12060
0,0.2138,13428
0,0.2138,13692
0,0.2138,14387
0,0.2138,14863
0,0.2138,15451
0,0.2138,16538
0,0.2138,20648
0,0.2138,24634
0,0.2138,33307
0,0.2138,45118
0,0.2138,514195
0,0.2138,518194
0,0.2138,519514
0,0.2138,520034
0,0.2138,524429
0,0.2138,537899
0,0.2138,803305
0,0.2138,803342
0,0.2138,817047
0,0.2138,817670
0,0.2138,834861
0,0.2138,903643
0,0.2138,954981
0,0.2139,10160
0,0.2139,10285
0,0.2139,10336
0,0.2139,11416
0,0.2139,11821
0,0.2139,12159
0,0.2139,14566
0,0.2139,15562
0,0.2139,19982
0,0.2139,23601
0,0.2139,28791
0,0.2139,33038
0,0.2139,35532
0,0.2139,48638
0,0.2139,53086
0,0.2139,58481
0,0.2139,67789
0,0.2139,154759
0,0.2139,512903
0,0.2139,512927
0,0.2139,513934
0,0.2139,802543
0,0.2139,805528
0,0.2139,808112
0,0.2140,10914
0,0.2140,10959
0,0.2140,11618
0,0.2140,12333
0,0.2140,12374
0,0.2140,12411
0,0.2140,14756
0,0.2140,15514
0,0.2140,15534
0,0.2140,16099
0,0.2140,27191
0,0.2140,38272
0,0.2140,49839
0,0.2140,50960
0,0.2140,54397
0,0.2140,73463
0,0.2140,100453
0,0.2140,102689
0,0.2140,114858
0,0.2140,512390
0,0.2140,521814
0,0.2140,523816
0,0.2140,526612
0,0.2140,800845
0,0.2140,803330
0,0.2140,804195
0,0.2140,805132
0,0.2140,936341
0,0.2141,11717
0,0.2141,12732
0,0.2141,12802
0,0.2141,15458
0,0.2141,15888
0,0.2141,17272
0,0.2141,18054
0,0.2141,18068
0,0.2141,21719
0,0.2141,22838
0,0.2141,32392
0,0.2141,34466
0,0.2141,34683
0,0.2141,46409
0,0.2141,46871
0,0.2141,49672
0,0.2141,261784
0,0.2141,517256
0,0.2141,519862
0,0.2141,523636
0,0.2141,529811
0,0.2141,533590
0,0.2142,10027
0,0.2142,10969
0,0.2142,11445
0,0.2142,11785
0,0.2142,12155
0,0.2142,12398
0,0.2142,14041
0,0.2142,14772
0,0.2142,15325
0,0.2142,18069
0,0.2142,24382
0,0.2142,32258
0,0.2142,42332
0,0.2142,56877
0,0.2142,78293
0,0.2142,515757
0,0.2142,517501
0,0.2142,521027
0,0.2142,529603
0,0.2142,555176
0,0.2142,555713
0,0.2143,10097
0,0.2143,10150
0,0.2143,10819
0,0.2143,10820
0,0.2143,11365
0,0.2143,14694
0,0.2143,17790
0,0.2143,18128
0,0.2143,21849
0,0.2143,25792
0,0.2143,26432
0,0.2143,34452
0,0.2143,36234
0,0.2143,59983
0,0.2143,63923
0,0.2143,69409
0,0.2143,113924
0,0.2143,512662
0,0.2143,513146
0,0.2143,513463
0,0.2143,513520
0,0.2143,522991
0,0.2143,555342
0,0.2143,801861
0,0.2143,803013
0,0.2143,805776
0,0.2144,12561
0,0.2144,13302
0,0.2144,14194
0,0.2144,16051
0,0.2144,16399
0,0.2144,16438
0,0.2144,16493
0,0.2144,27767
0,0.2144,43756
0,0.2144,45024
0,0.2144,45682
0,0.2144,57935
0,0.2144,90051
0,0.2144,107241
0,0.2144,173920
0,0.2144,512793
0,0.2144,803599
0,0.2144,811904
0,0.2145,10185
0,0.2145,11665
0,0.2145,11688
0,0.2145,12923
0,0.2145,15576
0,0.2145,17726
0,0.2145,18601
0,0.2145,19025
0,0.2145,19290
0,0.2145,19720
0,0.2145,20600
0,0.2145,24511
0,0.2145,25970
0,0.2145,26287
0,0.2145,26402
0,0.2145,27725
0,0.2145,34172
0,0.2145,39262
0,0.2145,47830
0,0.2145,54011
0,0.2145,62156
0,0.2145,77245
0,0.2145,205354
0,0.2145,514045
0,0.2145,520641
0,0.2145,537751
0,0.2145,555502
0,0.2145,801295
0,0.2145,803804
0,0.2145,902553
0,0.2145,904624
0,0.2146,10236
0,0.2146,10800
0,0.2146,11772
0,0.2146,14011
0,0.2146,14276
0,0.2146,15332
0,0.2146,15361
0,0.2146,15496
0,0.2146,17849
0,0.2146,18932
0,0.2146,19615
0,0.2146,21191
0,0.2146,22240
0,0.2146,77014
0,0.2146,79362
0,0.2146,136159
0,0.2146,234890
0,0.2146,520817
0,0.2146,523533
0,0.2146,524717
0,0.2146,800120
0,0.2146,800618
0,0.2146,806039
0,0.2146,821754
0,0.2146,955284
0,0.2146,1050443274
0,0.2147,10879
0,0.2147,11021
0,0.2147,11874
0,0.2147,12635
0,0.2147,13317
0,0.2147,13559
0,0.2147,14093
0,0.2147,14192
0,0.2147,14727
0,0.2147,17751
0,0.2147,23197
0,0.2147,27893
0,0.2147,30310
0,0.2147,34992
0,0.2147,38835
0,0.2147,520820
0,0.2147,523675
0,0.2147,530460
0,0.2147,543430
0,0.2147,556449
0,0.2147,800809
0,0.2147,805532
0,0.2147,817974
0,0.2147,903425
0,0.2147,906612
0,0.2147,955284
0,0.2148,10165
0,0.2148,11710
0,0.2148,12297
0,0.2148,13427
0,0.2148,15484
0,0.2148,16794
0,0.2148,17878
0,0.2148,18156
0,0.2148,18504
0,0.2148,18744
0,0.2148,36059
0,0.2148,45340
0,0.2148,50228
0,0.2148,76194
0,0.2148,91983
0,0.2148,104220
0,0.2148,170407
0,0.2148,513174
0,0.2148,514596
0,0.2148,521360
0,0.2148,522738
0,0.2148,535668
0,0.2148,800048
0,0.2148,800056
0,0.2148,800181
0,0.2148,801970
0,0.2148,809862
0,0.2148,830295
0,0.2149,10537
0,0.2149,10692
0,0.2149,11192
0,0.2149,12067
0,0.2149,12253
0,0.2149,12454
0,0.2149,13360
0,0.2149,14869
0,0.2149,15997
0,0.2149,16880
0,0.2149,17691
0,0.2149,19334
0,0.2149,27132
0,0.2149,30003
0,0.2149,35743
0,0.2149,58550
0,0.2149,513376
0,0.2149,518443
0,0.2149,520115
0,0.2149,521092
0,0.2149,524073
0,0.2149,1050014552
0,0.2150,11671
0,0.2150,17901
0,0.2150,31681
0,0.2150,39813
0,0.2150,45172
0,0.2150,100478
0,0.2150,117741
0,0.2150,154214
0,0.2150,512932
0,0.2150,520210
0,0.2150,531299
0,0.2150,531862
0,0.2150,539620
0,0.2150,556347
0,0.2150,802697
0,0.2150,1053174360
0,0.2151,11497
0,0.2151,12506
0,0.2151,13305
0,0.2151,14477
0,0.2151,15789
0,0.2151,16260
0,0.2151,20068
0,0.2151,21688
0,0.2151,21932
0,0.2151,23259
0,0.2151,30807
0,0.2151,138243
0,0.2151,515460
0,0.2151,516820
0,0.2151,524655
0,0.2151,555727
0,0.2152,10414
0,0.2152,10847
0,0.2152,13640
0,0.2152,17105
0,0.2152,24246
0,0.2152,26455
0,0.2152,30933
0,0.2152,34896
0,0.2152,40390
0,0.2152,42310
0,0.2152,74551
0,0.2152,100006
0,0.2152,513283
0,0.2152,515675
0,0.2152,515933
0,0.2152,519132
0,0.2152,529385
0,0.2152,534008
0,0.2152,809401
0,0.2152,814353
0,0.2153,11161
0,0.2153,11363
0,0.2153,11699
0,0.2153,12183
0,0.2153,12443
0,0.2153,12445
0,0.2153,12727
0,0.2153,12947
0,0.2153,16029
0,0.2153,16761
0,0.2153,17876
0,0.2153,19497
0,0.2153,19760
0,0.2153,25184
0,0.2153,25254
0,0.2153,29785
0,0.2153,37921
0,0.2153,81710
0,0.2153,518461
0,0.2153,519865
0,0.2153,522822
0,0.2153,532800
0,0.2153,533751
0,0.2153,800417
0,0.2153,801442
0,0.2153,955284
0,0.2154,10099
0,0.2154,11663
0,0.2154,11982
0,0.2154,11989
0,0.2154,12993
0,0.2154,13151
0,0.2154,13158
0,0.2154,14294
0,0.2154,20774
0,0.2154,20818
0,0.2154,21797
0,0.2154,23281
0,0.2154,24702
0,0.2154,27872
0,0.2154,30371
0,0.2154,42509
0,0.2154,48125
0,0.2154,519230
0,0.2154,521075
0,0.2154,529489
0,0.2154,803048
0,0.2154,918582
0,0.2155,10495
0,0.2155,10597
0,0.2155,11008
0,0.2155,11255
0,0.2155,11603
0,0.2155,12358
0,0.2155,12720
0,0.2155,14206
0,0.2155,15828
0,0.2155,16266
0,0.2155,16284
0,0.2155,17454
0,0.2155,29493
0,0.2155,223967
0,0.2155,532747
0,0.2155,804445
0,0.2155,936341
0,0.2156,10249
0,0.2156,11402
0,0.2156,12455
0,0.2156,13168
0,0.2156,15393
0,0.2156,15616
0,0.2156,16249
0,0.2156,19189
0,0.2156,22870
0,0.2156,80867
0,0.2156,152496
0,0.2156,514997
0,0.2156,520119
0,0.2156,520188
0,0.2156,521292
0,0.2156,800438
0,0.2156,803310
0,0.2156,804351
0,0.2156,805338
0,0.2156,812884
0,0.2156,936810
0,0.2157,10967
0,0.2157,12083
0,0.2157,14224
0,0.2157,15083
0,0.2157,16273
0,0.2157,19999
0,0.2157,22884
0,0.2157,23273
0,0.2157,26417
0,0.2157,27296
0,0.2157,36459
0,0.2157,40213
0,0.2157,47369
0,0.2157,70651
0,0.2157,151050
0,0.2157,514125
0,0.2157,521813
0,0.2157,522815
0,0.2157,524156
0,0.2157,555259
0,0.2157,557904
0,0.2157,801757
0,0.2157,802544
0,0.2157,807924
0,0.2157,817218
0,0.2158,10368
0,0.2158,10371
0,0.2158,11061
0,0.2158,11131
0,0.2158,11327
0,0.2158,14223
0,0.2158,14279
0,0.2158,16781
0,0.2158,17177
0,0.2158,27794
0,0.2158,31121
0,0.2158,31967
0,0.2158,36245
0,0.2158,36751
0,0.2158,84758
0,0.2158,512255
0,0.2158,518541
0,0.2158,804500
0,0.2158,932684
0,0.2158,981789985
0,0.2159,10599
0,0.2159,10676
0,0.2159,10704
0,0.2159,11326
0,0.2159,11802
0,0.2159,12686
0,0.2159,13048
0,0.2159,13363
0,0.2159,13984
0,0.2159,13991
0,0.2159,14428
0,0.2159,16975
0,0.2159,18921
0,0.2159,36780
0,0.2159,39753
0,0.2159,49869
0,0.2159,57381
0,0.2159,94433
0,0.2159,99882
0,0.2159,112562
0,0.2159,222777
0,0.2159,247112
0,0.2159,800718
0,0.2159,806037
0,0.2160,10138
0,0.2160,10624
0,0.2160,10817
0,0.2160,10852
0,0.2160,11319
0,0.2160,16984
0,0.2160,18911
0,0.2160,47922
0,0.2160,219189
0,0.2160,511778
0,0.2160,512305
0,0.2160,514405
0,0.2160,526298
0,0.2160,537659
0,0.2160,803129
0,0.2161,10974
0,0.2161,12091
0,0.2161,12221
0,0.2161,12565
0,0.2161,15457
0,0.2161,16087
0,0.2161,17134
0,0.2161,23325
0,0.2161,26455
0,0.2161,520016
0,0.2161,524133
0,0.2161,530878
0,0.2161,1111554233
0,0.2162,10202
0,0.2162,10224
0,0.2162,11181
0,0.2162,11210
0,0.2162,11967
0,0.2162,12319
0,0.2162,12405
0,0.2162,12817
0,0.2162,13865
0,0.2162,15612
0,0.2162,16180
0,0.2162,19463
0,0.2162,20233
0,0.2162,23703
0,0.2162,25021
0,0.2162,26284
0,0.2162,29379
0,0.2162,48667
0,0.2162,77709
0,0.2162,527048
0,0.2162,527525
0,0.2162,555837
0,0.2162,800041
0,0.2162,848955
0,0.2163,10719
0,0.2163,10993
0,0.2163,11318
0,0.2163,12488
0,0.2163,13613
0,0.2163,14625
0,0.2163,14892
0,0.2163,16110
0,0.2163,17034
0,0.2163,17367
0,0.2163,17554
0,0.2163,25773
0,0.2163,29135
0,0.2163,40768
0,0.2163,67337
0,0.2163,82899
0,0.2163,511857
0,0.2163,517512
0,0.2163,518707
0,0.2163,520440
0,0.2163,531732
0,0.2163,801816
0,0.2163,804398
0,0.2163,956310
0,0.2164,10050
0,0.2164,10289
0,0.2164,11053
0,0.2164,11198
0,0.2164,12137
0,0.2164,15495
0,0.2164,16642
0,0.2164,18437
0,0.2164,18823
0,0.2164,19266
0,0.2164,19947
0,0.2164,21568
0,0.2164,22014
0,0.2164,34949
0,0.2164,42896
0,0.2164,48491
0,0.2164,55527
0,0.2164,70337
0,0.2164,195264
0,0.2164,519363
0,0.2164,521234
0,0.2164,521633
0,0.2164,523564
0,0.2164,805165
0,0.2164,813104
0,0.2165,10092
0,0.2165,10693
0,0.2165,10744
0,0.2165,11856
0,0.2165,14507
0,0.2165,15362
0,0.2165,15955
0,0.2165,16309
0,0.2165,24050
0,0.2165,37265
0,0.2165,38454
0,0.2165,46358
0,0.2165,85527
0,0.2165,131607
0,0.2165,512086
0,0.2165,522841
0,0.2165,524512
0,0.2165,800084
0,0.2165,807799
0,0.2165,816113
0,0.2165,864655
0,0.2165,928701
0,0.2166,10172
0,0.2166,10513
0,0.2166,10735
0,0.2166,11005
0,0.2166,12131
0,0.2166,12532
0,0.2166,13013
0,0.2166,13312
0,0.2166,13607
0,0.2166,15605
0,0.2166,15782
0,0.2166,16671
0,0.2166,24134
0,0.2166,31627
0,0.2166,44669
0,0.2166,85590
0,0.2166,511828
0,0.2166,522828
0,0.2166,525354
0,0.2166,574357
0,0.2166,813076
0,0.2166,902483
0,0.2166,1050045395
0,0.2167,10323
0,0.2167,10475
0,0.2167,11307
0,0.2167,12104
0,0.2167,13404
0,0.2167,13442
0,0.2167,19239
0,0.2167,21277
0,0.2167,23826
0,0.2167,27025
0,0.2167,41428
0,0.2167,92871
0,0.2167,95057
0,0.2167,515072
0,0.2167,517913
0,0.2167,519616
0,0.2167,521241
0,0.2167,800254
0,0.2167,800595
0,0.2167,800724
0,0.2167,805227
0,0.2168,11013
0,0.2168,11030
0,0.2168,11614
0,0.2168,12763
0,0.2168,13134
0,0.2168,14424
0,0.2168,14428
0,0.2168,19042
0,0.2168,27302
0,0.2168,37058
0,0.2168,58999
0,0.2168,116555
0,0.2168,518938
0,0.2168,529424
0,0.2168,800317
0,0.2168,801257
0,0.2168,802381
0,0.2168,808159
0,0.2168,819096
0,0.2169,10421
0,0.2169,11832
0,0.2169,12239
0,0.2169,12395
0,0.2169,13595
0,0.2169,14790
0,0.2169,15210
0,0.2169,15914
0,0.2169,16659
0,0.2169,17143
0,0.2169,17379
0,0.2169,17408
0,0.2169,21637
0,0.2169,26991
0,0.2169,58532
0,0.2169,71547
0,0.2169,94391
0,0.2169,303314
0,0.2169,419175
0,0.2169,514483
0,0.2169,518513
0,0.2169,522857
0,0.2169,522974
0,0.2169,524654
0,0.2169,803925
0,0.2169,805244
0,0.2169,826503
0,0.2170,10319
0,0.2170,11464
0,0.2170,11466
0,0.2170,11540
0,0.2170,12001
0,0.2170,13515
0,0.2170,14205
0,0.2170,14259
0,0.2170,15680
0,0.2170,18650
0,0.2170,28184
0,0.2170,30716
0,0.2170,31788
0,0.2170,34148
0,0.2170,40983
0,0.2170,145530
0,0.2170,513646
0,0.2170,520337
0,0.2170,524074
0,0.2170,531557
0,0.2170,534361
0,0.2170,567101
0,0.2170,800062
0,0.2170,828718
0,0.2170,848264
0,0.2171,10777
0,0.2171,11907
0,0.2171,12181
0,0.2171,12423
0,0.2171,12907
0,0.2171,16553
0,0.2171,18327
0,0.2171,21527
0,0.2171,22900
0,0.2171,38268
0,0.2171,129772
0,0.2171,154212
0,0.2171,511841
0,0.2171,522992
0,0.2171,524644
0,0.2171,533748
0,0.2171,800890
0,0.2171,802081
0,0.2171,806613
0,0.2172,11929
0,0.2172,13357
0,0.2172,14509
0,0.2172,14523
0,0.2172,15398
0,0.2172,15713
0,0.2172,17024
0,0.2172,19956
0,0.2172,20418
0,0.2172,121578
0,0.2172,512825
0,0.2172,513284
0,0.2172,808183
0,0.2173,10072
0,0.2173,10574
0,0.2173,10604
0,0.2173,10844
0,0.2173,13121
0,0.2173,13342
0,0.2173,13800
0,0.2173,16473
0,0.2173,17244
0,0.2173,17958
0,0.2173,19825
0,0.2173,21609
0,0.2173,22747
0,0.2173,25763
0,0.2173,32651
0,0.2173,32718
0,0.2173,41801
0,0.2173,42739
0,0.2173,81228
0,0.2173,88157
0,0.2173,97678
0,0.2173,511823
0,0.2173,512549
0,0.2173,513111
0,0.2173,520646
0,0.2173,529318
0,0.2173,555340
0,0.2173,801220
0,0.2173,807839
0,0.2173,828718
0,0.2173,955135
0,0.2174,10132
0,0.2174,10497
0,0.2174,12252
0,0.2174,14552
0,0.2174,14705
0,0.2174,14816
0,0.2174,15839
0,0.2174,15904
0,0.2174,15905
0,0.2174,21263
0,0.2174,23602
0,0.2174,26666
0,0.2174,89542
0,0.2174,434891
0,0.2174,512928
0,0.2174,519328
0,0.2174,522752
0,0.2174,525062
0,0.2174,806144
0,0.2174,822772
0,0.2174,902501
0,0.2174,932321
0,0.2175,11087
0,0.2175,11900
0,0.2175,14765
0,0.2175,14881
0,0.2175,15273
0,0.2175,15829
0,0.2175,18125
0,0.2175,29116
0,0.2175,29806
0,0.2175,39504
0,0.2175,40046
0,0.2175,45839
0,0.2175,52728
0,0.2175,64607
0,0.2175,80674
0,0.2175,149501
0,0.2175,530877
0,0.2175,532909
0,0.2175,803007
0,0.2176,12547
0,0.2176,13707
0,0.2176,14428
0,0.2176,16234
0,0.2176,16687
0,0.2176,19089
0,0.2176,25939
0,0.2176,34801
0,0.2176,353032
0,0.2176,505338
0,0.2176,515221
0,0.2176,519371
0,0.2176,537027
0,0.2176,805797
0,0.2176,807312
0,0.2176,817565
0,0.2177,11032
0,0.2177,11194
0,0.2177,11302
0,0.2177,11377
0,0.2177,12569
0,0.2177,12796
0,0.2177,13454
0,0.2177,13760
0,0.2177,15024
0,0.2177,15212
0,0.2177,16008
0,0.2177,16540
0,0.2177,18170
0,0.2177,19036
0,0.2177,19935
0,0.2177,20664
0,0.2177,24450
0,0.2177,28633
0,0.2177,37142
0,0.2177,39294
0,0.2177,71503
0,0.2177,81442
0,0.2177,91333
0,0.2177,383941
0,0.2177,513464
0,0.2177,515760
0,0.2177,523786
0,0.2177,531708
0,0.2177,532079
0,0.2177,804326
0,0.2177,806427
0,0.2178,10243
0,0.2178,10462
0,0.2178,10539
0,0.2178,11125
0,0.2178,12283
0,0.2178,12902
0,0.2178,13007
0,0.2178,14438
0,0.2178,15310
0,0.2178,18278
0,0.2178,19440
0,0.2178,26741
0,0.2178,50575
0,0.2178,131313
0,0.2178,513405
0,0.2178,515961
0,0.2178,518777
0,0.2178,521236
0,0.2178,521701
0,0.2178,530449
0,0.2178,540077
0,0.2178,814115
0,0.2178,820271
0,0.2178,826503
0,0.2179,10147
0,0.2179,11200
0,0.2179,13406
0,0.2179,14434
0,0.2179,19850
0,0.2179,45969
0,0.2179,511955
0,0.2179,519332
0,0.2179,555344
0,0.2179,803659
0,0.2179,810586
0,0.2179,830025
0,0.2179,842520
0,0.2179,848955
0,0.2179,906228
0,0.2180,10041
0,0.2180,10175
0,0.2180,10290
0,0.2180,10707
0,0.2180,10969
0,0.2180,13258
0,0.2180,13463
0,0.2180,15360
0,0.2180,16558
0,0.2180,16986
0,0.2180,20277
0,0.2180,29535
0,0.2180,30504
0,0.2180,61398
0,0.2180,174420
0,0.2180,517548
0,0.2180,520435
0,0.2180,524292
0,0.2180,537135
0,0.2180,800335
0,0.2180,819656
0,0.2180,317157307
0,0.2181,10673
0,0.2181,11280
0,0.2181,13303
0,0.2181,14115
0,0.2181,18779
0,0.2181,28186
0,0.2181,28469
0,0.2181,28559
0,0.2181,37433
0,0.2181,39413
0,0.2181,81159
0,0.2181,107195
0,0.2181,114426
0,0.2181,125111
0,0.2181,515289
0,0.2181,516098
0,0.2181,524894
0,0.2181,525408
0,0.2181,555342
0,0.2181,556346
0,0.2181,568155
0,0.2181,574147
0,0.2181,818085
0,0.2182,10120
0,0.2182,12295
0,0.2182,13217
0,0.2182,14719
0,0.2182,26353
0,0.2182,28190
0,0.2182,32062
0,0.2182,69319
0,0.2182,98544
0,0.2182,111004
0,0.2182,131748
0,0.2182,512513
0,0.2182,515015
0,0.2182,519331
0,0.2182,520812
0,0.2182,520817
0,0.2182,529422
0,0.2182,529604
0,0.2182,533103
0,0.2182,555176
0,0.2182,802579
0,0.2182,818085
0,0.2182,906554
0,0.2183,10122
0,0.2183,10961
0,0.2183,11038
0,0.2183,11419
0,0.2183,13456
0,0.2183,16537
0,0.2183,19616
0,0.2183,20144
0,0.2183,37552
0,0.2183,512077
0,0.2183,518690
0,0.2183,519443
0,0.2183,520581
0,0.2183,525306
0,0.2183,535889
0,0.2183,556539
0,0.2183,801258
0,0.2183,802116
0,0.2183,802402
0,0.2183,805926
0,0.2183,814430
0,0.2183,353379798
0,0.2184,10168
0,0.2184,10184
0,0.2184,11103
0,0.2184,11628
0,0.2184,11634
0,0.2184,11723
0,0.2184,12506
0,0.2184,13273
0,0.2184,13306
0,0.2184,16145
0,0.2184,19949
0,0.2184,23425
0,0.2184,29207
0,0.2184,37190
0,0.2184,41054
0,0.2184,67864
0,0.2184,511757
0,0.2184,512750
0,0.2184,519140
0,0.2184,522746
0,0.2184,523930
0,0.2184,529349
0,0.2184,535347
0,0.2184,800676
0,0.2185,10332
0,0.2185,12500
0,0.2185,12606
0,0.2185,12750
0,0.2185,15290
0,0.2185,15674
0,0.2185,18940
0,0.2185,19376
0,0.2185,24382
0,0.2185,33075
0,0.2185,36524
0,0.2185,100809
0,0.2185,515294
0,0.2185,520818
0,0.2185,522428
0,0.2185,522753
0,0.2185,802580
0,0.2185,811215
0,0.2185,815281
0,0.2186,11070
0,0.2186,11618
0,0.2186,11673
0,0.2186,12055
0,0.2186,12249
0,0.2186,12933
0,0.2186,13615
0,0.2186,14939
0,0.2186,19488
0,0.2186,19900
0,0.2186,20698
0,0.2186,22709
0,0.2186,22909
0,0.2186,23619
0,0.2186,25030
0,0.2186,30313
0,0.2186,32258
0,0.2186,35324
0,0.2186,48335
0,0.2186,49630
0,0.2186,50082
0,0.2186,52016
0,0.2186,61311
0,0.2186,64399
0,0.2186,69544
0,0.2186,92188
0,0.2186,209688
0,0.2186,511882
0,0.2186,513968
0,0.2186,518309
0,0.2186,522762
0,0.2187,10110
0,0.2187,10185
0,0.2187,10661
0,0.2187,10920
0,0.2187,14362
0,0.2187,16641
0,0.2187,17402
0,0.2187,28254
0,0.2187,514547
0,0.2187,521814
0,0.2187,524755
0,0.2187,818987
0,0.2187,820271
0,0.2187,827502
0,0.2187,981789985
0,0.2188,10137
0,0.2188,10404
0,0.2188,10490
0,0.2188,11316
0,0.2188,13070
0,0.2188,13255
0,0.2188,14686
0,0.2188,15176
0,0.2188,15514
0,0.2188,15768
0,0.2188,16816
0,0.2188,18604
0,0.2188,20007
0,0.2188,24232
0,0.2188,28791
0,0.2188,33589
0,0.2188,39453
0,0.2188,42483
0,0.2188,57555
0,0.2188,512927
0,0.2188,544476
0,0.2188,802124
0,0.2188,806398
0,0.2188,849272
0,0.2188,904004
0,0.2188,908745
0,0.2189,10294
0,0.2189,10432
0,0.2189,11341
0,0.2189,12396
0,0.2189,13179
0,0.2189,16706
0,0.2189,16931
0,0.2189,19104
0,0.2189,25797
0,0.2189,44250
0,0.2189,46724
0,0.2189,56017
0,0.2189,60241
0,0.2189,66209
0,0.2189,74496
0,0.2189,454614
0,0.2189,518194
0,0.2189,527653
0,0.2189,861290
0,0.2190,10035
0,0.2190,10370
0,0.2190,12401
0,0.2190,12811
0,0.2190,13526
0,0.2190,14539
0,0.2190,15117
0,0.2190,16370
0,0.2190,18932
0,0.2190,19327
0,0.2190,20831
0,0.2190,20945
0,0.2190,21353
0,0.2190,21563
0,0.2190,21645
0,0.2190,23601
0,0.2190,26211
0,0.2190,28381
0,0.2190,33638
0,0.2190,41598
0,0.2190,58730
0,0.2190,94239
0,0.2190,512734
0,0.2190,513217
0,0.2190,515026
0,0.2190,515775
0,0.2190,516110
0,0.2190,519347
0,0.2190,553194
0,0.2190,800784
0,0.2190,804556
0,0.2190,816644
0,0.2190,907803
0,0.2191,10293
0,0.2191,10299
0,0.2191,12006
0,0.2191,12976
0,0.2191,13307
0,0.2191,13317
0,0.2191,14482
0,0.2191,15284
0,0.2191,15915
0,0.2191,18221
0,0.2191,44903
0,0.2191,86661
0,0.2191,513460
0,0.2191,517255
0,0.2191,517257
0,0.2191,523043
0,0.2191,800827
0,0.2191,816439
0,0.2191,824830
0,0.2191,155143464
0,0.2192,10306
0,0.2192,10617
0,0.2192,11806
0,0.2192,12716
0,0.2192,14643
0,0.2192,14997
0,0.2192,16794
0,0.2192,18585
0,0.2192,21613
0,0.2192,48146
0,0.2192,512314
0,0.2192,515950
0,0.2192,517202
0,0.2192,520439
0,0.2192,523482
0,0.2192,523776
0,0.2192,524717
0,0.2192,800757
0,0.2192,804530
0,0.2192,905507
0,0.2192,908143
0,0.2193,10033
0,0.2193,10100
0,0.2193,10754
0,0.2193,11057
0,0.2193,11155
0,0.2193,11311
0,0.2193,11768
0,0.2193,12398
0,0.2193,13428
0,0.2193,13969
0,0.2193,16343
0,0.2193,16652
0,0.2193,19569
0,0.2193,21252
0,0.2193,22058
0,0.2193,25045
0,0.2193,30310
0,0.2193,36704
0,0.2193,42059
0,0.2193,44313
0,0.2193,53652
0,0.2193,58394
0,0.2193,61921
0,0.2193,62778
0,0.2193,517723
0,0.2193,519144
0,0.2193,521409
0,0.2193,523806
0,0.2193,524432
0,0.2193,801976
0,0.2193,802809
0,0.2193,804797
0,0.2193,827502
0,0.2194,10099
0,0.2194,10479
0,0.2194,11021
0,0.2194,14215
0,0.2194,15382
0,0.2194,15458
0,0.2194,16579
0,0.2194,18343
0,0.2194,18419
0,0.2194,18504
0,0.2194,21692
0,0.2194,23315
0,0.2194,30108
0,0.2194,38706
0,0.2194,55630
0,0.2194,529603
0,0.2194,531999
0,0.2194,558854
0,0.2194,802145
0,0.2194,802174
0,0.2194,804627
0,0.2194,805489
0,0.2194,912073
0,0.2195,10187
0,0.2195,10868
0,0.2195,12487
0,0.2195,13259
0,0.2195,14464
0,0.2195,17419
0,0.2195,51159
0,0.2195,63923
0,0.2195,76194
0,0.2195,81741
0,0.2195,99095
0,0.2195,138056
0,0.2195,289948
0,0.2195,515091
0,0.2195,803732
0,0.2195,825184
0,0.2196,10295
0,0.2196,10691
0,0.2196,12747
0,0.2196,13836
0,0.2196,24683
0,0.2196,32475
0,0.2196,47271
0,0.2196,531583
0,0.2196,532125
0,0.2196,802490
0,0.2196,825184
0,0.2196,903250
0,0.2197,10797
0,0.2197,14311
0,0.2197,17173
0,0.2197,19290
0,0.2197,20185
0,0.2197,25792
0,0.2197,30660
0,0.2197,32315
0,0.2197,39026
0,0.2197,51365
0,0.2197,130455
0,0.2197,511839
0,0.2197,513283
0,0.2197,523060
0,0.2197,530880
0,0.2197,580819
0,0.2197,802652
0,0.2198,10011
0,0.2198,10855
0,0.2198,11142
0,0.2198,11174
0,0.2198,12318
0,0.2198,12343
0,0.2198,16105
0,0.2198,19498
0,0.2198,35743
0,0.2198,39095
0,0.2198,40289
0,0.2198,63701
0,0.2198,511844
0,0.2198,512319
0,0.2198,512390
0,0.2198,524761
0,0.2198,801491
0,0.2198,802155
0,0.2198,803652
0,0.2198,818370
0,0.2199,10269
0,0.2199,10365
0,0.2199,12358
0,0.2199,12590
0,0.2199,13669
0,0.2199,14023
0,0.2199,18790
0,0.2199,26137
0,0.2199,31664
0,0.2199,55124
0,0.2199,114715
0,0.2199,516739
0,0.2199,522387
0,0.2199,529520
0,0.2199,549229
0,0.2199,801998
0,0.2199,827502
0,0.2200,11160
0,0.2200,11893
0,0.2200,12407
0,0.2200,12654
0,0.2200,12815
0,0.2200,14060
0,0.2200,14461
0,0.2200,14736
0,0.2200,18109
0,0.2200,18744
0,0.2200,20818
0,0.2200,27117
0,0.2200,53086
0,0.2200,235061
0,0.2200,514045
0,0.2200,519715
0,0.2200,519941
0,0.2200,523547
0,0.2200,537032
0,0.2200,800606
0,0.2200,802630
0,0.2200,803562
0,0.2200,809979
0,0.2201,10303
0,0.2201,10564
0,0.2201,10807
0,0.2201,11271
0,0.2201,11402
0,0.2201,11495
0,0.2201,12651
0,0.2201,13559
0,0.2201,13740
0,0.2201,14499
0,0.2201,16360
0,0.2201,16875
0,0.2201,17981
0,0.2201,19837
0,0.2201,21227
0,0.2201,25723
0,0.2201,30955
0,0.2201,54440
0,0.2201,82136
0,0.2201,119860
0,0.2201,518937
0,0.2201,520169
0,0.2201,527588
0,0.2201,529385
0,0.2201,800258
0,0.2201,801895
0,0.2201,802955
0,0.2201,805743
0,0.2201,816113
0,0.2201,932796
0,0.2202,10285
0,0.2202,10898
0,0.2202,12107
0,0.2202,12730
0,0.2202,19189
0,0.2202,34625
0,0.2202,46764
0,0.2202,54706
0,0.2202,58426
0,0.2202,61531
0,0.2202,512328
0,0.2202,517580
0,0.2202,518604
0,0.2202,520792
0,0.2202,522465
0,0.2202,802793
0,0.2202,900035
0,0.2203,10652
0,0.2203,12319
0,0.2203,13229
0,0.2203,13692
0,0.2203,16210
0,0.2203,16493
0,0.2203,39847
0,0.2203,59776
0,0.2203,105709
0,0.2203,512273
0,0.2203,514988
0,0.2203,518112
0,0.2203,524361
0,0.2203,539151
0,0.2203,800132
0,0.2203,800376
0,0.2203,801045
0,0.2203,801503
0,0.2203,801507
0,0.2203,813291
0,0.2203,819656
0,0.2203,830295
0,0.2203,905385
0,0.2204,11327
0,0.2204,11401
0,0.2204,11712
0,0.2204,12943
0,0.2204,12992
0,0.2204,15535
0,0.2204,17454
0,0.2204,17931
0,0.2204,19255
0,0.2204,19612
0,0.2204,22567
0,0.2204,27413
0,0.2204,33598
0,0.2204,49015
0,0.2204,102545
0,0.2204,102689
0,0.2204,512514
0,0.2204,519365
0,0.2204,520021
0,0.2204,520210
0,0.2204,521256
0,0.2204,529572
0,0.2204,559335
0,0.2204,802107
0,0.2204,873387
0,0.2205,10044
0,0.2205,10241
0,0.2205,10704
0,0.2205,11406
0,0.2205,11416
0,0.2205,11638
0,0.2205,12065
0,0.2205,12091
0,0.2205,12151
0,0.2205,12777
0,0.2205,14011
0,0.2205,22278
0,0.2205,24843
0,0.2205,26485
0,0.2205,27179
0,0.2205,29419
0,0.2205,54104
0,0.2205,54462
0,0.2205,529498
0,0.2205,802615
0,0.2205,823869
0,0.2205,864655
0,0.2205,1052043704
0,0.2206,10537
0,0.2206,13142
0,0.2206,13698
0,0.2206,15042
0,0.2206,15924
0,0.2206,15937
0,0.2206,17532
0,0.2206,19478
0,0.2206,19760
0,0.2206,29713
0,0.2206,31591
0,0.2206,36384
0,0.2206,63027
0,0.2206,70298
0,0.2206,234890
0,0.2206,515844
0,0.2206,519705
0,0.2206,520642
0,0.2206,800554
0,0.2206,803524
0,0.2206,1050014552
0,0.2207,15999
0,0.2207,16254
0,0.2207,16907
0,0.2207,18261
0,0.2207,22240
0,0.2207,44005
0,0.2207,45722
0,0.2207,46466
0,0.2207,85395
0,0.2207,514230
0,0.2207,520621
0,0.2207,522354
0,0.2207,524033
0,0.2207,819089
0,0.2207,824034
0,0.2208,11604
0,0.2208,11969
0,0.2208,12802
0,0.2208,13773
0,0.2208,14089
0,0.2208,15145
0,0.2208,18745
0,0.2208,21296
0,0.2208,31777
0,0.2208,40390
0,0.2208,41233
0,0.2208,521059
0,0.2208,522477
0,0.2208,522754
0,0.2208,523506
0,0.2208,801295
0,0.2208,812134
0,0.2208,902553
0,0.2208,936524
0,0.2209,10781
0,0.2209,11460
0,0.2209,11959
0,0.2209,12037
0,0.2209,13287
0,0.2209,13586
0,0.2209,14664
0,0.2209,15635
0,0.2209,17156
0,0.2209,17878
0,0.2209,41144
0,0.2209,65472
0,0.2209,68889
0,0.2209,800190
0,0.2209,801855
0,0.2209,801970
0,0.2209,932322
0,0.2210,10080
0,0.2210,10415
0,0.2210,11131
0,0.2210,11915
0,0.2210,12183
0,0.2210,12194
0,0.2210,12718
0,0.2210,13680
0,0.2210,19308
0,0.2210,22870
0,0.2210,23325
0,0.2210,28674
0,0.2210,42700
0,0.2210,57935
0,0.2210,513340
0,0.2210,517763
0,0.2210,522734
0,0.2210,531985
0,0.2210,539675
0,0.2210,800718
0,0.2210,803013
0,0.2210,819387
0,0.2211,11254
0,0.2211,11701
0,0.2211,13371
0,0.2211,14330
0,0.2211,16380
0,0.2211,17380
0,0.2211,28782
0,0.2211,46341
0,0.2211,49002
0,0.2211,56322
0,0.2211,256844
0,0.2211,523675
0,0.2211,543158
0,0.2211,559554
0,0.2211,806769
0,0.2211,816439
0,0.2211,818370
0,0.2211,903317
0,0.2211,907348
0,0.2212,10150
0,0.2212,10205
0,0.2212,10288
0,0.2212,11201
0,0.2212,11371
0,0.2212,12083
0,0.2212,12510
0,0.2212,12646
0,0.2212,13771
0,0.2212,15441
0,0.2212,18749
0,0.2212,18980
0,0.2212,20359
0,0.2212,38835
0,0.2212,56032
0,0.2212,517256
0,0.2212,524902
0,0.2212,527318
0,0.2212,529519
0,0.2212,800412
0,0.2212,800752
0,0.2212,800890
0,0.2212,802544
0,0.2213,10428
0,0.2213,10663
0,0.2213,11213
0,0.2213,12009
0,0.2213,12176
0,0.2213,12650
0,0.2213,14001
0,0.2213,14912
0,0.2213,21242
0,0.2213,27191
0,0.2213,43445
0,0.2213,44648
0,0.2213,46159
0,0.2213,418789
0,0.2213,521197
0,0.2213,529515
0,0.2213,800056
0,0.2213,803860
0,0.2213,805491
0,0.2213,953627
0,0.2214,10322
0,0.2214,10969
0,0.2214,11896
0,0.2214,12095
0,0.2214,12104
0,0.2214,12298
0,0.2214,12843
0,0.2214,13115
0,0.2214,13228
0,0.2214,13442
0,0.2214,13537
0,0.2214,14881
0,0.2214,17109
0,0.2214,17162
0,0.2214,18704
0,0.2214,25939
0,0.2214,27296
0,0.2214,30181
0,0.2214,44865
0,0.2214,46615
0,0.2214,71649
0,0.2214,511975
0,0.2214,519131
0,0.2214,527350
0,0.2214,530435
0,0.2214,800477
0,0.2214,802139
0,0.2214,802565
0,0.2214,805072
0,0.2214,902280
0,0.2215,10677
0,0.2215,13432
0,0.2215,13863
0,0.2215,14289
0,0.2215,14828
0,0.2215,17046
0,0.2215,17191
0,0.2215,23513
0,0.2215,36499
0,0.2215,45861
0,0.2215,46687
0,0.2215,67384
0,0.2215,513146
0,0.2215,514416
0,0.2215,514596
0,0.2215,519399
0,0.2215,519840
0,0.2215,522338
0,0.2215,524968
0,0.2215,533618
0,0.2215,803048
0,0.2215,955284
0,0.2216,10494
0,0.2216,10941
0,0.2216,11152
0,0.2216,11205
0,0.2216,11921
0,0.2216,12333
0,0.2216,12927
0,0.2216,14207
0,0.2216,14485
0,0.2216,15114
0,0.2216,23809
0,0.2216,59983
0,0.2216,66446
0,0.2216,98698
0,0.2216,104220
0,0.2216,520442
0,0.2216,523550
0,0.2216,524655
0,0.2216,803047
0,0.2216,803982
0,0.2216,823869
0,0.2216,903570
0,0.2217,10646
0,0.2217,10967
0,0.2217,11606
0,0.2217,11710
0,0.2217,14137
0,0.2217,15051
0,0.2217,18678
0,0.2217,19015
0,0.2217,19615
0,0.2217,23812
0,0.2217,26901
0,0.2217,27486
0,0.2217,27682
0,0.2217,29458
0,0.2217,35532
0,0.2217,105436
0,0.2217,200001
0,0.2217,222611
0,0.2217,519720
0,0.2217,520816
0,0.2217,522809
0,0.2217,523512
0,0.2217,526786
0,0.2217,800927
0,0.2217,810626
0,0.2217,902691
0,0.2218,10362
0,0.2218,10368
0,0.2218,10394
0,0.2218,11253
0,0.2218,11532
0,0.2218,11779
0,0.2218,12900
0,0.2218,15237
0,0.2218,15351
0,0.2218,26287
0,0.2218,33168
0,0.2218,34949
0,0.2218,38870
0,0.2218,47564
0,0.2218,520087
0,0.2218,801530
0,0.2218,803207
0,0.2218,804958
0,0.2218,821882
0,0.2219,10138
0,0.2219,10468
0,0.2219,10529
0,0.2219,10553
0,0.2219,10555
0,0.2219,10959
0,0.2219,13310
0,0.2219,13576
0,0.2219,13794
0,0.2219,14093
0,0.2219,14127
0,0.2219,15059
0,0.2219,17835
0,0.2219,18426
0,0.2219,18559
0,0.2219,31839
0,0.2219,35474
0,0.2219,104187
0,0.2219,514405
0,0.2219,520817
0,0.2219,522468
0,0.2219,523636
0,0.2219,549024
0,0.2219,579728
0,0.2219,803196
0,0.2219,912111327
0,0.2220,10051
0,0.2220,10097
0,0.2220,10447
0,0.2220,10638
0,0.2220,10994
0,0.2220,11072
0,0.2220,11947
0,0.2220,13932
0,0.2220,14061
0,0.2220,14259
0,0.2220,14766
0,0.2220,16517
0,0.2220,16569
0,0.2220,16868
0,0.2220,19274
0,0.2220,19696
0,0.2220,20715
0,0.2220,29583
0,0.2220,32545
0,0.2220,38854
0,0.2220,39753
0,0.2220,511756
0,0.2220,515679
0,0.2220,515702
0,0.2220,521584
0,0.2220,526612
0,0.2220,556286
0,0.2220,800042
0,0.2220,800077
0,0.2220,803052
0,0.2220,823869
0,0.2220,906612
0,0.2221,10165
0,0.2221,10356
0,0.2221,10669
0,0.2221,10854
0,0.2221,12210
0,0.2221,12809
0,0.2221,13018
0,0.2221,13184
0,0.2221,13872
0,0.2221,15110
0,0.2221,15325
0,0.2221,17094
0,0.2221,32016
0,0.2221,39442
0,0.2221,43756
0,0.2221,63798
0,0.2221,64180
0,0.2221,67174
0,0.2221,79788
0,0.2221,91633
0,0.2221,103278
0,0.2221,511881
0,0.2221,513147
0,0.2221,515182
0,0.2221,520888
0,0.2221,555342
0,0.2221,802080
0,0.2221,907474
0,0.2222,10041
0,0.2222,10061
0,0.2222,10114
0,0.2222,10510
0,0.2222,11166
0,0.2222,11246
0,0.2222,11709
0,0.2222,12088
0,0.2222,12259
0,0.2222,12506
0,0.2222,14459
0,0.2222,14896
0,0.2222,17369
0,0.2222,25552
0,0.2222,29021
0,0.2222,58517
0,0.2222,94433
0,0.2222,512793
0,0.2222,519230
0,0.2222,520236
0,0.2222,520641
0,0.2222,530151
0,0.2222,532909
0,0.2222,801118
0,0.2222,803129
0,0.2223,10047
0,0.2223,10175
0,0.2223,10190
0,0.2223,10514
0,0.2223,11375
0,0.2223,11699
0,0.2223,12733
0,0.2223,13471
0,0.2223,15997
0,0.2223,16659
0,0.2223,17790
0,0.2223,18156
0,0.2223,18728
0,0.2223,19341
0,0.2223,19452
0,0.2223,20755
0,0.2223,22122
0,0.2223,26417
0,0.2223,190319
0,0.2223,515545
0,0.2223,521536
0,0.2223,521763
0,0.2223,524610
0,0.2223,814353
0,0.2223,817261
0,0.2224,10949
0,0.2224,11485
0,0.2224,11856
0,0.2224,12140
0,0.2224,13301
0,0.2224,13962
0,0.2224,14224
0,0.2224,14434
0,0.2224,14611
0,0.2224,21932
0,0.2224,23637
0,0.2224,24646
0,0.2224,27818
0,0.2224,54602
0,0.2224,60466
0,0.2224,514413
0,0.2224,516643
0,0.2224,526298
0,0.2224,800167
0,0.2224,800618
0,0.2224,802958
0,0.2224,810570
0,0.2224,820146
0,0.2224,823205
0,0.2224,830025
0,0.2225,10222
0,0.2225,10302
0,0.2225,10683
0,0.2225,10869
0,0.2225,13751
0,0.2225,16951
0,0.2225,18185
0,0.2225,19594
0,0.2225,23281
0,0.2225,25085
0,0.2225,35635
0,0.2225,38272
0,0.2225,48096
0,0.2225,50397
0,0.2225,51764
0,0.2225,54246
0,0.2225,83052
0,0.2225,96137
0,0.2225,111777
0,0.2225,140519
0,0.2225,515933
0,0.2225,517548
0,0.2225,519944
0,0.2225,521928
0,0.2225,525066
0,0.2225,801947
0,0.2225,811623
0,0.2225,936810
0,0.2226,10018
0,0.2226,10168
0,0.2226,10725
0,0.2226,10830
0,0.2226,11423
0,0.2226,11900
0,0.2226,13444
0,0.2226,13860
0,0.2226,17043
0,0.2226,22626
0,0.2226,23273
0,0.2226,44816
0,0.2226,58331
0,0.2226,61079
0,0.2226,108738
0,0.2226,512236
0,0.2226,521612
0,0.2226,521675
0,0.2226,522828
0,0.2226,523564
0,0.2226,801282
0,0.2226,830295
0,0.2226,908747
0,0.2226,1053174360
0,0.2227,10414
0,0.2227,12060
0,0.2227,14756
0,0.2227,27597
0,0.2227,57048
0,0.2227,519865
0,0.2227,801077
0,0.2227,801629
0,0.2227,805165
0,0.2228,10099
0,0.2228,10110
0,0.2228,10692
0,0.2228,11221
0,0.2228,11711
0,0.2228,12054
0,0.2228,12109
0,0.2228,12240
0,0.2228,15163
0,0.2228,15888
0,0.2228,18779
0,0.2228,33307
0,0.2228,46073
0,0.2228,59387
0,0.2228,137497
0,0.2228,142743
0,0.2228,470711
0,0.2228,519616
0,0.2228,521063
0,0.2228,533946
0,0.2228,801561
0,0.2228,803566
0,0.2228,818370
0,0.2228,823869
0,0.2229,10202
0,0.2229,10735
0,0.2229,10825
0,0.2229,11180
0,0.2229,12067
0,0.2229,12872
0,0.2229,13894
0,0.2229,14640
0,0.2229,19061
0,0.2229,20272
0,0.2229,23212
0,0.2229,23602
0,0.2229,28466
0,0.2229,38657
0,0.2229,48491
0,0.2229,82205
0,0.2229,511778
0,0.2229,512947
0,0.2229,517512
0,0.2229,532000
0,0.2229,800070
0,0.2229,800277
0,0.2230,10290
0,0.2230,10501
0,0.2230,11805
0,0.2230,12159
0,0.2230,12228
0,0.2230,12368
0,0.2230,18739
0,0.2230,21468
0,0.2230,26999
0,0.2230,28633
0,0.2230,35503
0,0.2230,39813
0,0.2230,47438
0,0.2230,59198
0,0.2230,64328
0,0.2230,517601
0,0.2230,520115
0,0.2230,523017
0,0.2230,581422
0,0.2230,808768
0,0.2230,1137406009
0,0.2231,10088
0,0.2231,11319
0,0.2231,11340
0,0.2231,11734
0,0.2231,11932
0,0.2231,13360
0,0.2231,15657
0,0.2231,16636
0,0.2231,20468
0,0.2231,22084
0,0.2231,22884
0,0.2231,55178
0,0.2231,72491
0,0.2231,511926
0,0.2231,515877
0,0.2231,555713
0,0.2231,558869
0,0.2231,803599
0,0.2231,805208
0,0.2231,902789
0,0.2232,10167
0,0.2232,10887
0,0.2232,12947
0,0.2232,14954
0,0.2232,15789
0,0.2232,18437
0,0.2232,18463
0,0.2232,19393
0,0.2232,21778
0,0.2232,31408
0,0.2232,40300
0,0.2232,45311
0,0.2232,70651
0,0.2232,77821
0,0.2232,85527
0,0.2232,514546
0,0.2232,519363
0,0.2232,522983
0,0.2232,523062
0,0.2232,530950
0,0.2232,803004
0,0.2232,803440
0,0.2232,821058
0,0.2232,903727
0,0.2232,199328457
0,0.2233,10420
0,0.2233,11618
0,0.2233,12411
0,0.2233,13147
0,0.2233,13901
0,0.2233,16642
0,0.2233,19486
0,0.2233,25137
0,0.2233,25773
0,0.2233,48786
0,0.2233,56308
0,0.2233,57240
0,0.2233,64301
0,0.2233,511828
0,0.2233,512095
0,0.2233,516072
0,0.2233,516852
0,0.2233,522760
0,0.2233,534404
0,0.2233,800181
0,0.2233,820943
0,0.2233,903425
0,0.2233,903450
0,0.2233,903652
0,0.2233,936838
0,0.2234,10120
0,0.2234,10852
0,0.2234,11255
0,0.2234,11764
0,0.2234,14294
0,0.2234,14727
0,0.2234,15578
0,0.2234,17491
0,0.2234,18601
0,0.2234,23601
0,0.2234,29340
0,0.2234,39608
0,0.2234,64874
0,0.2234,137777
0,0.2234,512858
0,0.2234,519132
0,0.2234,519761
0,0.2234,522744
0,0.2234,522761
0,0.2234,527048
0,0.2234,529419
0,0.2234,530789
0,0.2234,555383
0,0.2234,559141
0,0.2234,802137
0,0.2234,802181
0,0.2234,802224
0,0.2234,817261
0,0.2235,10185
0,0.2235,10446
0,0.2235,10679
0,0.2235,11047
0,0.2235,11977
0,0.2235,14486
0,0.2235,15287
0,0.2235,15731
0,0.2235,15775
0,0.2235,16506
0,0.2235,18419
0,0.2235,36812
0,0.2235,94980
0,0.2235,512795
0,0.2235,512927
0,0.2235,513630
0,0.2235,515293
0,0.2235,516513
0,0.2235,520034
0,0.2235,520789
0,0.2235,521814
0,0.2235,525595
0,0.2235,529259
0,0.2236,10412
0,0.2236,11338
0,0.2236,12811
0,0.2236,13056
0,0.2236,13168
0,0.2236,18504
0,0.2236,22185
0,0.2236,38706
0,0.2236,47107
0,0.2236,54011
0,0.2236,514997
0,0.2236,527409
0,0.2236,534420
0,0.2236,800984
0,0.2236,805532
0,0.2236,820271
0,0.2236,823205
0,0.2237,10658
0,0.2237,12748
0,0.2237,13353
0,0.2237,16794
0,0.2237,30039
0,0.2237,31070
0,0.2237,45024
0,0.2237,50975
0,0.2237,55576
0,0.2237,57797
0,0.2237,834861
0,0.2238,10050
0,0.2238,10323
0,0.2238,11021
0,0.2238,11192
0,0.2238,12429
0,0.2238,12503
0,0.2238,13153
0,0.2238,14276
0,0.2238,19334
0,0.2238,19740
0,0.2238,23167
0,0.2238,24382
0,0.2238,29493
0,0.2238,47754
0,0.2238,76194
0,0.2238,98157
0,0.2238,511823
0,0.2238,514125
0,0.2238,519866
0,0.2238,523684
0,0.2238,525400
0,0.2238,808183
0,0.2238,829341
0,0.2238,941319
0,0.2238,199328457
0,0.2239,10072
0,0.2239,10187
0,0.2239,10604
0,0.2239,11030
0,0.2239,13317
0,0.2239,13934
0,0.2239,14223
0,0.2239,15612
0,0.2239,32258
0,0.2239,247112
0,0.2239,801816
0,0.2239,802296
0,0.2239,803104
0,0.2239,821236
0,0.2240,11214
0,0.2240,11836
0,0.2240,12125
0,0.2240,12358
0,0.2240,12908
0,0.2240,16093
0,0.2240,18540
0,0.2240,19386
0,0.2240,25532
0,0.2240,32393
0,0.2240,46152
0,0.2240,513283
0,0.2240,519371
0,0.2240,521113
0,0.2240,521126
0,0.2240,522352
0,0.2240,537899
0,0.2240,800343
0,0.2240,817565
0,0.2240,1050045395
0,0.2241,10385
0,0.2241,10914
0,0.2241,10917
0,0.2241,12605
0,0.2241,12874
0,0.2241,13158
0,0.2241,13643
0,0.2241,14424
0,0.2241,15361
0,0.2241,15905
0,0.2241,25132
0,0.2241,27252
0,0.2241,29648
0,0.2241,53290
0,0.2241,514045
0,0.2241,523349
0,0.2241,800158
0,0.2241,804001
0,0.2241,820943
0,0.2241,903732
0,0.2241,956328
0,0.2242,10027
0,0.2242,10421
0,0.2242,10687
0,0.2242,11486
0,0.2242,11717
0,0.2242,13124
0,0.2242,13242
0,0.2242,13650
0,0.2242,14133
0,0.2242,15451
0,0.2242,15534
0,0.2242,18125
0,0.2242,19765
0,0.2242,20818
0,0.2242,30807
0,0.2242,41887
0,0.2242,48667
0,0.2242,63441
0,0.2242,513033
0,0.2242,513499
0,0.2242,518938
0,0.2242,519454
0,0.2242,800241
0,0.2242,805817
0,0.2242,818370
0,0.2242,820943
0,0.2243,10212
0,0.2243,10800
0,0.2243,13800
0,0.2243,15399
0,0.2243,16026
0,0.2243,18937
0,0.2243,22597
0,0.2243,24016
0,0.2243,32020
0,0.2243,258819
0,0.2243,531768
0,0.2243,531862
0,0.2243,800724
0,0.2243,803821
0,0.2243,814989
0,0.2243,817261
0,0.2243,936524
0,0.2244,10109
0,0.2244,10612
0,0.2244,10997
0,0.2244,11563
0,0.2244,13007
0,0.2244,13035
0,0.2244,14387
0,0.2244,15362
0,0.2244,15680
0,0.2244,17978
0,0.2244,19189
0,0.2244,23619
0,0.2244,27372
0,0.2244,28622
0,0.2244,33316
0,0.2244,73897
0,0.2244,96106
0,0.2244,523379
0,0.2244,530449
0,0.2244,801930
0,0.2244,817453
0,0.2245,11302
0,0.2245,11445
0,0.2245,12565
0,0.2245,13221
0,0.2245,13428
0,0.2245,14063
0,0.2245,15273
0,0.2245,19215
0,0.2245,21124
0,0.2245,21692
0,0.2245,30981
0,0.2245,34223
0,0.2245,37921
0,0.2245,513636
0,0.2245,515072
0,0.2245,524133
0,0.2245,800719
0,0.2245,800976
0,0.2245,801663
0,0.2245,807924
0,0.2245,811623
0,0.2245,902874
0,0.2245,105856729
0,0.2246,10121
0,0.2246,10341
0,0.2246,10371
0,0.2246,10495
0,0.2246,10597
0,0.2246,10840
0,0.2246,11170
0,0.2246,13302
0,0.2246,13305
0,0.2246,21204
0,0.2246,21671
0,0.2246,22963
0,0.2246,24136
0,0.2246,50952
0,0.2246,56560
0,0.2246,123858
0,0.2246,138585
0,0.2246,524504
0,0.2246,803189
0,0.2246,817684
0,0.2247,10035
0,0.2247,11586
0,0.2247,11719
0,0.2247,12162
0,0.2247,13585
0,0.2247,13760
0,0.2247,16051
0,0.2247,16334
0,0.2247,17726
0,0.2247,18054
0,0.2247,18281
0,0.2247,18744
0,0.2247,22937
0,0.2247,61398
0,0.2247,68489
0,0.2247,803709
0,0.2247,803757
0,0.2248,10593
0,0.2248,11361
0,0.2248,15046
0,0.2248,15782
0,0.2248,16139
0,0.2248,23073
0,0.2248,27522
0,0.2248,28248
0,0.2248,39382
0,0.2248,60774
0,0.2248,101593
0,0.2248,106555
0,0.2248,131748
0,0.2248,154359
0,0.2248,171053
0,0.2248,517847
0,0.2248,521241
0,0.2248,529125
0,0.2248,555340
0,0.2248,801096
0,0.2248,812884
0,0.2248,814010
0,0.2248,903280
0,0.2248,912379
0,0.2249,11161
0,0.2249,11671
0,0.2249,12178
0,0.2249,12902
0,0.2249,13517
0,0.2249,15245
0,0.2249,16198
0,0.2249,17402
0,0.2249,18766
0,0.2249,19982
0,0.2249,20418
0,0.2249,28010
0,0.2249,98544
0,0.2249,123422
0,0.2249,519144
0,0.2249,519692
0,0.2249,523626
0,0.2249,803339
0,0.2249,821882
0,0.2250,10224
0,0.2250,10265
0,0.2250,10531
0,0.2250,10817
0,0.2250,10960
0,0.2250,11923
0,0.2250,11982
0,0.2250,13151
0,0.2250,13515
0,0.2250,17825
0,0.2250,18585
0,0.2250,22799
0,0.2250,35743
0,0.2250,42588
0,0.2250,48914
0,0.2250,512746
0,0.2250,524512
0,0.2250,802855
0,0.2250,805616
0,0.2250,817974
0,0.2250,831621
0,0.2251,10226
0,0.2251,10475
0,0.2251,11447
0,0.2251,11723
0,0.2251,11772
0,0.2251,11902
0,0.2251,15224
0,0.2251,19886
0,0.2251,20545
0,0.2251,21460
0,0.2251,24776
0,0.2251,34252
0,0.2251,53086
0,0.2251,222777
0,0.2251,513644
0,0.2251,520182
0,0.2251,800743
0,0.2251,805184
0,0.2251,810296
0,0.2251,821236
0,0.2251,821882
0,0.2251,849272
0,0.2251,955135
0,0.2252,10040
0,0.2252,10242
0,0.2252,11005
0,0.2252,11058
0,0.2252,11354
0,0.2252,11420
0,0.2252,12151
0,0.2252,12923
0,0.2252,15371
0,0.2252,16754
0,0.2252,17420
0,0.2252,18588
0,0.2252,21904
0,0.2252,25780
0,0.2252,26665
0,0.2252,28590
0,0.2252,39880
0,0.2252,49464
0,0.2252,49839
0,0.2252,50445
0,0.2252,58481
0,0.2252,215209
0,0.2252,521236
0,0.2252,524167
0,0.2252,802223
0,0.2252,803005
0,0.2252,811034
0,0.2253,10074
0,0.2253,10704
0,0.2253,10799
0,0.2253,11402
0,0.2253,11937
0,0.2253,12158
0,0.2253,12398
0,0.2253,15176
0,0.2253,16862
0,0.2253,24634
0,0.2253,30313
0,0.2253,30930
0,0.2253,31735
0,0.2253,43096
0,0.2253,174420
0,0.2253,514489
0,0.2253,522428
0,0.2253,571495
0,0.2253,580907
0,0.2253,800159
0,0.2253,829341
0,0.2253,1050074465
0,0.2254,10052
0,0.2254,10282
0,0.2254,10376
0,0.2254,10820
0,0.2254,11607
0,0.2254,11690
0,0.2254,12561
0,0.2254,14206
0,0.2254,14247
0,0.2254,18932
0,0.2254,24901
0,0.2254,25184
0,0.2254,25792
0,0.2254,27596
0,0.2254,30930
0,0.2254,31681
0,0.2254,514605
0,0.2254,515289
0,0.2254,520393
0,0.2254,824830
0,0.2254,936713
0,0.2255,10119
0,0.2255,10172
0,0.2255,10299
0,0.2255,10338
0,0.2255,10399
0,0.2255,10497
0,0.2255,10639
0,0.2255,11142
0,0.2255,11326
0,0.2255,11327
0,0.2255,11821
0,0.2255,14014
0,0.2255,14705
0,0.2255,15310
0,0.2255,15484
0,0.2255,15955
0,0.2255,24922
0,0.2255,28109
0,0.2255,89966
0,0.2255,114858
0,0.2255,195264
0,0.2255,521203
0,0.2255,524717
0,0.2255,537027
0,0.2255,800024
0,0.2255,935007
0,0.2255,956328
0,0.2255,199328457
0,0.2256,10289
0,0.2256,11403
0,0.2256,13613
0,0.2256,14918
0,0.2256,16687
0,0.2256,26718
0,0.2256,27308
0,0.2256,28791
0,0.2256,48638
0,0.2256,58730
0,0.2256,65559
0,0.2256,71547
0,0.2256,127702
0,0.2256,160441
0,0.2256,175572
0,0.2256,219189
0,0.2256,518194
0,0.2256,521783
0,0.2256,531769
0,0.2256,555238
0,0.2256,816644
0,0.2256,831621
0,0.2257,11806
0,0.2257,12105
0,0.2257,13026
0,0.2257,13219
0,0.2257,13456
0,0.2257,13913
0,0.2257,14034
0,0.2257,15514
0,0.2257,17072
0,0.2257,17454
0,0.2257,23325
0,0.2257,31642
0,0.2257,36137
0,0.2257,38858
0,0.2257,521409
0,0.2257,522738
0,0.2257,529385
0,0.2257,555827
0,0.2257,800317
0,0.2257,813104
0,0.2257,935007
0,0.2258,10100
0,0.2258,10180
0,0.2258,10378
0,0.2258,10448
0,0.2258,10738
0,0.2258,10839
0,0.2258,12395
0,0.2258,13274
0,0.2258,13442
0,0.2258,16075
0,0.2258,17175
0,0.2258,18170
0,0.2258,19995
0,0.2258,21637
0,0.2258,24227
0,0.2258,27302
0,0.2258,30371
0,0.2258,30437
0,0.2258,34125
0,0.2258,42374
0,0.2258,44903
0,0.2258,126900
0,0.2258,134100
0,0.2258,512390
0,0.2258,517722
0,0.2258,521374
0,0.2258,800022
0,0.2258,800554
0,0.2258,800925
0,0.2258,800959
0,0.2258,804158
0,0.2258,811204
0,0.2259,10133
0,0.2259,10698
0,0.2259,10950
0,0.2259,11112
0,0.2259,12569
0,0.2259,12606
0,0.2259,13167
0,0.2259,13947
0,0.2259,16430
0,0.2259,19267
0,0.2259,29635
0,0.2259,36288
0,0.2259,38085
0,0.2259,46358
0,0.2259,164031
0,0.2259,519925
0,0.2259,520367
0,0.2259,520581
0,0.2259,523776
0,0.2259,800606
0,0.2259,803070
0,0.2260,10896
0,0.2260,11266
0,0.2260,11529
0,0.2260,12327
0,0.2260,13121
0,0.2260,13559
0,0.2260,16493
0,0.2260,19760
0,0.2260,20831
0,0.2260,32974
0,0.2260,40046
0,0.2260,59018
0,0.2260,87077
0,0.2260,97180
0,0.2260,139178
0,0.2260,514579
0,0.2260,520817
0,0.2260,522757
0,0.2260,536208
0,0.2260,556700
0,0.2260,558344
0,0.2260,574357
0,0.2260,800213
0,0.2260,813076
0,0.2260,904983
0,0.2261,10243
0,0.2261,10251
0,0.2261,10624
0,0.2261,11369
0,0.2261,11545
0,0.2261,12318
0,0.2261,12319
0,0.2261,12651
0,0.2261,16579
0,0.2261,16781
0,0.2261,17823
0,0.2261,20189
0,0.2261,23232
0,0.2261,23659
0,0.2261,38454
0,0.2261,75379
0,0.2261,81228
0,0.2261,303314
0,0.2261,512041
0,0.2261,513646
0,0.2261,518177
0,0.2261,522974
0,0.2261,524761
0,0.2261,533103
0,0.2261,801760
0,0.2261,802999
0,0.2261,816323
0,0.2261,821729
0,0.2262,10060
0,0.2262,10132
0,0.2262,10515
0,0.2262,10537
0,0.2262,12644
0,0.2262,13295
0,0.2262,16111
0,0.2262,17639
0,0.2262,18713
0,0.2262,19290
0,0.2262,25045
0,0.2262,50903
0,0.2262,51682
0,0.2262,71843
0,0.2262,102359
0,0.2262,358032
0,0.2262,518604
0,0.2262,533590
0,0.2262,561653
0,0.2262,914445
0,0.2262,955284
0,0.2263,11588
0,0.2263,12104
0,0.2263,14011
0,0.2263,20300
0,0.2263,32486
0,0.2263,33038
0,0.2263,44543
0,0.2263,62574
0,0.2263,95758
0,0.2263,517913
0,0.2263,521075
0,0.2263,521698
0,0.2263,800126
0,0.2263,800203
0,0.2263,805244
0,0.2264,11010
0,0.2264,14881
0,0.2264,17855
0,0.2264,18563
0,0.2264,29939
0,0.2264,104620
0,0.2264,112493
0,0.2264,512513
0,0.2264,515091
0,0.2264,517501
0,0.2264,519347
0,0.2264,520863
0,0.2264,800505
0,0.2264,800845
0,0.2264,801845
0,0.2264,807799
0,0.2264,106822444
0,0.2265,10099
0,0.2265,10707
0,0.2265,11495
0,0.2265,12762
0,0.2265,12802
0,0.2265,16193
0,0.2265,25939
0,0.2265,33053
0,0.2265,44669
0,0.2265,46388
0,0.2265,174810
0,0.2265,454614
0,0.2265,513520
0,0.2265,521406
0,0.2265,524156
0,0.2265,530880
0,0.2265,801280
0,0.2265,802307
0,0.2265,908183
0,0.2265,908745
0,0.2266,11455
0,0.2266,12506
0,0.2266,12924
0,0.2266,14863
0,0.2266,15616
0,0.2266,15891
0,0.2266,16617
0,0.2266,30168
0,0.2266,512307
0,0.2266,531708
0,0.2266,533667
0,0.2266,537032
0,0.2267,10295
0,0.2267,11210
0,0.2267,11428
0,0.2267,14871
0,0.2267,14997
0,0.2267,15393
0,0.2267,18743
0,0.2267,28481
0,0.2267,67864
0,0.2267,68658
0,0.2267,79464
0,0.2267,137597
0,0.2267,152687
0,0.2267,294178
0,0.2267,534361
0,0.2267,556346
0,0.2267,580097
0,0.2267,802371
0,0.2267,864655
0,0.2268,10097
0,0.2268,10272
0,0.2268,10638
0,0.2268,11079
0,0.2268,11688
0,0.2268,11943
0,0.2268,12993
0,0.2268,13013
0,0.2268,14523
0,0.2268,30310
0,0.2268,33224
0,0.2268,38190
0,0.2268,69319
0,0.2268,97678
0,0.2268,144334
0,0.2268,512581
0,0.2268,514015
0,0.2268,515757
0,0.2268,516256
0,0.2268,518541
0,0.2268,523786
0,0.2268,805137
0,0.2268,864655
0,0.2268,955284
0,0.2269,10169
0,0.2269,10312
0,0.2269,10453
0,0.2269,10855
0,0.2269,11053
0,0.2269,11188
0,0.2269,11252
0,0.2269,11324
0,0.2269,11518
0,0.2269,12055
0,0.2269,12405
0,0.2269,12445
0,0.2269,17325
0,0.2269,27507
0,0.2269,36123
0,0.2269,41171
0,0.2269,64607
0,0.2269,84356
0,0.2269,141295
0,0.2269,531425
0,0.2269,800917
0,0.2269,932321
0,0.2270,10011
0,0.2270,10078
0,0.2270,10863
0,0.2270,11416
0,0.2270,11458
0,0.2270,12787
0,0.2270,12811
0,0.2270,13115
0,0.2270,13864
0,0.2270,26284
0,0.2270,34607
0,0.2270,45288
0,0.2270,58394
0,0.2270,100294
0,0.2270,126630
0,0.2270,517548
0,0.2270,532766
0,0.2270,802955
0,0.2270,805227
0,0.2271,10204
0,0.2271,10777
0,0.2271,13217
0,0.2271,14434
0,0.2271,20185
0,0.2271,24050
0,0.2271,32474
0,0.2271,33492
0,0.2271,54572
0,0.2271,61896
0,0.2271,84901
0,0.2271,154893
0,0.2271,515460
0,0.2271,533761
0,0.2271,802172
0,0.2271,817453
0,0.2271,935007
0,0.2272,10691
0,0.2272,12933
0,0.2272,13294
0,0.2272,15244
0,0.2272,31610
0,0.2272,37719
0,0.2272,111660
0,0.2272,521745
0,0.2272,522815
0,0.2272,522984
0,0.2272,800183
0,0.2272,808670
0,0.2272,828718
0,0.2272,904093
0,0.2272,940467
0,0.2273,11344
0,0.2273,11614
0,0.2273,12028
0,0.2273,12742
0,0.2273,14542
0,0.2273,15325
0,0.2273,15939
0,0.2273,20398
0,0.2273,22084
0,0.2273,25730
0,0.2273,29135
0,0.2273,35109
0,0.2273,37142
0,0.2273,235061
0,0.2273,529318
0,0.2273,532747
0,0.2273,800827
0,0.2273,800910
0,0.2273,801581
0,0.2273,353379798
0,0.2274,10051
0,0.2274,10170
0,0.2274,12595
0,0.2274,12654
0,0.2274,15117
0,0.2274,18838
0,0.2274,21416
0,0.2274,28254
0,0.2274,49630
0,0.2274,51159
0,0.2274,68889
0,0.2274,112956
0,0.2274,146588
0,0.2274,524733
0,0.2274,549229
0,0.2274,803033
0,0.2274,803631
0,0.2274,804707
0,0.2274,811623
0,0.2274,815445
0,0.2274,903997
0,0.2275,10553
0,0.2275,14182
0,0.2275,14976
0,0.2275,15028
0,0.2275,20715
0,0.2275,25763
0,0.2275,32230
0,0.2275,81710
0,0.2275,88342
0,0.2275,108860
0,0.2275,126216
0,0.2275,514547
0,0.2275,514596
0,0.2275,516820
0,0.2275,517359
0,0.2275,517512
0,0.2275,517852
0,0.2275,521587
0,0.2275,522337
0,0.2275,522762
0,0.2275,525441
0,0.2275,571508
0,0.2275,800809
0,0.2275,800856
0,0.2275,803340
0,0.2275,815454
0,0.2275,821729
0,0.2275,822728
0,0.2275,940712
0,0.2276,11674
0,0.2276,11849
0,0.2276,12746
0,0.2276,13640
0,0.2276,15001
0,0.2276,15458
0,0.2276,15473
0,0.2276,18779
0,0.2276,20774
0,0.2276,27416
0,0.2276,35128
0,0.2276,58532
0,0.2276,512750
0,0.2276,515933
0,0.2276,520210
0,0.2276,800621
0,0.2276,800820
0,0.2276,934908
0,0.2277,10138
0,0.2277,10286
0,0.2277,12249
0,0.2277,24683
0,0.2277,26417
0,0.2277,27179
0,0.2277,63122
0,0.2277,70088
0,0.2277,513284
0,0.2277,517257
0,0.2277,520217
0,0.2277,522387
0,0.2277,527427
0,0.2277,803224
0,0.2277,826503
0,0.2277,909363
0,0.2277,105856729
0,0.2278,11199
0,0.2278,11373
0,0.2278,11896
0,0.2278,11900
0,0.2278,13005
0,0.2278,13307
0,0.2278,15713
0,0.2278,21242
0,0.2278,22463
0,0.2278,22852
0,0.2278,24857
0,0.2278,67167
0,0.2278,69544
0,0.2278,90224
0,0.2278,513463
0,0.2278,518461
0,0.2278,527585
0,0.2278,559506
0,0.2278,829341
0,0.2279,10241
0,0.2279,12716
0,0.2279,12900
0,0.2279,13830
0,0.2279,22240
0,0.2279,24246
0,0.2279,25684
0,0.2279,38835
0,0.2279,46073
0,0.2279,58834
0,0.2279,92871
0,0.2279,519365
0,0.2279,522752
0,0.2279,523060
0,0.2279,526311
0,0.2279,533293
0,0.2279,830295
0,0.2279,932684
0,0.2280,10291
0,0.2280,10428
0,0.2280,12137
0,0.2280,12532
0,0.2280,14399
0,0.2280,14482
0,0.2280,16039
0,0.2280,17930
0,0.2280,18921
0,0.2280,22870
0,0.2280,23524
0,0.2280,27191
0,0.2280,32675
0,0.2280,36704
0,0.2280,47369
0,0.2280,50444
0,0.2280,57935
0,0.2280,104220
0,0.2280,512273
0,0.2280,514988
0,0.2280,519328
0,0.2280,547689
0,0.2280,801210
0,0.2280,802461
0,0.2280,811786
0,0.2280,918582
0,0.2281,10150
0,0.2281,10494
0,0.2281,11085
0,0.2281,11874
0,0.2281,13984
0,0.2281,15602
0,0.2281,17759
0,0.2281,17931
0,0.2281,21932
0,0.2281,23854
0,0.2281,28190
0,0.2281,63923
0,0.2281,137495
0,0.2281,516886
0,0.2281,519865
0,0.2281,524655
0,0.2281,531732
0,0.2281,801415
0,0.2281,804100
0,0.2281,807359
0,0.2281,821882
0,0.2281,904404
0,0.2282,10294
0,0.2282,10539
0,0.2282,10652
0,0.2282,12854
0,0.2282,13317
0,0.2282,16553
0,0.2282,16794
0,0.2282,19274
0,0.2282,20520
0,0.2282,23273
0,0.2282,26455
0,0.2282,26666
0,0.2282,28614
0,0.2282,33075
0,0.2282,38315
0,0.2282,40390
0,0.2282,44690
0,0.2282,50228
0,0.2282,511828
0,0.2282,512927
0,0.2282,512928
0,0.2282,519862
0,0.2282,520790
0,0.2282,521814
0,0.2282,559410
0,0.2282,828126
0,0.2283,10105
0,0.2283,10457
0,0.2283,10488
0,0.2283,11021
0,0.2283,12101
0,0.2283,12817
0,0.2283,13079
0,0.2283,22521
0,0.2283,26287
0,0.2283,33298
0,0.2283,36753
0,0.2283,94433
0,0.2283,94555
0,0.2283,102689
0,0.2283,523675
0,0.2283,801295
0,0.2283,801843
0,0.2283,804092
0,0.2283,819096
0,0.2283,324178811
0,0.2284,10003
0,0.2284,10271
0,0.2284,12067
0,0.2284,12135
0,0.2284,13969
0,0.2284,15674
0,0.2284,17174
0,0.2284,17190
0,0.2284,18419
0,0.2284,21296
0,0.2284,30477
0,0.2284,36295
0,0.2284,37074
0,0.2284,42483
0,0.2284,71877
0,0.2284,89621
0,0.2284,100420
0,0.2284,514405
0,0.2284,522715
0,0.2284,800702
0,0.2284,801133
0,0.2284,801895
0,0.2284,814353
0,0.2284,821729
0,0.2285,10807
0,0.2285,11967
0,0.2285,12696
0,0.2285,13773
0,0.2285,14191
0,0.2285,14509
0,0.2285,14694
0,0.2285,14717
0,0.2285,15808
0,0.2285,23601
0,0.2285,24701
0,0.2285,24866
0,0.2285,26619
0,0.2285,28525
0,0.2285,34046
0,0.2285,45701
0,0.2285,52728
0,0.2285,54010
0,0.2285,81442
0,0.2285,173462
0,0.2285,518309
0,0.2285,531768
0,0.2285,801970
0,0.2285,806646
0,0.2285,811054
0,0.2285,822728
0,0.2286,10185
0,0.2286,11200
0,0.2286,11877
0,0.2286,12777
0,0.2286,12907
0,0.2286,13427
0,0.2286,14869
0,0.2286,15021
0,0.2286,15398
0,0.2286,16659
0,0.2286,16673
0,0.2286,16734
0,0.2286,18504
0,0.2286,24382
0,0.2286,31757
0,0.2286,55527
0,0.2286,107285
0,0.2286,140134
0,0.2286,529550
0,0.2286,532909
0,0.2286,804500
0,0.2286,804887
0,0.2286,823262
0,0.2286,904070
0,0.2286,934899
0,0.2286,936713
0,0.2287,11146
0,0.2287,11618
0,0.2287,14207
0,0.2287,14736
0,0.2287,16125
0,0.2287,16473
0,0.2287,18778
0,0.2287,19921
0,0.2287,39368
0,0.2287,39813
0,0.2287,42019
0,0.2287,42997
0,0.2287,46178
0,0.2287,139961
0,0.2287,519371
0,0.2287,524968
0,0.2287,800134
0,0.2287,802914
0,0.2287,803241
0,0.2287,804835
0,0.2287,808836
0,0.2287,820943
0,0.2287,1050014552
0,0.2288,10187
0,0.2288,10815
0,0.2288,12252
0,0.2288,12333
0,0.2288,14461
0,0.2288,16105
0,0.2288,54443
0,0.2288,60056
0,0.2288,79639
0,0.2288,511882
0,0.2288,514045
0,0.2288,516919
0,0.2288,523636
0,0.2288,574147
0,0.2288,800847
0,0.2288,802081
0,0.2288,802543
0,0.2288,902501
0,0.2289,10108
0,0.2289,10205
0,0.2289,10365
0,0.2289,10845
0,0.2289,11318
0,0.2289,11603
0,0.2289,15904
0,0.2289,17024
0,0.2289,17173
0,0.2289,18953
0,0.2289,19239
0,0.2289,20818
0,0.2289,23165
0,0.2289,24094
0,0.2289,27296
0,0.2289,28559
0,0.2289,29379
0,0.2289,29650
0,0.2289,30421
0,0.2289,34683
0,0.2289,513283
0,0.2289,801982
0,0.2290,11312
0,0.2290,13258
0,0.2290,14747
0,0.2290,15382
0,0.2290,15502
0,0.2290,18568
0,0.2290,19767
0,0.2290,21664
0,0.2290,63939
0,0.2290,87338
0,0.2290,513146
0,0.2290,517501
0,0.2290,518721
0,0.2290,523564
0,0.2290,555342
0,0.2290,800171
0,0.2290,801521
0,0.2290,805489
0,0.2290,807534
0,0.2290,820174
0,0.2291,10315
0,0.2291,10751
0,0.2291,12086
0,0.2291,14315
0,0.2291,17504
0,0.2291,20402
0,0.2291,32258
0,0.2291,34949
0,0.2291,53138
0,0.2291,71503
0,0.2291,76194
0,0.2291,85580
0,0.2291,132121
0,0.2291,801998
0,0.2291,803652
0,0.2291,910865
0,0.2292,10540
0,0.2292,13000
0,0.2292,15730
0,0.2292,17156
0,0.2292,29630
0,0.2292,39753
0,0.2292,58909
0,0.2292,150335
0,0.2292,199331
0,0.2292,521092
0,0.2292,801412
0,0.2292,801656
0,0.2292,805026
0,0.2293,10072
0,0.2293,10480
0,0.2293,10822
0,0.2293,13228
0,0.2293,14232
0,0.2293,14816
0,0.2293,17177
0,0.2293,19189
0,0.2293,25773
0,0.2293,53727
0,0.2293,65657
0,0.2293,107571
0,0.2293,512077
0,0.2293,521027
0,0.2293,523807
0,0.2293,800745
0,0.2293,803052
0,0.2293,803219
0,0.2293,811623
0,0.2293,903642
0,0.2294,10303
0,0.2294,10466
0,0.2294,10513
0,0.2294,10839
0,0.2294,11075
0,0.2294,11131
0,0.2294,11883
0,0.2294,12358
0,0.2294,12976
0,0.2294,15839
0,0.2294,28131
0,0.2294,31911
0,0.2294,38272
0,0.2294,38926
0,0.2294,48491
0,0.2294,105406
0,0.2294,140609
0,0.2294,513217
0,0.2294,520083
0,0.2294,800972
0,0.2294,801257
0,0.2294,805992
0,0.2294,906092
0,0.2294,907866
0,0.2294,936810
0,0.2294,317157307
0,0.2295,10118
0,0.2295,12443
0,0.2295,13698
0,0.2295,14772
0,0.2295,23281
0,0.2295,23619
0,0.2295,33307
0,0.2295,80867
0,0.2295,114715
0,0.2295,125794
0,0.2295,511778
0,0.2295,512534
0,0.2295,513111
0,0.2295,527599
0,0.2295,527653
0,0.2295,530460
0,0.2295,800456
0,0.2295,803210
0,0.2295,803501
0,0.2295,804386
0,0.2296,14727
0,0.2296,18911
0,0.2296,19327
0,0.2296,35743
0,0.2296,63027
0,0.2296,67303
0,0.2296,85527
0,0.2296,519840
0,0.2296,522734
0,0.2296,533914
0,0.2296,805229
0,0.2296,902917
0,0.2297,10967
0,0.2297,11184
0,0.2297,11254
0,0.2297,11785
0,0.2297,12159
0,0.2297,12572
0,0.2297,14194
0,0.2297,15858
0,0.2297,16360
0,0.2297,24232
0,0.2297,26455
0,0.2297,70486
0,0.2297,209688
0,0.2297,514125
0,0.2297,515961
0,0.2297,519132
0,0.2297,523533
0,0.2297,524596
0,0.2297,529385
0,0.2297,815205
0,0.2297,821754
0,0.2297,906003
0,0.2297,907558
0,0.2297,924883
0,0.2298,10114
0,0.2298,10617
0,0.2298,10671
0,0.2298,12239
0,0.2298,14061
0,0.2298,14134
0,0.2298,14912
0,0.2298,16457
0,0.2298,16540
0,0.2298,17938
0,0.2298,19616
0,0.2298,23315
0,0.2298,24690
0,0.2298,520087
0,0.2298,522746
0,0.2298,525354
0,0.2298,556286
0,0.2298,801730
0,0.2298,848955
0,0.2299,10190
0,0.2299,10414
0,0.2299,11846
0,0.2299,11982
0,0.2299,12006
0,0.2299,12065
0,0.2299,12686
0,0.2299,14716
0,0.2299,14903
0,0.2299,15495
0,0.2299,15535
0,0.2299,16180
0,0.2299,21227
0,0.2299,21731
0,0.2299,26455
0,0.2299,28674
0,0.2299,29806
0,0.2299,43695
0,0.2299,512607
0,0.2299,515294
0,0.2299,517401
0,0.2299,520895
0,0.2299,530151
0,0.2299,800041
0,0.2299,802477
0,0.2299,804128
0,0.2299,821882
0,0.2299,823205
0,0.2299,842520
0,0.2299,946767
0,0.2300,10041
0,0.2300,10099
0,0.2300,10189
0,0.2300,10306
0,0.2300,10677
0,0.2300,11155
0,0.2300,11402
0,0.2300,12398
0,0.2300,13371
0,0.2300,18165
0,0.2300,18730
0,0.2300,18744
0,0.2300,22291
0,0.2300,30807
0,0.2300,34972
0,0.2300,36070
0,0.2300,38268
0,0.2300,45134
0,0.2300,59983
0,0.2300,64399
0,0.2300,70651
0,0.2300,124469
0,0.2300,517256
0,0.2300,523939
0,0.2300,531137
0,0.2300,553194
0,0.2300,801530
0,0.2300,802719
0,0.2300,808856
0,0.2301,10249
0,0.2301,11072
0,0.2301,12506
0,0.2301,14881
0,0.2301,15510
0,0.2301,16110
0,0.2301,18278
0,0.2301,18437
0,0.2301,19760
0,0.2301,19825
0,0.2301,22276
0,0.2301,23826
0,0.2301,25328
0,0.2301,29908
0,0.2301,39102
0,0.2301,41598
0,0.2301,53086
0,0.2301,56362
0,0.2301,57559
0,0.2301,71042
0,0.2301,84758
0,0.2301,168670
0,0.2301,512662
0,0.2301,520817
0,0.2301,521635
0,0.2301,524074
0,0.2301,800252
0,0.2301,800307
0,0.2301,801992
0,0.2301,803929
0,0.2301,809678
0,0.2301,815064
0,0.2301,904915
0,0.2301,1052043704
0,0.2302,10330
0,0.2302,10834
0,0.2302,12054
0,0.2302,15226
0,0.2302,23602
0,0.2302,27937
0,0.2302,29116
0,0.2302,87982
0,0.2302,143610
0,0.2302,513930
0,0.2302,514582
0,0.2302,522992
0,0.2302,527048
0,0.2302,531643
0,0.2302,800167
0,0.2302,804557
0,0.2302,805447
0,0.2302,806636
0,0.2303,10299
0,0.2303,10385
0,0.2303,13229
0,0.2303,15496
0,0.2303,17878
0,0.2303,23325
0,0.2303,35532
0,0.2303,48335
0,0.2303,52352
0,0.2303,95057
0,0.2303,353032
0,0.2303,515234
0,0.2303,518920
0,0.2303,539704
0,0.2303,800056
0,0.2303,800181
0,0.2303,800800
0,0.2303,801491
0,0.2303,802854
0,0.2303,804555
0,0.2303,804671
0,0.2303,956328
0,0.2304,12710
0,0.2304,13411
0,0.2304,16343
0,0.2304,18109
0,0.2304,28791
0,0.2304,48846
0,0.2304,84256
0,0.2304,353032
0,0.2304,515579
0,0.2304,516110
0,0.2304,517193
0,0.2304,519818
0,0.2304,800158
0,0.2304,802261
0,0.2304,803077
0,0.2304,808715
0,0.2304,830025
0,0.2304,904423
0,0.2304,907256
0,0.2304,911639
0,0.2304,926518
0,0.2305,10120
0,0.2305,11466
0,0.2305,16687
0,0.2305,16689
0,0.2305,17901
0,0.2305,25359
0,0.2305,30190
0,0.2305,37196
0,0.2305,84693
0,0.2305,121067
0,0.2305,135681
0,0.2305,291345
0,0.2305,434891
0,0.2305,520816
0,0.2305,521633
0,0.2305,522841
0,0.2305,555259
0,0.2305,800757
0,0.2305,802809
0,0.2305,807560
0,0.2305,809553
0,0.2305,902553
0,0.2305,1137406009
0,0.2306,10394
0,0.2306,10949
0,0.2306,11377
0,0.2306,12813
0,0.2306,16536
0,0.2306,17454
0,0.2306,17525
0,0.2306,18156
0,0.2306,20945
0,0.2306,22884
0,0.2306,35440
0,0.2306,39134
0,0.2306,52665
0,0.2306,53745
0,0.2306,511757
0,0.2306,514997
0,0.2306,515221
0,0.2306,520390
0,0.2306,533748
0,0.2306,536058
0,0.2306,800907
0,0.2306,805280
0,0.2306,807396
0,0.2306,910588
0,0.2306,932796
0,0.2307,10184
0,0.2307,10704
0,0.2307,11201
0,0.2307,13442
0,0.2307,23209
0,0.2307,23685
0,0.2307,27806
0,0.2307,32959
0,0.2307,37465
0,0.2307,49869
0,0.2307,73397
0,0.2307,126963
0,0.2307,172666
0,0.2307,353032
0,0.2307,512793
0,0.2307,517602
0,0.2307,519705
0,0.2307,520575
0,0.2307,522753
0,0.2307,556038
0,0.2307,800085
0,0.2307,800262
0,0.2307,803014
0,0.2307,808183
0,0.2307,811623
0,0.2307,814430
0,0.2308,10035
0,0.2308,10264
0,0.2308,10566
0,0.2308,12341
0,0.2308,14289
0,0.2308,15440
0,0.2308,15997
0,0.2308,16643
0,0.2308,17218
0,0.2308,17902
0,0.2308,18343
0,0.2308,18932
0,0.2308,19355
0,0.2308,23703
0,0.2308,28189
0,0.2308,29493
0,0.2308,35196
0,0.2308,43756
0,0.2308,511823
0,0.2308,519331
0,0.2308,519332
0,0.2308,521206
0,0.2308,530449
0,0.2308,800504
0,0.2308,801164
0,0.2308,802579
0,0.2308,803007
0,0.2308,814115
0,0.2308,827678
0,0.2308,903643
0,0.2308,936713
0,0.2309,10137
0,0.2309,11710
0,0.2309,12104
0,0.2309,30313
0,0.2309,33536
0,0.2309,37921
0,0.2309,39503
0,0.2309,41428
0,0.2309,54246
0,0.2309,56970
0,0.2309,98544
0,0.2309,512795
0,0.2309,517417
0,0.2309,522706
0,0.2309,522973
0,0.2309,524717
0,0.2309,531009
0,0.2309,800890
0,0.2309,801688
0,0.2310,10269
0,0.2310,10879
0,0.2310,12796
0,0.2310,15176
0,0.2310,15360
0,0.2310,22047
0,0.2310,24399
0,0.2310,27133
0,0.2310,32257
0,0.2310,40768
0,0.2310,45311
0,0.2310,54958
0,0.2310,61285
0,0.2310,77245
0,0.2310,518194
0,0.2310,519941
0,0.2310,522410
0,0.2310,522745
0,0.2310,532946
0,0.2310,800212
0,0.2310,802652
0,0.2310,803330
0,0.2310,803470
0,0.2310,935007
0,0.2310,956310
0,0.2310,711866623
0,0.2311,10323
0,0.2311,10404
0,0.2311,12355
0,0.2311,12802
0,0.2311,27737
0,0.2311,36751
0,0.2311,38706
0,0.2311,42241
0,0.2311,48667
0,0.2311,58146
0,0.2311,511862
0,0.2311,512513
0,0.2311,514410
0,0.2311,519140
0,0.2311,521928
0,0.2311,523806
0,0.2311,529207
0,0.2311,800718
0,0.2311,800783
0,0.2311,902395
0,0.2311,908747
0,0.2311,932322
0,0.2311,933157
0,0.2312,10065
0,0.2312,10959
0,0.2312,11604
0,0.2312,11634
0,0.2312,14552
0,0.2312,15250
0,0.2312,15281
0,0.2312,15616
0,0.2312,17342
0,0.2312,21609
0,0.2312,144787
0,0.2312,151041
0,0.2312,192306
0,0.2312,511881
0,0.2312,516654
0,0.2312,519616
0,0.2312,519658
0,0.2312,521813
0,0.2312,523786
0,0.2312,524073
0,0.2312,529519
0,0.2312,529603
0,0.2312,804299
0,0.2312,815281
0,0.2312,909612
0,0.2313,10110
0,0.2313,11455
0,0.2313,12060
0,0.2313,12083
0,0.2313,13259
0,0.2313,13559
0,0.2313,17115
0,0.2313,19036
0,0.2313,19569
0,0.2313,21645
0,0.2313,25792
0,0.2313,44816
0,0.2313,61398
0,0.2313,131748
0,0.2313,513274
0,0.2313,520818
0,0.2313,531299
0,0.2313,800838
0,0.2313,802937
0,0.2313,804984
0,0.2313,817096
0,0.2313,903425
0,0.2313,940661
0,0.2314,10047
0,0.2314,10308
0,0.2314,10627
0,0.2314,11819
0,0.2314,12503
0,0.2314,12730
0,0.2314,12962
0,0.2314,13363
0,0.2314,14011
0,0.2314,14947
0,0.2314,15924
0,0.2314,16429
0,0.2314,20620
0,0.2314,36235
0,0.2314,36691
0,0.2314,37265
0,0.2314,42059
0,0.2314,46764
0,0.2314,358032
0,0.2314,514230
0,0.2314,517105
0,0.2314,517202
0,0.2314,518777
0,0.2314,519715
0,0.2314,520646
0,0.2314,524429
0,0.2314,800159
0,0.2314,802544
0,0.2314,804435
0,0.2314,815064
0,0.2314,869499
0,0.2314,900035
0,0.2315,10545
0,0.2315,10969
0,0.2315,11087
0,0.2315,11340
0,0.2315,11485
0,0.2315,11699
0,0.2315,12141
0,0.2315,13537
0,0.2315,16370
0,0.2315,19283
0,0.2315,21690
0,0.2315,30068
0,0.2315,32967
0,0.2315,35450
0,0.2315,137497
0,0.2315,154726
0,0.2315,514180
0,0.2315,515675
0,0.2315,515950
0,0.2315,518513
0,0.2315,520727
0,0.2315,522974
0,0.2315,556346
0,0.2315,556347
0,0.2315,801828
0,0.2315,802755
0,0.2315,802907
0,0.2315,805135
0,0.2315,805438
0,0.2315,805469
0,0.2315,806170
0,0.2315,824830
0,0.2315,848264
0,0.2315,905984
0,0.2315,907500
0,0.2316,10816
0,0.2316,11638
0,0.2316,15072
0,0.2316,17419
0,0.2316,20715
0,0.2316,25184
0,0.2316,25939
0,0.2316,35558
0,0.2316,39739
0,0.2316,42509
0,0.2316,511844
0,0.2316,515072
0,0.2316,555502
0,0.2316,801199
0,0.2316,803324
0,0.2316,805555
0,0.2317,10781
0,0.2317,11103
0,0.2317,11989
0,0.2317,12140
0,0.2317,13217
0,0.2317,14434
0,0.2317,14686
0,0.2317,15110
0,0.2317,24146
0,0.2317,47257
0,0.2317,77481
0,0.2317,513968
0,0.2317,514195
0,0.2317,517059
0,0.2317,555238
0,0.2317,800691
0,0.2317,800724
0,0.2317,803592
0,0.2317,821892
0,0.2317,902923
0,0.2317,903288
0,0.2317,199328457
0,0.2318,10202
0,0.2318,14469
0,0.2318,14486
0,0.2318,17274
0,0.2318,17790
0,0.2318,18180
0,0.2318,18779
0,0.2318,20978
0,0.2318,21527
0,0.2318,23090
0,0.2318,32718
0,0.2318,51555
0,0.2318,79892
0,0.2318,92188
0,0.2318,96106
0,0.2318,517548
0,0.2318,522823
0,0.2318,530608
0,0.2318,532800
0,0.2318,543158
0,0.2318,800170
0,0.2318,802385
0,0.2318,803017
0,0.2318,809980
0,0.2319,11027
0,0.2319,15568
0,0.2319,16907
0,0.2319,17696
0,0.2319,174420
0,0.2319,258715
0,0.2319,513284
0,0.2319,521240
0,0.2319,545611
0,0.2319,801187
0,0.2319,803129
0,0.2319,905303
0,0.2320,10754
0,0.2320,11061
0,0.2320,11929
0,0.2320,14206
0,0.2320,15888
0,0.2320,19100
0,0.2320,25045
0,0.2320,25628
0,0.2320,43116
0,0.2320,46262
0,0.2320,58730
0,0.2320,287884
0,0.2320,525062
0,0.2320,537032
0,0.2320,800564
0,0.2320,801090
0,0.2320,801507
0,0.2320,801561
0,0.2320,803013
0,0.2320,805647
0,0.2320,805949
0,0.2320,806434
0,0.2320,821882
0,0.2321,10156
0,0.2321,10368
0,0.2321,11171
0,0.2321,11302
0,0.2321,12272
0,0.2321,12621
0,0.2321,12651
0,0.2321,15071
0,0.2321,15534
0,0.2321,18022
0,0.2321,18125
0,0.2321,18508
0,0.2321,22440
0,0.2321,31682
0,0.2321,51159
0,0.2321,514546
0,0.2321,515933
0,0.2321,517512
0,0.2321,800412
0,0.2321,803070
0,0.2321,804958
0,0.2321,807296
0,0.2321,807312
0,0.2321,809935
0,0.2321,904736
0,0.2322,10852
0,0.2322,12606
0,0.2322,14029
0,0.2322,14566
0,0.2322,15514
0,0.2322,15680
0,0.2322,20678
0,0.2322,22709
0,0.2322,23416
0,0.2322,31790
0,0.2322,39880
0,0.2322,512510
0,0.2322,513520
0,0.2322,520115
0,0.2322,520581
0,0.2322,521241
0,0.2322,803107
0,0.2322,803440
0,0.2322,804736
0,0.2322,806124
0,0.2323,10187
0,0.2323,11021
0,0.2323,16794
0,0.2323,18415
0,0.2323,20277
0,0.2323,21687
0,0.2323,38389
0,0.2323,43781
0,0.2323,63798
0,0.2323,78782
0,0.2323,530435
0,0.2323,800618
0,0.2323,803048
0,0.2323,803605
0,0.2323,804222
0,0.2323,804660
0,0.2323,827678
0,0.2324,10168
0,0.2324,10436
0,0.2324,10692
0,0.2324,13932
0,0.2324,17835
0,0.2324,34924
0,0.2324,42739
0,0.2324,85715
0,0.2324,219710
0,0.2324,524224
0,0.2324,549508
0,0.2324,800030
0,0.2324,800257
0,0.2324,801193
0,0.2324,823598
0,0.2324,842520
0,0.2325,11243
0,0.2325,11663
0,0.2325,13877
0,0.2325,14224
0,0.2325,15351
0,0.2325,16399
0,0.2325,19025
0,0.2325,23963
0,0.2325,28469
0,0.2325,34191
0,0.2325,48689
0,0.2325,518604
0,0.2325,800093
0,0.2325,801816
0,0.2325,805173
0,0.2325,808456
0,0.2325,820271
0,0.2325,825184
0,0.2326,10689
0,0.2326,12844
0,0.2326,12923
0,0.2326,14387
0,0.2326,21719
0,0.2326,83621
0,0.2326,85686
0,0.2326,521409
0,0.2326,526612
0,0.2326,530880
0,0.2326,556449
0,0.2326,800250
0,0.2326,800495
0,0.2326,801148
0,0.2326,801658
0,0.2326,818961
0,0.2327,10447
0,0.2327,10735
0,0.2327,10817
0,0.2327,10847
0,0.2327,12411
0,0.2327,13179
0,0.2327,13417
0,0.2327,14285
0,0.2327,20468
0,0.2327,24828
0,0.2327,24874
0,0.2327,26417
0,0.2327,30310
0,0.2327,517601
0,0.2327,526298
0,0.2327,532187
0,0.2327,556502
0,0.2327,800354
0,0.2327,800546
0,0.2327,801557
0,0.2327,804156
0,0.2327,805825
0,0.2327,808146
0,0.2327,817974
0,0.2328,11495
0,0.2328,11947
0,0.2328,12806
0,0.2328,12811
0,0.2328,12838
0,0.2328,13471
0,0.2328,13771
0,0.2328,16297
0,0.2328,18585
0,0.2328,20831
0,0.2328,53078
0,0.2328,61775
0,0.2328,64180
0,0.2328,97863
0,0.2328,174810
0,0.2328,529408
0,0.2328,800214
0,0.2328,801189
0,0.2328,801684
0,0.2328,802137
0,0.2328,802716
0,0.2328,805067
0,0.2328,805241
0,0.2328,811735
0,0.2328,820520
0,0.2328,904161
0,0.2328,905079
0,0.2328,913454
0,0.2328,955135
0,0.2328,155143464
0,0.2329,10165
0,0.2329,10846
0,0.2329,11375
0,0.2329,12151
0,0.2329,12343
0,0.2329,15051
0,0.2329,16862
0,0.2329,35978
0,0.2329,76412
0,0.2329,247112
0,0.2329,520194
0,0.2329,520210
0,0.2329,559335
0,0.2329,800157
0,0.2329,800335
0,0.2329,801085
0,0.2329,802368
0,0.2329,803599
0,0.2329,805532
0,0.2329,805606
0,0.2329,807275
0,0.2329,823205
0,0.2329,830766
0,0.2330,10011
0,0.2330,15127
0,0.2330,15243
0,0.2330,17751
0,0.2330,27157
0,0.2330,32062
0,0.2330,44903
0,0.2330,512002
0,0.2330,521814
0,0.2330,568471
0,0.2330,800851
0,0.2330,801497
0,0.2330,802107
0,0.2330,803804
0,0.2330,816323
0,0.2331,10180
0,0.2331,10488
0,0.2331,10807
0,0.2331,11974
0,0.2331,12109
0,0.2331,12565
0,0.2331,13317
0,0.2331,16008
0,0.2331,16260
0,0.2331,18419
0,0.2331,23236
0,0.2331,23479
0,0.2331,35111
0,0.2331,100809
0,0.2331,117741
0,0.2331,512927
0,0.2331,515029
0,0.2331,544496
0,0.2331,800398
0,0.2331,805639
0,0.2331,805925
0,0.2331,807639
0,0.2331,811568
0,0.2331,902276
0,0.2331,903846
0,0.2331,906513
0,0.2332,10236
0,0.2332,11316
0,0.2332,13872
0,0.2332,16940
0,0.2332,24134
0,0.2332,26485
0,0.2332,45969
0,0.2332,59387
0,0.2332,73753
0,0.2332,162599
0,0.2332,516643
0,0.2332,519895
0,0.2332,520817
0,0.2332,545990
0,0.2332,800062
0,0.2332,800171
0,0.2332,801670
0,0.2332,803196
0,0.2332,803982
0,0.2332,807369
0,0.2333,10099
0,0.2333,10271
0,0.2333,11893
0,0.2333,12401
0,0.2333,12506
0,0.2333,13432
0,0.2333,14539
0,0.2333,14871
0,0.2333,15458
0,0.2333,23762
0,0.2333,24741
0,0.2333,25917
0,0.2333,27106
0,0.2333,184704
0,0.2333,512319
0,0.2333,512947
0,0.2333,800228
0,0.2333,800696
0,0.2333,801072
0,0.2333,801459
0,0.2333,802174
0,0.2333,804180
0,0.2333,806760
0,0.2333,812672
0,0.2333,820146
0,0.2333,903484
0,0.2333,904184
0,0.2333,936341
0,0.2333,105856729
0,0.2334,10302
0,0.2334,10494
0,0.2334,11263
0,0.2334,11326
0,0.2334,11614
0,0.2334,14464
0,0.2334,14853
0,0.2334,15890
0,0.2334,53639
0,0.2334,115198
0,0.2334,454614
0,0.2334,519144
0,0.2334,800438
0,0.2334,800976
0,0.2334,802080
0,0.2334,807353
0,0.2334,908235
0,0.2334,910604
0,0.2335,10624
0,0.2335,14817
0,0.2335,15612
0,0.2335,23273
0,0.2335,23513
0,0.2335,28254
0,0.2335,76506
0,0.2335,85395
0,0.2335,90201
0,0.2335,518690
0,0.2335,539620
0,0.2335,800247
0,0.2335,802196
0,0.2335,805132
0,0.2335,805578
0,0.2335,806387
0,0.2335,809441
0,0.2335,817218
0,0.2335,822772
0,0.2335,902512
0,0.2335,936713
0,0.2335,1050350155
0,0.2336,10748
0,0.2336,10825
0,0.2336,11200
0,0.2336,11255
0,0.2336,11665
0,0.2336,12500
0,0.2336,19290
0,0.2336,26832
0,0.2336,31627
0,0.2336,37142
0,0.2336,294178
0,0.2336,517257
0,0.2336,519347
0,0.2336,523392
0,0.2336,800827
0,0.2336,801089
0,0.2336,803721
0,0.2336,805165
0,0.2336,809196
0,0.2336,936838
0,0.2337,10061
0,0.2337,10658
0,0.2337,11038
0,0.2337,13167
0,0.2337,16671
0,0.2337,21128
0,0.2337,21932
0,0.2337,23083
0,0.2337,24382
0,0.2337,30522
0,0.2337,42083
0,0.2337,45197
0,0.2337,125111
0,0.2337,521236
0,0.2337,524761
0,0.2337,801210
0,0.2337,801789
0,0.2337,802201
0,0.2337,816644
0,0.2337,820323
0,0.2337,902262
0,0.2337,903317
0,0.2337,905593
0,0.2337,906612
0,0.2337,954981
0,0.2338,10175
0,0.2338,11142
0,0.2338,11908
0,0.2338,12319
0,0.2338,12510
0,0.2338,13258
0,0.2338,13281
0,0.2338,14954
0,0.2338,15308
0,0.2338,15325
0,0.2338,15548
0,0.2338,18823
0,0.2338,22084
0,0.2338,22240
0,0.2338,23601
0,0.2338,25713
0,0.2338,30178
0,0.2338,34628
0,0.2338,37105
0,0.2338,58394
0,0.2338,152496
0,0.2338,516110
0,0.2338,523776
0,0.2338,530136
0,0.2338,549229
0,0.2338,800132
0,0.2338,800760
0,0.2338,802421
0,0.2338,802784
0,0.2338,809843
0,0.2338,827502
0,0.2338,903481
0,0.2339,10950
0,0.2339,11199
0,0.2339,11608
0,0.2339,13586
0,0.2339,13985
0,0.2339,26136
0,0.2339,68889
0,0.2339,234867
0,0.2339,512042
0,0.2339,513283
0,0.2339,513401
0,0.2339,519514
0,0.2339,522744
0,0.2339,536264
0,0.2339,556539
0,0.2339,800208
0,0.2339,800376
0,0.2339,800490
0,0.2339,800536
0,0.2339,801455
0,0.2339,802566
0,0.2339,803317
0,0.2339,803339
0,0.2339,805596
0,0.2339,903561
0,0.2340,10468
0,0.2340,11578
0,0.2340,11671
0,0.2340,11768
0,0.2340,11896
0,0.2340,12294
0,0.2340,14765
0,0.2340,25970
0,0.2340,27025
0,0.2340,30498
0,0.2340,30930
0,0.2340,32475
0,0.2340,46358
0,0.2340,49672
0,0.2340,59776
0,0.2340,235061
0,0.2340,514405
0,0.2340,519363
0,0.2340,522428
0,0.2340,533223
0,0.2340,555344
0,0.2340,800317
0,0.2340,800344
0,0.2340,800856
0,0.2340,801521
0,0.2340,801976
0,0.2340,803305
0,0.2340,806094
0,0.2340,904185
0,0.2341,10051
0,0.2341,12055
0,0.2341,14327
0,0.2341,16214
0,0.2341,18504
0,0.2341,20185
0,0.2341,20818
0,0.2341,40390
0,0.2341,53134
0,0.2341,58517
0,0.2341,170407
0,0.2341,523863
0,0.2341,529330
0,0.2341,564864
0,0.2341,800638
0,0.2341,802486
0,0.2341,803241
0,0.2341,903436
0,0.2341,936341
0,0.2341,1050045395
0,0.2342,10495
0,0.2342,15850
0,0.2342,19427
0,0.2342,35743
0,0.2342,53652
0,0.2342,55630
0,0.2342,441056
0,0.2342,514483
0,0.2342,514596
0,0.2342,518830
0,0.2342,519454
0,0.2342,522972
0,0.2342,800004
0,0.2342,801280
0,0.2342,801295
0,0.2342,801895
0,0.2342,802955
0,0.2342,806013
0,0.2342,812884
0,0.2342,826175
0,0.2343,10687
0,0.2343,11338
0,0.2343,11688
0,0.2343,11715
0,0.2343,12318
0,0.2343,12405
0,0.2343,14497
0,0.2343,40046
0,0.2343,46073
0,0.2343,63998
0,0.2343,91391
0,0.2343,104220
0,0.2343,154893
0,0.2343,168586
0,0.2343,222777
0,0.2343,511841
0,0.2343,519443
0,0.2343,524655
0,0.2343,524902
0,0.2343,801412
0,0.2343,801970
0,0.2343,802980
0,0.2343,807924
0,0.2343,821882
0,0.2344,10341
0,0.2344,10699
0,0.2344,10797
0,0.2344,11238
0,0.2344,13121
0,0.2344,17825
0,0.2344,23325
0,0.2344,32258
0,0.2344,34620
0,0.2344,41688
0,0.2344,234890
0,0.2344,470711
0,0.2344,513376
0,0.2344,519003
0,0.2344,525061
0,0.2344,531334
0,0.2344,800084
0,0.2344,800910
0,0.2344,802160
0,0.2344,802337
0,0.2344,804514
0,0.2344,804663
0,0.2344,905286
0,0.2344,941298
0,0.2344,941319
0,0.2345,12943
0,0.2345,13026
0,0.2345,13079
0,0.2345,14075
0,0.2345,14482
0,0.2345,17663
0,0.2345,30716
0,0.2345,39253
0,0.2345,40289
0,0.2345,60241
0,0.2345,76194
0,0.2345,77014
0,0.2345,89191
0,0.2345,94433
0,0.2345,514441
0,0.2345,520081
0,0.2345,521203
0,0.2345,521584
0,0.2345,536208
0,0.2345,803860
0,0.2345,807874
0,0.2345,830025
0,0.2345,909410
0,0.2345,1051479717
0,0.2346,10555
0,0.2346,10707
0,0.2346,10740
0,0.2346,12596
0,0.2346,13595
0,0.2346,18351
0,0.2346,18670
0,0.2346,20062
0,0.2346,23619
0,0.2346,25554
0,0.2346,28123
0,0.2346,31786
0,0.2346,46657
0,0.2346,49288
0,0.2346,107241
0,0.2346,195264
0,0.2346,512352
0,0.2346,514045
0,0.2346,522991
0,0.2346,800213
0,0.2346,808395
0,0.2346,809886
0,0.2346,810090
0,0.2346,904246
0,0.2346,906554
0,0.2347,10676
0,0.2347,11341
0,0.2347,12264
0,0.2347,12333
0,0.2347,15828
0,0.2347,18226
0,0.2347,18744
0,0.2347,20656
0,0.2347,23180
0,0.2347,24671
0,0.2347,33400
0,0.2347,38835
0,0.2347,39062
0,0.2347,44669
0,0.2347,57335
0,0.2347,57935
0,0.2347,99882
0,0.2347,524075
0,0.2347,533751
0,0.2347,555257
0,0.2347,800042
0,0.2347,800446
0,0.2347,802516
0,0.2347,933913
0,0.2348,13018
0,0.2348,13115
0,0.2348,14034
0,0.2348,17143
0,0.2348,19011
0,0.2348,19189
0,0.2348,22446
0,0.2348,45024
0,0.2348,58331
0,0.2348,61243
0,0.2348,206739
0,0.2348,364582
0,0.2348,511926
0,0.2348,512328
0,0.2348,513146
0,0.2348,520034
0,0.2348,522815
0,0.2348,532909
0,0.2348,803193
0,0.2348,803501
0,0.2348,804793
0,0.2349,11874
0,0.2349,12083
0,0.2349,12358
0,0.2349,12377
0,0.2349,13134
0,0.2349,13743
0,0.2349,14881
0,0.2349,15789
0,0.2349,17060
0,0.2349,19751
0,0.2349,30664
0,0.2349,32315
0,0.2349,34151
0,0.2349,38847
0,0.2349,234890
0,0.2349,516663
0,0.2349,516666
0,0.2349,519399
0,0.2349,524610
0,0.2349,529029
0,0.2349,537135
0,0.2349,801998
0,0.2349,802490
0,0.2349,805244
0,0.2349,810086
0,0.2349,813104
0,0.2349,817565
0,0.2349,820943
0,0.2349,903727
0,0.2349,936341
0,0.2350,10969
0,0.2350,11772
0,0.2350,13158
0,0.2350,14063
0,0.2350,17991
0,0.2350,19720
0,0.2350,22870
0,0.2350,39813
0,0.2350,42975
0,0.2350,44850
0,0.2350,56542
0,0.2350,58834
0,0.2350,158774
0,0.2350,303314
0,0.2350,511828
0,0.2350,513646
0,0.2350,800203
0,0.2350,801489
0,0.2350,801930
0,0.2350,802714
0,0.2350,807693
0,0.2350,819387
0,0.2350,711866623
0,0.2351,10033
0,0.2351,10100
0,0.2351,10150
0,0.2351,12398
0,0.2351,13754
0,0.2351,13892
0,0.2351,17156
0,0.2351,17402
0,0.2351,19760
0,0.2351,25447
0,0.2351,30181
0,0.2351,33598
0,0.2351,85527
0,0.2351,520182
0,0.2351,523675
0,0.2351,800369
0,0.2351,800392
0,0.2351,801639
0,0.2351,803195
0,0.2351,834861
0,0.2351,905003
0,0.2351,1050687371
0,0.2352,10138
0,0.2352,11270
0,0.2352,11849
0,0.2352,12488
0,0.2352,15487
0,0.2352,18597
0,0.2352,19802
0,0.2352,22838
0,0.2352,27210
0,0.2352,37842
0,0.2352,72957
0,0.2352,83143
0,0.2352,523017
0,0.2352,574357
0,0.2352,800605
0,0.2352,806302
0,0.2352,813076
0,0.2352,817047
0,0.2352,761298433
0,0.2353,10185
0,0.2353,14424
0,0.2353,16430
0,0.2353,21263
0,0.2353,43191
0,0.2353,81228
0,0.2353,96692
0,0.2353,514547
0,0.2353,801538
0,0.2353,802944
0,0.2353,803111
0,0.2353,807279
0,0.2353,903997
0,0.2353,906412
0,0.2353,909643
0,0.2353,107629970
0,0.2354,10564
0,0.2354,10691
0,0.2354,10830
0,0.2354,12259
0,0.2354,13312
0,0.2354,16816
0,0.2354,19827
0,0.2354,32302
0,0.2354,46466
0,0.2354,556797
0,0.2354,800269
0,0.2354,805528
0,0.2354,908509
0,0.2355,10371
0,0.2355,11915
0,0.2355,12802
0,0.2355,38425
0,0.2355,79979
0,0.2355,515026
0,0.2355,517913
0,0.2355,800183
0,0.2355,800554
0,0.2355,800931
0,0.2355,803164
0,0.2355,804442
0,0.2355,805286
0,0.2355,806355
0,0.2355,824223
0,0.2355,902501
0,0.2355,905812
0,0.2355,905929
0,0.2355,1050014552
0,0.2356,17709
0,0.2356,17931
0,0.2356,24963
0,0.2356,26741
0,0.2356,36812
0,0.2356,40565
0,0.2356,200001
0,0.2356,231168
0,0.2356,512106
0,0.2356,521059
0,0.2356,522762
0,0.2356,800927
0,0.2356,802289
0,0.2356,803318
0,0.2356,805392
0,0.2356,806039
0,0.2356,956328
0,0.2357,11253
0,0.2357,13740
0,0.2357,14790
0,0.2357,14863
0,0.2357,15284
0,0.2357,16646
0,0.2357,17861
0,0.2357,18601
0,0.2357,23281
0,0.2357,28791
0,0.2357,31975
0,0.2357,36745
0,0.2357,40888
0,0.2357,48491
0,0.2357,80175
0,0.2357,514696
0,0.2357,522354
0,0.2357,529385
0,0.2357,533470
0,0.2357,533746
0,0.2357,823869
0,0.2357,905849
0,0.2358,10669
0,0.2358,13442
0,0.2358,19274
0,0.2358,22441
0,0.2358,34187
0,0.2358,35637
0,0.2358,43113
0,0.2358,64607
0,0.2358,523482
0,0.2358,800501
0,0.2358,801267
0,0.2358,801845
0,0.2358,802662
0,0.2358,805362
0,0.2358,814353
0,0.2358,905011
0,0.2359,10041
0,0.2359,10831
0,0.2359,15163
0,0.2359,15362
0,0.2359,17685
0,0.2359,49839
0,0.2359,59853
0,0.2359,520367
0,0.2359,529031
0,0.2359,534419
0,0.2359,802630
0,0.2359,803821
0,0.2359,807808
0,0.2359,902343
0,0.2359,904022
0,0.2360,10097
0,0.2360,10243
0,0.2360,10553
0,0.2360,11280
0,0.2360,11403
0,0.2360,12809
0,0.2360,13667
0,0.2360,14207
0,0.2360,20923
0,0.2360,22900
0,0.2360,24050
0,0.2360,215209
0,0.2360,534361
0,0.2360,555176
0,0.2360,800167
0,0.2360,801933
0,0.2360,803055
0,0.2360,807252
0,0.2360,808478
0,0.2360,830025
0,0.2360,902446
0,0.2361,10319
0,0.2361,10414
0,0.2361,12104
0,0.2361,22884
0,0.2361,24088
0,0.2361,28184
0,0.2361,29065
0,0.2361,97678
0,0.2361,529489
0,0.2361,800703
0,0.2361,801265
0,0.2361,803237
0,0.2361,818370
0,0.2362,11170
0,0.2362,12095
0,0.2362,15693
0,0.2362,17691
0,0.2362,21646
0,0.2362,27296
0,0.2362,42332
0,0.2362,514605
0,0.2362,800906
0,0.2362,801894
0,0.2362,803310
0,0.2362,904319
0,0.2362,317157307
0,0.2363,13048
0,0.2363,13428
0,0.2363,13559
0,0.2363,16158
0,0.2363,25362
0,0.2363,28248
0,0.2363,33298
0,0.2363,36205
0,0.2363,39262
0,0.2363,40550
0,0.2363,47107
0,0.2363,52191
0,0.2363,57381
0,0.2363,131748
0,0.2363,147927
0,0.2363,519290
0,0.2363,801258
0,0.2363,806433
0,0.2364,10110
0,0.2364,11836
0,0.2364,12176
0,0.2364,12584
0,0.2364,12900
0,0.2364,15933
0,0.2364,17175
0,0.2364,18437
0,0.2364,21849
0,0.2364,25939
0,0.2364,26287
0,0.2364,164863
0,0.2364,513499
0,0.2364,519692
0,0.2364,800212
0,0.2364,806927
0,0.2364,808721
0,0.2364,812186
0,0.2364,820323
0,0.2364,821882
0,0.2364,824034
0,0.2364,902789
0,0.2364,905528
0,0.2364,936713
0,0.2365,10107
0,0.2365,10295
0,0.2365,11357
0,0.2365,15782
0,0.2365,16182
0,0.2365,18915
0,0.2365,20600
0,0.2365,22185
0,0.2365,26798
0,0.2365,27119
0,0.2365,30508
0,0.2365,37058
0,0.2365,39095
0,0.2365,40213
0,0.2365,45118
0,0.2365,515966
0,0.2365,522738
0,0.2365,530449
0,0.2365,800143
0,0.2365,800290
0,0.2365,801303
0,0.2365,801564
0,0.2365,801609
0,0.2365,807439
0,0.2365,807893
0,0.2365,905385
0,0.2365,936810
0,0.2366,17379
0,0.2366,18238
0,0.2366,23359
0,0.2366,33316
0,0.2366,49627
0,0.2366,516739
0,0.2366,519720
0,0.2366,527048
0,0.2366,532079
0,0.2366,802731
0,0.2366,805961
0,0.2366,806747
0,0.2366,909711
0,0.2367,10209
0,0.2367,10255
0,0.2367,10529
0,0.2367,12067
0,0.2367,38272
0,0.2367,42483
0,0.2367,43756
0,0.2367,79615
0,0.2367,140519
0,0.2367,234890
0,0.2367,520817
0,0.2367,523349
0,0.2367,533946
0,0.2367,800606
0,0.2367,802223
0,0.2367,803720
0,0.2367,804797
0,0.2367,818085
0,0.2367,821311
0,0.2367,825184
0,0.2367,904736
0,0.2367,711866623
0,0.2368,10187
0,0.2368,10285
0,0.2368,10432
0,0.2368,11021
0,0.2368,11174
0,0.2368,11210
0,0.2368,13295
0,0.2368,14137
0,0.2368,17369
0,0.2368,19452
0,0.2368,36730
0,0.2368,53086
0,0.2368,56352
0,0.2368,98544
0,0.2368,141161
0,0.2368,520792
0,0.2368,522828
0,0.2368,523684
0,0.2368,529498
0,0.2368,800504
0,0.2368,802181
0,0.2368,802402
0,0.2368,803500
0,0.2368,805529
0,0.2368,807345
0,0.2368,807368
0,0.2368,807799
0,0.2368,820323
0,0.2368,830766
0,0.2368,118002941
0,0.2369,12716
0,0.2369,12992
0,0.2369,14434
0,0.2369,15484
0,0.2369,16465
0,0.2369,16794
0,0.2369,21018
0,0.2369,26284
0,0.2369,28010
0,0.2369,29713
0,0.2369,521025
0,0.2369,908253
0,0.2370,10265
0,0.2370,10404
0,0.2370,10574
0,0.2370,10974
0,0.2370,11161
0,0.2370,11784
0,0.2370,11806
0,0.2370,13692
0,0.2370,15494
0,0.2370,17801
0,0.2370,34896
0,0.2370,34949
0,0.2370,41144
0,0.2370,57102
0,0.2370,190319
0,0.2370,512930
0,0.2370,517548
0,0.2370,520888
0,0.2370,522734
0,0.2370,537907
0,0.2370,555342
0,0.2370,806106
0,0.2370,901888
0,0.2371,11618
0,0.2371,12605
0,0.2371,15382
0,0.2371,15605
0,0.2371,16380
0,0.2371,18599
0,0.2371,24634
0,0.2371,26064
0,0.2371,27486
0,0.2371,29129
0,0.2371,48982
0,0.2371,71547
0,0.2371,146366
0,0.2371,512927
0,0.2371,521814
0,0.2371,523821
0,0.2371,800890
0,0.2371,804556
0,0.2371,809233
0,0.2371,809310
0,0.2371,903422
0,0.2371,936773
0,0.2371,353379798
0,0.2371,1111554233
0,0.2372,10099
0,0.2372,10514
0,0.2372,10879
0,0.2372,11030
0,0.2372,11606
0,0.2372,11896
0,0.2372,12811
0,0.2372,13836
0,0.2372,14011
0,0.2372,14643
0,0.2372,14912
0,0.2372,15451
0,0.2372,15932
0,0.2372,16093
0,0.2372,21204
0,0.2372,24246
0,0.2372,24866
0,0.2372,30169
0,0.2372,31735
0,0.2372,48146
0,0.2372,60774
0,0.2372,61398
0,0.2372,67951
0,0.2372,69544
0,0.2372,70651
0,0.2372,258819
0,0.2372,511846
0,0.2372,517255
0,0.2372,520621
0,0.2372,800082
0,0.2372,800478
0,0.2372,803005
0,0.2372,804158
0,0.2372,804696
0,0.2372,806021
0,0.2372,806398
0,0.2372,936713
0,0.2373,10080
0,0.2373,10101
0,0.2373,11070
0,0.2373,19956
0,0.2373,22791
0,0.2373,30807
0,0.2373,31681
0,0.2373,81201
0,0.2373,122745
0,0.2373,247112
0,0.2373,512314
0,0.2373,524512
0,0.2373,800258
0,0.2373,800536
0,0.2373,802145
0,0.2373,803562
0,0.2373,806938
0,0.2373,956305
0,0.2374,10332
0,0.2374,13863
0,0.2374,14714
0,0.2374,15955
0,0.2374,16493
0,0.2374,16579
0,0.2374,166976
0,0.2374,516514
0,0.2374,531009
0,0.2374,806172
0,0.2374,811999
0,0.2374,816323
0,0.2374,903450
0,0.2374,904036
0,0.2375,10490
0,0.2375,10816
0,0.2375,10820
0,0.2375,12319
0,0.2375,13305
0,0.2375,15182
0,0.2375,15514
0,0.2375,17301
0,0.2375,23197
0,0.2375,24306
0,0.2375,26432
0,0.2375,31967
0,0.2375,36384
0,0.2375,52016
0,0.2375,517256
0,0.2375,518831
0,0.2375,535668
0,0.2375,800518
0,0.2375,821236
0,0.2375,906758
0,0.2376,12181
0,0.2376,16986
0,0.2376,17454
0,0.2376,17876
0,0.2376,18419
0,0.2376,22338
0,0.2376,23846
0,0.2376,26242
0,0.2376,27302
0,0.2376,30371
0,0.2376,44931
0,0.2376,60946
0,0.2376,67789
0,0.2376,149501
0,0.2376,520642
0,0.2376,801164
0,0.2376,805743
0,0.2376,806822
0,0.2376,904624
0,0.2376,940354
0,0.2377,10072
0,0.2377,10294
0,0.2377,11900
0,0.2377,12506
0,0.2377,19982
0,0.2377,21563
0,0.2377,25503
0,0.2377,234890
0,0.2377,512750
0,0.2377,515294
0,0.2377,580329
0,0.2377,800553
0,0.2377,800718
0,0.2377,800816
0,0.2377,800849
0,0.2377,801077
0,0.2377,804351
0,0.2377,807741
0,0.2377,808205
0,0.2377,811215
0,0.2377,817261
0,0.2377,1052043704
0,0.2378,11982
0,0.2378,12091
0,0.2378,12248
0,0.2378,12732
0,0.2378,14093
0,0.2378,14766
0,0.2378,17787
0,0.2378,35912
0,0.2378,75129
0,0.2378,114858
0,0.2378,512390
0,0.2378,802118
0,0.2378,804288
0,0.2378,805494
0,0.2378,810229
0,0.2378,905118
0,0.2379,14869
0,0.2379,16110
0,0.2379,17726
0,0.2379,22090
0,0.2379,35532
0,0.2379,54246
0,0.2379,58730
0,0.2379,154359
0,0.2379,434891
0,0.2379,524654
0,0.2379,527475
0,0.2379,529142
0,0.2379,530950
0,0.2379,805245
0,0.2379,808573
0,0.2379,811048
0,0.2379,823869
0,0.2380,10959
0,0.2380,11540
0,0.2380,11710
0,0.2380,15768
0,0.2380,20818
0,0.2380,38454
0,0.2380,53190
0,0.2380,72491
0,0.2380,95935
0,0.2380,113924
0,0.2380,514988
0,0.2380,518309
0,0.2380,518540
0,0.2380,520641
0,0.2380,800898
0,0.2380,801193
0,0.2380,801307
0,0.2380,808183
0,0.2380,810117
0,0.2381,10241
0,0.2381,11377
0,0.2381,16538
0,0.2381,23249
0,0.2381,25210
0,0.2381,59994
0,0.2381,513283
0,0.2381,522387
0,0.2381,529422
0,0.2381,800041
0,0.2381,801503
0,0.2381,810626
0,0.2381,1050542828
0,0.2382,10044
0,0.2382,10205
0,0.2382,10725
0,0.2382,13303
0,0.2382,13317
0,0.2382,16473
0,0.2382,17389
0,0.2382,18932
0,0.2382,20755
0,0.2382,511823
0,0.2382,515578
0,0.2382,800056
0,0.2382,802224
0,0.2382,805227
0,0.2382,806037
0,0.2382,806297
0,0.2382,810863
0,0.2383,10322
0,0.2383,14223
0,0.2383,16687
0,0.2383,17109
0,0.2383,18779
0,0.2383,21252
0,0.2383,23273
0,0.2383,25045
0,0.2383,28146
0,0.2383,40994
0,0.2383,102689
0,0.2383,136159
0,0.2383,339863
0,0.2383,574147
0,0.2383,800343
0,0.2383,801713
0,0.2383,804657
0,0.2383,924167
0,0.2384,10051
0,0.2384,10169
0,0.2384,10453
0,0.2384,10537
0,0.2384,10914
0,0.2384,11032
0,0.2384,11586
0,0.2384,11607
0,0.2384,11825
0,0.2384,12085
0,0.2384,17671
0,0.2384,18054
0,0.2384,21692
0,0.2384,24382
0,0.2384,27725
0,0.2384,58561
0,0.2384,182269
0,0.2384,519818
0,0.2384,520337
0,0.2384,527653
0,0.2384,532747
0,0.2384,532751
0,0.2384,555340
0,0.2384,815054
0,0.2385,10204
0,0.2385,10356
0,0.2385,10777
0,0.2385,11734
0,0.2385,12158
0,0.2385,13168
0,0.2385,13287
0,0.2385,15051
0,0.2385,17849
0,0.2385,18796
0,0.2385,23406
0,0.2385,56877
0,0.2385,513378
0,0.2385,515091
0,0.2385,518604
0,0.2385,519925
0,0.2385,523506
0,0.2385,537027
0,0.2385,800307
0,0.2385,801249
0,0.2385,802544
0,0.2385,817261
0,0.2386,10222
0,0.2386,11903
0,0.2386,12487
0,0.2386,13864
0,0.2386,25318
0,0.2386,34700
0,0.2386,39657
0,0.2386,90574
0,0.2386,121084
0,0.2386,154212
0,0.2386,258819
0,0.2386,514416
0,0.2386,523552
0,0.2386,523636
0,0.2386,555713
0,0.2386,803013
0,0.2386,806689
0,0.2386,806830
0,0.2386,817096
0,0.2386,830295
0,0.2386,902553
0,0.2386,940467
0,0.2387,10092
0,0.2387,10168
0,0.2387,12159
0,0.2387,12297
0,0.2387,12651
0,0.2387,13537
0,0.2387,17272
0,0.2387,23232
0,0.2387,23601
0,0.2387,25797
0,0.2387,28522
0,0.2387,46153
0,0.2387,88157
0,0.2387,801395
0,0.2387,801507
0,0.2387,802124
0,0.2387,812162
0,0.2387,848955
0,0.2387,932796
0,0.2388,10120
0,0.2388,11785
0,0.2388,13087
0,0.2388,14961
0,0.2388,16781
0,0.2388,17322
0,0.2388,18068
0,0.2388,20339
0,0.2388,27191
0,0.2388,29535
0,0.2388,36245
0,0.2388,50228
0,0.2388,59288
0,0.2388,172666
0,0.2388,513827
0,0.2388,530151
0,0.2388,533103
0,0.2388,801663
0,0.2388,803048
0,0.2388,804398
0,0.2388,807148
0,0.2388,821236
0,0.2389,10224
0,0.2389,10226
0,0.2389,10497
0,0.2389,10599
0,0.2389,10624
0,0.2389,10738
0,0.2389,12976
0,0.2389,13460
0,0.2389,15562
0,0.2389,15883
0,0.2389,18109
0,0.2389,23025
0,0.2389,32040
0,0.2389,40821
0,0.2389,155188
0,0.2389,159365
0,0.2389,392714
0,0.2389,515221
0,0.2389,530880
0,0.2389,800241
0,0.2389,800809
0,0.2389,801282
0,0.2389,809979
0,0.2390,10677
0,0.2390,10719
0,0.2390,11326
0,0.2390,15151
0,0.2390,15924
0,0.2390,16303
0,0.2390,16659
0,0.2390,22126
0,0.2390,42285
0,0.2390,106104
0,0.2390,515775
0,0.2390,520435
0,0.2390,521635
0,0.2391,12006
0,0.2391,12396
0,0.2391,13824
0,0.2391,13901
0,0.2391,14105
0,0.2391,17354
0,0.2391,17878
0,0.2391,25792
0,0.2391,26455
0,0.2391,27524
0,0.2391,34801
0,0.2391,37142
0,0.2391,61840
0,0.2391,123422
0,0.2391,130455
0,0.2391,234890
0,0.2391,521241
0,0.2391,537899
0,0.2391,804775
0,0.2391,805737
0,0.2391,823205
0,0.2391,926518
0,0.2391,932321
0,0.2391,118002941
0,0.2392,10603
0,0.2392,11005
0,0.2392,11921
0,0.2392,14523
0,0.2392,15273
0,0.2392,15325
0,0.2392,15657
0,0.2392,16836
0,0.2392,24776
0,0.2392,54246
0,0.2392,512887
0,0.2392,515757
0,0.2392,518112
0,0.2392,521256
0,0.2392,526375
0,0.2392,531768
0,0.2392,800412
0,0.2392,811623
0,0.2392,817453
0,0.2393,12644
0,0.2393,13228
0,0.2393,16180
0,0.2393,24232
0,0.2393,27929
0,0.2393,29135
0,0.2393,58753
0,0.2393,145530
0,0.2393,166528
0,0.2393,203133
0,0.2393,521126
0,0.2393,807288
0,0.2393,817047
0,0.2393,830295
0,0.2393,903026
0,0.2393,1111554233
0,0.2394,10167
0,0.2394,10394
0,0.2394,10428
0,0.2394,10799
0,0.2394,11131
0,0.2394,14736
0,0.2394,15731
0,0.2394,17939
0,0.2394,18712
0,0.2394,22066
0,0.2394,26417
0,0.2394,49318
0,0.2394,53290
0,0.2394,81417
0,0.2394,174420
0,0.2394,513644
0,0.2394,520087
0,0.2394,803732
0,0.2394,806303
0,0.2394,929749
0,0.2394,418840426
0,0.2395,11318
0,0.2395,11402
0,0.2395,11802
0,0.2395,12037
0,0.2395,13373
0,0.2395,18585
0,0.2395,20619
0,0.2395,26666
0,0.2395,32258
0,0.2395,91983
0,0.2395,148726
0,0.2395,512165
0,0.2395,516820
0,0.2395,522715
0,0.2395,800724
0,0.2395,804835
0,0.2395,805797
0,0.2396,10288
0,0.2396,10323
0,0.2396,11416
0,0.2396,12155
0,0.2396,14311
0,0.2396,18728
0,0.2396,19963
0,0.2396,21296
0,0.2396,23325
0,0.2396,25763
0,0.2396,39504
0,0.2396,99095
0,0.2396,115666
0,0.2396,515072
0,0.2396,521292
0,0.2396,523564
0,0.2396,529604
0,0.2396,531755
0,0.2396,801768
0,0.2396,806338
0,0.2396,823869
0,0.2396,829714
0,0.2396,904821
0,0.2396,956328
0,0.2397,10263
0,0.2397,10365
0,0.2397,10661
0,0.2397,10941
0,0.2397,10997
0,0.2397,11053
0,0.2397,12437
0,0.2397,12445
0,0.2397,12763
0,0.2397,14205
0,0.2397,30504
0,0.2397,42997
0,0.2397,52728
0,0.2397,175572
0,0.2397,520194
0,0.2397,801394
0,0.2397,801895
0,0.2397,802954
0,0.2397,805776
0,0.2397,806144
0,0.2397,903643
0,0.2397,952874
0,0.2398,10114
0,0.2398,11199
0,0.2398,11327
0,0.2398,11426
0,0.2398,11959
0,0.2398,12183
0,0.2398,12221
0,0.2398,12718
0,0.2398,15393
0,0.2398,17367
0,0.2398,36470
0,0.2398,49015
0,0.2398,54246
0,0.2398,67174
0,0.2398,115704
0,0.2398,358032
0,0.2398,511955
0,0.2398,804023
0,0.2398,808250
0,0.2398,809085
0,0.2398,825184
0,0.2398,849272
0,0.2398,199328457
0,0.2399,10184
0,0.2399,10202
0,0.2399,10447
0,0.2399,10967
0,0.2399,14194
0,0.2399,18125
0,0.2399,21613
0,0.2399,29648
0,0.2399,41171
0,0.2399,44816
0,0.2399,48638
0,0.2399,77245
0,0.2399,512662
0,0.2399,524717
0,0.2399,802232
0,0.2399,830766
0,0.2400,10910
0,0.2400,12398
0,0.2400,16506
0,0.2400,18156
0,0.2400,24702
0,0.2400,143387
0,0.2400,515950
0,0.2400,524655
0,0.2400,800070
0,0.2400,807649
0,0.2400,828126
0,0.2400,904674
0,0.2400,904983
0,0.2400,932322
0,0.2400,317157307
0,0.2400,776770294
0,0.2401,10378
0,0.2401,11701
0,0.2401,12104
0,0.2401,12872
0,0.2401,98698
0,0.2401,104220
0,0.2401,512521
0,0.2401,513339
0,0.2401,519616
0,0.2401,521075
0,0.2401,522754
0,0.2401,802413
0,0.2401,811623
0,0.2401,817670
0,0.2401,908747
0,0.2402,13306
0,0.2402,13442
0,0.2402,20831
0,0.2402,22427
0,0.2402,27413
0,0.2402,46240
0,0.2402,58532
0,0.2402,96586
0,0.2402,145229
0,0.2402,512273
0,0.2402,515679
0,0.2402,801295
0,0.2402,804119
0,0.2402,804445
0,0.2402,817089
0,0.2402,819656
0,0.2402,903425
0,0.2402,903679
0,0.2402,908143
0,0.2403,10150
0,0.2403,10735
0,0.2403,12109
0,0.2403,12240
0,0.2403,13255
0,0.2403,14881
0,0.2403,15499
0,0.2403,16266
0,0.2403,16381
0,0.2403,18745
0,0.2403,20774
0,0.2403,22327
0,0.2403,24399
0,0.2403,24848
0,0.2403,39462
0,0.2403,39880
0,0.2403,58481
0,0.2403,137497
0,0.2403,511828
0,0.2403,514997
0,0.2403,516369
0,0.2403,523675
0,0.2403,819096
0,0.2403,776770294
0,0.2404,10011
0,0.2404,10495
0,0.2404,10604
0,0.2404,10852
0,0.2404,11085
0,0.2404,11358
0,0.2404,15905
0,0.2404,22240
0,0.2404,26607
0,0.2404,38706
0,0.2404,43126
0,0.2404,57797
0,0.2404,518194
0,0.2404,524761
0,0.2404,524795
0,0.2404,529519
0,0.2404,545085
0,0.2404,579728
0,0.2404,801970
0,0.2404,809029
0,0.2404,821058
0,0.2404,317157307
0,0.2405,10704
0,0.2405,11188
0,0.2405,12686
0,0.2405,16931
0,0.2405,22937
0,0.2405,44250
0,0.2405,68889
0,0.2405,89801
0,0.2405,512549
0,0.2405,514596
0,0.2405,514952
0,0.2405,537032
0,0.2405,556286
0,0.2405,803804
0,0.2405,806620
0,0.2405,820271
0,0.2406,12413
0,0.2406,12787
0,0.2406,14224
0,0.2406,16157
0,0.2406,18069
0,0.2406,26455
0,0.2406,26901
0,0.2406,85527
0,0.2406,512077
0,0.2406,521536
0,0.2406,532909
0,0.2406,801998
0,0.2406,821754
0,0.2406,827683
0,0.2407,10477
0,0.2407,10658
0,0.2407,12151
0,0.2407,12503
0,0.2407,12809
0,0.2407,13117
0,0.2407,15059
0,0.2407,16105
0,0.2407,23812
0,0.2407,40856
0,0.2407,94433
0,0.2407,152141
0,0.2407,513594
0,0.2407,515933
0,0.2407,525958
0,0.2407,800527
0,0.2407,803129
0,0.2407,908183
0,0.2408,10652
0,0.2408,12606
0,0.2408,12730
0,0.2408,13115
0,0.2408,13371
0,0.2408,14939
0,0.2408,21322
0,0.2408,22122
0,0.2408,358032
0,0.2408,516098
0,0.2408,519895
0,0.2408,521189
0,0.2408,803052
0,0.2408,806253
0,0.2409,10839
0,0.2409,11485
0,0.2409,16641
0,0.2409,39436
0,0.2409,517512
0,0.2409,519316
0,0.2409,800190
0,0.2410,11765
0,0.2410,12572
0,0.2410,12993
0,0.2410,16275
0,0.2410,16862
0,0.2410,33075
0,0.2410,48456
0,0.2410,63923
0,0.2410,511882
0,0.2410,515289
0,0.2410,533811
0,0.2410,571495
0,0.2410,801656
0,0.2410,805489
0,0.2410,813249
0,0.2411,10825
0,0.2411,10863
0,0.2411,13360
0,0.2411,15170
0,0.2411,15680
0,0.2411,18170
0,0.2411,19036
0,0.2411,20545
0,0.2411,38835
0,0.2411,42700
0,0.2411,48667
0,0.2411,60449
0,0.2411,327169
0,0.2411,559141
0,0.2411,827502
0,0.2411,935007
0,0.2411,1053174360
0,0.2412,10175
0,0.2412,12140
0,0.2412,13018
0,0.2412,16700
0,0.2412,17751
0,0.2412,20780
0,0.2412,22870
0,0.2412,24656
0,0.2412,54440
0,0.2412,57935
0,0.2412,62778
0,0.2412,520210
0,0.2412,524968
0,0.2412,534534
0,0.2412,539675
0,0.2412,803929
0,0.2413,10269
0,0.2413,10302
0,0.2413,11460
0,0.2413,11699
0,0.2413,12727
0,0.2413,13153
0,0.2413,14206
0,0.2413,15117
0,0.2413,15210
0,0.2413,15789
0,0.2413,16754
0,0.2413,19267
0,0.2413,19760
0,0.2413,25255
0,0.2413,31942
0,0.2413,34820
0,0.2413,58394
0,0.2413,159866
0,0.2413,256844
0,0.2413,291345
0,0.2413,517847
0,0.2413,519230
0,0.2413,521059
0,0.2413,521928
0,0.2413,523776
0,0.2413,800181
0,0.2414,10376
0,0.2414,14276
0,0.2414,14289
0,0.2414,16284
0,0.2414,16438
0,0.2414,21822
0,0.2414,22379
0,0.2414,25038
0,0.2414,50250
0,0.2414,50960
0,0.2414,524133
0,0.2414,524732
0,0.2414,580819
0,0.2414,802955
0,0.2414,803493
0,0.2415,10041
0,0.2415,10303
0,0.2415,15914
0,0.2415,17491
0,0.2415,18921
0,0.2415,21520
0,0.2415,25176
0,0.2415,33038
0,0.2415,66976
0,0.2415,513217
0,0.2415,514405
0,0.2415,522752
0,0.2415,531999
0,0.2415,803829
0,0.2415,823598
0,0.2416,10687
0,0.2416,13273
0,0.2416,14279
0,0.2416,15458
0,0.2416,16370
0,0.2416,18713
0,0.2416,20277
0,0.2416,37439
0,0.2416,44690
0,0.2416,111660
0,0.2416,801491
0,0.2416,819387
0,0.2416,912379
0,0.2417,10133
0,0.2417,11201
0,0.2417,11455
0,0.2417,12358
0,0.2417,16051
0,0.2417,19522
0,0.2417,23619
0,0.2417,25184
0,0.2417,25939
0,0.2417,27806
0,0.2417,34452
0,0.2417,64399
0,0.2417,124495
0,0.2417,184446
0,0.2417,235061
0,0.2417,514045
0,0.2417,517257
0,0.2417,526298
0,0.2417,803979
0,0.2417,821201
0,0.2417,955284
0,0.2418,10052
0,0.2418,11638
0,0.2418,13121
0,0.2418,13428
0,0.2418,16734
0,0.2418,18766
0,0.2418,21932
0,0.2418,22014
0,0.2418,30164
0,0.2418,48491
0,0.2418,134390
0,0.2418,549229
0,0.2418,804538
0,0.2418,864655
0,0.2418,1050014552
0,0.2419,10285
0,0.2419,10854
0,0.2419,11021
0,0.2419,12654
0,0.2419,15176
0,0.2419,18504
0,0.2419,19189
0,0.2419,27252
0,0.2419,58999
0,0.2419,523723
0,0.2419,531732
0,0.2419,946767
0,0.2420,10165
0,0.2420,10354
0,0.2420,11112
0,0.2420,13167
0,0.2420,13259
0,0.2420,15209
0,0.2420,15304
0,0.2420,15535
0,0.2420,16599
0,0.2420,16794
0,0.2420,17623
0,0.2420,37921
0,0.2420,41054
0,0.2420,514125
0,0.2420,530668
0,0.2420,800120
0,0.2420,827683
0,0.2421,10593
0,0.2421,11155
0,0.2421,11255
0,0.2421,12131
0,0.2421,12747
0,0.2421,13613
0,0.2421,18686
0,0.2421,22563
0,0.2421,23602
0,0.2421,32651
0,0.2421,76194
0,0.2421,147617
0,0.2421,194213
0,0.2421,513111
0,0.2421,555259
0,0.2421,556038
0,0.2421,802909
0,0.2421,808159
0,0.2421,827678
0,0.2422,10597
0,0.2422,10612
0,0.2422,10845
0,0.2422,13698
0,0.2422,14263
0,0.2422,17790
0,0.2422,24922
0,0.2422,29939
0,0.2422,37433
0,0.2422,38650
0,0.2422,195264
0,0.2422,511797
0,0.2422,512314
0,0.2422,523602
0,0.2422,820174
0,0.2422,904122
0,0.2423,10047
0,0.2423,11717
0,0.2423,13019
0,0.2423,13773
0,0.2423,15110
0,0.2423,15514
0,0.2423,35743
0,0.2423,170407
0,0.2423,247112
0,0.2423,529385
0,0.2424,10185
0,0.2424,11618
0,0.2424,11900
0,0.2424,16249
0,0.2424,18779
0,0.2424,19327
0,0.2424,39847
0,0.2424,470711
0,0.2424,511839
0,0.2424,514413
0,0.2424,515735
0,0.2424,516256
0,0.2424,518937
0,0.2424,521063
0,0.2424,522974
0,0.2424,555262
0,0.2424,800126
0,0.2424,813104
0,0.2425,10110
0,0.2425,11087
0,0.2425,14227
0,0.2425,14461
0,0.2425,16273
0,0.2425,18744
0,0.2425,28674
0,0.2425,38926
0,0.2425,81442
0,0.2425,392714
0,0.2425,512927
0,0.2425,530460
0,0.2425,821058
0,0.2425,906612
0,0.2425,914445
0,0.2426,11495
0,0.2426,11888
0,0.2426,12137
0,0.2426,12733
0,0.2426,13559
0,0.2426,16537
0,0.2426,17156
0,0.2426,19618
0,0.2426,21719
0,0.2426,21778
0,0.2426,39813
0,0.2426,55574
0,0.2426,85686
0,0.2426,89545
0,0.2426,148749
0,0.2426,521814
0,0.2426,522387
0,0.2426,574357
0,0.2426,813076
0,0.2426,817096
0,0.2426,903450
0,0.2427,13317
0,0.2427,17823
0,0.2427,18937
0,0.2427,22899
0,0.2427,30310
0,0.2427,131748
0,0.2427,512858
0,0.2427,514579
0,0.2427,518461
0,0.2427,518541
0,0.2427,531643
0,0.2427,800048
0,0.2427,800577
0,0.2427,805165
0,0.2427,814353
0,0.2428,12710
0,0.2428,12843
0,0.2428,13013
0,0.2428,23513
0,0.2428,24382
0,0.2428,27702
0,0.2428,44827
0,0.2428,45288
0,0.2428,520217
0,0.2428,520773
0,0.2428,531299
0,0.2428,531557
0,0.2428,533748
0,0.2428,801816
0,0.2428,946767
0,0.2428,955135
0,0.2429,10169
0,0.2429,12405
0,0.2429,13035
0,0.2429,13628
0,0.2429,13969
0,0.2429,14486
0,0.2429,18419
0,0.2429,19274
0,0.2429,520641
0,0.2429,533411
0,0.2429,873387
0,0.2430,10977
0,0.2430,11142
0,0.2430,11189
0,0.2430,11642
0,0.2430,12532
0,0.2430,12565
0,0.2430,12900
0,0.2430,18932
0,0.2430,25792
0,0.2430,512390
0,0.2430,513283
0,0.2430,517601
0,0.2430,517723
0,0.2430,522428
0,0.2430,800856
0,0.2431,10289
0,0.2431,11254
0,0.2431,11420
0,0.2431,12297
0,0.2431,40390
0,0.2431,511881
0,0.2431,512825
0,0.2431,520115
0,0.2431,521240
0,0.2431,529516
0,0.2431,800847
0,0.2431,804001
0,0.2432,10637
0,0.2432,10847
0,0.2432,12318
0,0.2432,14716
0,0.2432,14756
0,0.2432,19283
0,0.2432,20818
0,0.2432,34187
0,0.2432,44005
0,0.2432,516643
0,0.2433,10781
0,0.2433,11302
0,0.2433,11712
0,0.2433,12054
0,0.2433,14997
0,0.2433,27983
0,0.2433,28093
0,0.2433,34576
0,0.2433,521745
0,0.2433,530449
0,0.2433,816113
0,0.2434,10414
0,0.2434,12283
0,0.2434,14387
0,0.2434,17454
0,0.2434,513146
0,0.2434,514324
0,0.2434,521815
0,0.2434,522410
0,0.2434,547701
0,0.2434,804500
0,0.2435,10027
0,0.2435,10306
0,0.2435,11445
0,0.2435,11846
0,0.2435,12159
0,0.2435,13007
0,0.2435,13258
0,0.2435,13305
0,0.2435,16600
0,0.2435,19616
0,0.2435,27296
0,0.2435,43732
0,0.2435,98544
0,0.2435,534301
0,0.2435,543989
0,0.2435,800589
0,0.2435,946767
0,0.2436,10515
0,0.2436,10537
0,0.2436,18437
0,0.2436,23273
0,0.2436,28791
0,0.2436,48335
0,0.2436,71877
0,0.2436,209688
0,0.2436,805532
0,0.2437,10088
0,0.2437,10097
0,0.2437,10099
0,0.2437,10138
0,0.2437,10886
0,0.2437,10969
0,0.2437,11896
0,0.2437,12815
0,0.2437,15412
0,0.2437,16026
0,0.2437,53086
0,0.2437,55527
0,0.2437,63122
0,0.2437,95057
0,0.2437,513463
0,0.2437,803982
0,0.2437,821892
0,0.2437,936810
0,0.2438,11764
0,0.2438,12553
0,0.2438,13872
0,0.2438,14207
0,0.2438,17835
0,0.2438,30807
0,0.2438,35109
0,0.2438,54104
0,0.2438,817453
0,0.2439,16579
0,0.2439,17508
0,0.2439,34949
0,0.2439,50965
0,0.2439,64874
0,0.2439,71157
0,0.2439,524429
0,0.2439,801257
0,0.2440,11312
0,0.2440,15094
0,0.2440,19215
0,0.2440,27179
0,0.2440,29379
0,0.2440,61311
0,0.2440,70126
0,0.2440,70539
0,0.2440,95462
0,0.2440,513033
0,0.2440,515048
0,0.2440,522789
0,0.2440,527048
0,0.2440,533618
0,0.2440,800910
0,0.2440,800976
0,0.2440,802652
0,0.2440,803014
0,0.2441,10137
0,0.2441,10932
0,0.2441,14664
0,0.2441,14705
0,0.2441,37142
0,0.2441,45969
0,0.2441,54246
0,0.2441,57522
0,0.2441,70325
0,0.2441,291345
0,0.2441,519144
0,0.2441,520817
0,0.2441,529125
0,0.2441,803440
0,0.2441,804958
0,0.2441,812884
0,0.2441,814115
0,0.2442,10531
0,0.2442,10553
0,0.2442,13158
0,0.2442,16493
0,0.2442,16517
0,0.2442,17901
0,0.2442,20418
0,0.2442,21353
0,0.2442,23854
0,0.2442,30933
0,0.2442,32258
0,0.2442,35196
0,0.2442,42483
0,0.2442,69319
0,0.2442,154544
0,0.2442,222777
0,0.2442,303314
0,0.2442,802461
0,0.2442,817565
0,0.2442,825184
0,0.2443,10564
0,0.2443,12060
0,0.2443,12067
0,0.2443,12411
0,0.2443,15114
0,0.2443,15612
0,0.2443,15891
0,0.2443,17799
0,0.2443,22276
0,0.2443,23325
0,0.2443,24701
0,0.2443,26417
0,0.2443,61398
0,0.2443,513646
0,0.2443,517548
0,0.2443,520034
0,0.2443,549024
0,0.2443,555342
0,0.2443,558854
0,0.2443,802615
0,0.2443,803599
0,0.2443,821729
0,0.2443,830766
0,0.2443,1050045395
0,0.2444,12454
0,0.2444,14434
0,0.2444,29918
0,0.2444,32161
0,0.2444,33224
0,0.2444,34265
0,0.2444,41801
0,0.2444,45722
0,0.2444,58730
0,0.2444,59776
0,0.2444,81228
0,0.2444,512947
0,0.2444,806281
0,0.2444,956305
0,0.2444,1137406009
0,0.2445,11893
0,0.2445,13217
0,0.2445,14686
0,0.2445,17554
0,0.2445,20185
0,0.2445,22521
0,0.2445,24511
0,0.2445,27614
0,0.2445,34683
0,0.2445,70651
0,0.2445,522746
0,0.2445,522753
0,0.2445,529603
0,0.2445,800022
0,0.2445,801479
0,0.2445,802392
0,0.2446,10494
0,0.2446,11252
0,0.2446,12108
0,0.2446,13307
0,0.2446,13460
0,0.2446,13877
0,0.2446,14881
0,0.2446,20144
0,0.2446,64180
0,0.2446,130279
0,0.2446,517722
0,0.2446,518604
0,0.2446,519132
0,0.2446,519866
0,0.2446,521763
0,0.2446,523600
0,0.2446,524136
0,0.2446,1050542828
0,0.2447,10479
0,0.2447,12506
0,0.2447,12811
0,0.2447,16175
0,0.2447,20072
0,0.2447,20468
0,0.2447,25773
0,0.2447,25936
0,0.2447,29806
0,0.2447,47922
0,0.2447,54602
0,0.2447,105709
0,0.2447,119860
0,0.2447,523379
0,0.2447,530435
0,0.2447,805244
0,0.2447,818370
0,0.2447,918582
0,0.2447,214700177
0,0.2447,1050443274
0,0.2448,10986
0,0.2448,11634
0,0.2448,13442
0,0.2448,14424
0,0.2448,14673
0,0.2448,14954
0,0.2448,17325
0,0.2448,17402
0,0.2448,19036
0,0.2448,19334
0,0.2448,29021
0,0.2448,29419
0,0.2448,30981
0,0.2448,33050
0,0.2448,68658
0,0.2448,70337
0,0.2448,529498
0,0.2448,800890
0,0.2448,801895
0,0.2448,834861
0,0.2449,11008
0,0.2449,11200
0,0.2449,11947
0,0.2449,12104
0,0.2449,12125
0,0.2449,12252
0,0.2449,12943
0,0.2449,17244
0,0.2449,20402
0,0.2449,28633
0,0.2449,42095
0,0.2449,61921
0,0.2449,142743
0,0.2449,518220
0,0.2449,520646
0,0.2449,522828
0,0.2449,827678
0,0.2449,829341
0,0.2450,10072
0,0.2450,11375
0,0.2450,11603
0,0.2450,12395
0,0.2450,23601
0,0.2450,26211
0,0.2450,50424
0,0.2450,99882
0,0.2450,168492
0,0.2450,512513
0,0.2450,512928
0,0.2450,514547
0,0.2450,523786
0,0.2450,529512
0,0.2450,800718
0,0.2450,820323
0,0.2451,10119
0,0.2451,12065
0,0.2451,14611
0,0.2451,14727
0,0.2451,15616
0,0.2451,15635
0,0.2451,17180
0,0.2451,18156
0,0.2451,19767
0,0.2451,19921
0,0.2451,25045
0,0.2451,29135
0,0.2451,41640
0,0.2451,44648
0,0.2451,64607
0,0.2451,327169
0,0.2451,512859
0,0.2451,513378
0,0.2451,522762
0,0.2451,526612
0,0.2451,555176
0,0.2451,802958
0,0.2451,818370
0,0.2452,10187
0,0.2452,12091
0,0.2452,14294
0,0.2452,14428
0,0.2452,15713
0,0.2452,17276
0,0.2452,18044
0,0.2452,18165
0,0.2452,18790
0,0.2452,18953
0,0.2452,19376
0,0.2452,23826
0,0.2452,38706
0,0.2452,47438
0,0.2452,513284
0,0.2452,517512
0,0.2452,534361
0,0.2452,561653
0,0.2452,800455
0,0.2452,800621
0,0.2452,801415
0,0.2452,808183
0,0.2452,816439
0,0.2453,10704
0,0.2453,11402
0,0.2453,48125
0,0.2453,70088
0,0.2453,511823
0,0.2453,512095
0,0.2453,514546
0,0.2453,517202
0,0.2453,519046
0,0.2453,519399
0,0.2453,520016
0,0.2453,523550
0,0.2453,523863
0,0.2453,817218
0,0.2453,827678
0,0.2453,105856729
0,0.2453,761298433
0,0.2454,10122
0,0.2454,14428
0,0.2454,14463
0,0.2454,15361
0,0.2454,15997
0,0.2454,18980
0,0.2454,21277
0,0.2454,25330
0,0.2454,38085
0,0.2454,40300
0,0.2454,58517
0,0.2454,515933
0,0.2454,521701
0,0.2454,522815
0,0.2454,800554
0,0.2454,801855
0,0.2454,804557
0,0.2455,10120
0,0.2455,10242
0,0.2455,10282
0,0.2455,10917
0,0.2455,12809
0,0.2455,12923
0,0.2455,16862
0,0.2455,18730
0,0.2455,18749
0,0.2455,18838
0,0.2455,21904
0,0.2455,35532
0,0.2455,45340
0,0.2455,56362
0,0.2455,81710
0,0.2455,512328
0,0.2455,524361
0,0.2455,555344
0,0.2455,802544
0,0.2455,817974
0,0.2455,822728
0,0.2456,10040
0,0.2456,46200
0,0.2456,142802
0,0.2456,514997
0,0.2456,516072
0,0.2456,518513
0,0.2456,807924
0,0.2456,903330
0,0.2457,10421
0,0.2457,10692
0,0.2457,11271
0,0.2457,11874
0,0.2457,11902
0,0.2457,12750
0,0.2457,13800
0,0.2457,14640
0,0.2457,22084
0,0.2457,38272
0,0.2457,94555
0,0.2457,101652
0,0.2457,287884
0,0.2457,524717
0,0.2457,524894
0,0.2457,814430
0,0.2457,828126
0,0.2457,828718
0,0.2457,902483
0,0.2457,904915
0,0.2458,10108
0,0.2458,11263
0,0.2458,11795
0,0.2458,12796
0,0.2458,22240
0,0.2458,44313
0,0.2458,76219
0,0.2458,522761
0,0.2458,525354
0,0.2458,817089
0,0.2458,828126
0,0.2459,10514
0,0.2459,11772
0,0.2459,16087
0,0.2459,16617
0,0.2459,17825
0,0.2459,138056
0,0.2459,219189
0,0.2459,258819
0,0.2459,531708
0,0.2460,10061
0,0.2460,10539
0,0.2460,12006
0,0.2460,14223
0,0.2460,16554
0,0.2460,16910
0,0.2460,17105
0,0.2460,20715
0,0.2460,36812
0,0.2460,512305
0,0.2460,519365
0,0.2460,524655
0,0.2460,800845
0,0.2460,800925
0,0.2460,820943
0,0.2461,10299
0,0.2461,10376
0,0.2461,11856
0,0.2461,14871
0,0.2461,15362
0,0.2461,15905
0,0.2461,20620
0,0.2461,21692
0,0.2461,22852
0,0.2461,39753
0,0.2461,40768
0,0.2461,521662
0,0.2461,530880
0,0.2461,559335
0,0.2461,815281
0,0.2462,10241
0,0.2462,10286
0,0.2462,10404
0,0.2462,11053
0,0.2462,18601
0,0.2462,25939
0,0.2462,32393
0,0.2462,36524
0,0.2462,46073
0,0.2462,515675
0,0.2462,520789
0,0.2462,521241
0,0.2462,521409
0,0.2462,522465
0,0.2462,803077
0,0.2462,118002941
0,0.2463,10698
0,0.2463,14011
0,0.2463,16879
0,0.2463,21637
0,0.2463,26557
0,0.2463,814353
0,0.2463,821058
0,0.2463,933157
0,0.2463,155143464
0,0.2464,10224
0,0.2464,14182
0,0.2464,14772
0,0.2464,15360
0,0.2464,15576
0,0.2464,15782
0,0.2464,19498
0,0.2464,41913
0,0.2464,45024
0,0.2464,102545
0,0.2464,174420
0,0.2464,512307
0,0.2464,543158
0,0.2464,556346
0,0.2464,800618
0,0.2464,800724
0,0.2464,803048
0,0.2464,353379798
0,0.2465,10673
0,0.2465,11604
0,0.2465,14137
0,0.2465,14328
0,0.2465,14559
0,0.2465,16907
0,0.2465,24246
0,0.2465,26284
0,0.2465,33549
0,0.2465,63798
0,0.2465,63923
0,0.2465,67864
0,0.2465,104220
0,0.2465,126216
0,0.2465,514195
0,0.2465,514596
0,0.2465,517256
0,0.2465,519000
0,0.2465,520863
0,0.2465,522706
0,0.2465,556539
0,0.2465,800056
0,0.2465,800827
0,0.2465,820943
0,0.2466,11021
0,0.2466,11568
0,0.2466,13456
0,0.2466,14912
0,0.2466,15382
0,0.2466,16794
0,0.2466,18595
0,0.2466,26718
0,0.2466,59387
0,0.2466,61273
0,0.2466,521203
0,0.2466,523684
0,0.2466,811623
0,0.2466,903642
0,0.2466,936838
0,0.2467,10336
0,0.2467,12802
0,0.2467,13551
0,0.2467,15212
0,0.2467,20087
0,0.2467,24050
0,0.2467,30313
0,0.2467,30537
0,0.2467,515950
0,0.2467,520210
0,0.2467,521813
0,0.2467,555238
0,0.2467,800134
0,0.2467,801658
0,0.2467,802174
0,0.2467,903450
0,0.2468,10497
0,0.2468,10887
0,0.2468,12651
0,0.2468,12777
0,0.2468,13760
0,0.2468,16612
0,0.2468,17086
0,0.2468,17175
0,0.2468,17981
0,0.2468,19760
0,0.2468,32475
0,0.2468,33775
0,0.2468,57240
0,0.2468,81741
0,0.2468,92871
0,0.2468,114715
0,0.2468,512460
0,0.2468,514405
0,0.2468,518194
0,0.2468,520812
0,0.2468,522841
0,0.2468,524167
0,0.2468,529489
0,0.2468,801861
0,0.2468,810169
0,0.2468,811623
0,0.2468,936524
0,0.2468,199328457
0,0.2469,11311
0,0.2469,12455
0,0.2469,12716
0,0.2469,13860
0,0.2469,18391
0,0.2469,22185
0,0.2469,25723
0,0.2469,49630
0,0.2469,71547
0,0.2469,514045
0,0.2469,520581
0,0.2469,532909
0,0.2469,817089
0,0.2469,106822444
0,0.2470,10035
0,0.2470,10251
0,0.2470,10466
0,0.2470,11373
0,0.2470,14093
0,0.2470,15051
0,0.2470,20831
0,0.2470,39253
0,0.2470,85527
0,0.2470,511828
0,0.2470,515072
0,0.2470,559554
0,0.2470,800505
0,0.2470,814323
0,0.2470,936713
0,0.2471,10150
0,0.2471,10319
0,0.2471,10368
0,0.2471,10447
0,0.2471,10855
0,0.2471,11199
0,0.2471,11723
0,0.2471,12398
0,0.2471,17131
0,0.2471,18343
0,0.2471,18504
0,0.2471,18911
0,0.2471,24146
0,0.2471,25684
0,0.2471,49693
0,0.2471,55656
0,0.2471,58834
0,0.2471,84758
0,0.2471,94433
0,0.2471,513968
0,0.2471,515460
0,0.2471,519616
0,0.2471,520155
0,0.2471,525066
0,0.2471,535347
0,0.2471,574147
0,0.2472,10041
0,0.2472,10114
0,0.2472,10172
0,0.2472,11458
0,0.2472,13151
0,0.2472,15176
0,0.2472,18185
0,0.2472,18508
0,0.2472,18743
0,0.2472,19218
0,0.2472,21609
0,0.2472,22641
0,0.2472,38268
0,0.2472,88318
0,0.2472,512795
0,0.2472,521406
0,0.2472,522822
0,0.2472,530151
0,0.2472,800376
0,0.2472,801295
0,0.2473,10428
0,0.2473,11131
0,0.2473,11419
0,0.2473,11710
0,0.2473,13317
0,0.2473,22120
0,0.2473,29116
0,0.2473,40046
0,0.2473,56017
0,0.2473,512927
0,0.2473,514988
0,0.2473,519131
0,0.2473,519818
0,0.2473,524073
0,0.2473,820943
0,0.2474,10051
0,0.2474,10099
0,0.2474,10110
0,0.2474,10185
0,0.2474,11324
0,0.2474,11416
0,0.2474,11614
0,0.2474,15458
0,0.2474,16642
0,0.2474,17691
0,0.2474,19189
0,0.2474,50575
0,0.2474,71649
0,0.2474,139178
0,0.2474,512236
0,0.2474,514410
0,0.2474,523675
0,0.2474,537027
0,0.2474,800412
0,0.2474,806302
0,0.2474,936713
0,0.2474,954981
0,0.2475,10967
0,0.2475,12358
0,0.2475,14736
0,0.2475,15680
0,0.2475,16781
0,0.2475,18125
0,0.2475,23619
0,0.2475,27302
0,0.2475,27596
0,0.2475,36459
0,0.2475,65472
0,0.2475,85395
0,0.2475,100809
0,0.2475,819656
0,0.2475,821892
0,0.2475,823869
0,0.2475,932796
0,0.2476,10168
0,0.2476,10969
0,0.2476,13229
0,0.2476,16978
0,0.2476,17878
0,0.2476,18678
0,0.2476,18779
0,0.2476,19720
0,0.2476,19902
0,0.2476,58394
0,0.2476,76194
0,0.2476,511975
0,0.2476,520119
0,0.2476,523060
0,0.2476,529129
0,0.2476,803013
0,0.2476,900035
0,0.2476,353379798
0,0.2477,12388
0,0.2477,14863
0,0.2477,15290
0,0.2477,15534
0,0.2477,19615
0,0.2477,21932
0,0.2477,25709
0,0.2477,28123
0,0.2477,31839
0,0.2477,41887
0,0.2477,54246
0,0.2477,517913
0,0.2477,519140
0,0.2477,519840
0,0.2477,537032
0,0.2477,555340
0,0.2477,556347
0,0.2477,800378
0,0.2477,805227
0,0.2477,903727
0,0.2478,10959
0,0.2478,11903
0,0.2478,13517
0,0.2478,14255
0,0.2478,14542
0,0.2478,14552
0,0.2478,16522
0,0.2478,16687
0,0.2478,18278
0,0.2478,23325
0,0.2478,24382
0,0.2478,35743
0,0.2478,54011
0,0.2478,90835
0,0.2478,521814
0,0.2478,523776
0,0.2478,529519
0,0.2478,802223
0,0.2478,956323
0,0.2478,118002941
0,0.2479,10614
0,0.2479,12900
0,0.2479,16311
0,0.2479,16360
0,0.2479,24227
0,0.2479,29713
0,0.2479,68889
0,0.2479,522352
0,0.2479,555713
0,0.2479,801841
0,0.2479,813291
0,0.2479,864655
0,0.2480,10018
0,0.2480,12564
0,0.2480,12872
0,0.2480,13018
0,0.2480,15495
0,0.2480,16210
0,0.2480,16274
0,0.2480,16708
0,0.2480,23602
0,0.2480,24232
0,0.2480,24683
0,0.2480,35372
0,0.2480,48491
0,0.2480,49464
0,0.2480,64301
0,0.2480,78573
0,0.2480,80867
0,0.2480,235061
0,0.2480,511857
0,0.2480,524761
0,0.2480,555342
0,0.2480,803561
0,0.2480,811623
0,0.2480,820146
0,0.2480,827502
0,0.2481,10272
0,0.2481,10385
0,0.2481,10691
0,0.2481,11674
0,0.2481,11989
0,0.2481,12506
0,0.2481,13228
0,0.2481,13607
0,0.2481,14497
0,0.2481,14892
0,0.2481,16198
0,0.2481,16473
0,0.2481,16706
0,0.2481,18932
0,0.2481,20818
0,0.2481,22870
0,0.2481,22884
0,0.2481,27296
0,0.2481,35503
0,0.2481,55269
0,0.2481,178990
0,0.2481,294178
0,0.2481,512273
0,0.2481,518309
0,0.2481,800212
0,0.2481,821201
0,0.2481,823869
0,0.2481,848264
0,0.2482,10468
0,0.2482,10868
0,0.2482,14023
0,0.2482,22463
0,0.2482,33053
0,0.2482,44008
0,0.2482,48914
0,0.2482,123858
0,0.2482,215209
0,0.2482,513283
0,0.2482,521236
0,0.2482,549229
0,0.2482,800719
0,0.2482,817565
0,0.2482,820943
0,0.2482,932322
0,0.2482,912111327
0,0.2483,10044
0,0.2483,10479
0,0.2483,11326
0,0.2483,11338
0,0.2483,11750
0,0.2483,13363
0,0.2483,14482
0,0.2483,18778
0,0.2483,25236
0,0.2483,38835
0,0.2483,383941
0,0.2483,519363
0,0.2483,519722
0,0.2483,520817
0,0.2483,524074
0,0.2483,802558
0,0.2483,808519
0,0.2483,817974
0,0.2483,823205
0,0.2484,11025
0,0.2484,11307
0,0.2484,11371
0,0.2484,11806
0,0.2484,12646
0,0.2484,14330
0,0.2484,16008
0,0.2484,19999
0,0.2484,23281
0,0.2484,29207
0,0.2484,36704
0,0.2484,51159
0,0.2484,57935
0,0.2484,519328
0,0.2484,815205
0,0.2484,820191
0,0.2484,820943
0,0.2484,822772
0,0.2484,140334446
0,0.2485,11896
0,0.2485,12590
0,0.2485,13115
0,0.2485,13403
0,0.2485,13698
0,0.2485,18419
0,0.2485,19290
0,0.2485,23273
0,0.2485,25792
0,0.2485,28791
0,0.2485,53086
0,0.2485,105436
0,0.2485,522734
0,0.2485,522992
0,0.2485,527653
0,0.2485,529385
0,0.2485,802955
0,0.2485,903425
0,0.2485,907256
0,0.2486,10136
0,0.2486,10707
0,0.2486,10777
0,0.2486,12606
0,0.2486,13585
0,0.2486,14224
0,0.2486,16540
0,0.2486,17454
0,0.2486,25103
0,0.2486,28469
0,0.2486,33213
0,0.2486,60774
0,0.2486,1053174360
0,0.2487,10222
0,0.2487,10285
0,0.2487,10353
0,0.2487,10394
0,0.2487,10624
0,0.2487,10817
0,0.2487,11103
0,0.2487,12319
0,0.2487,12907
0,0.2487,13559
0,0.2487,13707
0,0.2487,16093
0,0.2487,18585
0,0.2487,24136
0,0.2487,30310
0,0.2487,31408
0,0.2487,102359
0,0.2487,195264
0,0.2487,200001
0,0.2487,219189
0,0.2487,517763
0,0.2487,520087
0,0.2487,527318
0,0.2487,800809
0,0.2487,801189
0,0.2487,802793
0,0.2487,106822444
0,0.2488,11665
0,0.2488,12472
0,0.2488,13985
0,0.2488,17931
0,0.2488,28633
0,0.2488,36295
0,0.2488,519332
0,0.2488,523816
0,0.2488,527350
0,0.2488,531829
0,0.2488,800262
0,0.2488,869499
0,0.2488,946767
0,0.2488,956328
0,0.2489,11061
0,0.2489,12654
0,0.2489,13258
0,0.2489,15024
0,0.2489,15484
0,0.2489,16180
0,0.2489,20007
0,0.2489,21449
0,0.2489,25184
0,0.2489,50444
0,0.2489,55527
0,0.2489,519331
0,0.2489,520182
0,0.2489,820434
0,0.2489,952874
0,0.2490,10513
0,0.2490,10669
0,0.2490,10807
0,0.2490,10950
0,0.2490,11188
0,0.2490,11327
0,0.2490,13984
0,0.2490,14509
0,0.2490,14766
0,0.2490,15237
0,0.2490,18491
0,0.2490,18744
0,0.2490,19982
0,0.2490,58331
0,0.2490,58481
0,0.2490,62156
0,0.2490,71611
0,0.2490,131748
0,0.2490,512793
0,0.2490,524610
0,0.2490,530449
0,0.2490,555259
0,0.2490,557861
0,0.2490,805363
0,0.2490,806141
0,0.2490,817218
0,0.2490,902553
0,0.2491,10599
0,0.2491,10830
0,0.2491,12183
0,0.2491,13586
0,0.2491,14289
0,0.2491,16139
0,0.2491,16641
0,0.2491,19825
0,0.2491,30930
0,0.2491,42483
0,0.2491,512858
0,0.2491,519347
0,0.2491,523349
0,0.2491,525062
0,0.2491,553194
0,0.2491,826503
0,0.2491,952874
0,0.2491,353379798
0,0.2492,10292
0,0.2492,11436
0,0.2492,12176
0,0.2492,12343
0,0.2492,15398
0,0.2492,15436
0,0.2492,15496
0,0.2492,17726
0,0.2492,21296
0,0.2492,27191
0,0.2492,27737
0,0.2492,29340
0,0.2492,30331
0,0.2492,44816
0,0.2492,74551
0,0.2492,515547
0,0.2492,521126
0,0.2492,524755
0,0.2492,529318
0,0.2492,559141
0,0.2492,800783
0,0.2493,10564
0,0.2493,10776
0,0.2493,11455
0,0.2493,11688
0,0.2493,11977
0,0.2493,12762
0,0.2493,13371
0,0.2493,14507
0,0.2493,15163
0,0.2493,15514
0,0.2493,15839
0,0.2493,15904
0,0.2493,18054
0,0.2493,18109
0,0.2493,18823
0,0.2493,19255
0,0.2493,23167
0,0.2493,30807
0,0.2493,34949
0,0.2493,59198
0,0.2493,61079
0,0.2493,121578
0,0.2493,434891
0,0.2493,512750
0,0.2493,519720
0,0.2493,521075
0,0.2493,524156
0,0.2493,529411
0,0.2493,800181
0,0.2493,803440
0,0.2493,810586
0,0.2493,817096
0,0.2493,911639
0,0.2493,928701
0,0.2494,11038
0,0.2494,12151
0,0.2494,13033
0,0.2494,13078
0,0.2494,16636
0,0.2494,17930
0,0.2494,28674
0,0.2494,33307
0,0.2494,36374
0,0.2494,42059
0,0.2494,42241
0,0.2494,55630
0,0.2494,131313
0,0.2494,513463
0,0.2494,523043
0,0.2494,801507
0,0.2494,802307
0,0.2494,864655
0,0.2494,932321
0,0.2494,954670
0,0.2495,10202
0,0.2495,10371
0,0.2495,10537
0,0.2495,10914
0,0.2495,11363
0,0.2495,12228
0,0.2495,12605
0,0.2495,13428
0,0.2495,13442
0,0.2495,14434
0,0.2495,16110
0,0.2495,21496
0,0.2495,37265
0,0.2495,40888
0,0.2495,42997
0,0.2495,69544
0,0.2495,512514
0,0.2495,513464
0,0.2495,520393
0,0.2496,10356
0,0.2496,10553
0,0.2496,10844
0,0.2496,11032
0,0.2496,15351
0,0.2496,15824
0,0.2496,16127
0,0.2496,18704
0,0.2496,20664
0,0.2496,25780
0,0.2496,27308
0,0.2496,71503
0,0.2496,364582
0,0.2496,512581
0,0.2496,513405
0,0.2496,514125
0,0.2496,522974
0,0.2496,555498
0,0.2497,10462
0,0.2497,11201
0,0.2497,12635
0,0.2497,13537
0,0.2497,14276
0,0.2497,15399
0,0.2497,17379
0,0.2497,17408
0,0.2497,20774
0,0.2497,22122
0,0.2497,23703
0,0.2497,26417
0,0.2497,26741
0,0.2497,32258
0,0.2497,37142
0,0.2497,39413
0,0.2497,40390
0,0.2497,54440
0,0.2497,98544
0,0.2497,513146
0,0.2497,517548
0,0.2497,521059
0,0.2497,521536
0,0.2497,801970
0,0.2497,804180
0,0.2497,804195
0,0.2498,11318
0,0.2498,11607
0,0.2498,11618
0,0.2498,12054
0,0.2498,12104
0,0.2498,12401
0,0.2498,14206
0,0.2498,14881
0,0.2498,15117
0,0.2498,16493
0,0.2498,24016
0,0.2498,63124
0,0.2498,165035
0,0.2498,169003
0,0.2498,511778
0,0.2498,515961
0,0.2498,517852
0,0.2498,519132
0,0.2498,522738
0,0.2498,543506
0,0.2498,801077
0,0.2498,802405
0,0.2498,809980
0,0.2499,10243
0,0.2499,10820
0,0.2499,11166
0,0.2499,12500
0,0.2499,13013
0,0.2499,14989
0,0.2499,15001
0,0.2499,15110
0,0.2499,16553
0,0.2499,25797
0,0.2499,27372
0,0.2499,39026
0,0.2499,55258
0,0.2499,107195
0,0.2499,441056
0,0.2499,511882
0,0.2499,512513
0,0.2499,514277
0,0.2499,519865
0,0.2499,520337
0,0.2499,520642
0,0.2499,523547
0,0.2499,524949
0,0.2499,526298
0,0.2499,802368
0,0.2499,803033
0,0.2499,806355
0,0.2499,908745
0,0.2499,1111554233
0,0.2500,10092
0,0.2500,10965
0,0.2500,11184
0,0.2500,13168
0,0.2500,13217
0,0.2500,14997
0,0.2500,17369
0,0.2500,19089
0,0.2500,31324
0,0.2500,37859
0,0.2500,46358
0,0.2500,92188
0,0.2500,104187
0,0.2500,805489
0,0.2500,831621
0,0.2501,10165
0,0.2501,10399
0,0.2501,10692
0,0.2501,11030
0,0.2501,11280
0,0.2501,11503
0,0.2501,11699
0,0.2501,12318
0,0.2501,12730
0,0.2501,14259
0,0.2501,14619
0,0.2501,14733
0,0.2501,16309
0,0.2501,16380
0,0.2501,18204
0,0.2501,19274
0,0.2501,23601
0,0.2501,40396
0,0.2501,47107
0,0.2501,63027
0,0.2501,515760
0,0.2501,520390
0,0.2501,864655
0,0.2501,903732
0,0.2502,10847
0,0.2502,11466
0,0.2502,13640
0,0.2502,14223
0,0.2502,17156
0,0.2502,27725
0,0.2502,31735
0,0.2502,37921
0,0.2502,37997
0,0.2502,40385
0,0.2502,97678
0,0.2502,511841
0,0.2502,512077
0,0.2502,512662
0,0.2502,515294
0,0.2502,519944
0,0.2502,527525
0,0.2502,800856
0,0.2502,802181
0,0.2502,803052
0,0.2502,803860
0,0.2502,812134
0,0.2502,829714
0,0.2502,830766
0,0.2503,10060
0,0.2503,10566
0,0.2503,10638
0,0.2503,11200
0,0.2503,11303
0,0.2503,12685
0,0.2503,13121
0,0.2503,13613
0,0.2503,13932
0,0.2503,22240
0,0.2503,25312
0,0.2503,30108
0,0.2503,45969
0,0.2503,520338
0,0.2503,800987
0,0.2503,801998
0,0.2503,806061
0,0.2503,814353
0,0.2503,761298433
0,0.2504,10184
0,0.2504,10604
0,0.2504,11161
0,0.2504,11253
0,0.2504,12194
0,0.2504,15837
0,0.2504,17685
0,0.2504,18568
0,0.2504,19239
0,0.2504,24866
0,0.2504,40846
0,0.2504,50228
0,0.2504,60466
0,0.2504,71209
0,0.2504,522715
0,0.2504,523626
0,0.2504,527599
0,0.2504,802139
0,0.2504,809401
0,0.2504,817047
0,0.2505,10879
0,0.2505,11255
0,0.2505,12155
0,0.2505,13947
0,0.2505,14464
0,0.2505,15332
0,0.2505,18437
0,0.2505,21719
0,0.2505,31681
0,0.2505,39368
0,0.2505,44903
0,0.2505,46687
0,0.2505,48638
0,0.2505,137497
0,0.2505,327169
0,0.2505,512319
0,0.2505,512390
0,0.2505,513284
0,0.2505,519705
0,0.2505,522354
0,0.2505,800504
0,0.2505,802164
0,0.2506,10097
0,0.2506,10555
0,0.2506,11883
0,0.2506,11900
0,0.2506,14871
0,0.2506,14918
0,0.2506,15674
0,0.2506,17024
0,0.2506,17419
0,0.2506,20755
0,0.2506,23500
0,0.2506,26137
0,0.2506,29799
0,0.2506,30371
0,0.2506,42191
0,0.2506,516110
0,0.2506,533103
0,0.2506,822728
0,0.2506,823205
0,0.2507,10138
0,0.2507,10290
0,0.2507,10898
0,0.2507,12844
0,0.2507,13179
0,0.2507,15616
0,0.2507,16579
0,0.2507,16951
0,0.2507,19341
0,0.2507,21145
0,0.2507,21191
0,0.2507,22799
0,0.2507,27179
0,0.2507,39095
0,0.2507,40213
0,0.2507,154759
0,0.2507,512928
0,0.2507,515574
0,0.2507,520888
0,0.2507,523786
0,0.2507,523807
0,0.2507,800258
0,0.2507,802296
0,0.2507,822772
0,0.2507,955284
0,0.2508,10080
0,0.2508,10099
0,0.2508,10719
0,0.2508,12001
0,0.2508,12561
0,0.2508,13969
0,0.2508,14727
0,0.2508,16506
0,0.2508,19158
0,0.2508,25359
0,0.2508,28622
0,0.2508,30801
0,0.2508,38454
0,0.2508,42226
0,0.2508,58532
0,0.2508,392714
0,0.2508,514605
0,0.2508,521092
0,0.2508,521928
0,0.2508,524512
0,0.2508,529803
0,0.2508,537899
0,0.2508,801143
0,0.2508,808456
0,0.2508,818085
0,0.2508,936810
0,0.2509,14765
0,0.2509,19452
0,0.2509,21174
0,0.2509,25939
0,0.2509,26601
0,0.2509,60685
0,0.2509,96692
0,0.2509,441056
0,0.2509,511844
0,0.2509,517512
0,0.2509,520367
0,0.2509,521675
0,0.2509,529207
0,0.2509,529603
0,0.2509,907803
0,0.2510,10011
0,0.2510,10816
0,0.2510,15451
0,0.2510,26485
0,0.2510,57577
0,0.2510,61398
0,0.2510,61896
0,0.2510,83621
0,0.2510,94239
0,0.2510,123422
0,0.2510,138585
0,0.2510,517059
0,0.2510,517257
0,0.2510,517602
0,0.2510,519862
0,0.2510,525441
0,0.2510,556286
0,0.2510,800910
0,0.2510,804530
0,0.2510,817047
0,0.2511,12720
0,0.2511,12900
0,0.2511,13101
0,0.2511,13167
0,0.2511,20272
0,0.2511,23826
0,0.2511,29458
0,0.2511,30039
0,0.2511,38657
0,0.2511,58730
0,0.2511,94391
0,0.2511,144334
0,0.2511,512927
0,0.2511,513630
0,0.2511,518604
0,0.2511,803589
0,0.2511,820943
0,0.2511,830295
0,0.2512,11768
0,0.2512,12368
0,0.2512,12405
0,0.2512,12532
0,0.2512,12817
0,0.2512,13406
0,0.2512,13768
0,0.2512,13877
0,0.2512,14387
0,0.2512,15325
0,0.2512,17173
0,0.2512,21263
0,0.2512,21731
0,0.2512,25773
0,0.2512,30498
0,0.2512,42509
0,0.2512,81159
0,0.2512,123633
0,0.2512,219710
0,0.2512,523806
0,0.2512,542056
0,0.2512,800126
0,0.2512,800158
0,0.2512,815064
0,0.2512,817565
0,0.2512,849272
0,0.2512,908747
0,0.2512,932684
0,0.2513,10187
0,0.2513,10269
0,0.2513,10295
0,0.2513,10677
0,0.2513,11125
0,0.2513,11623
0,0.2513,12742
0,0.2513,13595
0,0.2513,15713
0,0.2513,24634
0,0.2513,24708
0,0.2513,31070
0,0.2513,36730
0,0.2513,38706
0,0.2513,39813
0,0.2513,41598
0,0.2513,49869
0,0.2513,54011
0,0.2513,54462
0,0.2513,64180
0,0.2513,73397
0,0.2513,518690
0,0.2513,521087
0,0.2513,524902
0,0.2513,800093
0,0.2513,804778
0,0.2513,805092
0,0.2513,806730
0,0.2513,821754
0,0.2513,873387
0,0.2514,10378
0,0.2514,10802
0,0.2514,11070
0,0.2514,11341
0,0.2514,11497
0,0.2514,11785
0,0.2514,11796
0,0.2514,11849
0,0.2514,14643
0,0.2514,16275
0,0.2514,18504
0,0.2514,32315
0,0.2514,35978
0,0.2514,50952
0,0.2514,54597
0,0.2514,79759
0,0.2514,114858
0,0.2514,152496
0,0.2514,353032
0,0.2514,511881
0,0.2514,515933
0,0.2514,527048
0,0.2514,809320
0,0.2514,819096
0,0.2514,903450
0,0.2514,199328457
0,0.2515,10175
0,0.2515,10332
0,0.2515,10825
0,0.2515,11402
0,0.2515,12506
0,0.2515,12809
0,0.2515,14029
0,0.2515,16794
0,0.2515,19616
0,0.2515,20185
0,0.2515,23513
0,0.2515,25045
0,0.2515,26322
0,0.2515,27615
0,0.2515,28010
0,0.2515,30716
0,0.2515,32854
0,0.2515,34466
0,0.2515,34680
0,0.2515,44630
0,0.2515,46409
0,0.2515,47257
0,0.2515,76899
0,0.2515,289948
0,0.2515,520817
0,0.2515,536208
0,0.2515,574357
0,0.2515,809979
0,0.2515,956305
0,0.2516,10370
0,0.2516,10969
0,0.2516,11021
0,0.2516,11915
0,0.2516,13007
0,0.2516,14093
0,0.2516,14194
0,0.2516,14566
0,0.2516,15244
0,0.2516,15955
0,0.2516,17177
0,0.2516,19618
0,0.2516,29205
0,0.2516,30401
0,0.2516,34187
0,0.2516,36384
0,0.2516,40289
0,0.2516,70298
0,0.2516,76635
0,0.2516,88342
0,0.2516,97863
0,0.2516,173968
0,0.2516,520790
0,0.2516,531768
0,0.2516,800070
0,0.2516,800638
0,0.2516,813104
0,0.2516,817453
0,0.2517,10100
0,0.2517,10120
0,0.2517,12732
0,0.2517,13058
0,0.2517,13397
0,0.2517,15176
0,0.2517,16274
0,0.2517,30477
0,0.2517,33075
0,0.2517,45311
0,0.2517,70924
0,0.2517,76486
0,0.2517,90051
0,0.2517,154359
0,0.2517,164031
0,0.2517,327169
0,0.2517,514483
0,0.2517,518194
0,0.2517,524432
0,0.2517,824830
0,0.2517,956310
0,0.2518,10497
0,0.2518,12298
0,0.2518,12510
0,0.2518,13158
0,0.2518,13305
0,0.2518,21692
0,0.2518,30446
0,0.2518,35532
0,0.2518,49947
0,0.2518,519296
0,0.2518,520115
0,0.2518,524733
0,0.2518,801258
0,0.2518,801503
0,0.2518,801783
0,0.2518,802371
0,0.2519,10432
0,0.2519,12060
0,0.2519,12109
0,0.2519,12181
0,0.2519,15535
0,0.2519,17554
0,0.2519,18181
0,0.2519,22006
0,0.2519,31923
0,0.2519,49262
0,0.2519,511823
0,0.2519,514405
0,0.2519,514997
0,0.2519,519144
0,0.2519,524655
0,0.2519,524717
0,0.2519,527409
0,0.2519,531647
0,0.2519,532715
0,0.2519,808183
0,0.2519,813076
0,0.2519,905303
0,0.2520,10226
0,0.2520,10323
0,0.2520,10704
0,0.2520,12259
0,0.2520,12503
0,0.2520,16026
0,0.2520,18156
0,0.2520,20077
0,0.2520,38338
0,0.2520,45427
0,0.2520,45839
0,0.2520,87111
0,0.2520,353032
0,0.2520,511839
0,0.2520,800062
0,0.2520,800676
0,0.2520,805532
0,0.2520,807167
0,0.2520,821201
0,0.2521,10041
0,0.2521,11221
0,0.2521,11654
0,0.2521,14820
0,0.2521,15310
0,0.2521,25328
0,0.2521,25970
0,0.2521,26987
0,0.2521,39503
0,0.2521,222154
0,0.2521,512911
0,0.2521,520820
0,0.2521,526612
0,0.2521,800048
0,0.2521,800851
0,0.2521,817089
0,0.2521,821754
0,0.2521,916091
0,0.2522,10285
0,0.2522,11495
0,0.2522,12105
0,0.2522,12811
0,0.2522,13317
0,0.2522,14061
0,0.2522,18940
0,0.2522,19594
0,0.2522,21252
0,0.2522,22405
0,0.2522,34392
0,0.2522,199633
0,0.2522,512314
0,0.2522,514045
0,0.2522,521747
0,0.2522,529519
0,0.2522,801467
0,0.2522,805491
0,0.2522,903643
0,0.2522,1050014552
0,0.2523,11874
0,0.2523,12067
0,0.2523,14011
0,0.2523,16781
0,0.2523,17938
0,0.2523,42700
0,0.2523,48301
0,0.2523,72491
0,0.2523,104220
0,0.2523,513033
0,0.2523,513174
0,0.2523,519616
0,0.2523,808217
0,0.2523,818961
0,0.2523,905385
0,0.2524,10072
0,0.2524,10687
0,0.2524,12135
0,0.2524,12355
0,0.2524,13751
0,0.2524,17272
0,0.2524,19189
0,0.2524,23009
0,0.2524,23325
0,0.2524,30743
0,0.2524,53290
0,0.2524,109837
0,0.2524,116555
0,0.2524,127571
0,0.2524,514180
0,0.2524,519443
0,0.2524,801816
0,0.2524,803929
0,0.2524,808829
0,0.2524,817565
0,0.2525,10294
0,0.2525,10593
0,0.2525,11671
0,0.2525,12327
0,0.2525,12345
0,0.2525,12358
0,0.2525,17903
0,0.2525,18932
0,0.2525,19760
0,0.2525,20818
0,0.2525,30233
0,0.2525,98157
0,0.2525,806094
0,0.2525,815064
0,0.2526,10949
0,0.2526,11532
0,0.2526,11921
0,0.2526,12686
0,0.2526,14207
0,0.2526,26402
0,0.2526,105998
0,0.2526,529520
0,0.2526,800305
0,0.2526,822772
0,0.2526,903280
0,0.2527,10488
0,0.2527,10974
0,0.2527,11142
0,0.2527,12902
0,0.2527,15829
0,0.2527,16254
0,0.2527,19696
0,0.2527,29535
0,0.2527,39608
0,0.2527,222611
0,0.2527,512608
0,0.2527,513283
0,0.2527,519365
0,0.2527,530880
0,0.2527,556038
0,0.2527,800317
0,0.2527,800724
0,0.2527,802051
0,0.2527,803804
0,0.2527,817096
0,0.2528,10109
0,0.2528,10663
0,0.2528,11170
0,0.2528,11701
0,0.2528,15890
0,0.2528,16039
0,0.2528,18463
0,0.2528,21637
0,0.2528,21664
0,0.2528,30313
0,0.2528,34607
0,0.2528,36691
0,0.2528,40792
0,0.2528,146588
0,0.2528,516739
0,0.2528,533411
0,0.2528,805244
0,0.2528,806013
0,0.2528,819089
0,0.2529,10110
0,0.2529,10180
0,0.2529,13307
0,0.2529,15502
0,0.2529,23273
0,0.2529,26370
0,0.2529,27522
0,0.2529,51764
0,0.2529,57102
0,0.2529,70317
0,0.2529,512947
0,0.2529,513111
0,0.2529,520194
0,0.2529,522828
0,0.2529,531769
0,0.2529,549508
0,0.2529,800132
0,0.2530,10159
0,0.2530,10271
0,0.2530,11131
0,0.2530,15612
0,0.2530,15929
0,0.2530,19327
0,0.2530,27413
0,0.2530,83531
0,0.2530,110894
0,0.2530,174420
0,0.2530,441056
0,0.2530,517723
0,0.2530,521814
0,0.2530,522428
0,0.2530,527588
0,0.2530,529385
0,0.2530,529422
0,0.2530,802118
0,0.2530,802809
0,0.2530,941319
0,0.2531,10047
0,0.2531,10168
0,0.2531,11606
0,0.2531,12333
0,0.2531,12398
0,0.2531,12491
0,0.2531,13302
0,0.2531,13559
0,0.2531,15765
0,0.2531,18419
0,0.2531,19886
0,0.2531,53901
0,0.2531,54285
0,0.2531,85527
0,0.2531,287884
0,0.2531,519692
0,0.2531,520188
0,0.2531,800343
0,0.2531,801561
0,0.2531,805817
0,0.2532,10807
0,0.2532,10967
0,0.2532,11047
0,0.2532,12651
0,0.2532,13788
0,0.2532,16105
0,0.2532,16399
0,0.2532,17696
0,0.2532,24741
0,0.2532,30930
0,0.2532,52728
0,0.2532,53639
0,0.2532,70651
0,0.2532,117741
0,0.2532,164466
0,0.2532,524732
0,0.2532,532909
0,0.2532,807799
0,0.2532,820191
0,0.2533,10950
0,0.2533,11263
0,0.2533,14523
0,0.2533,21227
0,0.2533,57381
0,0.2533,67864
0,0.2533,94433
0,0.2533,106593
0,0.2533,512241
0,0.2533,801415
0,0.2533,802755
0,0.2533,811623
0,0.2533,904271
0,0.2534,10185
0,0.2534,10658
0,0.2534,11302
0,0.2534,11821
0,0.2534,13773
0,0.2534,22395
0,0.2534,23425
0,0.2534,39442
0,0.2534,43152
0,0.2534,43695
0,0.2534,53652
0,0.2534,190319
0,0.2534,222777
0,0.2534,514596
0,0.2534,515015
0,0.2534,516098
0,0.2534,521027
0,0.2534,521241
0,0.2534,530789
0,0.2534,533368
0,0.2534,539704
0,0.2534,804958
0,0.2534,812884
0,0.2534,105856729
0,0.2535,11064
0,0.2535,11445
0,0.2535,14912
0,0.2535,15997
0,0.2535,16517
0,0.2535,17790
0,0.2535,19036
0,0.2535,20277
0,0.2535,24828
0,0.2535,26284
0,0.2535,32062
0,0.2535,35635
0,0.2535,59057
0,0.2535,125111
0,0.2535,522983
0,0.2535,803007
0,0.2535,831621
0,0.2535,849272
0,0.2536,10241
0,0.2536,10447
0,0.2536,11846
0,0.2536,13563
0,0.2536,13863
0,0.2536,15051
0,0.2536,16569
0,0.2536,16659
0,0.2536,16734
0,0.2536,38272
0,0.2536,53086
0,0.2536,79362
0,0.2536,136504
0,0.2536,441056
0,0.2536,511828
0,0.2536,515072
0,0.2536,521292
0,0.2536,536058
0,0.2536,800392
0,0.2536,800464
0,0.2536,800554
0,0.2536,817047
0,0.2536,907895
0,0.2537,10051
0,0.2537,11005
0,0.2537,11357
0,0.2537,11628
0,0.2537,12423
0,0.2537,15362
0,0.2537,25763
0,0.2537,29129
0,0.2537,32230
0,0.2537,41171
0,0.2537,46152
0,0.2537,54120
0,0.2537,61243
0,0.2537,67789
0,0.2537,514988
0,0.2537,517202
0,0.2537,527585
0,0.2537,559410
0,0.2537,802137
0,0.2537,803129
0,0.2537,804500
0,0.2537,805026
0,0.2538,11967
0,0.2538,13760
0,0.2538,15782
0,0.2538,19334
0,0.2538,19569
0,0.2538,20418
0,0.2538,42332
0,0.2538,77481
0,0.2538,92871
0,0.2538,519399
0,0.2538,530668
0,0.2538,804398
0,0.2538,806417
0,0.2538,903317
0,0.2539,10114
0,0.2539,11433
0,0.2539,11764
0,0.2539,12976
0,0.2539,15042
0,0.2539,16617
0,0.2539,20497
0,0.2539,30930
0,0.2539,34896
0,0.2539,56970
0,0.2539,59018
0,0.2539,63324
0,0.2539,75151
0,0.2539,81228
0,0.2539,83143
0,0.2539,88528
0,0.2539,520641
0,0.2539,523843
0,0.2539,801843
0,0.2539,807534
0,0.2539,817096
0,0.2539,822772
0,0.2539,199328457
0,0.2540,10167
0,0.2540,10302
0,0.2540,10414
0,0.2540,11152
0,0.2540,11608
0,0.2540,13433
0,0.2540,14428
0,0.2540,14863
0,0.2540,15361
0,0.2540,15693
0,0.2540,19290
0,0.2540,21053
0,0.2540,30421
0,0.2540,30541
0,0.2540,49630
0,0.2540,65193
0,0.2540,519230
0,0.2540,520210
0,0.2540,522706
0,0.2540,523675
0,0.2540,803017
0,0.2540,807312
0,0.2540,807396
0,0.2541,10150
0,0.2541,10315
0,0.2541,11013
0,0.2541,11181
0,0.2541,12727
0,0.2541,12908
0,0.2541,13428
0,0.2541,15124
0,0.2541,15440
0,0.2541,15905
0,0.2541,16160
0,0.2541,16862
0,0.2541,22072
0,0.2541,26666
0,0.2541,27416
0,0.2541,71959
0,0.2541,74024
0,0.2541,86661
0,0.2541,88944
0,0.2541,521584
0,0.2541,522815
0,0.2541,523564
0,0.2541,524968
0,0.2541,531732
0,0.2541,802565
0,0.2541,824034
0,0.2542,10027
0,0.2542,12748
0,0.2542,13031
0,0.2542,13134
0,0.2542,13830
0,0.2542,14137
0,0.2542,16986
0,0.2542,19068
0,0.2542,20302
0,0.2542,20468
0,0.2542,20831
0,0.2542,20945
0,0.2542,22870
0,0.2542,23619
0,0.2542,25030
0,0.2542,42083
0,0.2542,48491
0,0.2542,56560
0,0.2542,70325
0,0.2542,515757
0,0.2542,522387
0,0.2542,522752
0,0.2542,548428
0,0.2542,802486
0,0.2542,802544
0,0.2542,803160
0,0.2542,902501
0,0.2542,906718
0,0.2543,10172
0,0.2543,10376
0,0.2543,10652
0,0.2543,10831
0,0.2543,10852
0,0.2543,11486
0,0.2543,14041
0,0.2543,16700
0,0.2543,17454
0,0.2543,18604
0,0.2543,24382
0,0.2543,43398
0,0.2543,61285
0,0.2543,71547
0,0.2543,137495
0,0.2543,303314
0,0.2543,512903
0,0.2543,513646
0,0.2543,518330
0,0.2543,523636
0,0.2543,800056
0,0.2543,801491
0,0.2543,811623
0,0.2543,924883
0,0.2544,11361
0,0.2544,11712
0,0.2544,13360
0,0.2544,13740
0,0.2544,13771
0,0.2544,14463
0,0.2544,18779
0,0.2544,21932
0,0.2544,24683
0,0.2544,35055
0,0.2544,39880
0,0.2544,63122
0,0.2544,163395
0,0.2544,514195
0,0.2544,524761
0,0.2544,529811
0,0.2544,820271
0,0.2545,10661
0,0.2545,11460
0,0.2545,13274
0,0.2545,14362
0,0.2545,14434
0,0.2545,15273
0,0.2545,15458
0,0.2545,16087
0,0.2545,18436
0,0.2545,512521
0,0.2545,517601
0,0.2545,522809
0,0.2545,524767
0,0.2545,805797
0,0.2545,807560
0,0.2545,819656
0,0.2546,10099
0,0.2546,10735
0,0.2546,10839
0,0.2546,11631
0,0.2546,12445
0,0.2546,13018
0,0.2546,13442
0,0.2546,13456
0,0.2546,29135
0,0.2546,30520
0,0.2546,35743
0,0.2546,58909
0,0.2546,79464
0,0.2546,86523
0,0.2546,96137
0,0.2546,518461
0,0.2546,518513
0,0.2546,532747
0,0.2546,548337
0,0.2546,800167
0,0.2546,801581
0,0.2546,822728
0,0.2546,903450
0,0.2546,904184
0,0.2546,904983
0,0.2547,12104
0,0.2547,12396
0,0.2547,13894
0,0.2547,16343
0,0.2547,17143
0,0.2547,18744
0,0.2547,23854
0,0.2547,24246
0,0.2547,26619
0,0.2547,26901
0,0.2547,33753
0,0.2547,41428
0,0.2547,48335
0,0.2547,61374
0,0.2547,175572
0,0.2547,513340
0,0.2547,521633
0,0.2547,802543
0,0.2547,816644
0,0.2547,820943
0,0.2547,918582
0,0.2547,946767
0,0.2548,10018
0,0.2548,10205
0,0.2548,12159
0,0.2548,12575
0,0.2548,12654
0,0.2548,14539
0,0.2548,14694
0,0.2548,14756
0,0.2548,14903
0,0.2548,15915
0,0.2548,18226
0,0.2548,22185
0,0.2548,29806
0,0.2548,38835
0,0.2548,48120
0,0.2548,86750
0,0.2548,90224
0,0.2548,133192
0,0.2548,556700
0,0.2548,803339
0,0.2548,824830
0,0.2549,11416
0,0.2549,13860
0,0.2549,14034
0,0.2549,14424
0,0.2549,14705
0,0.2549,14881
0,0.2549,14954
0,0.2549,22092
0,0.2549,23601
0,0.2549,26287
0,0.2549,34252
0,0.2549,36059
0,0.2549,48982
0,0.2549,57935
0,0.2549,68889
0,0.2549,87077
0,0.2549,107241
0,0.2549,108738
0,0.2549,530460
0,0.2549,801133
0,0.2549,801366
0,0.2549,801976
0,0.2549,802652
0,0.2549,905507
0,0.2550,10404
0,0.2550,10515
0,0.2550,10725
0,0.2550,10959
0,0.2550,11210
0,0.2550,11306
0,0.2550,11877
0,0.2550,14686
0,0.2550,15888
0,0.2550,16145
0,0.2550,24690
0,0.2550,25403
0,0.2550,25792
0,0.2550,27191
0,0.2550,28791
0,0.2550,64607
0,0.2550,81442
0,0.2550,134100
0,0.2550,512544
0,0.2550,514547
0,0.2550,517548
0,0.2550,530449
0,0.2550,800212
0,0.2550,801295
0,0.2551,10097
0,0.2551,11428
0,0.2551,11723
0,0.2551,11836
0,0.2551,13079
0,0.2551,13432
0,0.2551,14063
0,0.2551,15226
0,0.2551,15939
0,0.2551,21543
0,0.2551,21918
0,0.2551,26576
0,0.2551,58394
0,0.2551,131748
0,0.2551,513376
0,0.2551,531862
0,0.2551,532751
0,0.2551,533914
0,0.2551,537032
0,0.2551,540383
0,0.2551,800042
0,0.2551,801251
0,0.2551,801282
0,0.2551,801639
0,0.2551,801895
0,0.2551,814989
0,0.2552,10138
0,0.2552,10603
0,0.2552,12454
0,0.2552,12802
0,0.2552,13460
0,0.2552,13872
0,0.2552,14461
0,0.2552,17175
0,0.2552,19440
0,0.2552,33307
0,0.2552,34671
0,0.2552,45024
0,0.2552,46073
0,0.2552,513401
0,0.2552,547689
0,0.2552,800134
0,0.2552,800718
0,0.2552,802955
0,0.2552,817261
0,0.2552,848955
0,0.2552,906228
0,0.2553,10993
0,0.2553,11030
0,0.2553,11578
0,0.2553,11802
0,0.2553,14294
0,0.2553,16178
0,0.2553,16274
0,0.2553,17325
0,0.2553,55423
0,0.2553,65657
0,0.2553,529604
0,0.2553,531708
0,0.2553,804386
0,0.2553,805227
0,0.2553,805229
0,0.2553,827683
0,0.2553,842254
0,0.2553,903642
0,0.2553,904319
0,0.2553,954981
0,0.2554,10847
0,0.2554,10941
0,0.2554,11254
0,0.2554,11932
0,0.2554,12506
0,0.2554,12606
0,0.2554,16260
0,0.2554,16707
0,0.2554,19802
0,0.2554,22585
0,0.2554,38914
0,0.2554,138243
0,0.2554,512927
0,0.2554,515844
0,0.2554,522762
0,0.2554,524133
0,0.2554,801970
0,0.2554,803048
0,0.2554,803852
0,0.2554,803992
0,0.2554,811204
0,0.2554,812323
0,0.2554,819656
0,0.2554,903727
0,0.2554,1050542828
0,0.2555,10057
0,0.2555,10169
0,0.2555,10322
0,0.2555,10510
0,0.2555,11542
0,0.2555,11603
0,0.2555,11663
0,0.2555,12933
0,0.2555,14869
0,0.2555,15494
0,0.2555,16671
0,0.2555,19767
0,0.2555,22084
0,0.2555,22884
0,0.2555,24134
0,0.2555,35474
0,0.2555,46615
0,0.2555,49672
0,0.2555,50397
0,0.2555,50687
0,0.2555,59776
0,0.2555,64399
0,0.2555,515950
0,0.2555,516369
0,0.2555,517724
0,0.2555,518708
0,0.2555,522984
0,0.2555,527509
0,0.2555,530878
0,0.2555,531299
0,0.2555,549229
0,0.2555,800546
0,0.2555,820271
0,0.2555,821882
0,0.2556,10799
0,0.2556,10816
0,0.2556,11180
0,0.2556,11311
0,0.2556,13864
0,0.2556,17420
0,0.2556,17858
0,0.2556,17878
0,0.2556,20402
0,0.2556,27296
0,0.2556,33316
0,0.2556,43756
0,0.2556,58481
0,0.2556,101125
0,0.2556,235061
0,0.2556,519371
0,0.2556,529603
0,0.2556,800976
0,0.2556,810570
0,0.2556,834861
0,0.2556,906554
0,0.2557,10288
0,0.2557,10303
0,0.2557,10421
0,0.2557,10817
0,0.2557,11155
0,0.2557,11540
0,0.2557,11886
0,0.2557,11943
0,0.2557,12294
0,0.2557,12696
0,0.2557,12943
0,0.2557,14223
0,0.2557,17835
0,0.2557,18504
0,0.2557,25939
0,0.2557,28525
0,0.2557,33038
0,0.2557,40164
0,0.2557,43781
0,0.2557,56036
0,0.2557,67174
0,0.2557,82205
0,0.2557,121067
0,0.2557,517359
0,0.2557,518721
0,0.2557,519865
0,0.2557,520817
0,0.2557,800505
0,0.2557,801933
0,0.2557,802080
0,0.2557,802107
0,0.2557,802958
0,0.2558,10255
0,0.2558,10494
0,0.2558,10925
0,0.2558,10986
0,0.2558,11423
0,0.2558,11485
0,0.2558,13471
0,0.2558,15680
0,0.2558,16836
0,0.2558,18125
0,0.2558,20620
0,0.2558,32449
0,0.2558,35698
0,0.2558,56308
0,0.2558,76506
0,0.2558,98544
0,0.2558,99882
0,0.2558,511999
0,0.2558,534361
0,0.2558,800041
0,0.2558,803219
0,0.2558,814010
0,0.2558,906612
0,0.2558,1050687371
0,0.2559,10035
0,0.2559,10293
0,0.2559,10617
0,0.2559,10920
0,0.2559,11614
0,0.2559,11618
0,0.2559,11903
0,0.2559,12140
0,0.2559,13515
0,0.2559,14026
0,0.2559,16370
0,0.2559,16642
0,0.2559,17708
0,0.2559,19921
0,0.2559,28184
0,0.2559,32675
0,0.2559,36235
0,0.2559,66246
0,0.2559,511757
0,0.2559,512932
0,0.2559,522789
0,0.2559,800159
0,0.2559,800234
0,0.2559,801507
0,0.2559,805647
0,0.2559,805757
0,0.2559,821892
0,0.2559,904122
0,0.2559,955284
0,0.2560,11668
0,0.2560,11929
0,0.2560,15514
0,0.2560,16125
0,0.2560,16493
0,0.2560,23281
0,0.2560,23809
0,0.2560,32016
0,0.2560,36245
0,0.2560,234867
0,0.2560,518777
0,0.2560,520021
0,0.2560,520646
0,0.2560,523482
0,0.2560,523776
0,0.2560,804288
0,0.2560,907256
0,0.2560,1111554233
0,0.2561,10917
0,0.2561,10952
0,0.2561,10997
0,0.2561,11377
0,0.2561,11908
0,0.2561,13315
0,0.2561,16490
0,0.2561,16537
0,0.2561,17156
0,0.2561,118357
0,0.2561,513188
0,0.2561,517256
0,0.2561,800504
0,0.2561,801998
0,0.2561,803440
0,0.2561,804556
0,0.2561,805776
0,0.2561,806620
0,0.2561,829341
0,0.2561,761298433
0,0.2562,10133
0,0.2562,10137
0,0.2562,10307
0,0.2562,11194
0,0.2562,11308
0,0.2562,11354
0,0.2562,11651
0,0.2562,12006
0,0.2562,12272
0,0.2562,13033
0,0.2562,14790
0,0.2562,15789
0,0.2562,18601
0,0.2562,18730
0,0.2562,22276
0,0.2562,22291
0,0.2562,27486
0,0.2562,34949
0,0.2562,38388
0,0.2562,38706
0,0.2562,44690
0,0.2562,47564
0,0.2562,76194
0,0.2562,149882
0,0.2562,195264
0,0.2562,519454
0,0.2562,522465
0,0.2562,522757
0,0.2562,803982
0,0.2562,822728
0,0.2562,904108
0,0.2562,914445
0,0.2562,1050215716
0,0.2563,10299
0,0.2563,11900
0,0.2563,11997
0,0.2563,15393
0,0.2563,18165
0,0.2563,18597
0,0.2563,20492
0,0.2563,22900
0,0.2563,25184
0,0.2563,29481
0,0.2563,30190
0,0.2563,30203
0,0.2563,32718
0,0.2563,32967
0,0.2563,38926
0,0.2563,54572
0,0.2563,234867
0,0.2563,515289
0,0.2563,518177
0,0.2563,519895
0,0.2563,526311
0,0.2563,529550
0,0.2563,800412
0,0.2563,800890
0,0.2563,805184
0,0.2563,903570
0,0.2564,10365
0,0.2564,10428
0,0.2564,10468
0,0.2564,12411
0,0.2564,12569
0,0.2564,13138
0,0.2564,14060
0,0.2564,14311
0,0.2564,18437
0,0.2564,19995
0,0.2564,21687
0,0.2564,23659
0,0.2564,30807
0,0.2564,130279
0,0.2564,512156
0,0.2564,514546
0,0.2564,515933
0,0.2564,518194
0,0.2564,520393
0,0.2564,521236
0,0.2564,529515
0,0.2564,806037
0,0.2564,829714
0,0.2564,956323
0,0.2565,11008
0,0.2565,11938
0,0.2565,12151
0,0.2565,13184
0,0.2565,14071
0,0.2565,14899
0,0.2565,15028
0,0.2565,15325
0,0.2565,15999
0,0.2565,19118
0,0.2565,27157
0,0.2565,52352
0,0.2565,54230
0,0.2565,70779
0,0.2565,105406
0,0.2565,132121
0,0.2565,512456
0,0.2565,513769
0,0.2565,519132
0,0.2565,540077
0,0.2565,802907
0,0.2565,803599
0,0.2565,909612
0,0.2565,932322
0,0.2565,956323
0,0.2566,10286
0,0.2566,11324
0,0.2566,13526
0,0.2566,15059
0,0.2566,15176
0,0.2566,15382
0,0.2566,22338
0,0.2566,30310
0,0.2566,59231
0,0.2566,98698
0,0.2566,514015
0,0.2566,514405
0,0.2566,515091
0,0.2566,555502
0,0.2566,822772
0,0.2566,932796
0,0.2566,955135
0,0.2567,11568
0,0.2567,12777
0,0.2567,13281
0,0.2567,13287
0,0.2567,13985
0,0.2567,14206
0,0.2567,14224
0,0.2567,16794
0,0.2567,18278
0,0.2567,18728
0,0.2567,22530
0,0.2567,24050
0,0.2567,33492
0,0.2567,44250
0,0.2567,77709
0,0.2567,114715
0,0.2567,511797
0,0.2567,515760
0,0.2567,524292
0,0.2567,559506
0,0.2567,800691
0,0.2567,801004
0,0.2568,10122
0,0.2568,10394
0,0.2568,11586
0,0.2568,13650
0,0.2568,14283
0,0.2568,16538
0,0.2568,17402
0,0.2568,26481
0,0.2568,46788
0,0.2568,70486
0,0.2568,100420
0,0.2568,157614
0,0.2568,512305
0,0.2568,517722
0,0.2568,521059
0,0.2568,527427
0,0.2568,574147
0,0.2568,801292
0,0.2568,817261
0,0.2568,823205
0,0.2569,10356
0,0.2569,10368
0,0.2569,10564
0,0.2569,10638
0,0.2569,10781
0,0.2569,11021
0,0.2569,11174
0,0.2569,13568
0,0.2569,13698
0,0.2569,15281
0,0.2569,15964
0,0.2569,18749
0,0.2569,18921
0,0.2569,24702
0,0.2569,26620
0,0.2569,27132
0,0.2569,28633
0,0.2569,43096
0,0.2569,44768
0,0.2569,54058
0,0.2569,66804
0,0.2569,73897
0,0.2569,85715
0,0.2569,93240
0,0.2569,558665
0,0.2569,571495
0,0.2569,802223
0,0.2569,805489
0,0.2569,814115
0,0.2569,903425
0,0.2570,10003
0,0.2570,10011
0,0.2570,10969
0,0.2570,13303
0,0.2570,13317
0,0.2570,15669
0,0.2570,18585
0,0.2570,19215
0,0.2570,22240
0,0.2570,26862
0,0.2570,31911
0,0.2570,33072
0,0.2570,35196
0,0.2570,73463
0,0.2570,130455
0,0.2570,518488
0,0.2570,520895
0,0.2570,800158
0,0.2570,800876
0,0.2570,803013
0,0.2570,803241
0,0.2570,926518
0,0.2570,199328457
0,0.2570,1052043704
0,0.2571,10243
0,0.2571,11819
0,0.2571,11893
0,0.2571,12037
0,0.2571,13259
0,0.2571,18185
0,0.2571,20545
0,0.2571,23261
0,0.2571,26665
0,0.2571,26832
0,0.2571,27179
0,0.2571,51682
0,0.2571,55124
0,0.2571,512165
0,0.2571,518604
0,0.2571,520236
0,0.2571,521240
0,0.2571,530435
0,0.2571,571508
0,0.2571,580097
0,0.2571,801845
0,0.2571,803310
0,0.2571,805165
0,0.2571,908143
0,0.2571,1050074465
0,0.2572,10289
0,0.2572,11969
0,0.2572,12137
0,0.2572,14616
0,0.2572,18030
0,0.2572,18109
0,0.2572,21353
0,0.2572,23325
0,0.2572,36704
0,0.2572,39813
0,0.2572,46466
0,0.2572,61398
0,0.2572,137777
0,0.2572,454614
0,0.2572,512273
0,0.2572,514230
0,0.2572,514416
0,0.2572,515702
0,0.2572,517255
0,0.2572,519866
0,0.2572,520789
0,0.2572,521587
0,0.2572,531583
0,0.2572,802174
0,0.2572,804001
0,0.2572,903484
0,0.2572,933157
0,0.2573,10490
0,0.2573,12923
0,0.2573,13273
0,0.2573,14279
0,0.2573,15858
0,0.2573,16687
0,0.2573,18980
0,0.2573,19956
0,0.2573,27252
0,0.2573,38870
0,0.2573,58517
0,0.2573,118288
0,0.2573,513968
0,0.2573,519514
0,0.2573,805447
0,0.2573,829341
0,0.2573,905905
0,0.2574,10265
0,0.2574,10312
0,0.2574,10855
0,0.2574,11087
0,0.2574,11199
0,0.2574,11326
0,0.2574,12716
0,0.2574,24232
0,0.2574,66561
0,0.2574,104033
0,0.2574,152687
0,0.2574,532000
0,0.2574,555259
0,0.2574,816439
0,0.2575,10994
0,0.2575,11214
0,0.2575,11238
0,0.2575,11638
0,0.2575,11711
0,0.2575,11896
0,0.2575,13450
0,0.2575,13537
0,0.2575,14276
0,0.2575,26417
0,0.2575,32258
0,0.2575,42483
0,0.2575,42997
0,0.2575,45539
0,0.2575,46358
0,0.2575,55527
0,0.2575,79788
0,0.2575,126216
0,0.2575,517512
0,0.2575,521129
0,0.2575,801965
0,0.2575,802461
0,0.2576,10574
0,0.2576,10604
0,0.2576,10624
0,0.2576,11710
0,0.2576,12796
0,0.2576,13013
0,0.2576,15284
0,0.2576,17825
0,0.2576,18170
0,0.2576,18588
0,0.2576,30405
0,0.2576,39253
0,0.2576,58730
0,0.2576,59429
0,0.2576,511926
0,0.2576,801148
0,0.2576,803070
0,0.2576,807924
0,0.2577,10371
0,0.2577,10378
0,0.2577,11327
0,0.2577,12487
0,0.2577,13836
0,0.2577,15562
0,0.2577,24126
0,0.2577,30181
0,0.2577,65458
0,0.2577,108860
0,0.2577,258715
0,0.2577,512662
0,0.2577,517501
0,0.2577,802914
0,0.2577,776770294
0,0.2577,1050045395
0,0.2578,10041
0,0.2578,10698
0,0.2578,10822
0,0.2578,11261
0,0.2578,11494
0,0.2578,12547
0,0.2578,13035
0,0.2578,13168
0,0.2578,13576
0,0.2578,15768
0,0.2578,15919
0,0.2578,15924
0,0.2578,16029
0,0.2578,18937
0,0.2578,19740
0,0.2578,20780
0,0.2578,25773
0,0.2578,97678
0,0.2578,140519
0,0.2578,160441
0,0.2578,515026
0,0.2578,522410
0,0.2578,522738
0,0.2578,524717
0,0.2578,529031
0,0.2578,555827
0,0.2578,801666
0,0.2578,802337
0,0.2578,805517
0,0.2578,806636
0,0.2578,902580
0,0.2579,10691
0,0.2579,11318
0,0.2579,11419
0,0.2579,11806
0,0.2579,12811
0,0.2579,13347
0,0.2579,15304
0,0.2579,17931
0,0.2579,21822
0,0.2579,23369
0,0.2579,23602
0,0.2579,25045
0,0.2579,30933
0,0.2579,53384
0,0.2579,135801
0,0.2579,516110
0,0.2579,524596
0,0.2579,816113
0,0.2579,1111554233
0,0.2580,10209
0,0.2580,12358
0,0.2580,13258
0,0.2580,13434
0,0.2580,16430
0,0.2580,17174
0,0.2580,21460
0,0.2580,25396
0,0.2580,36499
0,0.2580,44648
0,0.2580,77821
0,0.2580,88578
0,0.2580,114426
0,0.2580,511862
0,0.2580,514863
0,0.2580,531643
0,0.2580,803340
0,0.2580,803732
0,0.2580,828126
0,0.2580,936810
0,0.2580,936838
0,0.2581,10107
0,0.2581,10110
0,0.2581,10707
0,0.2581,11200
0,0.2581,11365
0,0.2581,11892
0,0.2581,12992
0,0.2581,16440
0,0.2581,16940
0,0.2581,20818
0,0.2581,38847
0,0.2581,145037
0,0.2581,163279
0,0.2581,261784
0,0.2581,520816
0,0.2581,521814
0,0.2581,555238
0,0.2581,801412
0,0.2581,809393
0,0.2581,814353
0,0.2581,827683
0,0.2581,353379798
0,0.2581,1050014552
0,0.2582,10537
0,0.2582,11072
0,0.2582,11131
0,0.2582,11166
0,0.2582,11634
0,0.2582,14766
0,0.2582,16636
0,0.2582,19760
0,0.2582,20144
0,0.2582,27025
0,0.2582,29419
0,0.2582,45427
0,0.2582,95057
0,0.2582,101593
0,0.2582,512390
0,0.2582,520155
0,0.2582,531999
0,0.2582,800856
0,0.2582,800910
0,0.2582,801257
0,0.2582,804445
0,0.2582,817974
0,0.2582,823869
0,0.2582,105856729
0,0.2583,10597
0,0.2583,11420
0,0.2583,11654
0,0.2583,12565
0,0.2583,13179
0,0.2583,14232
0,0.2583,15114
0,0.2583,15568
0,0.2583,16275
0,0.2583,16816
0,0.2583,17491
0,0.2583,18932
0,0.2583,19189
0,0.2583,24776
0,0.2583,40390
0,0.2583,46724
0,0.2583,50228
0,0.2583,58146
0,0.2583,71042
0,0.2583,151069
0,0.2583,515221
0,0.2583,516514
0,0.2583,521063
0,0.2583,522734
0,0.2583,530151
0,0.2583,800809
0,0.2583,955135
0,0.2584,10412
0,0.2584,10846
0,0.2584,12028
0,0.2584,14736
0,0.2584,15932
0,0.2584,16579
0,0.2584,22825
0,0.2584,23273
0,0.2584,46388
0,0.2584,54440
0,0.2584,59434
0,0.2584,126496
0,0.2584,209688
0,0.2584,519347
0,0.2584,520338
0,0.2584,522387
0,0.2584,533155
0,0.2584,826175
0,0.2584,830333
0,0.2584,908183
0,0.2585,11112
0,0.2585,11947
0,0.2585,12067
0,0.2585,14912
0,0.2585,18559
0,0.2585,22709
0,0.2585,29908
0,0.2585,31788
0,0.2585,46159
0,0.2585,69858
0,0.2585,514045
0,0.2585,516643
0,0.2585,521256
0,0.2585,521763
0,0.2585,523392
0,0.2585,533103
0,0.2585,801492
0,0.2585,803757
0,0.2585,817047
0,0.2585,105856729
0,0.2586,10385
0,0.2586,10704
0,0.2586,10914
0,0.2586,11375
0,0.2586,11825
0,0.2586,13115
0,0.2586,13427
0,0.2586,18156
0,0.2586,18712
0,0.2586,28466
0,0.2586,63923
0,0.2586,91391
0,0.2586,97946
0,0.2586,151041
0,0.2586,517257
0,0.2586,520621
0,0.2586,800020
0,0.2586,904161
0,0.2586,910588
0,0.2587,10052
0,0.2587,10080
0,0.2587,10202
0,0.2587,10285
0,0.2587,10302
0,0.2587,10603
0,0.2587,11699
0,0.2587,12900
0,0.2587,13559
0,0.2587,13857
0,0.2587,14464
0,0.2587,14871
0,0.2587,15117
0,0.2587,23259
0,0.2587,49015
0,0.2587,59275
0,0.2587,100478
0,0.2587,112562
0,0.2587,513283
0,0.2587,514997
0,0.2587,517847
0,0.2587,521075
0,0.2587,522974
0,0.2587,524429
0,0.2587,537135
0,0.2587,555340
0,0.2587,800376
0,0.2587,806144
0,0.2587,818399
0,0.2587,822728
0,0.2588,10967
0,0.2588,11974
0,0.2588,13101
0,0.2588,15578
0,0.2588,19498
0,0.2588,20189
0,0.2588,36812
0,0.2588,62778
0,0.2588,69319
0,0.2588,90201
0,0.2588,104220
0,0.2588,131696
0,0.2588,514028
0,0.2588,518112
0,0.2588,524655
0,0.2588,531557
0,0.2588,536208
0,0.2588,800181
0,0.2588,800618
0,0.2588,801828
0,0.2588,802145
0,0.2588,803605
0,0.2588,806326
0,0.2588,829341
0,0.2588,861290
0,0.2589,11403
0,0.2589,11670
0,0.2589,15274
0,0.2589,17342
0,0.2589,18915
0,0.2589,32805
0,0.2589,61921
0,0.2589,133154
0,0.2589,526298
0,0.2589,527048
0,0.2589,530880
0,0.2589,802755
0,0.2589,803821
0,0.2589,813104
0,0.2589,814206
0,0.2589,821236
0,0.2589,956305
0,0.2590,10150
0,0.2590,10204
0,0.2590,10531
0,0.2590,10692
0,0.2590,11772
0,0.2590,12398
0,0.2590,13080
0,0.2590,13442
0,0.2590,14011
0,0.2590,16504
0,0.2590,21054
0,0.2590,33586
0,0.2590,62574
0,0.2590,89621
0,0.2590,133427
0,0.2590,137497
0,0.2590,513219
0,0.2590,520440
0,0.2590,522763
0,0.2590,523675
0,0.2590,574357
0,0.2590,820323
0,0.2591,10078
0,0.2591,10446
0,0.2591,10912
0,0.2591,11243
0,0.2591,11402
0,0.2591,12055
0,0.2591,13932
0,0.2591,15850
0,0.2591,18419
0,0.2591,20359
0,0.2591,25628
0,0.2591,40625
0,0.2591,44940
0,0.2591,63027
0,0.2591,140134
0,0.2591,511828
0,0.2591,512319
0,0.2591,512930
0,0.2591,513499
0,0.2591,523863
0,0.2591,802477
0,0.2591,802544
0,0.2591,805072
0,0.2591,806124
0,0.2591,815445
0,0.2591,825184
0,0.2591,908745
0,0.2592,10035
0,0.2592,10241
0,0.2592,10323
0,0.2592,11188
0,0.2592,12375
0,0.2592,13121
0,0.2592,13613
0,0.2592,14259
0,0.2592,15731
0,0.2592,16180
0,0.2592,16280
0,0.2592,16907
0,0.2592,20774
0,0.2592,23812
0,0.2592,30313
0,0.2592,38389
0,0.2592,173462
0,0.2592,234890
0,0.2592,358032
0,0.2592,512825
0,0.2592,513174
0,0.2592,521815
0,0.2592,523060
0,0.2592,524512
0,0.2592,532800
0,0.2592,568471
0,0.2592,830295
0,0.2592,932321
0,0.2593,10879
0,0.2593,11161
0,0.2593,11255
0,0.2593,12104
0,0.2593,12572
0,0.2593,14428
0,0.2593,16075
0,0.2593,23826
0,0.2593,30981
0,0.2593,38853
0,0.2593,519371
0,0.2593,522746
0,0.2593,523349
0,0.2593,579919
0,0.2593,814430
0,0.2594,10782
0,0.2594,19015
0,0.2594,21242
0,0.2594,26130
0,0.2594,37921
0,0.2594,39504
0,0.2594,41743
0,0.2594,49627
0,0.2594,63798
0,0.2594,89801
0,0.2594,136981
0,0.2594,154293
0,0.2594,157037
0,0.2594,294178
0,0.2594,512460
0,0.2594,520182
0,0.2594,521241
0,0.2594,521538
0,0.2595,12318
0,0.2595,15905
0,0.2595,16862
0,0.2595,18911
0,0.2595,19274
0,0.2595,33075
0,0.2595,36691
0,0.2595,37196
0,0.2595,40300
0,0.2595,44816
0,0.2595,124632
0,0.2595,512187
0,0.2595,522753
0,0.2595,529519
0,0.2595,556286
0,0.2595,808183
0,0.2595,848955
0,0.2596,11142
0,0.2596,12319
0,0.2596,13158
0,0.2596,13773
0,0.2596,14061
0,0.2596,14434
0,0.2596,14716
0,0.2596,17454
0,0.2596,20530
0,0.2596,23619
0,0.2596,28674
0,0.2596,34683
0,0.2596,34767
0,0.2596,53086
0,0.2596,64180
0,0.2596,85527
0,0.2596,94433
0,0.2596,127702
0,0.2596,511823
0,0.2596,512328
0,0.2596,512795
0,0.2596,533835
0,0.2596,800845
0,0.2596,905984
0,0.2597,10170
0,0.2597,12176
0,0.2597,25318
0,0.2597,36070
0,0.2597,39262
0,0.2597,45118
0,0.2597,71877
0,0.2597,80674
0,0.2597,84256
0,0.2597,519365
0,0.2597,521545
0,0.2597,800613
0,0.2597,801295
0,0.2597,804984
0,0.2597,806281
0,0.2597,809935
0,0.2597,816323
0,0.2598,12065
0,0.2598,12333
0,0.2598,12809
0,0.2598,22090
0,0.2598,23209
0,0.2598,29379
0,0.2598,29637
0,0.2598,48491
0,0.2598,54642
0,0.2598,57505
0,0.2598,60421
0,0.2598,84356
0,0.2598,126963
0,0.2598,215209
0,0.2598,515735
0,0.2598,537899
0,0.2598,801895
0,0.2598,805132
0,0.2598,815281
0,0.2598,955284
0,0.2599,10319
0,0.2599,11982
0,0.2599,13305
0,0.2599,14486
0,0.2599,19042
0,0.2599,21646
0,0.2599,29436
0,0.2599,69544
0,0.2599,95015
0,0.2599,234867
0,0.2599,513827
0,0.2599,517913
0,0.2599,521928
0,0.2599,529385
0,0.2599,800724
0,0.2599,828718
0,0.2600,10414
0,0.2600,10845
0,0.2600,11171
0,0.2600,12162
0,0.2600,17759
0,0.2600,19720
0,0.2600,26284
0,0.2600,26607
0,0.2600,44903
0,0.2600,53190
0,0.2600,90905
0,0.2600,121308
0,0.2600,514125
0,0.2600,521535
0,0.2600,521635
0,0.2600,529520
0,0.2600,556539
0,0.2600,557904
0,0.2600,800457
0,0.2600,802566
0,0.2600,802704
0,0.2600,817684
0,0.2600,820943
0,0.2600,955135
0,0.2601,10777
0,0.2601,13865
0,0.2601,14997
0,0.2601,18054
0,0.2601,18779
0,0.2601,21932
0,0.2601,22521
0,0.2601,35532
0,0.2601,124469
0,0.2601,190421
0,0.2601,512927
0,0.2601,515775
0,0.2601,519705
0,0.2601,520087
0,0.2601,522732
0,0.2601,555383
0,0.2601,802330
0,0.2601,810750
0,0.2602,10341
0,0.2602,10738
0,0.2602,11784
0,0.2602,12650
0,0.2602,12813
0,0.2602,14881
0,0.2602,19982
0,0.2602,20688
0,0.2602,22519
0,0.2602,28010
0,0.2602,29957
0,0.2602,30068
0,0.2602,56830
0,0.2602,59387
0,0.2602,59735
0,0.2602,80175
0,0.2602,125531
0,0.2602,234890
0,0.2602,519865
0,0.2602,522754
0,0.2602,820434
0,0.2603,10205
0,0.2603,12297
0,0.2603,12993
0,0.2603,13353
0,0.2603,15955
0,0.2603,16706
0,0.2603,17480
0,0.2603,21296
0,0.2603,23513
0,0.2603,30416
0,0.2603,34801
0,0.2603,43040
0,0.2603,55178
0,0.2603,61278
0,0.2603,531425
0,0.2603,532750
0,0.2603,817670
0,0.2604,10072
0,0.2604,11338
0,0.2604,11832
0,0.2604,11900
0,0.2604,13228
0,0.2604,14664
0,0.2604,18504
0,0.2604,23601
0,0.2604,31627
0,0.2604,84735
0,0.2604,111660
0,0.2604,137597
0,0.2604,513146
0,0.2604,513644
0,0.2604,800056
0,0.2604,800718
0,0.2604,810087
0,0.2604,908745
0,0.2605,10863
0,0.2605,12506
0,0.2605,13022
0,0.2605,13295
0,0.2605,13307
0,0.2605,13428
0,0.2605,14499
0,0.2605,16274
0,0.2605,18206
0,0.2605,23073
0,0.2605,30950
0,0.2605,111777
0,0.2605,184704
0,0.2605,512750
0,0.2605,513111
0,0.2605,517481
0,0.2605,517852
0,0.2605,519443
0,0.2605,539675
0,0.2605,801715
0,0.2605,803804
0,0.2605,873387
0,0.2606,10612
0,0.2606,10820
0,0.2606,10825
0,0.2606,12095
0,0.2606,12685
0,0.2606,13018
0,0.2606,16781
0,0.2606,17790
0,0.2606,31575
0,0.2606,67337
0,0.2606,129936
0,0.2606,135721
0,0.2606,532909
0,0.2606,800212
0,0.2606,800827
0,0.2606,801816
0,0.2606,902343
0,0.2606,903643
0,0.2607,10065
0,0.2607,10497
0,0.2607,11416
0,0.2607,11545
0,0.2607,12054
0,0.2607,13310
0,0.2607,15319
0,0.2607,17671
0,0.2607,27296
0,0.2607,37142
0,0.2607,42310
0,0.2607,145530
0,0.2607,224471
0,0.2607,511882
0,0.2607,512077
0,0.2607,518309
0,0.2607,521113
0,0.2607,545611
0,0.2607,802181
0,0.2607,902553
0,0.2608,11495
0,0.2608,13444
0,0.2608,15209
0,0.2608,16438
0,0.2608,17849
0,0.2608,21468
0,0.2608,29116
0,0.2608,29583
0,0.2608,72133
0,0.2608,81710
0,0.2608,138443
0,0.2608,174420
0,0.2608,364582
0,0.2608,517548
0,0.2608,533748
0,0.2608,803129
0,0.2608,823262
0,0.2608,912379
0,0.2608,1137406009
0,0.2609,10133
0,0.2609,10190
0,0.2609,10545
0,0.2609,11085
0,0.2609,11201
0,0.2609,11902
0,0.2609,12355
0,0.2609,16193
0,0.2609,17726
0,0.2609,24683
0,0.2609,25723
0,0.2609,25939
0,0.2609,27191
0,0.2609,36780
0,0.2609,52304
0,0.2609,60241
0,0.2609,101552
0,0.2609,339863
0,0.2609,519399
0,0.2609,800102
0,0.2609,800258
0,0.2610,10677
0,0.2610,11312
0,0.2610,11489
0,0.2610,12264
0,0.2610,13256
0,0.2610,15514
0,0.2610,17322
0,0.2610,19586
0,0.2610,19616
0,0.2610,20300
0,0.2610,23083
0,0.2610,24382
0,0.2610,25210
0,0.2610,28074
0,0.2610,39453
0,0.2610,42185
0,0.2610,70651
0,0.2610,101652
0,0.2610,514988
0,0.2610,518541
0,0.2610,521940
0,0.2610,532056
0,0.2610,556502
0,0.2610,800126
0,0.2610,811215
0,0.2610,817089
0,0.2610,818961
0,0.2610,902923
0,0.2611,10185
0,0.2611,10687
0,0.2611,11146
0,0.2611,11341
0,0.2611,13760
0,0.2611,14289
0,0.2611,16051
0,0.2611,17764
0,0.2611,19615
0,0.2611,137084
0,0.2611,519761
0,0.2611,559335
0,0.2611,800464
0,0.2611,801998
0,0.2611,803004
0,0.2611,817565
0,0.2611,821729
0,0.2611,155143464
0,0.2612,10099
0,0.2612,10226
0,0.2612,12605
0,0.2612,13317
0,0.2612,14093
0,0.2612,23197
0,0.2612,25792
0,0.2612,47922
0,0.2612,57355
0,0.2612,61296
0,0.2612,67047
0,0.2612,125550
0,0.2612,146404
0,0.2612,151777
0,0.2612,515950
0,0.2612,521059
0,0.2612,521534
0,0.2612,524156
0,0.2612,801090
0,0.2612,801349
0,0.2612,803052
0,0.2612,819096
0,0.2613,11896
0,0.2613,13294
0,0.2613,13969
0,0.2613,15451
0,0.2613,17043
0,0.2613,17508
0,0.2613,18744
0,0.2613,20831
0,0.2613,21692
0,0.2613,22870
0,0.2613,40046
0,0.2613,50406
0,0.2613,53437
0,0.2613,76194
0,0.2613,514405
0,0.2613,516666
0,0.2613,520435
0,0.2613,529498
0,0.2613,530449
0,0.2613,800391
0,0.2613,801970
0,0.2613,802855
0,0.2613,806646
0,0.2613,830333
0,0.2613,902874
0,0.2614,10168
0,0.2614,10540
0,0.2614,11003
0,0.2614,11252
0,0.2614,11447
0,0.2614,11618
0,0.2614,12158
0,0.2614,12159
0,0.2614,12595
0,0.2614,14976
0,0.2614,15234
0,0.2614,15535
0,0.2614,16794
0,0.2614,21637
0,0.2614,73908
0,0.2614,76412
0,0.2614,95249
0,0.2614,524881
0,0.2614,525510
0,0.2614,531768
0,0.2614,800763
0,0.2614,802993
0,0.2614,805491
0,0.2614,806253
0,0.2614,823598
0,0.2615,10839
0,0.2615,11671
0,0.2615,11802
0,0.2615,12787
0,0.2615,14463
0,0.2615,19036
0,0.2615,25503
0,0.2615,27454
0,0.2615,35109
0,0.2615,35743
0,0.2615,43445
0,0.2615,134610
0,0.2615,523512
0,0.2615,800048
0,0.2615,804555
0,0.2615,956328
0,0.2616,10041
0,0.2616,10447
0,0.2616,11021
0,0.2616,11497
0,0.2616,12651
0,0.2616,13371
0,0.2616,16506
0,0.2616,24701
0,0.2616,131748
0,0.2616,168670
0,0.2616,513594
0,0.2616,525958
0,0.2616,803048
0,0.2616,804351
0,0.2616,804398
0,0.2616,809862
0,0.2616,811623
0,0.2616,821236
0,0.2617,10187
0,0.2617,10744
0,0.2617,12059
0,0.2617,14552
0,0.2617,15657
0,0.2617,18704
0,0.2617,19100
0,0.2617,27794
0,0.2617,54176
0,0.2617,85580
0,0.2617,98544
0,0.2617,392714
0,0.2617,511881
0,0.2617,518194
0,0.2617,532751
0,0.2617,534404
0,0.2617,907558
0,0.2617,955135
0,0.2617,324178811
0,0.2618,10051
0,0.2618,10100
0,0.2618,10295
0,0.2618,10480
0,0.2618,10658
0,0.2618,12221
0,0.2618,13392
0,0.2618,15176
0,0.2618,15534
0,0.2618,17156
0,0.2618,33307
0,0.2618,70088
0,0.2618,247112
0,0.2618,515048
0,0.2618,518220
0,0.2618,521162
0,0.2618,531708
0,0.2618,544476
0,0.2618,801564
0,0.2618,813076
0,0.2618,817565
0,0.2618,820146
0,0.2618,903727
0,0.2619,10354
0,0.2619,10448
0,0.2619,11254
0,0.2619,12046
0,0.2619,22086
0,0.2619,23325
0,0.2619,38835
0,0.2619,41801
0,0.2619,49630
0,0.2619,99095
0,0.2619,287884
0,0.2619,512041
0,0.2619,515072
0,0.2619,553194
0,0.2619,800760
0,0.2619,800890
0,0.2619,946767
0,0.2619,954670
0,0.2619,761298433
0,0.2620,10110
0,0.2620,10956
0,0.2620,12259
0,0.2620,19283
0,0.2620,24922
0,0.2620,29537
0,0.2620,52665
0,0.2620,60774
0,0.2620,63261
0,0.2620,85590
0,0.2620,166057
0,0.2620,219189
0,0.2620,514579
0,0.2620,515679
0,0.2620,800757
0,0.2620,804823
0,0.2620,816323
0,0.2620,936524
0,0.2620,1137406009
0,0.2621,12194
0,0.2621,12843
0,0.2621,13404
0,0.2621,15484
0,0.2621,16158
0,0.2621,16457
0,0.2621,17554
0,0.2621,20520
0,0.2621,22446
0,0.2621,30310
0,0.2621,38272
0,0.2621,38657
0,0.2621,53138
0,0.2621,57934
0,0.2621,58394
0,0.2621,165025
0,0.2621,517256
0,0.2621,524761
0,0.2621,525731
0,0.2621,800477
0,0.2621,802307
0,0.2621,805244
0,0.2621,900035
0,0.2622,10169
0,0.2622,12947
0,0.2622,16734
0,0.2622,19618
0,0.2622,22185
0,0.2622,22276
0,0.2622,22441
0,0.2622,23315
0,0.2622,25713
0,0.2622,58481
0,0.2622,515460
0,0.2622,520034
0,0.2622,520210
0,0.2622,522428
0,0.2623,12276
0,0.2623,12488
0,0.2623,20185
0,0.2623,26718
0,0.2623,38315
0,0.2623,57240
0,0.2623,57935
0,0.2623,517512
0,0.2623,533293
0,0.2623,533946
0,0.2623,807799
0,0.2623,902789
0,0.2623,956310
0,0.2623,105856729
0,0.2624,10114
0,0.2624,10457
0,0.2624,12710
0,0.2624,12802
0,0.2624,13357
0,0.2624,18437
0,0.2624,21904
0,0.2624,22838
0,0.2624,27929
0,0.2624,31656
0,0.2624,89966
0,0.2624,120773
0,0.2624,123503
0,0.2624,511955
0,0.2624,512307
0,0.2624,518831
0,0.2624,518938
0,0.2624,520115
0,0.2624,520641
0,0.2624,531009
0,0.2624,549229
0,0.2624,801752
0,0.2624,805532
0,0.2625,10269
0,0.2625,10868
0,0.2625,11075
0,0.2625,16198
0,0.2625,16257
0,0.2625,17175
0,0.2625,19751
0,0.2625,27614
0,0.2625,28791
0,0.2625,33298
0,0.2625,39294
0,0.2625,68889
0,0.2625,91870
0,0.2625,103779
0,0.2625,142743
0,0.2625,235061
0,0.2625,520792
0,0.2625,521814
0,0.2625,801530
0,0.2625,869499
0,0.2625,932684
0,0.2626,10236
0,0.2626,12654
0,0.2626,12815
0,0.2626,14869
0,0.2626,15351
0,0.2626,15458
0,0.2626,28482
0,0.2626,35196
0,0.2626,51365
0,0.2626,147665
0,0.2626,149469
0,0.2626,210670
0,0.2626,518604
0,0.2626,522815
0,0.2626,523043
0,0.2626,543158
0,0.2626,800008
0,0.2626,803860
0,0.2626,821311
0,0.2626,956323
0,0.2626,605725659
0,0.2627,11103
0,0.2627,11805
0,0.2627,12151
0,0.2627,12503
0,0.2627,12606
0,0.2627,13153
0,0.2627,14954
0,0.2627,17109
0,0.2627,17801
0,0.2627,17901
0,0.2627,35058
0,0.2627,39102
0,0.2627,44054
0,0.2627,45311
0,0.2627,52016
0,0.2627,514952
0,0.2627,520888
0,0.2627,531862
0,0.2627,801118
0,0.2627,802118
0,0.2627,805097
0,0.2627,861290
0,0.2628,10769
0,0.2628,12730
0,0.2628,22014
0,0.2628,24866
0,0.2628,25763
0,0.2628,28943
0,0.2628,34949
0,0.2628,38454
0,0.2628,41598
0,0.2628,222777
0,0.2628,517603
0,0.2628,523985
0,0.2628,802955
0,0.2628,807160
0,0.2629,10120
0,0.2629,10165
0,0.2629,10263
0,0.2629,11017
0,0.2629,11406
0,0.2629,11903
0,0.2629,12358
0,0.2629,13167
0,0.2629,16493
0,0.2629,17639
0,0.2629,18221
0,0.2629,20818
0,0.2629,26417
0,0.2629,28469
0,0.2629,29582
0,0.2629,32258
0,0.2629,63635
0,0.2629,77211
0,0.2629,178990
0,0.2629,512362
0,0.2629,514045
0,0.2629,800077
0,0.2629,801617
0,0.2629,812884
0,0.2629,825184
0,0.2629,842254
0,0.2629,908745
0,0.2630,10138
0,0.2630,10494
0,0.2630,11402
0,0.2630,14772
0,0.2630,16430
0,0.2630,18838
0,0.2630,24656
0,0.2630,25554
0,0.2630,26798
0,0.2630,34924
0,0.2630,45288
0,0.2630,54443
0,0.2630,95758
0,0.2630,116303
0,0.2630,163351
0,0.2630,520812
0,0.2630,521203
0,0.2630,523379
0,0.2630,533434
0,0.2630,559141
0,0.2630,800417
0,0.2630,803925
0,0.2630,806141
0,0.2630,905849
0,0.2630,908509
0,0.2631,10102
0,0.2631,11710
0,0.2631,13901
0,0.2631,15612
0,0.2631,17691
0,0.2631,19902
0,0.2631,20545
0,0.2631,20755
0,0.2631,38425
0,0.2631,39813
0,0.2631,61398
0,0.2631,77805
0,0.2631,195264
0,0.2631,234867
0,0.2631,523533
0,0.2631,524167
0,0.2631,529603
0,0.2631,800203
0,0.2631,802224
0,0.2632,10080
0,0.2632,10555
0,0.2632,11934
0,0.2632,14105
0,0.2632,15680
0,0.2632,17173
0,0.2632,19189
0,0.2632,19760
0,0.2632,22240
0,0.2632,31681
0,0.2632,66067
0,0.2632,110756
0,0.2632,141420
0,0.2632,513283
0,0.2632,515029
0,0.2632,537032
0,0.2632,800504
0,0.2632,800784
0,0.2632,801267
0,0.2632,802964
0,0.2632,822728
0,0.2632,118002941
0,0.2632,317157307
0,0.2633,10033
0,0.2633,11937
0,0.2633,13559
0,0.2633,15496
0,0.2633,17367
0,0.2633,27179
0,0.2633,37433
0,0.2633,46341
0,0.2633,49220
0,0.2633,53290
0,0.2633,68917
0,0.2633,71855
0,0.2633,256844
0,0.2633,512947
0,0.2633,517601
0,0.2633,523636
0,0.2633,525354
0,0.2633,539448
0,0.2633,808453
0,0.2633,818961
0,0.2634,10593
0,0.2634,12732
0,0.2634,13124
0,0.2634,13142
0,0.2634,15506
0,0.2634,15891
0,0.2634,18343
0,0.2634,19486
0,0.2634,20298
0,0.2634,21609
0,0.2634,23273
0,0.2634,29135
0,0.2634,30371
0,0.2634,38141
0,0.2634,63612
0,0.2634,327169
0,0.2634,515966
0,0.2634,519363
0,0.2634,523564
0,0.2634,571495
0,0.2634,800719
0,0.2634,801148
0,0.2634,801356
0,0.2634,803721
0,0.2634,904983
0,0.2634,1052043704
0,0.2635,10224
0,0.2635,11665
0,0.2635,12405
0,0.2635,14424
0,0.2635,14863
0,0.2635,16284
0,0.2635,17244
0,0.2635,23479
0,0.2635,27106
0,0.2635,32392
0,0.2635,32474
0,0.2635,58730
0,0.2635,59969
0,0.2635,61531
0,0.2635,392714
0,0.2635,514265
0,0.2635,561653
0,0.2635,801503
0,0.2635,801982
0,0.2635,807259
0,0.2635,823598
0,0.2635,829341
0,0.2635,864655
0,0.2635,902917
0,0.2636,10330
0,0.2636,10436
0,0.2636,10816
0,0.2636,10817
0,0.2636,11432
0,0.2636,13442
0,0.2636,13586
0,0.2636,14961
0,0.2636,18125
0,0.2636,18238
0,0.2636,18419
0,0.2636,24246
0,0.2636,30807
0,0.2636,119860
0,0.2636,514596
0,0.2636,516663
0,0.2636,519144
0,0.2636,527653
0,0.2636,533411
0,0.2636,810296
0,0.2637,10704
0,0.2637,11613
0,0.2637,12104
0,0.2637,13299
0,0.2637,14434
0,0.2637,14828
0,0.2637,24963
0,0.2637,25184
0,0.2637,33536
0,0.2637,78782
0,0.2637,79146
0,0.2637,81910
0,0.2637,90835
0,0.2637,149966
0,0.2637,173725
0,0.2637,524717
0,0.2637,579728
0,0.2637,803077
0,0.2637,805390
0,0.2637,817047
0,0.2637,776770294
0,0.2638,10294
0,0.2638,11306
0,0.2638,12181
0,0.2638,17369
0,0.2638,18766
0,0.2638,18932
0,0.2638,19239
0,0.2638,19850
0,0.2638,24136
0,0.2638,25045
0,0.2638,29918
0,0.2638,32486
0,0.2638,40390
0,0.2638,53078
0,0.2638,58331
0,0.2638,93199
0,0.2638,122745
0,0.2638,167848
0,0.2638,303314
0,0.2638,513646
0,0.2638,515234
0,0.2638,515933
0,0.2638,516256
0,0.2638,800553
0,0.2638,822728
0,0.2638,908747
0,0.2639,10088
0,0.2639,11915
0,0.2639,11994
0,0.2639,12341
0,0.2639,12733
0,0.2639,13316
0,0.2639,14327
0,0.2639,15828
0,0.2639,27302
0,0.2639,28584
0,0.2639,29635
0,0.2639,30504
0,0.2639,36751
0,0.2639,92871
0,0.2639,802615
0,0.2639,803562
0,0.2639,823205
0,0.2640,11199
0,0.2640,12718
0,0.2640,14727
0,0.2640,15163
0,0.2640,20468
0,0.2640,23854
0,0.2640,26741
0,0.2640,27133
0,0.2640,33775
0,0.2640,47850
0,0.2640,52728
0,0.2640,77014
0,0.2640,81228
0,0.2640,146366
0,0.2640,258819
0,0.2640,529029
0,0.2640,800022
0,0.2640,801561
0,0.2640,803014
0,0.2640,818987
0,0.2640,821058
0,0.2640,902282
0,0.2641,10119
0,0.2641,10638
0,0.2641,11373
0,0.2641,12811
0,0.2641,12923
0,0.2641,14286
0,0.2641,17876
0,0.2641,18585
0,0.2641,18745
0,0.2641,20158
0,0.2641,47107
0,0.2641,59776
0,0.2641,63923
0,0.2641,85395
0,0.2641,96692
0,0.2641,801861
0,0.2641,802038
0,0.2641,807359
0,0.2641,819387
0,0.2641,820174
0,0.2641,954670
0,0.2641,955284
0,0.2642,10136
0,0.2642,10495
0,0.2642,13013
0,0.2642,15423
0,0.2642,15713
0,0.2642,16105
0,0.2642,24227
0,0.2642,26287
0,0.2642,29021
0,0.2642,59994
0,0.2642,64607
0,0.2642,125479
0,0.2642,196985
0,0.2642,200001
0,0.2642,258819
0,0.2642,512305
0,0.2642,523600
0,0.2642,801375
0,0.2642,802423
0,0.2642,804958
0,0.2642,805822
0,0.2642,812201
0,0.2642,776770294
0,0.2643,10303
0,0.2643,12943
0,0.2643,13007
0,0.2643,15150
0,0.2643,16311
0,0.2643,17931
0,0.2643,19602
0,0.2643,34700
0,0.2643,42483
0,0.2643,58532
0,0.2643,80750
0,0.2643,514547
0,0.2643,517723
0,0.2643,800849
0,0.2643,801992
0,0.2643,817096
0,0.2643,936773
0,0.2643,956310
0,0.2644,10282
0,0.2644,11503
0,0.2644,11846
0,0.2644,12900
0,0.2644,15361
0,0.2644,17354
0,0.2644,31735
0,0.2644,44865
0,0.2644,47257
0,0.2644,54246
0,0.2644,55527
0,0.2644,58244
0,0.2644,99882
0,0.2644,113924
0,0.2644,512581
0,0.2644,522354
0,0.2644,524610
0,0.2644,534361
0,0.2644,800412
0,0.2644,800645
0,0.2645,10097
0,0.2645,10834
0,0.2645,14127
0,0.2645,14194
0,0.2645,14523
0,0.2645,16093
0,0.2645,19921
0,0.2645,38706
0,0.2645,45722
0,0.2645,53086
0,0.2645,68658
0,0.2645,172666
0,0.2645,512042
0,0.2645,524655
0,0.2645,555342
0,0.2645,800041
0,0.2646,12060
0,0.2646,15362
0,0.2646,15997
0,0.2646,24153
0,0.2646,26485
0,0.2646,38085
0,0.2646,64874
0,0.2646,104220
0,0.2646,136159
0,0.2646,513401
0,0.2646,515293
0,0.2646,519720
0,0.2646,521813
0,0.2646,801467
0,0.2646,802261
0,0.2646,808856
0,0.2646,848264
0,0.2646,903642
0,0.2647,12368
0,0.2647,13033
0,0.2647,13659
0,0.2647,13730
0,0.2647,15041
0,0.2647,18156
0,0.2647,18670
0,0.2647,19452
0,0.2647,23619
0,0.2647,23846
0,0.2647,199331
0,0.2647,522762
0,0.2647,524968
0,0.2647,530880
0,0.2647,564864
0,0.2647,800554
0,0.2647,801658
0,0.2647,869499
0,0.2647,936810
0,0.2648,10061
0,0.2648,10689
0,0.2648,10969
0,0.2648,11764
0,0.2648,12747
0,0.2648,14215
0,0.2648,14449
0,0.2648,14611
0,0.2648,15273
0,0.2648,16214
0,0.2648,24463
0,0.2648,516820
0,0.2648,521745
0,0.2648,522828
0,0.2648,522841
0,0.2648,525408
0,0.2648,558460
0,0.2648,803013
0,0.2648,804797
0,0.2649,12933
0,0.2649,13628
0,0.2649,14223
0,0.2649,14881
0,0.2649,15083
0,0.2649,15789
0,0.2649,18568
0,0.2649,18779
0,0.2649,20678
0,0.2649,32475
0,0.2649,91359
0,0.2649,470711
0,0.2649,512927
0,0.2649,514605
0,0.2649,525061
0,0.2649,529572
0,0.2649,530445
0,0.2649,803005
0,0.2649,905792
0,0.2650,10475
0,0.2650,11806
0,0.2650,12006
0,0.2650,12319
0,0.2650,12506
0,0.2650,14912
0,0.2650,15325
0,0.2650,16465
0,0.2650,17454
0,0.2650,18109
0,0.2650,21263
0,0.2650,24671
0,0.2650,29939
0,0.2650,32315
0,0.2650,36234
0,0.2650,77245
0,0.2650,536208
0,0.2650,568012
0,0.2650,802854
0,0.2650,906092
0,0.2650,317157307
0,0.2651,11053
0,0.2651,15037
0,0.2651,15616
0,0.2651,15888
0,0.2651,17991
0,0.2651,23601
0,0.2651,57797
0,0.2651,139961
0,0.2651,514997
0,0.2651,519328
0,0.2651,520442
0,0.2651,522761
0,0.2651,522974
0,0.2651,523776
0,0.2651,525066
0,0.2651,802809
0,0.2651,804078
0,0.2651,903425
0,0.2652,10184
0,0.2652,10302
0,0.2652,10959
0,0.2652,12083
0,0.2652,13258
0,0.2652,14040
0,0.2652,14224
0,0.2652,15929
0,0.2652,16579
0,0.2652,18953
0,0.2652,21252
0,0.2652,23602
0,0.2652,25085
0,0.2652,31786
0,0.2652,39880
0,0.2652,56362
0,0.2652,67167
0,0.2652,75688
0,0.2652,94555
0,0.2652,394860
0,0.2652,512236
0,0.2652,513518
0,0.2652,515289
0,0.2652,520016
0,0.2652,526085
0,0.2652,529031
0,0.2652,530460
0,0.2652,533751
0,0.2652,800972
0,0.2652,818987
0,0.2652,926518
0,0.2652,1050014552
0,0.2653,10137
0,0.2653,12067
0,0.2653,12131
0,0.2653,13692
0,0.2653,14227
0,0.2653,15693
0,0.2653,16743
0,0.2653,17325
0,0.2653,21277
0,0.2653,23206
0,0.2653,24382
0,0.2653,30930
0,0.2653,40888
0,0.2653,42277
0,0.2653,52041
0,0.2653,94433
0,0.2653,154212
0,0.2653,513174
0,0.2653,519316
0,0.2653,529385
0,0.2653,802461
0,0.2653,820174
0,0.2653,821058
0,0.2653,776770294
0,0.2654,10167
0,0.2654,10306
0,0.2654,13360
0,0.2654,17008
0,0.2654,18165
0,0.2654,19218
0,0.2654,26666
0,0.2654,33598
0,0.2654,36730
0,0.2654,145879
0,0.2654,158774
0,0.2654,512549
0,0.2654,513284
0,0.2654,518461
0,0.2654,518830
0,0.2654,521241
0,0.2654,523506
0,0.2654,525400
0,0.2654,556346
0,0.2654,803070
0,0.2654,810626
0,0.2654,821729
0,0.2654,932322
0,0.2655,11377
0,0.2655,11896
0,0.2655,16360
0,0.2655,17072
0,0.2655,18504
0,0.2655,21416
0,0.2655,25773
0,0.2655,64399
0,0.2655,106555
0,0.2655,512928
0,0.2655,517548
0,0.2655,524073
0,0.2655,526612
0,0.2655,527048
0,0.2655,806037
0,0.2655,932796
0,0.2656,10040
0,0.2656,13892
0,0.2656,17016
0,0.2656,18743
0,0.2656,21204
0,0.2656,21932
0,0.2656,27296
0,0.2656,45024
0,0.2656,76194
0,0.2656,88342
0,0.2656,512086
0,0.2656,518937
0,0.2656,522734
0,0.2656,522752
0,0.2656,526637
0,0.2656,800925
0,0.2656,801730
0,0.2656,805227
0,0.2656,821058
0,0.2656,955135
0,0.2657,10150
0,0.2657,10175
0,0.2657,10242
0,0.2657,10378
0,0.2657,11607
0,0.2657,15782
0,0.2657,16099
0,0.2657,18113
0,0.2657,18730
0,0.2657,19935
0,0.2657,25792
0,0.2657,30930
0,0.2657,32055
0,0.2657,44005
0,0.2657,48491
0,0.2657,85527
0,0.2657,87792
0,0.2657,392714
0,0.2657,520817
0,0.2657,524902
0,0.2657,530449
0,0.2657,539620
0,0.2657,803241
0,0.2657,804530
0,0.2657,905528
0,0.2657,918582
0,0.2657,317157307
0,0.2658,10185
0,0.2658,11200
0,0.2658,12240
0,0.2658,13301
0,0.2658,17685
0,0.2658,17751
0,0.2658,24634
0,0.2658,25939
0,0.2658,26242
0,0.2658,42975
0,0.2658,48146
0,0.2658,90574
0,0.2658,514405
0,0.2658,515675
0,0.2658,519658
0,0.2658,530151
0,0.2658,801828
0,0.2658,904022
0,0.2659,10099
0,0.2659,10488
0,0.2659,11061
0,0.2659,11423
0,0.2659,11688
0,0.2659,12377
0,0.2659,12809
0,0.2659,12976
0,0.2659,14206
0,0.2659,15051
0,0.2659,16794
0,0.2659,23232
0,0.2659,42997
0,0.2659,114858
0,0.2659,234890
0,0.2659,339863
0,0.2659,511828
0,0.2659,513378
0,0.2659,514125
0,0.2659,518937
0,0.2659,527525
0,0.2659,531755
0,0.2659,536053
0,0.2659,556449
0,0.2659,801280
0,0.2659,801491
0,0.2659,802630
0,0.2659,803982
0,0.2659,808183
0,0.2659,808883
0,0.2659,814353
0,0.2659,848264
0,0.2660,10271
0,0.2660,10365
0,0.2660,10553
0,0.2660,10986
0,0.2660,11021
0,0.2660,13217
0,0.2660,13317
0,0.2660,13984
0,0.2660,19427
0,0.2660,21882
0,0.2660,23513
0,0.2660,29129
0,0.2660,35978
0,0.2660,247112
0,0.2660,520338
0,0.2660,523675
0,0.2660,523786
0,0.2660,800724
0,0.2660,801507
0,0.2660,905600
0,0.2660,934908
0,0.2661,10376
0,0.2661,11603
0,0.2661,12398
0,0.2661,13872
0,0.2661,14939
0,0.2661,16687
0,0.2661,17823
0,0.2661,19355
0,0.2661,20418
0,0.2661,21645
0,0.2661,23180
0,0.2661,37105
0,0.2661,42019
0,0.2661,76219
0,0.2661,81442
0,0.2661,89191
0,0.2661,511823
0,0.2661,514689
0,0.2661,521027
0,0.2661,536264
0,0.2661,804180
0,0.2661,804500
0,0.2662,10394
0,0.2662,10797
0,0.2662,11131
0,0.2662,12644
0,0.2662,14263
0,0.2662,23236
0,0.2662,26537
0,0.2662,28123
0,0.2662,115704
0,0.2662,512513
0,0.2662,518690
0,0.2662,519365
0,0.2662,524894
0,0.2662,555344
0,0.2662,580819
0,0.2662,801492
0,0.2662,805657
0,0.2663,10967
0,0.2663,11445
0,0.2663,12455
0,0.2663,13115
0,0.2663,13537
0,0.2663,13585
0,0.2663,13771
0,0.2663,14011
0,0.2663,15924
0,0.2663,16931
0,0.2663,23325
0,0.2663,26455
0,0.2663,46764
0,0.2663,56542
0,0.2663,513930
0,0.2663,517257
0,0.2663,521240
0,0.2663,801798
0,0.2663,802652
0,0.2663,802958
0,0.2663,821882
0,0.2664,10011
0,0.2664,10109
0,0.2664,10807
0,0.2664,10917
0,0.2664,11401
0,0.2664,11614
0,0.2664,13026
0,0.2664,13151
0,0.2664,13205
0,0.2664,15110
0,0.2664,18170
0,0.2664,28767
0,0.2664,33552
0,0.2664,35450
0,0.2664,42374
0,0.2664,50444
0,0.2664,51159
0,0.2664,58561
0,0.2664,124027
0,0.2664,524654
0,0.2664,532800
0,0.2664,801077
0,0.2664,828718
0,0.2665,10180
0,0.2665,10312
0,0.2665,13877
0,0.2665,15176
0,0.2665,16440
0,0.2665,18601
0,0.2665,19900
0,0.2665,21053
0,0.2665,25362
0,0.2665,58426
0,0.2665,520581
0,0.2665,527475
0,0.2665,801287
0,0.2665,802719
0,0.2665,803929
0,0.2665,849272
0,0.2666,10110
0,0.2666,10669
0,0.2666,12297
0,0.2666,12411
0,0.2666,13121
0,0.2666,13434
0,0.2666,14029
0,0.2666,17878
0,0.2666,20402
0,0.2666,20715
0,0.2666,22657
0,0.2666,30955
0,0.2666,41171
0,0.2666,43756
0,0.2666,58834
0,0.2666,84758
0,0.2666,518513
0,0.2666,519347
0,0.2666,521814
0,0.2666,529408
0,0.2666,574147
0,0.2666,800474
0,0.2666,800851
0,0.2666,802137
0,0.2666,802579
0,0.2666,817670
0,0.2666,834861
0,0.2667,10100
0,0.2667,14034
0,0.2667,14387
0,0.2667,24050
0,0.2667,46073
0,0.2667,59108
0,0.2667,65657
0,0.2667,148726
0,0.2667,174810
0,0.2667,505338
0,0.2667,515221
0,0.2667,518194
0,0.2667,533618
0,0.2667,800158
0,0.2667,802405
0,0.2667,803007
0,0.2667,805776
0,0.2667,808159
0,0.2667,905385
0,0.2668,10156
0,0.2668,10243
0,0.2668,13255
0,0.2668,15775
0,0.2668,18823
0,0.2668,19274
0,0.2668,19767
0,0.2668,26064
0,0.2668,26284
0,0.2668,31642
0,0.2668,35532
0,0.2668,36295
0,0.2668,41688
0,0.2668,55385
0,0.2668,525306
0,0.2668,532909
0,0.2669,10251
0,0.2669,11030
0,0.2669,11316
0,0.2669,11344
0,0.2669,12099
0,0.2669,12716
0,0.2669,14552
0,0.2669,14765
0,0.2669,17821
0,0.2669,19564
0,0.2669,20398
0,0.2669,20620
0,0.2669,35743
0,0.2669,41715
0,0.2669,43881
0,0.2669,126350
0,0.2669,231168
0,0.2669,234867
0,0.2669,364582
0,0.2669,517501
0,0.2669,555713
0,0.2669,558854
0,0.2669,806398
0,0.2669,814353
0,0.2670,10041
0,0.2670,10276
0,0.2670,10751
0,0.2670,11361
0,0.2670,12763
0,0.2670,13471
0,0.2670,14207
0,0.2670,14871
0,0.2670,17835
0,0.2670,18744
0,0.2670,19367
0,0.2670,22884
0,0.2670,24232
0,0.2670,25137
0,0.2670,34896
0,0.2670,39847
0,0.2670,41887
0,0.2670,45427
0,0.2670,51555
0,0.2670,56877
0,0.2670,68489
0,0.2670,72491
0,0.2670,353032
0,0.2670,441056
0,0.2670,513464
0,0.2670,519003
0,0.2670,804326
0,0.2670,804660
0,0.2670,820191
0,0.2671,11013
0,0.2671,11458
0,0.2671,11856
0,0.2671,11874
0,0.2671,11982
0,0.2671,13418
0,0.2671,14399
0,0.2671,15237
0,0.2671,17630
0,0.2671,21174
0,0.2671,22084
0,0.2671,164863
0,0.2671,514045
0,0.2671,519140
0,0.2671,531732
0,0.2671,800501
0,0.2671,800518
0,0.2672,10060
0,0.2672,10169
0,0.2672,12445
0,0.2672,12872
0,0.2672,13707
0,0.2672,17194
0,0.2672,23524
0,0.2672,26901
0,0.2672,28248
0,0.2672,28633
0,0.2672,29458
0,0.2672,31967
0,0.2672,87338
0,0.2672,511778
0,0.2672,512390
0,0.2672,512795
0,0.2672,515877
0,0.2672,516919
0,0.2672,517512
0,0.2672,521075
0,0.2672,529129
0,0.2672,531299
0,0.2672,580329
0,0.2672,827678
0,0.2672,902446
0,0.2672,906003
0,0.2673,11280
0,0.2673,16816
0,0.2673,17156
0,0.2673,19443
0,0.2673,25709
0,0.2673,28791
0,0.2673,30181
0,0.2673,31627
0,0.2673,40768
0,0.2673,141161
0,0.2673,147927
0,0.2673,154759
0,0.2673,513033
0,0.2673,519895
0,0.2673,520210
0,0.2673,804195
0,0.2673,805743
0,0.2673,909363
0,0.2674,10133
0,0.2674,10272
0,0.2674,10514
0,0.2674,10551
0,0.2674,10852
0,0.2674,11255
0,0.2674,12109
0,0.2674,12358
0,0.2674,13158
0,0.2674,16875
0,0.2674,20818
0,0.2674,25318
0,0.2674,31408
0,0.2674,81417
0,0.2674,88014
0,0.2674,88651
0,0.2674,154359
0,0.2674,518937
0,0.2674,519941
0,0.2674,520560
0,0.2674,802402
0,0.2674,903450
0,0.2675,11485
0,0.2675,11723
0,0.2675,12125
0,0.2675,15458
0,0.2675,16275
0,0.2675,16754
0,0.2675,22708
0,0.2675,23779
0,0.2675,30310
0,0.2675,48335
0,0.2675,130279
0,0.2675,148749
0,0.2675,358032
0,0.2675,511926
0,0.2675,520182
0,0.2675,521236
0,0.2675,802164
0,0.2675,906612
0,0.2675,914445
0,0.2676,10447
0,0.2676,12140
0,0.2676,19982
0,0.2676,21296
0,0.2676,27191
0,0.2676,30653
0,0.2676,34187
0,0.2676,37921
0,0.2676,41144
0,0.2676,60241
0,0.2676,92188
0,0.2676,121084
0,0.2676,151050
0,0.2676,513283
0,0.2676,519818
0,0.2676,520217
0,0.2676,520727
0,0.2676,802385
0,0.2676,817089
0,0.2676,828126
0,0.2676,908745
0,0.2677,10453
0,0.2677,10513
0,0.2677,11184
0,0.2677,11802
0,0.2677,12651
0,0.2677,13680
0,0.2677,14559
0,0.2677,14766
0,0.2677,16689
0,0.2677,44690
0,0.2677,152496
0,0.2677,512314
0,0.2677,513520
0,0.2677,516739
0,0.2677,524596
0,0.2677,529422
0,0.2677,802223
0,0.2677,817974
0,0.2677,820174
0,0.2678,11363
0,0.2678,12318
0,0.2678,12355
0,0.2678,12443
0,0.2678,12802
0,0.2678,15904
0,0.2678,18068
0,0.2678,18069
0,0.2678,19189
0,0.2678,22122
0,0.2678,22240
0,0.2678,22870
0,0.2678,23281
0,0.2678,28782
0,0.2678,30068
0,0.2678,33075
0,0.2678,35196
0,0.2678,39095
0,0.2678,46657
0,0.2678,54104
0,0.2678,80867
0,0.2678,131748
0,0.2678,512514
0,0.2678,521409
0,0.2678,521635
0,0.2678,521812
0,0.2678,811054
0,0.2678,813104
0,0.2679,12104
0,0.2679,14509
0,0.2679,14640
0,0.2679,15619
0,0.2679,16178
0,0.2679,16879
0,0.2679,16907
0,0.2679,17790
0,0.2679,18419
0,0.2679,22276
0,0.2679,23359
0,0.2679,35912
0,0.2679,54764
0,0.2679,85686
0,0.2679,98544
0,0.2679,162599
0,0.2679,511841
0,0.2679,512199
0,0.2679,513934
0,0.2679,514546
0,0.2679,518937
0,0.2679,523684
0,0.2679,574357
0,0.2679,801521
0,0.2679,803561
0,0.2679,806110
0,0.2680,10661
0,0.2680,10950
0,0.2680,14434
0,0.2680,14464
0,0.2680,15514
0,0.2680,17134
0,0.2680,18327
0,0.2680,19760
0,0.2680,21719
0,0.2680,23826
0,0.2680,26455
0,0.2680,28525
0,0.2680,28674
0,0.2680,34949
0,0.2680,35324
0,0.2680,36988
0,0.2680,38835
0,0.2680,170407
0,0.2680,392714
0,0.2680,512319
0,0.2680,512858
0,0.2680,523863
0,0.2680,801557
0,0.2680,805338
0,0.2680,906513
0,0.2681,11155
0,0.2681,12500
0,0.2681,12506
0,0.2681,12584
0,0.2681,13559
0,0.2681,13568
0,0.2681,23273
0,0.2681,24776
0,0.2681,26417
0,0.2681,32258
0,0.2681,79615
0,0.2681,511975
0,0.2681,515757
0,0.2681,817096
0,0.2682,10072
0,0.2682,10108
0,0.2682,10566
0,0.2682,10800
0,0.2682,11253
0,0.2682,11338
0,0.2682,13315
0,0.2682,14289
0,0.2682,14997
0,0.2682,15212
0,0.2682,15398
0,0.2682,16110
0,0.2682,20831
0,0.2682,49288
0,0.2682,434891
0,0.2682,523578
0,0.2682,800262
0,0.2682,800376
0,0.2682,803339
0,0.2682,805797
0,0.2682,955284
0,0.2682,981789985
0,0.2683,10290
0,0.2683,10515
0,0.2683,10974
0,0.2683,11717
0,0.2683,13406
0,0.2683,39753
0,0.2683,521374
0,0.2683,521536
0,0.2683,533946
0,0.2683,549024
0,0.2683,802184
0,0.2683,827502
0,0.2683,910865
0,0.2684,10035
0,0.2684,12252
0,0.2684,13442
0,0.2684,14063
0,0.2684,16787
0,0.2684,20077
0,0.2684,21731
0,0.2684,33053
0,0.2684,36384
0,0.2684,50228
0,0.2684,60056
0,0.2684,515294
0,0.2684,519331
0,0.2684,520790
0,0.2684,524761
0,0.2684,802107
0,0.2684,106822444
0,0.2685,10820
0,0.2685,12248
0,0.2685,14438
0,0.2685,15808
0,0.2685,38268
0,0.2685,57935
0,0.2685,517913
0,0.2685,520646
0,0.2685,802368
0,0.2685,805555
0,0.2685,815205
0,0.2685,819387
0,0.2686,11188
0,0.2686,11989
0,0.2686,14816
0,0.2686,15789
0,0.2686,16493
0,0.2686,17024
0,0.2686,17855
0,0.2686,21018
0,0.2686,22185
0,0.2686,26293
0,0.2686,27210
0,0.2686,35503
0,0.2686,37142
0,0.2686,59018
0,0.2686,61398
0,0.2686,234867
0,0.2686,513274
0,0.2686,515950
0,0.2686,519715
0,0.2686,555176
0,0.2686,800042
0,0.2686,805489
0,0.2686,811623
0,0.2686,816113
0,0.2686,1053174360
0,0.2687,10187
0,0.2687,10293
0,0.2687,12054
0,0.2687,15487
0,0.2687,15510
0,0.2687,15839
0,0.2687,17825
0,0.2687,25328
0,0.2687,37265
0,0.2687,38190
0,0.2687,175572
0,0.2687,209688
0,0.2687,513146
0,0.2687,513463
0,0.2687,517852
0,0.2687,805173
0,0.2687,805469
0,0.2688,10299
0,0.2688,10637
0,0.2688,10735
0,0.2688,11563
0,0.2688,14736
0,0.2688,16380
0,0.2688,16473
0,0.2688,18054
0,0.2688,28109
0,0.2688,29713
0,0.2688,30313
0,0.2688,31942
0,0.2688,42509
0,0.2688,44816
0,0.2688,52191
0,0.2688,105436
0,0.2688,513147
0,0.2688,514988
0,0.2688,520087
0,0.2688,520863
0,0.2688,523930
0,0.2688,529127
0,0.2688,555342
0,0.2688,802289
0,0.2688,819387
0,0.2688,824034
0,0.2689,10202
0,0.2689,10740
0,0.2689,11699
0,0.2689,12232
0,0.2689,12900
0,0.2689,16553
0,0.2689,25176
0,0.2689,61079
0,0.2689,137497
0,0.2689,511955
0,0.2689,517763
0,0.2689,518604
0,0.2689,519332
0,0.2689,519705
0,0.2689,519944
0,0.2689,544496
0,0.2689,801148
0,0.2689,805241
0,0.2689,808715
0,0.2689,1050542828
0,0.2690,10051
0,0.2690,10624
0,0.2690,12532
0,0.2690,12605
0,0.2690,12777
0,0.2690,14348
0,0.2690,16659
0,0.2690,17379
0,0.2690,19011
0,0.2690,20600
0,0.2690,38854
0,0.2690,40213
0,0.2690,521662
0,0.2690,524351
0,0.2690,527427
0,0.2690,533223
0,0.2691,11199
0,0.2691,13228
0,0.2691,13773
0,0.2691,14869
0,0.2691,14892
0,0.2691,15399
0,0.2691,15491
0,0.2691,21191
0,0.2691,21849
0,0.2691,28010
0,0.2691,31839
0,0.2691,40565
0,0.2691,58394
0,0.2691,514410
0,0.2691,527588
0,0.2691,801442
0,0.2691,823869
0,0.2692,10099
0,0.2692,10539
0,0.2692,11896
0,0.2692,11900
0,0.2692,12796
0,0.2692,12992
0,0.2692,15495
0,0.2692,17861
0,0.2692,20007
0,0.2692,29648
0,0.2692,35111
0,0.2692,58517
0,0.2692,192306
0,0.2692,512328
0,0.2692,512927
0,0.2692,519399
0,0.2692,520641
0,0.2692,529318
0,0.2692,800343
0,0.2692,800809
0,0.2692,816323
0,0.2693,10323
0,0.2693,10414
0,0.2693,11166
0,0.2693,11836
0,0.2693,13167
0,0.2693,14539
0,0.2693,14643
0,0.2693,15612
0,0.2693,16180
0,0.2693,16350
0,0.2693,30178
0,0.2693,46262
0,0.2693,61273
0,0.2693,144505
0,0.2693,515961
0,0.2693,516643
0,0.2693,1050542828
0,0.2694,10676
0,0.2694,10754
0,0.2694,11201
0,0.2694,11326
0,0.2694,12141
0,0.2694,12343
0,0.2694,14137
0,0.2694,15243
0,0.2694,15680
0,0.2694,15837
0,0.2694,15851
0,0.2694,18437
0,0.2694,18779
0,0.2694,18932
0,0.2694,20774
0,0.2694,24828
0,0.2694,25184
0,0.2694,33298
0,0.2694,39253
0,0.2694,46358
0,0.2694,50250
0,0.2694,66209
0,0.2694,69544
0,0.2694,145229
0,0.2694,515575
0,0.2694,523550
0,0.2694,526298
0,0.2694,802955
0,0.2694,849272
0,0.2694,936838
0,0.2695,10289
0,0.2695,10822
0,0.2695,11751
0,0.2695,12065
0,0.2695,13287
0,0.2695,15955
0,0.2695,16297
0,0.2695,16370
0,0.2695,17525
0,0.2695,19215
0,0.2695,24382
0,0.2695,34191
0,0.2695,36059
0,0.2695,123858
0,0.2695,138056
0,0.2695,294178
0,0.2695,512608
0,0.2695,512663
0,0.2695,515072
0,0.2695,555238
0,0.2695,555259
0,0.2695,809980
0,0.2695,825184
0,0.2695,952874
0,0.2695,954670
0,0.2696,10627
0,0.2696,11053
0,0.2696,13800
0,0.2696,14507
0,0.2696,14881
0,0.2696,15071
0,0.2696,15127
0,0.2696,15360
0,0.2696,16184
0,0.2696,18599
0,0.2696,19036
0,0.2696,19460
0,0.2696,23083
0,0.2696,25970
0,0.2696,39813
0,0.2696,46153
0,0.2696,111004
0,0.2696,174420
0,0.2696,235061
0,0.2696,517417
0,0.2696,520812
0,0.2696,522428
0,0.2696,526375
0,0.2696,533470
0,0.2696,556347
0,0.2696,801713
0,0.2696,803033
0,0.2696,803747
0,0.2696,806620
0,0.2696,808456
0,0.2696,817261
0,0.2696,913454
0,0.2697,10315
0,0.2697,10707
0,0.2697,10845
0,0.2697,11586
0,0.2697,11967
0,0.2697,14315
0,0.2697,15674
0,0.2697,16584
0,0.2697,16639
0,0.2697,18504
0,0.2697,23619
0,0.2697,24741
0,0.2697,26455
0,0.2697,27682
0,0.2697,30522
0,0.2697,48096
0,0.2697,64180
0,0.2697,147617
0,0.2697,258819
0,0.2697,521126
0,0.2697,529385
0,0.2697,549229
0,0.2697,803318
0,0.2697,830295
0,0.2697,935007
0,0.2698,10178
0,0.2698,11038
0,0.2698,15182
0,0.2698,17389
0,0.2698,17691
0,0.2698,17726
0,0.2698,18587
0,0.2698,25792
0,0.2698,27425
0,0.2698,34452
0,0.2698,70651
0,0.2698,76194
0,0.2698,514361
0,0.2698,524767
0,0.2698,530435
0,0.2698,804538
0,0.2698,821201
0,0.2699,10368
0,0.2699,11635
0,0.2699,13836
0,0.2699,17902
0,0.2699,23601
0,0.2699,25045
0,0.2699,27296
0,0.2699,40390
0,0.2699,44250
0,0.2699,97678
0,0.2699,166976
0,0.2699,184446
0,0.2699,800747
0,0.2699,801210
0,0.2699,803992
0,0.2699,806061
0,0.2700,10488
0,0.2700,10691
0,0.2700,11403
0,0.2700,13754
0,0.2700,17274
0,0.2700,18022
0,0.2700,19886
0,0.2700,19999
0,0.2700,27416
0,0.2700,28381
0,0.2700,36812
0,0.2700,40983
0,0.2700,46008
0,0.2700,88157
0,0.2700,155188
0,0.2700,511797
0,0.2700,514405
0,0.2700,520817
0,0.2700,800056
0,0.2700,817261
0,0.2701,10101
0,0.2701,10517
0,0.2701,10677
0,0.2701,10748
0,0.2701,10807
0,0.2701,10846
0,0.2701,11340
0,0.2701,11795
0,0.2701,12091
0,0.2701,15004
0,0.2701,16597
0,0.2701,19720
0,0.2701,21128
0,0.2701,30443
0,0.2701,31757
0,0.2701,71503
0,0.2701,114715
0,0.2701,532079
0,0.2701,801415
0,0.2701,802081
0,0.2702,10385
0,0.2702,11604
0,0.2702,11710
0,0.2702,13048
0,0.2702,17419
0,0.2702,20652
0,0.2702,20715
0,0.2702,33589
0,0.2702,76412
0,0.2702,125111
0,0.2702,511846
0,0.2702,516110
0,0.2702,800490
0,0.2702,801090
0,0.2702,802793
0,0.2702,952874
0,0.2703,11170
0,0.2703,11419
0,0.2703,11495
0,0.2703,15059
0,0.2703,15308
0,0.2703,29177
0,0.2703,38272
0,0.2703,40374
0,0.2703,223967
0,0.2703,258819
0,0.2703,513376
0,0.2703,518309
0,0.2703,524717
0,0.2703,527653
0,0.2703,535668
0,0.2703,905078
0,0.2704,10120
0,0.2704,11058
0,0.2704,12319
0,0.2704,13312
0,0.2704,15914
0,0.2704,18020
0,0.2704,23854
0,0.2704,24088
0,0.2704,27806
0,0.2704,28146
0,0.2704,30807
0,0.2704,40046
0,0.2704,40580
0,0.2704,68889
0,0.2704,124495
0,0.2704,190319
0,0.2704,195264
0,0.2704,247112
0,0.2704,800120
0,0.2704,800827
0,0.2704,802174
0,0.2705,10165
0,0.2705,11021
0,0.2705,11161
0,0.2705,11447
0,0.2705,16579
0,0.2705,16641
0,0.2705,17504
0,0.2705,25939
0,0.2705,58730
0,0.2705,67174
0,0.2705,135681
0,0.2705,139178
0,0.2705,511882
0,0.2705,515091
0,0.2705,515933
0,0.2705,523626
0,0.2705,567101
0,0.2705,801267
0,0.2705,803599
0,0.2706,12401
0,0.2706,12606
0,0.2706,14727
0,0.2706,18921
0,0.2706,27486
0,0.2706,172666
0,0.2706,519230
0,0.2706,519692
0,0.2706,521928
0,0.2706,800181
0,0.2706,817096
0,0.2707,10639
0,0.2707,10914
0,0.2707,11070
0,0.2707,11142
0,0.2707,11568
0,0.2707,11750
0,0.2707,13295
0,0.2707,16794
0,0.2707,24094
0,0.2707,24511
0,0.2707,57559
0,0.2707,63027
0,0.2707,84758
0,0.2707,86264
0,0.2707,117741
0,0.2707,530880
0,0.2707,545990
0,0.2707,813076
0,0.2707,821892
0,0.2708,13079
0,0.2708,15284
0,0.2708,16026
0,0.2708,16643
0,0.2708,17185
0,0.2708,18125
0,0.2708,27737
0,0.2708,32651
0,0.2708,33224
0,0.2708,42483
0,0.2708,83621
0,0.2708,514180
0,0.2708,517256
0,0.2708,521814
0,0.2708,531009
0,0.2708,534419
0,0.2708,800070
0,0.2708,801538
0,0.2709,10027
0,0.2709,10271
0,0.2709,12811
0,0.2709,15534
0,0.2709,17218
0,0.2709,19089
0,0.2709,23325
0,0.2709,25359
0,0.2709,55656
0,0.2709,69319
0,0.2709,353032
0,0.2709,441056
0,0.2709,512077
0,0.2709,518540
0,0.2709,522465
0,0.2709,522738
0,0.2709,537032
0,0.2709,800618
0,0.2709,800691
0,0.2709,902553
0,0.2709,1053174360
0,0.2710,10969
0,0.2710,11205
0,0.2710,12762
0,0.2710,13860
0,0.2710,16880
0,0.2710,19827
0,0.2710,27413
0,0.2710,37196
0,0.2710,39503
0,0.2710,54706
0,0.2710,58834
0,0.2710,59776
0,0.2710,519840
0,0.2710,520816
0,0.2710,521025
0,0.2710,524512
0,0.2710,800910
0,0.2710,802080
0,0.2710,814115
0,0.2710,830766
0,0.2710,956328
0,0.2711,13317
0,0.2711,13432
0,0.2711,15932
0,0.2711,33316
0,0.2711,38847
0,0.2711,43126
0,0.2711,100809
0,0.2711,513968
0,0.2711,800976
0,0.2711,801547
0,0.2711,801816
0,0.2711,804514
0,0.2712,11375
0,0.2712,11908
0,0.2712,11947
0,0.2712,13008
0,0.2712,17474
0,0.2712,19478
0,0.2712,31681
0,0.2712,41054
0,0.2712,41233
0,0.2712,92696
0,0.2712,97863
0,0.2712,513111
0,0.2712,517548
0,0.2712,521633
0,0.2712,524361
0,0.2712,537899
0,0.2712,801366
0,0.2712,905849
0,0.2712,936341
0,0.2713,10479
0,0.2713,10603
0,0.2713,10879
0,0.2713,11246
0,0.2713,11618
0,0.2713,14093
0,0.2713,16175
0,0.2713,18666
0,0.2713,43116
0,0.2713,49002
0,0.2713,95935
0,0.2713,108738
0,0.2713,514596
0,0.2713,517847
0,0.2713,520390
0,0.2713,522974
0,0.2713,953627
0,0.2713,954670
0,0.2713,1137406009
0,0.2714,10132
0,0.2714,14011
0,0.2714,14223
0,0.2714,14259
0,0.2714,21932
0,0.2714,22379
0,0.2714,26136
0,0.2714,40994
0,0.2714,83968
0,0.2714,215209
0,0.2714,529207
0,0.2714,555340
0,0.2714,800638
0,0.2714,861290
0,0.2715,14408
0,0.2715,22937
0,0.2715,50975
0,0.2715,53086
0,0.2715,55630
0,0.2715,234890
0,0.2715,514483
0,0.2715,521241
0,0.2715,903727
0,0.2716,10212
0,0.2716,11893
0,0.2716,12107
0,0.2716,12506
0,0.2716,15713
0,0.2716,16029
0,0.2716,17454
0,0.2716,20185
0,0.2716,514582
0,0.2716,523564
0,0.2716,534301
0,0.2716,803804
0,0.2716,805165
0,0.2716,805949
0,0.2716,830333
0,0.2716,776770294
0,0.2717,19334
0,0.2717,29650
0,0.2717,63923
0,0.2717,512273
0,0.2717,517202
0,0.2717,519144
0,0.2717,527318
0,0.2717,801467
0,0.2717,804445
0,0.2717,807312
0,0.2717,954670
0,0.2718,11318
0,0.2718,13428
0,0.2718,15176
0,0.2718,19323
0,0.2718,22463
0,0.2718,24843
0,0.2718,41640
0,0.2718,53745
0,0.2718,518194
0,0.2718,520119
0,0.2718,800126
0,0.2718,805757
0,0.2718,806427
0,0.2718,816113
0,0.2718,817047
0,0.2718,818961
0,0.2718,936810
0,0.2719,10531
0,0.2719,11772
0,0.2719,12001
0,0.2719,12333
0,0.2719,19376
0,0.2719,104220
0,0.2719,522746
0,0.2719,522815
0,0.2719,524655
0,0.2719,525062
0,0.2719,813291
0,0.2719,820434
0,0.2720,10184
0,0.2720,10428
0,0.2720,11087
0,0.2720,12561
0,0.2720,12572
0,0.2720,14790
0,0.2720,15364
0,0.2720,25684
0,0.2720,47271
0,0.2720,327169
0,0.2720,511881
0,0.2720,513499
0,0.2720,514045
0,0.2720,522387
0,0.2720,556539
0,0.2720,804398
0,0.2720,105856729
0,0.2721,10738
0,0.2721,11402
0,0.2721,11497
0,0.2721,11806
0,0.2721,12104
0,0.2721,12158
0,0.2721,16671
0,0.2721,17931
0,0.2721,219189
0,0.2721,513174
0,0.2721,514997
0,0.2721,521059
0,0.2721,525441
0,0.2721,803017
0,0.2721,817047
0,0.2721,105856729
0,0.2722,10692
0,0.2722,11327
0,0.2722,13698
0,0.2722,14912
0,0.2722,24122
0,0.2722,26211
0,0.2722,70167
0,0.2722,222777
0,0.2722,383941
0,0.2722,800048
0,0.2722,800838
0,0.2722,801375
0,0.2722,803440
0,0.2722,817047
0,0.2722,830766
0,0.2722,956310
0,0.2723,11903
0,0.2723,12398
0,0.2723,12503
0,0.2723,15382
0,0.2723,17115
0,0.2723,20945
0,0.2723,24683
0,0.2723,26665
0,0.2723,30930
0,0.2723,392714
0,0.2723,531769
0,0.2723,556502
0,0.2724,11959
0,0.2724,23080
0,0.2724,59853
0,0.2724,73397
0,0.2724,392714
0,0.2724,801561
0,0.2724,801715
0,0.2724,1111554233
0,0.2725,10047
0,0.2725,10663
0,0.2725,12817
0,0.2725,13434
0,0.2725,13640
0,0.2725,16440
0,0.2725,16818
0,0.2725,17402
0,0.2725,18156
0,0.2725,25255
0,0.2725,25797
0,0.2725,44830
0,0.2725,95057
0,0.2725,514696
0,0.2725,520888
0,0.2725,523776
0,0.2725,531862
0,0.2725,537027
0,0.2725,800613
0,0.2725,801507
0,0.2725,816439
0,0.2725,816644
0,0.2725,929749
0,0.2725,107629970
0,0.2726,11306
0,0.2726,11671
0,0.2726,13692
0,0.2726,14424
0,0.2726,15001
0,0.2726,16343
0,0.2726,16951
0,0.2726,17175
0,0.2726,19825
0,0.2726,20818
0,0.2726,26287
0,0.2726,194213
0,0.2726,511828
0,0.2726,519347
0,0.2726,529604
0,0.2726,543158
0,0.2726,565814
0,0.2726,805244
0,0.2726,805817
0,0.2726,817047
0,0.2727,10041
0,0.2727,12083
0,0.2727,12176
0,0.2727,12923
0,0.2727,13305
0,0.2727,13526
0,0.2727,18419
0,0.2727,27524
0,0.2727,29379
0,0.2727,37552
0,0.2727,804456
0,0.2727,823869
0,0.2727,904624
0,0.2727,956310
0,0.2727,155143464
0,0.2728,10110
0,0.2728,12358
0,0.2728,13302
0,0.2728,16429
0,0.2728,21664
0,0.2728,27596
0,0.2728,42028
0,0.2728,42700
0,0.2728,800317
0,0.2728,802124
0,0.2728,804001
0,0.2728,804696
0,0.2728,828126
0,0.2729,10830
0,0.2729,13229
0,0.2729,15042
0,0.2729,15451
0,0.2729,19189
0,0.2729,22852
0,0.2729,33307
0,0.2729,35743
0,0.2729,303314
0,0.2729,392714
0,0.2729,512513
0,0.2729,513646
0,0.2729,523675
0,0.2729,530449
0,0.2729,803997
0,0.2729,807396
0,0.2729,812884
0,0.2729,822772
0,0.2729,418840426
0,0.2730,11053
0,0.2730,13363
0,0.2730,14464
0,0.2730,14716
0,0.2730,16761
0,0.2730,18585
0,0.2730,18744
0,0.2730,19274
0,0.2730,27308
0,0.2730,54011
0,0.2730,63798
0,0.2730,64607
0,0.2730,512319
0,0.2730,800720
0,0.2730,800724
0,0.2731,10150
0,0.2731,11220
0,0.2731,12055
0,0.2731,12787
0,0.2731,12809
0,0.2731,13442
0,0.2731,14311
0,0.2731,94433
0,0.2731,802181
0,0.2731,802937
0,0.2731,820271
0,0.2731,936524
0,0.2732,10185
0,0.2732,10652
0,0.2732,11614
0,0.2732,12730
0,0.2732,13463
0,0.2732,38084
0,0.2732,48491
0,0.2732,81228
0,0.2732,358032
0,0.2732,513283
0,0.2732,520210
0,0.2732,521092
0,0.2732,522992
0,0.2732,801257
0,0.2732,805026
0,0.2732,806013
0,0.2732,903425
0,0.2732,317157307
0,0.2733,10553
0,0.2733,11164
0,0.2733,12943
0,0.2733,20468
0,0.2733,24702
0,0.2733,29340
0,0.2733,48638
0,0.2733,48914
0,0.2733,49672
0,0.2733,59387
0,0.2733,512750
0,0.2733,522706
0,0.2733,553194
0,0.2733,800082
0,0.2733,800134
0,0.2733,800702
0,0.2733,819096
0,0.2734,10099
0,0.2734,11341
0,0.2734,12510
0,0.2734,14276
0,0.2734,15163
0,0.2734,15244
0,0.2734,17173
0,0.2734,22799
0,0.2734,23273
0,0.2734,30498
0,0.2734,33038
0,0.2734,39657
0,0.2734,61311
0,0.2734,71547
0,0.2734,101032
0,0.2734,107241
0,0.2734,514547
0,0.2734,517601
0,0.2734,522744
0,0.2734,522753
0,0.2734,522762
0,0.2734,800062
0,0.2734,803342
0,0.2734,823262
0,0.2735,14224
0,0.2735,14434
0,0.2735,15110
0,0.2735,19760
0,0.2735,20062
0,0.2735,31682
0,0.2735,35532
0,0.2735,511839
0,0.2735,514413
0,0.2735,800554
0,0.2735,805067
0,0.2735,808183
0,0.2735,817218
0,0.2735,830766
0,0.2735,848264
0,0.2735,903317
0,0.2735,905303
0,0.2735,908747
0,0.2736,11416
0,0.2736,13371
0,0.2736,13667
0,0.2736,16734
0,0.2736,25773
0,0.2736,79892
0,0.2736,800212
0,0.2736,802044
0,0.2737,11254
0,0.2737,11784
0,0.2737,12151
0,0.2737,14966
0,0.2737,19327
0,0.2737,22791
0,0.2737,34949
0,0.2737,85527
0,0.2737,234890
0,0.2737,511823
0,0.2737,512927
0,0.2737,515950
0,0.2737,534361
0,0.2737,802580
0,0.2737,806144
0,0.2737,936713
0,0.2738,13121
0,0.2738,16210
0,0.2738,44313
0,0.2738,102689
0,0.2738,801843
0,0.2738,830295
0,0.2739,10051
0,0.2739,10065
0,0.2739,13559
0,0.2739,13772
0,0.2739,15024
0,0.2739,15362
0,0.2739,15576
0,0.2739,17554
0,0.2739,18238
0,0.2739,24246
0,0.2739,34265
0,0.2739,55527
0,0.2739,57555
0,0.2739,111660
0,0.2739,519443
0,0.2739,524133
0,0.2739,524429
0,0.2739,801492
0,0.2739,804180
0,0.2739,912111327
0,0.2740,12686
0,0.2740,17369
0,0.2740,17981
0,0.2740,22122
0,0.2740,32475
0,0.2740,38835
0,0.2740,44903
0,0.2740,45969
0,0.2740,364582
0,0.2740,804958
0,0.2740,818370
0,0.2740,823598
0,0.2740,935007
0,0.2741,10061
0,0.2741,10114
0,0.2741,13607
0,0.2741,42241
0,0.2741,49464
0,0.2741,60774
0,0.2741,168586
0,0.2741,800008
0,0.2741,805447
0,0.2741,933157
0,0.2742,10704
0,0.2742,11638
0,0.2742,12565
0,0.2742,16636
0,0.2742,27302
0,0.2742,62156
0,0.2742,521701
0,0.2742,527048
0,0.2742,529489
0,0.2742,555257
0,0.2742,800845
0,0.2742,808453
0,0.2742,827683
0,0.2743,10468
0,0.2743,12437
0,0.2743,16493
0,0.2743,16687
0,0.2743,18779
0,0.2743,29116
0,0.2743,45024
0,0.2743,521536
0,0.2743,521675
0,0.2743,800504
0,0.2743,824034
0,0.2744,10241
0,0.2744,12908
0,0.2744,13179
0,0.2744,17878
0,0.2744,20518
0,0.2744,28791
0,0.2744,29135
0,0.2744,34683
0,0.2744,519132
0,0.2744,800505
0,0.2744,802196
0,0.2744,805532
0,0.2744,807167
0,0.2745,12651
0,0.2745,17491
0,0.2745,17790
0,0.2745,26284
0,0.2745,30933
0,0.2745,555342
0,0.2745,800167
0,0.2745,817684
0,0.2746,12006
0,0.2746,14206
0,0.2746,14881
0,0.2746,14954
0,0.2746,32258
0,0.2746,37058
0,0.2746,512390
0,0.2746,512947
0,0.2746,556038
0,0.2746,800783
0,0.2746,807924
0,0.2746,817684
0,0.2746,861290
0,0.2746,952874
0,0.2747,11878
0,0.2747,14566
0,0.2747,19036
0,0.2747,23703
0,0.2747,30371
0,0.2747,519363
0,0.2747,556286
0,0.2747,802980
0,0.2747,814430
0,0.2748,10269
0,0.2748,10959
0,0.2748,11849
0,0.2748,15484
0,0.2748,18504
0,0.2748,23513
0,0.2748,44785
0,0.2748,76194
0,0.2748,327169
0,0.2748,515679
0,0.2748,516369
0,0.2748,519046
0,0.2748,801282
0,0.2748,801976
0,0.2749,10574
0,0.2749,11131
0,0.2749,11665
0,0.2749,13456
0,0.2749,14286
0,0.2749,27296
0,0.2749,291345
0,0.2749,800258
0,0.2749,803052
0,0.2749,806124
0,0.2749,1050443274
0,0.2750,10137
0,0.2750,10336
0,0.2750,11311
0,0.2750,11668
0,0.2750,15210
0,0.2750,15273
0,0.2750,15441
0,0.2750,26417
0,0.2750,37142
0,0.2750,38706
0,0.2750,144787
0,0.2750,804156
0,0.2750,806094
0,0.2751,10847
0,0.2751,12907
0,0.2751,15514
0,0.2751,16642
0,0.2751,16794
0,0.2751,20144
0,0.2751,20545
0,0.2751,21322
0,0.2751,24050
0,0.2751,25792
0,0.2751,25939
0,0.2751,53290
0,0.2751,98544
0,0.2751,131748
0,0.2751,150335
0,0.2751,517512
0,0.2751,532909
0,0.2751,801841
0,0.2751,956310
0,0.2752,10986
0,0.2752,11021
0,0.2752,11688
0,0.2752,12159
0,0.2752,16105
0,0.2752,19025
0,0.2752,514405
0,0.2752,514988
0,0.2752,517257
0,0.2752,522352
0,0.2752,801845
0,0.2752,801970
0,0.2752,806253
0,0.2752,813104
0,0.2753,13863
0,0.2753,14772
0,0.2753,17109
0,0.2753,17901
0,0.2753,40888
0,0.2753,81741
0,0.2753,517255
0,0.2753,518443
0,0.2753,518541
0,0.2753,519399
0,0.2753,520367
0,0.2753,531299
0,0.2753,571495
0,0.2753,574357
0,0.2753,810086
0,0.2753,825184
0,0.2754,10294
0,0.2754,11634
0,0.2754,12131
0,0.2754,12506
0,0.2754,12924
0,0.2754,13115
0,0.2754,20831
0,0.2754,21527
0,0.2754,22870
0,0.2754,30477
0,0.2754,37813
0,0.2754,49318
0,0.2754,516072
0,0.2754,518513
0,0.2754,802201
0,0.2755,10255
0,0.2755,10997
0,0.2755,11507
0,0.2755,11896
0,0.2755,12900
0,0.2755,13258
0,0.2755,13317
0,0.2755,13932
0,0.2755,14686
0,0.2755,17156
0,0.2755,18109
0,0.2755,19386
0,0.2755,23601
0,0.2755,26832
0,0.2755,61398
0,0.2755,516110
0,0.2755,903642
0,0.2756,10969
0,0.2756,11255
0,0.2756,11977
0,0.2756,12095
0,0.2756,12298
0,0.2756,12811
0,0.2756,15458
0,0.2756,22884
0,0.2756,23167
0,0.2756,30108
0,0.2756,34576
0,0.2756,512858
0,0.2756,526612
0,0.2756,803330
0,0.2756,817096
0,0.2756,912379
0,0.2757,11221
0,0.2757,12727
0,0.2757,13984
0,0.2757,15605
0,0.2757,16506
0,0.2757,18980
0,0.2757,22240
0,0.2757,23619
0,0.2757,26455
0,0.2757,40390
0,0.2757,42083
0,0.2757,46466
0,0.2757,53641
0,0.2757,58394
0,0.2757,219189
0,0.2757,513401
0,0.2757,518604
0,0.2757,521406
0,0.2757,801295
0,0.2757,805185
0,0.2757,806297
0,0.2757,809979
0,0.2757,842254
0,0.2758,11199
0,0.2758,11723
0,0.2758,11900
0,0.2758,12319
0,0.2758,13877
0,0.2758,18278
0,0.2758,22626
0,0.2758,23325
0,0.2758,28683
0,0.2758,36829
0,0.2758,511821
0,0.2758,520817
0,0.2758,521814
0,0.2758,800856
0,0.2758,802964
0,0.2758,815281
0,0.2759,10288
0,0.2759,11338
0,0.2759,17419
0,0.2759,23654
0,0.2759,26402
0,0.2759,42332
0,0.2759,42997
0,0.2759,520439
0,0.2759,520821
0,0.2759,800326
0,0.2759,828126
0,0.2759,830025
0,0.2759,941319
0,0.2760,10097
0,0.2760,13969
0,0.2760,14011
0,0.2760,14194
0,0.2760,18343
0,0.2760,18686
0,0.2760,48125
0,0.2760,71877
0,0.2760,512825
0,0.2760,514125
0,0.2760,522972
0,0.2760,532751
0,0.2760,803860
0,0.2760,904319
0,0.2760,907500
0,0.2760,776770294
0,0.2761,10018
0,0.2761,10303
0,0.2761,12060
0,0.2761,31735
0,0.2761,47438
0,0.2761,63122
0,0.2761,63701
0,0.2761,364582
0,0.2761,517847
0,0.2761,523482
0,0.2761,818085
0,0.2761,818987
0,0.2761,903643
0,0.2761,906365
0,0.2762,11877
0,0.2762,16517
0,0.2762,19452
0,0.2762,20418
0,0.2762,23826
0,0.2762,25153
0,0.2762,57935
0,0.2762,85395
0,0.2762,801415
0,0.2762,807787
0,0.2762,818961
0,0.2763,11103
0,0.2763,11406
0,0.2763,11710
0,0.2763,12716
0,0.2763,31070
0,0.2763,54602
0,0.2763,258819
0,0.2763,514416
0,0.2763,515775
0,0.2763,524761
0,0.2763,805227
0,0.2763,907256
0,0.2764,10243
0,0.2764,10295
0,0.2764,11608
0,0.2764,12067
0,0.2764,12802
0,0.2764,14041
0,0.2764,18601
0,0.2764,22900
0,0.2764,40289
0,0.2764,235061
0,0.2764,512793
0,0.2764,517548
0,0.2764,549229
0,0.2764,800376
0,0.2764,804078
0,0.2764,900035
0,0.2765,10187
0,0.2765,11765
0,0.2765,18437
0,0.2765,18932
0,0.2765,26741
0,0.2765,27191
0,0.2765,28254
0,0.2765,515933
0,0.2765,529385
0,0.2765,802392
0,0.2765,818987
0,0.2765,928701
0,0.2766,11495
0,0.2766,12318
0,0.2766,24382
0,0.2766,112956
0,0.2766,523552
0,0.2766,524968
0,0.2766,804288
0,0.2766,806302
0,0.2766,909139
0,0.2767,13615
0,0.2767,14736
0,0.2767,15502
0,0.2767,18050
0,0.2767,29535
0,0.2767,37921
0,0.2767,66976
0,0.2767,75129
0,0.2767,154893
0,0.2767,514579
0,0.2767,521203
0,0.2767,524902
0,0.2767,802955
0,0.2767,902280
0,0.2768,10394
0,0.2768,11142
0,0.2768,11618
0,0.2768,11789
0,0.2768,23249
0,0.2768,25045
0,0.2768,29207
0,0.2768,40300
0,0.2768,514596
0,0.2768,800816
0,0.2768,803070
0,0.2768,817089
0,0.2768,830025
0,0.2768,830333
0,0.2768,901888
0,0.2768,904184
0,0.2768,952874
0,0.2769,12299
0,0.2769,21932
0,0.2769,24232
0,0.2769,30310
0,0.2769,30496
0,0.2769,58532
0,0.2769,130455
0,0.2769,514952
0,0.2769,526298
0,0.2769,555344
0,0.2769,801193
0,0.2769,817670
0,0.2770,17454
0,0.2770,39753
0,0.2770,39813
0,0.2770,43756
0,0.2770,57522
0,0.2770,195264
0,0.2770,515072
0,0.2770,518112
0,0.2770,801077
0,0.2771,10967
0,0.2771,13158
0,0.2771,13242
0,0.2771,13586
0,0.2771,14863
0,0.2771,40768
0,0.2771,53086
0,0.2771,70651
0,0.2771,530151
0,0.2771,803129
0,0.2771,818085
0,0.2771,822728
0,0.2771,956328
0,0.2772,10110
0,0.2772,10168
0,0.2772,10222
0,0.2772,10494
0,0.2772,10917
0,0.2772,12398
0,0.2772,12606
0,0.2772,13595
0,0.2772,14869
0,0.2772,19308
0,0.2772,28522
0,0.2772,28584
0,0.2772,58730
0,0.2772,61243
0,0.2772,98698
0,0.2772,339863
0,0.2772,512930
0,0.2772,519895
0,0.2772,527588
0,0.2772,806355
0,0.2773,10479
0,0.2773,14215
0,0.2773,16879
0,0.2773,28469
0,0.2773,174420
0,0.2773,234867
0,0.2773,258819
0,0.2773,522734
0,0.2773,802958
0,0.2773,803241
0,0.2773,820174
0,0.2774,10041
0,0.2774,10365
0,0.2774,10879
0,0.2774,11699
0,0.2774,11856
0,0.2774,12104
0,0.2774,12228
0,0.2774,12487
0,0.2774,34896
0,0.2774,43113
0,0.2774,50575
0,0.2774,164031
0,0.2774,511857
0,0.2774,800132
0,0.2774,805639
0,0.2774,317157307
0,0.2775,10202
0,0.2775,10302
0,0.2775,11768
0,0.2775,15325
0,0.2775,18744
0,0.2775,22014
0,0.2775,32315
0,0.2775,39082
0,0.2775,39504
0,0.2775,42285
0,0.2775,53190
0,0.2775,140519
0,0.2775,511828
0,0.2775,513146
0,0.2775,513283
0,0.2775,516098
0,0.2775,523636
0,0.2775,806037
0,0.2775,830333
0,0.2775,936524
0,0.2775,214700177
0,0.2776,10719
0,0.2776,10949
0,0.2776,11455
0,0.2776,12333
0,0.2776,14330
0,0.2776,16473
0,0.2776,16625
0,0.2776,18728
0,0.2776,20818
0,0.2776,44543
0,0.2776,64399
0,0.2776,68889
0,0.2776,112897
0,0.2776,800676
0,0.2776,802652
0,0.2776,981789985
0,0.2777,11200
0,0.2777,12843
0,0.2777,15310
0,0.2777,16198
0,0.2777,19720
0,0.2777,21719
0,0.2777,24922
0,0.2777,28674
0,0.2777,34187
0,0.2777,83143
0,0.2777,200001
0,0.2777,520435
0,0.2777,800228
0,0.2777,812134
0,0.2777,817974
0,0.2777,1137406009
0,0.2778,10974
0,0.2778,15789
0,0.2778,17696
0,0.2778,19956
0,0.2778,27179
0,0.2778,140790
0,0.2778,525354
0,0.2778,530880
0,0.2778,531732
0,0.2778,802296
0,0.2778,805489
0,0.2778,830333
0,0.2778,839612
0,0.2778,954670
0,0.2779,10285
0,0.2779,11497
0,0.2779,11607
0,0.2779,13442
0,0.2779,17931
0,0.2779,18125
0,0.2779,34620
0,0.2779,42483
0,0.2779,53639
0,0.2779,137497
0,0.2779,511881
0,0.2779,513174
0,0.2779,513636
0,0.2779,518461
0,0.2779,522754
0,0.2779,810335
0,0.2780,11802
0,0.2780,13428
0,0.2780,14664
0,0.2780,15361
0,0.2780,23273
0,0.2780,25763
0,0.2780,59776
0,0.2780,97180
0,0.2780,520087
0,0.2781,10011
0,0.2781,10035
0,0.2781,10466
0,0.2781,11532
0,0.2781,12252
0,0.2781,12358
0,0.2781,20185
0,0.2781,23281
0,0.2781,52728
0,0.2781,519514
0,0.2781,520641
0,0.2781,533667
0,0.2781,803732
0,0.2781,807948
0,0.2781,808888
0,0.2782,10052
0,0.2782,10825
0,0.2782,18419
0,0.2782,21252
0,0.2782,24833
0,0.2782,36235
0,0.2782,38389
0,0.2782,518309
0,0.2782,519720
0,0.2782,524610
0,0.2782,530136
0,0.2782,574147
0,0.2782,800391
0,0.2783,10299
0,0.2783,10855
0,0.2783,10868
0,0.2783,19189
0,0.2783,25723
0,0.2783,28010
0,0.2783,44816
0,0.2783,99108
0,0.2783,512927
0,0.2783,523863
0,0.2783,829341
0,0.2783,869499
0,0.2784,10080
0,0.2784,10120
0,0.2784,10290
0,0.2784,11711
0,0.2784,13537
0,0.2784,13551
0,0.2784,13872
0,0.2784,16579
0,0.2784,104220
0,0.2784,524655
0,0.2784,529516
0,0.2784,800126
0,0.2784,800163
0,0.2784,800181
0,0.2784,801507
0,0.2784,801895
0,0.2784,804627
0,0.2784,817453
0,0.2784,820191
0,0.2784,829714
0,0.2784,902553
0,0.2785,10165
0,0.2785,11327
0,0.2785,14223
0,0.2785,15117
0,0.2785,15731
0,0.2785,21563
0,0.2785,33075
0,0.2785,68489
0,0.2785,81442
0,0.2785,121067
0,0.2785,174184
0,0.2785,522974
0,0.2785,536208
0,0.2785,802381
0,0.2785,802662
0,0.2785,802755
0,0.2786,11025
0,0.2786,11671
0,0.2786,12396
0,0.2786,15997
0,0.2786,17685
0,0.2786,18766
0,0.2786,58331
0,0.2786,63923
0,0.2786,69544
0,0.2786,143610
0,0.2786,512077
0,0.2786,555259
0,0.2786,801639
0,0.2786,827683
0,0.2786,1050542828
0,0.2787,10555
0,0.2787,10704
0,0.2787,11201
0,0.2787,11402
0,0.2787,11420
0,0.2787,11485
0,0.2787,13217
0,0.2787,14061
0,0.2787,14697
0,0.2787,14756
0,0.2787,15304
0,0.2787,15888
0,0.2787,34949
0,0.2787,36524
0,0.2787,47257
0,0.2787,70337
0,0.2787,123422
0,0.2787,514045
0,0.2787,514344
0,0.2787,514546
0,0.2787,515545
0,0.2787,524224
0,0.2787,801105
0,0.2787,801581
0,0.2787,801658
0,0.2787,802051
0,0.2787,802486
0,0.2787,804500
0,0.2787,904236
0,0.2787,955135
0,0.2788,10368
0,0.2788,11032
0,0.2788,12720
0,0.2788,14134
0,0.2788,14434
0,0.2788,23809
0,0.2788,38454
0,0.2788,234890
0,0.2788,392714
0,0.2788,522828
0,0.2788,800718
0,0.2788,805491
0,0.2788,849272
0,0.2788,903727
0,0.2788,903732
0,0.2789,10624
0,0.2789,11326
0,0.2789,12902
0,0.2789,15274
0,0.2789,21849
0,0.2789,25184
0,0.2789,26287
0,0.2789,48491
0,0.2789,94433
0,0.2789,470711
0,0.2789,530449
0,0.2789,800578
0,0.2789,801489
0,0.2789,803929
0,0.2789,904423
0,0.2789,936810
0,0.2790,10107
0,0.2790,10209
0,0.2790,11030
0,0.2790,11152
0,0.2790,11166
0,0.2790,12140
0,0.2790,12297
0,0.2790,12405
0,0.2790,13013
0,0.2790,14896
0,0.2790,14997
0,0.2790,18779
0,0.2790,520642
0,0.2790,521240
0,0.2790,529520
0,0.2790,803168
0,0.2790,803440
0,0.2791,11008
0,0.2791,12109
0,0.2791,12532
0,0.2791,12590
0,0.2791,18156
0,0.2791,19255
0,0.2791,30313
0,0.2791,34252
0,0.2791,35109
0,0.2791,116166
0,0.2791,512328
0,0.2791,521815
0,0.2791,531768
0,0.2791,555727
0,0.2791,804299
0,0.2791,806281
0,0.2791,817261
0,0.2792,10658
0,0.2792,11012
0,0.2792,11053
0,0.2792,14885
0,0.2792,18940
0,0.2792,23602
0,0.2792,29939
0,0.2792,103278
0,0.2792,516643
0,0.2792,518707
0,0.2792,521241
0,0.2792,536058
0,0.2792,904122
0,0.2792,936341
0,0.2793,10687
0,0.2793,12411
0,0.2793,18463
0,0.2793,27372
0,0.2793,71611
0,0.2793,512273
0,0.2793,512795
0,0.2793,514863
0,0.2793,522715
0,0.2793,802232
0,0.2793,802768
0,0.2794,10072
0,0.2794,10099
0,0.2794,10319
0,0.2794,10404
0,0.2794,13134
0,0.2794,14074
0,0.2794,14289
0,0.2794,17825
0,0.2794,18937
0,0.2794,28184
0,0.2794,38272
0,0.2794,146091
0,0.2794,520817
0,0.2794,523776
0,0.2794,800008
0,0.2794,802223
0,0.2794,817218
0,0.2794,818085
0,0.2794,903450
0,0.2794,903567
0,0.2795,10018
0,0.2795,14918
0,0.2795,17726
0,0.2795,18054
0,0.2795,19982
0,0.2795,81710
0,0.2795,514605
0,0.2795,555713
0,0.2795,800589
0,0.2795,801164
0,0.2795,801530
0,0.2796,10185
0,0.2796,13559
0,0.2796,16430
0,0.2796,16708
0,0.2796,17016
0,0.2796,19760
0,0.2796,27025
0,0.2796,28186
0,0.2796,35743
0,0.2796,514405
0,0.2796,522752
0,0.2796,801998
0,0.2796,803829
0,0.2796,932684
0,0.2797,10969
0,0.2797,11377
0,0.2797,12777
0,0.2797,15890
0,0.2797,16705
0,0.2797,18597
0,0.2797,19112
0,0.2797,30807
0,0.2797,64180
0,0.2797,518194
0,0.2797,524717
0,0.2797,529803
0,0.2797,800907
0,0.2797,800927
0,0.2797,932321
0,0.2797,932322
0,0.2798,10994
0,0.2798,11628
0,0.2798,14881
0,0.2798,15176
0,0.2798,22709
0,0.2798,24634
0,0.2798,27893
0,0.2798,40385
0,0.2798,114858
0,0.2798,209688
0,0.2798,514997
0,0.2798,515015
0,0.2798,523821
0,0.2798,556502
0,0.2798,800159
0,0.2798,800724
0,0.2798,807534
0,0.2798,834861
0,0.2798,1050687371
0,0.2799,10150
0,0.2799,10175
0,0.2799,10265
0,0.2799,11663
0,0.2799,12646
0,0.2799,13229
0,0.2799,14093
0,0.2799,15535
0,0.2799,21688
0,0.2799,57240
0,0.2799,105709
0,0.2799,114715
0,0.2799,138585
0,0.2799,517256
0,0.2799,521059
0,0.2799,533590
0,0.2799,581422
0,0.2799,805825
0,0.2800,10187
0,0.2800,11307
0,0.2800,11902
0,0.2800,14766
0,0.2800,16794
0,0.2800,17402
0,0.2800,20774
0,0.2800,21296
0,0.2800,26353
0,0.2800,41171
0,0.2800,46764
0,0.2800,87077
0,0.2800,520194
0,0.2800,522809
0,0.2800,555340
0,0.2800,820174
0,0.2801,10447
0,0.2801,10638
0,0.2801,11717
0,0.2801,12108
0,0.2801,12976
0,0.2801,13698
0,0.2801,14486
0,0.2801,18504
0,0.2801,22185
0,0.2801,58517
0,0.2801,85527
0,0.2801,98157
0,0.2801,529259
0,0.2801,530435
0,0.2801,805244
0,0.2801,813076
0,0.2801,932796
0,0.2802,10816
0,0.2802,14207
0,0.2802,25792
0,0.2802,38926
0,0.2802,54462
0,0.2802,511823
0,0.2802,513594
0,0.2802,519862
0,0.2802,533103
0,0.2802,803566
0,0.2802,808183
0,0.2802,811204
0,0.2802,830766
0,0.2803,10692
0,0.2803,11021
0,0.2803,11131
0,0.2803,12506
0,0.2803,14127
0,0.2803,25939
0,0.2803,28123
0,0.2803,32393
0,0.2803,383941
0,0.2803,522841
0,0.2803,523675
0,0.2803,529498
0,0.2803,529512
0,0.2803,555342
0,0.2803,559141
0,0.2803,800412
0,0.2803,802544
0,0.2803,803561
0,0.2803,903280
0,0.2803,903425
0,0.2804,10138
0,0.2804,10497
0,0.2804,10517
0,0.2804,10669
0,0.2804,12900
0,0.2804,13317
0,0.2804,15051
0,0.2804,16093
0,0.2804,19618
0,0.2804,47107
0,0.2804,70088
0,0.2804,154359
0,0.2804,519454
0,0.2804,524795
0,0.2804,805647
0,0.2804,829714
0,0.2804,956310
0,0.2805,10802
0,0.2805,11896
0,0.2805,12054
0,0.2805,12298
0,0.2805,16707
0,0.2805,16862
0,0.2805,16986
0,0.2805,17244
0,0.2805,17691
0,0.2805,41598
0,0.2805,76194
0,0.2805,512390
0,0.2805,513111
0,0.2805,521814
0,0.2805,522738
0,0.2805,555238
0,0.2805,801133
0,0.2805,802174
0,0.2805,819089
0,0.2805,904983
0,0.2806,10495
0,0.2806,11192
0,0.2806,11900
0,0.2806,11929
0,0.2806,13860
0,0.2806,15393
0,0.2806,16380
0,0.2806,16781
0,0.2806,27296
0,0.2806,40046
0,0.2806,45197
0,0.2806,102359
0,0.2806,175572
0,0.2806,513033
0,0.2806,517913
0,0.2806,524361
0,0.2806,806636
0,0.2806,903159
0,0.2807,10122
0,0.2807,10376
0,0.2807,12178
0,0.2807,14523
0,0.2807,15905
0,0.2807,16493
0,0.2807,18585
0,0.2807,22240
0,0.2807,38835
0,0.2807,512513
0,0.2807,513968
0,0.2807,520646
0,0.2807,521928
0,0.2807,523843
0,0.2807,532909
0,0.2807,935007
0,0.2808,10725
0,0.2808,11005
0,0.2808,11568
0,0.2808,15680
0,0.2808,16554
0,0.2808,30497
0,0.2808,38858
0,0.2808,45118
0,0.2808,512581
0,0.2808,522387
0,0.2808,802139
0,0.2808,819089
0,0.2808,911192
0,0.2809,10553
0,0.2809,11419
0,0.2809,12107
0,0.2809,12155
0,0.2809,12503
0,0.2809,13258
0,0.2809,14115
0,0.2809,14424
0,0.2809,16399
0,0.2809,19825
0,0.2809,26284
0,0.2809,26607
0,0.2809,36812
0,0.2809,50397
0,0.2809,519399
0,0.2809,520621
0,0.2809,527048
0,0.2809,800910
0,0.2810,10831
0,0.2810,11245
0,0.2810,11734
0,0.2810,12065
0,0.2810,14461
0,0.2810,16440
0,0.2810,23325
0,0.2810,23601
0,0.2810,32258
0,0.2810,35532
0,0.2810,63939
0,0.2810,800048
0,0.2810,802543
0,0.2810,810586
0,0.2811,10428
0,0.2811,11338
0,0.2811,13800
0,0.2811,24866
0,0.2811,46152
0,0.2811,60946
0,0.2811,520773
0,0.2811,521374
0,0.2811,521813
0,0.2811,531647
0,0.2811,800925
0,0.2811,802461
0,0.2811,806286
0,0.2811,815064
0,0.2812,10226
0,0.2812,13434
0,0.2812,16642
0,0.2812,19215
0,0.2812,24683
0,0.2812,61398
0,0.2812,353032
0,0.2812,514988
0,0.2812,517059
0,0.2812,519132
0,0.2812,522706
0,0.2812,800056
0,0.2812,956323
0,0.2812,981789985
0,0.2813,10414
0,0.2813,10799
0,0.2813,10844
0,0.2813,12083
0,0.2813,13228
0,0.2813,14259
0,0.2813,15496
0,0.2813,16569
0,0.2813,18508
0,0.2813,33307
0,0.2813,49630
0,0.2813,87645
0,0.2813,519347
0,0.2813,801258
0,0.2813,803007
0,0.2813,803524
0,0.2813,804530
0,0.2813,804778
0,0.2813,907866
0,0.2814,10114
0,0.2814,10305
0,0.2814,10322
0,0.2814,10820
0,0.2814,11027
0,0.2814,11199
0,0.2814,11701
0,0.2814,13568
0,0.2814,21613
0,0.2814,22521
0,0.2814,26666
0,0.2814,50228
0,0.2814,98544
0,0.2814,131748
0,0.2814,518777
0,0.2814,519925
0,0.2814,522428
0,0.2814,529603
0,0.2814,803077
0,0.2814,810881
0,0.2814,902501
0,0.2814,905385
0,0.2814,936838
0,0.2815,12221
0,0.2815,13312
0,0.2815,13824
0,0.2815,16039
0,0.2815,17790
0,0.2815,19334
0,0.2815,222777
0,0.2815,511955
0,0.2815,521236
0,0.2815,529489
0,0.2815,559335
0,0.2815,815454
0,0.2816,11806
0,0.2816,12232
0,0.2816,15955
0,0.2816,17420
0,0.2816,46674
0,0.2816,289948
0,0.2816,512662
0,0.2816,517548
0,0.2816,537135
0,0.2816,801816
0,0.2816,807649
0,0.2816,810198
0,0.2816,903570
0,0.2816,906554
0,0.2816,353379798
0,0.2816,1050074465
0,0.2817,10097
0,0.2817,11038
0,0.2817,11606
0,0.2817,13167
0,0.2817,13307
0,0.2817,13607
0,0.2817,13740
0,0.2817,14224
0,0.2817,15612
0,0.2817,17835
0,0.2817,21609
0,0.2817,44903
0,0.2817,512750
0,0.2817,517202
0,0.2817,517512
0,0.2817,518220
0,0.2817,519144
0,0.2817,801199
0,0.2817,813695
0,0.2817,955135
0,0.2818,10133
0,0.2818,11210
0,0.2818,12811
0,0.2818,13864
0,0.2818,24136
0,0.2818,26901
0,0.2818,48335
0,0.2818,82205
0,0.2818,519840
0,0.2818,555176
0,0.2818,805517
0,0.2818,826175
0,0.2818,353379798
0,0.2818,1050014552
0,0.2819,11915
0,0.2819,12445
0,0.2819,12943
0,0.2819,14206
0,0.2819,17046
0,0.2819,17175
0,0.2819,45288
0,0.2819,56017
0,0.2819,515950
0,0.2819,519365
0,0.2819,523349
0,0.2819,533761
0,0.2819,800554
0,0.2819,800984
0,0.2819,803014
0,0.2819,804823
0,0.2819,911639
0,0.2820,10385
0,0.2820,11253
0,0.2820,11836
0,0.2820,12651
0,0.2820,17878
0,0.2820,18415
0,0.2820,20277
0,0.2820,28791
0,0.2820,40390
0,0.2820,234890
0,0.2820,513644
0,0.2820,521126
0,0.2820,522983
0,0.2820,801366
0,0.2821,10204
0,0.2821,11416
0,0.2821,12104
0,0.2821,19274
0,0.2821,32967
0,0.2821,38085
0,0.2821,39095
0,0.2821,79464
0,0.2821,512858
0,0.2821,523600
0,0.2821,524073
0,0.2821,533946
0,0.2821,800212
0,0.2821,800890
0,0.2821,804556
0,0.2821,909383
0,0.2821,956323
0,0.2822,10044
0,0.2822,10255
0,0.2822,10777
0,0.2822,11061
0,0.2822,13751
0,0.2822,14559
0,0.2822,15163
0,0.2822,15514
0,0.2822,17156
0,0.2822,17751
0,0.2822,51887
0,0.2822,94239
0,0.2822,513463
0,0.2822,518604
0,0.2822,520115
0,0.2822,537032
0,0.2822,561653
0,0.2822,801179
0,0.2823,11280
0,0.2823,11723
0,0.2823,13007
0,0.2823,13035
0,0.2823,20530
0,0.2823,20818
0,0.2823,23619
0,0.2823,104187
0,0.2823,258819
0,0.2823,531862
0,0.2823,803210
0,0.2823,827683
0,0.2824,10205
0,0.2824,10432
0,0.2824,12345
0,0.2824,12398
0,0.2824,12542
0,0.2824,13238
0,0.2824,13773
0,0.2824,14643
0,0.2824,14912
0,0.2824,19616
0,0.2824,303314
0,0.2824,513283
0,0.2824,513646
0,0.2824,517847
0,0.2824,520210
0,0.2824,524074
0,0.2824,527585
0,0.2824,531643
0,0.2824,800757
0,0.2824,803982
0,0.2824,817974
0,0.2824,924883
0,0.2825,10033
0,0.2825,10041
0,0.2825,10110
0,0.2825,10371
0,0.2825,10830
0,0.2825,12264
0,0.2825,13281
0,0.2825,13877
0,0.2825,14137
0,0.2825,16687
0,0.2825,17454
0,0.2825,20831
0,0.2825,54597
0,0.2825,60466
0,0.2825,816439
0,0.2825,817218
0,0.2825,118002941
0,0.2826,10898
0,0.2826,11712
0,0.2826,12993
0,0.2826,13969
0,0.2826,14733
0,0.2826,35635
0,0.2826,36691
0,0.2826,39253
0,0.2826,43695
0,0.2826,58481
0,0.2826,62778
0,0.2826,63027
0,0.2826,81228
0,0.2826,91391
0,0.2826,154544
0,0.2826,519140
0,0.2826,519616
0,0.2826,519705
0,0.2826,524761
0,0.2826,803709
0,0.2826,814010
0,0.2826,1050045395
0,0.2827,13184
0,0.2827,13515
0,0.2827,14279
0,0.2827,14717
0,0.2827,15713
0,0.2827,18041
0,0.2827,20497
0,0.2827,22084
0,0.2827,22870
0,0.2827,24708
0,0.2827,35474
0,0.2827,45024
0,0.2827,84901
0,0.2827,364582
0,0.2827,513520
0,0.2827,800820
0,0.2827,801503
0,0.2827,801841
0,0.2827,802368
0,0.2827,804128
0,0.2827,908747
0,0.2828,10362
0,0.2828,11795
0,0.2828,11948
0,0.2828,12368
0,0.2828,15458
0,0.2828,18744
0,0.2828,20780
0,0.2828,21637
0,0.2828,21932
0,0.2828,39880
0,0.2828,45340
0,0.2828,53086
0,0.2828,61079
0,0.2828,119860
0,0.2828,514125
0,0.2828,520367
0,0.2828,521763
0,0.2828,803219
0,0.2828,914445
0,0.2829,11371
0,0.2829,12181
0,0.2829,12605
0,0.2829,12796
0,0.2829,13397
0,0.2829,16370
0,0.2829,16599
0,0.2829,20755
0,0.2829,24382
0,0.2829,46687
0,0.2829,55527
0,0.2829,55630
0,0.2829,127571
0,0.2829,512509
0,0.2829,513405
0,0.2829,514441
0,0.2829,520081
0,0.2829,529385
0,0.2829,529515
0,0.2829,817670
0,0.2830,10564
0,0.2830,10612
0,0.2830,11772
0,0.2830,11785
0,0.2830,12006
0,0.2830,18932
0,0.2830,64607
0,0.2830,68658
0,0.2830,210670
0,0.2830,512549
0,0.2830,515933
0,0.2830,520581
0,0.2830,522757
0,0.2830,522761
0,0.2830,547701
0,0.2830,819656
0,0.2831,11363
0,0.2831,11883
0,0.2831,12358
0,0.2831,15494
0,0.2831,17379
0,0.2831,25045
0,0.2831,27119
0,0.2831,57935
0,0.2831,801412
0,0.2831,805229
0,0.2831,807097
0,0.2831,829341
0,0.2832,10099
0,0.2832,10109
0,0.2832,10967
0,0.2832,11402
0,0.2832,14191
0,0.2832,16659
0,0.2832,17759
0,0.2832,21778
0,0.2832,31923
0,0.2832,39753
0,0.2832,39813
0,0.2832,46691
0,0.2832,49015
0,0.2832,522465
0,0.2832,800042
0,0.2832,801295
0,0.2832,802145
0,0.2833,10241
0,0.2833,11618
0,0.2833,12319
0,0.2833,13026
0,0.2833,13179
0,0.2833,13287
0,0.2833,13442
0,0.2833,13526
0,0.2833,14014
0,0.2833,16026
0,0.2833,17272
0,0.2833,19290
0,0.2833,22122
0,0.2833,26417
0,0.2833,39847
0,0.2833,514547
0,0.2833,534361
0,0.2833,800214
0,0.2833,800376
0,0.2833,800851
0,0.2833,802371
0,0.2833,806817
0,0.2833,820191
0,0.2834,11750
0,0.2834,12343
0,0.2834,14714
0,0.2834,17408
0,0.2834,18419
0,0.2834,19189
0,0.2834,23273
0,0.2834,67864
0,0.2834,215209
0,0.2834,515757
0,0.2834,527588
0,0.2834,533914
0,0.2834,800504
0,0.2834,801118
0,0.2834,801970
0,0.2834,803013
0,0.2834,821201
0,0.2835,10286
0,0.2835,10323
0,0.2835,10515
0,0.2835,10691
0,0.2835,13404
0,0.2835,20418
0,0.2835,29493
0,0.2835,42793
0,0.2835,45969
0,0.2835,58394
0,0.2835,58730
0,0.2835,60774
0,0.2835,61921
0,0.2835,522762
0,0.2835,523379
0,0.2835,524033
0,0.2835,526311
0,0.2835,529519
0,0.2835,580097
0,0.2835,800041
0,0.2835,802118
0,0.2835,807359
0,0.2835,816439
0,0.2835,817261
0,0.2835,819387
0,0.2835,819656
0,0.2835,908143
0,0.2835,909643
0,0.2835,926518
0,0.2835,956305
0,0.2836,10719
0,0.2836,10852
0,0.2836,13273
0,0.2836,13650
0,0.2836,14011
0,0.2836,18226
0,0.2836,18437
0,0.2836,18779
0,0.2836,47564
0,0.2836,511839
0,0.2836,520641
0,0.2836,800158
0,0.2836,802955
0,0.2836,814115
0,0.2836,824034
0,0.2837,10704
0,0.2837,10817
0,0.2837,11254
0,0.2837,13018
0,0.2837,13306
0,0.2837,14542
0,0.2837,14869
0,0.2837,14976
0,0.2837,16553
0,0.2837,21263
0,0.2837,26619
0,0.2837,37142
0,0.2837,44648
0,0.2837,71649
0,0.2837,165035
0,0.2837,511882
0,0.2837,512165
0,0.2837,518937
0,0.2837,519131
0,0.2837,802477
0,0.2837,804351
0,0.2837,806141
0,0.2837,820146
0,0.2837,821729
0,0.2837,823598
0,0.2837,824830
0,0.2838,10707
0,0.2838,11194
0,0.2838,11214
0,0.2838,12259
0,0.2838,13428
0,0.2838,23812
0,0.2838,235061
0,0.2838,512927
0,0.2838,517601
0,0.2838,519461
0,0.2838,523806
0,0.2838,801497
0,0.2838,803048
0,0.2838,803340
0,0.2838,805532
0,0.2838,107629970
0,0.2839,11085
0,0.2839,11302
0,0.2839,11688
0,0.2839,12730
0,0.2839,13013
0,0.2839,14434
0,0.2839,15360
0,0.2839,17162
0,0.2839,29135
0,0.2839,106593
0,0.2839,516739
0,0.2839,521256
0,0.2839,523564
0,0.2839,524136
0,0.2839,543158
0,0.2839,800809
0,0.2839,811623
0,0.2839,956305
0,0.2839,1050542828
0,0.2840,10100
0,0.2840,10222
0,0.2840,10269
0,0.2840,12091
0,0.2840,12159
0,0.2840,16087
0,0.2840,16907
0,0.2840,18749
0,0.2840,20468
0,0.2840,24597
0,0.2840,68889
0,0.2840,132121
0,0.2840,222154
0,0.2840,515026
0,0.2840,530880
0,0.2840,537027
0,0.2840,543989
0,0.2840,549229
0,0.2840,800718
0,0.2840,800800
0,0.2840,804386
0,0.2840,807799
0,0.2840,812884
0,0.2840,821058
0,0.2840,830295
0,0.2840,906612
0,0.2841,10847
0,0.2841,12151
0,0.2841,13274
0,0.2841,15782
0,0.2841,16180
0,0.2841,18504
0,0.2841,38706
0,0.2841,41428
0,0.2841,48638
0,0.2841,48667
0,0.2841,64874
0,0.2841,105436
0,0.2841,131313
0,0.2841,521814
0,0.2841,526612
0,0.2841,529318
0,0.2841,800167
0,0.2841,800976
0,0.2841,801895
0,0.2841,820271
0,0.2841,821058
0,0.2841,821882
0,0.2842,12137
0,0.2842,18409
0,0.2842,19036
0,0.2842,23826
0,0.2842,30310
0,0.2842,513146
0,0.2842,514405
0,0.2842,515289
0,0.2842,518194
0,0.2842,801096
0,0.2842,803821
0,0.2842,818961
0,0.2842,873387
0,0.2842,908183
0,0.2843,10285
0,0.2843,10959
0,0.2843,12194
0,0.2843,13771
0,0.2843,14428
0,0.2843,15495
0,0.2843,17173
0,0.2843,27413
0,0.2843,30181
0,0.2843,30801
0,0.2843,34949
0,0.2843,55258
0,0.2843,94555
0,0.2843,520818
0,0.2843,533293
0,0.2843,555727
0,0.2843,801491
0,0.2843,803599
0,0.2843,809401
0,0.2843,830295
0,0.2844,10051
0,0.2844,10302
0,0.2844,10468
0,0.2844,11318
0,0.2844,11874
0,0.2844,12252
0,0.2844,12506
0,0.2844,15362
0,0.2844,19267
0,0.2844,19760
0,0.2844,26798
0,0.2844,35743
0,0.2844,47922
0,0.2844,49947
0,0.2844,70317
0,0.2844,107924
0,0.2844,513425
0,0.2844,514045
0,0.2844,517257
0,0.2844,521536
0,0.2844,522410
0,0.2844,801998
0,0.2844,802307
0,0.2844,807296
0,0.2844,155143464
0,0.2845,10735
0,0.2845,12297
0,0.2845,13613
0,0.2845,14174
0,0.2845,14276
0,0.2845,15176
0,0.2845,22090
0,0.2845,69319
0,0.2845,76194
0,0.2845,80175
0,0.2845,152496
0,0.2845,517417
0,0.2845,520888
0,0.2845,523786
0,0.2845,524156
0,0.2845,802402
0,0.2845,821729
0,0.2846,10617
0,0.2846,11213
0,0.2846,11586
0,0.2846,11825
0,0.2846,12067
0,0.2846,13121
0,0.2846,14727
0,0.2846,15212
0,0.2846,22291
0,0.2846,24050
0,0.2846,25792
0,0.2846,27522
0,0.2846,33224
0,0.2846,42483
0,0.2846,514596
0,0.2846,521075
0,0.2846,524755
0,0.2846,801828
0,0.2847,10047
0,0.2847,10288
0,0.2847,10661
0,0.2847,11072
0,0.2847,11155
0,0.2847,11327
0,0.2847,12569
0,0.2847,12716
0,0.2847,13305
0,0.2847,14223
0,0.2847,16641
0,0.2847,17155
0,0.2847,34820
0,0.2847,52016
0,0.2847,72491
0,0.2847,104220
0,0.2847,154726
0,0.2847,512305
0,0.2847,519332
0,0.2847,520817
0,0.2847,522966
0,0.2847,523017
0,0.2847,523506
0,0.2847,524167
0,0.2847,524655
0,0.2847,529031
0,0.2847,555502
0,0.2847,800413
0,0.2847,800876
0,0.2847,813104
0,0.2847,816644
0,0.2847,831621
0,0.2848,10479
0,0.2848,10652
0,0.2848,11112
0,0.2848,11188
0,0.2848,11341
0,0.2848,11377
0,0.2848,12125
0,0.2848,14881
0,0.2848,16794
0,0.2848,17706
0,0.2848,18713
0,0.2848,18911
0,0.2848,99095
0,0.2848,195264
0,0.2848,512734
0,0.2848,512911
0,0.2848,519328
0,0.2848,527350
0,0.2848,543506
0,0.2849,10175
0,0.2849,10185
0,0.2849,11856
0,0.2849,13153
0,0.2849,14387
0,0.2849,24232
0,0.2849,29918
0,0.2849,63923
0,0.2849,70651
0,0.2849,71547
0,0.2849,115666
0,0.2849,515961
0,0.2849,519363
0,0.2849,522862
0,0.2849,532000
0,0.2849,800317
0,0.2849,955135
0,0.2850,10184
0,0.2850,11423
0,0.2850,12815
0,0.2850,13371
0,0.2850,13460
0,0.2850,15310
0,0.2850,15441
0,0.2850,15924
0,0.2850,17419
0,0.2850,18185
0,0.2850,25184
0,0.2850,30446
0,0.2850,30761
0,0.2850,52352
0,0.2850,54440
0,0.2850,102689
0,0.2850,144334
0,0.2850,208976
0,0.2850,523060
0,0.2850,532747
0,0.2850,533748
0,0.2850,555498
0,0.2850,800157
0,0.2850,800505
0,0.2851,10825
0,0.2851,11021
0,0.2851,11200
0,0.2851,14192
0,0.2851,15290
0,0.2851,15399
0,0.2851,16579
0,0.2851,23513
0,0.2851,41887
0,0.2851,174420
0,0.2851,515460
0,0.2851,526298
0,0.2851,556286
0,0.2851,800203
0,0.2851,806613
0,0.2852,11030
0,0.2852,11125
0,0.2852,11888
0,0.2852,12001
0,0.2852,12423
0,0.2852,12813
0,0.2852,13259
0,0.2852,13559
0,0.2852,17554
0,0.2852,31681
0,0.2852,37303
0,0.2852,48491
0,0.2852,126900
0,0.2852,511828
0,0.2852,520442
0,0.2852,524512
0,0.2852,530790
0,0.2852,574357
0,0.2852,802544
0,0.2852,802907
0,0.2852,805165
0,0.2852,817974
0,0.2852,956305
0,0.2853,10035
0,0.2853,10150
0,0.2853,10243
0,0.2853,11161
0,0.2853,11428
0,0.2853,11900
0,0.2853,12584
0,0.2853,15997
0,0.2853,19239
0,0.2853,19327
0,0.2853,20185
0,0.2853,25939
0,0.2853,27302
0,0.2853,44005
0,0.2853,44630
0,0.2853,47754
0,0.2853,88342
0,0.2853,104033
0,0.2853,514997
0,0.2853,521409
0,0.2853,523684
0,0.2853,800262
0,0.2853,804958
0,0.2854,10839
0,0.2854,10969
0,0.2854,16506
0,0.2854,18670
0,0.2854,22884
0,0.2854,24690
0,0.2854,30504
0,0.2854,36751
0,0.2854,45311
0,0.2854,94433
0,0.2854,173562
0,0.2854,515072
0,0.2854,819096
0,0.2854,903484
0,0.2855,10011
0,0.2855,10299
0,0.2855,11764
0,0.2855,12123
0,0.2855,15436
0,0.2855,34151
0,0.2855,63671
0,0.2855,529125
0,0.2855,530449
0,0.2855,800120
0,0.2855,800363
0,0.2855,800892
0,0.2855,803865
0,0.2856,10168
0,0.2856,10447
0,0.2856,11445
0,0.2856,12654
0,0.2856,13317
0,0.2856,14188
0,0.2856,19740
0,0.2856,22240
0,0.2856,24776
0,0.2856,26576
0,0.2856,32062
0,0.2856,54010
0,0.2856,59170
0,0.2856,256844
0,0.2856,513630
0,0.2856,523807
0,0.2856,533590
0,0.2856,801467
0,0.2856,802954
0,0.2856,821754
0,0.2857,10368
0,0.2857,10412
0,0.2857,11447
0,0.2857,12572
0,0.2857,13836
0,0.2857,13932
0,0.2857,16008
0,0.2857,16473
0,0.2857,16617
0,0.2857,24698
0,0.2857,25038
0,0.2857,25773
0,0.2857,46764
0,0.2857,515675
0,0.2857,808117
0,0.2857,902789
0,0.2857,907558
0,0.2858,10224
0,0.2858,10236
0,0.2858,10448
0,0.2858,11053
0,0.2858,11614
0,0.2858,12395
0,0.2858,12606
0,0.2858,12802
0,0.2858,16538
0,0.2858,17931
0,0.2858,23325
0,0.2858,27111
0,0.2858,30164
0,0.2858,37859
0,0.2858,38650
0,0.2858,77014
0,0.2858,108860
0,0.2858,524717
0,0.2858,800343
0,0.2858,802181
0,0.2858,804984
0,0.2858,806689
0,0.2858,812186
0,0.2858,819656
0,0.2859,10394
0,0.2859,11017
0,0.2859,11365
0,0.2859,11455
0,0.2859,12742
0,0.2859,18921
0,0.2859,28674
0,0.2859,30190
0,0.2859,32258
0,0.2859,40213
0,0.2859,60685
0,0.2859,92188
0,0.2859,114715
0,0.2859,512273
0,0.2859,513284
0,0.2859,513649
0,0.2859,518721
0,0.2859,519717
0,0.2859,522974
0,0.2859,804514
0,0.2860,10072
0,0.2860,12565
0,0.2860,13115
0,0.2860,13158
0,0.2860,13698
0,0.2860,13830
0,0.2860,15616
0,0.2860,21849
0,0.2860,30807
0,0.2860,43756
0,0.2860,64180
0,0.2860,138107
0,0.2860,196622
0,0.2860,364582
0,0.2860,514195
0,0.2860,520812
0,0.2860,521812
0,0.2860,531708
0,0.2860,803129
0,0.2860,805227
0,0.2860,903642
0,0.2861,10539
0,0.2861,11959
0,0.2861,12105
0,0.2861,15534
0,0.2861,18156
0,0.2861,18321
0,0.2861,19498
0,0.2861,19802
0,0.2861,21918
0,0.2861,27296
0,0.2861,27983
0,0.2861,38268
0,0.2861,50965
0,0.2861,516256
0,0.2861,530151
0,0.2861,535668
0,0.2861,800228
0,0.2861,813291
0,0.2861,815205
0,0.2862,10120
0,0.2862,10165
0,0.2862,10289
0,0.2862,10332
0,0.2862,12104
0,0.2862,12333
0,0.2862,16051
0,0.2862,18170
0,0.2862,18745
0,0.2862,25970
0,0.2862,27252
0,0.2862,27339
0,0.2862,36745
0,0.2862,51764
0,0.2862,62207
0,0.2862,125060
0,0.2862,247112
0,0.2862,512928
0,0.2862,517548
0,0.2862,522992
0,0.2862,803052
0,0.2862,910588
0,0.2862,936810
0,0.2863,10555
0,0.2863,10566
0,0.2863,10658
0,0.2863,10834
0,0.2863,11142
0,0.2863,11497
0,0.2863,11540
0,0.2863,12900
0,0.2863,14507
0,0.2863,14816
0,0.2863,14954
0,0.2863,18109
0,0.2863,21822
0,0.2863,22066
0,0.2863,23601
0,0.2863,31653
0,0.2863,33316
0,0.2863,51159
0,0.2863,56362
0,0.2863,511862
0,0.2863,516369
0,0.2863,520087
0,0.2863,521063
0,0.2863,522815
0,0.2863,524902
0,0.2863,802809
0,0.2863,803721
0,0.2863,804555
0,0.2863,830333
0,0.2863,848955
0,0.2863,905507
0,0.2863,118002941
0,0.2864,10687
0,0.2864,10845
0,0.2864,11131
0,0.2864,11989
0,0.2864,12341
0,0.2864,13631
0,0.2864,19825
0,0.2864,31198
0,0.2864,39687
0,0.2864,84758
0,0.2864,85527
0,0.2864,190319
0,0.2864,511844
0,0.2864,512513
0,0.2864,512793
0,0.2864,517512
0,0.2864,531557
0,0.2864,555342
0,0.2864,803339
0,0.2864,106822444
0,0.2865,11255
0,0.2865,11711
0,0.2865,12923
0,0.2865,16517
0,0.2865,29806
0,0.2865,36894
0,0.2865,142743
0,0.2865,511757
0,0.2865,513517
0,0.2865,520034
0,0.2865,520188
0,0.2865,521241
0,0.2865,532909
0,0.2865,810117
0,0.2865,955284
0,0.2866,10295
0,0.2866,11199
0,0.2866,11238
0,0.2866,12710
0,0.2866,14651
0,0.2866,14694
0,0.2866,15139
0,0.2866,15851
0,0.2866,16360
0,0.2866,16940
0,0.2866,20272
0,0.2866,21242
0,0.2866,24701
0,0.2866,27486
0,0.2866,28633
0,0.2866,32119
0,0.2866,512887
0,0.2866,517726
0,0.2866,519144
0,0.2866,520789
0,0.2866,521813
0,0.2866,800093
0,0.2866,803605
0,0.2866,814989
0,0.2866,903643
0,0.2866,956305
0,0.2867,10041
0,0.2867,10097
0,0.2867,10099
0,0.2867,10202
0,0.2867,10494
0,0.2867,10529
0,0.2867,10956
0,0.2867,11103
0,0.2867,11221
0,0.2867,13427
0,0.2867,13517
0,0.2867,14182
0,0.2867,14820
0,0.2867,14997
0,0.2867,19594
0,0.2867,19696
0,0.2867,21692
0,0.2867,23281
0,0.2867,29322
0,0.2867,36704
0,0.2867,123858
0,0.2867,519132
0,0.2867,800488
0,0.2867,802137
0,0.2867,802914
0,0.2867,804371
0,0.2867,805647
0,0.2867,823598
0,0.2868,10356
0,0.2868,10914
0,0.2868,12060
0,0.2868,12318
0,0.2868,12405
0,0.2868,12809
0,0.2868,13434
0,0.2868,13537
0,0.2868,14736
0,0.2868,21687
0,0.2868,23425
0,0.2868,31911
0,0.2868,511881
0,0.2868,515219
0,0.2868,516820
0,0.2868,522763
0,0.2868,523776
0,0.2868,555383
0,0.2868,803860
0,0.2868,806201
0,0.2868,807924
0,0.2868,809935
0,0.2868,814430
0,0.2868,817047
0,0.2868,820434
0,0.2868,830766
0,0.2869,10044
0,0.2869,10110
0,0.2869,10137
0,0.2869,10910
0,0.2869,11638
0,0.2869,13432
0,0.2869,15412
0,0.2869,16642
0,0.2869,19452
0,0.2869,25709
0,0.2869,25763
0,0.2869,26455
0,0.2869,55178
0,0.2869,146588
0,0.2869,512185
0,0.2869,514015
0,0.2869,515091
0,0.2869,516110
0,0.2869,522738
0,0.2869,522746
0,0.2869,558854
0,0.2869,804625
0,0.2869,908509
0,0.2869,107629970
0,0.2870,10167
0,0.2870,10840
0,0.2870,10917
0,0.2870,14705
0,0.2870,14871
0,0.2870,16687
0,0.2870,19615
0,0.2870,33232
0,0.2870,36199
0,0.2870,40390
0,0.2870,63798
0,0.2870,519347
0,0.2870,529604
0,0.2870,580802
0,0.2870,800183
0,0.2870,800845
0,0.2870,802107
0,0.2870,842520
0,0.2870,956310
0,0.2870,981789985
0,0.2870,1050350155
0,0.2871,10501
0,0.2871,10816
0,0.2871,11252
0,0.2871,11402
0,0.2871,11699
0,0.2871,11974
0,0.2871,13258
0,0.2871,15999
0,0.2871,17938
0,0.2871,19341
0,0.2871,33053
0,0.2871,35503
0,0.2871,38272
0,0.2871,59776
0,0.2871,59983
0,0.2871,79516
0,0.2871,95057
0,0.2871,294178
0,0.2871,512236
0,0.2871,519230
0,0.2871,519371
0,0.2871,800412
0,0.2871,801507
0,0.2871,802615
0,0.2871,817684
0,0.2871,819089
0,0.2872,10462
0,0.2872,10952
0,0.2872,11604
0,0.2872,11819
0,0.2872,12176
0,0.2872,12564
0,0.2872,12838
0,0.2872,13984
0,0.2872,14533
0,0.2872,15273
0,0.2872,29116
0,0.2872,59198
0,0.2872,90602
0,0.2872,516886
0,0.2872,521584
0,0.2872,559554
0,0.2872,579728
0,0.2872,800760
0,0.2872,801561
0,0.2872,804982
0,0.2872,806417
0,0.2873,12131
0,0.2873,12733
0,0.2873,14664
0,0.2873,16440
0,0.2873,17639
0,0.2873,18125
0,0.2873,18601
0,0.2873,20818
0,0.2873,24246
0,0.2873,29458
0,0.2873,30664
0,0.2873,34801
0,0.2873,37735
0,0.2873,38316
0,0.2873,38835
0,0.2873,48914
0,0.2873,80867
0,0.2873,517401
0,0.2873,521059
0,0.2873,800369
0,0.2873,800968
0,0.2873,809886
0,0.2873,864655
0,0.2874,10704
0,0.2874,11495
0,0.2874,11967
0,0.2874,12635
0,0.2874,13411
0,0.2874,14093
0,0.2874,14894
0,0.2874,15888
0,0.2874,17671
0,0.2874,23453
0,0.2874,29106
0,0.2874,34972
0,0.2874,36492
0,0.2874,48146
0,0.2874,107195
0,0.2874,513033
0,0.2874,518513
0,0.2874,522338
0,0.2874,523636
0,0.2874,556346
0,0.2874,804857
0,0.2874,811623
0,0.2874,900035
0,0.2874,932796
0,0.2875,10385
0,0.2875,11344
0,0.2875,11805
0,0.2875,11896
0,0.2875,12054
0,0.2875,16754
0,0.2875,18704
0,0.2875,18712
0,0.2875,37921
0,0.2875,42700
0,0.2875,50444
0,0.2875,67303
0,0.2875,261784
0,0.2875,519692
0,0.2875,523675
0,0.2875,527599
0,0.2875,537899
0,0.2875,802565
0,0.2875,803534
0,0.2875,803562
0,0.2875,820323
0,0.2875,903450
0,0.2876,10226
0,0.2876,10677
0,0.2876,11307
0,0.2876,11375
0,0.2876,11846
0,0.2876,11947
0,0.2876,12398
0,0.2876,13471
0,0.2876,14966
0,0.2876,15514
0,0.2876,15562
0,0.2876,15655
0,0.2876,16275
0,0.2876,18744
0,0.2876,19158
0,0.2876,19218
0,0.2876,26601
0,0.2876,29713
0,0.2876,30716
0,0.2876,44816
0,0.2876,57505
0,0.2876,137497
0,0.2876,512390
0,0.2876,512542
0,0.2876,521292
0,0.2876,522734
0,0.2876,522753
0,0.2876,523049
0,0.2876,556502
0,0.2876,801629
0,0.2876,804411
0,0.2876,807288
0,0.2876,814367
0,0.2876,815281
0,0.2876,818961
0,0.2877,10172
0,0.2877,11166
0,0.2877,11607
0,0.2877,12777
0,0.2877,13217
0,0.2877,13442
0,0.2877,15059
0,0.2877,15535
0,0.2877,16175
0,0.2877,16493
0,0.2877,17380
0,0.2877,19355
0,0.2877,21719
0,0.2877,25312
0,0.2877,31735
0,0.2877,32762
0,0.2877,34683
0,0.2877,36295
0,0.2877,37265
0,0.2877,39413
0,0.2877,41801
0,0.2877,515221
0,0.2877,519131
0,0.2877,519941
0,0.2877,525354
0,0.2877,530460
0,0.2877,803501
0,0.2877,817684
0,0.2877,905905
0,0.2878,10080
0,0.2878,10092
0,0.2878,10855
0,0.2878,12159
0,0.2878,12455
0,0.2878,12532
0,0.2878,13456
0,0.2878,13863
0,0.2878,13872
0,0.2878,15768
0,0.2878,18588
0,0.2878,18838
0,0.2878,19283
0,0.2878,20831
0,0.2878,32257
0,0.2878,37709
0,0.2878,40768
0,0.2878,46358
0,0.2878,56560
0,0.2878,61398
0,0.2878,98544
0,0.2878,178990
0,0.2878,520390
0,0.2878,522828
0,0.2878,534301
0,0.2878,555340
0,0.2878,800605
0,0.2878,800638
0,0.2878,803047
0,0.2878,817089
0,0.2878,825184
0,0.2879,10187
0,0.2879,11326
0,0.2879,12294
0,0.2879,12358
0,0.2879,13229
0,0.2879,13934
0,0.2879,14545
0,0.2879,16249
0,0.2879,17024
0,0.2879,19440
0,0.2879,20715
0,0.2879,29379
0,0.2879,30169
0,0.2879,42997
0,0.2879,131748
0,0.2879,512662
0,0.2879,513283
0,0.2879,515294
0,0.2879,520210
0,0.2879,520575
0,0.2879,522354
0,0.2879,522715
0,0.2879,529411
0,0.2879,553194
0,0.2879,800257
0,0.2879,803033
0,0.2879,810241
0,0.2879,811406
0,0.2879,825184
0,0.2880,10052
0,0.2880,10497
0,0.2880,11460
0,0.2880,12747
0,0.2880,14063
0,0.2880,14259
0,0.2880,14686
0,0.2880,14719
0,0.2880,15046
0,0.2880,15361
0,0.2880,18568
0,0.2880,18779
0,0.2880,21646
0,0.2880,23619
0,0.2880,26238
0,0.2880,27893
0,0.2880,32302
0,0.2880,33038
0,0.2880,38454
0,0.2880,53086
0,0.2880,64689
0,0.2880,513464
0,0.2880,515933
0,0.2880,524073
0,0.2880,524761
0,0.2880,527318
0,0.2880,555176
0,0.2880,572057
0,0.2880,800691
0,0.2880,812633
0,0.2880,817096
0,0.2880,842520
0,0.2880,954981
0,0.2881,10027
0,0.2881,10138
0,0.2881,10294
0,0.2881,10868
0,0.2881,10932
0,0.2881,11338
0,0.2881,11710
0,0.2881,12065
0,0.2881,12283
0,0.2881,12506
0,0.2881,14863
0,0.2881,15325
0,0.2881,18419
0,0.2881,20007
0,0.2881,25638
0,0.2881,28559
0,0.2881,28791
0,0.2881,29129
0,0.2881,34949
0,0.2881,80674
0,0.2881,517852
0,0.2881,527048
0,0.2881,555238
0,0.2881,559506
0,0.2881,801527
0,0.2881,807312
0,0.2881,808183
0,0.2881,810570
0,0.2881,935161
0,0.2882,10180
0,0.2882,14023
0,0.2882,14853
0,0.2882,15891
0,0.2882,17016
0,0.2882,17322
0,0.2882,17454
0,0.2882,33488
0,0.2882,44250
0,0.2882,52728
0,0.2882,511823
0,0.2882,512514
0,0.2882,517763
0,0.2882,521236
0,0.2882,522994
0,0.2882,524133
0,0.2882,531768
0,0.2882,555769
0,0.2882,556347
0,0.2882,804001
0,0.2882,814206
0,0.2882,873387
0,0.2882,932322
0,0.2883,10003
0,0.2883,10114
0,0.2883,10624
0,0.2883,10638
0,0.2883,10807
0,0.2883,12162
0,0.2883,12651
0,0.2883,12676
0,0.2883,12685
0,0.2883,15110
0,0.2883,15117
0,0.2883,18823
0,0.2883,19068
0,0.2883,19189
0,0.2883,20253
0,0.2883,21731
0,0.2883,21932
0,0.2883,29908
0,0.2883,63027
0,0.2883,522745
0,0.2883,529385
0,0.2883,800056
0,0.2883,801282
0,0.2883,830333
0,0.2884,10414
0,0.2884,10969
0,0.2884,11752
0,0.2884,13428
0,0.2884,17301
0,0.2884,18915
0,0.2884,18932
0,0.2884,20664
0,0.2884,26718
0,0.2884,31408
0,0.2884,46073
0,0.2884,58834
0,0.2884,59853
0,0.2884,89801
0,0.2884,111660
0,0.2884,518604
0,0.2884,805245
0,0.2884,805616
0,0.2884,806646
0,0.2884,828126
0,0.2885,10061
0,0.2885,11263
0,0.2885,11312
0,0.2885,11416
0,0.2885,11419
0,0.2885,12902
0,0.2885,14640
0,0.2885,15398
0,0.2885,15905
0,0.2885,16284
0,0.2885,17946
0,0.2885,21277
0,0.2885,24382
0,0.2885,28633
0,0.2885,31719
0,0.2885,34680
0,0.2885,63122
0,0.2885,92871
0,0.2885,512927
0,0.2885,513463
0,0.2885,514045
0,0.2885,515062
0,0.2885,518461
0,0.2885,520182
0,0.2885,521814
0,0.2885,524429
0,0.2885,524968
0,0.2885,535347
0,0.2885,539226
0,0.2885,818085
0,0.2885,820943
0,0.2886,10925
0,0.2886,11723
0,0.2886,11806
0,0.2886,15858
0,0.2886,15904
0,0.2886,19569
0,0.2886,19612
0,0.2886,24134
0,0.2886,28010
0,0.2886,30371
0,0.2886,54011
0,0.2886,71633
0,0.2886,78573
0,0.2886,514546
0,0.2886,517913
0,0.2886,519616
0,0.2886,550497
0,0.2886,568155
0,0.2886,802579
0,0.2886,814106
0,0.2886,817670
0,0.2887,10074
0,0.2887,11005
0,0.2887,14552
0,0.2887,16862
0,0.2887,18604
0,0.2887,21637
0,0.2887,22047
0,0.2887,23273
0,0.2887,28254
0,0.2887,35372
0,0.2887,40289
0,0.2887,41144
0,0.2887,46409
0,0.2887,52756
0,0.2887,61896
0,0.2887,67384
0,0.2887,76194
0,0.2887,100809
0,0.2887,512795
0,0.2887,533411
0,0.2887,537032
0,0.2887,800724
0,0.2887,806013
0,0.2887,820191
0,0.2887,903727
0,0.2888,12411
0,0.2888,13585
0,0.2888,14034
0,0.2888,14061
0,0.2888,14912
0,0.2888,16343
0,0.2888,16781
0,0.2888,17787
0,0.2888,18504
0,0.2888,23025
0,0.2888,25328
0,0.2888,26137
0,0.2888,28022
0,0.2888,28093
0,0.2888,30003
0,0.2888,42059
0,0.2888,60401
0,0.2888,70539
0,0.2888,71503
0,0.2888,222611
0,0.2888,513376
0,0.2888,520817
0,0.2888,522744
0,0.2888,531009
0,0.2888,801261
0,0.2888,905312
0,0.2888,906622
0,0.2888,954670
0,0.2889,11324
0,0.2889,13004
0,0.2889,13901
0,0.2889,15458
0,0.2889,15789
0,0.2889,17143
0,0.2889,17685
0,0.2889,18343
0,0.2889,21527
0,0.2889,21688
0,0.2889,24122
0,0.2889,25503
0,0.2889,25797
0,0.2889,26741
0,0.2889,30981
0,0.2889,31839
0,0.2889,38413
0,0.2889,44669
0,0.2889,69233
0,0.2889,69544
0,0.2889,166528
0,0.2889,803732
0,0.2889,806039
0,0.2889,842520
0,0.2890,10420
0,0.2890,13877
0,0.2890,14060
0,0.2890,14206
0,0.2890,14463
0,0.2890,17244
0,0.2890,17356
0,0.2890,17491
0,0.2890,19274
0,0.2890,19497
0,0.2890,19982
0,0.2890,21296
0,0.2890,25236
0,0.2890,25792
0,0.2890,27725
0,0.2890,33962
0,0.2890,35743
0,0.2890,40888
0,0.2890,42095
0,0.2890,76506
0,0.2890,364582
0,0.2890,513520
0,0.2890,514988
0,0.2890,518488
0,0.2890,519944
0,0.2890,520642
0,0.2890,574147
0,0.2890,809397
0,0.2890,814353
0,0.2890,904624
0,0.2891,14029
0,0.2891,14896
0,0.2891,15693
0,0.2891,16110
0,0.2891,16139
0,0.2891,16818
0,0.2891,17034
0,0.2891,18054
0,0.2891,18585
0,0.2891,20774
0,0.2891,27191
0,0.2891,42374
0,0.2891,46388
0,0.2891,89621
0,0.2891,164031
0,0.2891,327169
0,0.2891,511821
0,0.2891,514405
0,0.2891,515575
0,0.2891,517481
0,0.2891,520641
0,0.2891,549508
0,0.2891,800048
0,0.2891,800391
0,0.2891,825184
0,0.2892,11192
0,0.2892,13307
0,0.2892,14509
0,0.2892,15837
0,0.2892,15839
0,0.2892,16127
0,0.2892,19618
0,0.2892,20144
0,0.2892,21124
0,0.2892,22870
0,0.2892,25045
0,0.2892,26417
0,0.2892,56352
0,0.2892,64399
0,0.2892,511778
0,0.2892,512319
0,0.2892,512328
0,0.2892,512947
0,0.2892,519399
0,0.2892,530702
0,0.2892,531769
0,0.2892,531999
0,0.2892,800070
0,0.2892,800719
0,0.2892,809979
0,0.2892,829714
0,0.2893,10531
0,0.2893,10599
0,0.2893,10887
0,0.2893,11618
0,0.2893,11671
0,0.2893,11933
0,0.2893,12500
0,0.2893,13860
0,0.2893,14428
0,0.2893,15680
0,0.2893,16600
0,0.2893,16910
0,0.2893,17799
0,0.2893,18980
0,0.2893,19760
0,0.2893,19900
0,0.2893,23209
0,0.2893,32016
0,0.2893,41598
0,0.2893,54104
0,0.2893,125111
0,0.2893,511926
0,0.2893,519705
0,0.2893,522973
0,0.2893,547689
0,0.2893,800477
0,0.2893,801442
0,0.2893,811215
0,0.2893,906092
0,0.2893,935007
0,0.2894,10119
0,0.2894,10160
0,0.2894,10564
0,0.2894,10781
0,0.2894,13406
0,0.2894,14611
0,0.2894,14765
0,0.2894,15612
0,0.2894,21449
0,0.2894,21904
0,0.2894,22799
0,0.2894,32474
0,0.2894,40045
0,0.2894,57797
0,0.2894,58730
0,0.2894,101652
0,0.2894,512077
0,0.2894,518309
0,0.2894,519000
0,0.2894,522387
0,0.2894,522428
0,0.2894,529349
0,0.2894,529424
0,0.2894,555344
0,0.2894,800158
0,0.2894,802223
0,0.2894,803500
0,0.2894,805489
0,0.2894,814010
0,0.2894,821892
0,0.2894,1050014552
0,0.2895,10399
0,0.2895,10404
0,0.2895,11170
0,0.2895,12374
0,0.2895,13363
0,0.2895,14255
0,0.2895,14289
0,0.2895,14464
0,0.2895,14539
0,0.2895,19290
0,0.2895,19522
0,0.2895,20545
0,0.2895,22463
0,0.2895,26287
0,0.2895,27737
0,0.2895,30537
0,0.2895,43781
0,0.2895,63998
0,0.2895,517722
0,0.2895,521587
0,0.2895,522984
0,0.2895,810995
0,0.2895,813695
0,0.2895,821201
0,0.2895,904108
0,0.2895,956310
0,0.2895,105856729
0,0.2896,10691
0,0.2896,10879
0,0.2896,11246
0,0.2896,13079
0,0.2896,14881
0,0.2896,15176
0,0.2896,16794
0,0.2896,16869
0,0.2896,17156
0,0.2896,18953
0,0.2896,94391
0,0.2896,519840
0,0.2896,801356
0,0.2896,802793
0,0.2896,805817
0,0.2896,821892
0,0.2896,902874
0,0.2896,936524
0,0.2897,10475
0,0.2897,11717
0,0.2897,11903
0,0.2897,11943
0,0.2897,13147
0,0.2897,16266
0,0.2897,17821
0,0.2897,17930
0,0.2897,21564
0,0.2897,22641
0,0.2897,24741
0,0.2897,39813
0,0.2897,58481
0,0.2897,434891
0,0.2897,523821
0,0.2897,533103
0,0.2897,800258
0,0.2897,802652
0,0.2897,904652
0,0.2897,914054
0,0.2898,10428
0,0.2898,10823
0,0.2898,11021
0,0.2898,11032
0,0.2898,11712
0,0.2898,12006
0,0.2898,14011
0,0.2898,17849
0,0.2898,18743
0,0.2898,21645
0,0.2898,29535
0,0.2898,34896
0,0.2898,35978
0,0.2898,36470
0,0.2898,43732
0,0.2898,51555
0,0.2898,57935
0,0.2898,67174
0,0.2898,71877
0,0.2898,104367
0,0.2898,513499
0,0.2898,517256
0,0.2898,559141
0,0.2898,802958
0,0.2898,810086
0,0.2898,932684
0,0.2899,10099
0,0.2899,10282
0,0.2899,10319
0,0.2899,11665
0,0.2899,12454
0,0.2899,12503
0,0.2899,13018
0,0.2899,13080
0,0.2899,13124
0,0.2899,14434
0,0.2899,20945
0,0.2899,29021
0,0.2899,37142
0,0.2899,61590
0,0.2899,512903
0,0.2899,525062
0,0.2899,803017
0,0.2899,811999
0,0.2899,902917
0,0.2900,10108
0,0.2900,10122
0,0.2900,10513
0,0.2900,11201
0,0.2900,12377
0,0.2900,13360
0,0.2900,14207
0,0.2900,14327
0,0.2900,15237
0,0.2900,17419
0,0.2900,17508
0,0.2900,19334
0,0.2900,22240
0,0.2900,23073
0,0.2900,28190
0,0.2900,29493
0,0.2900,38914
0,0.2900,44690
0,0.2900,49839
0,0.2900,58532
0,0.2900,126216
0,0.2900,512326
0,0.2900,571495
0,0.2900,803241
0,0.2900,810863
0,0.2900,820271
0,0.2900,905259
0,0.2901,10051
0,0.2901,10290
0,0.2901,10847
0,0.2901,11053
0,0.2901,11369
0,0.2901,14311
0,0.2901,15713
0,0.2901,39753
0,0.2901,49627
0,0.2901,513340
0,0.2901,517202
0,0.2901,520792
0,0.2901,524361
0,0.2901,529811
0,0.2901,803070
0,0.2901,808456
0,0.2901,809492
0,0.2901,813076
0,0.2901,814353
0,0.2901,905286
0,0.2901,907256
0,0.2901,909612
0,0.2902,10479
0,0.2902,10671
0,0.2902,10680
0,0.2902,11893
0,0.2902,13317
0,0.2902,13551
0,0.2902,14194
0,0.2902,15828
0,0.2902,16105
0,0.2902,16536
0,0.2902,17131
0,0.2902,18069
0,0.2902,19850
0,0.2902,23080
0,0.2902,23602
0,0.2902,32020
0,0.2902,59387
0,0.2902,85715
0,0.2902,512307
0,0.2902,512314
0,0.2902,512858
0,0.2902,518194
0,0.2902,520581
0,0.2902,531583
0,0.2903,10185
0,0.2903,10303
0,0.2903,10614
0,0.2903,13640
0,0.2903,15145
0,0.2903,15820
0,0.2903,17876
0,0.2903,25939
0,0.2903,31664
0,0.2903,38926
0,0.2903,44931
0,0.2903,518830
0,0.2903,533725
0,0.2903,534534
0,0.2903,559335
0,0.2903,903425
0,0.2903,905313
0,0.2904,10241
0,0.2904,10545
0,0.2904,11087
0,0.2904,11455
0,0.2904,11734
0,0.2904,12091
0,0.2904,12646
0,0.2904,12872
0,0.2904,13800
0,0.2904,18563
0,0.2904,22084
0,0.2904,34187
0,0.2904,71940
0,0.2904,76420
0,0.2904,81442
0,0.2904,100294
0,0.2904,513339
0,0.2904,520341
0,0.2904,523863
0,0.2904,556539
0,0.2904,805244
0,0.2904,956323
0,0.2905,10105
0,0.2905,10370
0,0.2905,11503
0,0.2905,12388
0,0.2905,12811
0,0.2905,13444
0,0.2905,13628
0,0.2905,15484
0,0.2905,15578
0,0.2905,17790
0,0.2905,29583
0,0.2905,33075
0,0.2905,39368
0,0.2905,42509
0,0.2905,57591
0,0.2905,58146
0,0.2905,58394
0,0.2905,61273
0,0.2905,287884
0,0.2905,516098
0,0.2905,519720
0,0.2905,529519
0,0.2905,800890
0,0.2905,809980
0,0.2905,820943
0,0.2905,952874
0,0.2905,761298433
0,0.2905,981789985
0,0.2906,10057
0,0.2906,10800
0,0.2906,11013
0,0.2906,11200
0,0.2906,12109
0,0.2906,13559
0,0.2906,14869
0,0.2906,15955
0,0.2906,16553
0,0.2906,16579
0,0.2906,17367
0,0.2906,17753
0,0.2906,19886
0,0.2906,20277
0,0.2906,35440
0,0.2906,36730
0,0.2906,42226
0,0.2906,68889
0,0.2906,95758
0,0.2906,512187
0,0.2906,513111
0,0.2906,516110
0,0.2906,521240
0,0.2906,521633
0,0.2906,556038
0,0.2906,800566
0,0.2906,803195
0,0.2906,934899
0,0.2907,10040
0,0.2907,10255
0,0.2907,10820
0,0.2907,11319
0,0.2907,11768
0,0.2907,12730
0,0.2907,15024
0,0.2907,16537
0,0.2907,21204
0,0.2907,22122
0,0.2907,23325
0,0.2907,23659
0,0.2907,40046
0,0.2907,117741
0,0.2907,519443
0,0.2907,800126
0,0.2907,803107
0,0.2907,804500
0,0.2907,932321
0,0.2908,11075
0,0.2908,11243
0,0.2908,11426
0,0.2908,13760
0,0.2908,14939
0,0.2908,15499
0,0.2908,17726
0,0.2908,24656
0,0.2908,28633
0,0.2908,36459
0,0.2908,50228
0,0.2908,57240
0,0.2908,57381
0,0.2908,511759
0,0.2908,513146
0,0.2908,519140
0,0.2908,530880
0,0.2908,531299
0,0.2908,549229
0,0.2908,807072
0,0.2908,936341
0,0.2909,10510
0,0.2909,10830
0,0.2909,11403
0,0.2909,11532
0,0.2909,11674
0,0.2909,14817
0,0.2909,16254
0,0.2909,19036
0,0.2909,21543
0,0.2909,26284
0,0.2909,67864
0,0.2909,104220
0,0.2909,184704
0,0.2909,803310
0,0.2910,10306
0,0.2910,10993
0,0.2910,11368
0,0.2910,12104
0,0.2910,12654
0,0.2910,12817
0,0.2910,13773
0,0.2910,14227
0,0.2910,17825
0,0.2910,18391
0,0.2910,24671
0,0.2910,29207
0,0.2910,30108
0,0.2910,50575
0,0.2910,61285
0,0.2910,73397
0,0.2910,513174
0,0.2910,519368
0,0.2910,521086
0,0.2910,524655
0,0.2910,804899
0,0.2910,353379798
0,0.2911,10100
0,0.2911,10109
0,0.2911,10663
0,0.2911,10725
0,0.2911,10831
0,0.2911,11634
0,0.2911,13613
0,0.2911,16879
0,0.2911,35532
0,0.2911,44903
0,0.2911,45969
0,0.2911,235061
0,0.2911,511939
0,0.2911,512581
0,0.2911,513831
0,0.2911,530789
0,0.2911,539620
0,0.2911,800022
0,0.2911,802080
0,0.2911,802955
0,0.2911,933157
0,0.2912,10285
0,0.2912,11982
0,0.2912,12155
0,0.2912,12437
0,0.2912,12762
0,0.2912,14263
0,0.2912,15226
0,0.2912,25403
0,0.2912,157257
0,0.2912,392714
0,0.2912,521108
0,0.2912,801816
0,0.2912,802164
0,0.2912,817218
0,0.2912,821236
0,0.2913,10751
0,0.2913,13728
0,0.2913,15496
0,0.2913,16659
0,0.2913,18437
0,0.2913,19720
0,0.2913,30498
0,0.2913,53290
0,0.2913,63923
0,0.2913,71547
0,0.2913,83621
0,0.2913,222777
0,0.2913,515950
0,0.2913,536208
0,0.2913,801557
0,0.2913,801933
0,0.2913,802405
0,0.2913,804398
0,0.2913,804445
0,0.2913,804797
0,0.2913,816439
0,0.2913,820323
0,0.2913,776770294
0,0.2914,10242
0,0.2914,10432
0,0.2914,11485
0,0.2914,11518
0,0.2914,12140
0,0.2914,12907
0,0.2914,12933
0,0.2914,13692
0,0.2914,14428
0,0.2914,16671
0,0.2914,21366
0,0.2914,26485
0,0.2914,34992
0,0.2914,48491
0,0.2914,48667
0,0.2914,49672
0,0.2914,56970
0,0.2914,512456
0,0.2914,515844
0,0.2914,537027
0,0.2914,556700
0,0.2914,803804
0,0.2914,808250
0,0.2914,808926
0,0.2914,904161
0,0.2915,10540
0,0.2915,12085
0,0.2915,12844
0,0.2915,14001
0,0.2915,15451
0,0.2915,15635
0,0.2915,16734
0,0.2915,18540
0,0.2915,20619
0,0.2915,23601
0,0.2915,26432
0,0.2915,31642
0,0.2915,39462
0,0.2915,49869
0,0.2915,514579
0,0.2915,514997
0,0.2915,517548
0,0.2915,521206
0,0.2915,524136
0,0.2915,529517
0,0.2915,555259
0,0.2915,800170
0,0.2915,800827
0,0.2915,802124
0,0.2915,806398
0,0.2916,11361
0,0.2916,11377
0,0.2916,11714
0,0.2916,13295
0,0.2916,13768
0,0.2916,14137
0,0.2916,30477
0,0.2916,32315
0,0.2916,36384
0,0.2916,39102
0,0.2916,45427
0,0.2916,54011
0,0.2916,66428
0,0.2916,84356
0,0.2916,512352
0,0.2916,523482
0,0.2916,800159
0,0.2916,802490
0,0.2916,806281
0,0.2917,10490
0,0.2917,10593
0,0.2917,11210
0,0.2917,11623
0,0.2917,12028
0,0.2917,12976
0,0.2917,13167
0,0.2917,15362
0,0.2917,15850
0,0.2917,17177
0,0.2917,24965
0,0.2917,25184
0,0.2917,36070
0,0.2917,38657
0,0.2917,79979
0,0.2917,85395
0,0.2917,97863
0,0.2917,512750
0,0.2917,517684
0,0.2917,520194
0,0.2917,524894
0,0.2917,800008
0,0.2917,802261
0,0.2917,806999
0,0.2918,10799
0,0.2918,11785
0,0.2918,11849
0,0.2918,11900
0,0.2918,12923
0,0.2918,14667
0,0.2918,15114
0,0.2918,15304
0,0.2918,16125
0,0.2918,20418
0,0.2918,25547
0,0.2918,206739
0,0.2918,511828
0,0.2918,519761
0,0.2918,533618
0,0.2918,558344
0,0.2918,1111554233
0,0.2919,10035
0,0.2919,10315
0,0.2919,10959
0,0.2919,10974
0,0.2919,14192
0,0.2919,16311
0,0.2919,17175
0,0.2919,17878
0,0.2919,41054
0,0.2919,45134
0,0.2919,94433
0,0.2919,102689
0,0.2919,520816
0,0.2919,522752
0,0.2919,526298
0,0.2919,549024
0,0.2919,800171
0,0.2919,805608
0,0.2919,834861
0,0.2919,902553
0,0.2920,10960
0,0.2920,12355
0,0.2920,12510
0,0.2920,14461
0,0.2920,17579
0,0.2920,44850
0,0.2920,70651
0,0.2920,174420
0,0.2920,520083
0,0.2920,520646
0,0.2920,530449
0,0.2920,536058
0,0.2920,804835
0,0.2920,805743
0,0.2920,805776
0,0.2920,808159
0,0.2920,905303
0,0.2920,952874
0,0.2921,10150
0,0.2921,10286
0,0.2921,10323
0,0.2921,10421
0,0.2921,10777
0,0.2921,12298
0,0.2921,14224
0,0.2921,15094
0,0.2921,32258
0,0.2921,58909
0,0.2921,81228
0,0.2921,87111
0,0.2921,303314
0,0.2921,556449
0,0.2921,801845
0,0.2921,813104
0,0.2922,10495
0,0.2922,10846
0,0.2922,11497
0,0.2922,12067
0,0.2922,12732
0,0.2922,13305
0,0.2922,13947
0,0.2922,14089
0,0.2922,20818
0,0.2922,26412
0,0.2922,28622
0,0.2922,45024
0,0.2922,58331
0,0.2922,70486
0,0.2922,102545
0,0.2922,195264
0,0.2922,517512
0,0.2922,520337
0,0.2922,527588
0,0.2922,529422
0,0.2922,529520
0,0.2922,800082
0,0.2922,801295
0,0.2922,805992
0,0.2923,10365
0,0.2923,10867
0,0.2923,10969
0,0.2923,11311
0,0.2923,11614
0,0.2923,12992
0,0.2923,13442
0,0.2923,13643
0,0.2923,14315
0,0.2923,15163
0,0.2923,16636
0,0.2923,19327
0,0.2923,24634
0,0.2923,24866
0,0.2923,26370
0,0.2923,47369
0,0.2923,513646
0,0.2923,515072
0,0.2923,517183
0,0.2923,801538
0,0.2923,804593
0,0.2923,822772
0,0.2924,10243
0,0.2924,10863
0,0.2924,11245
0,0.2924,11327
0,0.2924,11802
0,0.2924,12151
0,0.2924,15568
0,0.2924,17060
0,0.2924,24558
0,0.2924,34700
0,0.2924,38706
0,0.2924,64301
0,0.2924,67789
0,0.2924,129234
0,0.2924,512521
0,0.2924,520115
0,0.2924,520817
0,0.2924,521126
0,0.2924,525441
0,0.2924,801193
0,0.2924,801843
0,0.2924,805173
0,0.2924,711866623
0,0.2925,10299
0,0.2925,10852
0,0.2925,10912
0,0.2925,10977
0,0.2925,10997
0,0.2925,11663
0,0.2925,12037
0,0.2925,12488
0,0.2925,12606
0,0.2925,14643
0,0.2925,14716
0,0.2925,15939
0,0.2925,16978
0,0.2925,20468
0,0.2925,24136
0,0.2925,26455
0,0.2925,70298
0,0.2925,113286
0,0.2925,168492
0,0.2925,209688
0,0.2925,517601
0,0.2925,520236
0,0.2925,521092
0,0.2925,521129
0,0.2925,522352
0,0.2925,564864
0,0.2925,800447
0,0.2925,801976
0,0.2925,803440
0,0.2925,807396
0,0.2926,10041
0,0.2926,10136
0,0.2926,10378
0,0.2926,10738
0,0.2926,10816
0,0.2926,11057
0,0.2926,13347
0,0.2926,13740
0,0.2926,14899
0,0.2926,17835
0,0.2926,22058
0,0.2926,25780
0,0.2926,31975
0,0.2926,54572
0,0.2926,67889
0,0.2926,85527
0,0.2926,137495
0,0.2926,514125
0,0.2926,519132
0,0.2926,519722
0,0.2926,800719
0,0.2926,802566
0,0.2926,806037
0,0.2926,849272
0,0.2927,10120
0,0.2927,10307
0,0.2927,10341
0,0.2927,12158
0,0.2927,12396
0,0.2927,12650
0,0.2927,14225
0,0.2927,15382
0,0.2927,18278
0,0.2927,21353
0,0.2927,24702
0,0.2927,26843
0,0.2927,29419
0,0.2927,39880
0,0.2927,48982
0,0.2927,51682
0,0.2927,70325
0,0.2927,79819
0,0.2927,514416
0,0.2927,800536
0,0.2927,801280
0,0.2928,10011
0,0.2928,10110
0,0.2928,10362
0,0.2928,10468
0,0.2928,12506
0,0.2928,12727
0,0.2928,14424
0,0.2928,14497
0,0.2928,15371
0,0.2928,16641
0,0.2928,16700
0,0.2928,18419
0,0.2928,18491
0,0.2928,18779
0,0.2928,22338
0,0.2928,29987
0,0.2928,32718
0,0.2928,33492
0,0.2928,39262
0,0.2928,88651
0,0.2928,514596
0,0.2928,518541
0,0.2928,521075
0,0.2928,801491
0,0.2928,805241
0,0.2929,10669
0,0.2929,10822
0,0.2929,12405
0,0.2929,14093
0,0.2929,14790
0,0.2929,17173
0,0.2929,19267
0,0.2929,22120
0,0.2929,37125
0,0.2929,57048
0,0.2929,60241
0,0.2929,62207
0,0.2929,107241
0,0.2929,135801
0,0.2929,513283
0,0.2929,805532
0,0.2929,941319
0,0.2930,10222
0,0.2930,11155
0,0.2930,11261
0,0.2930,11466
0,0.2930,12569
0,0.2930,14330
0,0.2930,15502
0,0.2930,15765
0,0.2930,23273
0,0.2930,25318
0,0.2930,28469
0,0.2930,30310
0,0.2930,30891
0,0.2930,32772
0,0.2930,511797
0,0.2930,517257
0,0.2930,803929
0,0.2930,821236
0,0.2930,908747
0,0.2930,934908
0,0.2930,946767
0,0.2930,956305
0,0.2930,105856729
0,0.2931,10169
0,0.2931,10754
0,0.2931,11006
0,0.2931,12345
0,0.2931,12726
0,0.2931,13516
0,0.2931,13985
0,0.2931,14040
0,0.2931,16652
0,0.2931,16707
0,0.2931,18281
0,0.2931,19089
0,0.2931,20497
0,0.2931,24146
0,0.2931,28095
0,0.2931,38338
0,0.2931,40300
0,0.2931,53618
0,0.2931,114858
0,0.2931,514853
0,0.2931,519365
0,0.2931,803005
0,0.2931,806620
0,0.2931,809678
0,0.2931,825184
0,0.2931,828126
0,0.2932,11030
0,0.2932,11174
0,0.2932,11606
0,0.2932,12088
0,0.2932,12358
0,0.2932,12787
0,0.2932,13058
0,0.2932,13969
0,0.2932,15506
0,0.2932,19189
0,0.2932,24232
0,0.2932,33549
0,0.2932,43398
0,0.2932,44010
0,0.2932,53086
0,0.2932,64607
0,0.2932,71042
0,0.2932,79788
0,0.2932,96586
0,0.2932,100478
0,0.2932,199633
0,0.2932,512927
0,0.2932,516666
0,0.2932,520820
0,0.2932,807560
0,0.2932,827502
0,0.2933,10269
0,0.2933,11131
0,0.2933,11701
0,0.2933,12259
0,0.2933,13303
0,0.2933,14276
0,0.2933,16430
0,0.2933,16816
0,0.2933,17981
0,0.2933,21692
0,0.2933,28590
0,0.2933,36253
0,0.2933,38835
0,0.2933,105406
0,0.2933,140519
0,0.2933,192306
0,0.2933,515775
0,0.2933,518690
0,0.2933,519514
0,0.2933,521814
0,0.2933,522974
0,0.2933,523349
0,0.2933,800618
0,0.2933,802907
0,0.2933,803999
0,0.2933,805362
0,0.2933,812134
0,0.2933,812884
0,0.2933,839612
0,0.2933,902343
0,0.2934,10184
0,0.2934,10639
0,0.2934,10967
0,0.2934,11977
0,0.2934,12105
0,0.2934,12228
0,0.2934,13121
0,0.2934,18713
0,0.2934,42753
0,0.2934,109837
0,0.2934,152687
0,0.2934,519347
0,0.2934,519363
0,0.2934,801415
0,0.2934,803052
0,0.2934,805647
0,0.2934,818961
0,0.2934,902446
0,0.2935,10797
0,0.2935,11324
0,0.2935,11915
0,0.2935,12141
0,0.2935,13115
0,0.2935,19616
0,0.2935,22884
0,0.2935,25030
0,0.2935,27157
0,0.2935,29969
0,0.2935,30678
0,0.2935,39608
0,0.2935,47271
0,0.2935,59983
0,0.2935,79362
0,0.2935,200001
0,0.2935,512662
0,0.2935,514547
0,0.2935,522789
0,0.2935,800041
0,0.2935,800181
0,0.2935,802190
0,0.2935,821892
0,0.2935,956305
0,0.2935,1050045395
0,0.2935,1050542828
0,0.2936,10172
0,0.2936,10627
0,0.2936,11070
0,0.2936,14705
0,0.2936,18185
0,0.2936,18749
0,0.2936,30508
0,0.2936,33444
0,0.2936,34576
0,0.2936,38425
0,0.2936,40396
0,0.2936,55527
0,0.2936,58517
0,0.2936,77821
0,0.2936,514045
0,0.2936,515933
0,0.2936,523564
0,0.2936,531732
0,0.2936,802172
0,0.2936,804180
0,0.2936,805447
0,0.2936,821754
0,0.2936,936810
0,0.2937,10564
0,0.2937,10704
0,0.2937,12401
0,0.2937,15782
0,0.2937,17369
0,0.2937,17454
0,0.2937,18744
0,0.2937,21227
0,0.2937,30233
0,0.2937,30352
0,0.2937,33032
0,0.2937,39382
0,0.2937,40390
0,0.2937,41171
0,0.2937,76194
0,0.2937,76486
0,0.2937,96574
0,0.2937,174810
0,0.2937,519454
0,0.2937,522465
0,0.2937,522762
0,0.2937,534361
0,0.2937,801670
0,0.2937,805184
0,0.2937,324178811
0,0.2938,12178
0,0.2938,14542
0,0.2938,15514
0,0.2938,19215
0,0.2938,24382
0,0.2938,27025
0,0.2938,29093
0,0.2938,37474
0,0.2938,137777
0,0.2938,291345
0,0.2938,514555
0,0.2938,519399
0,0.2938,519616
0,0.2938,523786
0,0.2938,524733
0,0.2938,800757
0,0.2938,801970
0,0.2938,805026
0,0.2938,818370
0,0.2938,821729
0,0.2938,830333
0,0.2938,903317
0,0.2939,10356
0,0.2939,10515
0,0.2939,11568
0,0.2939,11690
0,0.2939,12809
0,0.2939,13771
0,0.2939,14428
0,0.2939,14523
0,0.2939,14997
0,0.2939,17931
0,0.2939,18504
0,0.2939,27296
0,0.2939,28123
0,0.2939,28559
0,0.2939,29621
0,0.2939,60536
0,0.2939,98544
0,0.2939,128709
0,0.2939,521241
0,0.2939,571508
0,0.2939,805072
0,0.2939,805494
0,0.2940,10047
0,0.2940,10404
0,0.2940,10692
0,0.2940,10707
0,0.2940,11318
0,0.2940,11402
0,0.2940,12181
0,0.2940,13932
0,0.2940,16836
0,0.2940,23167
0,0.2940,26666
0,0.2940,30331
0,0.2940,32675
0,0.2940,33586
0,0.2940,34949
0,0.2940,38272
0,0.2940,53652
0,0.2940,89966
0,0.2940,131748
0,0.2940,511839
0,0.2940,515289
0,0.2940,515760
0,0.2940,522763
0,0.2940,525066
0,0.2940,529207
0,0.2940,530435
0,0.2940,549098
0,0.2940,800527
0,0.2940,803055
0,0.2940,805227
0,0.2940,815445
0,0.2940,906236
0,0.2940,776770294
0,0.2940,1052043704
0,0.2941,10825
0,0.2941,11316
0,0.2941,11908
0,0.2941,13158
0,0.2941,15028
0,0.2941,15042
0,0.2941,16931
0,0.2941,18156
0,0.2941,20381
0,0.2941,23232
0,0.2941,43096
0,0.2941,54440
0,0.2941,73463
0,0.2941,154893
0,0.2941,530950
0,0.2941,539704
0,0.2941,801521
0,0.2941,802719
0,0.2941,803982
0,0.2941,804663
0,0.2941,842254
0,0.2941,913454
0,0.2941,936341
0,0.2942,10133
0,0.2942,10156
0,0.2942,10371
0,0.2942,10652
0,0.2942,11338
0,0.2942,11805
0,0.2942,14871
0,0.2942,15914
0,0.2942,18044
0,0.2942,23259
0,0.2942,98698
0,0.2942,515702
0,0.2942,800167
0,0.2942,803007
0,0.2942,806144
0,0.2942,823205
0,0.2942,827683
0,0.2942,830766
0,0.2942,905528
0,0.2942,912379
0,0.2942,936838
0,0.2943,10249
0,0.2943,10879
0,0.2943,10949
0,0.2943,11420
0,0.2943,11604
0,0.2943,20831
0,0.2943,61243
0,0.2943,514277
0,0.2943,514405
0,0.2943,521203
0,0.2943,801242
0,0.2943,802224
0,0.2943,821058
0,0.2943,824830
0,0.2943,914445
0,0.2943,1050542828
0,0.2944,10368
0,0.2944,11832
0,0.2944,11846
0,0.2944,15325
0,0.2944,15535
0,0.2944,16370
0,0.2944,18932
0,0.2944,21690
0,0.2944,22185
0,0.2944,26455
0,0.2944,28254
0,0.2944,53078
0,0.2944,53639
0,0.2944,53745
0,0.2944,61398
0,0.2944,523675
0,0.2944,531829
0,0.2944,532750
0,0.2944,804513
0,0.2944,804660
0,0.2944,804848
0,0.2944,814468
0,0.2944,817453
0,0.2944,820146
0,0.2944,1050074465
0,0.2945,10165
0,0.2945,10376
0,0.2945,10497
0,0.2945,11303
0,0.2945,12487
0,0.2945,12716
0,0.2945,13317
0,0.2945,14616
0,0.2945,16440
0,0.2945,16794
0,0.2945,17402
0,0.2945,20202
0,0.2945,23619
0,0.2945,30962
0,0.2945,37997
0,0.2945,38141
0,0.2945,49002
0,0.2945,516643
0,0.2945,521745
0,0.2945,522815
0,0.2945,574357
0,0.2945,800344
0,0.2945,803004
0,0.2945,906513
0,0.2945,761298433
0,0.2946,10202
0,0.2946,10479
0,0.2946,11021
0,0.2946,12398
0,0.2946,12900
0,0.2946,16708
0,0.2946,21637
0,0.2946,22519
0,0.2946,37196
0,0.2946,91333
0,0.2946,511823
0,0.2946,514988
0,0.2946,518604
0,0.2946,523550
0,0.2946,523776
0,0.2946,556300
0,0.2946,819656
0,0.2946,829527
0,0.2946,903422
0,0.2946,776770294
0,0.2947,10385
0,0.2947,11896
0,0.2947,16438
0,0.2947,16617
0,0.2947,17696
0,0.2947,20185
0,0.2947,35743
0,0.2947,37433
0,0.2947,38847
0,0.2947,42483
0,0.2947,45722
0,0.2947,70088
0,0.2947,93001
0,0.2947,520169
0,0.2947,520393
0,0.2947,521059
0,0.2947,521536
0,0.2947,527048
0,0.2947,800456
0,0.2947,801658
0,0.2947,804671
0,0.2947,822772
0,0.2948,10080
0,0.2948,12777
0,0.2948,13434
0,0.2948,13595
0,0.2948,14947
0,0.2948,22014
0,0.2948,25045
0,0.2948,26455
0,0.2948,57243
0,0.2948,520016
0,0.2948,524761
0,0.2948,531425
0,0.2948,531708
0,0.2948,801412
0,0.2948,808183
0,0.2948,810626
0,0.2949,10099
0,0.2949,11079
0,0.2949,11631
0,0.2949,12319
0,0.2949,13302
0,0.2949,13707
0,0.2949,14026
0,0.2949,15680
0,0.2949,23854
0,0.2949,24246
0,0.2949,42372
0,0.2949,48335
0,0.2949,83143
0,0.2949,145530
0,0.2949,247112
0,0.2949,518220
0,0.2949,801992
0,0.2950,10072
0,0.2950,10687
0,0.2950,11253
0,0.2950,11715
0,0.2950,13864
0,0.2950,14387
0,0.2950,14881
0,0.2950,18678
0,0.2950,18766
0,0.2950,23513
0,0.2950,76219
0,0.2950,81710
0,0.2950,96692
0,0.2950,215209
0,0.2950,521113
0,0.2950,524610
0,0.2950,555238
0,0.2950,802174
0,0.2950,803330
0,0.2951,10168
0,0.2951,10295
0,0.2951,10540
0,0.2951,12327
0,0.2951,12333
0,0.2951,12605
0,0.2951,14499
0,0.2951,14686
0,0.2951,22446
0,0.2951,22870
0,0.2951,23703
0,0.2951,25517
0,0.2951,30416
0,0.2951,33775
0,0.2951,54011
0,0.2951,67951
0,0.2951,111777
0,0.2951,114715
0,0.2951,339863
0,0.2951,516981
0,0.2951,517669
0,0.2951,521698
0,0.2951,529516
0,0.2951,531862
0,0.2951,539675
0,0.2951,800809
0,0.2951,801998
0,0.2951,802580
0,0.2951,802855
0,0.2951,803210
0,0.2951,939958
0,0.2952,10175
0,0.2952,10617
0,0.2952,10658
0,0.2952,11921
0,0.2952,14989
0,0.2952,21568
0,0.2952,23826
0,0.2952,29637
0,0.2952,31681
0,0.2952,35058
0,0.2952,38853
0,0.2952,77245
0,0.2952,99882
0,0.2952,123422
0,0.2952,130455
0,0.2952,139178
0,0.2952,511882
0,0.2952,520367
0,0.2952,520790
0,0.2952,800724
0,0.2952,800816
0,0.2952,824034
0,0.2952,981789985
0,0.2953,10185
0,0.2953,12802
0,0.2953,13228
0,0.2953,16781
0,0.2953,19921
0,0.2953,24050
0,0.2953,26665
0,0.2953,32854
0,0.2953,42241
0,0.2953,66246
0,0.2953,81417
0,0.2953,100420
0,0.2953,514410
0,0.2953,517852
0,0.2953,522828
0,0.2953,523060
0,0.2953,800398
0,0.2953,801090
0,0.2953,839612
0,0.2953,107629970
0,0.2953,711866623
0,0.2954,10265
0,0.2954,11171
0,0.2954,12423
0,0.2954,12811
0,0.2954,13371
0,0.2954,16198
0,0.2954,16687
0,0.2954,24227
0,0.2954,25792
0,0.2954,32616
0,0.2954,34690
0,0.2954,36374
0,0.2954,44669
0,0.2954,76412
0,0.2954,81201
0,0.2954,87077
0,0.2954,190421
0,0.2954,470711
0,0.2954,523533
0,0.2954,803339
0,0.2955,10447
0,0.2955,11710
0,0.2955,12686
0,0.2955,13018
0,0.2955,14486
0,0.2955,21460
0,0.2955,32825
0,0.2955,36812
0,0.2955,149390
0,0.2955,514605
0,0.2955,515735
0,0.2955,521635
0,0.2955,527409
0,0.2955,568471
0,0.2955,800212
0,0.2956,10187
0,0.2956,12651
0,0.2956,13417
0,0.2956,14061
0,0.2956,14434
0,0.2956,15176
0,0.2956,17325
0,0.2956,21719
0,0.2956,35196
0,0.2956,46153
0,0.2956,58730
0,0.2956,88944
0,0.2956,173462
0,0.2956,518194
0,0.2956,521763
0,0.2956,526698
0,0.2956,530151
0,0.2956,810296
0,0.2956,839612
0,0.2957,10394
0,0.2957,10699
0,0.2957,11699
0,0.2957,11772
0,0.2957,16399
0,0.2957,16506
0,0.2957,17156
0,0.2957,17938
0,0.2957,21242
0,0.2957,22276
0,0.2957,23090
0,0.2957,25939
0,0.2957,26417
0,0.2957,27954
0,0.2957,28791
0,0.2957,30825
0,0.2957,34924
0,0.2957,59018
0,0.2957,151041
0,0.2957,234867
0,0.2957,514230
0,0.2957,519895
0,0.2957,523636
0,0.2957,801164
0,0.2957,801210
0,0.2957,803318
0,0.2957,929749
0,0.2958,11375
0,0.2958,12065
0,0.2958,12252
0,0.2958,12276
0,0.2958,13456
0,0.2958,13460
0,0.2958,13537
0,0.2958,19290
0,0.2958,26455
0,0.2958,28633
0,0.2958,30039
0,0.2958,32462
0,0.2958,34826
0,0.2958,80120
0,0.2958,160441
0,0.2958,526375
0,0.2958,808856
0,0.2958,817453
0,0.2959,10102
0,0.2959,10302
0,0.2959,10322
0,0.2959,13117
0,0.2959,13432
0,0.2959,13680
0,0.2959,14827
0,0.2959,16380
0,0.2959,16584
0,0.2959,16706
0,0.2959,25554
0,0.2959,32040
0,0.2959,32161
0,0.2959,42191
0,0.2959,42739
0,0.2959,65472
0,0.2959,70924
0,0.2959,71157
0,0.2959,512579
0,0.2959,517501
0,0.2959,522822
0,0.2959,529519
0,0.2959,555342
0,0.2959,556286
0,0.2959,800042
0,0.2959,804696
0,0.2959,806747
0,0.2959,946767
0,0.2959,956328
0,0.2960,10689
0,0.2960,11947
0,0.2960,12135
0,0.2960,13559
0,0.2960,14011
0,0.2960,19999
0,0.2960,23212
0,0.2960,23325
0,0.2960,23602
0,0.2960,34824
0,0.2960,65657
0,0.2960,66446
0,0.2960,512106
0,0.2960,513401
0,0.2960,520155
0,0.2960,521027
0,0.2960,537899
0,0.2960,559410
0,0.2960,800056
0,0.2960,800120
0,0.2960,804195
0,0.2960,807160
0,0.2960,808670
0,0.2960,827502
0,0.2961,10107
0,0.2961,10414
0,0.2961,10555
0,0.2961,10612
0,0.2961,10914
0,0.2961,11207
0,0.2961,12104
0,0.2961,12239
0,0.2961,15731
0,0.2961,25628
0,0.2961,27929
0,0.2961,30933
0,0.2961,30935
0,0.2961,50397
0,0.2961,51159
0,0.2961,53190
0,0.2961,57935
0,0.2961,85686
0,0.2961,147617
0,0.2961,514483
0,0.2961,802413
0,0.2961,804119
0,0.2961,814958
0,0.2961,1111554233
0,0.2962,10735
0,0.2962,15117
0,0.2962,15209
0,0.2962,15657
0,0.2962,18559
0,0.2962,24699
0,0.2962,29135
0,0.2962,29493
0,0.2962,32477
0,0.2962,34392
0,0.2962,35109
0,0.2962,39657
0,0.2962,42083
0,0.2962,64180
0,0.2962,70779
0,0.2962,116555
0,0.2962,520087
0,0.2962,802232
0,0.2962,805489
0,0.2962,809196
0,0.2963,10446
0,0.2963,10579
0,0.2963,13698
0,0.2963,15244
0,0.2963,16157
0,0.2963,21932
0,0.2963,22240
0,0.2963,23083
0,0.2963,30873
0,0.2963,39432
0,0.2963,512273
0,0.2963,519705
0,0.2963,524732
0,0.2963,802107
0,0.2963,803757
0,0.2963,902923
0,0.2963,907256
0,0.2963,140334446
0,0.2963,1137406009
0,0.2964,10292
0,0.2964,10898
0,0.2964,12318
0,0.2964,12572
0,0.2964,27834
0,0.2964,29806
0,0.2964,35464
0,0.2964,47827
0,0.2964,59057
0,0.2964,515091
0,0.2964,524717
0,0.2964,532800
0,0.2964,800062
0,0.2964,800134
0,0.2964,802477
0,0.2964,803524
0,0.2964,805469
0,0.2964,823262
0,0.2964,353379798
0,0.2965,10204
0,0.2965,10574
0,0.2965,11428
0,0.2965,11877
0,0.2965,12137
0,0.2965,14205
0,0.2965,15964
0,0.2965,16178
0,0.2965,18109
0,0.2965,18778
0,0.2965,22852
0,0.2965,34359
0,0.2965,39095
0,0.2965,39253
0,0.2965,49464
0,0.2965,512930
0,0.2965,517548
0,0.2965,519132
0,0.2965,521747
0,0.2965,524902
0,0.2965,530880
0,0.2965,802544
0,0.2965,804538
0,0.2965,805185
0,0.2965,869499
0,0.2966,10226
0,0.2966,11255
0,0.2966,12054
0,0.2966,12183
0,0.2966,12654
0,0.2966,13299
0,0.2966,13442
0,0.2966,13984
0,0.2966,14206
0,0.2966,14869
0,0.2966,15789
0,0.2966,15924
0,0.2966,17389
0,0.2966,18125
0,0.2966,19274
0,0.2966,21252
0,0.2966,24963
0,0.2966,28190
0,0.2966,30421
0,0.2966,154359
0,0.2966,511828
0,0.2966,514696
0,0.2966,515048
0,0.2966,520217
0,0.2966,800702
0,0.2966,800719
0,0.2966,805797
0,0.2966,808845
0,0.2966,826503
0,0.2966,932322
0,0.2966,317157307
0,0.2966,1050014552
0,0.2967,10294
0,0.2967,10896
0,0.2967,12491
0,0.2967,14207
0,0.2967,14954
0,0.2967,15110
0,0.2967,15458
0,0.2967,22006
0,0.2967,26287
0,0.2967,27893
0,0.2967,104187
0,0.2967,137459
0,0.2967,519371
0,0.2967,521406
0,0.2967,530668
0,0.2967,802137
0,0.2967,804023
0,0.2967,805491
0,0.2967,805657
0,0.2967,903642
0,0.2967,904983
0,0.2967,918582
0,0.2967,926518
0,0.2968,11784
0,0.2968,12506
0,0.2968,13033
0,0.2968,15997
0,0.2968,18436
0,0.2968,23601
0,0.2968,524968
0,0.2968,527653
0,0.2968,800335
0,0.2968,808715
0,0.2968,811786
0,0.2968,910865
0,0.2968,932796
0,0.2969,10114
0,0.2969,12145
0,0.2969,14736
0,0.2969,14756
0,0.2969,16659
0,0.2969,20077
0,0.2969,45245
0,0.2969,47257
0,0.2969,48301
0,0.2969,48846
0,0.2969,518112
0,0.2969,533751
0,0.2969,801561
0,0.2969,801656
0,0.2969,802201
0,0.2969,805132
0,0.2969,805555
0,0.2969,814115
0,0.2969,816113
0,0.2969,821892
0,0.2969,155143464
0,0.2969,981789985
0,0.2970,10255
0,0.2970,10285
0,0.2970,11163
0,0.2970,11188
0,0.2970,12295
0,0.2970,12445
0,0.2970,12565
0,0.2970,13962
0,0.2970,15888
0,0.2970,16907
0,0.2970,17901
0,0.2970,17902
0,0.2970,60774
0,0.2970,76635
0,0.2970,122745
0,0.2970,548428
0,0.2970,800157
0,0.2970,800577
0,0.2970,801267
0,0.2970,801895
0,0.2970,805619
0,0.2970,807392
0,0.2970,809862
0,0.2970,813725
0,0.2970,819096
0,0.2970,819387
0,0.2970,823869
0,0.2970,956328
0,0.2971,10138
0,0.2971,10950
0,0.2971,12055
0,0.2971,12796
0,0.2971,13007
0,0.2971,13307
0,0.2971,21053
0,0.2971,22521
0,0.2971,175572
0,0.2971,517512
0,0.2971,519818
0,0.2971,520642
0,0.2971,521928
0,0.2971,531768
0,0.2971,800554
0,0.2971,803566
0,0.2971,805244
0,0.2971,941298
0,0.2972,10050
0,0.2972,10097
0,0.2972,10839
0,0.2972,11815
0,0.2972,12978
0,0.2972,14399
0,0.2972,14463
0,0.2972,15534
0,0.2972,16026
0,0.2972,18601
0,0.2972,19767
0,0.2972,24054
0,0.2972,28674
0,0.2972,34452
0,0.2972,48120
0,0.2972,48667
0,0.2972,50960
0,0.2972,58394
0,0.2972,104220
0,0.2972,521234
0,0.2972,537032
0,0.2972,803599
0,0.2972,806326
0,0.2972,827502
0,0.2972,900035
0,0.2972,902304
0,0.2973,10677
0,0.2973,13259
0,0.2973,14362
0,0.2973,15273
0,0.2973,16493
0,0.2973,17174
0,0.2973,23281
0,0.2973,26901
0,0.2973,38569
0,0.2973,71209
0,0.2973,119692
0,0.2973,127571
0,0.2973,517255
0,0.2973,522754
0,0.2973,800412
0,0.2973,803207
0,0.2973,804158
0,0.2973,804958
0,0.2973,831621
0,0.2974,10100
0,0.2974,10120
0,0.2974,12083
0,0.2974,12159
0,0.2974,14071
0,0.2974,16323
0,0.2974,21400
0,0.2974,25210
0,0.2974,25684
0,0.2974,31633
0,0.2974,43191
0,0.2974,44648
0,0.2974,146366
0,0.2974,513968
0,0.2974,529385
0,0.2974,542056
0,0.2974,557801
0,0.2974,802461
0,0.2974,805067
0,0.2974,805135
0,0.2974,805280
0,0.2974,806900
0,0.2974,814783
0,0.2974,820520
0,0.2975,12943
0,0.2975,15212
0,0.2975,15932
0,0.2975,17109
0,0.2975,18437
0,0.2975,19751
0,0.2975,20189
0,0.2975,25763
0,0.2975,26211
0,0.2975,48491
0,0.2975,49243
0,0.2975,73646
0,0.2975,137497
0,0.2975,800343
0,0.2975,801199
0,0.2975,801822
0,0.2975,806433
0,0.2976,10289
0,0.2976,10802
0,0.2976,11302
0,0.2976,11967
0,0.2976,12232
0,0.2976,12962
0,0.2976,15494
0,0.2976,17086
0,0.2976,17354
0,0.2976,18068
0,0.2976,19760
0,0.2976,29635
0,0.2976,30950
0,0.2976,32258
0,0.2976,37378
0,0.2976,61079
0,0.2976,101593
0,0.2976,516663
0,0.2976,519866
0,0.2976,522734
0,0.2976,802543
0,0.2976,805286
0,0.2976,806061
0,0.2976,819089
0,0.2976,903481
0,0.2977,10428
0,0.2977,10920
0,0.2977,11638
0,0.2977,12733
0,0.2977,14294
0,0.2977,14766
0,0.2977,15001
0,0.2977,16180
0,0.2977,20818
0,0.2977,21468
0,0.2977,23369
0,0.2977,25859
0,0.2977,27596
0,0.2977,33298
0,0.2977,34767
0,0.2977,36234
0,0.2977,38706
0,0.2977,63027
0,0.2977,68889
0,0.2977,101652
0,0.2977,522841
0,0.2977,523379
0,0.2977,524655
0,0.2977,526612
0,0.2977,527509
0,0.2977,801189
0,0.2977,807252
0,0.2977,821058
0,0.2978,10448
0,0.2978,10494
0,0.2978,11371
0,0.2978,11618
0,0.2978,14200
0,0.2978,16275
0,0.2978,16465
0,0.2978,18779
0,0.2978,21688
0,0.2978,30401
0,0.2978,30807
0,0.2978,32392
0,0.2978,33589
0,0.2978,34223
0,0.2978,49262
0,0.2978,77709
0,0.2978,113924
0,0.2978,219710
0,0.2978,512932
0,0.2978,533431
0,0.2978,800150
0,0.2978,802955
0,0.2978,803440
0,0.2978,803829
0,0.2978,803860
0,0.2978,804984
0,0.2978,816113
0,0.2978,830025
0,0.2978,905984
0,0.2978,956328
0,0.2978,1050687371
0,0.2979,10205
0,0.2979,10354
0,0.2979,10816
0,0.2979,11142
0,0.2979,11545
0,0.2979,11836
0,0.2979,11997
0,0.2979,13255
0,0.2979,19488
0,0.2979,26284
0,0.2979,42332
0,0.2979,54246
0,0.2979,58481
0,0.2979,168586
0,0.2979,235061
0,0.2979,512390
0,0.2979,529029
0,0.2979,549229
0,0.2979,555713
0,0.2979,800589
0,0.2979,803493
0,0.2979,804288
0,0.2979,805949
0,0.2979,830295
0,0.2979,952874
0,0.2980,10041
0,0.2980,10673
0,0.2980,11017
0,0.2980,13167
0,0.2980,13287
0,0.2980,17691
0,0.2980,18585
0,0.2980,19463
0,0.2980,19602
0,0.2980,22379
0,0.2980,31906
0,0.2980,31942
0,0.2980,37439
0,0.2980,44816
0,0.2980,513283
0,0.2980,521025
0,0.2980,536264
0,0.2980,802181
0,0.2980,803129
0,0.2980,804555
0,0.2980,905385
0,0.2980,605725659
0,0.2981,10830
0,0.2981,12358
0,0.2981,13013
0,0.2981,13760
0,0.2981,15602
0,0.2981,16473
0,0.2981,18419
0,0.2981,19189
0,0.2981,22585
0,0.2981,23273
0,0.2981,26130
0,0.2981,27413
0,0.2981,31627
0,0.2981,33038
0,0.2981,33050
0,0.2981,33598
0,0.2981,38268
0,0.2981,40015
0,0.2981,42019
0,0.2981,49839
0,0.2981,52728
0,0.2981,85527
0,0.2981,512305
0,0.2981,512927
0,0.2981,513146
0,0.2981,523512
0,0.2981,530449
0,0.2981,800250
0,0.2981,800546
0,0.2981,800718
0,0.2981,801489
0,0.2981,803013
0,0.2981,806253
0,0.2982,10057
0,0.2982,10061
0,0.2982,10137
0,0.2982,10847
0,0.2982,11280
0,0.2982,11341
0,0.2982,11969
0,0.2982,12685
0,0.2982,13305
0,0.2982,13872
0,0.2982,14093
0,0.2982,15351
0,0.2982,19827
0,0.2982,20277
0,0.2982,25713
0,0.2982,28131
0,0.2982,30310
0,0.2982,30716
0,0.2982,32475
0,0.2982,38010
0,0.2982,38085
0,0.2982,42310
0,0.2982,45288
0,0.2982,94433
0,0.2982,136159
0,0.2982,514546
0,0.2982,520817
0,0.2982,521256
0,0.2982,521675
0,0.2982,521814
0,0.2982,533103
0,0.2982,580970
0,0.2982,800890
0,0.2982,802028
0,0.2982,805165
0,0.2983,10110
0,0.2983,10332
0,0.2983,10554
0,0.2983,11010
0,0.2983,11497
0,0.2983,11688
0,0.2983,11902
0,0.2983,12151
0,0.2983,23009
0,0.2983,34671
0,0.2983,35620
0,0.2983,36245
0,0.2983,53086
0,0.2983,69544
0,0.2983,74781
0,0.2983,89542
0,0.2983,518831
0,0.2983,523547
0,0.2983,536208
0,0.2983,800008
0,0.2983,802809
0,0.2983,803305
0,0.2983,806636
0,0.2983,811623
0,0.2983,814430
0,0.2983,819089
0,0.2983,822728
0,0.2983,828718
0,0.2984,11495
0,0.2984,12718
0,0.2984,14414
0,0.2984,14694
0,0.2984,16642
0,0.2984,20300
0,0.2984,24382
0,0.2984,29116
0,0.2984,35637
0,0.2984,37921
0,0.2984,72491
0,0.2984,95462
0,0.2984,512042
0,0.2984,514125
0,0.2984,515966
0,0.2984,531557
0,0.2984,532909
0,0.2984,545611
0,0.2984,800163
0,0.2984,106822444
0,0.2985,11085
0,0.2985,22405
0,0.2985,22706
0,0.2985,24968
0,0.2985,39813
0,0.2985,519365
0,0.2985,520143
0,0.2985,520210
0,0.2985,540077
0,0.2985,802124
0,0.2985,802164
0,0.2985,802954
0,0.2985,827678
0,0.2985,906612
0,0.2985,924167
0,0.2986,10495
0,0.2986,10852
0,0.2986,11923
0,0.2986,12240
0,0.2986,15514
0,0.2986,19036
0,0.2986,40390
0,0.2986,800203
0,0.2987,10011
0,0.2987,12472
0,0.2987,13258
0,0.2987,14041
0,0.2987,14289
0,0.2987,14673
0,0.2987,15929
0,0.2987,17554
0,0.2987,17823
0,0.2987,19452
0,0.2987,19486
0,0.2987,20072
0,0.2987,21191
0,0.2987,23777
0,0.2987,24126
0,0.2987,52665
0,0.2987,102689
0,0.2987,105998
0,0.2987,178990
0,0.2987,511881
0,0.2987,526298
0,0.2987,532187
0,0.2987,559141
0,0.2987,800392
0,0.2987,802755
0,0.2987,804156
0,0.2987,806760
0,0.2987,904736
0,0.2987,1052043704
0,0.2988,10150
0,0.2988,10241
0,0.2988,12067
0,0.2988,18744
0,0.2988,18932
0,0.2988,20068
0,0.2988,21692
0,0.2988,22709
0,0.2988,27615
0,0.2988,32185
0,0.2988,34466
0,0.2988,36499
0,0.2988,38190
0,0.2988,38835
0,0.2988,60421
0,0.2988,86661
0,0.2988,90835
0,0.2988,158774
0,0.2988,517359
0,0.2988,522387
0,0.2988,524596
0,0.2988,525061
0,0.2988,806817
0,0.2988,830025
0,0.2989,12947
0,0.2989,13751
0,0.2989,14461
0,0.2989,15325
0,0.2989,16457
0,0.2989,17623
0,0.2989,19930
0,0.2989,22441
0,0.2989,39026
0,0.2989,43756
0,0.2989,46152
0,0.2989,47601
0,0.2989,54011
0,0.2989,258819
0,0.2989,514045
0,0.2989,515811
0,0.2989,806124
0,0.2989,807799
0,0.2989,903107
0,0.2989,904946
0,0.2989,1052043704
0,0.2990,10338
0,0.2990,10432
0,0.2990,10475
0,0.2990,10603
0,0.2990,11005
0,0.2990,11021
0,0.2990,11419
0,0.2990,11603
0,0.2990,13317
0,0.2990,18504
0,0.2990,23619
0,0.2990,25723
0,0.2990,35743
0,0.2990,42997
0,0.2990,43126
0,0.2990,44865
0,0.2990,55527
0,0.2990,76194
0,0.2990,150846
0,0.2990,152496
0,0.2990,522974
0,0.2990,523392
0,0.2990,533411
0,0.2990,533946
0,0.2990,543158
0,0.2990,800004
0,0.2990,803747
0,0.2990,903425
0,0.2990,903450
0,0.2990,906663
0,0.2991,10661
0,0.2991,10879
0,0.2991,11586
0,0.2991,12510
0,0.2991,16087
0,0.2991,16182
0,0.2991,18170
0,0.2991,20402
0,0.2991,25552
0,0.2991,29952
0,0.2991,37981
0,0.2991,46429
0,0.2991,56542
0,0.2991,86523
0,0.2991,95057
0,0.2991,513630
0,0.2991,520182
0,0.2991,520440
0,0.2991,530460
0,0.2991,540383
0,0.2991,814353
0,0.2991,823598
0,0.2991,830025
0,0.2992,10959
0,0.2992,11053
0,0.2992,11401
0,0.2992,13613
0,0.2992,15284
0,0.2992,15491
0,0.2992,16390
0,0.2992,16794
0,0.2992,24614
0,0.2992,25275
0,0.2992,28681
0,0.2992,30168
0,0.2992,515221
0,0.2992,516739
0,0.2992,517256
0,0.2992,518777
0,0.2992,518830
0,0.2992,555259
0,0.2992,801491
0,0.2992,802081
0,0.2992,813076
0,0.2992,820146
0,0.2992,906228
0,0.2993,10222
0,0.2993,10415
0,0.2993,10514
0,0.2993,11189
0,0.2993,13101
0,0.2993,13428
0,0.2993,14438
0,0.2993,14566
0,0.2993,15393
0,0.2993,15408
0,0.2993,18688
0,0.2993,19963
0,0.2993,21609
0,0.2993,22327
0,0.2993,24687
0,0.2993,26772
0,0.2993,27296
0,0.2993,30504
0,0.2993,30743
0,0.2993,31749
0,0.2993,37929
0,0.2993,52191
0,0.2993,54058
0,0.2993,63204
0,0.2993,258819
0,0.2993,515410
0,0.2993,515578
0,0.2993,520863
0,0.2993,539954
0,0.2993,800093
0,0.2993,800856
0,0.2993,801249
0,0.2993,801394
0,0.2993,954670
0,0.2993,1050443274
0,0.2994,10052
0,0.2994,11152
0,0.2994,12006
0,0.2994,12298
0,0.2994,12355
0,0.2994,14459
0,0.2994,14881
0,0.2994,15304
0,0.2994,16381
0,0.2994,17043
0,0.2994,17454
0,0.2994,21702
0,0.2994,22440
0,0.2994,24874
0,0.2994,25598
0,0.2994,25792
0,0.2994,30068
0,0.2994,32651
0,0.2994,34252
0,0.2994,38388
0,0.2994,40798
0,0.2994,41743
0,0.2994,44903
0,0.2994,52352
0,0.2994,67864
0,0.2994,527427
0,0.2994,807924
0,0.2994,828718
0,0.2994,903679
0,0.2994,905849
0,0.2994,105856729
0,0.2994,118002941
0,0.2995,10497
0,0.2995,11030
0,0.2995,11540
0,0.2995,11805
0,0.2995,14772
0,0.2995,15124
0,0.2995,17801
0,0.2995,19615
0,0.2995,22185
0,0.2995,23359
0,0.2995,25184
0,0.2995,31575
0,0.2995,43152
0,0.2995,51658
0,0.2995,79759
0,0.2995,131748
0,0.2995,358032
0,0.2995,520888
0,0.2995,533223
0,0.2995,801530
0,0.2995,802793
0,0.2995,803992
0,0.2995,805229
0,0.2995,824830
0,0.2995,905709
0,0.2995,907558
0,0.2996,11659
0,0.2996,12532
0,0.2996,12809
0,0.2996,13794
0,0.2996,19255
0,0.2996,23812
0,0.2996,33842
0,0.2996,34715
0,0.2996,34896
0,0.2996,34949
0,0.2996,35430
0,0.2996,54285
0,0.2996,78782
0,0.2996,515072
0,0.2996,521236
0,0.2996,522428
0,0.2996,524156
0,0.2996,801816
0,0.2996,806355
0,0.2996,810069
0,0.2996,810372
0,0.2997,10553
0,0.2997,11723
0,0.2997,14697
0,0.2997,15612
0,0.2997,15680
0,0.2997,16781
0,0.2997,17175
0,0.2997,22092
0,0.2997,24848
0,0.2997,29009
0,0.2997,29436
0,0.2997,30419
0,0.2997,40565
0,0.2997,96137
0,0.2997,513364
0,0.2997,515293
0,0.2997,521241
0,0.2997,805860
0,0.2997,806094
0,0.2997,806822
0,0.2997,807649
0,0.2997,903450
0,0.2997,904821
0,0.2997,905405
0,0.2998,11485
0,0.2998,12255
0,0.2998,13858
0,0.2998,14820
0,0.2998,16862
0,0.2998,17751
0,0.2998,22504
0,0.2998,25939
0,0.2998,29028
0,0.2998,37142
0,0.2998,38454
0,0.2998,41640
0,0.2998,59994
0,0.2998,66561
0,0.2998,82205
0,0.2998,131607
0,0.2998,514405
0,0.2998,519616
0,0.2998,519862
0,0.2998,523578
0,0.2998,800181
0,0.2998,800317
0,0.2998,803070
0,0.2998,803181
0,0.2998,808464
0,0.2998,820146
0,0.2998,821754
0,0.2998,842520
0,0.2998,906554
0,0.2998,1050542828
0,0.2999,10099
0,0.2999,10799
0,0.2999,10819
0,0.2999,10917
0,0.2999,12095
0,0.2999,13273
0,0.2999,14747
0,0.2999,14912
0,0.2999,17342
0,0.2999,18054
0,0.2999,18911
0,0.2999,24580
0,0.2999,26607
0,0.2999,37330
0,0.2999,39251
0,0.2999,42404
0,0.2999,47369
0,0.2999,62156
0,0.2999,69319
0,0.2999,87338
0,0.2999,364582
0,0.2999,514596
0,0.2999,515679
0,0.2999,516919
0,0.2999,575760
0,0.2999,800262
0,0.2999,800478
0,0.2999,803241
0,0.2999,811034
0,0.2999,813291
0,0.2999,816323
0,0.2999,902842
