trial,t,flywire_id
0,0.0000,801666
0,0.0001,72945
0,0.0001,548589
0,0.0002,91582
0,0.0002,97536
0,0.0002,808740
0,0.0002,811544
0,0.0002,908274
0,0.0003,28241
0,0.0003,66207
0,0.0003,93352
0,0.0003,534777
0,0.0006,72672
0,0.0006,85916
0,0.0006,807356
0,0.0007,516780
0,0.0008,819835
0,0.0008,914259
0,0.0009,72945
0,0.0011,905652
0,0.0012,80951
0,0.0012,904868
0,0.0013,109145
0,0.0013,158604
0,0.0013,534777
0,0.0013,808650
0,0.0014,99721
0,0.0016,40001
0,0.0016,53050
0,0.0016,96307
0,0.0016,118825
0,0.0016,125065
0,0.0017,25655
0,0.0017,32656
0,0.0017,133908
0,0.0018,50372
0,0.0019,120208
0,0.0020,808650
0,0.0021,25655
0,0.0021,37399
0,0.0023,17310
0,0.0023,53918
0,0.0023,59950
0,0.0023,62528
0,0.0024,190419
0,0.0026,536845
0,0.0026,580417
0,0.0026,804140
0,0.0026,821509
0,0.0027,543264
0,0.0027,911658
0,0.0027,914259
0,0.0028,17757
0,0.0029,38538
0,0.0029,90874
0,0.0029,96307
0,0.0030,50372
0,0.0030,145128
0,0.0031,553194
0,0.0032,76894
0,0.0032,108324
0,0.0032,511775
0,0.0033,110773
0,0.0033,128455
0,0.0034,37399
0,0.0034,129758
0,0.0035,126345
0,0.0035,534777
0,0.0036,128686
0,0.0037,29590
0,0.0037,808650
0,0.0037,908274
0,0.0038,104131
0,0.0038,183161
0,0.0039,518567
0,0.0039,522770
0,0.0039,522891
0,0.0040,142053
0,0.0041,91582
0,0.0041,536845
0,0.0041,908572
0,0.0042,27627
0,0.0042,84445
0,0.0042,905652
0,0.0043,804596
0,0.0043,811544
0,0.0044,66207
0,0.0044,550868
0,0.0045,52614
0,0.0045,516317
0,0.0045,520668
0,0.0046,99721
0,0.0046,128686
0,0.0046,133908
0,0.0047,28086
0,0.0047,813400
0,0.0048,17310
0,0.0048,44587
0,0.0048,97536
0,0.0049,96307
0,0.0051,522891
0,0.0052,522770
0,0.0054,29997
0,0.0055,17310
0,0.0055,126345
0,0.0055,819835
0,0.0056,76894
0,0.0056,146502
0,0.0057,30469
0,0.0057,46096
0,0.0057,580417
0,0.0058,52570
0,0.0058,521479
0,0.0059,42240
0,0.0059,908274
0,0.0060,32656
0,0.0060,509223
0,0.0060,808650
0,0.0061,59400
0,0.0061,532800
0,0.0062,27627
0,0.0063,87245
0,0.0063,904119
0,0.0064,535279
0,0.0065,522812
0,0.0067,209929
0,0.0068,48056
0,0.0068,80484
0,0.0068,100307
0,0.0068,122835
0,0.0068,159400
0,0.0068,511775
0,0.0068,522770
0,0.0068,905652
0,0.0068,911658
0,0.0070,128455
0,0.0071,16600
0,0.0073,36627
0,0.0073,801666
0,0.0073,814586
0,0.0074,27319
0,0.0074,40205
0,0.0074,77451
0,0.0075,54628
0,0.0075,122835
0,0.0075,509223
0,0.0075,814586
0,0.0076,25655
0,0.0077,25655
0,0.0077,904119
0,0.0078,23487
0,0.0078,43861
0,0.0079,17310
0,0.0079,35113
0,0.0079,58157
0,0.0079,97536
0,0.0079,147169
0,0.0080,129758
0,0.0081,142998
0,0.0081,553194
0,0.0083,64457
0,0.0083,80093
0,0.0083,161534
0,0.0083,813400
0,0.0084,59618
0,0.0084,509223
0,0.0085,36627
0,0.0085,513945
0,0.0086,62528
0,0.0087,58972
0,0.0087,96307
0,0.0087,195727
0,0.0088,58972
0,0.0088,85916
0,0.0088,128686
0,0.0088,145128
0,0.0089,43861
0,0.0089,84445
0,0.0089,100307
0,0.0090,159277
0,0.0090,521479
0,0.0091,16454
0,0.0091,195277
0,0.0091,513945
0,0.0092,40350
0,0.0093,54749
0,0.0094,103338
0,0.0094,107502
0,0.0094,127658
0,0.0094,161534
0,0.0095,84445
0,0.0095,99721
0,0.0095,103338
0,0.0095,156395
0,0.0095,209929
0,0.0096,42240
0,0.0096,118845
0,0.0097,28899
0,0.0097,44377
0,0.0097,72019
0,0.0097,121759
0,0.0097,904119
0,0.0098,32656
0,0.0098,64457
0,0.0098,119868
0,0.0098,904119
0,0.0099,53918
0,0.0099,145635
0,0.0100,37399
0,0.0100,71785
0,0.0100,147169
0,0.0101,90874
0,0.0101,121759
0,0.0102,52614
0,0.0102,72672
0,0.0102,516780
0,0.0103,141297
0,0.0104,518153
0,0.0106,67070
0,0.0107,80484
0,0.0107,84445
0,0.0107,87245
0,0.0108,72672
0,0.0108,97536
0,0.0109,119868
0,0.0109,522812
0,0.0110,108324
0,0.0111,16600
0,0.0113,25655
0,0.0113,54749
0,0.0113,75987
0,0.0113,145635
0,0.0114,63944
0,0.0114,72019
0,0.0114,103338
0,0.0114,806606
0,0.0114,808650
0,0.0115,810889
0,0.0116,99721
0,0.0117,54741
0,0.0119,37399
0,0.0119,908274
0,0.0120,37399
0,0.0120,85617
0,0.0120,516780
0,0.0120,522812
0,0.0120,810889
0,0.0120,821509
0,0.0121,46898
0,0.0121,159277
0,0.0121,514727
0,0.0122,33919
0,0.0122,532800
0,0.0123,77451
0,0.0124,23487
0,0.0124,49225
0,0.0125,40205
0,0.0125,54741
0,0.0125,85916
0,0.0125,124962
0,0.0125,130874
0,0.0125,132204
0,0.0125,142998
0,0.0125,145016
0,0.0125,190419
0,0.0126,29997
0,0.0126,103338
0,0.0126,905652
0,0.0128,11162
0,0.0128,43861
0,0.0129,522891
0,0.0130,23487
0,0.0130,58972
0,0.0130,85617
0,0.0130,511775
0,0.0131,25655
0,0.0131,46898
0,0.0131,119630
0,0.0131,816543
0,0.0132,31345
0,0.0132,57896
0,0.0132,158604
0,0.0133,54628
0,0.0133,97536
0,0.0133,142053
0,0.0133,522770
0,0.0133,807356
0,0.0133,812106
0,0.0134,97536
0,0.0135,93352
0,0.0136,16600
0,0.0136,801936
0,0.0137,62528
0,0.0137,80484
0,0.0137,93352
0,0.0138,807225
0,0.0138,810889
0,0.0139,545288
0,0.0140,109011
0,0.0140,856359
0,0.0141,33919
0,0.0141,146502
0,0.0142,64457
0,0.0142,814586
0,0.0143,43861
0,0.0143,103964
0,0.0144,133908
0,0.0144,147169
0,0.0144,522770
0,0.0146,64457
0,0.0147,40205
0,0.0147,93352
0,0.0147,119630
0,0.0147,522770
0,0.0148,30469
0,0.0148,44667
0,0.0148,75987
0,0.0148,127658
0,0.0149,63944
0,0.0149,85916
0,0.0149,159400
0,0.0149,190419
0,0.0151,801088
0,0.0151,911658
0,0.0152,98526
0,0.0152,159277
0,0.0153,16600
0,0.0153,33542
0,0.0153,147169
0,0.0153,806606
0,0.0154,107502
0,0.0155,54741
0,0.0156,125065
0,0.0156,130874
0,0.0156,808740
0,0.0157,133908
0,0.0157,145128
0,0.0158,58157
0,0.0158,96104
0,0.0158,209929
0,0.0158,804140
0,0.0159,16454
0,0.0160,58972
0,0.0160,109145
0,0.0161,93352
0,0.0162,39727
0,0.0164,107105
0,0.0165,119868
0,0.0165,159277
0,0.0165,159400
0,0.0165,580417
0,0.0168,118845
0,0.0169,44667
0,0.0169,46898
0,0.0169,48056
0,0.0169,110773
0,0.0169,132204
0,0.0169,801088
0,0.0170,53326
0,0.0170,553194
0,0.0171,518567
0,0.0172,28899
0,0.0172,62528
0,0.0172,515266
0,0.0173,80093
0,0.0173,518153
0,0.0174,46898
0,0.0174,119868
0,0.0174,121759
0,0.0174,158604
0,0.0175,38538
0,0.0175,801088
0,0.0175,908274
0,0.0176,159277
0,0.0176,806606
0,0.0177,58157
0,0.0178,53050
0,0.0178,103964
0,0.0179,128455
0,0.0179,183161
0,0.0179,816543
0,0.0180,59400
0,0.0181,27627
0,0.0181,808650
0,0.0183,535279
0,0.0184,534777
0,0.0184,908572
0,0.0185,40001
0,0.0185,522891
0,0.0186,522891
0,0.0186,805313
0,0.0187,807225
0,0.0189,16600
0,0.0189,543264
0,0.0190,34247
0,0.0190,49225
0,0.0190,535279
0,0.0191,10074
0,0.0191,16600
0,0.0192,535279
0,0.0193,40350
0,0.0193,814586
0,0.0194,119868
0,0.0194,522812
0,0.0196,37399
0,0.0198,28899
0,0.0198,49225
0,0.0198,53050
0,0.0198,145016
0,0.0198,522812
0,0.0198,801936
0,0.0199,28086
0,0.0200,80093
0,0.0201,97536
0,0.0202,516317
0,0.0204,54749
0,0.0204,64457
0,0.0205,25655
0,0.0205,39727
0,0.0205,107105
0,0.0205,145016
0,0.0206,35113
0,0.0206,39727
0,0.0206,58972
0,0.0206,159277
0,0.0207,13380
0,0.0207,59950
0,0.0207,64457
0,0.0207,809322
0,0.0207,810889
0,0.0208,42240
0,0.0208,72672
0,0.0210,85617
0,0.0210,156395
0,0.0211,142053
0,0.0211,809322
0,0.0212,64457
0,0.0212,80093
0,0.0212,138586
0,0.0213,53050
0,0.0213,190419
0,0.0213,904868
0,0.0214,57896
0,0.0214,126345
0,0.0214,518567
0,0.0214,804140
0,0.0215,161534
0,0.0216,28086
0,0.0216,145635
0,0.0217,103338
0,0.0217,256432
0,0.0219,58972
0,0.0219,66207
0,0.0219,80093
0,0.0219,142053
0,0.0219,195727
0,0.0220,98526
0,0.0220,522812
0,0.0220,808740
0,0.0223,75987
0,0.0223,256432
0,0.0224,127658
0,0.0224,821509
0,0.0225,27627
0,0.0225,128455
0,0.0225,522770
0,0.0227,64457
0,0.0227,85916
0,0.0227,98526
0,0.0227,107502
0,0.0228,104131
0,0.0228,516317
0,0.0228,521479
0,0.0229,49225
0,0.0229,104131
0,0.0230,142998
0,0.0230,808740
0,0.0231,93352
0,0.0231,535279
0,0.0231,807356
0,0.0231,816543
0,0.0232,72945
0,0.0232,203048
0,0.0233,23487
0,0.0233,50372
0,0.0233,190419
0,0.0234,21763
0,0.0234,128686
0,0.0234,142053
0,0.0235,28899
0,0.0235,801088
0,0.0235,804989
0,0.0236,16600
0,0.0236,195277
0,0.0236,801088
0,0.0237,145128
0,0.0238,227465
0,0.0239,124962
0,0.0239,808650
0,0.0241,32656
0,0.0241,63944
0,0.0241,110773
0,0.0241,805313
0,0.0242,64457
0,0.0242,190419
0,0.0242,513945
0,0.0242,804140
0,0.0244,58972
0,0.0244,80093
0,0.0244,145635
0,0.0244,810889
0,0.0246,53050
0,0.0246,127577
0,0.0247,34247
0,0.0248,808650
0,0.0249,128686
0,0.0249,145016
0,0.0249,808650
0,0.0250,40001
0,0.0250,132204
0,0.0252,27319
0,0.0252,59618
0,0.0252,120208
0,0.0254,10231
0,0.0254,54959
0,0.0256,120208
0,0.0256,227465
0,0.0256,521479
0,0.0256,536845
0,0.0257,44667
0,0.0258,16600
0,0.0258,110773
0,0.0260,28899
0,0.0260,57896
0,0.0260,72019
0,0.0260,91582
0,0.0261,127577
0,0.0261,812106
0,0.0262,50372
0,0.0262,72672
0,0.0263,911658
0,0.0264,522770
0,0.0264,812106
0,0.0265,53918
0,0.0266,63645
0,0.0266,209929
0,0.0266,520668
0,0.0266,553194
0,0.0267,54741
0,0.0267,96104
0,0.0267,103964
0,0.0268,10074
0,0.0268,63944
0,0.0268,806606
0,0.0269,195277
0,0.0270,522770
0,0.0271,21332
0,0.0271,132204
0,0.0271,513945
0,0.0273,32656
0,0.0274,46898
0,0.0274,58972
0,0.0274,513945
0,0.0275,120208
0,0.0275,156395
0,0.0277,30469
0,0.0277,121593
0,0.0277,908274
0,0.0278,53326
0,0.0279,44377
0,0.0280,804989
0,0.0281,50372
0,0.0281,63645
0,0.0281,158604
0,0.0281,522405
0,0.0281,550868
0,0.0282,46898
0,0.0282,59950
0,0.0282,124962
0,0.0282,146502
0,0.0282,801666
0,0.0283,23487
0,0.0284,142998
0,0.0285,109011
0,0.0288,13271
0,0.0288,59950
0,0.0288,256432
0,0.0289,27627
0,0.0289,31345
0,0.0290,53918
0,0.0290,57896
0,0.0290,66207
0,0.0292,522770
0,0.0292,807356
0,0.0293,42240
0,0.0293,195277
0,0.0294,124962
0,0.0294,141297
0,0.0295,534777
0,0.0296,16600
0,0.0296,104131
0,0.0297,99540
0,0.0298,514727
0,0.0299,37399
0,0.0299,195727
0,0.0299,804596
0,0.0300,118845
0,0.0300,170256
0,0.0301,27128
0,0.0302,33919
0,0.0302,72945
0,0.0302,195727
0,0.0302,811544
0,0.0302,813400
0,0.0302,819835
0,0.0303,142053
0,0.0304,16600
0,0.0304,145128
0,0.0305,110773
0,0.0305,195727
0,0.0305,535279
0,0.0305,536845
0,0.0305,801088
0,0.0306,10540
0,0.0306,40350
0,0.0307,57896
0,0.0307,128686
0,0.0307,130874
0,0.0307,805313
0,0.0307,806606
0,0.0308,44667
0,0.0308,54628
0,0.0308,811544
0,0.0309,54749
0,0.0309,91582
0,0.0310,145128
0,0.0310,914259
0,0.0311,103338
0,0.0311,104131
0,0.0311,816543
0,0.0312,807225
0,0.0313,535279
0,0.0314,522812
0,0.0314,804596
0,0.0314,904119
0,0.0315,132204
0,0.0316,28241
0,0.0316,46096
0,0.0316,72019
0,0.0316,167190
0,0.0317,17310
0,0.0317,110773
0,0.0318,10074
0,0.0318,11162
0,0.0318,36627
0,0.0318,39727
0,0.0318,44587
0,0.0318,183161
0,0.0318,904119
0,0.0319,29997
0,0.0319,520668
0,0.0319,816543
0,0.0320,29590
0,0.0322,52570
0,0.0322,158604
0,0.0323,31345
0,0.0323,809322
0,0.0324,227465
0,0.0324,821509
0,0.0325,39943
0,0.0325,203048
0,0.0325,550868
0,0.0326,63944
0,0.0327,190419
0,0.0328,44377
0,0.0328,141297
0,0.0329,38538
0,0.0329,509223
0,0.0330,43861
0,0.0330,190419
0,0.0330,518567
0,0.0332,91582
0,0.0332,804140
0,0.0333,52570
0,0.0333,59618
0,0.0333,145635
0,0.0333,801666
0,0.0334,54741
0,0.0335,91582
0,0.0335,103964
0,0.0335,128455
0,0.0335,534777
0,0.0335,904119
0,0.0336,93352
0,0.0336,98526
0,0.0337,130874
0,0.0337,132204
0,0.0338,29997
0,0.0339,52570
0,0.0339,138586
0,0.0340,16600
0,0.0340,804596
0,0.0340,809744
0,0.0341,10375
0,0.0341,904119
0,0.0342,90310
0,0.0343,57896
0,0.0343,99721
0,0.0343,908572
0,0.0344,39727
0,0.0344,124962
0,0.0344,158604
0,0.0345,29997
0,0.0345,34247
0,0.0345,124962
0,0.0346,31345
0,0.0346,145635
0,0.0346,801666
0,0.0348,130874
0,0.0350,142053
0,0.0351,39943
0,0.0351,40350
0,0.0351,819835
0,0.0353,46096
0,0.0353,104131
0,0.0353,534777
0,0.0353,808740
0,0.0355,25245
0,0.0355,145128
0,0.0356,119630
0,0.0356,518567
0,0.0357,84445
0,0.0358,59950
0,0.0358,142053
0,0.0358,521479
0,0.0358,801936
0,0.0359,16600
0,0.0359,195277
0,0.0359,548589
0,0.0360,11162
0,0.0360,29590
0,0.0360,128455
0,0.0360,819835
0,0.0361,142998
0,0.0361,904868
0,0.0362,13380
0,0.0362,43861
0,0.0362,808740
0,0.0362,809744
0,0.0364,145016
0,0.0364,813400
0,0.0365,124962
0,0.0365,156395
0,0.0365,522891
0,0.0366,71785
0,0.0366,124962
0,0.0366,580417
0,0.0368,87245
0,0.0368,516317
0,0.0369,11162
0,0.0370,545288
0,0.0370,804140
0,0.0371,72019
0,0.0371,514727
0,0.0372,25655
0,0.0373,28899
0,0.0373,127658
0,0.0375,28086
0,0.0376,126345
0,0.0376,801936
0,0.0379,87245
0,0.0379,543264
0,0.0380,518567
0,0.0381,91582
0,0.0382,54749
0,0.0382,535279
0,0.0382,536845
0,0.0382,812106
0,0.0383,16454
0,0.0383,72945
0,0.0384,107502
0,0.0384,804989
0,0.0385,75987
0,0.0386,40205
0,0.0386,520668
0,0.0386,545288
0,0.0386,808740
0,0.0387,22514
0,0.0387,85916
0,0.0388,11162
0,0.0388,31345
0,0.0388,84445
0,0.0388,124962
0,0.0388,806606
0,0.0389,119868
0,0.0389,161534
0,0.0389,195727
0,0.0389,805313
0,0.0390,43861
0,0.0390,156395
0,0.0391,76894
0,0.0391,126345
0,0.0392,16454
0,0.0392,58157
0,0.0392,107502
0,0.0393,53918
0,0.0393,59950
0,0.0393,260257
0,0.0393,535279
0,0.0393,821509
0,0.0395,23487
0,0.0396,108324
0,0.0397,161534
0,0.0398,50372
0,0.0399,52570
0,0.0399,76894
0,0.0399,127658
0,0.0399,804989
0,0.0400,118825
0,0.0401,63944
0,0.0401,72019
0,0.0402,11162
0,0.0402,522770
0,0.0403,118825
0,0.0403,807356
0,0.0404,72019
0,0.0405,72019
0,0.0405,147169
0,0.0406,807356
0,0.0407,522770
0,0.0408,34247
0,0.0408,109145
0,0.0408,119868
0,0.0409,908274
0,0.0412,46096
0,0.0413,84445
0,0.0414,53326
0,0.0414,911658
0,0.0415,58972
0,0.0415,103964
0,0.0415,203048
0,0.0415,512277
0,0.0416,57896
0,0.0416,118825
0,0.0416,804596
0,0.0417,16454
0,0.0417,110773
0,0.0418,57896
0,0.0418,550868
0,0.0418,908572
0,0.0420,46898
0,0.0420,129758
0,0.0420,158604
0,0.0422,72019
0,0.0423,44667
0,0.0423,812106
0,0.0424,17310
0,0.0424,91582
0,0.0424,142998
0,0.0424,227465
0,0.0425,108324
0,0.0425,132204
0,0.0425,801666
0,0.0426,54741
0,0.0426,80093
0,0.0426,518153
0,0.0426,801936
0,0.0428,54741
0,0.0429,28899
0,0.0429,138586
0,0.0430,38538
0,0.0431,80484
0,0.0431,580417
0,0.0431,807356
0,0.0432,16600
0,0.0432,80951
0,0.0432,515266
0,0.0433,808650
0,0.0434,195277
0,0.0434,905652
0,0.0435,908572
0,0.0436,34247
0,0.0436,535279
0,0.0436,914259
0,0.0437,513945
0,0.0437,522812
0,0.0438,54749
0,0.0439,43861
0,0.0439,96104
0,0.0440,80093
0,0.0440,159400
0,0.0440,515266
0,0.0441,133908
0,0.0441,553194
0,0.0442,39727
0,0.0442,580417
0,0.0443,54749
0,0.0443,806606
0,0.0444,23487
0,0.0444,904868
0,0.0446,127658
0,0.0448,85617
0,0.0448,260257
0,0.0449,91582
0,0.0449,135948
0,0.0449,545180
0,0.0451,25655
0,0.0451,80951
0,0.0451,121759
0,0.0452,91582
0,0.0454,16600
0,0.0454,53918
0,0.0454,98526
0,0.0454,821509
0,0.0455,801088
0,0.0457,38538
0,0.0457,49225
0,0.0457,816543
0,0.0458,87245
0,0.0458,808740
0,0.0459,118825
0,0.0459,914259
0,0.0460,27319
0,0.0460,32656
0,0.0460,46096
0,0.0461,25655
0,0.0461,63645
0,0.0461,64457
0,0.0462,908274
0,0.0463,545288
0,0.0465,107502
0,0.0466,183161
0,0.0466,210889
0,0.0467,54959
0,0.0467,195277
0,0.0468,28899
0,0.0468,110773
0,0.0468,515266
0,0.0469,76894
0,0.0471,52614
0,0.0471,72672
0,0.0472,80484
0,0.0472,122835
0,0.0473,19669
0,0.0473,54628
0,0.0474,29590
0,0.0474,96104
0,0.0477,44587
0,0.0477,93352
0,0.0478,54628
0,0.0478,98526
0,0.0478,145016
0,0.0479,816543
0,0.0480,46096
0,0.0480,806606
0,0.0481,44587
0,0.0481,87245
0,0.0481,167190
0,0.0482,37399
0,0.0482,132204
0,0.0483,141297
0,0.0483,147169
0,0.0483,209929
0,0.0483,522891
0,0.0483,801088
0,0.0484,39727
0,0.0484,93352
0,0.0484,107105
0,0.0484,534777
0,0.0485,46096
0,0.0485,72945
0,0.0486,29590
0,0.0486,46096
0,0.0486,93352
0,0.0486,129758
0,0.0487,518153
0,0.0488,59618
0,0.0488,80484
0,0.0488,183161
0,0.0489,108324
0,0.0489,125065
0,0.0489,183161
0,0.0490,27128
0,0.0490,119868
0,0.0490,158604
0,0.0491,50372
0,0.0491,128455
0,0.0491,156395
0,0.0492,39727
0,0.0492,119868
0,0.0492,145635
0,0.0492,158604
0,0.0492,518153
0,0.0494,76894
0,0.0494,125065
0,0.0494,804989
0,0.0495,99721
0,0.0496,32656
0,0.0496,44587
0,0.0496,183161
0,0.0497,44587
0,0.0497,145635
0,0.0498,54741
0,0.0498,145016
0,0.0498,801666
0,0.0499,545288
0,0.0500,100307
0,0.0500,142998
0,0.0500,580417
0,0.0501,29997
0,0.0501,170256
0,0.0502,29590
0,0.0503,52570
0,0.0504,90310
0,0.0505,28086
0,0.0505,62528
0,0.0505,71785
0,0.0505,128686
0,0.0505,190419
0,0.0506,85617
0,0.0507,580417
0,0.0507,813400
0,0.0508,522891
0,0.0508,804989
0,0.0509,44667
0,0.0509,145016
0,0.0510,142998
0,0.0511,133908
0,0.0512,40001
0,0.0512,183161
0,0.0513,801666
0,0.0514,167190
0,0.0516,29997
0,0.0516,64457
0,0.0516,72945
0,0.0516,84445
0,0.0516,811544
0,0.0517,36627
0,0.0517,40350
0,0.0517,80484
0,0.0517,905652
0,0.0518,121593
0,0.0519,10074
0,0.0519,99540
0,0.0520,40205
0,0.0520,103964
0,0.0520,108324
0,0.0520,128455
0,0.0520,512277
0,0.0520,550868
0,0.0520,811544
0,0.0521,129758
0,0.0523,156395
0,0.0524,141297
0,0.0524,908572
0,0.0525,28086
0,0.0525,54741
0,0.0527,118845
0,0.0527,145016
0,0.0528,80484
0,0.0528,527577
0,0.0529,54959
0,0.0530,80951
0,0.0530,103338
0,0.0530,518567
0,0.0531,142053
0,0.0531,145635
0,0.0531,514727
0,0.0532,54741
0,0.0532,156395
0,0.0532,509223
0,0.0533,48056
0,0.0533,72019
0,0.0533,819835
0,0.0534,122835
0,0.0535,32656
0,0.0535,146502
0,0.0536,10074
0,0.0536,72019
0,0.0537,11731
0,0.0537,53326
0,0.0537,520668
0,0.0537,521479
0,0.0537,553194
0,0.0539,28241
0,0.0540,52570
0,0.0540,146502
0,0.0540,156395
0,0.0541,10231
0,0.0541,156395
0,0.0541,210889
0,0.0541,908274
0,0.0541,908572
0,0.0542,40001
0,0.0543,87245
0,0.0543,801936
0,0.0544,58157
0,0.0544,138586
0,0.0544,545288
0,0.0544,808650
0,0.0544,809744
0,0.0544,821509
0,0.0544,908274
0,0.0545,124962
0,0.0545,125065
0,0.0545,145128
0,0.0545,514727
0,0.0546,129758
0,0.0547,66207
0,0.0547,128455
0,0.0547,810889
0,0.0549,46096
0,0.0549,98526
0,0.0550,159277
0,0.0552,29590
0,0.0552,44587
0,0.0552,146502
0,0.0552,522770
0,0.0552,522891
0,0.0552,812106
0,0.0553,59618
0,0.0554,801666
0,0.0555,27128
0,0.0555,103338
0,0.0557,97536
0,0.0557,812106
0,0.0558,109145
0,0.0558,127658
0,0.0559,44587
0,0.0559,59400
0,0.0559,534777
0,0.0559,809322
0,0.0560,42240
0,0.0560,516317
0,0.0560,808740
0,0.0561,10439
0,0.0563,126345
0,0.0564,109011
0,0.0564,801088
0,0.0565,10877
0,0.0565,17310
0,0.0565,66207
0,0.0565,543264
0,0.0565,904868
0,0.0566,118825
0,0.0567,60241
0,0.0568,52570
0,0.0568,121593
0,0.0568,145128
0,0.0568,535279
0,0.0568,553194
0,0.0568,905652
0,0.0569,27627
0,0.0569,80951
0,0.0569,522405
0,0.0570,203048
0,0.0571,534777
0,0.0572,63645
0,0.0572,67070
0,0.0572,80093
0,0.0572,97536
0,0.0572,801088
0,0.0573,72019
0,0.0573,127577
0,0.0573,513945
0,0.0574,54628
0,0.0574,514727
0,0.0575,42240
0,0.0575,58972
0,0.0575,72945
0,0.0575,110773
0,0.0575,132204
0,0.0575,183161
0,0.0575,256432
0,0.0576,13271
0,0.0576,53918
0,0.0576,64457
0,0.0576,195277
0,0.0577,59400
0,0.0577,103964
0,0.0578,195727
0,0.0579,514727
0,0.0580,31345
0,0.0580,39943
0,0.0580,195727
0,0.0580,804140
0,0.0581,167190
0,0.0582,72672
0,0.0583,80093
0,0.0583,158604
0,0.0583,522770
0,0.0583,536845
0,0.0584,10375
0,0.0584,35113
0,0.0584,99540
0,0.0584,99721
0,0.0584,804140
0,0.0585,36627
0,0.0585,59400
0,0.0585,80484
0,0.0587,71785
0,0.0587,135948
0,0.0588,99540
0,0.0588,190419
0,0.0588,511775
0,0.0589,84445
0,0.0591,13380
0,0.0591,142053
0,0.0591,145635
0,0.0591,914259
0,0.0592,21332
0,0.0592,25655
0,0.0592,75987
0,0.0592,108324
0,0.0592,127577
0,0.0592,146502
0,0.0592,521479
0,0.0594,34247
0,0.0594,54741
0,0.0594,158604
0,0.0594,804596
0,0.0595,59618
0,0.0595,145016
0,0.0596,580417
0,0.0597,39727
0,0.0597,40350
0,0.0597,125065
0,0.0597,553194
0,0.0598,53326
0,0.0598,142053
0,0.0598,805313
0,0.0599,80951
0,0.0600,25655
0,0.0600,54741
0,0.0600,91582
0,0.0600,509223
0,0.0601,28241
0,0.0602,23487
0,0.0603,97536
0,0.0603,99721
0,0.0606,10844
0,0.0606,908274
0,0.0607,43861
0,0.0607,159277
0,0.0607,536845
0,0.0608,66207
0,0.0611,40205
0,0.0612,103964
0,0.0612,118825
0,0.0613,58157
0,0.0613,63944
0,0.0613,534777
0,0.0614,17757
0,0.0614,25245
0,0.0616,76894
0,0.0616,124962
0,0.0617,30469
0,0.0617,46096
0,0.0618,16600
0,0.0618,39383
0,0.0619,33542
0,0.0619,40001
0,0.0619,44587
0,0.0619,72019
0,0.0619,87245
0,0.0620,72945
0,0.0621,53918
0,0.0621,103964
0,0.0621,908274
0,0.0622,36627
0,0.0622,85916
0,0.0622,142998
0,0.0623,548589
0,0.0624,34247
0,0.0624,37399
0,0.0624,54628
0,0.0624,809744
0,0.0625,29590
0,0.0625,142998
0,0.0626,13380
0,0.0626,80951
0,0.0626,521479
0,0.0626,812106
0,0.0627,96307
0,0.0627,109145
0,0.0627,580417
0,0.0627,804989
0,0.0628,159277
0,0.0628,536845
0,0.0628,553194
0,0.0629,49225
0,0.0629,203048
0,0.0630,46096
0,0.0630,118825
0,0.0631,12368
0,0.0631,29997
0,0.0631,80951
0,0.0631,520668
0,0.0632,10977
0,0.0632,29590
0,0.0633,80951
0,0.0633,133908
0,0.0633,536845
0,0.0635,227465
0,0.0636,108324
0,0.0636,146502
0,0.0637,50372
0,0.0638,72945
0,0.0638,84445
0,0.0638,159400
0,0.0638,580417
0,0.0640,10241
0,0.0640,52614
0,0.0640,66207
0,0.0641,99721
0,0.0641,548589
0,0.0641,808650
0,0.0642,29997
0,0.0642,72019
0,0.0643,39943
0,0.0643,87245
0,0.0643,522770
0,0.0643,904868
0,0.0644,58972
0,0.0644,809744
0,0.0645,63645
0,0.0647,84445
0,0.0648,13013
0,0.0649,28899
0,0.0649,36627
0,0.0650,85916
0,0.0650,553194
0,0.0651,28899
0,0.0651,34247
0,0.0651,72019
0,0.0651,97536
0,0.0651,138586
0,0.0651,141297
0,0.0651,807356
0,0.0652,17310
0,0.0652,104131
0,0.0652,138586
0,0.0652,548589
0,0.0652,821509
0,0.0653,84445
0,0.0654,80951
0,0.0654,97536
0,0.0654,521437
0,0.0654,522891
0,0.0654,536845
0,0.0654,808740
0,0.0655,109011
0,0.0655,127658
0,0.0655,128455
0,0.0655,516317
0,0.0656,96307
0,0.0656,128455
0,0.0656,518567
0,0.0656,801936
0,0.0657,52614
0,0.0657,90874
0,0.0657,904868
0,0.0658,63645
0,0.0658,74909
0,0.0659,36627
0,0.0659,40205
0,0.0659,121593
0,0.0659,519970
0,0.0659,810889
0,0.0660,37399
0,0.0660,98526
0,0.0660,118845
0,0.0661,96104
0,0.0661,521479
0,0.0662,133908
0,0.0663,58157
0,0.0663,908274
0,0.0664,142998
0,0.0665,159400
0,0.0665,190419
0,0.0665,203048
0,0.0665,580417
0,0.0666,10387
0,0.0666,124962
0,0.0666,128455
0,0.0667,34247
0,0.0667,93352
0,0.0667,512277
0,0.0668,564884
0,0.0669,21332
0,0.0669,125065
0,0.0669,513945
0,0.0670,39943
0,0.0670,53326
0,0.0670,66207
0,0.0670,158604
0,0.0671,31345
0,0.0671,71785
0,0.0671,183161
0,0.0672,84445
0,0.0672,816543
0,0.0673,21332
0,0.0673,58972
0,0.0673,68489
0,0.0673,72945
0,0.0673,190419
0,0.0673,227465
0,0.0674,10074
0,0.0674,30469
0,0.0674,40205
0,0.0674,110773
0,0.0674,810889
0,0.0675,99540
0,0.0676,39727
0,0.0676,57896
0,0.0677,25245
0,0.0678,49225
0,0.0678,515266
0,0.0678,914259
0,0.0679,107502
0,0.0679,808650
0,0.0680,10611
0,0.0681,158604
0,0.0682,11221
0,0.0682,66207
0,0.0683,801936
0,0.0685,76894
0,0.0685,145635
0,0.0686,59618
0,0.0686,91582
0,0.0686,522770
0,0.0687,146502
0,0.0687,147169
0,0.0687,804989
0,0.0688,48056
0,0.0688,256432
0,0.0689,62528
0,0.0692,804140
0,0.0693,548589
0,0.0694,44667
0,0.0694,58972
0,0.0694,59950
0,0.0694,72672
0,0.0694,531107
0,0.0694,804989
0,0.0695,38538
0,0.0695,72672
0,0.0695,513945
0,0.0696,25655
0,0.0696,532800
0,0.0697,40350
0,0.0697,54741
0,0.0698,34247
0,0.0698,145635
0,0.0698,807356
0,0.0699,141297
0,0.0699,195727
0,0.0700,40350
0,0.0700,159400
0,0.0700,521479
0,0.0700,545180
0,0.0701,52570
0,0.0701,54959
0,0.0702,11722
0,0.0703,10231
0,0.0703,127577
0,0.0703,511775
0,0.0704,132204
0,0.0705,13380
0,0.0706,11965
0,0.0706,99721
0,0.0706,183161
0,0.0707,121593
0,0.0708,121593
0,0.0709,33919
0,0.0709,135948
0,0.0709,812106
0,0.0710,17310
0,0.0710,98526
0,0.0710,260257
0,0.0711,96104
0,0.0711,809744
0,0.0712,30469
0,0.0712,50372
0,0.0712,72945
0,0.0714,516780
0,0.0715,39943
0,0.0715,40350
0,0.0715,44667
0,0.0716,46898
0,0.0718,16600
0,0.0718,57896
0,0.0718,119630
0,0.0719,108324
0,0.0720,183161
0,0.0720,801088
0,0.0721,256432
0,0.0721,522891
0,0.0722,17310
0,0.0723,80093
0,0.0724,536845
0,0.0724,545180
0,0.0725,911658
0,0.0726,13380
0,0.0726,22607
0,0.0726,46096
0,0.0726,100307
0,0.0726,109011
0,0.0726,118845
0,0.0727,46898
0,0.0727,96104
0,0.0728,548589
0,0.0729,77451
0,0.0729,509223
0,0.0730,104131
0,0.0731,138586
0,0.0731,147169
0,0.0732,43861
0,0.0732,543264
0,0.0732,816543
0,0.0733,107502
0,0.0733,522405
0,0.0733,527577
0,0.0733,530777
0,0.0733,550868
0,0.0733,801936
0,0.0733,804140
0,0.0734,10201
0,0.0734,10942
0,0.0734,25655
0,0.0734,807356
0,0.0735,808650
0,0.0736,63645
0,0.0736,142998
0,0.0737,10402
0,0.0737,91582
0,0.0738,13271
0,0.0738,16600
0,0.0738,553194
0,0.0739,10650
0,0.0739,11993
0,0.0739,167190
0,0.0739,260257
0,0.0739,545288
0,0.0739,904119
0,0.0740,40024
0,0.0741,159277
0,0.0741,167190
0,0.0741,256432
0,0.0741,550868
0,0.0742,30469
0,0.0742,807225
0,0.0743,58972
0,0.0743,159277
0,0.0743,509223
0,0.0743,534777
0,0.0744,10929
0,0.0744,54959
0,0.0745,39943
0,0.0745,87245
0,0.0746,801088
0,0.0746,904119
0,0.0747,80951
0,0.0748,11342
0,0.0748,33542
0,0.0748,71785
0,0.0748,107502
0,0.0748,522770
0,0.0749,37061
0,0.0749,90310
0,0.0750,10629
0,0.0750,34247
0,0.0750,80484
0,0.0750,85617
0,0.0750,97536
0,0.0751,10439
0,0.0751,63944
0,0.0751,545288
0,0.0751,811544
0,0.0752,516317
0,0.0752,810889
0,0.0753,11914
0,0.0753,54741
0,0.0753,511775
0,0.0754,124962
0,0.0754,127658
0,0.0754,564884
0,0.0755,10522
0,0.0755,10628
0,0.0755,67052
0,0.0755,147169
0,0.0755,209929
0,0.0755,914259
0,0.0756,10515
0,0.0756,72672
0,0.0756,534777
0,0.0757,21176
0,0.0757,24169
0,0.0757,57896
0,0.0757,72019
0,0.0757,523591
0,0.0758,10169
0,0.0758,11379
0,0.0758,11722
0,0.0758,23854
0,0.0758,72672
0,0.0759,10569
0,0.0760,10473
0,0.0761,16460
0,0.0762,10039
0,0.0762,10065
0,0.0762,11603
0,0.0762,27627
0,0.0762,100307
0,0.0762,138586
0,0.0762,521437
0,0.0762,918582
0,0.0763,10456
0,0.0763,192978
0,0.0763,520002
0,0.0764,10254
0,0.0764,10567
0,0.0764,11992
0,0.0764,13315
0,0.0764,37399
0,0.0764,99721
0,0.0764,203048
0,0.0764,522770
0,0.0764,804140
0,0.0765,10140
0,0.0765,10423
0,0.0766,24828
0,0.0766,40205
0,0.0766,121759
0,0.0768,12354
0,0.0769,11289
0,0.0769,11501
0,0.0769,816543
0,0.0769,856359
0,0.0770,10390
0,0.0770,11281
0,0.0770,127658
0,0.0770,545180
0,0.0771,10375
0,0.0771,11744
0,0.0771,38538
0,0.0771,44667
0,0.0771,267437
0,0.0771,551294
0,0.0772,10084
0,0.0772,11244
0,0.0772,11345
0,0.0772,11478
0,0.0772,27416
0,0.0772,30421
0,0.0772,80093
0,0.0772,543264
0,0.0773,11620
0,0.0773,80484
0,0.0773,209929
0,0.0773,548589
0,0.0774,16600
0,0.0774,18016
0,0.0774,21567
0,0.0774,119868
0,0.0774,130279
0,0.0774,809322
0,0.0775,10942
0,0.0775,12018
0,0.0775,516317
0,0.0775,524238
0,0.0776,10904
0,0.0776,11736
0,0.0776,11828
0,0.0776,15517
0,0.0777,11725
0,0.0777,12111
0,0.0777,29590
0,0.0778,22955
0,0.0778,29590
0,0.0778,53326
0,0.0779,48056
0,0.0779,132204
0,0.0779,145635
0,0.0779,521479
0,0.0779,530777
0,0.0780,10756
0,0.0780,54959
0,0.0780,124962
0,0.0780,520668
0,0.0780,911658
0,0.0781,11922
0,0.0781,27614
0,0.0781,518567
0,0.0782,10996
0,0.0782,28525
0,0.0782,103338
0,0.0782,522812
0,0.0783,44587
0,0.0783,109145
0,0.0783,516317
0,0.0783,807356
0,0.0784,12320
0,0.0784,21332
0,0.0784,519970
0,0.0784,520916
0,0.0784,580417
0,0.0784,804989
0,0.0785,10209
0,0.0785,11993
0,0.0785,19828
0,0.0785,40205
0,0.0785,521158
0,0.0785,524208
0,0.0786,13621
0,0.0786,63944
0,0.0786,247232
0,0.0786,520668
0,0.0787,10540
0,0.0787,98526
0,0.0788,10176
0,0.0788,10929
0,0.0788,26766
0,0.0788,121759
0,0.0788,522812
0,0.0789,11342
0,0.0789,32656
0,0.0789,87245
0,0.0789,519242
0,0.0789,520466
0,0.0789,527577
0,0.0790,11355
0,0.0790,11722
0,0.0790,11914
0,0.0790,21332
0,0.0790,33919
0,0.0791,10515
0,0.0791,10613
0,0.0791,128686
0,0.0792,10169
0,0.0792,11390
0,0.0792,13716
0,0.0792,145016
0,0.0792,190419
0,0.0793,10198
0,0.0793,11514
0,0.0793,11521
0,0.0793,16141
0,0.0793,27128
0,0.0793,29590
0,0.0793,29997
0,0.0794,10408
0,0.0794,11141
0,0.0794,13821
0,0.0794,520002
0,0.0794,520003
0,0.0795,10786
0,0.0795,11788
0,0.0795,34247
0,0.0795,76894
0,0.0795,85617
0,0.0795,109011
0,0.0795,517458
0,0.0795,522770
0,0.0796,10140
0,0.0796,10530
0,0.0796,11229
0,0.0796,12171
0,0.0796,12782
0,0.0797,59400
0,0.0798,10522
0,0.0798,11761
0,0.0798,12121
0,0.0798,14530
0,0.0798,18203
0,0.0798,525105
0,0.0798,801088
0,0.0799,14862
0,0.0799,523591
0,0.0800,11379
0,0.0800,11992
0,0.0800,21332
0,0.0800,23854
0,0.0801,10201
0,0.0801,10262
0,0.0801,12163
0,0.0801,13286
0,0.0801,17107
0,0.0801,18994
0,0.0801,29176
0,0.0801,142053
0,0.0801,159277
0,0.0801,529378
0,0.0802,10456
0,0.0802,10650
0,0.0802,12309
0,0.0802,14985
0,0.0802,15183
0,0.0802,57896
0,0.0803,10254
0,0.0803,11281
0,0.0803,18854
0,0.0803,44587
0,0.0803,804596
0,0.0804,11289
0,0.0804,11501
0,0.0804,192978
0,0.0804,516780
0,0.0804,519850
0,0.0804,521575
0,0.0805,11744
0,0.0805,36627
0,0.0806,10074
0,0.0806,10569
0,0.0806,11930
0,0.0806,12387
0,0.0806,33542
0,0.0806,550868
0,0.0807,10423
0,0.0807,63944
0,0.0807,107502
0,0.0807,532800
0,0.0808,13283
0,0.0808,13666
0,0.0808,80484
0,0.0808,99540
0,0.0808,99721
0,0.0808,808650
0,0.0809,10583
0,0.0809,11244
0,0.0809,11478
0,0.0809,11624
0,0.0809,12735
0,0.0809,16437
0,0.0809,20001
0,0.0809,22787
0,0.0809,523351
0,0.0810,10942
0,0.0810,15507
0,0.0810,18637
0,0.0810,26102
0,0.0810,54959
0,0.0810,107502
0,0.0810,801936
0,0.0810,804989
0,0.0811,10039
0,0.0811,11603
0,0.0811,12332
0,0.0811,16515
0,0.0811,17484
0,0.0811,22473
0,0.0811,195277
0,0.0812,12164
0,0.0812,12765
0,0.0812,12934
0,0.0812,14573
0,0.0812,16005
0,0.0812,18332
0,0.0812,24828
0,0.0812,109011
0,0.0812,918582
0,0.0813,11345
0,0.0813,11620
0,0.0813,14437
0,0.0813,18824
0,0.0813,20739
0,0.0813,21267
0,0.0813,167190
0,0.0813,530777
0,0.0813,816543
0,0.0814,10486
0,0.0814,11828
0,0.0814,12354
0,0.0814,12728
0,0.0814,13315
0,0.0814,13610
0,0.0814,16083
0,0.0814,19873
0,0.0814,33919
0,0.0814,91582
0,0.0814,524238
0,0.0814,801666
0,0.0814,904119
0,0.0815,10084
0,0.0815,11736
0,0.0815,13725
0,0.0815,15313
0,0.0815,19845
0,0.0815,26602
0,0.0815,27379
0,0.0815,100307
0,0.0815,161534
0,0.0816,10378
0,0.0816,10473
0,0.0816,10906
0,0.0816,11725
0,0.0816,12111
0,0.0816,15164
0,0.0816,16422
0,0.0816,23487
0,0.0816,32656
0,0.0816,40001
0,0.0816,103338
0,0.0816,516780
0,0.0816,519869
0,0.0816,521437
0,0.0817,10390
0,0.0817,14066
0,0.0817,25166
0,0.0817,84445
0,0.0817,551294
0,0.0817,579253
0,0.0818,10065
0,0.0818,10629
0,0.0818,11816
0,0.0818,17650
0,0.0818,18016
0,0.0819,11469
0,0.0819,11922
0,0.0819,16600
0,0.0819,20960
0,0.0819,29750
0,0.0819,30421
0,0.0819,85916
0,0.0819,518294
0,0.0820,12340
0,0.0820,13664
0,0.0820,17847
0,0.0820,21332
0,0.0820,24804
0,0.0820,27416
0,0.0820,72945
0,0.0820,124962
0,0.0820,522891
0,0.0820,564824
0,0.0821,10929
0,0.0821,11722
0,0.0821,11993
0,0.0821,13064
0,0.0821,20445
0,0.0821,21567
0,0.0821,28803
0,0.0821,36844
0,0.0821,43861
0,0.0821,130279
0,0.0821,147169
0,0.0821,267437
0,0.0821,544258
0,0.0822,29826
0,0.0822,31117
0,0.0822,120208
0,0.0823,10209
0,0.0823,11162
0,0.0823,16434
0,0.0823,90310
0,0.0823,533442
0,0.0823,553194
0,0.0823,804140
0,0.0823,908274
0,0.0824,14319
0,0.0824,14962
0,0.0824,15353
0,0.0824,16648
0,0.0824,516097
0,0.0824,522405
0,0.0825,10593
0,0.0825,11342
0,0.0825,11780
0,0.0825,12511
0,0.0825,12541
0,0.0825,13153
0,0.0825,13556
0,0.0825,21166
0,0.0825,23241
0,0.0825,26387
0,0.0825,27614
0,0.0825,50372
0,0.0825,80093
0,0.0825,521158
0,0.0825,814586
0,0.0826,10169
0,0.0826,10515
0,0.0826,11914
0,0.0826,12320
0,0.0826,13225
0,0.0826,16426
0,0.0826,18049
0,0.0826,18536
0,0.0826,39943
0,0.0826,44995
0,0.0826,161534
0,0.0826,190419
0,0.0826,511775
0,0.0826,524208
0,0.0826,564884
0,0.0827,10140
0,0.0827,14802
0,0.0827,25245
0,0.0827,520002
0,0.0828,10241
0,0.0828,13386
0,0.0828,13480
0,0.0828,28525
0,0.0828,33165
0,0.0828,44377
0,0.0828,98526
0,0.0828,247232
0,0.0829,11058
0,0.0829,12160
0,0.0829,19665
0,0.0829,23200
0,0.0829,26263
0,0.0829,34247
0,0.0829,118825
0,0.0830,10305
0,0.0830,14158
0,0.0830,26239
0,0.0830,29560
0,0.0830,40205
0,0.0830,512745
0,0.0830,524207
0,0.0831,10540
0,0.0831,11996
0,0.0831,13172
0,0.0831,21099
0,0.0831,26497
0,0.0831,516780
0,0.0832,10176
0,0.0832,13621
0,0.0832,20287
0,0.0832,21798
0,0.0832,32482
0,0.0832,41869
0,0.0832,99540
0,0.0832,520916
0,0.0832,527577
0,0.0832,804140
0,0.0833,10756
0,0.0834,10201
0,0.0834,14510
0,0.0834,18417
0,0.0834,26551
0,0.0834,40740
0,0.0834,50372
0,0.0834,57896
0,0.0834,170256
0,0.0835,10650
0,0.0835,10904
0,0.0835,11017
0,0.0835,11281
0,0.0835,11501
0,0.0835,14391
0,0.0835,23854
0,0.0835,26071
0,0.0835,28019
0,0.0835,28855
0,0.0835,54749
0,0.0835,519242
0,0.0836,10996
0,0.0836,11289
0,0.0836,11379
0,0.0836,14019
0,0.0836,15005
0,0.0836,27319
0,0.0836,37732
0,0.0836,43785
0,0.0836,141297
0,0.0836,514424
0,0.0836,516162
0,0.0836,801666
0,0.0837,11050
0,0.0837,11992
0,0.0837,13716
0,0.0837,26223
0,0.0837,85916
0,0.0837,513911
0,0.0837,811544
0,0.0838,10296
0,0.0838,11521
0,0.0838,11601
0,0.0838,11744
0,0.0838,13379
0,0.0838,13596
0,0.0838,15517
0,0.0838,18634
0,0.0838,32247
0,0.0838,50372
0,0.0838,534777
0,0.0839,12870
0,0.0839,13821
0,0.0839,19828
0,0.0839,35330
0,0.0839,35514
0,0.0839,36743
0,0.0839,57896
0,0.0839,128686
0,0.0840,10408
0,0.0840,10456
0,0.0840,10522
0,0.0840,10628
0,0.0840,11244
0,0.0840,11478
0,0.0840,11788
0,0.0840,17757
0,0.0840,21568
0,0.0840,42240
0,0.0840,46693
0,0.0840,49910
0,0.0840,119630
0,0.0840,210889
0,0.0840,514727
0,0.0840,519970
0,0.0841,10254
0,0.0841,16610
0,0.0841,53108
0,0.0841,67052
0,0.0841,96307
0,0.0841,195277
0,0.0841,517458
0,0.0841,521157
0,0.0841,522770
0,0.0841,800868
0,0.0842,20707
0,0.0842,23204
0,0.0842,25963
0,0.0842,26766
0,0.0842,54959
0,0.0842,56072
0,0.0842,119630
0,0.0842,514425
0,0.0843,10942
0,0.0843,12037
0,0.0843,12122
0,0.0843,16124
0,0.0843,16600
0,0.0843,18179
0,0.0843,42240
0,0.0843,57896
0,0.0843,128455
0,0.0844,10806
0,0.0844,16508
0,0.0844,28588
0,0.0844,30992
0,0.0844,38805
0,0.0844,192978
0,0.0844,203048
0,0.0844,512883
0,0.0844,515069
0,0.0845,14897
0,0.0845,21380
0,0.0845,22833
0,0.0845,94994
0,0.0845,511775
0,0.0846,12667
0,0.0846,17325
0,0.0846,22276
0,0.0846,22458
0,0.0846,44587
0,0.0847,15501
0,0.0847,38916
0,0.0847,79554
0,0.0847,125065
0,0.0847,167190
0,0.0848,31291
0,0.0848,38068
0,0.0848,66389
0,0.0848,203048
0,0.0849,12205
0,0.0849,22607
0,0.0849,23012
0,0.0849,47932
0,0.0849,515070
0,0.0850,11229
0,0.0850,11390
0,0.0850,16029
0,0.0850,22977
0,0.0850,32439
0,0.0850,57542
0,0.0850,114510
0,0.0850,515158
0,0.0850,521290
0,0.0850,524741
0,0.0850,530777
0,0.0851,10402
0,0.0851,10569
0,0.0851,10613
0,0.0851,11620
0,0.0851,11761
0,0.0851,19767
0,0.0851,23477
0,0.0851,24713
0,0.0851,25039
0,0.0851,31297
0,0.0851,76958
0,0.0851,520466
0,0.0851,523591
0,0.0852,10423
0,0.0852,11341
0,0.0852,11828
0,0.0852,12815
0,0.0852,21709
0,0.0852,27503
0,0.0852,32835
0,0.0852,524238
0,0.0853,10786
0,0.0853,11603
0,0.0853,13198
0,0.0853,26628
0,0.0853,119630
0,0.0854,10835
0,0.0854,11722
0,0.0854,11725
0,0.0854,11736
0,0.0854,12111
0,0.0854,16513
0,0.0854,19921
0,0.0854,56991
0,0.0854,62771
0,0.0854,68692
0,0.0854,511807
0,0.0855,10530
0,0.0855,10929
0,0.0855,11345
0,0.0855,11922
0,0.0855,12354
0,0.0855,15183
0,0.0855,18695
0,0.0855,22166
0,0.0855,24828
0,0.0855,25951
0,0.0855,67070
0,0.0855,100307
0,0.0855,145635
0,0.0855,514318
0,0.0855,555318
0,0.0855,814586
0,0.0855,918582
0,0.0856,10198
0,0.0856,12534
0,0.0856,14821
0,0.0856,21772
0,0.0856,22705
0,0.0856,42240
0,0.0856,63046
0,0.0856,103338
0,0.0856,195727
0,0.0856,525105
0,0.0857,10519
0,0.0857,19949
0,0.0857,20620
0,0.0857,27775
0,0.0857,35196
0,0.0857,46617
0,0.0857,119868
0,0.0857,520003
0,0.0857,533849
0,0.0858,10140
0,0.0858,12782
0,0.0858,12896
0,0.0858,14514
0,0.0858,21409
0,0.0858,31925
0,0.0858,33646
0,0.0858,38573
0,0.0858,170256
0,0.0858,519132
0,0.0858,520002
0,0.0858,522828
0,0.0858,530791
0,0.0858,814586
0,0.0859,11294
0,0.0859,11342
0,0.0859,13315
0,0.0859,16460
0,0.0859,18016
0,0.0859,18726
0,0.0859,37342
0,0.0859,43861
0,0.0859,44147
0,0.0859,53918
0,0.0859,77451
0,0.0859,96104
0,0.0859,120208
0,0.0859,519572
0,0.0860,10169
0,0.0860,10209
0,0.0860,10515
0,0.0860,11514
0,0.0860,11608
0,0.0860,11993
0,0.0860,12171
0,0.0860,17107
0,0.0860,20581
0,0.0860,21860
0,0.0860,53456
0,0.0860,71785
0,0.0860,103414
0,0.0860,535279
0,0.0860,551294
0,0.0860,813400
0,0.0861,10473
0,0.0861,11355
0,0.0861,13666
0,0.0861,21567
0,0.0861,30421
0,0.0861,30806
0,0.0861,36026
0,0.0861,70171
0,0.0861,80951
0,0.0861,118845
0,0.0862,11914
0,0.0862,11930
0,0.0862,12121
0,0.0862,16490
0,0.0862,18203
0,0.0862,23076
0,0.0862,28584
0,0.0862,31331
0,0.0862,125065
0,0.0862,130874
0,0.0863,10084
0,0.0863,12109
0,0.0863,12320
0,0.0863,13024
0,0.0863,13944
0,0.0863,14530
0,0.0863,14609
0,0.0863,18994
0,0.0863,19953
0,0.0863,22671
0,0.0863,37596
0,0.0863,41551
0,0.0863,45286
0,0.0863,56966
0,0.0863,147959
0,0.0863,521158
0,0.0864,18084
0,0.0864,27416
0,0.0864,33672
0,0.0864,40966
0,0.0864,114513
0,0.0864,138586
0,0.0864,521108
0,0.0865,10065
0,0.0865,15431
0,0.0865,26292
0,0.0865,26515
0,0.0865,28406
0,0.0865,31733
0,0.0865,33229
0,0.0865,40350
0,0.0865,80484
0,0.0865,119630
0,0.0865,122835
0,0.0865,130279
0,0.0865,256432
0,0.0865,267437
0,0.0865,514687
0,0.0865,801666
0,0.0865,908572
0,0.0866,27614
0,0.0866,32354
0,0.0866,38510
0,0.0866,43489
0,0.0866,97536
0,0.0866,120208
0,0.0866,247232
0,0.0866,524208
0,0.0866,527524
0,0.0867,10039
0,0.0867,10262
0,0.0867,10463
0,0.0867,15507
0,0.0867,22243
0,0.0867,49376
0,0.0867,59733
0,0.0868,10629
0,0.0868,13334
0,0.0868,17757
0,0.0868,20402
0,0.0868,29176
0,0.0868,42074
0,0.0868,53002
0,0.0868,56207
0,0.0868,107502
0,0.0868,514727
0,0.0869,10201
0,0.0869,10650
0,0.0869,11262
0,0.0869,11359
0,0.0869,14573
0,0.0869,25195
0,0.0869,28604
0,0.0869,32165
0,0.0869,38262
0,0.0869,47002
0,0.0869,48178
0,0.0869,55990
0,0.0869,57772
0,0.0869,519850
0,0.0869,520787
0,0.0870,11281
0,0.0870,11501
0,0.0870,23854
0,0.0870,25644
0,0.0870,31119
0,0.0870,40350
0,0.0870,42373
0,0.0870,52536
0,0.0870,68031
0,0.0870,73963
0,0.0871,11292
0,0.0871,15717
0,0.0871,21267
0,0.0871,25288
0,0.0871,33779
0,0.0871,119868
0,0.0872,10216
0,0.0872,13610
0,0.0872,13886
0,0.0872,28525
0,0.0872,34385
0,0.0872,36031
0,0.0872,58157
0,0.0872,71785
0,0.0872,129758
0,0.0873,10905
0,0.0873,13209
0,0.0873,16141
0,0.0873,34301
0,0.0873,59086
0,0.0873,72102
0,0.0874,19064
0,0.0874,19108
0,0.0874,22917
0,0.0874,27024
0,0.0874,116012
0,0.0874,521575
0,0.0875,10176
0,0.0875,10942
0,0.0875,11289
0,0.0875,11478
0,0.0875,11744
0,0.0875,12765
0,0.0875,13232
0,0.0875,13621
0,0.0875,27379
0,0.0875,31117
0,0.0875,59035
0,0.0875,527577
0,0.0876,11244
0,0.0876,11379
0,0.0876,11992
0,0.0876,18165
0,0.0876,50372
0,0.0876,50485
0,0.0876,52099
0,0.0876,53326
0,0.0876,58738
0,0.0876,59400
0,0.0876,67398
0,0.0876,108324
0,0.0876,119630
0,0.0876,514688
0,0.0876,529429
0,0.0877,10254
0,0.0877,10456
0,0.0877,11400
0,0.0877,11975
0,0.0877,12163
0,0.0877,12934
0,0.0877,21876
0,0.0877,22665
0,0.0877,32784
0,0.0877,44995
0,0.0877,99925
0,0.0877,127577
0,0.0877,520916
0,0.0877,524082
0,0.0878,10218
0,0.0878,10390
0,0.0878,11991
0,0.0878,18416
0,0.0878,19873
0,0.0878,21332
0,0.0878,36333
0,0.0878,39674
0,0.0878,43363
0,0.0878,44377
0,0.0878,47617
0,0.0878,48056
0,0.0878,73492
0,0.0879,14985
0,0.0879,91799
0,0.0879,521935
0,0.0879,564824
0,0.0880,13283
0,0.0880,20001
0,0.0880,24804
0,0.0880,56353
0,0.0880,521437
0,0.0880,523351
0,0.0880,544258
0,0.0880,816543
0,0.0881,10632
0,0.0881,11531
0,0.0881,13116
0,0.0881,15353
0,0.0881,16648
0,0.0881,18730
0,0.0881,43546
0,0.0881,516322
0,0.0881,516780
0,0.0881,519242
0,0.0882,11523
0,0.0882,12012
0,0.0882,12387
0,0.0882,18049
0,0.0882,25229
0,0.0882,34089
0,0.0882,46898
0,0.0882,804140
0,0.0883,12309
0,0.0883,13716
0,0.0883,14750
0,0.0883,15920
0,0.0883,38024
0,0.0883,40205
0,0.0883,46888
0,0.0883,51750
0,0.0883,63441
0,0.0883,68701
0,0.0883,192978
0,0.0883,904119
0,0.0883,914259
0,0.0884,14340
0,0.0884,15970
0,0.0884,22787
0,0.0884,23401
0,0.0884,23533
0,0.0884,24660
0,0.0884,34533
0,0.0884,35927
0,0.0884,36844
0,0.0884,40733
0,0.0884,50497
0,0.0884,142998
0,0.0884,457812
0,0.0884,514291
0,0.0885,10297
0,0.0885,10408
0,0.0885,10522
0,0.0885,10540
0,0.0885,11783
0,0.0885,11837
0,0.0885,13821
0,0.0885,14066
0,0.0885,14437
0,0.0885,31345
0,0.0885,42904
0,0.0885,43230
0,0.0885,44587
0,0.0885,62314
0,0.0885,98526
0,0.0885,128455
0,0.0885,190419
0,0.0885,904119
0,0.0885,905652
0,0.0886,11870
0,0.0886,13153
0,0.0886,24394
0,0.0886,55306
0,0.0886,58972
0,0.0886,195277
0,0.0886,513945
0,0.0886,530777
0,0.0887,10459
0,0.0887,11174
0,0.0887,11620
0,0.0887,34761
0,0.0887,67244
0,0.0887,555969
0,0.0888,11099
0,0.0888,11546
0,0.0888,11722
0,0.0888,11828
0,0.0888,12541
0,0.0888,15864
0,0.0888,25439
0,0.0888,31206
0,0.0888,36825
0,0.0888,53416
0,0.0888,161534
0,0.0889,10305
0,0.0889,14319
0,0.0889,17170
0,0.0889,19845
0,0.0889,21600
0,0.0889,22473
0,0.0889,26020
0,0.0889,524238
0,0.0890,10378
0,0.0890,11741
0,0.0890,16437
0,0.0890,21166
0,0.0890,36627
0,0.0890,51350
0,0.0890,107502
0,0.0890,145635
0,0.0890,515266
0,0.0890,542355
0,0.0891,10313
0,0.0891,10756
0,0.0891,11162
0,0.0891,11521
0,0.0891,18328
0,0.0891,52544
0,0.0891,52616
0,0.0891,516780
0,0.0892,10096
0,0.0892,10140
0,0.0892,10929
0,0.0892,11624
0,0.0892,16422
0,0.0892,18043
0,0.0892,20960
0,0.0892,21889
0,0.0892,46172
0,0.0892,50372
0,0.0892,76894
0,0.0892,518567
0,0.0892,529031
0,0.0892,532655
0,0.0892,812106
0,0.0893,11324
0,0.0893,11725
0,0.0893,11736
0,0.0893,11788
0,0.0893,12111
0,0.0893,12354
0,0.0893,12511
0,0.0893,28144
0,0.0893,28159
0,0.0893,28640
0,0.0893,30885
0,0.0893,49092
0,0.0893,50929
0,0.0893,68686
0,0.0893,516097
0,0.0893,517458
0,0.0893,520002
0,0.0894,11141
0,0.0894,11922
0,0.0894,12338
0,0.0894,17484
0,0.0894,26102
0,0.0894,32890
0,0.0894,53885
0,0.0894,130874
0,0.0894,904119
0,0.0894,918582
0,0.0895,10304
0,0.0895,11606
0,0.0895,18332
0,0.0895,26485
0,0.0895,26532
0,0.0895,40350
0,0.0895,69631
0,0.0896,10397
0,0.0896,10904
0,0.0896,11215
0,0.0896,13664
0,0.0896,18854
0,0.0896,32250
0,0.0896,34148
0,0.0896,34907
0,0.0896,52614
0,0.0896,62528
0,0.0896,148909
0,0.0896,523591
0,0.0897,10169
0,0.0897,10736
0,0.0897,11050
0,0.0897,12332
0,0.0897,18016
0,0.0897,19828
0,0.0897,20445
0,0.0897,34247
0,0.0897,41393
0,0.0897,128686
0,0.0897,522812
0,0.0898,10515
0,0.0898,11345
0,0.0898,11993
0,0.0898,16636
0,0.0898,21567
0,0.0898,26602
0,0.0898,29166
0,0.0898,31247
0,0.0898,38351
0,0.0898,926518
0,0.0899,11342
0,0.0899,11603
0,0.0899,11914
0,0.0899,23241
0,0.0899,36146
0,0.0899,69089
0,0.0899,121759
0,0.0899,515266
0,0.0899,521479
0,0.0899,521581
0,0.0900,10201
0,0.0900,10650
0,0.0900,10996
0,0.0900,16649
0,0.0900,17817
0,0.0900,24828
0,0.0900,26766
0,0.0900,32482
0,0.0900,44026
0,0.0900,83381
0,0.0900,93352
0,0.0900,531768
0,0.0900,551294
0,0.0900,579253
0,0.0900,800206
0,0.0901,10463
0,0.0901,11281
0,0.0901,11501
0,0.0901,14849
0,0.0901,16526
0,0.0901,20739
0,0.0901,53326
0,0.0901,69061
0,0.0901,107502
0,0.0901,812106
0,0.0902,10084
0,0.0902,11058
0,0.0902,11469
0,0.0902,14158
0,0.0902,20311
0,0.0902,23854
0,0.0902,23958
0,0.0902,34717
0,0.0902,37951
0,0.0902,49102
0,0.0902,811544
0,0.0902,816543
0,0.0903,10141
0,0.0903,10473
0,0.0903,12728
0,0.0903,13315
0,0.0903,16600
0,0.0903,18637
0,0.0903,18824
0,0.0903,26060
0,0.0903,36062
0,0.0903,36939
0,0.0903,52235
0,0.0903,63508
0,0.0903,75987
0,0.0903,93352
0,0.0903,145635
0,0.0903,231412
0,0.0903,267437
0,0.0903,519869
0,0.0903,520007
0,0.0903,521158
0,0.0903,536845
0,0.0903,809744
0,0.0904,10209
0,0.0904,11229
0,0.0904,11262
0,0.0904,11292
0,0.0904,12320
0,0.0904,13386
0,0.0904,43179
0,0.0904,52583
0,0.0904,59400
0,0.0905,12164
0,0.0905,16083
0,0.0905,18108
0,0.0905,20397
0,0.0905,25166
0,0.0905,27319
0,0.0905,27416
0,0.0905,30421
0,0.0905,522770
0,0.0905,914259
0,0.0906,10423
0,0.0906,11594
0,0.0906,12735
0,0.0906,13172
0,0.0906,15164
0,0.0906,16460
0,0.0906,46954
0,0.0906,49225
0,0.0906,62528
0,0.0906,65539
0,0.0906,87584
0,0.0906,121593
0,0.0906,247232
0,0.0907,10569
0,0.0907,11390
0,0.0907,13221
0,0.0907,15313
0,0.0907,17573
0,0.0907,44858
0,0.0907,130279
0,0.0907,520787
0,0.0907,543264
0,0.0907,580417
0,0.0908,15183
0,0.0908,18249
0,0.0908,23477
0,0.0908,28086
0,0.0908,35121
0,0.0908,524208
0,0.0909,10905
0,0.0909,13556
0,0.0909,14391
0,0.0909,16005
0,0.0909,26387
0,0.0909,27627
0,0.0909,38051
0,0.0909,190419
0,0.0909,555318
0,0.0910,10942
0,0.0910,11761
0,0.0910,12241
0,0.0910,12965
0,0.0910,13981
0,0.0910,14019
0,0.0910,29826
0,0.0910,30613
0,0.0910,58157
0,0.0910,127658
0,0.0910,518567
0,0.0910,529429
0,0.0910,537139
0,0.0910,580417
0,0.0911,10254
0,0.0911,11143
0,0.0911,11478
0,0.0911,11583
0,0.0911,11744
0,0.0911,14419
0,0.0911,17319
0,0.0911,22276
0,0.0911,27614
0,0.0911,37070
0,0.0911,37902
0,0.0911,48056
0,0.0911,75987
0,0.0911,138586
0,0.0911,159277
0,0.0911,800084
0,0.0912,10065
0,0.0912,10134
0,0.0912,10456
0,0.0912,10524
0,0.0912,10530
0,0.0912,11244
0,0.0912,11289
0,0.0912,11930
0,0.0912,11952
0,0.0912,12160
0,0.0912,13225
0,0.0912,13725
0,0.0912,16426
0,0.0912,17325
0,0.0912,18726
0,0.0912,20581
0,0.0912,22166
0,0.0912,26223
0,0.0912,29750
0,0.0912,38860
0,0.0912,41869
0,0.0912,65448
0,0.0912,85916
0,0.0913,10593
0,0.0913,11992
0,0.0913,12717
0,0.0913,13194
0,0.0913,15517
0,0.0913,34676
0,0.0913,100307
0,0.0913,518294
0,0.0913,543774
0,0.0914,10039
0,0.0914,11400
0,0.0914,22243
0,0.0914,28406
0,0.0914,31775
0,0.0914,48723
0,0.0914,107071
0,0.0914,280660
0,0.0914,814586
0,0.0915,11379
0,0.0915,11517
0,0.0915,12929
0,0.0915,12977
0,0.0915,16434
0,0.0915,21798
0,0.0915,22338
0,0.0915,26071
0,0.0915,27627
0,0.0915,28803
0,0.0915,35196
0,0.0915,37336
0,0.0915,37399
0,0.0915,40542
0,0.0915,41812
0,0.0915,58779
0,0.0915,142053
0,0.0915,170256
0,0.0915,519970
0,0.0916,10470
0,0.0916,11294
0,0.0916,11341
0,0.0916,11975
0,0.0916,11991
0,0.0916,17650
0,0.0916,17847
0,0.0916,524164
0,0.0916,800434
0,0.0917,10133
0,0.0917,10262
0,0.0917,10429
0,0.0917,12994
0,0.0917,13666
0,0.0917,19767
0,0.0917,33405
0,0.0917,56739
0,0.0917,520475
0,0.0918,10033
0,0.0918,10786
0,0.0918,10877
0,0.0918,14802
0,0.0918,21115
0,0.0918,521935
0,0.0918,543264
0,0.0918,801936
0,0.0919,10376
0,0.0919,11620
0,0.0919,13707
0,0.0919,14161
0,0.0919,14573
0,0.0919,17107
0,0.0919,19467
0,0.0919,20620
0,0.0919,28525
0,0.0919,51032
0,0.0919,513746
0,0.0919,532766
0,0.0920,11828
0,0.0920,24151
0,0.0920,29560
0,0.0920,29590
0,0.0920,38821
0,0.0920,44587
0,0.0920,47909
0,0.0920,51205
0,0.0920,85617
0,0.0920,524207
0,0.0920,527577
0,0.0921,10126
0,0.0921,11722
0,0.0921,23200
0,0.0921,58053
0,0.0921,190419
0,0.0921,525105
0,0.0921,532768
0,0.0922,10208
0,0.0922,11556
0,0.0922,12037
0,0.0922,50199
0,0.0922,51401
0,0.0922,519584
0,0.0922,519850
0,0.0922,813400
0,0.0923,10632
0,0.0923,11359
0,0.0923,11531
0,0.0923,12778
0,0.0923,12837
0,0.0923,13621
0,0.0923,14962
0,0.0923,15507
0,0.0923,16600
0,0.0923,18165
0,0.0923,33919
0,0.0923,514424
0,0.0923,519585
0,0.0923,580814
0,0.0924,19665
0,0.0924,20402
0,0.0924,21099
0,0.0924,44377
0,0.0924,51646
0,0.0924,92909
0,0.0924,530777
0,0.0925,10198
0,0.0925,10486
0,0.0925,10906
0,0.0925,13550
0,0.0925,15662
0,0.0925,18536
0,0.0925,99589
0,0.0925,511775
0,0.0925,520916
0,0.0926,10118
0,0.0926,10140
0,0.0926,10929
0,0.0926,11523
0,0.0926,13596
0,0.0926,18203
0,0.0926,26263
0,0.0926,192978
0,0.0926,519589
0,0.0926,524238
0,0.0926,527470
0,0.0926,805313
0,0.0927,10321
0,0.0927,11837
0,0.0927,18634
0,0.0927,21267
0,0.0927,127577
0,0.0928,10459
0,0.0928,11725
0,0.0928,11736
0,0.0928,18730
0,0.0928,18937
0,0.0928,18994
0,0.0928,23401
0,0.0928,25823
0,0.0928,40435
0,0.0928,51391
0,0.0928,55869
0,0.0928,108324
0,0.0928,513945
0,0.0928,520002
0,0.0928,520003
0,0.0929,11783
0,0.0929,11870
0,0.0929,11922
0,0.0929,12111
0,0.0929,14530
0,0.0929,16969
0,0.0929,19921
0,0.0929,29176
0,0.0929,29272
0,0.0929,41571
0,0.0929,65486
0,0.0929,80093
0,0.0929,110773
0,0.0929,118845
0,0.0929,513911
0,0.0929,518153
0,0.0929,918582
0,0.0930,10561
0,0.0930,11099
0,0.0930,12121
0,0.0930,12171
0,0.0930,13480
0,0.0930,13716
0,0.0930,16124
0,0.0930,28622
0,0.0930,33165
0,0.0930,33248
0,0.0930,58496
0,0.0930,59618
0,0.0930,62429
0,0.0930,118825
0,0.0930,522770
0,0.0930,801088
0,0.0930,816543
0,0.0931,10169
0,0.0931,10399
0,0.0931,10613
0,0.0931,10628
0,0.0931,10670
0,0.0931,10867
0,0.0931,11514
0,0.0931,11829
0,0.0931,12354
0,0.0931,13095
0,0.0931,36351
0,0.0931,79979
0,0.0931,519132
0,0.0931,521241
0,0.0931,523828
0,0.0931,534777
0,0.0932,10096
0,0.0932,10515
0,0.0932,10973
0,0.0932,11546
0,0.0932,12782
0,0.0932,18016
0,0.0932,21263
0,0.0932,22833
0,0.0932,35155
0,0.0932,63981
0,0.0932,91753
0,0.0932,523591
0,0.0933,10074
0,0.0933,10101
0,0.0933,10629
0,0.0933,11993
0,0.0933,12890
0,0.0933,13821
0,0.0933,26953
0,0.0933,28019
0,0.0933,37704
0,0.0933,54628
0,0.0933,57331
0,0.0933,119868
0,0.0933,124962
0,0.0933,532655
0,0.0934,10176
0,0.0934,10201
0,0.0934,11342
0,0.0934,11345
0,0.0934,11399
0,0.0934,11501
0,0.0934,11914
0,0.0934,12338
0,0.0934,17722
0,0.0934,21567
0,0.0934,34677
0,0.0934,40350
0,0.0934,48452
0,0.0934,68997
0,0.0934,125291
0,0.0934,519242
0,0.0934,522770
0,0.0934,808650
0,0.0934,918902
0,0.0935,10397
0,0.0935,10463
0,0.0935,10650
0,0.0935,10767
0,0.0935,11281
0,0.0935,12509
0,0.0935,13375
0,0.0935,14667
0,0.0935,14897
0,0.0935,20123
0,0.0935,23854
0,0.0935,52614
0,0.0935,61941
0,0.0935,64263
0,0.0935,65609
0,0.0935,73491
0,0.0935,119630
0,0.0935,156395
0,0.0935,520466
0,0.0935,522828
0,0.0936,10408
0,0.0936,11262
0,0.0936,11292
0,0.0936,11608
0,0.0936,12109
0,0.0936,13610
0,0.0936,16188
0,0.0936,16508
0,0.0936,16862
0,0.0936,33502
0,0.0936,40261
0,0.0936,145635
0,0.0936,203048
0,0.0936,525065
0,0.0936,551294
0,0.0936,564174
0,0.0937,10540
0,0.0937,11135
0,0.0937,11603
0,0.0937,26419
0,0.0937,26551
0,0.0937,53813
0,0.0937,89250
0,0.0937,805313
0,0.0938,10522
0,0.0938,11788
0,0.0938,16281
0,0.0938,40350
0,0.0938,76894
0,0.0938,189046
0,0.0938,514425
0,0.0938,521157
0,0.0938,801666
0,0.0939,10390
0,0.0939,10473
0,0.0939,10736
0,0.0939,14437
0,0.0939,20200
0,0.0939,24828
0,0.0939,37891
0,0.0939,40761
0,0.0939,85916
0,0.0939,267437
0,0.0939,521158
0,0.0939,522770
0,0.0940,13027
0,0.0940,44000
0,0.0940,46898
0,0.0940,72111
0,0.0940,85916
0,0.0940,118825
0,0.0940,521437
0,0.0940,801088
0,0.0940,804989
0,0.0941,10263
0,0.0941,12061
0,0.0941,17027
0,0.0941,17540
0,0.0941,18493
0,0.0941,38998
0,0.0941,41787
0,0.0941,46154
0,0.0941,48614
0,0.0941,54307
0,0.0941,61908
0,0.0941,91582
0,0.0941,94994
0,0.0941,122835
0,0.0941,517458
0,0.0941,520787
0,0.0942,10084
0,0.0942,10209
0,0.0942,10808
0,0.0942,11521
0,0.0942,15753
0,0.0942,16029
0,0.0942,16648
0,0.0942,20459
0,0.0942,37732
0,0.0942,60172
0,0.0942,120208
0,0.0942,515069
0,0.0942,555967
0,0.0943,10905
0,0.0943,11467
0,0.0943,12320
0,0.0943,12896
0,0.0943,12934
0,0.0943,14343
0,0.0943,15905
0,0.0943,18049
0,0.0943,27151
0,0.0943,32958
0,0.0943,35514
0,0.0943,44957
0,0.0943,62913
0,0.0943,63645
0,0.0943,66389
0,0.0943,73279
0,0.0943,84551
0,0.0943,120208
0,0.0944,11105
0,0.0944,16601
0,0.0944,17569
0,0.0944,20910
0,0.0944,27416
0,0.0944,49038
0,0.0944,58166
0,0.0944,97536
0,0.0944,247232
0,0.0944,524152
0,0.0944,529429
0,0.0944,548589
0,0.0945,10305
0,0.0945,10423
0,0.0945,10942
0,0.0945,11050
0,0.0945,11594
0,0.0945,13334
0,0.0945,15353
0,0.0945,24841
0,0.0945,30102
0,0.0945,36743
0,0.0945,53267
0,0.0945,55850
0,0.0945,60292
0,0.0945,64440
0,0.0945,88903
0,0.0945,109145
0,0.0945,515158
0,0.0945,904736
0,0.0946,10359
0,0.0946,13315
0,0.0946,18417
0,0.0946,21763
0,0.0946,23477
0,0.0946,24064
0,0.0946,31348
0,0.0946,72871
0,0.0946,91123
0,0.0946,142053
0,0.0946,524797
0,0.0947,10221
0,0.0947,11244
0,0.0947,11289
0,0.0947,11478
0,0.0947,11744
0,0.0947,13153
0,0.0947,13761
0,0.0947,16107
0,0.0947,19845
0,0.0947,23204
0,0.0947,30421
0,0.0947,31196
0,0.0947,79554
0,0.0947,521575
0,0.0947,527410
0,0.0947,555318
0,0.0947,564824
0,0.0947,801828
0,0.0948,10835
0,0.0948,10977
0,0.0948,11229
0,0.0948,13230
0,0.0948,13684
0,0.0948,16236
0,0.0948,16460
0,0.0948,19234
0,0.0948,23012
0,0.0948,26845
0,0.0948,43380
0,0.0948,50451
0,0.0948,563873
0,0.0948,807356
0,0.0949,10569
0,0.0949,11400
0,0.0949,11992
0,0.0949,12840
0,0.0949,18262
0,0.0949,20001
0,0.0949,22276
0,0.0949,27379
0,0.0949,32862
0,0.0949,47515
0,0.0949,105377
0,0.0949,130874
0,0.0949,513343
0,0.0949,516162
0,0.0949,532800
0,0.0950,11517
0,0.0950,12023
0,0.0950,12534
0,0.0950,14066
0,0.0950,15005
0,0.0950,16610
0,0.0950,40205
0,0.0950,45016
0,0.0950,49754
0,0.0950,130279
0,0.0950,515070
0,0.0950,523351
0,0.0951,11379
0,0.0951,11828
0,0.0951,13356
0,0.0951,16513
0,0.0951,19873
0,0.0951,24804
0,0.0951,45430
0,0.0951,54959
0,0.0951,67398
0,0.0951,90874
0,0.0951,513945
0,0.0951,519588
0,0.0952,10904
0,0.0952,11620
0,0.0952,12152
0,0.0952,12958
0,0.0952,13283
0,0.0952,16207
0,0.0952,17325
0,0.0952,30992
0,0.0952,31117
0,0.0952,32752
0,0.0952,39054
0,0.0952,44995
0,0.0952,58586
0,0.0952,76878
0,0.0952,148213
0,0.0952,521935
0,0.0952,527357
0,0.0952,805313
0,0.0953,10133
0,0.0953,10456
0,0.0953,10996
0,0.0953,11722
0,0.0953,11975
0,0.0953,11991
0,0.0953,12163
0,0.0953,12387
0,0.0953,14497
0,0.0953,16141
0,0.0953,18179
0,0.0953,19938
0,0.0953,33646
0,0.0953,46907
0,0.0953,83341
0,0.0953,97457
0,0.0954,10254
0,0.0954,10376
0,0.0954,11092
0,0.0954,11294
0,0.0954,11355
0,0.0954,15118
0,0.0954,19828
0,0.0954,21338
0,0.0954,23132
0,0.0954,24502
0,0.0954,122835
0,0.0954,521290
0,0.0954,522812
0,0.0954,524208
0,0.0954,544258
0,0.0955,10524
0,0.0955,11930
0,0.0955,12756
0,0.0955,14985
0,0.0955,15547
0,0.0955,25655
0,0.0955,28406
0,0.0955,35196
0,0.0955,40838
0,0.0955,48131
0,0.0955,57888
0,0.0955,147169
0,0.0955,514727
0,0.0956,10065
0,0.0956,10111
0,0.0956,10756
0,0.0956,11471
0,0.0956,11952
0,0.0956,12367
0,0.0956,13944
0,0.0956,20960
0,0.0956,24713
0,0.0956,26766
0,0.0956,39922
0,0.0956,51533
0,0.0956,58972
0,0.0956,66206
0,0.0956,73560
0,0.0956,190419
0,0.0956,521479
0,0.0956,548589
0,0.0956,804596
0,0.0957,10632
0,0.0957,11390
0,0.0957,11531
0,0.0957,12057
0,0.0957,12717
0,0.0957,12815
0,0.0957,12977
0,0.0957,16433
0,0.0957,20581
0,0.0957,22105
0,0.0957,22243
0,0.0957,41174
0,0.0957,516097
0,0.0957,529445
0,0.0957,530777
0,0.0957,800606
0,0.0957,809322
0,0.0958,10039
0,0.0958,10297
0,0.0958,10470
0,0.0958,11761
0,0.0958,12994
0,0.0958,27614
0,0.0958,43785
0,0.0958,96307
0,0.0958,128455
0,0.0958,158604
0,0.0958,532967
0,0.0959,10126
0,0.0959,10140
0,0.0959,10653
0,0.0959,11080
0,0.0959,11143
0,0.0959,11162
0,0.0959,14874
0,0.0959,18726
0,0.0959,23517
0,0.0959,29232
0,0.0959,36844
0,0.0959,48971
0,0.0959,63927
0,0.0960,10877
0,0.0960,10929
0,0.0960,11958
0,0.0960,13479
0,0.0960,14158
0,0.0960,19767
0,0.0960,20287
0,0.0960,22166
0,0.0960,22787
0,0.0960,52465
0,0.0960,256432
0,0.0960,527470
0,0.0960,529665
0,0.0960,545288
0,0.0961,10134
0,0.0961,10530
0,0.0961,11359
0,0.0961,11837
0,0.0961,12050
0,0.0961,12460
0,0.0961,13089
0,0.0961,14319
0,0.0961,21132
0,0.0961,28691
0,0.0961,35373
0,0.0961,55120
0,0.0961,58226
0,0.0961,75333
0,0.0961,132166
0,0.0961,146273
0,0.0961,520002
0,0.0961,524238
0,0.0961,524968
0,0.0961,800373
0,0.0962,11523
0,0.0962,11725
0,0.0962,11736
0,0.0962,12312
0,0.0962,12541
0,0.0962,15183
0,0.0962,18165
0,0.0962,27756
0,0.0962,36556
0,0.0962,47631
0,0.0962,161034
0,0.0962,203048
0,0.0962,295280
0,0.0962,512883
0,0.0962,516322
0,0.0963,10262
0,0.0963,10429
0,0.0963,11369
0,0.0963,11703
0,0.0963,11870
0,0.0963,12111
0,0.0963,12711
0,0.0963,12929
0,0.0963,13664
0,0.0963,17225
0,0.0963,17244
0,0.0963,17800
0,0.0963,23401
0,0.0963,33340
0,0.0963,48530
0,0.0963,49570
0,0.0963,49945
0,0.0963,56072
0,0.0963,59389
0,0.0963,69620
0,0.0963,77609
0,0.0963,123543
0,0.0963,156395
0,0.0963,800241
0,0.0963,917516
0,0.0964,10208
0,0.0964,11030
0,0.0964,11409
0,0.0964,11583
0,0.0964,11783
0,0.0964,11922
0,0.0964,13259
0,0.0964,14161
0,0.0964,19579
0,0.0964,19618
0,0.0964,22717
0,0.0964,28016
0,0.0964,32439
0,0.0964,46898
0,0.0964,76493
0,0.0964,80093
0,0.0964,84445
0,0.0964,147959
0,0.0964,155294
0,0.0964,512745
0,0.0965,10378
0,0.0965,11099
0,0.0965,13423
0,0.0965,13470
0,0.0965,14427
0,0.0965,14514
0,0.0965,17484
0,0.0965,20620
0,0.0965,21166
0,0.0965,28525
0,0.0965,44377
0,0.0965,59111
0,0.0965,86553
0,0.0965,524164
0,0.0965,524741
0,0.0965,529519
0,0.0966,10459
0,0.0966,11525
0,0.0966,11556
0,0.0966,12309
0,0.0966,13303
0,0.0966,14609
0,0.0966,19647
0,0.0966,21822
0,0.0966,40740
0,0.0966,49910
0,0.0966,51479
0,0.0966,58836
0,0.0966,145128
0,0.0967,10321
0,0.0967,12162
0,0.0967,14661
0,0.0967,20402
0,0.0967,27775
0,0.0967,53144
0,0.0967,59618
0,0.0967,94617
0,0.0967,114223
0,0.0967,114510
0,0.0967,527577
0,0.0967,547655
0,0.0967,810889
0,0.0968,10169
0,0.0968,11469
0,0.0968,13621
0,0.0968,18075
0,0.0968,18730
0,0.0968,19921
0,0.0968,20132
0,0.0968,25039
0,0.0968,26239
0,0.0968,31925
0,0.0968,32835
0,0.0968,33987
0,0.0968,42495
0,0.0968,44587
0,0.0968,46457
0,0.0968,76634
0,0.0968,76958
0,0.0968,532768
0,0.0968,810889
0,0.0969,10096
0,0.0969,10463
0,0.0969,11501
0,0.0969,11546
0,0.0969,12354
0,0.0969,14391
0,0.0969,15746
0,0.0969,19949
0,0.0969,37342
0,0.0969,532655
0,0.0970,10201
0,0.0970,11262
0,0.0970,11281
0,0.0970,11292
0,0.0970,11993
0,0.0970,16136
0,0.0970,20688
0,0.0970,40205
0,0.0970,102041
0,0.0970,103964
0,0.0970,151762
0,0.0970,192978
0,0.0970,521011
0,0.0970,535279
0,0.0970,556574
0,0.0970,806606
0,0.0970,918582
0,0.0971,10397
0,0.0971,10650
0,0.0971,11342
0,0.0971,11914
0,0.0971,12511
0,0.0971,13940
0,0.0971,20445
0,0.0971,20739
0,0.0971,36026
0,0.0971,39491
0,0.0971,43861
0,0.0971,44138
0,0.0971,64457
0,0.0971,76504
0,0.0971,110773
0,0.0971,136213
0,0.0971,517351
0,0.0971,521439
0,0.0971,580417
0,0.0971,804989
0,0.0972,10515
0,0.0972,11345
0,0.0972,12241
0,0.0972,12338
0,0.0972,12765
0,0.0972,13666
0,0.0972,15647
0,0.0972,18575
0,0.0972,23854
0,0.0972,26515
0,0.0972,53849
0,0.0972,58157
0,0.0972,75409
0,0.0972,519865
0,0.0972,523591
0,0.0973,13550
0,0.0973,18016
0,0.0973,21567
0,0.0973,26102
0,0.0973,26602
0,0.0973,29217
0,0.0973,31297
0,0.0973,39943
0,0.0973,48521
0,0.0973,58027
0,0.0973,145016
0,0.0973,513945
0,0.0974,10402
0,0.0974,10622
0,0.0974,11624
0,0.0974,14340
0,0.0974,14461
0,0.0974,14607
0,0.0974,14685
0,0.0974,16422
0,0.0974,37622
0,0.0974,39802
0,0.0974,49794
0,0.0974,54741
0,0.0974,55874
0,0.0974,77451
0,0.0974,80093
0,0.0974,82482
0,0.0974,97536
0,0.0974,518567
0,0.0974,520787
0,0.0975,10593
0,0.0975,11817
0,0.0975,13716
0,0.0975,17014
0,0.0975,19333
0,0.0975,31291
0,0.0975,32354
0,0.0975,53128
0,0.0975,57542
0,0.0975,80484
0,0.0975,119630
0,0.0975,516433
0,0.0975,517359
0,0.0975,519970
0,0.0975,522743
0,0.0975,530781
0,0.0975,551294
0,0.0976,10942
0,0.0976,17107
0,0.0976,17150
0,0.0976,18824
0,0.0976,24442
0,0.0976,26497
0,0.0976,40205
0,0.0976,70171
0,0.0976,95835
0,0.0976,108324
0,0.0976,517532
0,0.0976,521158
0,0.0976,525105
0,0.0976,579253
0,0.0977,11058
0,0.0977,11603
0,0.0977,11749
0,0.0977,13821
0,0.0977,14573
0,0.0977,15507
0,0.0977,18798
0,0.0977,18909
0,0.0977,25951
0,0.0977,32482
0,0.0977,56900
0,0.0977,59329
0,0.0977,88538
0,0.0977,109011
0,0.0977,109321
0,0.0977,423539
0,0.0977,514687
0,0.0977,520916
0,0.0977,523941
0,0.0977,804106
0,0.0978,10118
0,0.0978,10473
0,0.0978,10716
0,0.0978,10806
0,0.0978,10905
0,0.0978,13194
0,0.0978,14019
0,0.0978,14386
0,0.0978,14893
0,0.0978,18854
0,0.0978,23241
0,0.0978,25166
0,0.0978,33919
0,0.0978,44781
0,0.0978,53719
0,0.0978,85147
0,0.0978,128455
0,0.0978,267437
0,0.0978,529429
0,0.0978,536845
0,0.0978,546406
0,0.0978,555319
0,0.0979,10522
0,0.0979,10540
0,0.0979,10786
0,0.0979,12164
0,0.0979,12332
0,0.0979,13384
0,0.0979,13998
0,0.0979,14510
0,0.0979,16416
0,0.0979,16993
0,0.0979,18203
0,0.0979,22473
0,0.0979,36584
0,0.0979,46670
0,0.0979,48976
0,0.0979,79631
0,0.0980,13127
0,0.0980,16083
0,0.0980,19290
0,0.0980,22977
0,0.0980,23151
0,0.0980,25972
0,0.0980,27319
0,0.0980,38916
0,0.0980,50560
0,0.0980,519242
0,0.0980,580417
0,0.0980,800847
0,0.0980,904246
0,0.0981,10209
0,0.0981,10305
0,0.0981,11190
0,0.0981,11244
0,0.0981,11341
0,0.0981,11478
0,0.0981,11744
0,0.0981,12320
0,0.0981,12728
0,0.0981,13172
0,0.0981,15662
0,0.0981,21709
0,0.0981,24828
0,0.0981,25786
0,0.0981,28604
0,0.0981,39217
0,0.0981,87660
0,0.0981,93352
0,0.0981,127894
0,0.0981,517458
0,0.0981,904868
0,0.0982,11289
0,0.0982,11400
0,0.0982,11517
0,0.0982,11521
0,0.0982,13386
0,0.0982,13886
0,0.0982,15164
0,0.0982,17614
0,0.0982,18332
0,0.0982,21267
0,0.0982,22504
0,0.0982,23477
0,0.0982,25245
0,0.0982,44667
0,0.0982,52570
0,0.0982,52641
0,0.0982,63883
0,0.0982,75987
0,0.0982,130874
0,0.0982,247232
0,0.0982,514740
0,0.0982,517330
0,0.0982,519850
0,0.0982,532766
0,0.0982,555318
0,0.0982,801079
0,0.0982,807225
0,0.0983,10408
0,0.0983,14139
0,0.0983,15517
0,0.0983,21860
0,0.0983,29231
0,0.0983,29604
0,0.0983,38204
0,0.0983,38573
0,0.0983,58013
0,0.0983,67052
0,0.0983,84445
0,0.0983,87178
0,0.0983,153391
0,0.0983,511801
0,0.0983,514426
0,0.0983,518580
0,0.0983,521935
0,0.0984,10084
0,0.0984,10423
0,0.0984,11788
0,0.0984,12371
0,0.0984,15431
0,0.0984,23339
0,0.0984,25714
0,0.0984,26223
0,0.0984,31331
0,0.0984,33047
0,0.0984,35330
0,0.0984,45470
0,0.0984,69650
0,0.0984,87958
0,0.0984,103338
0,0.0984,161534
0,0.0984,516317
0,0.0984,518020
0,0.0984,904119
0,0.0985,11449
0,0.0985,11828
0,0.0985,14821
0,0.0985,16366
0,0.0985,27416
0,0.0985,49479
0,0.0985,134883
0,0.0985,518153
0,0.0985,914363
0,0.0986,11399
0,0.0986,11594
0,0.0986,11620
0,0.0986,11975
0,0.0986,11991
0,0.0986,12425
0,0.0986,12732
0,0.0986,12735
0,0.0986,18637
0,0.0986,26071
0,0.0986,53326
0,0.0986,54952
0,0.0986,103414
0,0.0986,128455
0,0.0986,523828
0,0.0986,915497
0,0.0987,10561
0,0.0987,10736
0,0.0987,11294
0,0.0987,11722
0,0.0987,11992
0,0.0987,18939
0,0.0987,28293
0,0.0987,35196
0,0.0987,49903
0,0.0987,52394
0,0.0987,66076
0,0.0987,83289
0,0.0987,99080
0,0.0987,116012
0,0.0987,141297
0,0.0988,11379
0,0.0988,12012
0,0.0988,13613
0,0.0988,14437
0,0.0988,15970
0,0.0988,16005
0,0.0988,17325
0,0.0988,19743
0,0.0988,28406
0,0.0988,88912
0,0.0988,221876
0,0.0988,509223
0,0.0988,519869
0,0.0988,800551
0,0.0989,10133
0,0.0989,10376
0,0.0989,10390
0,0.0989,10629
0,0.0989,10632
0,0.0989,10977
0,0.0989,11050
0,0.0989,11531
0,0.0989,12031
0,0.0989,12606
0,0.0989,13379
0,0.0989,22276
0,0.0989,23076
0,0.0989,25927
0,0.0989,42307
0,0.0989,48178
0,0.0989,73963
0,0.0989,125065
0,0.0989,170256
0,0.0989,519692
0,0.0989,532804
0,0.0989,541683
0,0.0989,545180
0,0.0989,548589
0,0.0990,12653
0,0.0990,14343
0,0.0990,14442
0,0.0990,18994
0,0.0990,20324
0,0.0990,28855
0,0.0990,50804
0,0.0990,56207
0,0.0990,75987
0,0.0990,515266
0,0.0990,520003
0,0.0991,10049
0,0.0991,11952
0,0.0991,13315
0,0.0991,14430
0,0.0991,16188
0,0.0991,19108
0,0.0991,21382
0,0.0991,22243
0,0.0991,26292
0,0.0991,28588
0,0.0991,29144
0,0.0991,38068
0,0.0991,38805
0,0.0991,44147
0,0.0991,135948
0,0.0991,521438
0,0.0991,533849
0,0.0991,810889
0,0.0992,10176
0,0.0992,10524
0,0.0992,11608
0,0.0992,12109
0,0.0992,12717
0,0.0992,12965
0,0.0992,13556
0,0.0992,13582
0,0.0992,15313
0,0.0992,16648
0,0.0992,17319
0,0.0992,29176
0,0.0992,30421
0,0.0992,49376
0,0.0992,114513
0,0.0992,122835
0,0.0992,514727
0,0.0992,535279
0,0.0992,800868
0,0.0993,11956
0,0.0993,14339
0,0.0993,16434
0,0.0993,16706
0,0.0993,20581
0,0.0993,38510
0,0.0993,66207
0,0.0993,67398
0,0.0993,527524
0,0.0994,10140
0,0.0994,11229
0,0.0994,12977
0,0.0994,12994
0,0.0994,13375
0,0.0994,13483
0,0.0994,18049
0,0.0994,34063
0,0.0994,37399
0,0.0994,50372
0,0.0994,53655
0,0.0994,62429
0,0.0994,71961
0,0.0994,77810
0,0.0994,95581
0,0.0994,534777
0,0.0995,10296
0,0.0995,10456
0,0.0995,10767
0,0.0995,10929
0,0.0995,11837
0,0.0995,12037
0,0.0995,14666
0,0.0995,18726
0,0.0995,21798
0,0.0995,22166
0,0.0995,25476
0,0.0995,27274
0,0.0995,29997
0,0.0995,41342
0,0.0995,45451
0,0.0995,47932
0,0.0995,514318
0,0.0995,521108
0,0.0995,521437
0,0.0995,533589
0,0.0995,555875
0,0.0996,10198
0,0.0996,10216
0,0.0996,10470
0,0.0996,13024
0,0.0996,19143
0,0.0996,29166
0,0.0996,30105
0,0.0996,32321
0,0.0996,41869
0,0.0996,52220
0,0.0996,63336
0,0.0996,107105
0,0.0996,156395
0,0.0996,167190
0,0.0996,513911
0,0.0996,530777
0,0.0997,10569
0,0.0997,11112
0,0.0997,13143
0,0.0997,13610
0,0.0997,13981
0,0.0997,19665
0,0.0997,27319
0,0.0997,27702
0,0.0997,50256
0,0.0997,52099
0,0.0997,57772
0,0.0997,103964
0,0.0997,124404
0,0.0997,518294
0,0.0997,520002
0,0.0997,522770
0,0.0997,524238
0,0.0997,527470
0,0.0998,10254
0,0.0998,10285
0,0.0998,11135
0,0.0998,11523
0,0.0998,11725
0,0.0998,11736
0,0.0998,12231
0,0.0998,12837
0,0.0998,23401
0,0.0998,23743
0,0.0998,28803
0,0.0998,45416
0,0.0998,68692
0,0.0998,85916
0,0.0998,129758
0,0.0998,807225
0,0.0999,11783
0,0.0999,11870
0,0.0999,11922
0,0.0999,12111
0,0.0999,12471
0,0.0999,19767
0,0.0999,26387
0,0.0999,29750
0,0.0999,29997
0,0.0999,45187
0,0.0999,45286
0,0.0999,63046
0,0.0999,130279
0,0.0999,153948
0,0.0999,524208
0,0.0999,527409
0,0.0999,530791
0,0.1000,10126
0,0.1000,11324
0,0.1000,11930
0,0.1000,13725
0,0.1000,16454
0,0.1000,19845
0,0.1000,21409
0,0.1000,29156
0,0.1000,32247
0,0.1000,32815
0,0.1000,47002
0,0.1000,54628
0,0.1000,59086
0,0.1000,73457
0,0.1000,80093
0,0.1000,109145
0,0.1000,127658
0,0.1000,513419
0,0.1001,10628
0,0.1001,10670
0,0.1001,11829
0,0.1001,13767
0,0.1001,17847
0,0.1001,28584
0,0.1001,29826
0,0.1001,30806
0,0.1001,31119
0,0.1001,37399
0,0.1001,40685
0,0.1001,46617
0,0.1001,58230
0,0.1001,529031
0,0.1001,532800
0,0.1001,564174
0,0.1001,564884
0,0.1001,809322
0,0.1002,10134
0,0.1002,11099
0,0.1002,12121
0,0.1002,12759
0,0.1002,15244
0,0.1002,16206
0,0.1002,18165
0,0.1002,22040
0,0.1002,53002
0,0.1002,62771
0,0.1002,74190
0,0.1002,79945
0,0.1002,522439
0,0.1002,943251
0,0.1003,10877
0,0.1003,11359
0,0.1003,11365
0,0.1003,11501
0,0.1003,14530
0,0.1003,14802
0,0.1003,23496
0,0.1003,28086
0,0.1003,40376
0,0.1003,64400
0,0.1003,800207
0,0.1003,800917
0,0.1003,926518
0,0.1004,10459
0,0.1004,10486
0,0.1004,11281
0,0.1004,12061
0,0.1004,16524
0,0.1004,25963
0,0.1004,27614
0,0.1004,31068
0,0.1004,34712
0,0.1004,48515
0,0.1004,49255
0,0.1004,52614
0,0.1004,53456
0,0.1004,55990
0,0.1004,56966
0,0.1004,118532
0,0.1004,407353
0,0.1004,452352
0,0.1005,10201
0,0.1005,10429
0,0.1005,10463
0,0.1005,11546
0,0.1005,11993
0,0.1005,12354
0,0.1005,13027
0,0.1005,14750
0,0.1005,20141
0,0.1005,22224
0,0.1005,47019
0,0.1005,54787
0,0.1005,69595
0,0.1005,141297
0,0.1005,519842
0,0.1005,801137
0,0.1005,918582
0,0.1006,10065
0,0.1006,10208
0,0.1006,10650
0,0.1006,10808
0,0.1006,11143
0,0.1006,11342
0,0.1006,11914
0,0.1006,12782
0,0.1006,20910
0,0.1006,25659
0,0.1006,29420
0,0.1006,33229
0,0.1006,34301
0,0.1006,43489
0,0.1006,55374
0,0.1006,58157
0,0.1006,59618
0,0.1006,80951
0,0.1006,122835
0,0.1006,185726
0,0.1007,10262
0,0.1007,10942
0,0.1007,11141
0,0.1007,11262
0,0.1007,11292
0,0.1007,11583
0,0.1007,11761
0,0.1007,11816
0,0.1007,12934
0,0.1007,13334
0,0.1007,18466
0,0.1007,18828
0,0.1007,21772
0,0.1007,31397
0,0.1007,39485
0,0.1007,42074
0,0.1007,46960
0,0.1007,48231
0,0.1007,67721
0,0.1007,192978
0,0.1007,522377
0,0.1007,527410
0,0.1007,555969
0,0.1007,800898
0,0.1008,10169
0,0.1008,11390
0,0.1008,12340
0,0.1008,14895
0,0.1008,18016
0,0.1008,19792
0,0.1008,21098
0,0.1008,28525
0,0.1008,30906
0,0.1008,66445
0,0.1008,72672
0,0.1008,524207
0,0.1008,529602
0,0.1008,532655
0,0.1009,10218
0,0.1009,11959
0,0.1009,12509
0,0.1009,12896
0,0.1009,15353
0,0.1009,20200
0,0.1009,21099
0,0.1009,31376
0,0.1009,32656
0,0.1009,165180
0,0.1009,514424
0,0.1009,564824
0,0.1010,10397
0,0.1010,10530
0,0.1010,11105
0,0.1010,11345
0,0.1010,11514
0,0.1010,11645
0,0.1010,12338
0,0.1010,14161
0,0.1010,17650
0,0.1010,19828
0,0.1010,19921
0,0.1010,23200
0,0.1010,23854
0,0.1010,26711
0,0.1010,46430
0,0.1010,53863
0,0.1010,54621
0,0.1010,56288
0,0.1010,543774
0,0.1010,563873
0,0.1010,800782
0,0.1011,10359
0,0.1011,10515
0,0.1011,11467
0,0.1011,12929
0,0.1011,13153
0,0.1011,16124
0,0.1011,16426
0,0.1011,16460
0,0.1011,21567
0,0.1011,26263
0,0.1011,38110
0,0.1011,52962
0,0.1011,66207
0,0.1011,68031
0,0.1011,100441
0,0.1011,121593
0,0.1011,519572
0,0.1011,520466
0,0.1011,522770
0,0.1011,527469
0,0.1012,13621
0,0.1012,18634
0,0.1012,26642
0,0.1012,30539
0,0.1012,37596
0,0.1012,105550
0,0.1012,134660
0,0.1012,520787
0,0.1012,523591
0,0.1012,524990
0,0.1012,534428
0,0.1012,356783826
0,0.1013,10096
0,0.1013,11082
0,0.1013,11210
0,0.1013,13431
0,0.1013,20402
0,0.1013,20620
0,0.1013,26485
0,0.1013,29560
0,0.1013,30469
0,0.1013,30703
0,0.1013,38075
0,0.1013,45796
0,0.1013,93352
0,0.1013,511775
0,0.1013,521158
0,0.1013,522828
0,0.1014,10613
0,0.1014,10973
0,0.1014,11847
0,0.1014,12171
0,0.1014,13095
0,0.1014,15039
0,0.1014,15183
0,0.1014,16107
0,0.1014,38670
0,0.1014,40966
0,0.1014,48739
0,0.1014,65825
0,0.1014,71008
0,0.1014,96273
0,0.1014,514688
0,0.1014,516780
0,0.1014,529429
0,0.1014,551294
0,0.1014,811544
0,0.1015,10030
0,0.1015,10905
0,0.1015,12143
0,0.1015,13596
0,0.1015,16274
0,0.1015,17570
0,0.1015,18730
0,0.1015,22494
0,0.1015,26766
0,0.1015,33542
0,0.1015,41551
0,0.1015,44472
0,0.1015,50485
0,0.1015,59035
0,0.1015,65161
0,0.1015,95255
0,0.1015,163811
0,0.1015,521297
0,0.1016,10996
0,0.1016,11478
0,0.1016,11603
0,0.1016,28640
0,0.1016,34385
0,0.1016,38333
0,0.1016,39719
0,0.1016,44587
0,0.1016,49689
0,0.1016,56991
0,0.1016,119949
0,0.1016,267437
0,0.1016,521575
0,0.1016,800845
0,0.1017,11092
0,0.1017,11244
0,0.1017,11400
0,0.1017,11744
0,0.1017,12160
0,0.1017,13716
0,0.1017,15992
0,0.1017,18416
0,0.1017,20168
0,0.1017,20773
0,0.1017,26338
0,0.1017,31348
0,0.1017,43847
0,0.1017,515161
0,0.1017,526801
0,0.1018,10039
0,0.1018,10402
0,0.1018,10522
0,0.1018,11289
0,0.1018,12168
0,0.1018,13972
0,0.1018,14925
0,0.1018,19953
0,0.1018,21876
0,0.1018,32771
0,0.1018,43616
0,0.1018,60590
0,0.1018,65986
0,0.1018,511807
0,0.1018,516097
0,0.1018,522891
0,0.1018,527577
0,0.1018,800117
0,0.1019,10473
0,0.1019,10756
0,0.1019,12259
0,0.1019,13936
0,0.1019,21692
0,0.1019,23477
0,0.1019,26305
0,0.1019,26628
0,0.1019,62648
0,0.1019,69140
0,0.1019,91799
0,0.1019,406728
0,0.1019,520007
0,0.1019,580793
0,0.1020,11722
0,0.1020,11828
0,0.1020,12152
0,0.1020,14506
0,0.1020,15789
0,0.1020,17027
0,0.1020,17569
0,0.1020,18043
0,0.1020,19467
0,0.1020,20960
0,0.1020,24502
0,0.1020,24841
0,0.1020,26419
0,0.1020,38024
0,0.1020,72871
0,0.1020,457812
0,0.1020,521935
0,0.1020,523490
0,0.1020,524164
0,0.1020,532768
0,0.1020,555318
0,0.1021,10305
0,0.1021,11620
0,0.1021,12667
0,0.1021,13225
0,0.1021,13230
0,0.1021,18084
0,0.1021,21889
0,0.1021,24804
0,0.1021,33779
0,0.1021,46486
0,0.1021,67244
0,0.1021,68701
0,0.1021,97536
0,0.1021,119868
0,0.1021,167190
0,0.1021,531768
0,0.1022,10904
0,0.1022,11294
0,0.1022,12320
0,0.1022,12840
0,0.1022,13550
0,0.1022,13821
0,0.1022,18695
0,0.1022,22569
0,0.1022,30885
0,0.1022,45513
0,0.1022,76894
0,0.1022,247232
0,0.1022,516197
0,0.1022,516324
0,0.1022,521171
0,0.1022,555322
0,0.1023,10147
0,0.1023,10209
0,0.1023,10461
0,0.1023,10632
0,0.1023,11531
0,0.1023,11975
0,0.1023,11991
0,0.1023,11992
0,0.1023,13684
0,0.1023,14962
0,0.1023,17540
0,0.1023,20001
0,0.1023,20867
0,0.1023,21335
0,0.1023,22338
0,0.1023,22899
0,0.1023,23533
0,0.1023,27589
0,0.1023,32656
0,0.1023,38043
0,0.1023,46888
0,0.1023,47617
0,0.1023,99139
0,0.1023,102475
0,0.1023,147169
0,0.1023,517458
0,0.1023,519242
0,0.1023,520916
0,0.1023,555312
0,0.1024,10540
0,0.1024,11556
0,0.1024,11594
0,0.1024,11721
0,0.1024,11780
0,0.1024,19873
0,0.1024,21851
0,0.1024,22417
0,0.1024,35927
0,0.1024,39922
0,0.1024,56364
0,0.1024,111689
0,0.1024,518919
0,0.1024,519041
0,0.1024,523351
0,0.1024,800162
0,0.1025,10084
0,0.1025,11379
0,0.1025,13283
0,0.1025,13666
0,0.1025,16724
0,0.1025,24828
0,0.1025,26020
0,0.1025,27024
0,0.1025,34089
0,0.1025,36291
0,0.1025,38262
0,0.1025,39943
0,0.1025,43216
0,0.1025,44995
0,0.1025,45811
0,0.1025,51116
0,0.1025,51999
0,0.1025,54383
0,0.1025,514425
0,0.1025,518717
0,0.1025,521157
0,0.1025,521581
0,0.1025,544258
0,0.1025,811544
0,0.1026,18884
0,0.1026,26757
0,0.1026,33672
0,0.1026,38022
0,0.1026,40838
0,0.1026,52567
0,0.1026,99925
0,0.1026,520931
0,0.1026,800892
0,0.1027,10321
0,0.1027,10472
0,0.1027,14066
0,0.1027,15823
0,0.1027,16437
0,0.1027,22276
0,0.1027,24969
0,0.1027,26845
0,0.1027,28086
0,0.1027,28406
0,0.1027,29590
0,0.1027,31117
0,0.1027,32656
0,0.1027,39054
0,0.1027,41175
0,0.1027,52402
0,0.1027,524082
0,0.1028,10074
0,0.1028,10133
0,0.1028,10140
0,0.1028,10423
0,0.1028,10906
0,0.1028,11283
0,0.1028,11355
0,0.1028,11471
0,0.1028,11517
0,0.1028,11521
0,0.1028,11615
0,0.1028,11788
0,0.1028,11837
0,0.1028,14573
0,0.1028,17705
0,0.1028,20581
0,0.1028,24315
0,0.1028,27379
0,0.1028,27416
0,0.1028,28680
0,0.1028,78114
0,0.1028,81005
0,0.1028,97457
0,0.1028,256432
0,0.1028,521189
0,0.1028,914259
0,0.1029,10376
0,0.1029,10378
0,0.1029,10482
0,0.1029,10929
0,0.1029,11399
0,0.1029,16207
0,0.1029,18015
0,0.1029,18334
0,0.1029,22243
0,0.1029,159277
0,0.1029,262865
0,0.1029,523544
0,0.1029,525105
0,0.1029,529665
0,0.1029,545066
0,0.1030,10111
0,0.1030,10313
0,0.1030,10408
0,0.1030,11952
0,0.1030,12163
0,0.1030,12561
0,0.1030,13116
0,0.1030,13221
0,0.1030,14722
0,0.1030,35196
0,0.1030,36031
0,0.1030,63930
0,0.1030,80717
0,0.1030,140903
0,0.1030,146502
0,0.1030,519655
0,0.1030,527357
0,0.1030,527470
0,0.1030,535279
0,0.1030,536171
0,0.1031,10524
0,0.1031,10604
0,0.1031,11523
0,0.1031,12717
0,0.1031,12958
0,0.1031,13390
0,0.1031,14243
0,0.1031,14391
0,0.1031,15662
0,0.1031,17107
0,0.1031,17325
0,0.1031,18867
0,0.1031,20197
0,0.1031,23401
0,0.1031,25655
0,0.1031,31247
0,0.1031,33165
0,0.1031,41891
0,0.1031,42373
0,0.1031,69837
0,0.1031,512797
0,0.1031,519586
0,0.1031,800206
0,0.1031,801936
0,0.1031,814586
0,0.1032,10141
0,0.1032,11080
0,0.1032,11564
0,0.1032,11783
0,0.1032,11870
0,0.1032,13356
0,0.1032,15506
0,0.1032,15507
0,0.1032,18536
0,0.1032,22166
0,0.1032,24306
0,0.1032,24394
0,0.1032,28086
0,0.1032,90874
0,0.1032,515158
0,0.1032,519970
0,0.1032,524777
0,0.1032,536000
0,0.1033,11736
0,0.1033,12314
0,0.1033,12387
0,0.1033,12994
0,0.1033,13198
0,0.1033,14158
0,0.1033,14874
0,0.1033,16649
0,0.1033,22323
0,0.1033,33296
0,0.1033,36149
0,0.1033,38688
0,0.1033,52536
0,0.1033,73492
0,0.1033,99721
0,0.1033,520002
0,0.1033,524238
0,0.1033,530777
0,0.1033,535438
0,0.1033,562451
0,0.1033,118750563
0,0.1034,10026
0,0.1034,10264
0,0.1034,10806
0,0.1034,11050
0,0.1034,11725
0,0.1034,12977
0,0.1034,18726
0,0.1034,18824
0,0.1034,22917
0,0.1034,26551
0,0.1034,42311
0,0.1034,43861
0,0.1034,67398
0,0.1034,142053
0,0.1034,513565
0,0.1034,514598
0,0.1034,515266
0,0.1034,805313
0,0.1035,10231
0,0.1035,10736
0,0.1035,12023
0,0.1035,13194
0,0.1035,23132
0,0.1035,49558
0,0.1035,51350
0,0.1035,56353
0,0.1035,66389
0,0.1035,514009
0,0.1035,518153
0,0.1035,518581
0,0.1036,10647
0,0.1036,10977
0,0.1036,11099
0,0.1036,11922
0,0.1036,12111
0,0.1036,12711
0,0.1036,13315
0,0.1036,14319
0,0.1036,15276
0,0.1036,16422
0,0.1036,16433
0,0.1036,16508
0,0.1036,16651
0,0.1036,21790
0,0.1036,30421
0,0.1036,37732
0,0.1036,44302
0,0.1036,47595
0,0.1036,53320
0,0.1036,78858
0,0.1036,103338
0,0.1036,515069
0,0.1036,523828
0,0.1036,804140
0,0.1037,10118
0,0.1037,10470
0,0.1037,10593
0,0.1037,10835
0,0.1037,11174
0,0.1037,12057
0,0.1037,12241
0,0.1037,14437
0,0.1037,14985
0,0.1037,16715
0,0.1037,17484
0,0.1037,21166
0,0.1037,23012
0,0.1037,36844
0,0.1037,48530
0,0.1037,51516
0,0.1037,58009
0,0.1037,59950
0,0.1037,105377
0,0.1037,119936
0,0.1037,140586
0,0.1037,513945
0,0.1037,522827
0,0.1037,800304
0,0.1037,807356
0,0.1038,10176
0,0.1038,10463
0,0.1038,11411
0,0.1038,12367
0,0.1038,12511
0,0.1038,13852
0,0.1038,18203
0,0.1038,19767
0,0.1038,22671
0,0.1038,50775
0,0.1038,94994
0,0.1038,96104
0,0.1038,132204
0,0.1038,142053
0,0.1038,804596
0,0.1039,10456
0,0.1039,10459
0,0.1039,10786
0,0.1039,11501
0,0.1039,11546
0,0.1039,11703
0,0.1039,12541
0,0.1039,13479
0,0.1039,26602
0,0.1039,32617
0,0.1039,36333
0,0.1039,46693
0,0.1039,50929
0,0.1039,70928
0,0.1039,82582
0,0.1039,148337
0,0.1039,517164
0,0.1040,10390
0,0.1040,11229
0,0.1040,11281
0,0.1040,11409
0,0.1040,12756
0,0.1040,16141
0,0.1040,16276
0,0.1040,18165
0,0.1040,21267
0,0.1040,21332
0,0.1040,21584
0,0.1040,26625
0,0.1040,32880
0,0.1040,40733
0,0.1040,41302
0,0.1040,43363
0,0.1040,53326
0,0.1040,58845
0,0.1040,72102
0,0.1040,119212
0,0.1040,519850
0,0.1040,532766
0,0.1041,10074
0,0.1041,10263
0,0.1041,10561
0,0.1041,10942
0,0.1041,11624
0,0.1041,12312
0,0.1041,17406
0,0.1041,17817
0,0.1041,19364
0,0.1041,20059
0,0.1041,25195
0,0.1041,25439
0,0.1041,33501
0,0.1041,61605
0,0.1041,63394
0,0.1041,142053
0,0.1041,513513
0,0.1041,518153
0,0.1041,526119
0,0.1042,10126
0,0.1042,10254
0,0.1042,10569
0,0.1042,11262
0,0.1042,11292
0,0.1042,11749
0,0.1042,11930
0,0.1042,12354
0,0.1042,13232
0,0.1042,16601
0,0.1042,22787
0,0.1042,24985
0,0.1042,27697
0,0.1042,32165
0,0.1042,49752
0,0.1042,124962
0,0.1042,513418
0,0.1042,532655
0,0.1042,800490
0,0.1043,11030
0,0.1043,11341
0,0.1043,11359
0,0.1043,11993
0,0.1043,14343
0,0.1043,14799
0,0.1043,16648
0,0.1043,37745
0,0.1043,68686
0,0.1043,73560
0,0.1043,79554
0,0.1043,130279
0,0.1043,524208
0,0.1044,10297
0,0.1044,10653
0,0.1044,11058
0,0.1044,11342
0,0.1044,12765
0,0.1044,18417
0,0.1044,20459
0,0.1044,42904
0,0.1044,48568
0,0.1044,53108
0,0.1044,98499
0,0.1044,516331
0,0.1044,536845
0,0.1044,801252
0,0.1045,10650
0,0.1045,11477
0,0.1045,12654
0,0.1045,16636
0,0.1045,18834
0,0.1045,20287
0,0.1045,21725
0,0.1045,36577
0,0.1045,41393
0,0.1045,76932
0,0.1045,128562
0,0.1045,535316
0,0.1045,539787
0,0.1046,10096
0,0.1046,10611
0,0.1046,11914
0,0.1046,15717
0,0.1046,18049
0,0.1046,20445
0,0.1046,23204
0,0.1046,31196
0,0.1046,36207
0,0.1046,36573
0,0.1046,53472
0,0.1046,56522
0,0.1046,61425
0,0.1046,62031
0,0.1046,94043
0,0.1046,192978
0,0.1046,520787
0,0.1046,523060
0,0.1046,535999
0,0.1046,580417
0,0.1047,10304
0,0.1047,11345
0,0.1047,11606
0,0.1047,12338
0,0.1047,12485
0,0.1047,12705
0,0.1047,14493
0,0.1047,18016
0,0.1047,18776
0,0.1047,21756
0,0.1047,22705
0,0.1047,22852
0,0.1047,23854
0,0.1047,35182
0,0.1047,36743
0,0.1047,40435
0,0.1047,42549
0,0.1047,50497
0,0.1047,58481
0,0.1047,59746
0,0.1047,83886
0,0.1047,104232
0,0.1047,114942
0,0.1047,145091
0,0.1047,521439
0,0.1047,526634
0,0.1047,804140
0,0.1048,10169
0,0.1048,10201
0,0.1048,10397
0,0.1048,12050
0,0.1048,14897
0,0.1048,18075
0,0.1048,18678
0,0.1048,20380
0,0.1048,21567
0,0.1048,26102
0,0.1048,26922
0,0.1048,31733
0,0.1048,32250
0,0.1048,33646
0,0.1048,44846
0,0.1048,51735
0,0.1048,53416
0,0.1048,59796
0,0.1048,64457
0,0.1048,71418
0,0.1048,96213
0,0.1048,195727
0,0.1048,516322
0,0.1048,529429
0,0.1048,535279
0,0.1048,806173
0,0.1048,914259
0,0.1049,10134
0,0.1049,10767
0,0.1049,10905
0,0.1049,12460
0,0.1049,12815
0,0.1049,13664
0,0.1049,13940
0,0.1049,16188
0,0.1049,17800
0,0.1049,23517
0,0.1049,28730
0,0.1049,28899
0,0.1049,32784
0,0.1049,37177
0,0.1049,37202
0,0.1049,44026
0,0.1049,61113
0,0.1049,137731
0,0.1049,523591
0,0.1049,556574
0,0.1050,10515
0,0.1050,11143
0,0.1050,11478
0,0.1050,12164
0,0.1050,12186
0,0.1050,21637
0,0.1050,22833
0,0.1050,44745
0,0.1050,47491
0,0.1050,49092
0,0.1050,50176
0,0.1050,68887
0,0.1050,69631
0,0.1050,77790
0,0.1050,77967
0,0.1050,79723
0,0.1050,93352
0,0.1050,553194
0,0.1050,902180
0,0.1050,904587
0,0.1050,918582
0,0.1051,11135
0,0.1051,11400
0,0.1051,12309
0,0.1051,13423
0,0.1051,16526
0,0.1051,18875
0,0.1051,19921
0,0.1051,22026
0,0.1051,22717
0,0.1051,23241
0,0.1051,25245
0,0.1051,25288
0,0.1051,29764
0,0.1051,36146
0,0.1051,57401
0,0.1051,280660
0,0.1051,514727
0,0.1051,521158
0,0.1051,802944
0,0.1052,10065
0,0.1052,10101
0,0.1052,10429
0,0.1052,11215
0,0.1052,11244
0,0.1052,11744
0,0.1052,13375
0,0.1052,13621
0,0.1052,14019
0,0.1052,14419
0,0.1052,15864
0,0.1052,18937
0,0.1052,25166
0,0.1052,26860
0,0.1052,27614
0,0.1052,43546
0,0.1052,69089
0,0.1052,104131
0,0.1052,154649
0,0.1052,231412
0,0.1052,518788
0,0.1053,10208
0,0.1053,11289
0,0.1053,11603
0,0.1053,11761
0,0.1053,12571
0,0.1053,15753
0,0.1053,18988
0,0.1053,20033
0,0.1053,20402
0,0.1053,20739
0,0.1053,22473
0,0.1053,28525
0,0.1053,45678
0,0.1053,51428
0,0.1053,53885
0,0.1053,55306
0,0.1053,159782
0,0.1053,260257
0,0.1053,551294
0,0.1053,579253
0,0.1053,801246
0,0.1054,10236
0,0.1054,10262
0,0.1054,10867
0,0.1054,10877
0,0.1054,10881
0,0.1054,11583
0,0.1054,11722
0,0.1054,11828
0,0.1054,12279
0,0.1054,19845
0,0.1054,21132
0,0.1054,22105
0,0.1054,29632
0,0.1054,34717
0,0.1054,51750
0,0.1054,62314
0,0.1054,195727
0,0.1054,524152
0,0.1054,801598
0,0.1055,11620
0,0.1055,12162
0,0.1055,16083
0,0.1055,20620
0,0.1055,28019
0,0.1055,29090
0,0.1055,29176
0,0.1055,30021
0,0.1055,48056
0,0.1055,59618
0,0.1055,118845
0,0.1055,195727
0,0.1055,267437
0,0.1055,515070
0,0.1055,521438
0,0.1055,804596
0,0.1055,904868
0,0.1056,10473
0,0.1056,10632
0,0.1056,11211
0,0.1056,11531
0,0.1056,12778
0,0.1056,13610
0,0.1056,14161
0,0.1056,16042
0,0.1056,17722
0,0.1056,23477
0,0.1056,26095
0,0.1056,26532
0,0.1056,31775
0,0.1056,32482
0,0.1056,33919
0,0.1056,34761
0,0.1056,57675
0,0.1056,61060
0,0.1056,513114
0,0.1056,514291
0,0.1056,521935
0,0.1057,12809
0,0.1057,15795
0,0.1057,16600
0,0.1057,18730
0,0.1057,20278
0,0.1057,24006
0,0.1057,26047
0,0.1057,30914
0,0.1057,34677
0,0.1057,45708
0,0.1057,46748
0,0.1057,62429
0,0.1057,132166
0,0.1057,156395
0,0.1057,512745
0,0.1057,520003
0,0.1057,555318
0,0.1058,10530
0,0.1058,11294
0,0.1058,11390
0,0.1058,11608
0,0.1058,11975
0,0.1058,11992
0,0.1058,13271
0,0.1058,14427
0,0.1058,16416
0,0.1058,16460
0,0.1058,16610
0,0.1058,17757
0,0.1058,18249
0,0.1058,26223
0,0.1058,30943
0,0.1058,32656
0,0.1058,34907
0,0.1058,52235
0,0.1058,52616
0,0.1058,124962
0,0.1058,126345
0,0.1058,514696
0,0.1058,516162
0,0.1058,521437
0,0.1058,522730
0,0.1058,522891
0,0.1058,801828
0,0.1058,904036
0,0.1059,10033
0,0.1059,10140
0,0.1059,10305
0,0.1059,10543
0,0.1059,10670
0,0.1059,11162
0,0.1059,11469
0,0.1059,12109
0,0.1059,12929
0,0.1059,14386
0,0.1059,14661
0,0.1059,16136
0,0.1059,16167
0,0.1059,18332
0,0.1059,18994
0,0.1059,26071
0,0.1059,31206
0,0.1059,33130
0,0.1059,35514
0,0.1059,36627
0,0.1059,41889
0,0.1059,43230
0,0.1059,44858
0,0.1059,57502
0,0.1059,63927
0,0.1059,64230
0,0.1059,86985
0,0.1059,87584
0,0.1059,183161
0,0.1059,518153
0,0.1059,523019
0,0.1059,800373
0,0.1060,10564
0,0.1060,13716
0,0.1060,15915
0,0.1060,24352
0,0.1060,30992
0,0.1060,35420
0,0.1060,38819
0,0.1060,39893
0,0.1060,46266
0,0.1060,46596
0,0.1060,51537
0,0.1060,51603
0,0.1060,53256
0,0.1060,65539
0,0.1060,72913
0,0.1060,80082
0,0.1060,109271
0,0.1060,802951
0,0.1061,10075
0,0.1061,10209
0,0.1061,10377
0,0.1061,10629
0,0.1061,11517
0,0.1061,11991
0,0.1061,13128
0,0.1061,14609
0,0.1061,37336
0,0.1061,39861
0,0.1061,40001
0,0.1061,52583
0,0.1061,52614
0,0.1061,54959
0,0.1061,60346
0,0.1061,71444
0,0.1061,140755
0,0.1061,186043
0,0.1061,520759
0,0.1062,10135
0,0.1062,10929
0,0.1062,11379
0,0.1062,13145
0,0.1062,13384
0,0.1062,15133
0,0.1062,15353
0,0.1062,19314
0,0.1062,19487
0,0.1062,23958
0,0.1062,34084
0,0.1062,37951
0,0.1062,41135
0,0.1062,67052
0,0.1062,127577
0,0.1062,138865
0,0.1062,170256
0,0.1062,527470
0,0.1062,555967
0,0.1063,10133
0,0.1063,10198
0,0.1063,11594
0,0.1063,11837
0,0.1063,12320
0,0.1063,12728
0,0.1063,15183
0,0.1063,38860
0,0.1063,43753
0,0.1063,48975
0,0.1063,64525
0,0.1063,75774
0,0.1063,109145
0,0.1063,247232
0,0.1063,515096
0,0.1063,518580
0,0.1063,519865
0,0.1063,548589
0,0.1063,800383
0,0.1063,801280
0,0.1063,805313
0,0.1064,10376
0,0.1064,12332
0,0.1064,13480
0,0.1064,16029
0,0.1064,29604
0,0.1064,33000
0,0.1064,34914
0,0.1064,35196
0,0.1064,53918
0,0.1064,111512
0,0.1064,515642
0,0.1064,531708
0,0.1065,12061
0,0.1065,12534
0,0.1065,13358
0,0.1065,13470
0,0.1065,15164
0,0.1065,17014
0,0.1065,17052
0,0.1065,17757
0,0.1065,19579
0,0.1065,23401
0,0.1065,24067
0,0.1065,24828
0,0.1065,35477
0,0.1065,38051
0,0.1065,42240
0,0.1065,46393
0,0.1065,58738
0,0.1065,73249
0,0.1065,85617
0,0.1065,92866
0,0.1065,93314
0,0.1065,513583
0,0.1065,515549
0,0.1065,517458
0,0.1065,519242
0,0.1065,521290
0,0.1066,10540
0,0.1066,11523
0,0.1066,16774
0,0.1066,20311
0,0.1066,20581
0,0.1066,28406
0,0.1066,29997
0,0.1066,37190
0,0.1066,46172
0,0.1066,62645
0,0.1066,68398
0,0.1066,138586
0,0.1066,516967
0,0.1066,532768
0,0.1067,10084
0,0.1067,10522
0,0.1067,11556
0,0.1067,11870
0,0.1067,12837
0,0.1067,12934
0,0.1067,13550
0,0.1067,15005
0,0.1067,17325
0,0.1067,18044
0,0.1067,22243
0,0.1067,22276
0,0.1067,23487
0,0.1067,27315
0,0.1067,27627
0,0.1067,28241
0,0.1067,29851
0,0.1067,32890
0,0.1067,58975
0,0.1067,68997
0,0.1067,83381
0,0.1067,106885
0,0.1067,121593
0,0.1067,126345
0,0.1067,147959
0,0.1067,520002
0,0.1067,522405
0,0.1067,524164
0,0.1067,527410
0,0.1067,529031
0,0.1067,530777
0,0.1067,801404
0,0.1067,905652
0,0.1067,917516
0,0.1068,10203
0,0.1068,11736
0,0.1068,11783
0,0.1068,11952
0,0.1068,12965
0,0.1068,13127
0,0.1068,13821
0,0.1068,13944
0,0.1068,16513
0,0.1068,19828
0,0.1068,22166
0,0.1068,27416
0,0.1068,43652
0,0.1068,48274
0,0.1068,76958
0,0.1068,77313
0,0.1068,520574
0,0.1068,524238
0,0.1069,11317
0,0.1069,11725
0,0.1069,13027
0,0.1069,13334
0,0.1069,13435
0,0.1069,15421
0,0.1069,16993
0,0.1069,18179
0,0.1069,19274
0,0.1069,36258
0,0.1069,45875
0,0.1069,47746
0,0.1069,114510
0,0.1069,137726
0,0.1069,513630
0,0.1069,527577
0,0.1069,564174
0,0.1069,800687
0,0.1069,802843
0,0.1070,10472
0,0.1070,11521
0,0.1070,12717
0,0.1070,13556
0,0.1070,15647
0,0.1070,16005
0,0.1070,18637
0,0.1070,27774
0,0.1070,31925
0,0.1070,37070
0,0.1070,38204
0,0.1070,48218
0,0.1070,66954
0,0.1070,517359
0,0.1070,564824
0,0.1071,10216
0,0.1071,10423
0,0.1071,10808
0,0.1071,11099
0,0.1071,11829
0,0.1071,13386
0,0.1071,14243
0,0.1071,15970
0,0.1071,20688
0,0.1071,26423
0,0.1071,30613
0,0.1071,32095
0,0.1071,33405
0,0.1071,51865
0,0.1071,76109
0,0.1071,94050
0,0.1071,94068
0,0.1071,176598
0,0.1071,520916
0,0.1071,816543
0,0.1072,10321
0,0.1072,10461
0,0.1072,10463
0,0.1072,10524
0,0.1072,11112
0,0.1072,16434
0,0.1072,18726
0,0.1072,23970
0,0.1072,26813
0,0.1072,28380
0,0.1072,30469
0,0.1072,33047
0,0.1072,54445
0,0.1072,88799
0,0.1072,90364
0,0.1072,511775
0,0.1072,520466
0,0.1073,10613
0,0.1073,12111
0,0.1073,12121
0,0.1073,13571
0,0.1073,15517
0,0.1073,17319
0,0.1073,26515
0,0.1073,33605
0,0.1073,132204
0,0.1073,141834
0,0.1073,516097
0,0.1073,801752
0,0.1074,10039
0,0.1074,11262
0,0.1074,11281
0,0.1074,11292
0,0.1074,11399
0,0.1074,11501
0,0.1074,11922
0,0.1074,12994
0,0.1074,31934
0,0.1074,34676
0,0.1074,38549
0,0.1074,39257
0,0.1074,149720
0,0.1074,542355
0,0.1074,555966
0,0.1074,580417
0,0.1074,580814
0,0.1075,11546
0,0.1075,16446
0,0.1075,18854
0,0.1075,36443
0,0.1075,45920
0,0.1075,56609
0,0.1075,64457
0,0.1075,68319
0,0.1075,142052
0,0.1075,227465
0,0.1075,231558
0,0.1075,516780
0,0.1075,519132
0,0.1075,519869
0,0.1075,534195
0,0.1075,802097
0,0.1075,904119
0,0.1076,10942
0,0.1076,12031
0,0.1076,13303
0,0.1076,32958
0,0.1076,35208
0,0.1076,37744
0,0.1076,41272
0,0.1076,49632
0,0.1076,72019
0,0.1076,78143
0,0.1076,88470
0,0.1076,88490
0,0.1076,123308
0,0.1076,188051
0,0.1076,519693
0,0.1077,10408
0,0.1077,11435
0,0.1077,11788
0,0.1077,12782
0,0.1077,12896
0,0.1077,12977
0,0.1077,13259
0,0.1077,14530
0,0.1077,19183
0,0.1077,19767
0,0.1077,32666
0,0.1077,43785
0,0.1077,44850
0,0.1077,52614
0,0.1077,52773
0,0.1077,57684
0,0.1077,57932
0,0.1077,119868
0,0.1077,532655
0,0.1077,553194
0,0.1077,903429
0,0.1078,10359
0,0.1078,10459
0,0.1078,11467
0,0.1078,17904
0,0.1078,32439
0,0.1078,57542
0,0.1078,60910
0,0.1078,67398
0,0.1078,80123
0,0.1078,142189
0,0.1078,148909
0,0.1078,521771
0,0.1078,809744
0,0.1079,10996
0,0.1079,11359
0,0.1079,11514
0,0.1079,12890
0,0.1079,13666
0,0.1079,17614
0,0.1079,18165
0,0.1079,25927
0,0.1079,26766
0,0.1079,46188
0,0.1079,52614
0,0.1079,54440
0,0.1079,63097
0,0.1079,70509
0,0.1079,73988
0,0.1079,99721
0,0.1079,112749
0,0.1079,127658
0,0.1079,339719
0,0.1079,513746
0,0.1079,801534
0,0.1080,13172
0,0.1080,13483
0,0.1080,13981
0,0.1080,14340
0,0.1080,30421
0,0.1080,32354
0,0.1080,35435
0,0.1080,41812
0,0.1080,41869
0,0.1080,49570
0,0.1080,70171
0,0.1080,75029
0,0.1080,87697
0,0.1080,124211
0,0.1080,519692
0,0.1080,520787
0,0.1080,547655
0,0.1080,552118
0,0.1080,909181
0,0.1081,10736
0,0.1081,11342
0,0.1081,15184
0,0.1081,17908
0,0.1081,18328
0,0.1081,20200
0,0.1081,20397
0,0.1081,20910
0,0.1081,31082
0,0.1081,39802
0,0.1081,39825
0,0.1081,51121
0,0.1081,58433
0,0.1081,69061
0,0.1081,139685
0,0.1081,147169
0,0.1081,251420
0,0.1081,514337
0,0.1081,519585
0,0.1081,533469
0,0.1081,814625
0,0.1082,11050
0,0.1082,11092
0,0.1082,11914
0,0.1082,13315
0,0.1082,14607
0,0.1082,17105
0,0.1082,19665
0,0.1082,35113
0,0.1082,40542
0,0.1082,44840
0,0.1082,57179
0,0.1082,59733
0,0.1082,67451
0,0.1082,75344
0,0.1082,79950
0,0.1082,148493
0,0.1082,192978
0,0.1082,529429
0,0.1082,535279
0,0.1082,536845
0,0.1083,10397
0,0.1083,10470
0,0.1083,10756
0,0.1083,10905
0,0.1083,11176
0,0.1083,11990
0,0.1083,11993
0,0.1083,12171
0,0.1083,12338
0,0.1083,12354
0,0.1083,12773
0,0.1083,14430
0,0.1083,15688
0,0.1083,18016
0,0.1083,18840
0,0.1083,21099
0,0.1083,26168
0,0.1083,36839
0,0.1083,62367
0,0.1083,63482
0,0.1083,80544
0,0.1083,807356
0,0.1083,914259
0,0.1084,10096
0,0.1084,10201
0,0.1084,10904
0,0.1084,11345
0,0.1084,11400
0,0.1084,21798
0,0.1084,25951
0,0.1084,36026
0,0.1084,48056
0,0.1084,63883
0,0.1084,156395
0,0.1084,203048
0,0.1084,536845
0,0.1085,10169
0,0.1085,10342
0,0.1085,10456
0,0.1085,11478
0,0.1085,17225
0,0.1085,19143
0,0.1085,21263
0,0.1085,24064
0,0.1085,25655
0,0.1085,35798
0,0.1085,40559
0,0.1085,40838
0,0.1085,55061
0,0.1085,82482
0,0.1085,116289
0,0.1085,516568
0,0.1085,523591
0,0.1085,545288
0,0.1085,805313
0,0.1086,10118
0,0.1086,10515
0,0.1086,12509
0,0.1086,14437
0,0.1086,15507
0,0.1086,15662
0,0.1086,21242
0,0.1086,25229
0,0.1086,28986
0,0.1086,54959
0,0.1086,96104
0,0.1086,168466
0,0.1086,537139
0,0.1086,563873
0,0.1087,10569
0,0.1087,11105
0,0.1087,11722
0,0.1087,11744
0,0.1087,11817
0,0.1087,12012
0,0.1087,14573
0,0.1087,16107
0,0.1087,17107
0,0.1087,21567
0,0.1087,25635
0,0.1087,28604
0,0.1087,36351
0,0.1087,65486
0,0.1087,423539
0,0.1087,512534
0,0.1087,514687
0,0.1087,519589
0,0.1087,520393
0,0.1087,527409
0,0.1087,543264
0,0.1088,10650
0,0.1088,10973
0,0.1088,10977
0,0.1088,11229
0,0.1088,11244
0,0.1088,11289
0,0.1088,11930
0,0.1088,23854
0,0.1088,24804
0,0.1088,29217
0,0.1088,43179
0,0.1088,57896
0,0.1088,63954
0,0.1088,76225
0,0.1088,114223
0,0.1088,138447
0,0.1088,522828
0,0.1088,806606
0,0.1089,10473
0,0.1089,12037
0,0.1089,12425
0,0.1089,14139
0,0.1089,15729
0,0.1089,19949
0,0.1089,20960
0,0.1089,25039
0,0.1089,27379
0,0.1089,27775
0,0.1089,42308
0,0.1089,52544
0,0.1089,99080
0,0.1089,162555
0,0.1089,436612
0,0.1089,521575
0,0.1089,524208
0,0.1089,801027
0,0.1089,918582
0,0.1090,10126
0,0.1090,10378
0,0.1090,10399
0,0.1090,11828
0,0.1090,14391
0,0.1090,14514
0,0.1090,14802
0,0.1090,14961
0,0.1090,19647
0,0.1090,20001
0,0.1090,32835
0,0.1090,33987
0,0.1090,53326
0,0.1090,70487
0,0.1090,116012
0,0.1090,145128
0,0.1090,513911
0,0.1090,551294
0,0.1090,581332
0,0.1090,801611
0,0.1090,925829
0,0.1091,11531
0,0.1091,11620
0,0.1091,23339
0,0.1091,28803
0,0.1091,60837
0,0.1091,63508
0,0.1091,67468
0,0.1091,100973
0,0.1091,515554
0,0.1091,524741
0,0.1091,525105
0,0.1092,10140
0,0.1092,10632
0,0.1092,10716
0,0.1092,10831
0,0.1092,12603
0,0.1092,13194
0,0.1092,14381
0,0.1092,19921
0,0.1092,20324
0,0.1092,21115
0,0.1092,21709
0,0.1092,25786
0,0.1092,29750
0,0.1092,30776
0,0.1092,38821
0,0.1092,44995
0,0.1092,49102
0,0.1092,54382
0,0.1092,78542
0,0.1092,130279
0,0.1092,521158
0,0.1092,521241
0,0.1092,521935
0,0.1092,522812
0,0.1092,523828
0,0.1092,801214
0,0.1093,11603
0,0.1093,13153
0,0.1093,13560
0,0.1093,16124
0,0.1093,16281
0,0.1093,23700
0,0.1093,28159
0,0.1093,29166
0,0.1093,37342
0,0.1093,59329
0,0.1093,77131
0,0.1093,99528
0,0.1093,512883
0,0.1093,514424
0,0.1093,520668
0,0.1093,544258
0,0.1094,10049
0,0.1094,10929
0,0.1094,11975
0,0.1094,11992
0,0.1094,12241
0,0.1094,12371
0,0.1094,14435
0,0.1094,14685
0,0.1094,18007
0,0.1094,19873
0,0.1094,21382
0,0.1094,23477
0,0.1094,24713
0,0.1094,26239
0,0.1094,26263
0,0.1094,28241
0,0.1094,31117
0,0.1094,36825
0,0.1094,70248
0,0.1094,90874
0,0.1094,107071
0,0.1094,153948
0,0.1094,516433
0,0.1094,519695
0,0.1094,555969
0,0.1094,813400
0,0.1095,11379
0,0.1095,12231
0,0.1095,16648
0,0.1095,18049
0,0.1095,18203
0,0.1095,26060
0,0.1095,28525
0,0.1095,37622
0,0.1095,37961
0,0.1095,40001
0,0.1095,43882
0,0.1095,44741
0,0.1095,74814
0,0.1095,87178
0,0.1095,190419
0,0.1095,512796
0,0.1095,517351
0,0.1095,518294
0,0.1096,10176
0,0.1096,10254
0,0.1096,12653
0,0.1096,13230
0,0.1096,15905
0,0.1096,17847
0,0.1096,19768
0,0.1096,22977
0,0.1096,26387
0,0.1096,27614
0,0.1096,28584
0,0.1096,31291
0,0.1096,31348
0,0.1096,40740
0,0.1096,44377
0,0.1096,48329
0,0.1096,58053
0,0.1096,58359
0,0.1096,85147
0,0.1096,113074
0,0.1096,142998
0,0.1096,515161
0,0.1096,527351
0,0.1096,555318
0,0.1096,801580
0,0.1096,816543
0,0.1097,11341
0,0.1097,11517
0,0.1097,12351
0,0.1097,13582
0,0.1097,20132
0,0.1097,23743
0,0.1097,27128
0,0.1097,29826
0,0.1097,36062
0,0.1097,44587
0,0.1097,46954
0,0.1097,51205
0,0.1097,53050
0,0.1097,58623
0,0.1097,88903
0,0.1097,516317
0,0.1097,518153
0,0.1097,801319
0,0.1097,804989
0,0.1098,10065
0,0.1098,10134
0,0.1098,10486
0,0.1098,13621
0,0.1098,14161
0,0.1098,14343
0,0.1098,16862
0,0.1098,17540
0,0.1098,18634
0,0.1098,20402
0,0.1098,20995
0,0.1098,21267
0,0.1098,23045
0,0.1098,25332
0,0.1098,35113
0,0.1098,53812
0,0.1098,56072
0,0.1098,62837
0,0.1098,75987
0,0.1098,97536
0,0.1098,99589
0,0.1098,140182
0,0.1098,267437
0,0.1098,514230
0,0.1098,524207
0,0.1099,10133
0,0.1099,10209
0,0.1099,11143
0,0.1099,11991
0,0.1099,12152
0,0.1099,12840
0,0.1099,13596
0,0.1099,13683
0,0.1099,16969
0,0.1099,17027
0,0.1099,18824
0,0.1099,23076
0,0.1099,23151
0,0.1099,23401
0,0.1099,40160
0,0.1099,48477
0,0.1099,52771
0,0.1099,67864
0,0.1099,71039
0,0.1099,107105
0,0.1099,523351
0,0.1099,532811
0,0.1099,800685
0,0.1099,918902
0,0.1100,10305
0,0.1100,10376
0,0.1100,10390
0,0.1100,10628
0,0.1100,10727
0,0.1100,11523
0,0.1100,11837
0,0.1100,13283
0,0.1100,13431
0,0.1100,19108
0,0.1100,19743
0,0.1100,20044
0,0.1100,78067
0,0.1100,79631
0,0.1100,110773
0,0.1100,123894
0,0.1100,520002
0,0.1101,10208
0,0.1101,10262
0,0.1101,10429
0,0.1101,10561
0,0.1101,11080
0,0.1101,11294
0,0.1101,11594
0,0.1101,11761
0,0.1101,14158
0,0.1101,17650
0,0.1101,23200
0,0.1101,24502
0,0.1101,24841
0,0.1101,24866
0,0.1101,27569
0,0.1101,35196
0,0.1101,39383
0,0.1101,52326
0,0.1101,53918
0,0.1101,56315
0,0.1101,120208
0,0.1101,121384
0,0.1101,514727
0,0.1101,527470
0,0.1101,553194
0,0.1101,800868
0,0.1101,904101
0,0.1101,915497
0,0.1102,11870
0,0.1102,13529
0,0.1102,14066
0,0.1102,17569
0,0.1102,21452
0,0.1102,21600
0,0.1102,26419
0,0.1102,29231
0,0.1102,34148
0,0.1102,39922
0,0.1102,41622
0,0.1102,46096
0,0.1102,49910
0,0.1102,57772
0,0.1102,67722
0,0.1102,74436
0,0.1102,111335
0,0.1102,516780
0,0.1102,524238
0,0.1102,527469
0,0.1102,529665
0,0.1102,819835
0,0.1103,10786
0,0.1103,10877
0,0.1103,11324
0,0.1103,11736
0,0.1103,13684
0,0.1103,13886
0,0.1103,14319
0,0.1103,14442
0,0.1103,16188
0,0.1103,20581
0,0.1103,26845
0,0.1103,29560
0,0.1103,44667
0,0.1103,45980
0,0.1103,49174
0,0.1103,59422
0,0.1103,63327
0,0.1103,98526
0,0.1103,99751
0,0.1103,190419
0,0.1103,532766
0,0.1103,904395
0,0.1104,10540
0,0.1104,11135
0,0.1104,11583
0,0.1104,11783
0,0.1104,12929
0,0.1104,13356
0,0.1104,13707
0,0.1104,17325
0,0.1104,18730
0,0.1104,19305
0,0.1104,20620
0,0.1104,39054
0,0.1104,53849
0,0.1104,57888
0,0.1104,72871
0,0.1104,97457
0,0.1104,195727
0,0.1104,513945
0,0.1104,530777
0,0.1104,555319
0,0.1105,10767
0,0.1105,11725
0,0.1105,11952
0,0.1105,12320
0,0.1105,12471
0,0.1105,14874
0,0.1105,19845
0,0.1105,22243
0,0.1105,31297
0,0.1105,40350
0,0.1105,43799
0,0.1105,48131
0,0.1105,51646
0,0.1105,55672
0,0.1105,72019
0,0.1105,123841
0,0.1105,519850
0,0.1105,803582
0,0.1105,807368
0,0.1106,10402
0,0.1106,10463
0,0.1106,11072
0,0.1106,11355
0,0.1106,11471
0,0.1106,14665
0,0.1106,16236
0,0.1106,22166
0,0.1106,28293
0,0.1106,28406
0,0.1106,42495
0,0.1106,52641
0,0.1106,100307
0,0.1106,125065
0,0.1106,519584
0,0.1106,522812
0,0.1106,545848
0,0.1107,10084
0,0.1107,10942
0,0.1107,11030
0,0.1107,16207
0,0.1107,20123
0,0.1107,31331
0,0.1107,36844
0,0.1107,42240
0,0.1107,44377
0,0.1107,65448
0,0.1107,79739
0,0.1107,104131
0,0.1107,124599
0,0.1107,247232
0,0.1107,515266
0,0.1107,519970
0,0.1107,531583
0,0.1107,536992
0,0.1107,911658
0,0.1108,10593
0,0.1108,11262
0,0.1108,11292
0,0.1108,13716
0,0.1108,14292
0,0.1108,15693
0,0.1108,16422
0,0.1108,18453
0,0.1108,26497
0,0.1108,28622
0,0.1108,35155
0,0.1108,47901
0,0.1108,52099
0,0.1108,124690
0,0.1109,10241
0,0.1109,10249
0,0.1109,10530
0,0.1109,11058
0,0.1109,11099
0,0.1109,11281
0,0.1109,11501
0,0.1109,11525
0,0.1109,11558
0,0.1109,12163
0,0.1109,22276
0,0.1109,33248
0,0.1109,41754
0,0.1109,56739
0,0.1109,61941
0,0.1109,96307
0,0.1109,119868
0,0.1109,133908
0,0.1109,189046
0,0.1109,517458
0,0.1109,555712
0,0.1110,10111
0,0.1110,11390
0,0.1110,11922
0,0.1110,12111
0,0.1110,12717
0,0.1110,15431
0,0.1110,16426
0,0.1110,17484
0,0.1110,20503
0,0.1110,44766
0,0.1110,44957
0,0.1110,59658
0,0.1110,64457
0,0.1110,119852
0,0.1110,527357
0,0.1110,527430
0,0.1110,802734
0,0.1111,10221
0,0.1111,11546
0,0.1111,13237
0,0.1111,13550
0,0.1111,14843
0,0.1111,18726
0,0.1111,24828
0,0.1111,27416
0,0.1111,33502
0,0.1111,49038
0,0.1111,50560
0,0.1111,51032
0,0.1111,51401
0,0.1111,63411
0,0.1111,63981
0,0.1111,68572
0,0.1111,532655
0,0.1111,532768
0,0.1111,543774
0,0.1111,800752
0,0.1111,802751
0,0.1111,804989
0,0.1111,914363
0,0.1112,11017
0,0.1112,12387
0,0.1112,14666
0,0.1112,16228
0,0.1112,32815
0,0.1112,39569
0,0.1112,44781
0,0.1112,52875
0,0.1112,54749
0,0.1112,56034
0,0.1112,64263
0,0.1112,68790
0,0.1112,522891
0,0.1112,527577
0,0.1113,10522
0,0.1113,11556
0,0.1113,14510
0,0.1113,42425
0,0.1113,51391
0,0.1113,54959
0,0.1113,63645
0,0.1113,67695
0,0.1113,524164
0,0.1113,524797
0,0.1113,800504
0,0.1113,803412
0,0.1114,11342
0,0.1114,11521
0,0.1114,11703
0,0.1114,12958
0,0.1114,13821
0,0.1114,33542
0,0.1114,35113
0,0.1114,35121
0,0.1114,57896
0,0.1114,71785
0,0.1114,75310
0,0.1114,80051
0,0.1114,87674
0,0.1114,103750
0,0.1114,804596
0,0.1114,805313
0,0.1115,10524
0,0.1115,12541
0,0.1115,12606
0,0.1115,16616
0,0.1115,34247
0,0.1115,38916
0,0.1115,41571
0,0.1115,48178
0,0.1115,50232
0,0.1115,58972
0,0.1115,524990
0,0.1115,804140
0,0.1115,811544
0,0.1115,819835
0,0.1116,10263
0,0.1116,10423
0,0.1116,11681
0,0.1116,11914
0,0.1116,15183
0,0.1116,15353
0,0.1116,43717
0,0.1116,48530
0,0.1116,56430
0,0.1116,115234
0,0.1116,520003
0,0.1116,520787
0,0.1116,801187
0,0.1116,804989
0,0.1117,13479
0,0.1117,14962
0,0.1117,18109
0,0.1117,22787
0,0.1117,26039
0,0.1117,27702
0,0.1117,30279
0,0.1117,31376
0,0.1117,32824
0,0.1117,37704
0,0.1117,58972
0,0.1117,69815
0,0.1117,76172
0,0.1117,114513
0,0.1117,190419
0,0.1117,519242
0,0.1117,521437
0,0.1117,521439
0,0.1117,545247
0,0.1117,809744
0,0.1117,819835
0,0.1118,11478
0,0.1118,12511
0,0.1118,12735
0,0.1118,14985
0,0.1118,16601
0,0.1118,18016
0,0.1118,19767
0,0.1118,19792
0,0.1118,21362
0,0.1118,24407
0,0.1118,26292
0,0.1118,50178
0,0.1118,148486
0,0.1118,192978
0,0.1118,517330
0,0.1118,529429
0,0.1118,544439
0,0.1118,583848
0,0.1119,10296
0,0.1119,10408
0,0.1119,10459
0,0.1119,10905
0,0.1119,11359
0,0.1119,11400
0,0.1119,11956
0,0.1119,12711
0,0.1119,12994
0,0.1119,16433
0,0.1119,18466
0,0.1119,43136
0,0.1119,50199
0,0.1119,62624
0,0.1119,153573
0,0.1119,521108
0,0.1119,521157
0,0.1119,805154
0,0.1120,10629
0,0.1120,11409
0,0.1120,11749
0,0.1120,11993
0,0.1120,12061
0,0.1120,12338
0,0.1120,13610
0,0.1120,14019
0,0.1120,23496
0,0.1120,29272
0,0.1120,31426
0,0.1120,119144
0,0.1120,520916
0,0.1120,555322
0,0.1121,10169
0,0.1121,10397
0,0.1121,10456
0,0.1121,10515
0,0.1121,12977
0,0.1121,17350
0,0.1121,18075
0,0.1121,26102
0,0.1121,33919
0,0.1121,38573
0,0.1121,46182
0,0.1121,102716
0,0.1121,514425
0,0.1121,521210
0,0.1121,538094
0,0.1121,808650
0,0.1122,11691
0,0.1122,11722
0,0.1122,12057
0,0.1122,12109
0,0.1122,12354
0,0.1122,12765
0,0.1122,13089
0,0.1122,13375
0,0.1122,17566
0,0.1122,18165
0,0.1122,19433
0,0.1122,19467
0,0.1122,19746
0,0.1122,20445
0,0.1122,21166
0,0.1122,22040
0,0.1122,25476
0,0.1122,25655
0,0.1122,31172
0,0.1122,34321
0,0.1122,42698
0,0.1122,45430
0,0.1122,49376
0,0.1122,66389
0,0.1122,103414
0,0.1122,804140
0,0.1122,821509
0,0.1122,133348431
0,0.1123,10321
0,0.1123,11345
0,0.1123,11744
0,0.1123,12023
0,0.1123,15313
0,0.1123,16141
0,0.1123,20707
0,0.1123,22806
0,0.1123,24151
0,0.1123,28509
0,0.1123,28607
0,0.1123,29176
0,0.1123,44644
0,0.1123,62429
0,0.1123,73491
0,0.1123,77609
0,0.1123,87245
0,0.1123,105437
0,0.1123,515158
0,0.1123,516322
0,0.1123,567978
0,0.1123,800970
0,0.1124,10632
0,0.1124,10650
0,0.1124,10670
0,0.1124,11531
0,0.1124,11608
0,0.1124,12162
0,0.1124,14959
0,0.1124,17825
0,0.1124,23012
0,0.1124,23132
0,0.1124,27452
0,0.1124,34248
0,0.1124,44147
0,0.1124,59111
0,0.1124,59678
0,0.1124,64795
0,0.1124,67398
0,0.1124,73335
0,0.1124,102133
0,0.1124,521935
0,0.1124,523591
0,0.1125,10201
0,0.1125,11402
0,0.1125,11624
0,0.1125,13315
0,0.1125,17342
0,0.1125,19828
0,0.1125,20459
0,0.1125,21098
0,0.1125,22224
0,0.1125,24979
0,0.1125,30469
0,0.1125,43861
0,0.1125,49307
0,0.1125,52570
0,0.1125,75212
0,0.1125,84445
0,0.1125,564174
0,0.1125,803420
0,0.1126,10039
0,0.1126,10347
0,0.1126,10736
0,0.1126,11162
0,0.1126,11244
0,0.1126,11289
0,0.1126,13159
0,0.1126,14339
0,0.1126,16206
0,0.1126,20647
0,0.1126,21567
0,0.1126,23477
0,0.1126,23854
0,0.1126,47215
0,0.1126,49754
0,0.1126,60292
0,0.1126,84581
0,0.1126,102171
0,0.1126,800480
0,0.1126,905617
0,0.1126,905652
0,0.1127,10140
0,0.1127,10473
0,0.1127,11399
0,0.1127,11620
0,0.1127,11828
0,0.1127,11975
0,0.1127,12160
0,0.1127,12309
0,0.1127,12312
0,0.1127,13027
0,0.1127,18994
0,0.1127,20141
0,0.1127,20550
0,0.1127,29156
0,0.1127,30806
0,0.1127,31397
0,0.1127,38510
0,0.1127,90874
0,0.1127,227465
0,0.1127,513419
0,0.1127,519842
0,0.1127,579253
0,0.1127,581341
0,0.1128,10096
0,0.1128,10835
0,0.1128,10929
0,0.1128,13095
0,0.1128,14360
0,0.1128,23204
0,0.1128,30421
0,0.1128,33591
0,0.1128,54892
0,0.1128,58779
0,0.1128,87308
0,0.1128,800928
0,0.1128,918582
0,0.1129,11050
0,0.1129,11788
0,0.1129,11930
0,0.1129,13225
0,0.1129,16524
0,0.1129,21338
0,0.1129,23762
0,0.1129,26602
0,0.1129,27319
0,0.1129,29612
0,0.1129,56966
0,0.1129,58140
0,0.1129,96557
0,0.1129,97536
0,0.1129,105377
0,0.1129,112473
0,0.1129,146273
0,0.1129,512217
0,0.1129,516097
0,0.1129,555318
0,0.1129,555875
0,0.1130,11379
0,0.1130,20739
0,0.1130,20926
0,0.1130,22717
0,0.1130,26551
0,0.1130,29232
0,0.1130,56207
0,0.1130,68736
0,0.1130,100441
0,0.1130,110773
0,0.1130,125291
0,0.1130,527524
0,0.1130,530957
0,0.1130,800088
0,0.1130,800184
0,0.1130,800236
0,0.1130,804140
0,0.1130,904246
0,0.1131,10126
0,0.1131,10254
0,0.1131,10470
0,0.1131,10977
0,0.1131,11992
0,0.1131,14506
0,0.1131,17310
0,0.1131,28588
0,0.1131,185726
0,0.1131,524208
0,0.1131,532662
0,0.1132,10118
0,0.1132,10198
0,0.1132,11517
0,0.1132,11603
0,0.1132,12367
0,0.1132,12934
0,0.1132,13423
0,0.1132,14437
0,0.1132,16460
0,0.1132,19921
0,0.1132,20287
0,0.1132,22338
0,0.1132,23401
0,0.1132,25166
0,0.1132,29144
0,0.1132,35634
0,0.1132,47002
0,0.1132,60532
0,0.1132,62771
0,0.1132,84551
0,0.1132,88538
0,0.1132,99540
0,0.1132,160750
0,0.1132,520002
0,0.1132,527410
0,0.1132,551294
0,0.1132,555967
0,0.1132,556574
0,0.1132,800084
0,0.1133,10808
0,0.1133,12837
0,0.1133,12965
0,0.1133,13143
0,0.1133,13334
0,0.1133,13666
0,0.1133,18536
0,0.1133,58496
0,0.1133,72111
0,0.1133,515069
0,0.1133,519132
0,0.1134,11991
0,0.1134,13221
0,0.1134,14294
0,0.1134,15992
0,0.1134,16434
0,0.1134,21772
0,0.1134,28640
0,0.1134,31119
0,0.1134,45661
0,0.1134,47932
0,0.1134,56070
0,0.1134,58166
0,0.1134,59771
0,0.1134,68692
0,0.1134,85617
0,0.1134,108640
0,0.1134,130279
0,0.1134,140474
0,0.1134,529519
0,0.1134,531246
0,0.1135,10472
0,0.1135,10569
0,0.1135,10906
0,0.1135,11523
0,0.1135,12756
0,0.1135,13767
0,0.1135,20915
0,0.1135,21851
0,0.1135,28037
0,0.1135,37147
0,0.1135,37732
0,0.1135,46154
0,0.1135,59035
0,0.1135,62648
0,0.1135,63046
0,0.1135,90874
0,0.1135,521158
0,0.1135,527358
0,0.1136,13664
0,0.1136,13940
0,0.1136,18841
0,0.1136,30102
0,0.1136,48056
0,0.1136,48723
0,0.1136,58836
0,0.1136,60172
0,0.1136,129758
0,0.1136,147169
0,0.1136,513803
0,0.1136,524238
0,0.1136,529417
0,0.1136,802864
0,0.1137,11229
0,0.1137,11736
0,0.1137,12164
0,0.1137,12815
0,0.1137,14192
0,0.1137,14243
0,0.1137,15501
0,0.1137,16416
0,0.1137,16508
0,0.1137,16793
0,0.1137,26071
0,0.1137,33646
0,0.1137,45016
0,0.1137,49945
0,0.1137,55990
0,0.1137,61908
0,0.1137,65609
0,0.1137,143504
0,0.1137,512234
0,0.1137,513175
0,0.1137,514688
0,0.1137,536845
0,0.1137,550868
0,0.1137,810889
0,0.1138,10482
0,0.1138,11837
0,0.1138,11870
0,0.1138,12314
0,0.1138,15662
0,0.1138,26766
0,0.1138,28525
0,0.1138,37558
0,0.1138,38068
0,0.1138,41787
0,0.1138,75907
0,0.1138,514318
0,0.1138,516197
0,0.1138,526801
0,0.1138,527470
0,0.1138,530777
0,0.1138,575082
0,0.1139,10133
0,0.1139,13147
0,0.1139,14461
0,0.1139,14925
0,0.1139,17319
0,0.1139,21860
0,0.1139,23241
0,0.1139,32482
0,0.1139,37297
0,0.1139,40261
0,0.1139,43183
0,0.1139,72945
0,0.1139,136213
0,0.1139,203048
0,0.1139,267437
0,0.1139,517804
0,0.1139,523544
0,0.1139,564824
0,0.1140,10209
0,0.1140,10216
0,0.1140,10653
0,0.1140,14161
0,0.1140,14750
0,0.1140,17570
0,0.1140,17757
0,0.1140,20402
0,0.1140,34533
0,0.1140,38998
0,0.1140,44667
0,0.1140,45286
0,0.1140,46617
0,0.1140,66543
0,0.1140,203048
0,0.1140,452352
0,0.1140,520466
0,0.1140,521011
0,0.1140,523828
0,0.1141,10305
0,0.1141,10463
0,0.1141,10702
0,0.1141,10942
0,0.1141,10996
0,0.1141,11141
0,0.1141,11594
0,0.1141,11725
0,0.1141,11952
0,0.1141,13431
0,0.1141,13435
0,0.1141,13725
0,0.1141,14530
0,0.1141,14573
0,0.1141,14661
0,0.1141,15507
0,0.1141,18332
0,0.1141,21132
0,0.1141,22473
0,0.1141,27614
0,0.1141,29604
0,0.1141,33165
0,0.1141,40187
0,0.1141,40761
0,0.1141,59086
0,0.1141,68031
0,0.1141,73560
0,0.1141,78095
0,0.1141,94994
0,0.1141,109635
0,0.1141,533588
0,0.1141,800434
0,0.1141,802506
0,0.1141,943251
0,0.1142,10285
0,0.1142,10376
0,0.1142,11294
0,0.1142,11783
0,0.1142,12121
0,0.1142,13024
0,0.1142,17325
0,0.1142,20581
0,0.1142,23517
0,0.1142,26223
0,0.1142,26485
0,0.1142,28144
0,0.1142,32247
0,0.1142,32321
0,0.1142,33229
0,0.1142,34301
0,0.1142,39674
0,0.1142,44000
0,0.1142,55354
0,0.1142,926518
0,0.1143,10134
0,0.1143,10359
0,0.1143,10518
0,0.1143,11262
0,0.1143,11292
0,0.1143,11721
0,0.1143,13621
0,0.1143,14427
0,0.1143,15970
0,0.1143,16083
0,0.1143,21397
0,0.1143,35196
0,0.1143,37552
0,0.1143,65179
0,0.1143,69929
0,0.1143,96104
0,0.1143,533589
0,0.1143,533849
0,0.1144,10613
0,0.1144,11281
0,0.1144,11501
0,0.1144,11829
0,0.1144,13116
0,0.1144,14897
0,0.1144,24941
0,0.1144,28855
0,0.1144,29088
0,0.1144,36291
0,0.1144,36743
0,0.1144,42074
0,0.1144,42221
0,0.1144,49291
0,0.1144,63798
0,0.1144,99540
0,0.1144,134783
0,0.1144,381503
0,0.1144,555966
0,0.1145,10877
0,0.1145,11099
0,0.1145,13379
0,0.1145,13613
0,0.1145,14849
0,0.1145,16136
0,0.1145,16366
0,0.1145,22243
0,0.1145,38043
0,0.1145,49551
0,0.1145,53002
0,0.1145,56774
0,0.1145,514727
0,0.1145,520930
0,0.1145,809744
0,0.1146,10176
0,0.1146,10540
0,0.1146,11469
0,0.1146,11546
0,0.1146,11922
0,0.1146,12111
0,0.1146,13312
0,0.1146,13571
0,0.1146,17107
0,0.1146,20620
0,0.1146,26258
0,0.1146,37596
0,0.1146,40966
0,0.1146,41407
0,0.1146,50017
0,0.1146,53326
0,0.1146,58157
0,0.1146,59618
0,0.1146,74992
0,0.1146,76394
0,0.1146,91582
0,0.1146,108535
0,0.1146,138586
0,0.1146,201474
0,0.1147,10065
0,0.1147,10208
0,0.1147,10429
0,0.1147,12320
0,0.1147,12782
0,0.1147,12896
0,0.1147,13470
0,0.1147,18730
0,0.1147,19234
0,0.1147,20823
0,0.1147,22494
0,0.1147,38022
0,0.1147,48452
0,0.1147,66105
0,0.1147,185386
0,0.1147,518580
0,0.1147,524082
0,0.1147,532655
0,0.1147,532804
0,0.1147,800162
0,0.1147,801189
0,0.1148,10147
0,0.1148,10262
0,0.1148,10756
0,0.1148,10806
0,0.1148,13194
0,0.1148,15118
0,0.1148,22166
0,0.1148,35330
0,0.1148,37399
0,0.1148,38805
0,0.1148,50485
0,0.1148,53089
0,0.1148,77631
0,0.1148,513945
0,0.1148,525064
0,0.1149,10084
0,0.1149,10297
0,0.1149,11342
0,0.1149,11478
0,0.1149,11761
0,0.1149,12929
0,0.1149,13384
0,0.1149,14343
0,0.1149,14391
0,0.1149,17014
0,0.1149,22105
0,0.1149,22276
0,0.1149,43216
0,0.1149,57331
0,0.1149,72672
0,0.1149,108362
0,0.1149,247232
0,0.1149,519967
0,0.1149,537613
0,0.1149,819835
0,0.1150,11143
0,0.1150,11467
0,0.1150,12050
0,0.1150,12241
0,0.1150,17573
0,0.1150,20960
0,0.1150,28406
0,0.1150,53326
0,0.1150,60017
0,0.1150,91753
0,0.1150,98590
0,0.1150,114090
0,0.1150,145016
0,0.1150,514291
0,0.1150,800117
0,0.1151,12621
0,0.1151,12717
0,0.1151,13685
0,0.1151,14821
0,0.1151,15547
0,0.1151,16648
0,0.1151,16724
0,0.1151,18049
0,0.1151,18203
0,0.1151,18262
0,0.1151,18726
0,0.1151,18952
0,0.1151,19333
0,0.1151,34247
0,0.1151,40826
0,0.1151,44568
0,0.1151,48110
0,0.1151,48739
0,0.1151,49279
0,0.1151,53456
0,0.1151,520933
0,0.1151,526767
0,0.1151,800917
0,0.1151,804106
0,0.1152,11914
0,0.1152,12332
0,0.1152,12460
0,0.1152,13716
0,0.1152,13972
0,0.1152,13981
0,0.1152,15517
0,0.1152,17406
0,0.1152,18417
0,0.1152,18983
0,0.1152,20910
0,0.1152,21267
0,0.1152,30395
0,0.1152,31847
0,0.1152,51479
0,0.1152,63645
0,0.1152,79554
0,0.1152,95255
0,0.1152,103964
0,0.1152,135948
0,0.1152,512745
0,0.1152,517458
0,0.1152,520787
0,0.1152,520932
0,0.1152,521438
0,0.1152,529429
0,0.1152,800190
0,0.1152,800551
0,0.1152,807225
0,0.1152,810889
0,0.1153,10205
0,0.1153,10378
0,0.1153,10522
0,0.1153,10905
0,0.1153,11092
0,0.1153,11105
0,0.1153,11400
0,0.1153,11514
0,0.1153,11583
0,0.1153,11847
0,0.1153,14893
0,0.1153,18016
0,0.1153,22833
0,0.1153,24804
0,0.1153,44377
0,0.1153,48614
0,0.1153,66261
0,0.1153,73963
0,0.1153,92909
0,0.1153,130656
0,0.1153,457812
0,0.1153,513343
0,0.1153,523941
0,0.1153,537803
0,0.1153,801079
0,0.1154,10904
0,0.1154,11170
0,0.1154,11308
0,0.1154,11722
0,0.1154,12728
0,0.1154,18884
0,0.1154,24828
0,0.1154,27416
0,0.1154,46430
0,0.1154,72019
0,0.1154,111345
0,0.1154,128686
0,0.1154,517532
0,0.1154,519572
0,0.1154,520934
0,0.1154,527577
0,0.1154,545180
0,0.1154,580417
0,0.1154,800743
0,0.1154,801936
0,0.1154,802361
0,0.1155,10390
0,0.1155,10459
0,0.1155,11564
0,0.1155,18108
0,0.1155,27379
0,0.1155,27470
0,0.1155,40838
0,0.1155,47515
0,0.1155,50320
0,0.1155,54383
0,0.1155,64440
0,0.1155,67027
0,0.1155,67244
0,0.1155,98455
0,0.1155,122835
0,0.1155,515070
0,0.1155,518717
0,0.1155,525105
0,0.1155,532800
0,0.1155,537458
0,0.1155,555969
0,0.1155,559217
0,0.1156,10397
0,0.1156,10456
0,0.1156,10561
0,0.1156,11359
0,0.1156,13821
0,0.1156,20200
0,0.1156,23003
0,0.1156,25963
0,0.1156,37902
0,0.1156,38204
0,0.1156,42919
0,0.1156,43500
0,0.1156,49961
0,0.1156,63927
0,0.1156,64701
0,0.1156,66007
0,0.1156,119630
0,0.1156,511775
0,0.1156,513828
0,0.1156,519692
0,0.1156,535279
0,0.1157,10169
0,0.1157,10423
0,0.1157,10530
0,0.1157,11112
0,0.1157,11993
0,0.1157,13018
0,0.1157,13550
0,0.1157,16013
0,0.1157,19845
0,0.1157,21099
0,0.1157,22665
0,0.1157,25823
0,0.1157,43489
0,0.1157,79979
0,0.1157,137605
0,0.1157,192978
0,0.1157,519588
0,0.1157,523060
0,0.1157,524968
0,0.1157,545288
0,0.1157,803378
0,0.1158,11390
0,0.1158,11556
0,0.1158,11741
0,0.1158,12654
0,0.1158,16005
0,0.1158,18334
0,0.1158,22417
0,0.1158,35927
0,0.1158,47922
0,0.1158,50451
0,0.1158,88912
0,0.1158,89250
0,0.1158,99858
0,0.1158,517359
0,0.1158,519869
0,0.1158,800845
0,0.1158,813400
0,0.1159,10515
0,0.1159,11323
0,0.1159,12171
0,0.1159,12338
0,0.1159,12509
0,0.1159,14066
0,0.1159,15164
0,0.1159,15647
0,0.1159,16188
0,0.1159,17156
0,0.1159,18939
0,0.1159,19290
0,0.1159,21505
0,0.1159,25872
0,0.1159,40435
0,0.1159,41869
0,0.1159,117427
0,0.1159,520007
0,0.1159,523591
0,0.1159,529445
0,0.1159,532768
0,0.1159,532800
0,0.1159,555312
0,0.1159,563873
0,0.1159,800241
0,0.1160,10524
0,0.1160,11531
0,0.1160,11744
0,0.1160,12037
0,0.1160,13761
0,0.1160,25552
0,0.1160,27151
0,0.1160,31117
0,0.1160,44995
0,0.1160,45470
0,0.1160,56991
0,0.1160,58226
0,0.1160,68701
0,0.1160,76894
0,0.1160,513843
0,0.1160,524164
0,0.1161,10201
0,0.1161,10486
0,0.1161,10632
0,0.1161,10650
0,0.1161,11244
0,0.1161,11345
0,0.1161,12890
0,0.1161,15276
0,0.1161,16437
0,0.1161,20688
0,0.1161,21822
0,0.1161,23477
0,0.1161,31196
0,0.1161,39485
0,0.1161,63336
0,0.1161,82960
0,0.1161,85916
0,0.1161,110372
0,0.1161,118825
0,0.1161,521935
0,0.1161,522743
0,0.1161,544258
0,0.1161,800127
0,0.1162,10140
0,0.1162,11289
0,0.1162,11521
0,0.1162,12354
0,0.1162,14666
0,0.1162,17800
0,0.1162,19767
0,0.1162,30885
0,0.1162,34385
0,0.1162,49019
0,0.1162,52575
0,0.1162,132166
0,0.1162,524990
0,0.1162,904868
0,0.1162,356783826
0,0.1163,10767
0,0.1163,11620
0,0.1163,11828
0,0.1163,13127
0,0.1163,14895
0,0.1163,15823
0,0.1163,16107
0,0.1163,16513
0,0.1163,16993
0,0.1163,20001
0,0.1163,21567
0,0.1163,24315
0,0.1163,26129
0,0.1163,26953
0,0.1163,41801
0,0.1163,47631
0,0.1163,55542
0,0.1163,68379
0,0.1163,100307
0,0.1163,512796
0,0.1163,514324
0,0.1163,546406
0,0.1163,805137
0,0.1163,809085
0,0.1164,10473
0,0.1164,10628
0,0.1164,10786
0,0.1164,11135
0,0.1164,11210
0,0.1164,11975
0,0.1164,12994
0,0.1164,14386
0,0.1164,19579
0,0.1164,23854
0,0.1164,27756
0,0.1164,28019
0,0.1164,34247
0,0.1164,41551
0,0.1164,49058
0,0.1164,56390
0,0.1164,109011
0,0.1164,119411
0,0.1164,519242
0,0.1164,519865
0,0.1164,520916
0,0.1164,800490
0,0.1165,10461
0,0.1165,10929
0,0.1165,12732
0,0.1165,13230
0,0.1165,13380
0,0.1165,15183
0,0.1165,16601
0,0.1165,18828
0,0.1165,21756
0,0.1165,23401
0,0.1165,29997
0,0.1165,31345
0,0.1165,68010
0,0.1165,76878
0,0.1165,91123
0,0.1165,511807
0,0.1165,532766
0,0.1165,555318
0,0.1165,803215
0,0.1165,805425
0,0.1166,12343
0,0.1166,12977
0,0.1166,14089
0,0.1166,14319
0,0.1166,16610
0,0.1166,17540
0,0.1166,18165
0,0.1166,18867
0,0.1166,19873
0,0.1166,19938
0,0.1166,23533
0,0.1166,38024
0,0.1166,50927
0,0.1166,58972
0,0.1166,80007
0,0.1166,147959
0,0.1166,522828
0,0.1166,801765
0,0.1166,802166
0,0.1167,10408
0,0.1167,11427
0,0.1167,13172
0,0.1167,14158
0,0.1167,15125
0,0.1167,18015
0,0.1167,20272
0,0.1167,21692
0,0.1167,38670
0,0.1167,53813
0,0.1167,54741
0,0.1167,74106
0,0.1167,74523
0,0.1167,116162
0,0.1167,514009
0,0.1167,519850
0,0.1167,520002
0,0.1167,800606
0,0.1167,804968
0,0.1167,805313
0,0.1167,904736
0,0.1168,10254
0,0.1168,11379
0,0.1168,11523
0,0.1168,12259
0,0.1168,14419
0,0.1168,14609
0,0.1168,14722
0,0.1168,17389
0,0.1168,18824
0,0.1168,28680
0,0.1168,30992
0,0.1168,47909
0,0.1168,63901
0,0.1168,76958
0,0.1168,77451
0,0.1168,161034
0,0.1168,436612
0,0.1168,521575
0,0.1168,934591
0,0.1168,934840
0,0.1169,11237
0,0.1169,11992
0,0.1169,12761
0,0.1169,15920
0,0.1169,16274
0,0.1169,17027
0,0.1169,17614
0,0.1169,18416
0,0.1169,18798
0,0.1169,19387
0,0.1169,19665
0,0.1169,21798
0,0.1169,21889
0,0.1169,22569
0,0.1169,23212
0,0.1169,26642
0,0.1169,34464
0,0.1169,46888
0,0.1169,47748
0,0.1169,91799
0,0.1169,111689
0,0.1169,515155
0,0.1169,516317
0,0.1169,516324
0,0.1169,519041
0,0.1169,523684
0,0.1169,531768
0,0.1169,544813
0,0.1169,800207
0,0.1169,800949
0,0.1169,801088
0,0.1169,904868
0,0.1169,918582
0,0.1170,10564
0,0.1170,13153
0,0.1170,13315
0,0.1170,26020
0,0.1170,26168
0,0.1170,45416
0,0.1170,67052
0,0.1170,72019
0,0.1170,109459
0,0.1170,517164
0,0.1170,523351
0,0.1170,524238
0,0.1170,917516
0,0.1171,10402
0,0.1171,11736
0,0.1171,12667
0,0.1171,13386
0,0.1171,15244
0,0.1171,16422
0,0.1171,17244
0,0.1171,46960
0,0.1171,57923
0,0.1171,104131
0,0.1171,129758
0,0.1171,138586
0,0.1171,524777
0,0.1171,529665
0,0.1171,551294
0,0.1171,805313
0,0.1172,10942
0,0.1172,11603
0,0.1172,11837
0,0.1172,11870
0,0.1172,11991
0,0.1172,12012
0,0.1172,12534
0,0.1172,13283
0,0.1172,15353
0,0.1172,17722
0,0.1172,19618
0,0.1172,21876
0,0.1172,26845
0,0.1172,28758
0,0.1172,29244
0,0.1172,33779
0,0.1172,35187
0,0.1172,46783
0,0.1172,73492
0,0.1172,119612
0,0.1172,140278
0,0.1172,509223
0,0.1172,513911
0,0.1172,521290
0,0.1172,524152
0,0.1172,527470
0,0.1172,530777
0,0.1172,800898
0,0.1172,801666
0,0.1172,801828
0,0.1172,802891
0,0.1172,811544
0,0.1173,10593
0,0.1173,10736
0,0.1173,11327
0,0.1173,11930
0,0.1173,12152
0,0.1173,12340
0,0.1173,13998
0,0.1173,16706
0,0.1173,17569
0,0.1173,18637
0,0.1173,18854
0,0.1173,18937
0,0.1173,20168
0,0.1173,20598
0,0.1173,24626
0,0.1173,24841
0,0.1173,35514
0,0.1173,53267
0,0.1173,62913
0,0.1173,66206
0,0.1173,94785
0,0.1173,115664
0,0.1173,514727
0,0.1173,515157
0,0.1173,516162
0,0.1173,519970
0,0.1174,10096
0,0.1174,10463
0,0.1174,10470
0,0.1174,11030
0,0.1174,11050
0,0.1174,12787
0,0.1174,16649
0,0.1174,21409
0,0.1174,23732
0,0.1174,25719
0,0.1174,27128
0,0.1174,27893
0,0.1174,30421
0,0.1174,30525
0,0.1174,34725
0,0.1174,35737
0,0.1174,36844
0,0.1174,47617
0,0.1174,49777
0,0.1174,68856
0,0.1174,107105
0,0.1174,116133
0,0.1174,521437
0,0.1174,542753
0,0.1174,552393
0,0.1174,580793
0,0.1174,801006
0,0.1175,10209
0,0.1175,10321
0,0.1175,11725
0,0.1175,11788
0,0.1175,12671
0,0.1175,12840
0,0.1175,15295
0,0.1175,18179
0,0.1175,27024
0,0.1175,31925
0,0.1175,37891
0,0.1175,46907
0,0.1175,54307
0,0.1175,74912
0,0.1175,94617
0,0.1175,95249
0,0.1175,103964
0,0.1175,107502
0,0.1175,190419
0,0.1175,203048
0,0.1175,521158
0,0.1175,524208
0,0.1175,529031
0,0.1175,530781
0,0.1176,10977
0,0.1176,11058
0,0.1176,11369
0,0.1176,11399
0,0.1176,11471
0,0.1176,12425
0,0.1176,13684
0,0.1176,13944
0,0.1176,14397
0,0.1176,15753
0,0.1176,16460
0,0.1176,16862
0,0.1176,27157
0,0.1176,42701
0,0.1176,74368
0,0.1176,96104
0,0.1176,130279
0,0.1176,545293
0,0.1176,801137
0,0.1177,10376
0,0.1177,11262
0,0.1177,11292
0,0.1177,11294
0,0.1177,11501
0,0.1177,11816
0,0.1177,13303
0,0.1177,13760
0,0.1177,15905
0,0.1177,17705
0,0.1177,19921
0,0.1177,20402
0,0.1177,24502
0,0.1177,30611
0,0.1177,39729
0,0.1177,49255
0,0.1177,69595
0,0.1177,104723
0,0.1177,124962
0,0.1177,151762
0,0.1177,195727
0,0.1177,203048
0,0.1177,514424
0,0.1177,520003
0,0.1177,562451
0,0.1177,580637
0,0.1178,10118
0,0.1178,10133
0,0.1178,10604
0,0.1178,11080
0,0.1178,11517
0,0.1178,11546
0,0.1178,11783
0,0.1178,11952
0,0.1178,13431
0,0.1178,14340
0,0.1178,14874
0,0.1178,17325
0,0.1178,24394
0,0.1178,26419
0,0.1178,37955
0,0.1178,39054
0,0.1178,40568
0,0.1178,54749
0,0.1178,173968
0,0.1178,515161
0,0.1178,535996
0,0.1178,536845
0,0.1178,801974
0,0.1178,807225
0,0.1179,10126
0,0.1179,10305
0,0.1179,11082
0,0.1179,11099
0,0.1179,11281
0,0.1179,11355
0,0.1179,11608
0,0.1179,13198
0,0.1179,20581
0,0.1179,26263
0,0.1179,26338
0,0.1179,26515
0,0.1179,31802
0,0.1179,43785
0,0.1179,48971
0,0.1179,56353
0,0.1179,90459
0,0.1179,93854
0,0.1179,111803
0,0.1179,166153
0,0.1179,802399
0,0.1180,10039
0,0.1180,10472
0,0.1180,11594
0,0.1180,12031
0,0.1180,12109
0,0.1180,13947
0,0.1180,16029
0,0.1180,17170
0,0.1180,20819
0,0.1180,22323
0,0.1180,25087
0,0.1180,25927
0,0.1180,26625
0,0.1180,30105
0,0.1180,30120
0,0.1180,31348
0,0.1180,61962
0,0.1180,67398
0,0.1180,71224
0,0.1180,83289
0,0.1180,85617
0,0.1180,111220
0,0.1180,153662
0,0.1180,267437
0,0.1180,800257
0,0.1181,10569
0,0.1181,10867
0,0.1181,11342
0,0.1181,11504
0,0.1181,12111
0,0.1181,13480
0,0.1181,14802
0,0.1181,17175
0,0.1181,19828
0,0.1181,22243
0,0.1181,26239
0,0.1181,28525
0,0.1181,43380
0,0.1181,72871
0,0.1181,83341
0,0.1181,83835
0,0.1181,514740
0,0.1181,518020
0,0.1181,532655
0,0.1181,534777
0,0.1182,10629
0,0.1182,10973
0,0.1182,11341
0,0.1182,11478
0,0.1182,11922
0,0.1182,12163
0,0.1182,12541
0,0.1182,12571
0,0.1182,12653
0,0.1182,13556
0,0.1182,15005
0,0.1182,29826
0,0.1182,33047
0,0.1182,47019
0,0.1182,51350
0,0.1182,58586
0,0.1182,73508
0,0.1182,97457
0,0.1182,178810
0,0.1182,512797
0,0.1183,10716
0,0.1183,11229
0,0.1183,11996
0,0.1183,12061
0,0.1183,13356
0,0.1183,14437
0,0.1183,15705
0,0.1183,17484
0,0.1183,18730
0,0.1183,22166
0,0.1183,23743
0,0.1183,39922
0,0.1183,53050
0,0.1183,57335
0,0.1183,63942
0,0.1183,114510
0,0.1183,520939
0,0.1183,808740
0,0.1184,11324
0,0.1184,11722
0,0.1184,12231
0,0.1184,13259
0,0.1184,13596
0,0.1184,13610
0,0.1184,13946
0,0.1184,14161
0,0.1184,27614
0,0.1184,45451
0,0.1184,49205
0,0.1184,53128
0,0.1184,102041
0,0.1184,144897
0,0.1184,295280
0,0.1184,516331
0,0.1184,527409
0,0.1185,10075
0,0.1185,26387
0,0.1185,35196
0,0.1185,39802
0,0.1185,40664
0,0.1185,54628
0,0.1185,55869
0,0.1185,78992
0,0.1185,319274
0,0.1185,516097
0,0.1185,520787
0,0.1185,529602
0,0.1185,547655
0,0.1185,908572
0,0.1186,12320
0,0.1186,12511
0,0.1186,13621
0,0.1186,13666
0,0.1186,14607
0,0.1186,16124
0,0.1186,16600
0,0.1186,16972
0,0.1186,18534
0,0.1186,22787
0,0.1186,22899
0,0.1186,28631
0,0.1186,28803
0,0.1186,32354
0,0.1186,35373
0,0.1186,98081
0,0.1186,103338
0,0.1186,110998
0,0.1186,121759
0,0.1186,136581
0,0.1186,521439
0,0.1186,529429
0,0.1187,10065
0,0.1187,10111
0,0.1187,10905
0,0.1187,11400
0,0.1187,12965
0,0.1187,16651
0,0.1187,29750
0,0.1187,31345
0,0.1187,34089
0,0.1187,34247
0,0.1187,42904
0,0.1187,48056
0,0.1187,63883
0,0.1187,76272
0,0.1187,79690
0,0.1187,530791
0,0.1187,535279
0,0.1188,12934
0,0.1188,18634
0,0.1188,18994
0,0.1188,22276
0,0.1188,26628
0,0.1188,28691
0,0.1188,36026
0,0.1188,40444
0,0.1188,40909
0,0.1188,73279
0,0.1188,89719
0,0.1188,119212
0,0.1188,126345
0,0.1188,524284
0,0.1188,800847
0,0.1189,10456
0,0.1189,10459
0,0.1189,12162
0,0.1189,12387
0,0.1189,14516
0,0.1189,15928
0,0.1189,16207
0,0.1189,17847
0,0.1189,18075
0,0.1189,19267
0,0.1189,34677
0,0.1189,40350
0,0.1189,44026
0,0.1189,53050
0,0.1189,55120
0,0.1189,62429
0,0.1189,69620
0,0.1189,130439
0,0.1189,247232
0,0.1189,524207
0,0.1189,564884
0,0.1189,383044585
0,0.1190,10208
0,0.1190,11703
0,0.1190,11914
0,0.1190,15746
0,0.1190,16454
0,0.1190,18043
0,0.1190,19143
0,0.1190,20620
0,0.1190,28406
0,0.1190,33560
0,0.1190,40733
0,0.1190,42124
0,0.1190,42495
0,0.1190,44846
0,0.1190,46457
0,0.1190,53744
0,0.1190,55850
0,0.1190,58481
0,0.1190,82482
0,0.1190,146275
0,0.1190,177835
0,0.1190,518294
0,0.1190,523828
0,0.1190,527357
0,0.1190,534553
0,0.1190,555967
0,0.1191,10033
0,0.1191,10084
0,0.1191,10356
0,0.1191,10397
0,0.1191,10540
0,0.1191,11749
0,0.1191,11817
0,0.1191,11900
0,0.1191,14019
0,0.1191,16434
0,0.1191,17650
0,0.1191,18016
0,0.1191,18726
0,0.1191,19274
0,0.1191,19953
0,0.1191,20059
0,0.1191,21637
0,0.1191,27073
0,0.1191,49570
0,0.1191,53416
0,0.1191,129287
0,0.1191,148213
0,0.1191,155294
0,0.1191,195277
0,0.1192,10169
0,0.1192,10285
0,0.1192,10429
0,0.1192,10515
0,0.1192,11993
0,0.1192,13232
0,0.1192,13664
0,0.1192,15662
0,0.1192,17076
0,0.1192,22026
0,0.1192,26766
0,0.1192,33296
0,0.1192,40001
0,0.1192,48530
0,0.1192,49794
0,0.1192,51533
0,0.1192,56083
0,0.1192,68887
0,0.1192,68997
0,0.1192,88479
0,0.1192,99080
0,0.1192,131378
0,0.1192,156395
0,0.1193,10670
0,0.1193,11174
0,0.1193,11283
0,0.1193,12454
0,0.1193,12717
0,0.1193,13375
0,0.1193,17319
0,0.1193,21382
0,0.1193,23200
0,0.1193,25476
0,0.1193,26102
0,0.1193,26757
0,0.1193,28241
0,0.1193,29176
0,0.1193,29217
0,0.1193,40559
0,0.1193,45513
0,0.1193,53383
0,0.1193,59400
0,0.1193,72102
0,0.1193,126345
0,0.1193,516780
0,0.1193,534777
0,0.1194,10198
0,0.1194,10304
0,0.1194,10996
0,0.1194,11761
0,0.1194,12958
0,0.1194,13027
0,0.1194,13334
0,0.1194,13515
0,0.1194,13724
0,0.1194,14514
0,0.1194,14573
0,0.1194,15507
0,0.1194,16167
0,0.1194,16636
0,0.1194,17817
0,0.1194,18084
0,0.1194,28604
0,0.1194,38262
0,0.1194,57542
0,0.1194,57978
0,0.1194,195727
0,0.1194,280660
0,0.1194,523591
0,0.1194,527410
0,0.1195,10140
0,0.1195,10176
0,0.1195,10262
0,0.1195,10863
0,0.1195,11244
0,0.1195,11531
0,0.1195,11744
0,0.1195,13380
0,0.1195,13582
0,0.1195,20445
0,0.1195,24969
0,0.1195,31247
0,0.1195,115267
0,0.1195,116012
0,0.1195,192978
0,0.1195,514687
0,0.1195,516317
0,0.1195,517458
0,0.1195,521479
0,0.1195,524797
0,0.1196,10134
0,0.1196,10423
0,0.1196,10522
0,0.1196,10808
0,0.1196,10877
0,0.1196,11289
0,0.1196,11359
0,0.1196,12338
0,0.1196,12711
0,0.1196,12765
0,0.1196,13359
0,0.1196,14685
0,0.1196,15717
0,0.1196,15864
0,0.1196,17310
0,0.1196,21709
0,0.1196,22917
0,0.1196,24828
0,0.1196,44634
0,0.1196,69089
0,0.1196,76932
0,0.1196,91928
0,0.1196,95665
0,0.1196,517330
0,0.1196,517351
0,0.1196,800596
0,0.1196,800892
0,0.1197,10632
0,0.1197,12351
0,0.1197,12929
0,0.1197,14243
0,0.1197,17225
0,0.1197,22852
0,0.1197,23339
0,0.1197,23477
0,0.1197,24030
0,0.1197,24985
0,0.1197,25039
0,0.1197,27416
0,0.1197,31775
0,0.1197,59618
0,0.1197,66207
0,0.1197,91582
0,0.1197,93352
0,0.1197,521935
0,0.1198,11143
0,0.1198,12837
0,0.1198,13479
0,0.1198,14139
0,0.1198,21567
0,0.1198,23401
0,0.1198,39943
0,0.1198,40740
0,0.1198,54958
0,0.1198,99925
0,0.1198,406728
0,0.1198,423539
0,0.1198,511775
0,0.1198,519132
0,0.1198,521946
0,0.1198,524470
0,0.1198,555318
0,0.1198,564174
0,0.1199,10049
0,0.1199,10201
0,0.1199,10377
0,0.1199,10650
0,0.1199,10929
0,0.1199,11620
0,0.1199,11828
0,0.1199,13145
0,0.1199,13716
0,0.1199,14869
0,0.1199,27158
0,0.1199,29166
0,0.1199,33672
0,0.1199,36149
0,0.1199,37336
0,0.1199,39491
0,0.1199,41302
0,0.1199,70171
0,0.1199,108324
0,0.1199,142053
0,0.1199,146502
0,0.1199,520466
0,0.1200,10473
0,0.1200,11345
0,0.1200,11624
0,0.1200,11975
0,0.1200,14430
0,0.1200,16433
0,0.1200,20324
0,0.1200,25439
0,0.1200,30539
0,0.1200,32250
0,0.1200,36146
0,0.1200,36584
0,0.1200,46670
0,0.1200,66970
0,0.1200,76504
0,0.1200,127894
0,0.1200,156863
0,0.1200,518919
0,0.1200,800782
0,0.1200,801936
0,0.1201,10622
0,0.1201,11215
0,0.1201,11523
0,0.1201,11583
0,0.1201,12354
0,0.1201,13483
0,0.1201,13821
0,0.1201,14343
0,0.1201,14985
0,0.1201,17107
0,0.1201,17310
0,0.1201,19767
0,0.1201,23854
0,0.1201,38060
0,0.1201,47984
0,0.1201,53320
0,0.1201,58013
0,0.1201,59389
0,0.1201,59932
0,0.1201,78583
0,0.1201,98526
0,0.1201,543483
0,0.1201,800073
0,0.1202,11477
0,0.1202,11780
0,0.1202,12371
0,0.1202,12471
0,0.1202,13550
0,0.1202,16136
0,0.1202,18165
0,0.1202,22495
0,0.1202,25951
0,0.1202,29560
0,0.1202,34084
0,0.1202,38260
0,0.1202,41378
0,0.1202,54746
0,0.1202,72678
0,0.1202,76486
0,0.1202,123543
0,0.1202,520002
0,0.1202,527577
0,0.1202,556574
0,0.1203,10141
0,0.1203,10524
0,0.1203,11606
0,0.1203,12143
0,0.1203,12309
0,0.1203,13423
0,0.1203,16648
0,0.1203,18049
0,0.1203,32958
0,0.1203,36577
0,0.1203,37202
0,0.1203,37622
0,0.1203,41778
0,0.1203,49687
0,0.1203,50929
0,0.1203,52616
0,0.1203,59329
0,0.1203,513418
0,0.1203,518903
0,0.1203,548589
0,0.1203,564824
0,0.1204,10101
0,0.1204,10254
0,0.1204,10756
0,0.1204,12977
0,0.1204,12994
0,0.1204,13981
0,0.1204,16426
0,0.1204,19882
0,0.1204,23076
0,0.1204,32165
0,0.1204,32835
0,0.1204,38630
0,0.1204,38688
0,0.1204,41393
0,0.1204,74359
0,0.1204,75333
0,0.1204,103338
0,0.1204,123585
0,0.1204,294758
0,0.1204,524238
0,0.1204,545288
0,0.1204,118750563
0,0.1205,10218
0,0.1205,10530
0,0.1205,10613
0,0.1205,10942
0,0.1205,11379
0,0.1205,11390
0,0.1205,11870
0,0.1205,13940
0,0.1205,14962
0,0.1205,20326
0,0.1205,20960
0,0.1205,25786
0,0.1205,25972
0,0.1205,29231
0,0.1205,32752
0,0.1205,40451
0,0.1205,42373
0,0.1205,46409
0,0.1205,72329
0,0.1205,85147
0,0.1205,114223
0,0.1205,532768
0,0.1205,556037
0,0.1205,579253
0,0.1205,819835
0,0.1206,11521
0,0.1206,11556
0,0.1206,11992
0,0.1206,14510
0,0.1206,18203
0,0.1206,21557
0,0.1206,22977
0,0.1206,24352
0,0.1206,26602
0,0.1206,27775
0,0.1206,31166
0,0.1206,40409
0,0.1206,43363
0,0.1206,51999
0,0.1206,52583
0,0.1206,57772
0,0.1206,66389
0,0.1206,76634
0,0.1206,79362
0,0.1206,119101
0,0.1206,121384
0,0.1206,153948
0,0.1206,231412
0,0.1206,262865
0,0.1206,514426
0,0.1206,516322
0,0.1206,527469
0,0.1206,914259
0,0.1207,11402
0,0.1207,11736
0,0.1207,12057
0,0.1207,12121
0,0.1207,12312
0,0.1207,14530
0,0.1207,16801
0,0.1207,19845
0,0.1207,25616
0,0.1207,26860
0,0.1207,36031
0,0.1207,37342
0,0.1207,38075
0,0.1207,52235
0,0.1207,62528
0,0.1207,194483
0,0.1207,519616
0,0.1207,524164
0,0.1207,525105
0,0.1207,530777
0,0.1207,555966
0,0.1208,11958
0,0.1208,11991
0,0.1208,14391
0,0.1208,16141
0,0.1208,17052
0,0.1208,19108
0,0.1208,23132
0,0.1208,37608
0,0.1208,46626
0,0.1208,56072
0,0.1208,87178
0,0.1208,98526
0,0.1208,120208
0,0.1208,138586
0,0.1208,519242
0,0.1208,521157
0,0.1208,556286
0,0.1208,800868
0,0.1208,807356
0,0.1208,918582
0,0.1209,10096
0,0.1209,10263
0,0.1209,10390
0,0.1209,10463
0,0.1209,11409
0,0.1209,11837
0,0.1209,12241
0,0.1209,12279
0,0.1209,47040
0,0.1209,52536
0,0.1209,53719
0,0.1209,116737
0,0.1209,151346
0,0.1209,514425
0,0.1209,543264
0,0.1210,10264
0,0.1210,12067
0,0.1210,12896
0,0.1210,14265
0,0.1210,15506
0,0.1210,17855
0,0.1210,18875
0,0.1210,23012
0,0.1210,36333
0,0.1210,39719
0,0.1210,68686
0,0.1210,77967
0,0.1210,110773
0,0.1210,209929
0,0.1210,530668
0,0.1210,903847
0,0.1211,10399
0,0.1211,10561
0,0.1211,12168
0,0.1211,13177
0,0.1211,13194
0,0.1211,13571
0,0.1211,14442
0,0.1211,16511
0,0.1211,16781
0,0.1211,20459
0,0.1211,21267
0,0.1211,21335
0,0.1211,21688
0,0.1211,22717
0,0.1211,24713
0,0.1211,26071
0,0.1211,29350
0,0.1211,31320
0,0.1211,37147
0,0.1211,41204
0,0.1211,48521
0,0.1211,54749
0,0.1211,79631
0,0.1211,514727
0,0.1211,531708
0,0.1211,908274
0,0.1212,10209
0,0.1212,10359
0,0.1212,11467
0,0.1212,11725
0,0.1212,12023
0,0.1212,19717
0,0.1212,21166
0,0.1212,26305
0,0.1212,48218
0,0.1212,51603
0,0.1212,58009
0,0.1212,58939
0,0.1212,170256
0,0.1212,520475
0,0.1212,524893
0,0.1212,800562
0,0.1212,808740
0,0.1213,10074
0,0.1213,11262
0,0.1213,11292
0,0.1213,11501
0,0.1213,11517
0,0.1213,12782
0,0.1213,13839
0,0.1213,18332
0,0.1213,18776
0,0.1213,20739
0,0.1213,20910
0,0.1213,22705
0,0.1213,26497
0,0.1213,36207
0,0.1213,44138
0,0.1213,44322
0,0.1213,46096
0,0.1213,63645
0,0.1213,512883
0,0.1213,533411
0,0.1213,800774
0,0.1214,10835
0,0.1214,10943
0,0.1214,11546
0,0.1214,11603
0,0.1214,11783
0,0.1214,12815
0,0.1214,15970
0,0.1214,16188
0,0.1214,23241
0,0.1214,32482
0,0.1214,43230
0,0.1214,43546
0,0.1214,54238
0,0.1214,69631
0,0.1214,100823
0,0.1214,105827
0,0.1214,524741
0,0.1214,551294
0,0.1214,580417
0,0.1214,804140
0,0.1214,133348431
0,0.1215,10402
0,0.1215,10408
0,0.1215,11294
0,0.1215,13707
0,0.1215,14661
0,0.1215,15795
0,0.1215,18713
0,0.1215,23204
0,0.1215,40838
0,0.1215,42387
0,0.1215,49092
0,0.1215,49910
0,0.1215,50497
0,0.1215,102357
0,0.1215,520916
0,0.1215,521158
0,0.1215,569984
0,0.1216,11099
0,0.1216,12164
0,0.1216,15183
0,0.1216,19467
0,0.1216,21263
0,0.1216,21332
0,0.1216,34761
0,0.1216,54959
0,0.1216,79776
0,0.1216,87584
0,0.1216,111655
0,0.1216,139952
0,0.1216,524990
0,0.1216,555319
0,0.1216,800304
0,0.1217,10904
0,0.1217,11281
0,0.1217,11952
0,0.1217,12367
0,0.1217,13315
0,0.1217,15361
0,0.1217,19743
0,0.1217,25166
0,0.1217,27702
0,0.1217,28899
0,0.1217,36556
0,0.1217,38051
0,0.1217,41174
0,0.1217,63944
0,0.1217,524208
0,0.1217,531531
0,0.1217,532655
0,0.1217,856359
0,0.1217,915497
0,0.1218,10378
0,0.1218,11478
0,0.1218,11722
0,0.1218,11829
0,0.1218,11930
0,0.1218,12111
0,0.1218,12756
0,0.1218,14666
0,0.1218,19018
0,0.1218,19949
0,0.1218,20581
0,0.1218,22243
0,0.1218,31331
0,0.1218,33405
0,0.1218,52099
0,0.1218,129363
0,0.1218,143895
0,0.1218,190419
0,0.1218,515158
0,0.1218,516433
0,0.1218,555322
0,0.1219,10305
0,0.1219,10736
0,0.1219,10977
0,0.1219,11105
0,0.1219,11342
0,0.1219,11922
0,0.1219,15313
0,0.1219,17325
0,0.1219,19487
0,0.1219,20402
0,0.1219,24804
0,0.1219,26223
0,0.1219,29997
0,0.1219,32880
0,0.1219,35420
0,0.1219,44858
0,0.1219,60236
0,0.1219,141834
0,0.1219,519589
0,0.1220,10133
0,0.1220,10313
0,0.1220,10376
0,0.1220,10767
0,0.1220,10905
0,0.1220,11135
0,0.1220,11400
0,0.1220,11514
0,0.1220,13221
0,0.1220,14066
0,0.1220,14435
0,0.1220,14572
0,0.1220,19921
0,0.1220,20141
0,0.1220,22166
0,0.1220,26711
0,0.1220,31291
0,0.1220,34908
0,0.1220,54440
0,0.1220,62314
0,0.1220,75409
0,0.1220,90310
0,0.1220,102136
0,0.1220,103941
0,0.1220,128686
0,0.1220,158604
0,0.1220,514764
0,0.1220,520787
0,0.1220,529429
0,0.1220,801280
0,0.1220,804989
0,0.1221,11092
0,0.1221,11594
0,0.1221,18730
0,0.1221,28016
0,0.1221,35196
0,0.1221,54741
0,0.1221,65539
0,0.1221,80951
0,0.1221,86553
0,0.1221,92687
0,0.1221,108124
0,0.1221,117286
0,0.1221,129758
0,0.1221,134256
0,0.1221,195277
0,0.1221,513230
0,0.1221,527470
0,0.1222,10456
0,0.1222,10497
0,0.1222,11788
0,0.1222,12603
0,0.1222,22504
0,0.1222,26532
0,0.1222,29090
0,0.1222,30421
0,0.1222,35634
0,0.1222,37951
0,0.1222,52567
0,0.1222,54803
0,0.1222,64457
0,0.1222,69520
0,0.1222,72019
0,0.1222,87276
0,0.1222,104131
0,0.1222,130279
0,0.1222,148122
0,0.1222,800206
0,0.1223,10126
0,0.1223,11050
0,0.1223,19873
0,0.1223,22276
0,0.1223,23151
0,0.1223,35182
0,0.1223,46693
0,0.1223,51750
0,0.1223,54749
0,0.1223,55306
0,0.1223,66207
0,0.1223,69264
0,0.1223,135739
0,0.1223,167190
0,0.1223,183161
0,0.1223,535279
0,0.1224,10459
0,0.1224,10804
0,0.1224,11399
0,0.1224,13886
0,0.1224,16083
0,0.1224,21235
0,0.1224,22473
0,0.1224,24064
0,0.1224,25195
0,0.1224,44781
0,0.1224,51537
0,0.1224,58027
0,0.1224,78494
0,0.1224,88559
0,0.1224,126345
0,0.1224,522730
0,0.1224,523591
0,0.1224,801088
0,0.1224,814586
0,0.1224,830514
0,0.1225,10169
0,0.1225,10397
0,0.1225,10515
0,0.1225,10569
0,0.1225,11914
0,0.1225,18911
0,0.1225,25714
0,0.1225,27379
0,0.1225,34712
0,0.1225,37732
0,0.1225,44587
0,0.1225,55494
0,0.1225,56364
0,0.1225,72572
0,0.1225,75909
0,0.1225,77158
0,0.1225,95861
0,0.1225,98782
0,0.1225,106034
0,0.1225,267437
0,0.1225,520931
0,0.1225,543774
0,0.1225,580814
0,0.1225,908274
0,0.1226,10321
0,0.1226,10786
0,0.1226,18016
0,0.1226,28525
0,0.1226,29541
0,0.1226,32439
0,0.1226,33646
0,0.1226,34717
0,0.1226,34907
0,0.1226,58972
0,0.1226,66207
0,0.1226,75987
0,0.1226,133908
0,0.1226,518581
0,0.1226,801985
0,0.1226,819835
0,0.1227,10461
0,0.1227,10653
0,0.1227,11072
0,0.1227,11162
0,0.1227,11993
0,0.1227,12046
0,0.1227,12778
0,0.1227,16042
0,0.1227,16416
0,0.1227,17566
0,0.1227,18493
0,0.1227,18909
0,0.1227,23958
0,0.1227,26551
0,0.1227,27319
0,0.1227,48313
0,0.1227,52570
0,0.1227,54952
0,0.1227,66755
0,0.1227,100307
0,0.1227,103964
0,0.1227,114513
0,0.1227,221876
0,0.1227,227465
0,0.1227,512796
0,0.1227,521297
0,0.1227,521438
0,0.1227,563873
0,0.1227,914363
0,0.1228,10084
0,0.1228,10140
0,0.1228,10297
0,0.1228,11229
0,0.1228,12320
0,0.1228,12326
0,0.1228,14427
0,0.1228,16508
0,0.1228,16526
0,0.1228,20200
0,0.1228,32815
0,0.1228,47997
0,0.1228,63645
0,0.1228,112718
0,0.1228,247232
0,0.1228,520155
0,0.1228,522448
0,0.1228,522828
0,0.1228,555383
0,0.1229,10470
0,0.1229,11244
0,0.1229,11289
0,0.1229,11744
0,0.1229,13621
0,0.1229,14161
0,0.1229,18726
0,0.1229,18834
0,0.1229,20867
0,0.1229,22040
0,0.1229,22463
0,0.1229,27614
0,0.1229,28406
0,0.1229,53108
0,0.1229,53849
0,0.1229,90874
0,0.1229,111109
0,0.1229,128686
0,0.1229,227465
0,0.1229,515096
0,0.1229,519585
0,0.1229,521086
0,0.1229,544258
0,0.1230,10065
0,0.1230,10421
0,0.1230,10929
0,0.1230,11969
0,0.1230,13380
0,0.1230,13683
0,0.1230,18190
0,0.1230,18536
0,0.1230,38860
0,0.1230,43474
0,0.1230,55874
0,0.1230,66076
0,0.1230,94994
0,0.1230,105377
0,0.1230,109321
0,0.1230,111512
0,0.1230,116827
0,0.1230,176320
0,0.1230,513945
0,0.1230,526634
0,0.1230,801267
0,0.1231,10208
0,0.1231,10650
0,0.1231,11531
0,0.1231,13390
0,0.1231,15353
0,0.1231,22806
0,0.1231,39909
0,0.1231,48301
0,0.1231,57152
0,0.1231,58738
0,0.1231,66047
0,0.1231,71785
0,0.1231,87138
0,0.1231,88655
0,0.1231,103964
0,0.1231,209929
0,0.1231,227465
0,0.1231,518580
0,0.1231,519850
0,0.1231,542355
0,0.1232,10201
0,0.1232,10891
0,0.1232,18466
0,0.1232,20620
0,0.1232,21098
0,0.1232,22671
0,0.1232,23477
0,0.1232,31297
0,0.1232,42240
0,0.1232,43847
0,0.1232,44995
0,0.1232,48178
0,0.1232,63153
0,0.1232,76493
0,0.1232,86608
0,0.1232,87958
0,0.1232,130907
0,0.1233,10661
0,0.1233,11176
0,0.1233,11620
0,0.1233,11828
0,0.1233,12338
0,0.1233,12717
0,0.1233,13431
0,0.1233,14437
0,0.1233,17540
0,0.1233,20132
0,0.1233,20311
0,0.1233,22224
0,0.1233,23401
0,0.1233,26292
0,0.1233,27025
0,0.1233,38819
0,0.1233,42307
0,0.1233,67398
0,0.1233,73560
0,0.1233,90640
0,0.1233,118845
0,0.1233,192978
0,0.1233,515069
0,0.1233,517359
0,0.1233,522439
0,0.1233,522812
0,0.1234,10540
0,0.1234,10628
0,0.1234,10632
0,0.1234,12509
0,0.1234,13153
0,0.1234,13230
0,0.1234,19828
0,0.1234,21567
0,0.1234,23517
0,0.1234,30021
0,0.1234,31068
0,0.1234,36063
0,0.1234,37070
0,0.1234,41805
0,0.1234,64117
0,0.1234,104490
0,0.1234,138335
0,0.1234,517723
0,0.1234,521108
0,0.1234,521935
0,0.1234,555318
0,0.1235,10429
0,0.1235,10593
0,0.1235,13470
0,0.1235,13666
0,0.1235,14497
0,0.1235,16422
0,0.1235,16862
0,0.1235,20287
0,0.1235,21132
0,0.1235,27128
0,0.1235,33542
0,0.1235,64400
0,0.1235,90310
0,0.1235,92866
0,0.1235,125065
0,0.1235,129758
0,0.1235,521241
0,0.1235,555969
0,0.1235,580417
0,0.1236,10216
0,0.1236,11030
0,0.1236,11359
0,0.1236,11761
0,0.1236,11975
0,0.1236,12354
0,0.1236,13209
0,0.1236,13225
0,0.1236,13725
0,0.1236,15905
0,0.1236,19064
0,0.1236,21099
0,0.1236,21790
0,0.1236,24828
0,0.1236,33542
0,0.1236,62207
0,0.1236,81427
0,0.1236,96721
0,0.1236,142998
0,0.1236,518567
0,0.1236,529665
0,0.1236,532766
0,0.1236,813400
0,0.1237,10473
0,0.1237,10522
0,0.1237,10960
0,0.1237,11245
0,0.1237,11469
0,0.1237,11523
0,0.1237,12160
0,0.1237,16107
0,0.1237,17014
0,0.1237,19305
0,0.1237,23496
0,0.1237,23854
0,0.1237,24660
0,0.1237,27416
0,0.1237,31117
0,0.1237,31206
0,0.1237,32890
0,0.1237,33987
0,0.1237,34130
0,0.1237,34676
0,0.1237,38573
0,0.1237,53144
0,0.1237,67052
0,0.1237,117228
0,0.1237,514579
0,0.1237,519655
0,0.1237,520002
0,0.1237,523019
0,0.1238,10118
0,0.1238,10423
0,0.1238,10906
0,0.1238,11162
0,0.1238,11345
0,0.1238,12171
0,0.1238,12934
0,0.1238,15517
0,0.1238,15915
0,0.1238,16601
0,0.1238,17027
0,0.1238,20001
0,0.1238,20278
0,0.1238,34627
0,0.1238,38333
0,0.1238,50560
0,0.1238,69837
0,0.1238,96213
0,0.1238,521437
0,0.1238,542560
0,0.1239,10262
0,0.1239,10942
0,0.1239,17800
0,0.1239,19792
0,0.1239,20105
0,0.1239,20496
0,0.1239,22338
0,0.1239,30613
0,0.1239,36351
0,0.1239,38946
0,0.1239,49479
0,0.1239,53885
0,0.1239,54621
0,0.1239,57502
0,0.1239,60200
0,0.1239,67864
0,0.1239,95835
0,0.1239,132791
0,0.1239,154649
0,0.1239,514598
0,0.1239,517458
0,0.1239,532869
0,0.1240,10039
0,0.1240,11870
0,0.1240,16013
0,0.1240,19339
0,0.1240,21115
0,0.1240,28241
0,0.1240,33165
0,0.1240,34063
0,0.1240,38185
0,0.1240,61060
0,0.1240,516097
0,0.1240,522891
0,0.1240,523828
0,0.1240,524238
0,0.1240,541683
0,0.1240,555967
0,0.1241,10463
0,0.1241,10704
0,0.1241,11736
0,0.1241,12109
0,0.1241,12910
0,0.1241,12929
0,0.1241,13610
0,0.1241,13936
0,0.1241,14243
0,0.1241,15421
0,0.1241,15431
0,0.1241,15662
0,0.1241,17406
0,0.1241,18165
0,0.1241,18824
0,0.1241,19015
0,0.1241,19647
0,0.1241,22105
0,0.1241,29420
0,0.1241,33919
0,0.1241,38916
0,0.1241,38954
0,0.1241,38967
0,0.1241,57888
0,0.1241,65986
0,0.1241,69650
0,0.1241,155659
0,0.1241,520759
0,0.1241,522377
0,0.1241,530777
0,0.1241,545180
0,0.1242,10254
0,0.1242,11141
0,0.1242,11608
0,0.1242,12012
0,0.1242,12061
0,0.1242,13556
0,0.1242,13864
0,0.1242,14319
0,0.1242,14506
0,0.1242,16281
0,0.1242,16434
0,0.1242,16460
0,0.1242,17319
0,0.1242,18328
0,0.1242,19314
0,0.1242,19767
0,0.1242,29604
0,0.1242,31376
0,0.1242,39943
0,0.1242,44472
0,0.1242,45796
0,0.1242,173628
0,0.1242,203048
0,0.1242,513419
0,0.1242,523490
0,0.1243,10134
0,0.1243,10877
0,0.1243,11321
0,0.1243,11379
0,0.1243,11991
0,0.1243,11992
0,0.1243,13716
0,0.1243,14158
0,0.1243,14897
0,0.1243,14922
0,0.1243,31385
0,0.1243,41869
0,0.1243,45563
0,0.1243,50278
0,0.1243,58408
0,0.1243,88157
0,0.1243,514696
0,0.1243,519970
0,0.1243,521575
0,0.1243,523351
0,0.1244,10176
0,0.1244,10524
0,0.1244,11837
0,0.1244,12152
0,0.1244,12977
0,0.1244,12994
0,0.1244,15507
0,0.1244,24841
0,0.1244,26845
0,0.1244,31720
0,0.1244,32872
0,0.1244,36939
0,0.1244,40685
0,0.1244,78066
0,0.1244,85916
0,0.1244,98526
0,0.1244,139642
0,0.1244,514291
0,0.1245,13384
0,0.1245,21772
0,0.1245,29997
0,0.1245,32784
0,0.1245,41342
0,0.1245,46172
0,0.1245,49903
0,0.1245,83381
0,0.1245,84701
0,0.1245,87660
0,0.1245,90364
0,0.1245,142053
0,0.1245,519869
0,0.1245,800373
0,0.1246,10147
0,0.1246,11262
0,0.1246,11292
0,0.1246,11725
0,0.1246,12541
0,0.1246,12728
0,0.1246,14381
0,0.1246,29156
0,0.1246,32656
0,0.1246,35758
0,0.1246,36743
0,0.1246,38821
0,0.1246,40001
0,0.1246,52220
0,0.1246,60346
0,0.1247,11143
0,0.1247,11501
0,0.1247,12561
0,0.1247,13550
0,0.1247,13821
0,0.1247,15164
0,0.1247,36844
0,0.1247,48021
0,0.1247,51195
0,0.1247,65486
0,0.1247,75242
0,0.1247,108324
0,0.1247,124404
0,0.1247,513746
0,0.1247,523544
0,0.1247,814586
0,0.1247,918582
0,0.1248,10996
0,0.1248,11546
0,0.1248,13767
0,0.1248,13798
0,0.1248,17569
0,0.1248,20688
0,0.1248,29851
0,0.1248,39943
0,0.1248,45875
0,0.1248,49225
0,0.1248,52794
0,0.1248,76005
0,0.1248,99608
0,0.1248,515070
0,0.1248,518788
0,0.1248,527577
0,0.1249,11783
0,0.1249,16005
0,0.1249,16617
0,0.1249,20397
0,0.1249,46748
0,0.1249,47932
0,0.1249,59442
0,0.1249,68398
0,0.1249,74190
0,0.1249,88799
0,0.1249,520003
0,0.1249,535279
0,0.1250,10198
0,0.1250,10296
0,0.1250,11112
0,0.1250,11956
0,0.1250,12314
0,0.1250,12511
0,0.1250,12606
0,0.1250,13283
0,0.1250,14573
0,0.1250,15294
0,0.1250,16532
0,0.1250,18994
0,0.1250,21798
0,0.1250,24502
0,0.1250,27697
0,0.1250,28584
0,0.1250,37177
0,0.1250,42549
0,0.1250,43179
0,0.1250,64457
0,0.1250,77810
0,0.1250,94068
0,0.1250,111878
0,0.1250,167235
0,0.1250,539787
0,0.1251,10472
0,0.1251,11080
0,0.1251,11566
0,0.1251,12162
0,0.1251,15647
0,0.1251,34475
0,0.1251,47161
0,0.1251,50256
0,0.1251,56966
0,0.1251,62429
0,0.1251,75689
0,0.1251,79945
0,0.1251,134883
0,0.1251,145635
0,0.1252,10456
0,0.1252,10683
0,0.1252,11281
0,0.1252,11294
0,0.1252,11355
0,0.1252,11521
0,0.1252,11583
0,0.1252,11722
0,0.1252,12840
0,0.1252,13127
0,0.1252,15133
0,0.1252,17484
0,0.1252,25229
0,0.1252,26060
0,0.1252,26766
0,0.1252,44147
0,0.1252,63927
0,0.1252,88903
0,0.1252,407353
0,0.1252,521439
0,0.1252,532768
0,0.1253,10209
0,0.1253,10629
0,0.1253,11478
0,0.1253,12332
0,0.1253,13172
0,0.1253,14192
0,0.1253,14750
0,0.1253,15992
0,0.1253,18075
0,0.1253,19665
0,0.1253,20033
0,0.1253,21851
0,0.1253,28293
0,0.1253,39257
0,0.1253,103964
0,0.1253,110773
0,0.1253,114727
0,0.1253,524164
0,0.1253,526125
0,0.1253,526801
0,0.1253,537100
0,0.1253,814586
0,0.1253,902180
0,0.1254,10051
0,0.1254,10670
0,0.1254,11341
0,0.1254,11922
0,0.1254,12111
0,0.1254,13095
0,0.1254,14343
0,0.1254,16206
0,0.1254,20707
0,0.1254,43652
0,0.1254,79554
0,0.1254,88490
0,0.1254,170256
0,0.1254,527410
0,0.1254,529031
0,0.1254,550868
0,0.1255,10530
0,0.1255,11028
0,0.1255,11099
0,0.1255,11556
0,0.1255,12037
0,0.1255,12050
0,0.1255,13684
0,0.1255,20581
0,0.1255,22243
0,0.1255,29176
0,0.1255,39488
0,0.1255,64003
0,0.1255,71418
0,0.1255,87245
0,0.1255,118532
0,0.1255,521189
0,0.1255,532655
0,0.1255,905652
0,0.1256,10096
0,0.1256,11390
0,0.1256,12890
0,0.1256,14340
0,0.1256,18249
0,0.1256,18637
0,0.1256,31397
0,0.1256,32617
0,0.1256,46393
0,0.1256,54787
0,0.1256,56207
0,0.1256,68086
0,0.1256,104359
0,0.1256,519692
0,0.1256,520787
0,0.1256,523591
0,0.1256,904036
0,0.1257,10074
0,0.1257,10133
0,0.1257,10169
0,0.1257,10515
0,0.1257,10905
0,0.1257,11058
0,0.1257,11342
0,0.1257,11400
0,0.1257,12735
0,0.1257,13334
0,0.1257,14386
0,0.1257,17325
0,0.1257,26419
0,0.1257,28241
0,0.1257,55374
0,0.1257,62648
0,0.1257,62771
0,0.1257,68692
0,0.1257,71900
0,0.1257,73249
0,0.1257,90310
0,0.1257,100237
0,0.1257,100307
0,0.1257,103414
0,0.1257,113244
0,0.1257,155312
0,0.1257,529429
0,0.1257,551294
0,0.1257,804596
0,0.1257,806606
0,0.1257,926518
0,0.1258,10111
0,0.1258,11603
0,0.1258,12965
0,0.1258,15693
0,0.1258,16124
0,0.1258,20402
0,0.1258,23970
0,0.1258,30806
0,0.1258,31348
0,0.1258,35196
0,0.1258,39054
0,0.1258,42074
0,0.1258,47002
0,0.1258,52682
0,0.1258,127130
0,0.1258,147169
0,0.1258,519242
0,0.1258,519368
0,0.1258,521158
0,0.1259,10376
0,0.1259,10459
0,0.1259,11952
0,0.1259,13375
0,0.1259,13379
0,0.1259,15429
0,0.1259,16524
0,0.1259,17107
0,0.1259,18854
0,0.1259,22166
0,0.1259,23718
0,0.1259,24442
0,0.1259,52465
0,0.1259,63046
0,0.1259,72871
0,0.1259,95371
0,0.1259,170256
0,0.1259,514688
0,0.1259,515642
0,0.1259,527470
0,0.1260,10140
0,0.1260,10482
0,0.1260,10808
0,0.1260,10973
0,0.1260,11320
0,0.1260,11703
0,0.1260,14874
0,0.1260,18016
0,0.1260,19845
0,0.1260,22276
0,0.1260,26168
0,0.1260,26263
0,0.1260,64575
0,0.1260,94490
0,0.1260,96307
0,0.1260,97457
0,0.1260,185726
0,0.1260,260257
0,0.1260,519693
0,0.1260,521771
0,0.1260,918902
0,0.1261,10305
0,0.1261,10397
0,0.1261,11914
0,0.1261,16993
0,0.1261,17614
0,0.1261,21242
0,0.1261,22787
0,0.1261,23743
0,0.1261,25476
0,0.1261,26423
0,0.1261,28640
0,0.1261,31733
0,0.1261,38510
0,0.1261,41889
0,0.1261,43861
0,0.1261,48530
0,0.1261,52641
0,0.1261,79193
0,0.1261,104866
0,0.1261,130279
0,0.1261,436612
0,0.1261,515015
0,0.1261,522770
0,0.1261,523060
0,0.1261,524208
0,0.1261,532967
0,0.1261,806173
0,0.1262,10564
0,0.1262,10929
0,0.1262,11317
0,0.1262,11930
0,0.1262,12163
0,0.1262,13315
0,0.1262,16648
0,0.1262,18044
0,0.1262,18049
0,0.1262,18695
0,0.1262,18730
0,0.1262,19873
0,0.1262,26102
0,0.1262,28588
0,0.1262,30421
0,0.1262,53863
0,0.1262,56288
0,0.1262,80093
0,0.1262,129758
0,0.1262,167297
0,0.1262,267437
0,0.1262,800162
0,0.1263,10650
0,0.1263,11806
0,0.1263,11993
0,0.1263,16446
0,0.1263,19921
0,0.1263,38204
0,0.1263,39922
0,0.1263,42495
0,0.1263,48231
0,0.1263,59035
0,0.1263,154495
0,0.1263,520466
0,0.1263,535316
0,0.1263,555875
0,0.1263,570526
0,0.1264,10977
0,0.1264,11244
0,0.1264,11289
0,0.1264,11517
0,0.1264,11594
0,0.1264,11744
0,0.1264,11788
0,0.1264,12460
0,0.1264,12837
0,0.1264,13027
0,0.1264,14609
0,0.1264,14665
0,0.1264,16969
0,0.1264,19364
0,0.1264,19579
0,0.1264,25288
0,0.1264,28525
0,0.1264,46617
0,0.1264,48274
0,0.1264,49376
0,0.1264,58053
0,0.1264,132166
0,0.1264,514424
0,0.1264,537139
0,0.1264,560243
0,0.1264,903152
0,0.1264,904587
0,0.1265,10201
0,0.1265,10736
0,0.1265,10756
0,0.1265,10800
0,0.1265,16207
0,0.1265,16236
0,0.1265,22833
0,0.1265,31196
0,0.1265,35514
0,0.1265,39592
0,0.1265,46486
0,0.1265,50804
0,0.1265,51330
0,0.1265,62837
0,0.1265,76109
0,0.1265,99589
0,0.1265,129758
0,0.1265,147959
0,0.1265,159277
0,0.1265,520668
0,0.1265,521581
0,0.1265,524990
0,0.1265,527409
0,0.1265,555966
0,0.1265,800845
0,0.1265,802944
0,0.1266,10285
0,0.1266,11531
0,0.1266,11749
0,0.1266,12765
0,0.1266,14802
0,0.1266,15897
0,0.1266,22494
0,0.1266,33229
0,0.1266,34250
0,0.1266,43616
0,0.1266,51865
0,0.1266,58972
0,0.1266,59111
0,0.1266,64908
0,0.1266,75344
0,0.1266,511853
0,0.1266,524152
0,0.1266,526119
0,0.1266,805313
0,0.1266,808650
0,0.1267,10390
0,0.1267,11620
0,0.1267,12320
0,0.1267,13356
0,0.1267,13386
0,0.1267,14391
0,0.1267,17650
0,0.1267,18417
0,0.1267,18726
0,0.1267,20445
0,0.1267,28406
0,0.1267,32247
0,0.1267,66954
0,0.1267,68031
0,0.1267,161163
0,0.1267,163811
0,0.1267,527357
0,0.1268,10321
0,0.1268,10569
0,0.1268,11828
0,0.1268,12241
0,0.1268,14019
0,0.1268,14339
0,0.1268,15183
0,0.1268,18203
0,0.1268,18634
0,0.1268,23401
0,0.1268,23477
0,0.1268,24803
0,0.1268,29144
0,0.1268,31119
0,0.1268,35330
0,0.1268,38068
0,0.1268,54741
0,0.1268,57675
0,0.1268,59086
0,0.1268,80094
0,0.1268,153391
0,0.1268,163045
0,0.1268,339719
0,0.1268,513911
0,0.1268,520574
0,0.1268,520916
0,0.1268,555318
0,0.1268,819835
0,0.1269,10065
0,0.1269,10084
0,0.1269,10408
0,0.1269,10632
0,0.1269,12338
0,0.1269,12387
0,0.1269,13194
0,0.1269,13981
0,0.1269,16513
0,0.1269,21267
0,0.1269,21567
0,0.1269,26762
0,0.1269,27614
0,0.1269,29590
0,0.1269,34301
0,0.1269,49867
0,0.1269,52962
0,0.1269,57770
0,0.1269,71008
0,0.1269,81377
0,0.1269,115501
0,0.1269,165180
0,0.1269,192978
0,0.1269,247232
0,0.1269,521935
0,0.1269,522811
0,0.1269,525105
0,0.1269,527524
0,0.1269,548299
0,0.1269,802843
0,0.1270,10126
0,0.1270,11050
0,0.1270,11229
0,0.1270,13064
0,0.1270,17570
0,0.1270,18334
0,0.1270,36443
0,0.1270,37596
0,0.1270,54959
0,0.1270,65448
0,0.1270,72502
0,0.1270,88538
0,0.1270,103338
0,0.1270,148909
0,0.1270,509223
0,0.1270,564824
0,0.1271,10026
0,0.1271,10342
0,0.1271,10470
0,0.1271,10806
0,0.1271,11975
0,0.1271,12715
0,0.1271,13143
0,0.1271,13596
0,0.1271,13972
0,0.1271,32666
0,0.1271,34535
0,0.1271,40542
0,0.1271,65161
0,0.1271,69061
0,0.1271,76958
0,0.1271,86577
0,0.1271,107071
0,0.1271,159755
0,0.1271,452352
0,0.1271,524797
0,0.1271,556574
0,0.1271,564174
0,0.1271,801666
0,0.1271,801828
0,0.1272,10540
0,0.1272,11399
0,0.1272,12031
0,0.1272,12121
0,0.1272,12354
0,0.1272,29826
0,0.1272,33248
0,0.1272,33340
0,0.1272,50372
0,0.1272,57493
0,0.1272,60011
0,0.1272,105550
0,0.1272,159782
0,0.1272,514318
0,0.1272,520002
0,0.1272,801088
0,0.1273,10463
0,0.1273,11523
0,0.1273,11624
0,0.1273,16136
0,0.1273,21725
0,0.1273,30992
0,0.1273,36291
0,0.1273,71785
0,0.1273,91582
0,0.1273,511775
0,0.1273,517330
0,0.1273,521011
0,0.1274,10613
0,0.1274,10942
0,0.1274,11359
0,0.1274,11449
0,0.1274,12717
0,0.1274,14667
0,0.1274,16188
0,0.1274,16610
0,0.1274,26239
0,0.1274,45678
0,0.1274,51646
0,0.1274,69646
0,0.1274,80380
0,0.1274,87245
0,0.1274,168466
0,0.1274,519584
0,0.1275,13431
0,0.1275,13479
0,0.1275,13621
0,0.1275,14161
0,0.1275,14530
0,0.1275,33502
0,0.1275,38805
0,0.1275,50485
0,0.1275,51391
0,0.1275,52544
0,0.1275,59796
0,0.1275,144317
0,0.1275,520668
0,0.1275,800135
0,0.1275,801171
0,0.1276,10473
0,0.1276,11736
0,0.1276,11870
0,0.1276,12425
0,0.1276,13940
0,0.1276,29750
0,0.1276,31925
0,0.1276,48976
0,0.1276,57932
0,0.1276,58058
0,0.1276,132204
0,0.1276,515554
0,0.1276,519842
0,0.1276,524238
0,0.1276,525065
0,0.1276,530777
0,0.1276,902874
0,0.1276,917516
0,0.1277,21860
0,0.1277,23854
0,0.1277,28019
0,0.1277,41244
0,0.1277,48739
0,0.1277,67070
0,0.1277,100441
0,0.1277,514009
0,0.1277,545066
0,0.1277,580417
0,0.1278,10208
0,0.1278,11135
0,0.1278,12782
0,0.1278,13435
0,0.1278,13571
0,0.1278,14607
0,0.1278,16454
0,0.1278,20620
0,0.1278,24067
0,0.1278,47922
0,0.1278,48056
0,0.1278,70788
0,0.1278,97075
0,0.1278,120208
0,0.1278,177010
0,0.1278,524207
0,0.1278,800383
0,0.1279,11345
0,0.1279,11471
0,0.1279,11991
0,0.1279,18179
0,0.1279,40838
0,0.1279,43861
0,0.1279,49102
0,0.1279,73013
0,0.1279,89782
0,0.1279,140903
0,0.1279,306197
0,0.1279,518294
0,0.1279,545288
0,0.1280,10716
0,0.1280,11262
0,0.1280,11292
0,0.1280,11379
0,0.1280,11501
0,0.1280,11992
0,0.1280,20643
0,0.1280,20960
0,0.1280,24828
0,0.1280,26387
0,0.1280,28803
0,0.1280,30776
0,0.1280,41242
0,0.1280,44302
0,0.1280,69854
0,0.1280,73457
0,0.1280,904246
0,0.1281,11725
0,0.1281,12231
0,0.1281,12653
0,0.1281,12654
0,0.1281,12711
0,0.1281,12896
0,0.1281,13423
0,0.1281,14437
0,0.1281,14985
0,0.1281,23487
0,0.1281,26515
0,0.1281,32354
0,0.1281,37147
0,0.1281,41175
0,0.1281,41571
0,0.1281,43216
0,0.1281,48131
0,0.1281,51535
0,0.1281,61941
0,0.1281,126602
0,0.1281,128866
0,0.1281,147185
0,0.1281,151973
0,0.1281,516780
0,0.1282,11546
0,0.1282,11837
0,0.1282,16141
0,0.1282,16433
0,0.1282,20168
0,0.1282,26071
0,0.1282,35121
0,0.1282,38022
0,0.1282,49558
0,0.1282,80093
0,0.1282,96273
0,0.1282,109011
0,0.1282,128562
0,0.1282,521290
0,0.1282,522891
0,0.1282,926154
0,0.1283,10378
0,0.1283,10702
0,0.1283,10767
0,0.1283,11324
0,0.1283,11783
0,0.1283,16774
0,0.1283,19767
0,0.1283,24804
0,0.1283,35927
0,0.1283,41812
0,0.1283,47595
0,0.1283,56806
0,0.1283,533849
0,0.1283,534195
0,0.1283,943251
0,0.1284,10237
0,0.1284,10423
0,0.1284,10486
0,0.1284,10522
0,0.1284,15184
0,0.1284,16715
0,0.1284,16724
0,0.1284,18165
0,0.1284,18484
0,0.1284,19290
0,0.1284,21166
0,0.1284,25927
0,0.1284,25931
0,0.1284,27379
0,0.1284,27416
0,0.1284,40376
0,0.1284,85916
0,0.1284,124790
0,0.1284,457812
0,0.1284,517458
0,0.1284,521171
0,0.1284,553194
0,0.1285,10678
0,0.1285,11467
0,0.1285,11722
0,0.1285,11761
0,0.1285,12309
0,0.1285,12929
0,0.1285,13664
0,0.1285,16274
0,0.1285,17847
0,0.1285,36026
0,0.1285,39802
0,0.1285,40435
0,0.1285,46898
0,0.1285,49038
0,0.1285,67789
0,0.1285,142998
0,0.1285,146931
0,0.1285,519850
0,0.1285,520007
0,0.1286,10134
0,0.1286,10429
0,0.1286,10786
0,0.1286,11105
0,0.1286,11514
0,0.1286,12534
0,0.1286,12994
0,0.1286,13089
0,0.1286,13480
0,0.1286,13737
0,0.1286,14066
0,0.1286,16437
0,0.1286,22908
0,0.1286,23200
0,0.1286,29861
0,0.1286,32698
0,0.1286,33957
0,0.1286,39825
0,0.1286,46954
0,0.1286,64263
0,0.1286,95581
0,0.1286,146273
0,0.1286,516322
0,0.1286,529519
0,0.1286,579253
0,0.1286,918582
0,0.1287,10118
0,0.1287,11281
0,0.1287,11478
0,0.1287,13303
0,0.1287,17722
0,0.1287,17757
0,0.1287,17908
0,0.1287,26223
0,0.1287,26485
0,0.1287,26602
0,0.1287,26813
0,0.1287,63508
0,0.1287,67244
0,0.1287,71785
0,0.1287,71961
0,0.1287,95255
0,0.1287,512745
0,0.1287,516197
0,0.1287,523591
0,0.1287,533469
0,0.1287,535279
0,0.1288,10359
0,0.1288,10561
0,0.1288,10872
0,0.1288,11817
0,0.1288,11922
0,0.1288,12111
0,0.1288,12977
0,0.1288,13358
0,0.1288,13380
0,0.1288,15353
0,0.1288,23132
0,0.1288,28855
0,0.1288,30102
0,0.1288,35477
0,0.1288,35634
0,0.1288,35798
0,0.1288,40182
0,0.1288,44154
0,0.1288,46596
0,0.1288,52402
0,0.1288,77609
0,0.1288,109011
0,0.1288,137731
0,0.1288,227465
0,0.1288,516162
0,0.1289,10097
0,0.1289,10254
0,0.1289,10262
0,0.1289,11327
0,0.1289,11402
0,0.1289,12186
0,0.1289,13716
0,0.1289,13944
0,0.1289,17105
0,0.1289,17904
0,0.1289,18937
0,0.1289,19828
0,0.1289,22417
0,0.1289,24151
0,0.1289,27128
0,0.1289,27333
0,0.1289,33919
0,0.1289,35719
0,0.1289,38043
0,0.1289,43861
0,0.1289,59400
0,0.1289,103338
0,0.1289,519865
0,0.1289,523649
0,0.1289,531131
0,0.1289,808650
0,0.1290,10096
0,0.1290,10169
0,0.1290,11143
0,0.1290,11294
0,0.1290,11342
0,0.1290,11829
0,0.1290,12312
0,0.1290,12958
0,0.1290,13483
0,0.1290,13613
0,0.1290,13821
0,0.1290,18332
0,0.1290,21756
0,0.1290,45286
0,0.1290,48477
0,0.1290,51205
0,0.1290,96104
0,0.1290,97536
0,0.1290,138447
0,0.1290,142998
0,0.1290,260257
0,0.1290,519586
0,0.1290,547655
0,0.1291,10140
0,0.1291,10515
0,0.1291,11400
0,0.1291,11615
0,0.1291,12057
0,0.1291,13666
0,0.1291,23241
0,0.1291,29590
0,0.1291,32482
0,0.1291,32771
0,0.1291,33919
0,0.1291,45311
0,0.1291,45430
0,0.1291,56609
0,0.1291,62528
0,0.1291,66389
0,0.1291,129758
0,0.1291,141297
0,0.1291,520787
0,0.1291,523828
0,0.1291,529429
0,0.1291,532655
0,0.1292,10039
0,0.1292,10347
0,0.1292,10459
0,0.1292,10905
0,0.1292,10929
0,0.1292,11092
0,0.1292,11099
0,0.1292,13550
0,0.1292,20995
0,0.1292,26047
0,0.1292,41801
0,0.1292,46430
0,0.1292,55990
0,0.1292,60590
0,0.1292,63883
0,0.1292,65825
0,0.1292,68701
0,0.1292,515161
0,0.1292,518567
0,0.1293,10524
0,0.1293,10628
0,0.1293,10877
0,0.1293,14021
0,0.1293,14666
0,0.1293,46898
0,0.1293,49570
0,0.1293,53655
0,0.1293,63645
0,0.1293,122982
0,0.1293,123308
0,0.1293,183161
0,0.1293,522891
0,0.1293,551294
0,0.1294,10209
0,0.1294,10904
0,0.1294,11030
0,0.1294,11210
0,0.1294,15662
0,0.1294,20044
0,0.1294,20581
0,0.1294,22243
0,0.1294,35113
0,0.1294,63981
0,0.1294,78114
0,0.1294,142998
0,0.1294,515735
0,0.1294,527469
0,0.1294,527470
0,0.1294,535438
0,0.1294,800687
0,0.1295,10456
0,0.1295,10650
0,0.1295,14243
0,0.1295,15961
0,0.1295,18016
0,0.1295,20739
0,0.1295,22166
0,0.1295,32095
0,0.1295,54445
0,0.1295,80544
0,0.1295,82904
0,0.1295,85916
0,0.1295,170223
0,0.1295,516513
0,0.1295,522828
0,0.1295,532766
0,0.1295,801530
0,0.1296,11603
0,0.1296,11914
0,0.1296,13147
0,0.1296,16454
0,0.1296,17225
0,0.1296,34148
0,0.1296,35196
0,0.1296,37997
0,0.1296,46888
0,0.1296,54383
0,0.1296,54959
0,0.1296,90310
0,0.1296,516568
0,0.1296,518717
0,0.1296,521158
0,0.1296,522827
0,0.1296,532768
0,0.1296,542754
0,0.1296,563873
0,0.1297,10180
0,0.1297,10397
0,0.1297,11847
0,0.1297,11993
0,0.1297,12259
0,0.1297,14514
0,0.1297,16015
0,0.1297,17325
0,0.1297,19921
0,0.1297,25332
0,0.1297,32321
0,0.1297,51401
0,0.1297,53002
0,0.1297,54860
0,0.1297,63645
0,0.1297,74103
0,0.1297,99080
0,0.1297,119630
0,0.1297,189046
0,0.1297,512010
0,0.1297,524968
0,0.1297,544258
0,0.1297,800030
0,0.1297,801404
0,0.1298,10593
0,0.1298,10835
0,0.1298,11517
0,0.1298,11952
0,0.1298,12934
0,0.1298,15823
0,0.1298,19768
0,0.1298,20197
0,0.1298,20200
0,0.1298,22276
0,0.1298,28604
0,0.1298,35113
0,0.1298,49754
0,0.1298,54248
0,0.1298,67398
0,0.1298,80717
0,0.1298,89067
0,0.1298,183161
0,0.1298,191334
0,0.1298,514425
0,0.1298,519572
0,0.1298,521157
0,0.1298,800490
0,0.1298,801214
0,0.1299,10133
0,0.1299,10376
0,0.1299,10461
0,0.1299,11244
0,0.1299,11289
0,0.1299,11365
0,0.1299,11521
0,0.1299,11525
0,0.1299,11583
0,0.1299,11721
0,0.1299,11744
0,0.1299,17812
0,0.1299,18678
0,0.1299,80093
0,0.1299,82482
0,0.1299,95072
0,0.1299,119630
0,0.1299,119949
0,0.1299,520393
0,0.1299,558652
0,0.1300,14360
0,0.1300,14895
0,0.1300,17540
0,0.1300,20910
0,0.1300,21382
0,0.1300,21709
0,0.1300,23012
0,0.1300,26642
0,0.1300,29166
0,0.1300,35155
0,0.1300,39485
0,0.1300,41754
0,0.1300,43850
0,0.1300,80484
0,0.1300,113074
0,0.1300,524082
0,0.1300,524164
0,0.1301,10305
0,0.1301,11531
0,0.1301,11930
0,0.1301,12809
0,0.1301,14869
0,0.1301,16029
0,0.1301,16083
0,0.1301,16311
0,0.1301,16601
0,0.1301,20123
0,0.1301,20402
0,0.1301,22717
0,0.1301,29560
0,0.1301,34677
0,0.1301,43785
0,0.1301,44995
0,0.1301,47633
0,0.1301,50775
0,0.1301,62367
0,0.1301,68585
0,0.1301,98526
0,0.1301,110773
0,0.1301,114510
0,0.1301,116012
0,0.1301,130279
0,0.1301,511807
0,0.1301,516097
0,0.1301,519454
0,0.1301,521437
0,0.1301,524208
0,0.1301,801736
0,0.1302,10249
0,0.1302,11620
0,0.1302,14661
0,0.1302,15005
0,0.1302,15507
0,0.1302,18730
0,0.1302,23401
0,0.1302,25659
0,0.1302,29806
0,0.1302,45470
0,0.1302,92337
0,0.1302,103824
0,0.1302,109011
0,0.1302,109271
0,0.1302,267437
0,0.1302,800461
0,0.1303,10075
0,0.1303,10604
0,0.1303,12109
0,0.1303,12485
0,0.1303,12815
0,0.1303,13128
0,0.1303,13153
0,0.1303,13230
0,0.1303,13259
0,0.1303,19143
0,0.1303,30421
0,0.1303,41345
0,0.1303,66445
0,0.1303,110773
0,0.1303,137802
0,0.1303,519242
0,0.1303,519695
0,0.1303,524732
0,0.1303,527577
0,0.1303,534428
0,0.1303,801027
0,0.1304,10176
0,0.1304,10977
0,0.1304,11390
0,0.1304,11608
0,0.1304,11828
0,0.1304,13583
0,0.1304,15970
0,0.1304,19873
0,0.1304,20324
0,0.1304,21889
0,0.1304,23477
0,0.1304,26922
0,0.1304,29217
0,0.1304,29232
0,0.1304,34385
0,0.1304,44957
0,0.1304,53334
0,0.1304,133583
0,0.1304,162555
0,0.1304,555318
0,0.1304,555969
0,0.1305,10123
0,0.1305,10201
0,0.1305,10297
0,0.1305,10530
0,0.1305,10632
0,0.1305,10867
0,0.1305,11556
0,0.1305,11594
0,0.1305,11681
0,0.1305,12351
0,0.1305,12773
0,0.1305,13315
0,0.1305,14343
0,0.1305,14962
0,0.1305,15276
0,0.1305,17757
0,0.1305,18726
0,0.1305,18828
0,0.1305,21692
0,0.1305,24315
0,0.1305,28406
0,0.1305,30981
0,0.1305,40966
0,0.1305,73492
0,0.1305,116304
0,0.1305,514687
0,0.1305,515155
0,0.1305,515157
0,0.1305,521438
0,0.1305,555312
0,0.1306,10463
0,0.1306,11797
0,0.1306,12164
0,0.1306,12471
0,0.1306,26020
0,0.1306,36258
0,0.1306,41551
0,0.1306,42365
0,0.1306,44079
0,0.1306,70171
0,0.1306,78858
0,0.1306,80951
0,0.1306,106885
0,0.1306,113958
0,0.1306,512796
0,0.1306,521935
0,0.1306,536171
0,0.1306,909181
0,0.1307,10671
0,0.1307,10942
0,0.1307,12061
0,0.1307,12338
0,0.1307,16416
0,0.1307,17027
0,0.1307,25166
0,0.1307,28186
0,0.1307,28525
0,0.1307,36627
0,0.1307,44741
0,0.1307,52645
0,0.1307,56739
0,0.1307,57542
0,0.1307,103186
0,0.1307,104131
0,0.1307,520002
0,0.1307,524777
0,0.1307,531768
0,0.1307,555712
0,0.1308,11523
0,0.1308,11975
0,0.1308,14427
0,0.1308,14685
0,0.1308,19995
0,0.1308,20459
0,0.1308,22473
0,0.1308,28622
0,0.1308,52016
0,0.1308,70248
0,0.1308,195727
0,0.1308,423539
0,0.1308,529665
0,0.1309,10049
0,0.1309,10069
0,0.1309,10221
0,0.1309,11741
0,0.1309,12171
0,0.1309,12571
0,0.1309,13610
0,0.1309,14139
0,0.1309,15517
0,0.1309,16276
0,0.1309,16426
0,0.1309,23339
0,0.1309,30885
0,0.1309,31117
0,0.1309,52415
0,0.1309,53918
0,0.1309,110689
0,0.1309,147169
0,0.1309,149720
0,0.1309,532804
0,0.1309,533589
0,0.1310,10263
0,0.1310,10388
0,0.1310,12320
0,0.1310,12756
0,0.1310,14799
0,0.1310,18015
0,0.1310,18305
0,0.1310,21822
0,0.1310,22323
0,0.1310,24394
0,0.1310,29231
0,0.1310,38549
0,0.1310,43354
0,0.1310,57555
0,0.1310,58779
0,0.1310,67468
0,0.1310,85752
0,0.1310,114364
0,0.1310,122378
0,0.1310,153948
0,0.1310,192978
0,0.1310,530777
0,0.1310,545288
0,0.1311,10736
0,0.1311,10930
0,0.1311,11359
0,0.1311,11736
0,0.1311,12354
0,0.1311,12367
0,0.1311,13018
0,0.1311,13804
0,0.1311,14202
0,0.1311,14573
0,0.1311,16107
0,0.1311,16422
0,0.1311,18867
0,0.1311,19845
0,0.1311,24843
0,0.1311,25951
0,0.1311,27893
0,0.1311,28680
0,0.1311,41891
0,0.1311,50199
0,0.1311,136213
0,0.1311,513114
0,0.1311,524238
0,0.1311,550365
0,0.1311,356783826
0,0.1312,10321
0,0.1312,10569
0,0.1312,10808
0,0.1312,11870
0,0.1312,14430
0,0.1312,18049
0,0.1312,18416
0,0.1312,20001
0,0.1312,21567
0,0.1312,23854
0,0.1312,27702
0,0.1312,29632
0,0.1312,33047
0,0.1312,33501
0,0.1312,33779
0,0.1312,37622
0,0.1312,38024
0,0.1312,45416
0,0.1312,54741
0,0.1312,55406
0,0.1312,57772
0,0.1312,62429
0,0.1312,63901
0,0.1312,72111
0,0.1312,79950
0,0.1312,142998
0,0.1312,247232
0,0.1312,517351
0,0.1312,518153
0,0.1312,519970
0,0.1312,522770
0,0.1312,527410
0,0.1313,10629
0,0.1313,11262
0,0.1313,11292
0,0.1313,11501
0,0.1313,11546
0,0.1313,11788
0,0.1313,11991
0,0.1313,12509
0,0.1313,12717
0,0.1313,13431
0,0.1313,14158
0,0.1313,16648
0,0.1313,20307
0,0.1313,21876
0,0.1313,22551
0,0.1313,24502
0,0.1313,25039
0,0.1313,34464
0,0.1313,54741
0,0.1313,60292
0,0.1313,63708
0,0.1313,85147
0,0.1313,119630
0,0.1313,519132
0,0.1313,527351
0,0.1313,903090
0,0.1314,10126
0,0.1314,10470
0,0.1314,12152
0,0.1314,13582
0,0.1314,16651
0,0.1314,21338
0,0.1314,23204
0,0.1314,27319
0,0.1314,27614
0,0.1314,38538
0,0.1314,39217
0,0.1314,60195
0,0.1314,69140
0,0.1314,78067
0,0.1314,87576
0,0.1314,99882
0,0.1314,109676
0,0.1314,134660
0,0.1314,512216
0,0.1314,517164
0,0.1314,819835
0,0.1315,10084
0,0.1315,10653
0,0.1315,10705
0,0.1315,10774
0,0.1315,11399
0,0.1315,11725
0,0.1315,11837
0,0.1315,11992
0,0.1315,12826
0,0.1315,14319
0,0.1315,16508
0,0.1315,17107
0,0.1315,19333
0,0.1315,19949
0,0.1315,25853
0,0.1315,26625
0,0.1315,27319
0,0.1315,30914
0,0.1315,37732
0,0.1315,40205
0,0.1315,47617
0,0.1315,51350
0,0.1315,80951
0,0.1315,111689
0,0.1315,121384
0,0.1315,515158
0,0.1315,518153
0,0.1315,520916
0,0.1315,523351
0,0.1315,524990
0,0.1315,805313
0,0.1316,10065
0,0.1316,10408
0,0.1316,10473
0,0.1316,11229
0,0.1316,11379
0,0.1316,11783
0,0.1316,12705
0,0.1316,14161
0,0.1316,17705
0,0.1316,18994
0,0.1316,20141
0,0.1316,24866
0,0.1316,26766
0,0.1316,27589
0,0.1316,51583
0,0.1316,58496
0,0.1316,81005
0,0.1316,210806
0,0.1316,251420
0,0.1316,521575
0,0.1316,527430
0,0.1316,555319
0,0.1316,564884
0,0.1317,10332
0,0.1317,10540
0,0.1317,12023
0,0.1317,13375
0,0.1317,13470
0,0.1317,14961
0,0.1317,16013
0,0.1317,17569
0,0.1317,18007
0,0.1317,21132
0,0.1317,22569
0,0.1317,26551
0,0.1317,29176
0,0.1317,31934
0,0.1317,36844
0,0.1317,52614
0,0.1317,73963
0,0.1317,141602
0,0.1317,149878
0,0.1317,532811
0,0.1318,10218
0,0.1318,11050
0,0.1318,11722
0,0.1318,18075
0,0.1318,18536
0,0.1318,19767
0,0.1318,20620
0,0.1318,24841
0,0.1318,32835
0,0.1318,33646
0,0.1318,67721
0,0.1318,70325
0,0.1318,73491
0,0.1318,74785
0,0.1318,91799
0,0.1318,115287
0,0.1318,156395
0,0.1318,210889
0,0.1318,519041
0,0.1318,800898
0,0.1318,803228
0,0.1318,925829
0,0.1319,10033
0,0.1319,10198
0,0.1319,10996
0,0.1319,11345
0,0.1319,12541
0,0.1319,36825
0,0.1319,41869
0,0.1319,63345
0,0.1319,73161
0,0.1319,73783
0,0.1319,87178
0,0.1319,512534
0,0.1319,562451
0,0.1320,10111
0,0.1320,10313
0,0.1320,11522
0,0.1320,12162
0,0.1320,13760
0,0.1320,18165
0,0.1320,26845
0,0.1320,36062
0,0.1320,49945
0,0.1320,61605
0,0.1320,63930
0,0.1320,68997
0,0.1320,84007
0,0.1320,145635
0,0.1320,513565
0,0.1320,517359
0,0.1320,522812
0,0.1320,523591
0,0.1320,536992
0,0.1320,552118
0,0.1320,903689
0,0.1321,10236
0,0.1321,10670
0,0.1321,10756
0,0.1321,12965
0,0.1321,13621
0,0.1321,16366
0,0.1321,27151
0,0.1321,35672
0,0.1321,51163
0,0.1321,52825
0,0.1321,53918
0,0.1321,102475
0,0.1321,125291
0,0.1321,513630
0,0.1321,514337
0,0.1321,800504
0,0.1321,903429
0,0.1322,10254
0,0.1322,11193
0,0.1322,11281
0,0.1322,11478
0,0.1322,13237
0,0.1322,15183
0,0.1322,29272
0,0.1322,52771
0,0.1322,56072
0,0.1322,58836
0,0.1322,190419
0,0.1322,802097
0,0.1323,10169
0,0.1323,10390
0,0.1323,11215
0,0.1323,11409
0,0.1323,12837
0,0.1323,21763
0,0.1323,24396
0,0.1323,46154
0,0.1323,59329
0,0.1323,63336
0,0.1323,94170
0,0.1323,150913
0,0.1323,520003
0,0.1323,521197
0,0.1324,10092
0,0.1324,10140
0,0.1324,10208
0,0.1324,10216
0,0.1324,10377
0,0.1324,10929
0,0.1324,11082
0,0.1324,11469
0,0.1324,11922
0,0.1324,12111
0,0.1324,13024
0,0.1324,14461
0,0.1324,17014
0,0.1324,19267
0,0.1324,32656
0,0.1324,45016
0,0.1324,60172
0,0.1324,84551
0,0.1324,103964
0,0.1324,104166
0,0.1324,127658
0,0.1324,159277
0,0.1324,512797
0,0.1324,534777
0,0.1324,800236
0,0.1324,801088
0,0.1324,805362
0,0.1324,809322
0,0.1324,905652
0,0.1325,10515
0,0.1325,11080
0,0.1325,12621
0,0.1325,13027
0,0.1325,13334
0,0.1325,17484
0,0.1325,24828
0,0.1325,37704
0,0.1325,38670
0,0.1325,42904
0,0.1325,48530
0,0.1325,58230
0,0.1325,59733
0,0.1325,61908
0,0.1325,94994
0,0.1325,173968
0,0.1325,529031
0,0.1325,580793
0,0.1326,11237
0,0.1326,11342
0,0.1326,12840
0,0.1326,12994
0,0.1326,13046
0,0.1326,13116
0,0.1326,14391
0,0.1326,16706
0,0.1326,17310
0,0.1326,18203
0,0.1326,23517
0,0.1326,53050
0,0.1326,54382
0,0.1326,73560
0,0.1326,512485
0,0.1326,521191
0,0.1326,527358
0,0.1326,564884
0,0.1326,918582
0,0.1327,10472
0,0.1327,10905
0,0.1327,11187
0,0.1327,11400
0,0.1327,17800
0,0.1327,19467
0,0.1327,22977
0,0.1327,27416
0,0.1327,44846
0,0.1327,516324
0,0.1327,520466
0,0.1327,521479
0,0.1327,529429
0,0.1327,536000
0,0.1327,555322
0,0.1327,800117
0,0.1327,914363
0,0.1328,11099
0,0.1328,12012
0,0.1328,12371
0,0.1328,12511
0,0.1328,14925
0,0.1328,16434
0,0.1328,18713
0,0.1328,19108
0,0.1328,23076
0,0.1328,32824
0,0.1328,46960
0,0.1328,60837
0,0.1328,85916
0,0.1328,87674
0,0.1328,90874
0,0.1328,555967
0,0.1328,807225
0,0.1329,11056
0,0.1329,11341
0,0.1329,16054
0,0.1329,17817
0,0.1329,27024
0,0.1329,50178
0,0.1329,52099
0,0.1329,56353
0,0.1329,69595
0,0.1329,72945
0,0.1329,79631
0,0.1329,104232
0,0.1329,114223
0,0.1329,128150
0,0.1329,515069
0,0.1329,517458
0,0.1329,517982
0,0.1329,520787
0,0.1329,532655
0,0.1329,804596
0,0.1329,805313
0,0.1329,821509
0,0.1330,10118
0,0.1330,10209
0,0.1330,10456
0,0.1330,11294
0,0.1330,12929
0,0.1330,13684
0,0.1330,17319
0,0.1330,20688
0,0.1330,21099
0,0.1330,21267
0,0.1330,24985
0,0.1330,31348
0,0.1330,34089
0,0.1330,49696
0,0.1330,65103
0,0.1330,105377
0,0.1330,518580
0,0.1330,519869
0,0.1330,525105
0,0.1330,803195
0,0.1330,808740
0,0.1331,10522
0,0.1331,10727
0,0.1331,10873
0,0.1331,11492
0,0.1331,11761
0,0.1331,12241
0,0.1331,13194
0,0.1331,15244
0,0.1331,16188
0,0.1331,31345
0,0.1331,39922
0,0.1331,43489
0,0.1331,58166
0,0.1331,63097
0,0.1331,80093
0,0.1331,120208
0,0.1331,521439
0,0.1331,532800
0,0.1331,551294
0,0.1332,10172
0,0.1332,10397
0,0.1332,10423
0,0.1332,11517
0,0.1332,11744
0,0.1332,13716
0,0.1332,14437
0,0.1332,14722
0,0.1332,15273
0,0.1332,16167
0,0.1332,18824
0,0.1332,18988
0,0.1332,21798
0,0.1332,25655
0,0.1332,26628
0,0.1332,27775
0,0.1332,77790
0,0.1332,112109
0,0.1332,133806
0,0.1332,157834
0,0.1332,564174
0,0.1333,10134
0,0.1333,10425
0,0.1333,10429
0,0.1333,10647
0,0.1333,10650
0,0.1333,11244
0,0.1333,11289
0,0.1333,11531
0,0.1333,11703
0,0.1333,12178
0,0.1333,12977
0,0.1333,17244
0,0.1333,21637
0,0.1333,22040
0,0.1333,26977
0,0.1333,32815
0,0.1333,40761
0,0.1333,44000
0,0.1333,45980
0,0.1333,51032
0,0.1333,67695
0,0.1333,87115
0,0.1333,514727
0,0.1333,809744
0,0.1333,810889
0,0.1333,915497
0,0.1334,10147
0,0.1334,11435
0,0.1334,11564
0,0.1334,11914
0,0.1334,11993
0,0.1334,12905
0,0.1334,13072
0,0.1334,13821
0,0.1334,14874
0,0.1334,15237
0,0.1334,17325
0,0.1334,22224
0,0.1334,31291
0,0.1334,33296
0,0.1334,40838
0,0.1334,46297
0,0.1334,48515
0,0.1334,49689
0,0.1334,53472
0,0.1334,56034
0,0.1334,58623
0,0.1334,70928
0,0.1334,82582
0,0.1334,84445
0,0.1334,555966
0,0.1334,801666
0,0.1335,10296
0,0.1335,10767
0,0.1335,11620
0,0.1335,18016
0,0.1335,19618
0,0.1335,19921
0,0.1335,22166
0,0.1335,23401
0,0.1335,23477
0,0.1335,24306
0,0.1335,31775
0,0.1335,35196
0,0.1335,39943
0,0.1335,53416
0,0.1335,64525
0,0.1335,72871
0,0.1335,512883
0,0.1335,513583
0,0.1335,519692
0,0.1335,521545
0,0.1335,548589
0,0.1335,555318
0,0.1335,133348431
0,0.1336,10305
0,0.1336,10463
0,0.1336,10524
0,0.1336,11058
0,0.1336,11558
0,0.1336,12332
0,0.1336,15209
0,0.1336,19234
0,0.1336,19743
0,0.1336,21452
0,0.1336,22276
0,0.1336,32958
0,0.1336,56900
0,0.1336,58481
0,0.1336,59746
0,0.1336,63927
0,0.1336,83886
0,0.1336,87245
0,0.1336,96307
0,0.1336,119212
0,0.1336,145016
0,0.1336,521158
0,0.1336,564824
0,0.1336,801478
0,0.1337,10133
0,0.1337,10704
0,0.1337,11603
0,0.1337,11828
0,0.1337,11952
0,0.1337,12163
0,0.1337,13127
0,0.1337,14493
0,0.1337,22026
0,0.1337,22787
0,0.1337,26102
0,0.1337,39054
0,0.1337,41787
0,0.1337,54628
0,0.1337,280660
0,0.1337,556767
0,0.1337,800084
0,0.1337,903819
0,0.1338,10096
0,0.1338,10285
0,0.1338,10376
0,0.1338,10469
0,0.1338,10632
0,0.1338,10973
0,0.1338,13232
0,0.1338,13283
0,0.1338,13550
0,0.1338,13886
0,0.1338,14419
0,0.1338,15164
0,0.1338,16921
0,0.1338,18109
0,0.1338,20287
0,0.1338,20581
0,0.1338,20647
0,0.1338,20960
0,0.1338,22243
0,0.1338,23045
0,0.1338,41840
0,0.1338,44026
0,0.1338,44781
0,0.1338,58226
0,0.1338,105426
0,0.1338,282783
0,0.1339,10109
0,0.1339,10201
0,0.1339,10942
0,0.1339,10977
0,0.1339,11135
0,0.1339,11141
0,0.1339,11143
0,0.1339,12728
0,0.1339,13384
0,0.1339,14821
0,0.1339,15753
0,0.1339,15864
0,0.1339,16259
0,0.1339,49910
0,0.1339,56140
0,0.1339,66424
0,0.1339,69114
0,0.1339,520119
0,0.1339,521935
0,0.1339,800868
0,0.1340,10459
0,0.1340,10613
0,0.1340,10877
0,0.1340,11112
0,0.1340,12121
0,0.1340,12338
0,0.1340,13356
0,0.1340,13981
0,0.1340,14243
0,0.1340,15118
0,0.1340,16005
0,0.1340,16136
0,0.1340,19828
0,0.1340,21098
0,0.1340,26338
0,0.1340,26419
0,0.1340,28730
0,0.1340,30469
0,0.1340,38262
0,0.1340,51479
0,0.1340,53456
0,0.1340,58157
0,0.1340,63327
0,0.1340,97457
0,0.1340,142998
0,0.1340,153817
0,0.1340,519588
0,0.1340,520002
0,0.1340,523062
0,0.1340,532768
0,0.1340,801752
0,0.1341,11930
0,0.1341,12667
0,0.1341,14510
0,0.1341,16207
0,0.1341,18262
0,0.1341,18730
0,0.1341,22105
0,0.1341,23533
0,0.1341,23743
0,0.1341,25476
0,0.1341,25963
0,0.1341,29289
0,0.1341,53849
0,0.1341,63645
0,0.1341,87697
0,0.1341,109275
0,0.1341,118489
0,0.1341,136147
0,0.1341,517532
0,0.1341,524208
0,0.1341,530791
0,0.1342,10262
0,0.1342,11523
0,0.1342,11975
0,0.1342,19665
0,0.1342,21600
0,0.1342,25786
0,0.1342,29746
0,0.1342,30703
0,0.1342,31247
0,0.1342,40733
0,0.1342,48568
0,0.1342,53320
0,0.1342,57806
0,0.1342,65609
0,0.1342,77313
0,0.1342,79370
0,0.1342,89594
0,0.1342,94043
0,0.1342,107083
0,0.1342,436612
0,0.1342,530777
0,0.1342,800207
0,0.1342,801246
0,0.1342,801666
0,0.1342,808650
0,0.1343,10039
0,0.1343,10402
0,0.1343,10487
0,0.1343,10697
0,0.1343,11477
0,0.1343,13198
0,0.1343,18084
0,0.1343,18726
0,0.1343,19953
0,0.1343,20926
0,0.1343,27934
0,0.1343,28159
0,0.1343,28406
0,0.1343,28607
0,0.1343,30105
0,0.1343,36149
0,0.1343,39943
0,0.1343,40740
0,0.1343,43136
0,0.1343,54144
0,0.1343,98499
0,0.1343,114513
0,0.1343,137726
0,0.1343,516331
0,0.1343,535999
0,0.1343,543774
0,0.1344,10906
0,0.1344,11583
0,0.1344,11594
0,0.1344,12387
0,0.1344,14019
0,0.1344,18466
0,0.1344,18798
0,0.1344,23487
0,0.1344,23496
0,0.1344,28037
0,0.1344,34533
0,0.1344,42698
0,0.1344,50791
0,0.1344,90310
0,0.1344,109635
0,0.1344,267437
0,0.1344,524164
0,0.1345,11521
0,0.1345,14530
0,0.1345,15547
0,0.1345,17566
0,0.1345,20402
0,0.1345,32795
0,0.1345,53507
0,0.1345,80051
0,0.1345,130279
0,0.1345,132204
0,0.1345,166749
0,0.1345,516400
0,0.1345,522432
0,0.1345,523828
0,0.1345,809322
0,0.1346,12896
0,0.1346,14386
0,0.1346,15353
0,0.1346,33165
0,0.1346,37336
0,0.1346,40559
0,0.1346,43036
0,0.1346,513418
0,0.1346,521479
0,0.1346,527577
0,0.1346,545848
0,0.1346,805313
0,0.1347,10378
0,0.1347,11501
0,0.1347,11736
0,0.1347,13479
0,0.1347,15662
0,0.1347,19183
0,0.1347,24804
0,0.1347,34084
0,0.1347,36577
0,0.1347,38538
0,0.1347,48496
0,0.1347,67398
0,0.1347,91753
0,0.1347,141297
0,0.1347,519850
0,0.1347,522770
0,0.1347,524238
0,0.1348,10138
0,0.1348,11467
0,0.1348,12284
0,0.1348,13450
0,0.1348,13571
0,0.1348,16124
0,0.1348,30421
0,0.1348,36743
0,0.1348,40350
0,0.1348,186043
0,0.1348,192978
0,0.1348,527470
0,0.1348,546406
0,0.1348,803412
0,0.1349,10101
0,0.1349,11749
0,0.1349,13666
0,0.1349,13683
0,0.1349,13940
0,0.1349,15313
0,0.1349,16862
0,0.1349,17342
0,0.1349,17350
0,0.1349,17406
0,0.1349,19579
0,0.1349,19873
0,0.1349,20445
0,0.1349,24713
0,0.1349,38998
0,0.1349,80484
0,0.1349,85512
0,0.1349,99139
0,0.1349,519655
0,0.1349,523544
0,0.1349,802781
0,0.1350,11725
0,0.1350,12050
0,0.1350,12320
0,0.1350,12782
0,0.1350,18637
0,0.1350,23854
0,0.1350,26497
0,0.1350,28986
0,0.1350,31397
0,0.1350,48178
0,0.1350,69929
0,0.1350,72102
0,0.1350,521108
0,0.1350,556574
0,0.1350,800296
0,0.1350,800551
0,0.1351,10786
0,0.1351,11262
0,0.1351,11292
0,0.1351,12354
0,0.1351,12603
0,0.1351,13225
0,0.1351,13998
0,0.1351,14802
0,0.1351,14897
0,0.1351,18989
0,0.1351,21409
0,0.1351,22806
0,0.1351,22917
0,0.1351,23189
0,0.1351,24352
0,0.1351,36146
0,0.1351,36207
0,0.1351,38204
0,0.1351,117660
0,0.1351,190419
0,0.1351,516433
0,0.1351,519242
0,0.1351,527357
0,0.1352,10264
0,0.1352,10904
0,0.1352,11355
0,0.1352,11390
0,0.1352,12732
0,0.1352,13315
0,0.1352,13767
0,0.1352,14506
0,0.1352,21332
0,0.1352,28584
0,0.1352,42495
0,0.1352,68614
0,0.1352,100307
0,0.1352,514291
0,0.1352,801936
0,0.1352,908572
0,0.1353,10530
0,0.1353,10593
0,0.1353,11030
0,0.1353,11546
0,0.1353,11722
0,0.1353,11783
0,0.1353,11870
0,0.1353,11992
0,0.1353,12425
0,0.1353,12765
0,0.1353,27379
0,0.1353,27452
0,0.1353,38688
0,0.1353,45451
0,0.1353,46182
0,0.1353,48452
0,0.1353,58140
0,0.1353,68887
0,0.1353,69089
0,0.1353,79554
0,0.1353,80082
0,0.1353,120818
0,0.1353,167190
0,0.1353,514424
0,0.1353,534777
0,0.1353,801319
0,0.1353,802864
0,0.1353,803132
0,0.1354,10176
0,0.1354,10304
0,0.1354,10561
0,0.1354,10736
0,0.1354,10987
0,0.1354,11283
0,0.1354,11359
0,0.1354,11556
0,0.1354,11991
0,0.1354,15125
0,0.1354,15647
0,0.1354,22338
0,0.1354,22899
0,0.1354,45199
0,0.1354,70740
0,0.1354,87308
0,0.1354,88912
0,0.1354,96311
0,0.1354,102133
0,0.1354,124599
0,0.1354,140995
0,0.1354,247232
0,0.1354,515070
0,0.1354,524741
0,0.1355,10473
0,0.1355,10929
0,0.1355,11379
0,0.1355,13852
0,0.1355,16993
0,0.1355,18043
0,0.1355,25439
0,0.1355,28525
0,0.1355,35113
0,0.1355,37342
0,0.1355,38113
0,0.1355,54741
0,0.1355,77967
0,0.1355,406728
0,0.1355,802731
0,0.1355,914259
0,0.1356,10140
0,0.1356,11105
0,0.1356,11514
0,0.1356,11624
0,0.1356,11837
0,0.1356,12460
0,0.1356,14066
0,0.1356,18854
0,0.1356,24941
0,0.1356,26257
0,0.1356,33411
0,0.1356,52875
0,0.1356,68708
0,0.1356,76932
0,0.1356,513343
0,0.1356,527367
0,0.1356,535279
0,0.1356,541635
0,0.1356,802751
0,0.1356,807368
0,0.1356,926518
0,0.1357,10254
0,0.1357,10569
0,0.1357,11281
0,0.1357,11478
0,0.1357,13423
0,0.1357,14609
0,0.1357,15507
0,0.1357,21567
0,0.1357,22852
0,0.1357,26263
0,0.1357,26602
0,0.1357,40261
0,0.1357,48723
0,0.1357,56437
0,0.1357,521437
0,0.1358,10084
0,0.1358,10169
0,0.1358,11072
0,0.1358,11731
0,0.1358,12111
0,0.1358,12717
0,0.1358,13386
0,0.1358,14343
0,0.1358,17614
0,0.1358,18939
0,0.1358,19767
0,0.1358,24064
0,0.1358,26071
0,0.1358,26292
0,0.1358,37147
0,0.1358,41272
0,0.1358,51516
0,0.1358,57684
0,0.1358,90549
0,0.1358,94617
0,0.1358,99528
0,0.1358,167190
0,0.1358,529602
0,0.1358,801280
0,0.1359,10070
0,0.1359,10540
0,0.1359,10905
0,0.1359,11400
0,0.1359,11922
0,0.1359,12671
0,0.1359,12934
0,0.1359,16649
0,0.1359,25635
0,0.1359,50176
0,0.1359,57331
0,0.1359,59644
0,0.1359,63411
0,0.1359,94050
0,0.1359,516322
0,0.1359,527409
0,0.1359,529429
0,0.1359,532766
0,0.1359,538094
0,0.1359,803160
0,0.1359,808740
0,0.1360,10515
0,0.1360,10806
0,0.1360,11345
0,0.1360,12143
0,0.1360,12735
0,0.1360,13556
0,0.1360,14442
0,0.1360,16460
0,0.1360,18165
0,0.1360,18840
0,0.1360,38446
0,0.1360,64795
0,0.1360,76738
0,0.1360,85916
0,0.1360,109145
0,0.1360,147959
0,0.1360,516097
0,0.1360,523591
0,0.1360,801813
0,0.1360,821509
0,0.1361,10065
0,0.1361,10359
0,0.1361,11099
0,0.1361,14161
0,0.1361,15905
0,0.1361,17052
0,0.1361,17650
0,0.1361,18575
0,0.1361,28803
0,0.1361,29156
0,0.1361,29826
0,0.1361,47491
0,0.1361,99540
0,0.1361,185726
0,0.1361,513911
0,0.1361,517330
0,0.1361,522743
0,0.1361,801946
0,0.1361,802383
0,0.1361,814625
0,0.1362,10399
0,0.1362,11229
0,0.1362,11342
0,0.1362,11399
0,0.1362,12037
0,0.1362,12160
0,0.1362,12890
0,0.1362,13172
0,0.1362,15729
0,0.1362,19746
0,0.1362,23241
0,0.1362,26168
0,0.1362,27614
0,0.1362,27756
0,0.1362,28758
0,0.1362,32880
0,0.1362,39674
0,0.1362,43363
0,0.1362,44745
0,0.1362,48614
0,0.1362,99925
0,0.1362,107105
0,0.1362,124690
0,0.1362,140755
0,0.1362,170256
0,0.1362,523941
0,0.1362,555969
0,0.1362,563873
0,0.1363,10126
0,0.1363,11050
0,0.1363,13725
0,0.1363,20620
0,0.1363,21263
0,0.1363,32165
0,0.1363,49255
0,0.1363,51428
0,0.1363,67120
0,0.1363,72405
0,0.1363,520194
0,0.1363,580652
0,0.1363,803582
0,0.1363,904119
0,0.1363,918582
0,0.1364,10408
0,0.1364,10628
0,0.1364,12183
0,0.1364,13596
0,0.1364,14985
0,0.1364,16601
0,0.1364,18952
0,0.1364,20200
0,0.1364,53267
0,0.1364,59950
0,0.1364,66207
0,0.1364,78143
0,0.1364,520787
0,0.1365,10470
0,0.1365,11788
0,0.1365,12994
0,0.1365,15039
0,0.1365,17757
0,0.1365,19845
0,0.1365,24828
0,0.1365,26223
0,0.1365,26239
0,0.1365,52616
0,0.1365,64230
0,0.1365,64440
0,0.1365,87788
0,0.1365,104284
0,0.1365,511775
0,0.1365,520916
0,0.1365,532655
0,0.1365,800911
0,0.1366,10456
0,0.1366,11744
0,0.1366,11829
0,0.1366,11990
0,0.1366,16616
0,0.1366,20910
0,0.1366,29604
0,0.1366,38573
0,0.1366,45187
0,0.1366,66206
0,0.1366,119936
0,0.1366,121759
0,0.1366,132166
0,0.1366,524797
0,0.1366,544258
0,0.1366,579253
0,0.1367,11294
0,0.1367,11531
0,0.1367,11608
0,0.1367,12711
0,0.1367,13221
0,0.1367,16141
0,0.1367,20773
0,0.1367,26860
0,0.1367,30539
0,0.1367,31331
0,0.1367,32250
0,0.1367,33987
0,0.1367,37202
0,0.1367,49307
0,0.1367,50560
0,0.1367,54628
0,0.1367,93314
0,0.1367,95442
0,0.1367,112473
0,0.1367,147169
0,0.1367,513419
0,0.1367,518315
0,0.1367,581341
0,0.1367,802999
0,0.1368,10209
0,0.1368,10397
0,0.1368,11244
0,0.1368,11289
0,0.1368,12109
0,0.1368,13058
0,0.1368,16648
0,0.1368,18049
0,0.1368,18634
0,0.1368,24572
0,0.1368,29750
0,0.1368,31196
0,0.1368,32482
0,0.1368,35062
0,0.1368,37955
0,0.1368,41302
0,0.1368,75774
0,0.1368,100973
0,0.1368,530957
0,0.1368,800241
0,0.1369,10221
0,0.1369,10650
0,0.1369,11620
0,0.1369,12513
0,0.1369,13621
0,0.1369,17540
0,0.1369,18332
0,0.1369,31376
0,0.1369,31426
0,0.1369,32862
0,0.1369,42373
0,0.1369,44995
0,0.1369,56522
0,0.1369,61113
0,0.1369,93389
0,0.1369,96307
0,0.1369,108640
0,0.1369,127658
0,0.1369,190419
0,0.1370,11914
0,0.1370,11993
0,0.1370,13610
0,0.1370,14573
0,0.1370,15992
0,0.1370,22166
0,0.1370,23477
0,0.1370,27274
0,0.1370,27416
0,0.1370,33672
0,0.1370,35113
0,0.1370,37744
0,0.1370,48218
0,0.1370,62286
0,0.1370,67451
0,0.1370,76958
0,0.1370,176598
0,0.1370,515551
0,0.1370,530781
0,0.1370,551294
0,0.1370,555318
0,0.1370,580417
0,0.1370,800304
0,0.1370,800685
0,0.1370,800917
0,0.1371,10629
0,0.1371,12061
0,0.1371,14750
0,0.1371,16433
0,0.1371,21100
0,0.1371,21851
0,0.1371,23401
0,0.1371,38916
0,0.1371,45513
0,0.1371,51735
0,0.1371,54440
0,0.1371,62645
0,0.1371,63944
0,0.1371,126345
0,0.1371,515371
0,0.1371,118750563
0,0.1372,10321
0,0.1372,10463
0,0.1372,10564
0,0.1372,11092
0,0.1372,11816
0,0.1372,11828
0,0.1372,12031
0,0.1372,13230
0,0.1372,14666
0,0.1372,15183
0,0.1372,16454
0,0.1372,18016
0,0.1372,20823
0,0.1372,23151
0,0.1372,32609
0,0.1372,50372
0,0.1372,50929
0,0.1372,52235
0,0.1372,52773
0,0.1372,79723
0,0.1372,124594
0,0.1372,140586
0,0.1372,141834
0,0.1372,517458
0,0.1372,520002
0,0.1372,555967
0,0.1372,801079
0,0.1372,804106
0,0.1373,10942
0,0.1373,12977
0,0.1373,15506
0,0.1373,18776
0,0.1373,19647
0,0.1373,20059
0,0.1373,21166
0,0.1373,35182
0,0.1373,40383
0,0.1373,43312
0,0.1373,46907
0,0.1373,49805
0,0.1373,50185
0,0.1373,51603
0,0.1373,66389
0,0.1373,67052
0,0.1373,68686
0,0.1373,73305
0,0.1373,103964
0,0.1373,110773
0,0.1373,120208
0,0.1373,531808
0,0.1373,536845
0,0.1373,543264
0,0.1373,558846
0,0.1373,800752
0,0.1373,928274
0,0.1374,10167
0,0.1374,10201
0,0.1374,10423
0,0.1374,10522
0,0.1374,12309
0,0.1374,12965
0,0.1374,14661
0,0.1374,16422
0,0.1374,17319
0,0.1374,17325
0,0.1374,19187
0,0.1374,22833
0,0.1374,31297
0,0.1374,31345
0,0.1374,35514
0,0.1374,75212
0,0.1374,77380
0,0.1374,83289
0,0.1374,106617
0,0.1374,260257
0,0.1374,518294
0,0.1374,524207
0,0.1375,11603
0,0.1375,12929
0,0.1375,12958
0,0.1375,16636
0,0.1375,17107
0,0.1375,18417
0,0.1375,34914
0,0.1375,36333
0,0.1375,48971
0,0.1375,49174
0,0.1375,56991
0,0.1375,71494
0,0.1375,140474
0,0.1375,161034
0,0.1375,514230
0,0.1375,516317
0,0.1375,520364
0,0.1375,522828
0,0.1375,530777
0,0.1375,800434
0,0.1375,904101
0,0.1376,10096
0,0.1376,11369
0,0.1376,12171
0,0.1376,16416
0,0.1376,16434
0,0.1376,16513
0,0.1376,18884
0,0.1376,19792
0,0.1376,26387
0,0.1376,28588
0,0.1376,29612
0,0.1376,32890
0,0.1376,33405
0,0.1376,35196
0,0.1376,35634
0,0.1376,43230
0,0.1376,46617
0,0.1376,47932
0,0.1376,57401
0,0.1376,59771
0,0.1376,262865
0,0.1376,521158
0,0.1376,521290
0,0.1376,525958
0,0.1377,10632
0,0.1377,13716
0,0.1377,13944
0,0.1377,20739
0,0.1377,22243
0,0.1377,26258
0,0.1377,26766
0,0.1377,29088
0,0.1377,30279
0,0.1377,52583
0,0.1377,57916
0,0.1377,72913
0,0.1377,188051
0,0.1377,512217
0,0.1377,519970
0,0.1377,521935
0,0.1377,531246
0,0.1377,580846
0,0.1377,803210
0,0.1378,10133
0,0.1378,10461
0,0.1378,11523
0,0.1378,13153
0,0.1378,15920
0,0.1378,20581
0,0.1378,28019
0,0.1378,30992
0,0.1378,32439
0,0.1378,34761
0,0.1378,44493
0,0.1378,51750
0,0.1378,52570
0,0.1378,56966
0,0.1378,60910
0,0.1378,63944
0,0.1378,73335
0,0.1378,84239
0,0.1378,85916
0,0.1378,89250
0,0.1378,159400
0,0.1378,522730
0,0.1378,524990
0,0.1378,535279
0,0.1378,905652
0,0.1379,10208
0,0.1379,10459
0,0.1379,11501
0,0.1379,12338
0,0.1379,12343
0,0.1379,13095
0,0.1379,13821
0,0.1379,15517
0,0.1379,16083
0,0.1379,16610
0,0.1379,17027
0,0.1379,17573
0,0.1379,18334
0,0.1379,18994
0,0.1379,22276
0,0.1379,23132
0,0.1379,26129
0,0.1379,28640
0,0.1379,31117
0,0.1379,39005
0,0.1379,46096
0,0.1379,52536
0,0.1379,63954
0,0.1379,78095
0,0.1379,126345
0,0.1379,512796
0,0.1379,532662
0,0.1379,917516
0,0.1380,10305
0,0.1380,10376
0,0.1380,11736
0,0.1380,11900
0,0.1380,11952
0,0.1380,11975
0,0.1380,12312
0,0.1380,13145
0,0.1380,16524
0,0.1380,19921
0,0.1380,22201
0,0.1380,23700
0,0.1380,33000
0,0.1380,39802
0,0.1380,59400
0,0.1380,102945
0,0.1380,145635
0,0.1380,529665
0,0.1380,531768
0,0.1380,801828
0,0.1380,803035
0,0.1381,10429
0,0.1381,10670
0,0.1381,12534
0,0.1381,17757
0,0.1381,18730
0,0.1381,41393
0,0.1381,50451
0,0.1381,65539
0,0.1381,68379
0,0.1381,524208
0,0.1381,524238
0,0.1382,10134
0,0.1382,10524
0,0.1382,10935
0,0.1382,10996
0,0.1382,11211
0,0.1382,11761
0,0.1382,13946
0,0.1382,14607
0,0.1382,17847
0,0.1382,19938
0,0.1382,22717
0,0.1382,37745
0,0.1382,62429
0,0.1382,91123
0,0.1382,513843
0,0.1382,524284
0,0.1382,527410
0,0.1383,10231
0,0.1383,10390
0,0.1383,10835
0,0.1383,11931
0,0.1383,12231
0,0.1383,14089
0,0.1383,28406
0,0.1383,28691
0,0.1383,31925
0,0.1383,36291
0,0.1383,43546
0,0.1383,43717
0,0.1383,44644
0,0.1383,51537
0,0.1383,87584
0,0.1383,267437
0,0.1383,527470
0,0.1383,542355
0,0.1383,543264
0,0.1383,821509
0,0.1383,908181
0,0.1384,10881
0,0.1384,10977
0,0.1384,11725
0,0.1384,12164
0,0.1384,12279
0,0.1384,12815
0,0.1384,13375
0,0.1384,13431
0,0.1384,14332
0,0.1384,14437
0,0.1384,18203
0,0.1384,18726
0,0.1384,20132
0,0.1384,23012
0,0.1384,23200
0,0.1384,29176
0,0.1384,29764
0,0.1384,29932
0,0.1384,30253
0,0.1384,33605
0,0.1384,36844
0,0.1384,52641
0,0.1384,68692
0,0.1384,295280
0,0.1384,520466
0,0.1384,580417
0,0.1384,582265
0,0.1384,800606
0,0.1384,801611
0,0.1384,805487
0,0.1385,10808
0,0.1385,11262
0,0.1385,11292
0,0.1385,11915
0,0.1385,11930
0,0.1385,13379
0,0.1385,14158
0,0.1385,14319
0,0.1385,14340
0,0.1385,14391
0,0.1385,19305
0,0.1385,20001
0,0.1385,20915
0,0.1385,22671
0,0.1385,26515
0,0.1385,28293
0,0.1385,30806
0,0.1385,38051
0,0.1385,42240
0,0.1385,46266
0,0.1385,47909
0,0.1385,55306
0,0.1385,58845
0,0.1385,63441
0,0.1385,96557
0,0.1385,102716
0,0.1385,145091
0,0.1385,519585
0,0.1385,521157
0,0.1386,10216
0,0.1386,10756
0,0.1386,11517
0,0.1386,16188
0,0.1386,19306
0,0.1386,20402
0,0.1386,22473
0,0.1386,23854
0,0.1386,23958
0,0.1386,34717
0,0.1386,35420
0,0.1386,39223
0,0.1386,44858
0,0.1386,49752
0,0.1386,62314
0,0.1386,63046
0,0.1386,118825
0,0.1386,119144
0,0.1386,151762
0,0.1386,192978
0,0.1386,514425
0,0.1386,523060
0,0.1386,800088
0,0.1386,800892
0,0.1386,801137
0,0.1386,807356
0,0.1386,904395
0,0.1387,10136
0,0.1387,11143
0,0.1387,11594
0,0.1387,11783
0,0.1387,11870
0,0.1387,13334
0,0.1387,15431
0,0.1387,25927
0,0.1387,44147
0,0.1387,49092
0,0.1387,57888
0,0.1387,62771
0,0.1387,70867
0,0.1387,76878
0,0.1387,92909
0,0.1387,521438
0,0.1388,10198
0,0.1388,10263
0,0.1388,10294
0,0.1388,10925
0,0.1388,11471
0,0.1388,12152
0,0.1388,12837
0,0.1388,16107
0,0.1388,20380
0,0.1388,21335
0,0.1388,30021
0,0.1388,59618
0,0.1388,72019
0,0.1388,76225
0,0.1388,521575
0,0.1388,527577
0,0.1388,529445
0,0.1388,555966
0,0.1388,800903
0,0.1388,802734
0,0.1388,809322
0,0.1388,904736
0,0.1389,10118
0,0.1389,10877
0,0.1389,10929
0,0.1389,11546
0,0.1389,11991
0,0.1389,12057
0,0.1389,12354
0,0.1389,12541
0,0.1389,13027
0,0.1389,13303
0,0.1389,16042
0,0.1389,16206
0,0.1389,20459
0,0.1389,21267
0,0.1389,24502
0,0.1389,25166
0,0.1389,45708
0,0.1389,46790
0,0.1389,50497
0,0.1389,87245
0,0.1389,103414
0,0.1389,130279
0,0.1389,159277
0,0.1389,201474
0,0.1389,513499
0,0.1389,514009
0,0.1389,514740
0,0.1389,521698
0,0.1389,523351
0,0.1389,526801
0,0.1389,801666
0,0.1389,807356
0,0.1389,916640
0,0.1390,10140
0,0.1390,10716
0,0.1390,11359
0,0.1390,11956
0,0.1390,13550
0,0.1390,14339
0,0.1390,14514
0,0.1390,14843
0,0.1390,15821
0,0.1390,21047
0,0.1390,21772
0,0.1390,29560
0,0.1390,34495
0,0.1390,36351
0,0.1390,40001
0,0.1390,44850
0,0.1390,56207
0,0.1390,110773
0,0.1390,138865
0,0.1390,139685
0,0.1390,800147
0,0.1390,904246
0,0.1391,10169
0,0.1391,10249
0,0.1391,10473
0,0.1391,11341
0,0.1391,11478
0,0.1391,11722
0,0.1391,11837
0,0.1391,11992
0,0.1391,13560
0,0.1391,14243
0,0.1391,15970
0,0.1391,17484
0,0.1391,21382
0,0.1391,30421
0,0.1391,32354
0,0.1391,36584
0,0.1391,38510
0,0.1391,80093
0,0.1391,114942
0,0.1391,160750
0,0.1391,520003
0,0.1391,525105
0,0.1391,544439
0,0.1391,904657
0,0.1392,10039
0,0.1392,10254
0,0.1392,10515
0,0.1392,11281
0,0.1392,11583
0,0.1392,12162
0,0.1392,12241
0,0.1392,14962
0,0.1392,17150
0,0.1392,17569
0,0.1392,18340
0,0.1392,18875
0,0.1392,20418
0,0.1392,21596
0,0.1392,22494
0,0.1392,38068
0,0.1392,48530
0,0.1392,58009
0,0.1392,123245
0,0.1392,135948
0,0.1392,517359
0,0.1392,524164
0,0.1392,801949
0,0.1392,905617
0,0.1393,10262
0,0.1393,10365
0,0.1393,10767
0,0.1393,11379
0,0.1393,11521
0,0.1393,11922
0,0.1393,12111
0,0.1393,13194
0,0.1393,14849
0,0.1393,18834
0,0.1393,19873
0,0.1393,20960
0,0.1393,26095
0,0.1393,26757
0,0.1393,35330
0,0.1393,37912
0,0.1393,59035
0,0.1393,69631
0,0.1393,83095
0,0.1393,103750
0,0.1393,108535
0,0.1393,142052
0,0.1393,167190
0,0.1393,514688
0,0.1393,523591
0,0.1393,532768
0,0.1393,555383
0,0.1393,800480
0,0.1393,803480
0,0.1393,812106
0,0.1394,11721
0,0.1394,12340
0,0.1394,12778
0,0.1394,13143
0,0.1394,21567
0,0.1394,24841
0,0.1394,30613
0,0.1394,38860
0,0.1394,40838
0,0.1394,519589
0,0.1394,524082
0,0.1394,800782
0,0.1394,801189
0,0.1395,10141
0,0.1395,12186
0,0.1395,12320
0,0.1395,13664
0,0.1395,14427
0,0.1395,19767
0,0.1395,26532
0,0.1395,26845
0,0.1395,29090
0,0.1395,34248
0,0.1395,36031
0,0.1395,37951
0,0.1395,49376
0,0.1395,69620
0,0.1395,83341
0,0.1395,529429
0,0.1395,536845
0,0.1395,547655
0,0.1395,802399
0,0.1396,10472
0,0.1396,10905
0,0.1396,11400
0,0.1396,19828
0,0.1396,20311
0,0.1396,21397
0,0.1396,31119
0,0.1396,44377
0,0.1396,46457
0,0.1396,49570
0,0.1396,102041
0,0.1396,800696
0,0.1397,10486
0,0.1397,10540
0,0.1397,10613
0,0.1397,11345
0,0.1397,11365
0,0.1397,12511
0,0.1397,13315
0,0.1397,13761
0,0.1397,29144
0,0.1397,30120
0,0.1397,33130
0,0.1397,75029
0,0.1397,122004
0,0.1397,518581
0,0.1397,534777
0,0.1397,802166
0,0.1397,932811
0,0.1398,10084
0,0.1398,10611
0,0.1398,11099
0,0.1398,11135
0,0.1398,11342
0,0.1398,11701
0,0.1398,11817
0,0.1398,11979
0,0.1398,13483
0,0.1398,16460
0,0.1398,17225
0,0.1398,18075
0,0.1398,20033
0,0.1398,56315
0,0.1398,127658
0,0.1398,247232
0,0.1398,523828
0,0.1398,532969
0,0.1398,918582
0,0.1399,10456
0,0.1399,12717
0,0.1399,13947
0,0.1399,13972
0,0.1399,15421
0,0.1399,58975
0,0.1399,61425
0,0.1399,93216
0,0.1399,513175
0,0.1399,521171
0,0.1399,800162
0,0.1399,800928
0,0.1399,904036
0,0.1400,10065
0,0.1400,10111
0,0.1400,10736
0,0.1400,11402
0,0.1400,11525
0,0.1400,11744
0,0.1400,13685
0,0.1400,14292
0,0.1400,16013
0,0.1400,28144
0,0.1400,42074
0,0.1400,47515
0,0.1400,75907
0,0.1400,88470
0,0.1400,115234
0,0.1400,518919
0,0.1400,519967
0,0.1400,520787
0,0.1400,532655
0,0.1400,550868
0,0.1400,556286
0,0.1400,804989
0,0.1401,10827
0,0.1401,10831
0,0.1401,11556
0,0.1401,13981
0,0.1401,15662
0,0.1401,17570
0,0.1401,18165
0,0.1401,26689
0,0.1401,27627
0,0.1401,36026
0,0.1401,39727
0,0.1401,41869
0,0.1401,48056
0,0.1401,50232
0,0.1401,53128
0,0.1401,53256
0,0.1401,62648
0,0.1401,65179
0,0.1401,68031
0,0.1401,156395
0,0.1401,514727
0,0.1401,515096
0,0.1401,515140
0,0.1401,519242
0,0.1401,564824
0,0.1401,800184
0,0.1401,801580
0,0.1402,11469
0,0.1402,11531
0,0.1402,12509
0,0.1402,15353
0,0.1402,16426
0,0.1402,16793
0,0.1402,18179
0,0.1402,23204
0,0.1402,42819
0,0.1402,63883
0,0.1402,67398
0,0.1402,77451
0,0.1402,99080
0,0.1402,128455
0,0.1402,527469
0,0.1402,800847
0,0.1403,10378
0,0.1403,10463
0,0.1403,10650
0,0.1403,11244
0,0.1403,11289
0,0.1403,11390
0,0.1403,11467
0,0.1403,11620
0,0.1403,12840
0,0.1403,16446
0,0.1403,28525
0,0.1403,28604
0,0.1403,38075
0,0.1403,40187
0,0.1403,42240
0,0.1403,46096
0,0.1403,47002
0,0.1403,62913
0,0.1403,70022
0,0.1403,536845
0,0.1403,564174
0,0.1403,805154
0,0.1403,903561
0,0.1404,10066
0,0.1404,10530
0,0.1404,12121
0,0.1404,12756
0,0.1404,13666
0,0.1404,13962
0,0.1404,17825
0,0.1404,18824
0,0.1404,19143
0,0.1404,22705
0,0.1404,23401
0,0.1404,33229
0,0.1404,34676
0,0.1404,38819
0,0.1404,39719
0,0.1404,57896
0,0.1404,82482
0,0.1404,87802
0,0.1404,143504
0,0.1404,539787
0,0.1404,800157
0,0.1404,801974
0,0.1404,802891
0,0.1405,10397
0,0.1405,10482
0,0.1405,11294
0,0.1405,12606
0,0.1405,12994
0,0.1405,21709
0,0.1405,37732
0,0.1405,47901
0,0.1405,53108
0,0.1405,71039
0,0.1405,135948
0,0.1405,155294
0,0.1405,231558
0,0.1405,518020
0,0.1405,520928
0,0.1406,10209
0,0.1406,10569
0,0.1406,11229
0,0.1406,14161
0,0.1406,16526
0,0.1406,21132
0,0.1406,23477
0,0.1406,24828
0,0.1406,24969
0,0.1406,25951
0,0.1406,34301
0,0.1406,42240
0,0.1406,62031
0,0.1406,63394
0,0.1406,75987
0,0.1406,105437
0,0.1406,111512
0,0.1406,521439
0,0.1406,533849
0,0.1407,10942
0,0.1407,12759
0,0.1407,15746
0,0.1407,31348
0,0.1407,54959
0,0.1407,73988
0,0.1407,97536
0,0.1407,116012
0,0.1407,513803
0,0.1407,515161
0,0.1407,516162
0,0.1407,520002
0,0.1407,534553
0,0.1407,555318
0,0.1407,805313
0,0.1408,10126
0,0.1408,10176
0,0.1408,11703
0,0.1408,11828
0,0.1408,14530
0,0.1408,15005
0,0.1408,19433
0,0.1408,20278
0,0.1408,20503
0,0.1408,21756
0,0.1408,28086
0,0.1408,42539
0,0.1408,43380
0,0.1408,147030
0,0.1408,231412
0,0.1408,512745
0,0.1408,519850
0,0.1408,521297
0,0.1408,527524
0,0.1408,545288
0,0.1408,580814
0,0.1408,800490
0,0.1408,801391
0,0.1408,803215
0,0.1409,10402
0,0.1409,11399
0,0.1409,11788
0,0.1409,11993
0,0.1409,12471
0,0.1409,13684
0,0.1409,14343
0,0.1409,14685
0,0.1409,15501
0,0.1409,15795
0,0.1409,17722
0,0.1409,20620
0,0.1409,22166
0,0.1409,27614
0,0.1409,31206
0,0.1409,37558
0,0.1409,76894
0,0.1409,84581
0,0.1409,174587
0,0.1409,809085
0,0.1410,10653
0,0.1410,11050
0,0.1410,11914
0,0.1410,14271
0,0.1410,14874
0,0.1410,18739
0,0.1410,24804
0,0.1410,34321
0,0.1410,38821
0,0.1410,39861
0,0.1410,39893
0,0.1410,43785
0,0.1410,43861
0,0.1410,50485
0,0.1410,56774
0,0.1410,58013
0,0.1410,96307
0,0.1410,209929
0,0.1410,529031
0,0.1411,10096
0,0.1411,10408
0,0.1411,10561
0,0.1411,10632
0,0.1411,12023
0,0.1411,12163
0,0.1411,12896
0,0.1411,13470
0,0.1411,15928
0,0.1411,16508
0,0.1411,16724
0,0.1411,17325
0,0.1411,18536
0,0.1411,18983
0,0.1411,28509
0,0.1411,37070
0,0.1411,41407
0,0.1411,41598
0,0.1411,59658
0,0.1411,123894
0,0.1411,138586
0,0.1411,452352
0,0.1411,512234
0,0.1411,521935
0,0.1411,530777
0,0.1412,10299
0,0.1412,10470
0,0.1412,10867
0,0.1412,11080
0,0.1412,11195
0,0.1412,11523
0,0.1412,12168
0,0.1412,13259
0,0.1412,14019
0,0.1412,15507
0,0.1412,16228
0,0.1412,17389
0,0.1412,20324
0,0.1412,20581
0,0.1412,22574
0,0.1412,25823
0,0.1412,26060
0,0.1412,29217
0,0.1412,39922
0,0.1412,40435
0,0.1412,53813
0,0.1412,58157
0,0.1412,58738
0,0.1412,68736
0,0.1412,80123
0,0.1412,98526
0,0.1412,123841
0,0.1412,140182
0,0.1412,142053
0,0.1412,516780
0,0.1412,522405
0,0.1412,524152
0,0.1412,524156
0,0.1412,801088
0,0.1412,805137
0,0.1412,805992
0,0.1413,10313
0,0.1413,10459
0,0.1413,10786
0,0.1413,11058
0,0.1413,11501
0,0.1413,11975
0,0.1413,12338
0,0.1413,12977
0,0.1413,14516
0,0.1413,16601
0,0.1413,20168
0,0.1413,21242
0,0.1413,22243
0,0.1413,22787
0,0.1413,25195
0,0.1413,35196
0,0.1413,39880
0,0.1413,54959
0,0.1413,57179
0,0.1413,59086
0,0.1413,64457
0,0.1413,68319
0,0.1413,119868
0,0.1413,153574
0,0.1413,167190
0,0.1413,514318
0,0.1413,514858
0,0.1413,519842
0,0.1413,801239
0,0.1414,10297
0,0.1414,12151
0,0.1414,13283
0,0.1414,13621
0,0.1414,19845
0,0.1414,29231
0,0.1414,33542
0,0.1414,54307
0,0.1414,91582
0,0.1414,96213
0,0.1414,114510
0,0.1414,515158
0,0.1414,517024
0,0.1414,517458
0,0.1414,519692
0,0.1414,519693
0,0.1414,524470
0,0.1414,551294
0,0.1414,555875
0,0.1414,800041
0,0.1415,10205
0,0.1415,10296
0,0.1415,10376
0,0.1415,11736
0,0.1415,38022
0,0.1415,47631
0,0.1415,60017
0,0.1415,85916
0,0.1415,127894
0,0.1415,581332
0,0.1416,10133
0,0.1416,10201
0,0.1416,10305
0,0.1416,13177
0,0.1416,18016
0,0.1416,21860
0,0.1416,23762
0,0.1416,26102
0,0.1416,28855
0,0.1416,31100
0,0.1416,33646
0,0.1416,93352
0,0.1416,100441
0,0.1416,520916
0,0.1416,521011
0,0.1416,524238
0,0.1416,527470
0,0.1416,567978
0,0.1416,801304
0,0.1416,802506
0,0.1417,10321
0,0.1417,10518
0,0.1417,10960
0,0.1417,11030
0,0.1417,11706
0,0.1417,11725
0,0.1417,12259
0,0.1417,13271
0,0.1417,16207
0,0.1417,32247
0,0.1417,39485
0,0.1417,55120
0,0.1417,58433
0,0.1417,60532
0,0.1417,74814
0,0.1417,85916
0,0.1417,121384
0,0.1417,146502
0,0.1417,457812
0,0.1417,515157
0,0.1417,519869
0,0.1417,521158
0,0.1417,535279
0,0.1417,800073
0,0.1418,11691
0,0.1418,11952
0,0.1418,12929
0,0.1418,12934
0,0.1418,13089
0,0.1418,13356
0,0.1418,13571
0,0.1418,19665
0,0.1418,21584
0,0.1418,22276
0,0.1418,25655
0,0.1418,27416
0,0.1418,43216
0,0.1418,46748
0,0.1418,57542
0,0.1418,58586
0,0.1418,59560
0,0.1418,75987
0,0.1418,94994
0,0.1418,116289
0,0.1418,514687
0,0.1418,516097
0,0.1418,523019
0,0.1418,523684
0,0.1418,800613
0,0.1418,802361
0,0.1418,814586
0,0.1418,905652
0,0.1419,10423
0,0.1419,11222
0,0.1419,11262
0,0.1419,11292
0,0.1419,12367
0,0.1419,13940
0,0.1419,14895
0,0.1419,16969
0,0.1419,19921
0,0.1419,21362
0,0.1419,22504
0,0.1419,23517
0,0.1419,26551
0,0.1419,37596
0,0.1419,39727
0,0.1419,59950
0,0.1419,72871
0,0.1419,88903
0,0.1419,423539
0,0.1419,516197
0,0.1419,532766
0,0.1420,10035
0,0.1420,10704
0,0.1420,11155
0,0.1420,12653
0,0.1420,12782
0,0.1420,17014
0,0.1420,18726
0,0.1420,20688
0,0.1420,21798
0,0.1420,25338
0,0.1420,35731
0,0.1420,39054
0,0.1420,42311
0,0.1420,46888
0,0.1420,58359
0,0.1420,67244
0,0.1420,148337
0,0.1420,156395
0,0.1420,521156
0,0.1420,535316
0,0.1420,564884
0,0.1420,800190
0,0.1420,810889
0,0.1421,10134
0,0.1421,10447
0,0.1421,10522
0,0.1421,10524
0,0.1421,11210
0,0.1421,11603
0,0.1421,12012
0,0.1421,12571
0,0.1421,15183
0,0.1421,15915
0,0.1421,16437
0,0.1421,21099
0,0.1421,25972
0,0.1421,27128
0,0.1421,28406
0,0.1421,38805
0,0.1421,41889
0,0.1421,55850
0,0.1421,56364
0,0.1421,95255
0,0.1421,98455
0,0.1421,99721
0,0.1421,104131
0,0.1421,146502
0,0.1421,548589
0,0.1421,816543
0,0.1421,903846
0,0.1422,11783
0,0.1422,11870
0,0.1422,13716
0,0.1422,16454
0,0.1422,23854
0,0.1422,27379
0,0.1422,29196
0,0.1422,41221
0,0.1422,53885
0,0.1422,154649
0,0.1422,436612
0,0.1422,520934
0,0.1422,521190
0,0.1422,524208
0,0.1422,802421
0,0.1422,943251
0,0.1423,10929
0,0.1423,11105
0,0.1423,11174
0,0.1423,11546
0,0.1423,12728
0,0.1423,13390
0,0.1423,18730
0,0.1423,19290
0,0.1423,20141
0,0.1423,37891
0,0.1423,66007
0,0.1423,73560
0,0.1423,124211
0,0.1423,151445
0,0.1423,168147
0,0.1423,515069
0,0.1423,531708
0,0.1424,10075
0,0.1424,10169
0,0.1424,10515
0,0.1424,10593
0,0.1424,10622
0,0.1424,11517
0,0.1424,12314
0,0.1424,13380
0,0.1424,13479
0,0.1424,13821
0,0.1424,18049
0,0.1424,23339
0,0.1424,25476
0,0.1424,26020
0,0.1424,38110
0,0.1424,39491
0,0.1424,43179
0,0.1424,70171
0,0.1424,77131
0,0.1424,97457
0,0.1424,148213
0,0.1424,183161
0,0.1424,192978
0,0.1424,267437
0,0.1424,513746
0,0.1424,515155
0,0.1424,518580
0,0.1424,526634
0,0.1424,556574
0,0.1424,800236
0,0.1425,10026
0,0.1425,10049
0,0.1425,10140
0,0.1425,10359
0,0.1425,11722
0,0.1425,11749
0,0.1425,11991
0,0.1425,12387
0,0.1425,13358
0,0.1425,14665
0,0.1425,15164
0,0.1425,16005
0,0.1425,16029
0,0.1425,16648
0,0.1425,26419
0,0.1425,55869
0,0.1425,90874
0,0.1425,151217
0,0.1425,548589
0,0.1425,801506
0,0.1425,802944
0,0.1426,10046
0,0.1426,10254
0,0.1426,10852
0,0.1426,11281
0,0.1426,11478
0,0.1426,11594
0,0.1426,14430
0,0.1426,15823
0,0.1426,17800
0,0.1426,20402
0,0.1426,23003
0,0.1426,25229
0,0.1426,44377
0,0.1426,74523
0,0.1426,94068
0,0.1426,108324
0,0.1426,517351
0,0.1426,520931
0,0.1426,803280
0,0.1426,803378
0,0.1427,10429
0,0.1427,10473
0,0.1427,10628
0,0.1427,10973
0,0.1427,11837
0,0.1427,14139
0,0.1427,15276
0,0.1427,27128
0,0.1427,29244
0,0.1427,37961
0,0.1427,45920
0,0.1427,59111
0,0.1427,73279
0,0.1427,76504
0,0.1427,90364
0,0.1427,523591
0,0.1427,800206
0,0.1427,801053
0,0.1427,801187
0,0.1427,907793
0,0.1428,10208
0,0.1428,11324
0,0.1428,11922
0,0.1428,11930
0,0.1428,12111
0,0.1428,12115
0,0.1428,13127
0,0.1428,18841
0,0.1428,18904
0,0.1428,19314
0,0.1428,23732
0,0.1428,25039
0,0.1428,26294
0,0.1428,27774
0,0.1428,29851
0,0.1428,32835
0,0.1428,35927
0,0.1428,37177
0,0.1428,65486
0,0.1428,83381
0,0.1428,102171
0,0.1428,122240
0,0.1428,142053
0,0.1428,521241
0,0.1428,932322
0,0.1429,10977
0,0.1429,11355
0,0.1429,11379
0,0.1429,11514
0,0.1429,11992
0,0.1429,12354
0,0.1429,12454
0,0.1429,20550
0,0.1429,45875
0,0.1429,58525
0,0.1429,66105
0,0.1429,88538
0,0.1429,109011
0,0.1429,521437
0,0.1429,529429
0,0.1429,801765
0,0.1429,804968
0,0.1429,810889
0,0.1430,10735
0,0.1430,11359
0,0.1430,11409
0,0.1430,14573
0,0.1430,15717
0,0.1430,18453
0,0.1430,21567
0,0.1430,22417
0,0.1430,25872
0,0.1430,37622
0,0.1430,43383
0,0.1430,43652
0,0.1430,46430
0,0.1430,48739
0,0.1430,55990
0,0.1430,68701
0,0.1430,75310
0,0.1430,98081
0,0.1430,130656
0,0.1430,512277
0,0.1430,513945
0,0.1430,515642
0,0.1430,518717
0,0.1430,555312
0,0.1430,555322
0,0.1431,10905
0,0.1431,11400
0,0.1431,11504
0,0.1431,11847
0,0.1431,12332
0,0.1431,13480
0,0.1431,17170
0,0.1431,51999
0,0.1431,60346
0,0.1431,120208
0,0.1431,123543
0,0.1431,148486
0,0.1431,511807
0,0.1431,563873
0,0.1431,802419
0,0.1431,806173
0,0.1431,819835
0,0.1431,918582
0,0.1432,10175
0,0.1432,10904
0,0.1432,11099
0,0.1432,11507
0,0.1432,13375
0,0.1432,13582
0,0.1432,14066
0,0.1432,16124
0,0.1432,17107
0,0.1432,18249
0,0.1432,19108
0,0.1432,19767
0,0.1432,20287
0,0.1432,20397
0,0.1432,22665
0,0.1432,23743
0,0.1432,35373
0,0.1432,48521
0,0.1432,53002
0,0.1432,63942
0,0.1432,87178
0,0.1432,108362
0,0.1432,118825
0,0.1432,130279
0,0.1432,153948
0,0.1432,516780
0,0.1432,526767
0,0.1433,10461
0,0.1433,11017
0,0.1433,11608
0,0.1433,11761
0,0.1433,12765
0,0.1433,18937
0,0.1433,19487
0,0.1433,20200
0,0.1433,24315
0,0.1433,34247
0,0.1433,46172
0,0.1433,61060
0,0.1433,69837
0,0.1433,71444
0,0.1433,73492
0,0.1433,76109
0,0.1433,80951
0,0.1433,800056
0,0.1433,800500
0,0.1433,802714
0,0.1433,803420
0,0.1434,10456
0,0.1434,13024
0,0.1434,13153
0,0.1434,23970
0,0.1434,29166
0,0.1434,30421
0,0.1434,77108
0,0.1434,105377
0,0.1434,514696
0,0.1434,514727
0,0.1434,515549
0,0.1434,520007
0,0.1434,520787
0,0.1434,520933
0,0.1434,527357
0,0.1434,532655
0,0.1434,800845
0,0.1435,10331
0,0.1435,11342
0,0.1435,11606
0,0.1435,11744
0,0.1435,12061
0,0.1435,14437
0,0.1435,19467
0,0.1435,26766
0,0.1435,57502
0,0.1435,57772
0,0.1435,59329
0,0.1435,63944
0,0.1435,68790
0,0.1435,111874
0,0.1435,135948
0,0.1435,519132
0,0.1435,805425
0,0.1436,10463
0,0.1436,11143
0,0.1436,11327
0,0.1436,11624
0,0.1436,13550
0,0.1436,14959
0,0.1436,16136
0,0.1436,26071
0,0.1436,26485
0,0.1436,34385
0,0.1436,37902
0,0.1436,39569
0,0.1436,40826
0,0.1436,40966
0,0.1436,52099
0,0.1436,71719
0,0.1436,85916
0,0.1436,518788
0,0.1436,521771
0,0.1436,527577
0,0.1436,544258
0,0.1437,10084
0,0.1437,10224
0,0.1437,10540
0,0.1437,11112
0,0.1437,11244
0,0.1437,11345
0,0.1437,11521
0,0.1437,11531
0,0.1437,11620
0,0.1437,12320
0,0.1437,20445
0,0.1437,23076
0,0.1437,29997
0,0.1437,31099
0,0.1437,32321
0,0.1437,33591
0,0.1437,46670
0,0.1437,142053
0,0.1437,555319
0,0.1437,918902
0,0.1438,10390
0,0.1438,10629
0,0.1438,10650
0,0.1438,11289
0,0.1438,11741
0,0.1438,14386
0,0.1438,22977
0,0.1438,23401
0,0.1438,27702
0,0.1438,51533
0,0.1438,68398
0,0.1438,84638
0,0.1438,85147
0,0.1438,92866
0,0.1438,110372
0,0.1438,116162
0,0.1438,519572
0,0.1438,564884
0,0.1438,830514
0,0.1439,10285
0,0.1439,11141
0,0.1439,12717
0,0.1439,20910
0,0.1439,21115
0,0.1439,26423
0,0.1439,33002
0,0.1439,41551
0,0.1439,41622
0,0.1439,44587
0,0.1439,50996
0,0.1439,86985
0,0.1439,120208
0,0.1439,260257
0,0.1439,559217
0,0.1440,10397
0,0.1440,10863
0,0.1440,13172
0,0.1440,13423
0,0.1440,13431
0,0.1440,15647
0,0.1440,19579
0,0.1440,42308
0,0.1440,46693
0,0.1440,54383
0,0.1440,62837
0,0.1440,98590
0,0.1440,145635
0,0.1440,247232
0,0.1440,381503
0,0.1440,521210
0,0.1440,532768
0,0.1440,579253
0,0.1440,800383
0,0.1440,801936
0,0.1441,10262
0,0.1441,10877
0,0.1441,11829
0,0.1441,12109
0,0.1441,13315
0,0.1441,13384
0,0.1441,15753
0,0.1441,16774
0,0.1441,23241
0,0.1441,26263
0,0.1441,41135
0,0.1441,42495
0,0.1441,45460
0,0.1441,50927
0,0.1441,51350
0,0.1441,51391
0,0.1441,63901
0,0.1441,514424
0,0.1441,514426
0,0.1441,520002
0,0.1441,524164
0,0.1441,803237
0,0.1441,808740
0,0.1442,10005
0,0.1442,11294
0,0.1442,11828
0,0.1442,14391
0,0.1442,18108
0,0.1442,30469
0,0.1442,31847
0,0.1442,34464
0,0.1442,37147
0,0.1442,53326
0,0.1442,105123
0,0.1442,516322
0,0.1442,521292
0,0.1442,529417
0,0.1442,800117
0,0.1443,10118
0,0.1443,10736
0,0.1443,10942
0,0.1443,16236
0,0.1443,22040
0,0.1443,23477
0,0.1443,26602
0,0.1443,33047
0,0.1443,36443
0,0.1443,44995
0,0.1443,76493
0,0.1443,148464
0,0.1443,519584
0,0.1443,527409
0,0.1444,10448
0,0.1444,10756
0,0.1444,10996
0,0.1444,11583
0,0.1444,12135
0,0.1444,12425
0,0.1444,12994
0,0.1444,13610
0,0.1444,13707
0,0.1444,14334
0,0.1444,14381
0,0.1444,14802
0,0.1444,16993
0,0.1444,18165
0,0.1444,18203
0,0.1444,21098
0,0.1444,22323
0,0.1444,24394
0,0.1444,56072
0,0.1444,63927
0,0.1444,67070
0,0.1444,74436
0,0.1444,146273
0,0.1444,527410
0,0.1444,800642
0,0.1444,932684
0,0.1445,10459
0,0.1445,13230
0,0.1445,14893
0,0.1445,14985
0,0.1445,16281
0,0.1445,17406
0,0.1445,18994
0,0.1445,19828
0,0.1445,21267
0,0.1445,27775
0,0.1445,30469
0,0.1445,36743
0,0.1445,48274
0,0.1445,119612
0,0.1445,147696
0,0.1445,519242
0,0.1445,530777
0,0.1445,555318
0,0.1445,802843
0,0.1446,10039
0,0.1446,10632
0,0.1446,11556
0,0.1446,11993
0,0.1446,12965
0,0.1446,13886
0,0.1446,14161
0,0.1446,16188
0,0.1446,17540
0,0.1446,26642
0,0.1446,29826
0,0.1446,45286
0,0.1446,56390
0,0.1446,62429
0,0.1446,174194
0,0.1446,521935
0,0.1446,902180
0,0.1447,10101
0,0.1447,10209
0,0.1447,10670
0,0.1447,10808
0,0.1447,11215
0,0.1447,11523
0,0.1447,13563
0,0.1447,14510
0,0.1447,16416
0,0.1447,16422
0,0.1447,17614
0,0.1447,18332
0,0.1447,29176
0,0.1447,30885
0,0.1447,33248
0,0.1447,34712
0,0.1447,38204
0,0.1447,39825
0,0.1447,59950
0,0.1447,79979
0,0.1447,166153
0,0.1447,514598
0,0.1447,520932
0,0.1447,543774
0,0.1447,914259
0,0.1447,133348431
0,0.1448,10065
0,0.1448,11975
0,0.1448,12338
0,0.1448,13435
0,0.1448,16434
0,0.1448,18637
0,0.1448,29157
0,0.1448,31117
0,0.1448,36725
0,0.1448,38043
0,0.1448,44568
0,0.1448,57932
0,0.1448,72672
0,0.1448,84445
0,0.1448,98526
0,0.1448,145128
0,0.1448,515266
0,0.1448,516317
0,0.1448,529665
0,0.1448,934840
0,0.1449,10072
0,0.1449,10074
0,0.1449,10322
0,0.1449,10569
0,0.1449,10906
0,0.1449,11501
0,0.1449,11914
0,0.1449,12046
0,0.1449,12711
0,0.1449,17027
0,0.1449,18828
0,0.1449,22224
0,0.1449,23496
0,0.1449,26039
0,0.1449,28525
0,0.1449,33502
0,0.1449,36839
0,0.1449,51865
0,0.1449,65365
0,0.1449,520466
0,0.1449,535926
0,0.1449,537139
0,0.1450,10347
0,0.1450,11092
0,0.1450,11736
0,0.1450,12241
0,0.1450,12621
0,0.1450,13334
0,0.1450,15313
0,0.1450,17325
0,0.1450,20123
0,0.1450,21889
0,0.1450,22105
0,0.1450,24828
0,0.1450,26223
0,0.1450,28584
0,0.1450,32482
0,0.1450,40568
0,0.1450,42549
0,0.1450,59389
0,0.1450,77609
0,0.1450,79631
0,0.1450,112749
0,0.1450,114223
0,0.1450,519970
0,0.1450,532800
0,0.1450,545180
0,0.1450,926518
0,0.1451,12037
0,0.1451,12171
0,0.1451,12312
0,0.1451,13018
0,0.1451,13596
0,0.1451,20581
0,0.1451,21790
0,0.1451,22243
0,0.1451,28803
0,0.1451,32958
0,0.1451,33165
0,0.1451,34677
0,0.1451,35187
0,0.1451,51646
0,0.1451,68997
0,0.1451,90874
0,0.1451,99540
0,0.1451,524238
0,0.1451,527470
0,0.1451,535279
0,0.1451,915497
0,0.1452,10096
0,0.1452,10133
0,0.1452,10531
0,0.1452,11229
0,0.1452,11262
0,0.1452,11485
0,0.1452,11725
0,0.1452,13194
0,0.1452,14243
0,0.1452,14609
0,0.1452,14925
0,0.1452,15517
0,0.1452,16141
0,0.1452,17156
0,0.1452,20960
0,0.1452,22276
0,0.1452,32815
0,0.1452,34635
0,0.1452,35196
0,0.1452,37584
0,0.1452,39727
0,0.1452,44781
0,0.1452,523828
0,0.1452,543264
0,0.1453,10241
0,0.1453,10612
0,0.1453,10613
0,0.1453,11292
0,0.1453,12162
0,0.1453,12977
0,0.1453,18075
0,0.1453,21876
0,0.1453,24407
0,0.1453,32666
0,0.1453,44472
0,0.1453,45643
0,0.1453,46783
0,0.1453,107071
0,0.1453,135948
0,0.1453,195727
0,0.1453,517164
0,0.1453,522828
0,0.1453,556037
0,0.1453,800551
0,0.1454,10185
0,0.1454,12958
0,0.1454,14666
0,0.1454,15662
0,0.1454,22338
0,0.1454,25786
0,0.1454,26305
0,0.1454,29604
0,0.1454,47779
0,0.1454,54628
0,0.1454,59516
0,0.1454,59950
0,0.1454,76634
0,0.1454,99751
0,0.1454,146502
0,0.1454,519041
0,0.1454,555967
0,0.1454,555969
0,0.1454,801350
0,0.1455,10305
0,0.1455,10376
0,0.1455,10470
0,0.1455,10767
0,0.1455,11390
0,0.1455,16083
0,0.1455,18466
0,0.1455,27614
0,0.1455,30102
0,0.1455,52570
0,0.1455,79554
0,0.1455,128455
0,0.1455,128686
0,0.1455,513911
0,0.1455,525105
0,0.1456,10147
0,0.1456,10269
0,0.1456,10604
0,0.1456,12837
0,0.1456,13027
0,0.1456,13666
0,0.1456,16972
0,0.1456,17650
0,0.1456,18328
0,0.1456,18854
0,0.1456,19873
0,0.1456,20001
0,0.1456,24006
0,0.1456,32337
0,0.1456,49551
0,0.1456,67864
0,0.1456,339719
0,0.1456,515070
0,0.1456,521158
0,0.1457,10198
0,0.1457,10218
0,0.1457,10530
0,0.1457,10929
0,0.1457,11783
0,0.1457,11870
0,0.1457,12761
0,0.1457,16274
0,0.1457,18416
0,0.1457,19267
0,0.1457,19921
0,0.1457,20620
0,0.1457,28899
0,0.1457,34907
0,0.1457,39943
0,0.1457,40838
0,0.1457,51116
0,0.1457,55354
0,0.1457,66389
0,0.1457,82960
0,0.1457,88799
0,0.1457,147959
0,0.1457,189046
0,0.1457,523544
0,0.1457,580417
0,0.1458,11788
0,0.1458,11952
0,0.1458,17319
0,0.1458,18016
0,0.1458,19904
0,0.1458,22166
0,0.1458,22569
0,0.1458,23132
0,0.1458,29750
0,0.1458,30469
0,0.1458,32656
0,0.1458,36844
0,0.1458,40444
0,0.1458,42904
0,0.1458,52570
0,0.1458,75344
0,0.1458,78542
0,0.1458,517330
0,0.1458,517458
0,0.1458,520574
0,0.1458,520759
0,0.1458,524990
0,0.1459,10126
0,0.1459,10140
0,0.1459,10321
0,0.1459,10515
0,0.1459,11135
0,0.1459,11722
0,0.1459,12152
0,0.1459,12309
0,0.1459,12371
0,0.1459,14897
0,0.1459,16433
0,0.1459,45430
0,0.1459,47019
0,0.1459,48131
0,0.1459,53812
0,0.1459,70509
0,0.1459,87958
0,0.1459,520916
0,0.1459,521575
0,0.1459,524777
0,0.1460,10169
0,0.1460,10254
0,0.1460,10423
0,0.1460,11281
0,0.1460,11478
0,0.1460,11546
0,0.1460,12050
0,0.1460,13621
0,0.1460,14360
0,0.1460,19743
0,0.1460,20739
0,0.1460,24979
0,0.1460,32656
0,0.1460,43847
0,0.1460,44846
0,0.1460,49225
0,0.1460,67398
0,0.1460,91799
0,0.1460,129608
0,0.1460,519865
0,0.1460,551294
0,0.1461,10176
0,0.1461,10378
0,0.1461,10702
0,0.1461,11050
0,0.1461,11399
0,0.1461,11603
0,0.1461,11991
0,0.1461,13147
0,0.1461,13386
0,0.1461,13725
0,0.1461,17484
0,0.1461,18634
0,0.1461,24985
0,0.1461,27416
0,0.1461,28406
0,0.1461,34089
0,0.1461,53089
0,0.1461,55874
0,0.1461,56888
0,0.1461,61888
0,0.1461,91582
0,0.1461,192978
0,0.1461,512883
0,0.1461,515554
0,0.1461,520003
0,0.1461,523591
0,0.1462,10033
0,0.1462,10342
0,0.1462,10473
0,0.1462,11922
0,0.1462,12111
0,0.1462,12351
0,0.1462,12541
0,0.1462,15693
0,0.1462,30525
0,0.1462,48329
0,0.1462,114513
0,0.1462,267437
0,0.1462,512796
0,0.1462,514766
0,0.1462,521189
0,0.1462,531985
0,0.1462,580793
0,0.1463,10408
0,0.1463,11379
0,0.1463,11837
0,0.1463,11992
0,0.1463,14158
0,0.1463,14821
0,0.1463,15970
0,0.1463,16107
0,0.1463,18726
0,0.1463,21166
0,0.1463,22473
0,0.1463,23854
0,0.1463,25552
0,0.1463,26711
0,0.1463,52544
0,0.1463,54621
0,0.1463,518153
0,0.1463,524207
0,0.1463,529429
0,0.1463,564824
0,0.1463,580637
0,0.1464,10201
0,0.1464,10469
0,0.1464,11170
0,0.1464,11402
0,0.1464,11517
0,0.1464,11789
0,0.1464,12120
0,0.1464,12929
0,0.1464,14661
0,0.1464,15507
0,0.1464,18730
0,0.1464,19333
0,0.1464,19845
0,0.1464,26625
0,0.1464,28680
0,0.1464,36556
0,0.1464,44957
0,0.1464,54749
0,0.1464,111689
0,0.1464,145016
0,0.1464,523351
0,0.1464,356783826
0,0.1465,10905
0,0.1465,11323
0,0.1465,11400
0,0.1465,11594
0,0.1465,12354
0,0.1465,13221
0,0.1465,14319
0,0.1465,14506
0,0.1465,15353
0,0.1465,15541
0,0.1465,18867
0,0.1465,22717
0,0.1465,28241
0,0.1465,30343
0,0.1465,49754
0,0.1465,61272
0,0.1465,64400
0,0.1465,66970
0,0.1465,75409
0,0.1465,76894
0,0.1465,97536
0,0.1465,109321
0,0.1465,134783
0,0.1465,511801
0,0.1465,555966
0,0.1466,10524
0,0.1466,12735
0,0.1466,21567
0,0.1466,34148
0,0.1466,38351
0,0.1466,54952
0,0.1466,86553
0,0.1466,93854
0,0.1466,132166
0,0.1466,514291
0,0.1466,521479
0,0.1466,522439
0,0.1466,523907
0,0.1466,524208
0,0.1466,531583
0,0.1466,800898
0,0.1467,10377
0,0.1467,12140
0,0.1467,12511
0,0.1467,12667
0,0.1467,12815
0,0.1467,14343
0,0.1467,16460
0,0.1467,16601
0,0.1467,17569
0,0.1467,24502
0,0.1467,26387
0,0.1467,27827
0,0.1467,31397
0,0.1467,34725
0,0.1467,38333
0,0.1467,73963
0,0.1467,79739
0,0.1467,97536
0,0.1467,127577
0,0.1467,142998
0,0.1467,520787
0,0.1467,537032
0,0.1467,918582
0,0.1468,10456
0,0.1468,10486
0,0.1468,10561
0,0.1468,11099
0,0.1468,12164
0,0.1468,12751
0,0.1468,13159
0,0.1468,13767
0,0.1468,13821
0,0.1468,14412
0,0.1468,14954
0,0.1468,20402
0,0.1468,24841
0,0.1468,26845
0,0.1468,38024
0,0.1468,64263
0,0.1468,66076
0,0.1468,69595
0,0.1468,75333
0,0.1468,88490
0,0.1468,519850
0,0.1468,523490
0,0.1468,532655
0,0.1468,564884
0,0.1468,801404
0,0.1468,802433
0,0.1469,10208
0,0.1469,10373
0,0.1469,10463
0,0.1469,11359
0,0.1469,12057
0,0.1469,12603
0,0.1469,14340
0,0.1469,15619
0,0.1469,17566
0,0.1469,18015
0,0.1469,25288
0,0.1469,26168
0,0.1469,28622
0,0.1469,71418
0,0.1469,148909
0,0.1469,185726
0,0.1469,512797
0,0.1469,521108
0,0.1470,10522
0,0.1470,11341
0,0.1470,11467
0,0.1470,11958
0,0.1470,13716
0,0.1470,14722
0,0.1470,18713
0,0.1470,21332
0,0.1470,23200
0,0.1470,51205
0,0.1470,58053
0,0.1470,76958
0,0.1470,93352
0,0.1470,99589
0,0.1470,159400
0,0.1470,518294
0,0.1471,10093
0,0.1471,10134
0,0.1471,11744
0,0.1471,11930
0,0.1471,12121
0,0.1471,12231
0,0.1471,12460
0,0.1471,12890
0,0.1471,13232
0,0.1471,17705
0,0.1471,17817
0,0.1471,18044
0,0.1471,23401
0,0.1471,27024
0,0.1471,62528
0,0.1471,195277
0,0.1471,519692
0,0.1471,524968
0,0.1471,810889
0,0.1472,11531
0,0.1472,12160
0,0.1472,13380
0,0.1472,15183
0,0.1472,15184
0,0.1472,19062
0,0.1472,19387
0,0.1472,19767
0,0.1472,21637
0,0.1472,22806
0,0.1472,24804
0,0.1472,32784
0,0.1472,47617
0,0.1472,53719
0,0.1472,58027
0,0.1472,63336
0,0.1472,119411
0,0.1472,121759
0,0.1472,130279
0,0.1472,141297
0,0.1472,516097
0,0.1472,531768
0,0.1472,542560
0,0.1472,564174
0,0.1473,10429
0,0.1473,10650
0,0.1473,10977
0,0.1473,11030
0,0.1473,11244
0,0.1473,11620
0,0.1473,11947
0,0.1473,13225
0,0.1473,13428
0,0.1473,13981
0,0.1473,16651
0,0.1473,19949
0,0.1473,25087
0,0.1473,25166
0,0.1473,33779
0,0.1473,35514
0,0.1473,39802
0,0.1473,46393
0,0.1473,65932
0,0.1473,73249
0,0.1473,118845
0,0.1473,148484
0,0.1473,159277
0,0.1473,168466
0,0.1473,800949
0,0.1473,801828
0,0.1474,10397
0,0.1474,11342
0,0.1474,12031
0,0.1474,12896
0,0.1474,14607
0,0.1474,17847
0,0.1474,20044
0,0.1474,20459
0,0.1474,22833
0,0.1474,48530
0,0.1474,195277
0,0.1474,521438
0,0.1474,527358
0,0.1474,533469
0,0.1475,10102
0,0.1475,11289
0,0.1475,13198
0,0.1475,13556
0,0.1475,15244
0,0.1475,28019
0,0.1475,30776
0,0.1475,31733
0,0.1475,37342
0,0.1475,38670
0,0.1475,41174
0,0.1475,41812
0,0.1475,44138
0,0.1475,49910
0,0.1475,62528
0,0.1475,114090
0,0.1475,138439
0,0.1475,520002
0,0.1475,521157
0,0.1475,522891
0,0.1475,562451
0,0.1475,801650
0,0.1476,10786
0,0.1476,10835
0,0.1476,10942
0,0.1476,14517
0,0.1476,16454
0,0.1476,16781
0,0.1476,18334
0,0.1476,30992
0,0.1476,53849
0,0.1476,95665
0,0.1476,133908
0,0.1476,519655
0,0.1476,545247
0,0.1476,800868
0,0.1476,807356
0,0.1477,10302
0,0.1477,10359
0,0.1477,10765
0,0.1477,11080
0,0.1477,11469
0,0.1477,11828
0,0.1477,12782
0,0.1477,16801
0,0.1477,17175
0,0.1477,18824
0,0.1477,25245
0,0.1477,26628
0,0.1477,33296
0,0.1477,40559
0,0.1477,117427
0,0.1477,142189
0,0.1477,280660
0,0.1477,534195
0,0.1477,914363
0,0.1478,10402
0,0.1478,10472
0,0.1478,11321
0,0.1478,11375
0,0.1478,12717
0,0.1478,16513
0,0.1478,18049
0,0.1478,20707
0,0.1478,23012
0,0.1478,24713
0,0.1478,30421
0,0.1478,31775
0,0.1478,43489
0,0.1478,49102
0,0.1478,49479
0,0.1478,111335
0,0.1478,513419
0,0.1478,514425
0,0.1478,521171
0,0.1478,524797
0,0.1479,11294
0,0.1479,14461
0,0.1479,14530
0,0.1479,16648
0,0.1479,17722
0,0.1479,21338
0,0.1479,26239
0,0.1479,48178
0,0.1479,52564
0,0.1479,57896
0,0.1479,522891
0,0.1479,530777
0,0.1480,11345
0,0.1480,11761
0,0.1480,12509
0,0.1480,14442
0,0.1480,15905
0,0.1480,23477
0,0.1480,25714
0,0.1480,26130
0,0.1480,27627
0,0.1480,29555
0,0.1480,42425
0,0.1480,43799
0,0.1480,45811
0,0.1480,52326
0,0.1480,58157
0,0.1480,107105
0,0.1480,167190
0,0.1481,10632
0,0.1481,11143
0,0.1481,11993
0,0.1481,12320
0,0.1481,13550
0,0.1481,16167
0,0.1481,18909
0,0.1481,25332
0,0.1481,27379
0,0.1481,32752
0,0.1481,32774
0,0.1481,37190
0,0.1481,40542
0,0.1481,44026
0,0.1481,49632
0,0.1481,50320
0,0.1481,51121
0,0.1481,56430
0,0.1481,57896
0,0.1481,69650
0,0.1481,69815
0,0.1481,132204
0,0.1481,521935
0,0.1481,555318
0,0.1482,11501
0,0.1482,11523
0,0.1482,12163
0,0.1482,12934
0,0.1482,14437
0,0.1482,14573
0,0.1482,17757
0,0.1482,21851
0,0.1482,28899
0,0.1482,31082
0,0.1482,31196
0,0.1482,31348
0,0.1482,35121
0,0.1482,48477
0,0.1482,53416
0,0.1482,56353
0,0.1482,66954
0,0.1482,68572
0,0.1482,77631
0,0.1482,109459
0,0.1482,514324
0,0.1482,517359
0,0.1482,801006
0,0.1482,801598
0,0.1482,917516
0,0.1483,10084
0,0.1483,10564
0,0.1483,11736
0,0.1483,13571
0,0.1483,16426
0,0.1483,16862
0,0.1483,23204
0,0.1483,26515
0,0.1483,29156
0,0.1483,29560
0,0.1483,41571
0,0.1483,49794
0,0.1483,55061
0,0.1483,65448
0,0.1483,78992
0,0.1483,544813
0,0.1484,11725
0,0.1484,11914
0,0.1484,11975
0,0.1484,12338
0,0.1484,14497
0,0.1484,16136
0,0.1484,17076
0,0.1484,31925
0,0.1484,50017
0,0.1484,54445
0,0.1484,63981
0,0.1484,69061
0,0.1484,121759
0,0.1484,247232
0,0.1484,521439
0,0.1484,524238
0,0.1484,527577
0,0.1484,532768
0,0.1484,533589
0,0.1485,10096
0,0.1485,10209
0,0.1485,10540
0,0.1485,11262
0,0.1485,12654
0,0.1485,13315
0,0.1485,15864
0,0.1485,16013
0,0.1485,21505
0,0.1485,24064
0,0.1485,26813
0,0.1485,31166
0,0.1485,31291
0,0.1485,34953
0,0.1485,55542
0,0.1485,158604
0,0.1485,521290
0,0.1485,530668
0,0.1485,804989
0,0.1486,10263
0,0.1486,10297
0,0.1486,11105
0,0.1486,11292
0,0.1486,12994
0,0.1486,13664
0,0.1486,14962
0,0.1486,17107
0,0.1486,18165
0,0.1486,27697
0,0.1486,31247
0,0.1486,35155
0,0.1486,35634
0,0.1486,40685
0,0.1486,41778
0,0.1486,42307
0,0.1486,43183
0,0.1486,46954
0,0.1486,56739
0,0.1486,62624
0,0.1486,518903
0,0.1486,521437
0,0.1486,524164
0,0.1487,11521
0,0.1487,12840
0,0.1487,14019
0,0.1487,14427
0,0.1487,16610
0,0.1487,20581
0,0.1487,22026
0,0.1487,22787
0,0.1487,23151
0,0.1487,23212
0,0.1487,25963
0,0.1487,26102
0,0.1487,41869
0,0.1487,46898
0,0.1487,47215
0,0.1487,104131
0,0.1487,119852
0,0.1487,527470
0,0.1488,10736
0,0.1488,11615
0,0.1488,13095
0,0.1488,14161
0,0.1488,14435
0,0.1488,17325
0,0.1488,22243
0,0.1488,38630
0,0.1488,39922
0,0.1488,40664
0,0.1488,46898
0,0.1488,99858
0,0.1488,100885
0,0.1489,10111
0,0.1489,10133
0,0.1489,10716
0,0.1489,13379
0,0.1489,13684
0,0.1489,16207
0,0.1489,18695
0,0.1489,22852
0,0.1489,26953
0,0.1489,35196
0,0.1489,36149
0,0.1489,36577
0,0.1489,53918
0,0.1489,60292
0,0.1489,63508
0,0.1489,102548
0,0.1489,804989
0,0.1489,814586
0,0.1489,904868
0,0.1490,10065
0,0.1490,11471
0,0.1490,11722
0,0.1490,11783
0,0.1490,11870
0,0.1490,12809
0,0.1490,21263
0,0.1490,22276
0,0.1490,24151
0,0.1490,24828
0,0.1490,25927
0,0.1490,44766
0,0.1490,61941
0,0.1490,513828
0,0.1490,532766
0,0.1491,10376
0,0.1491,10593
0,0.1491,10877
0,0.1491,10914
0,0.1491,10929
0,0.1491,11546
0,0.1491,13283
0,0.1491,13479
0,0.1491,14874
0,0.1491,15688
0,0.1491,16524
0,0.1491,18417
0,0.1491,26766
0,0.1491,27470
0,0.1491,30469
0,0.1491,36291
0,0.1491,38260
0,0.1491,42598
0,0.1491,50199
0,0.1491,50372
0,0.1491,58972
0,0.1491,80951
0,0.1491,119212
0,0.1491,125574
0,0.1491,516568
0,0.1491,519242
0,0.1491,525064
0,0.1491,547655
0,0.1491,905652
0,0.1492,10114
0,0.1492,11058
0,0.1492,12977
0,0.1492,13153
0,0.1492,13303
0,0.1492,13375
0,0.1492,13944
0,0.1492,14066
0,0.1492,26497
0,0.1492,28525
0,0.1492,39257
0,0.1492,40761
0,0.1492,53320
0,0.1492,58972
0,0.1492,59950
0,0.1492,801088
0,0.1493,10118
0,0.1493,10482
0,0.1493,10569
0,0.1493,10973
0,0.1493,11619
0,0.1493,13356
0,0.1493,14750
0,0.1493,15992
0,0.1493,18016
0,0.1493,19665
0,0.1493,21132
0,0.1493,29232
0,0.1493,30611
0,0.1493,32617
0,0.1493,38573
0,0.1493,38652
0,0.1493,40740
0,0.1493,49038
0,0.1493,76394
0,0.1493,159782
0,0.1493,527469
0,0.1493,904639
0,0.1494,10140
0,0.1494,10254
0,0.1494,11556
0,0.1494,11564
0,0.1494,12534
0,0.1494,26292
0,0.1494,28793
0,0.1494,28899
0,0.1494,35798
0,0.1494,57675
0,0.1494,58496
0,0.1494,59950
0,0.1494,104545
0,0.1494,518153
0,0.1494,532804
0,0.1494,801252
0,0.1494,816543
0,0.1495,10074
0,0.1495,10169
0,0.1495,10262
0,0.1495,10305
0,0.1495,10390
0,0.1495,10399
0,0.1495,10459
0,0.1495,10470
0,0.1495,10515
0,0.1495,10904
0,0.1495,11478
0,0.1495,11514
0,0.1495,11991
0,0.1495,12023
0,0.1495,21099
0,0.1495,28380
0,0.1495,36207
0,0.1495,38916
0,0.1495,41342
0,0.1495,45663
0,0.1495,50560
0,0.1495,52220
0,0.1495,126345
0,0.1495,153573
0,0.1496,11082
0,0.1496,11281
0,0.1496,11324
0,0.1496,11583
0,0.1496,11952
0,0.1496,12061
0,0.1496,19274
0,0.1496,21822
0,0.1496,23533
0,0.1496,31297
0,0.1496,37732
0,0.1496,38538
0,0.1496,45470
0,0.1496,51401
0,0.1496,61908
0,0.1496,77967
0,0.1496,80093
0,0.1496,105929
0,0.1496,148493
0,0.1497,10039
0,0.1497,10629
0,0.1497,17800
0,0.1497,31068
0,0.1497,34063
0,0.1497,34084
0,0.1497,37336
0,0.1497,38262
0,0.1497,41754
0,0.1497,46188
0,0.1497,53144
0,0.1497,54749
0,0.1497,72572
0,0.1497,115664
0,0.1497,142998
0,0.1497,521158
0,0.1497,529429
0,0.1497,801491
0,0.1498,10628
0,0.1498,10806
0,0.1498,11922
0,0.1498,12111
0,0.1498,12965
0,0.1498,14514
0,0.1498,19921
0,0.1498,22166
0,0.1498,23854
0,0.1498,27614
0,0.1498,28016
0,0.1498,30469
0,0.1498,39054
0,0.1498,40733
0,0.1498,58779
0,0.1498,72019
0,0.1498,72871
0,0.1498,76172
0,0.1498,192978
0,0.1498,513418
0,0.1498,521946
0,0.1498,523317
0,0.1498,523512
0,0.1498,523591
0,0.1499,11072
0,0.1499,11517
0,0.1499,11992
0,0.1499,13470
0,0.1499,14922
0,0.1499,16366
0,0.1499,30105
0,0.1499,30943
0,0.1499,32165
0,0.1499,59796
0,0.1499,515161
0,0.1499,516324
0,0.1499,516967
0,0.1499,517458
0,0.1499,551294
0,0.1499,806606
0,0.1500,10126
0,0.1500,11608
0,0.1500,11703
0,0.1500,12756
0,0.1500,17225
0,0.1500,18203
0,0.1500,19953
0,0.1500,20620
0,0.1500,21798
0,0.1500,31376
0,0.1500,33987
0,0.1500,36825
0,0.1500,45661
0,0.1500,46898
0,0.1500,57043
0,0.1500,77810
0,0.1500,97457
0,0.1500,523828
0,0.1500,563873
0,0.1501,10456
0,0.1501,10473
0,0.1501,10996
0,0.1501,11229
0,0.1501,11379
0,0.1501,11390
0,0.1501,11780
0,0.1501,11837
0,0.1501,12332
0,0.1501,13610
0,0.1501,18043
0,0.1501,18678
0,0.1501,19828
0,0.1501,20272
0,0.1501,28899
0,0.1501,32439
0,0.1501,36026
0,0.1501,36146
0,0.1501,49945
0,0.1501,63482
0,0.1501,79945
0,0.1501,267437
0,0.1501,516433
0,0.1501,519869
0,0.1501,530791
0,0.1502,10201
0,0.1502,11355
0,0.1502,11400
0,0.1502,16706
0,0.1502,17105
0,0.1502,17904
0,0.1502,20132
0,0.1502,20200
0,0.1502,20995
0,0.1502,21692
0,0.1502,21709
0,0.1502,28406
0,0.1502,31624
0,0.1502,52465
0,0.1502,53863
0,0.1502,67722
0,0.1502,73491
0,0.1502,82482
0,0.1502,88912
0,0.1502,131378
0,0.1502,183161
0,0.1502,520939
0,0.1502,544258
0,0.1502,918582
0,0.1503,10461
0,0.1503,10530
0,0.1503,10653
0,0.1503,10756
0,0.1503,10905
0,0.1503,11817
0,0.1503,12354
0,0.1503,12367
0,0.1503,12765
0,0.1503,16188
0,0.1503,18730
0,0.1503,19647
0,0.1503,21409
0,0.1503,23896
0,0.1503,28640
0,0.1503,45416
0,0.1503,64457
0,0.1503,65986
0,0.1503,93352
0,0.1503,519365
0,0.1503,904119
0,0.1504,10321
0,0.1504,10423
0,0.1504,10463
0,0.1504,11603
0,0.1504,11749
0,0.1504,12012
0,0.1504,12387
0,0.1504,13431
0,0.1504,21267
0,0.1504,32354
0,0.1504,52641
0,0.1504,58972
0,0.1504,183161
0,0.1504,520787
0,0.1504,524152
0,0.1505,10408
0,0.1505,11744
0,0.1505,11788
0,0.1505,12241
0,0.1505,13621
0,0.1505,13940
0,0.1505,14243
0,0.1505,16508
0,0.1505,18726
0,0.1505,18994
0,0.1505,26419
0,0.1505,28588
0,0.1505,42919
0,0.1505,48231
0,0.1505,56288
0,0.1505,63883
0,0.1505,140776
0,0.1505,140903
0,0.1505,513846
0,0.1505,520916
0,0.1505,532655
0,0.1505,813400
0,0.1506,11099
0,0.1506,14391
0,0.1506,15662
0,0.1506,16636
0,0.1506,21382
0,0.1506,21567
0,0.1506,23401
0,0.1506,25655
0,0.1506,27416
0,0.1506,33646
0,0.1506,37399
0,0.1506,47746
0,0.1506,54892
0,0.1506,59618
0,0.1506,63826
0,0.1506,111345
0,0.1506,119868
0,0.1506,124404
0,0.1506,190419
0,0.1506,526119
0,0.1506,529519
0,0.1506,800329
0,0.1507,10497
0,0.1507,10942
0,0.1507,11531
0,0.1507,18075
0,0.1507,20688
0,0.1507,20867
0,0.1507,22899
0,0.1507,26071
0,0.1507,46596
0,0.1507,69089
0,0.1507,72102
0,0.1507,125065
0,0.1507,167190
0,0.1507,524208
0,0.1507,808740
0,0.1507,819835
0,0.1508,10356
0,0.1508,10458
0,0.1508,10808
0,0.1508,11244
0,0.1508,11594
0,0.1508,11620
0,0.1508,13666
0,0.1508,18536
0,0.1508,29217
0,0.1508,59678
0,0.1508,63798
0,0.1508,94994
0,0.1508,99080
0,0.1508,120208
0,0.1508,121384
0,0.1508,407353
0,0.1508,436612
0,0.1508,520002
0,0.1508,588356
0,0.1508,800207
0,0.1509,10051
0,0.1509,10397
0,0.1509,11050
0,0.1509,11289
0,0.1509,11399
0,0.1509,25951
0,0.1509,30894
0,0.1509,42997
0,0.1509,44995
0,0.1509,46617
0,0.1509,49558
0,0.1509,53918
0,0.1509,56966
0,0.1509,514688
0,0.1509,516317
0,0.1509,524741
0,0.1509,527410
0,0.1509,531531
0,0.1510,10613
0,0.1510,10650
0,0.1510,11342
0,0.1510,13483
0,0.1510,16649
0,0.1510,30806
0,0.1510,35737
0,0.1510,51750
0,0.1510,54741
0,0.1510,62367
0,0.1510,105217
0,0.1510,130874
0,0.1510,133908
0,0.1510,159400
0,0.1510,520155
0,0.1510,527430
0,0.1510,800323
0,0.1511,11828
0,0.1511,12929
0,0.1511,13423
0,0.1511,13821
0,0.1511,16124
0,0.1511,16434
0,0.1511,20402
0,0.1511,20910
0,0.1511,20960
0,0.1511,23241
0,0.1511,27151
0,0.1511,28604
0,0.1511,29231
0,0.1511,33919
0,0.1511,38538
0,0.1511,68887
0,0.1511,87276
0,0.1511,128455
0,0.1511,515158
0,0.1511,522377
0,0.1511,816543
0,0.1512,10176
0,0.1512,10524
0,0.1512,11162
0,0.1512,11359
0,0.1512,11829
0,0.1512,11956
0,0.1512,12109
0,0.1512,13194
0,0.1512,13716
0,0.1512,14294
0,0.1512,16422
0,0.1512,24067
0,0.1512,25245
0,0.1512,29176
0,0.1512,36062
0,0.1512,45678
0,0.1512,49570
0,0.1512,53918
0,0.1512,98526
0,0.1512,136213
0,0.1512,515069
0,0.1512,516322
0,0.1512,801280
0,0.1512,814586
0,0.1513,10522
0,0.1513,10767
0,0.1513,11135
0,0.1513,13116
0,0.1513,17014
0,0.1513,21568
0,0.1513,24626
0,0.1513,25476
0,0.1513,26338
0,0.1513,37297
0,0.1513,38510
0,0.1513,44377
0,0.1513,44741
0,0.1513,46154
0,0.1513,47932
0,0.1513,50256
0,0.1513,53456
0,0.1513,54787
0,0.1513,59035
0,0.1513,62429
0,0.1513,96104
0,0.1513,140278
0,0.1513,516162
0,0.1513,803412
0,0.1513,909181
0,0.1514,10205
0,0.1514,11816
0,0.1514,13127
0,0.1514,16029
0,0.1514,17310
0,0.1514,23477
0,0.1514,23517
0,0.1514,26602
0,0.1514,32890
0,0.1514,45016
0,0.1514,52572
0,0.1514,58481
0,0.1514,82571
0,0.1514,185386
0,0.1514,519970
0,0.1514,527357
0,0.1514,556574
0,0.1514,801666
0,0.1515,10304
0,0.1515,10719
0,0.1515,11930
0,0.1515,12162
0,0.1515,15431
0,0.1515,16005
0,0.1515,17908
0,0.1515,19767
0,0.1515,49736
0,0.1515,79690
0,0.1515,116012
0,0.1515,124962
0,0.1515,144897
0,0.1515,319274
0,0.1515,406728
0,0.1515,525105
0,0.1515,529602
0,0.1515,530777
0,0.1515,537458
0,0.1515,555318
0,0.1515,800970
0,0.1515,801088
0,0.1515,908274
0,0.1516,10632
0,0.1516,12471
0,0.1516,12717
0,0.1516,15507
0,0.1516,19845
0,0.1516,26551
0,0.1516,58836
0,0.1516,71618
0,0.1516,103414
0,0.1516,555712
0,0.1516,800084
0,0.1516,808740
0,0.1516,813400
0,0.1517,10429
0,0.1517,10977
0,0.1517,11525
0,0.1517,11993
0,0.1517,12037
0,0.1517,12561
0,0.1517,12572
0,0.1517,19792
0,0.1517,27319
0,0.1517,43785
0,0.1517,62648
0,0.1517,76932
0,0.1517,156863
0,0.1517,520475
0,0.1517,521935
0,0.1517,552393
0,0.1518,10049
0,0.1518,10134
0,0.1518,10421
0,0.1518,11294
0,0.1518,11501
0,0.1518,12728
0,0.1518,13384
0,0.1518,16206
0,0.1518,58226
0,0.1518,59618
0,0.1518,72111
0,0.1518,73560
0,0.1518,130279
0,0.1518,516331
0,0.1518,520466
0,0.1518,579253
0,0.1519,11523
0,0.1519,11624
0,0.1519,12067
0,0.1519,14343
0,0.1519,15517
0,0.1519,17540
0,0.1519,21772
0,0.1519,23339
0,0.1519,33672
0,0.1519,44840
0,0.1519,51603
0,0.1519,62528
0,0.1519,78583
0,0.1519,87660
0,0.1519,95835
0,0.1519,130439
0,0.1519,522828
0,0.1519,809322
0,0.1519,905652
0,0.1520,11262
0,0.1520,11914
0,0.1520,13056
0,0.1520,15164
0,0.1520,15183
0,0.1520,15353
0,0.1520,19873
0,0.1520,31117
0,0.1520,43882
0,0.1520,48301
0,0.1520,111803
0,0.1520,512745
0,0.1520,526801
0,0.1520,529031
0,0.1520,532800
0,0.1520,537803
0,0.1520,800687
0,0.1520,809322
0,0.1521,10264
0,0.1521,10704
0,0.1521,11618
0,0.1521,11725
0,0.1521,11736
0,0.1521,11975
0,0.1521,12338
0,0.1521,12606
0,0.1521,13027
0,0.1521,13128
0,0.1521,13230
0,0.1521,14386
0,0.1521,16141
0,0.1521,16416
0,0.1521,24442
0,0.1521,25439
0,0.1521,74190
0,0.1521,128455
0,0.1521,128562
0,0.1521,138447
0,0.1521,514009
0,0.1521,524238
0,0.1521,856359
0,0.1522,10208
0,0.1522,11292
0,0.1522,11722
0,0.1522,12171
0,0.1522,13237
0,0.1522,18179
0,0.1522,22494
0,0.1522,22917
0,0.1522,24866
0,0.1522,32482
0,0.1522,40838
0,0.1522,46960
0,0.1522,59618
0,0.1522,63046
0,0.1522,67398
0,0.1522,105377
0,0.1522,106885
0,0.1522,122835
0,0.1522,162555
0,0.1522,197895
0,0.1522,520930
0,0.1522,564824
0,0.1523,11546
0,0.1523,14666
0,0.1523,14985
0,0.1523,20059
0,0.1523,20581
0,0.1523,22243
0,0.1523,30469
0,0.1523,35330
0,0.1523,44667
0,0.1523,48218
0,0.1523,48975
0,0.1523,68692
0,0.1523,86967
0,0.1523,175745
0,0.1523,221876
0,0.1523,527351
0,0.1523,541683
0,0.1524,10378
0,0.1524,10727
0,0.1524,10804
0,0.1524,11345
0,0.1524,12837
0,0.1524,13172
0,0.1524,18798
0,0.1524,19364
0,0.1524,20324
0,0.1524,20747
0,0.1524,59400
0,0.1524,68686
0,0.1524,90310
0,0.1524,517532
0,0.1524,523060
0,0.1524,543483
0,0.1524,800241
0,0.1525,10133
0,0.1525,10209
0,0.1525,10561
0,0.1525,10929
0,0.1525,11092
0,0.1525,11162
0,0.1525,11783
0,0.1525,11870
0,0.1525,17027
0,0.1525,19143
0,0.1525,30421
0,0.1525,31331
0,0.1525,35196
0,0.1525,37202
0,0.1525,43363
0,0.1525,43546
0,0.1525,44000
0,0.1525,44147
0,0.1525,114594
0,0.1525,118532
0,0.1525,141834
0,0.1525,519850
0,0.1525,520003
0,0.1525,524990
0,0.1525,527470
0,0.1525,535438
0,0.1526,10540
0,0.1526,11176
0,0.1526,12152
0,0.1526,12320
0,0.1526,13334
0,0.1526,15005
0,0.1526,17325
0,0.1526,18165
0,0.1526,18332
0,0.1526,20445
0,0.1526,22276
0,0.1526,26860
0,0.1526,28241
0,0.1526,37608
0,0.1526,42074
0,0.1526,42373
0,0.1526,45451
0,0.1526,51479
0,0.1526,52235
0,0.1526,59422
0,0.1526,99925
0,0.1526,163811
0,0.1526,423539
0,0.1526,522812
0,0.1526,529665
0,0.1527,10198
0,0.1527,10411
0,0.1527,10670
0,0.1527,11937
0,0.1527,12312
0,0.1527,12994
0,0.1527,15117
0,0.1527,15133
0,0.1527,16276
0,0.1527,16601
0,0.1527,19717
0,0.1527,24352
0,0.1527,26047
0,0.1527,26263
0,0.1527,27702
0,0.1527,33405
0,0.1527,37147
0,0.1527,49376
0,0.1527,49961
0,0.1527,56207
0,0.1527,57923
0,0.1527,59518
0,0.1527,78067
0,0.1527,114510
0,0.1527,120208
0,0.1527,247232
0,0.1527,527577
0,0.1527,532811
0,0.1527,821509
0,0.1527,904119
0,0.1528,10096
0,0.1528,10140
0,0.1528,10169
0,0.1528,10216
0,0.1528,13550
0,0.1528,13998
0,0.1528,18016
0,0.1528,27157
0,0.1528,34247
0,0.1528,34761
0,0.1528,36844
0,0.1528,43861
0,0.1528,66113
0,0.1528,100307
0,0.1528,110998
0,0.1528,111655
0,0.1528,512796
0,0.1528,519695
0,0.1528,536992
0,0.1528,555322
0,0.1528,800373
0,0.1529,10254
0,0.1529,10459
0,0.1529,10515
0,0.1529,11281
0,0.1529,11478
0,0.1529,12340
0,0.1529,12702
0,0.1529,13315
0,0.1529,14685
0,0.1529,14802
0,0.1529,24660
0,0.1529,27569
0,0.1529,41787
0,0.1529,44634
0,0.1529,45796
0,0.1529,52616
0,0.1529,53961
0,0.1529,62771
0,0.1529,71224
0,0.1529,118507
0,0.1529,516097
0,0.1529,517351
0,0.1529,519588
0,0.1529,524893
0,0.1529,529429
0,0.1529,548589
0,0.1530,10376
0,0.1530,11467
0,0.1530,11991
0,0.1530,12541
0,0.1530,12958
0,0.1530,13345
0,0.1530,13839
0,0.1530,18007
0,0.1530,20001
0,0.1530,21235
0,0.1530,21756
0,0.1530,30716
0,0.1530,47595
0,0.1530,54958
0,0.1530,109145
0,0.1530,118825
0,0.1530,127577
0,0.1530,133607
0,0.1530,171283
0,0.1530,514424
0,0.1530,519589
0,0.1531,10065
0,0.1531,10084
0,0.1531,10296
0,0.1531,12111
0,0.1531,13683
0,0.1531,18776
0,0.1531,19768
0,0.1531,26223
0,0.1531,29272
0,0.1531,50929
0,0.1531,54238
0,0.1531,70248
0,0.1531,112040
0,0.1531,137731
0,0.1531,518580
0,0.1531,521575
0,0.1531,546406
0,0.1531,383044585
0,0.1532,11521
0,0.1532,11922
0,0.1532,14430
0,0.1532,15547
0,0.1532,15647
0,0.1532,16600
0,0.1532,17570
0,0.1532,18084
0,0.1532,21725
0,0.1532,22671
0,0.1532,40435
0,0.1532,43230
0,0.1532,57772
0,0.1532,59733
0,0.1532,65630
0,0.1532,74106
0,0.1532,80544
0,0.1532,523591
0,0.1532,524164
0,0.1532,532768
0,0.1533,10097
0,0.1533,10305
0,0.1533,10456
0,0.1533,11116
0,0.1533,12485
0,0.1533,12511
0,0.1533,14161
0,0.1533,14339
0,0.1533,17052
0,0.1533,18824
0,0.1533,38068
0,0.1533,47748
0,0.1533,50804
0,0.1533,56991
0,0.1533,112110
0,0.1533,515157
0,0.1533,522827
0,0.1533,523351
0,0.1534,10736
0,0.1534,11143
0,0.1534,11409
0,0.1534,11517
0,0.1534,11992
0,0.1534,13972
0,0.1534,13981
0,0.1534,14139
0,0.1534,17319
0,0.1534,17484
0,0.1534,19467
0,0.1534,28803
0,0.1534,44302
0,0.1534,52962
0,0.1534,54749
0,0.1534,55374
0,0.1534,70171
0,0.1534,102136
0,0.1534,153662
0,0.1534,533849
0,0.1534,800392
0,0.1534,800917
0,0.1534,925829
0,0.1535,12711
0,0.1535,12773
0,0.1535,14158
0,0.1535,16460
0,0.1535,19921
0,0.1535,20287
0,0.1535,23854
0,0.1535,24828
0,0.1535,29166
0,0.1535,36351
0,0.1535,36956
0,0.1535,37622
0,0.1535,52771
0,0.1535,65539
0,0.1535,71008
0,0.1535,72329
0,0.1535,125291
0,0.1535,130874
0,0.1536,10472
0,0.1536,11317
0,0.1536,11761
0,0.1536,12732
0,0.1536,16433
0,0.1536,18262
0,0.1536,18939
0,0.1536,22166
0,0.1536,28293
0,0.1536,28525
0,0.1536,29350
0,0.1536,33229
0,0.1536,35477
0,0.1536,41393
0,0.1536,52583
0,0.1536,56609
0,0.1536,60172
0,0.1536,65161
0,0.1536,84551
0,0.1536,123308
0,0.1536,173968
0,0.1536,192978
0,0.1536,519242
0,0.1536,521158
0,0.1536,555967
0,0.1536,800304
0,0.1536,807368
0,0.1536,914259
0,0.1537,11952
0,0.1537,12425
0,0.1537,13143
0,0.1537,18049
0,0.1537,19108
0,0.1537,25039
0,0.1537,29826
0,0.1537,35113
0,0.1537,38805
0,0.1537,47002
0,0.1537,62314
0,0.1537,518153
0,0.1537,519586
0,0.1537,801214
0,0.1537,918582
0,0.1538,10201
0,0.1538,10473
0,0.1538,11379
0,0.1538,11400
0,0.1538,12977
0,0.1538,13596
0,0.1538,14437
0,0.1538,16648
0,0.1538,16993
0,0.1538,19579
0,0.1538,21166
0,0.1538,25719
0,0.1538,33340
0,0.1538,36333
0,0.1538,60590
0,0.1538,133908
0,0.1538,134883
0,0.1538,517804
0,0.1538,521241
0,0.1538,524082
0,0.1538,534777
0,0.1538,551294
0,0.1538,564174
0,0.1539,10126
0,0.1539,10262
0,0.1539,10463
0,0.1539,10569
0,0.1539,10877
0,0.1539,11837
0,0.1539,11969
0,0.1539,12259
0,0.1539,12354
0,0.1539,14573
0,0.1539,17855
0,0.1539,24804
0,0.1539,41302
0,0.1539,57542
0,0.1539,138586
0,0.1539,170256
0,0.1539,519585
0,0.1539,545066
0,0.1539,555966
0,0.1540,10905
0,0.1540,11112
0,0.1540,11603
0,0.1540,11744
0,0.1540,15125
0,0.1540,15970
0,0.1540,29420
0,0.1540,42495
0,0.1540,43616
0,0.1540,58972
0,0.1540,67468
0,0.1540,70487
0,0.1540,113074
0,0.1540,509223
0,0.1540,514687
0,0.1541,10470
0,0.1541,10942
0,0.1541,12121
0,0.1541,12309
0,0.1541,12705
0,0.1541,13435
0,0.1541,22705
0,0.1541,23401
0,0.1541,27614
0,0.1541,29604
0,0.1541,31119
0,0.1541,34301
0,0.1541,39485
0,0.1541,47728
0,0.1541,49255
0,0.1541,49903
0,0.1541,50485
0,0.1541,51032
0,0.1541,52536
0,0.1541,53918
0,0.1541,67052
0,0.1541,68031
0,0.1541,90874
0,0.1541,155659
0,0.1541,178810
0,0.1541,513911
0,0.1541,517458
0,0.1541,520787
0,0.1541,522730
0,0.1541,532655
0,0.1542,10786
0,0.1542,11030
0,0.1542,11099
0,0.1542,11531
0,0.1542,12653
0,0.1542,13312
0,0.1542,14319
0,0.1542,16107
0,0.1542,20105
0,0.1542,23743
0,0.1542,23958
0,0.1542,34717
0,0.1542,35182
0,0.1542,38204
0,0.1542,51537
0,0.1542,67244
0,0.1542,87584
0,0.1542,96273
0,0.1542,251420
0,0.1542,267437
0,0.1542,512534
0,0.1542,519132
0,0.1542,904246
0,0.1542,118750563
0,0.1543,10074
0,0.1543,10118
0,0.1543,10906
0,0.1543,11556
0,0.1543,11721
0,0.1543,13259
0,0.1543,16446
0,0.1543,17569
0,0.1543,20141
0,0.1543,23132
0,0.1543,32250
0,0.1543,32880
0,0.1543,36743
0,0.1543,44667
0,0.1543,44858
0,0.1543,52575
0,0.1543,55672
0,0.1543,58166
0,0.1543,66389
0,0.1543,75689
0,0.1543,78114
0,0.1543,118043
0,0.1543,119630
0,0.1543,126247
0,0.1543,527524
0,0.1543,542753
0,0.1543,555969
0,0.1543,801140
0,0.1544,10359
0,0.1544,10397
0,0.1544,11283
0,0.1544,11583
0,0.1544,12896
0,0.1544,14661
0,0.1544,15276
0,0.1544,17406
0,0.1544,17614
0,0.1544,18730
0,0.1544,19234
0,0.1544,20739
0,0.1544,24502
0,0.1544,24841
0,0.1544,25786
0,0.1544,26766
0,0.1544,26845
0,0.1544,33919
0,0.1544,34627
0,0.1544,36258
0,0.1544,37399
0,0.1544,38688
0,0.1544,41204
0,0.1544,48110
0,0.1544,52099
0,0.1544,58637
0,0.1544,60236
0,0.1544,85147
0,0.1544,91582
0,0.1544,520002
0,0.1544,520393
0,0.1544,527409
0,0.1544,800145
0,0.1544,807356
0,0.1545,10074
0,0.1545,11229
0,0.1545,11244
0,0.1545,11620
0,0.1545,11788
0,0.1545,12571
0,0.1545,16083
0,0.1545,20168
0,0.1545,20620
0,0.1545,28406
0,0.1545,44322
0,0.1545,48530
0,0.1545,53326
0,0.1545,58939
0,0.1545,80484
0,0.1545,129758
0,0.1545,134256
0,0.1545,800178
0,0.1546,10313
0,0.1546,10800
0,0.1546,11289
0,0.1546,11341
0,0.1546,11427
0,0.1546,12057
0,0.1546,12934
0,0.1546,13431
0,0.1546,18726
0,0.1546,21567
0,0.1546,22105
0,0.1546,32095
0,0.1546,38998
0,0.1546,46096
0,0.1546,46486
0,0.1546,50178
0,0.1546,52567
0,0.1546,87178
0,0.1546,88559
0,0.1546,100307
0,0.1546,103338
0,0.1546,136415
0,0.1546,515155
0,0.1546,555875
0,0.1547,10039
0,0.1547,10215
0,0.1547,10650
0,0.1547,11080
0,0.1547,11828
0,0.1547,12279
0,0.1547,12314
0,0.1547,13024
0,0.1547,17107
0,0.1547,18109
0,0.1547,18637
0,0.1547,22473
0,0.1547,23477
0,0.1547,28607
0,0.1547,43216
0,0.1547,59329
0,0.1547,69639
0,0.1547,517330
0,0.1547,529154
0,0.1547,555318
0,0.1548,10075
0,0.1548,10285
0,0.1548,11210
0,0.1548,11342
0,0.1548,12647
0,0.1548,13153
0,0.1548,16437
0,0.1548,16724
0,0.1548,18884
0,0.1548,29750
0,0.1548,43811
0,0.1548,59086
0,0.1548,65609
0,0.1548,80007
0,0.1548,80717
0,0.1548,91928
0,0.1548,146502
0,0.1548,530777
0,0.1548,535279
0,0.1548,804596
0,0.1548,809322
0,0.1549,10202
0,0.1549,10321
0,0.1549,10423
0,0.1549,10632
0,0.1549,11359
0,0.1549,12351
0,0.1549,14530
0,0.1549,23076
0,0.1549,35208
0,0.1549,63927
0,0.1549,105550
0,0.1549,195277
0,0.1549,519616
0,0.1549,532766
0,0.1549,543264
0,0.1549,545375
0,0.1549,552118
0,0.1550,10402
0,0.1550,10530
0,0.1550,11390
0,0.1550,11594
0,0.1550,13760
0,0.1550,14609
0,0.1550,18854
0,0.1550,21098
0,0.1550,38022
0,0.1550,40205
0,0.1550,45513
0,0.1550,79554
0,0.1550,136581
0,0.1550,514318
0,0.1550,518717
0,0.1550,524208
0,0.1550,542355
0,0.1550,556286
0,0.1551,10543
0,0.1551,11105
0,0.1551,11993
0,0.1551,12509
0,0.1551,15915
0,0.1551,19305
0,0.1551,22717
0,0.1551,34533
0,0.1551,41551
0,0.1551,73492
0,0.1551,103338
0,0.1551,133908
0,0.1551,153948
0,0.1551,513343
0,0.1551,521437
0,0.1551,800434
0,0.1551,807225
0,0.1552,10629
0,0.1552,10904
0,0.1552,12371
0,0.1552,13621
0,0.1552,15506
0,0.1552,18203
0,0.1552,20402
0,0.1552,27416
0,0.1552,46511
0,0.1552,58408
0,0.1552,71907
0,0.1552,91582
0,0.1552,262865
0,0.1552,520916
0,0.1552,521935
0,0.1552,904587
0,0.1553,10593
0,0.1553,11058
0,0.1553,11262
0,0.1553,11501
0,0.1553,11996
0,0.1553,12061
0,0.1553,15313
0,0.1553,25659
0,0.1553,33165
0,0.1553,35420
0,0.1553,38860
0,0.1553,95255
0,0.1553,146502
0,0.1553,195277
0,0.1553,515070
0,0.1554,11523
0,0.1554,13613
0,0.1554,14243
0,0.1554,14895
0,0.1554,14961
0,0.1554,22463
0,0.1554,40261
0,0.1554,55990
0,0.1554,104723
0,0.1554,142998
0,0.1554,457812
0,0.1554,523828
0,0.1554,524207
0,0.1554,545180
0,0.1555,10390
0,0.1555,10408
0,0.1555,11725
0,0.1555,11736
0,0.1555,11914
0,0.1555,12164
0,0.1555,12717
0,0.1555,12782
0,0.1555,12929
0,0.1555,27379
0,0.1555,29997
0,0.1555,32815
0,0.1555,147959
0,0.1555,524238
0,0.1555,537613
0,0.1555,802399
0,0.1555,807225
0,0.1555,905652
0,0.1556,11162
0,0.1556,11546
0,0.1556,12050
0,0.1556,13375
0,0.1556,18634
0,0.1556,21860
0,0.1556,69929
0,0.1556,149720
0,0.1556,159400
0,0.1556,516197
0,0.1557,10977
0,0.1557,11292
0,0.1557,11294
0,0.1557,11722
0,0.1557,12231
0,0.1557,13571
0,0.1557,13716
0,0.1557,18493
0,0.1557,18937
0,0.1557,20459
0,0.1557,22977
0,0.1557,37596
0,0.1557,39488
0,0.1557,57888
0,0.1557,79776
0,0.1557,79950
0,0.1557,129363
0,0.1557,452352
0,0.1557,800162
0,0.1557,801021
0,0.1558,10524
0,0.1558,10929
0,0.1558,11399
0,0.1558,11900
0,0.1558,11975
0,0.1558,14799
0,0.1558,19767
0,0.1558,19828
0,0.1558,23496
0,0.1558,26020
0,0.1558,26532
0,0.1558,29144
0,0.1558,38549
0,0.1558,53368
0,0.1558,119630
0,0.1558,523544
0,0.1559,10147
0,0.1559,10522
0,0.1559,11815
0,0.1559,12163
0,0.1559,13480
0,0.1559,13582
0,0.1559,13821
0,0.1559,16188
0,0.1559,18466
0,0.1559,22224
0,0.1559,28855
0,0.1559,32835
0,0.1559,37070
0,0.1559,80484
0,0.1559,90874
0,0.1559,100441
0,0.1559,116737
0,0.1559,147169
0,0.1559,167190
0,0.1559,519692
0,0.1559,555312
0,0.1559,555319
0,0.1559,914259
0,0.1560,10096
0,0.1560,10111
0,0.1560,11847
0,0.1560,11930
0,0.1560,12338
0,0.1560,12815
0,0.1560,12965
0,0.1560,15662
0,0.1560,20581
0,0.1560,22243
0,0.1560,26485
0,0.1560,28037
0,0.1560,54628
0,0.1560,58009
0,0.1560,66261
0,0.1560,72678
0,0.1560,130279
0,0.1560,522812
0,0.1560,800845
0,0.1560,803589
0,0.1561,10169
0,0.1561,10756
0,0.1561,10996
0,0.1561,11050
0,0.1561,11215
0,0.1561,11783
0,0.1561,11870
0,0.1561,14419
0,0.1561,21267
0,0.1561,26387
0,0.1561,27756
0,0.1561,28758
0,0.1561,29541
0,0.1561,31172
0,0.1561,38051
0,0.1561,67070
0,0.1561,70271
0,0.1561,74368
0,0.1561,111109
0,0.1561,126390
0,0.1561,127577
0,0.1561,142998
0,0.1561,518294
0,0.1561,522706
0,0.1561,529429
0,0.1561,800606
0,0.1562,10134
0,0.1562,10459
0,0.1562,10835
0,0.1562,17650
0,0.1562,22040
0,0.1562,25166
0,0.1562,27025
0,0.1562,29607
0,0.1562,30021
0,0.1562,46898
0,0.1562,109271
0,0.1562,123775
0,0.1562,156395
0,0.1562,513630
0,0.1562,581393
0,0.1562,801027
0,0.1562,807356
0,0.1562,904119
0,0.1562,934591
0,0.1563,10140
0,0.1563,10254
0,0.1563,12910
0,0.1563,18016
0,0.1563,18875
0,0.1563,31320
0,0.1563,31348
0,0.1563,31802
0,0.1563,33542
0,0.1563,57335
0,0.1563,71785
0,0.1563,122835
0,0.1563,511775
0,0.1563,523998
0,0.1563,801974
0,0.1563,810889
0,0.1564,10133
0,0.1564,11345
0,0.1564,11478
0,0.1564,12671
0,0.1564,12840
0,0.1564,13684
0,0.1564,14391
0,0.1564,15118
0,0.1564,17325
0,0.1564,30613
0,0.1564,31206
0,0.1564,35196
0,0.1564,69631
0,0.1564,79631
0,0.1564,87697
0,0.1564,143895
0,0.1564,523941
0,0.1564,550868
0,0.1564,801666
0,0.1564,902445
0,0.1565,10973
0,0.1565,11281
0,0.1565,11517
0,0.1565,11991
0,0.1565,12241
0,0.1565,14089
0,0.1565,14897
0,0.1565,17342
0,0.1565,18165
0,0.1565,19290
0,0.1565,19339
0,0.1565,19743
0,0.1565,33919
0,0.1565,44667
0,0.1565,53267
0,0.1565,54440
0,0.1565,83289
0,0.1565,87674
0,0.1565,91753
0,0.1565,103964
0,0.1565,114223
0,0.1565,153391
0,0.1565,177835
0,0.1565,521439
0,0.1565,530781
0,0.1565,543774
0,0.1565,943251
0,0.1566,10176
0,0.1566,11514
0,0.1566,12162
0,0.1566,12320
0,0.1566,12778
0,0.1566,13479
0,0.1566,14340
0,0.1566,15823
0,0.1566,16136
0,0.1566,22276
0,0.1566,23200
0,0.1566,30469
0,0.1566,46888
0,0.1566,61605
0,0.1566,68701
0,0.1566,84299
0,0.1566,511775
0,0.1566,523591
0,0.1566,544258
0,0.1566,569984
0,0.1567,10084
0,0.1567,10376
0,0.1567,10429
0,0.1567,10515
0,0.1567,10599
0,0.1567,12031
0,0.1567,12111
0,0.1567,13283
0,0.1567,13386
0,0.1567,14019
0,0.1567,14607
0,0.1567,16969
0,0.1567,17244
0,0.1567,18828
0,0.1567,18994
0,0.1567,20278
0,0.1567,22833
0,0.1567,43136
0,0.1567,46430
0,0.1567,53326
0,0.1567,59618
0,0.1567,78066
0,0.1567,91582
0,0.1567,95249
0,0.1567,103941
0,0.1567,145016
0,0.1567,511807
0,0.1567,801985
0,0.1567,810889
0,0.1568,10209
0,0.1568,10456
0,0.1568,11608
0,0.1568,11922
0,0.1568,12715
0,0.1568,12994
0,0.1568,13725
0,0.1568,17847
0,0.1568,19845
0,0.1568,21335
0,0.1568,26102
0,0.1568,29997
0,0.1568,34464
0,0.1568,34676
0,0.1568,41869
0,0.1568,56034
0,0.1568,57331
0,0.1568,244183
0,0.1568,247232
0,0.1568,514291
0,0.1568,514727
0,0.1568,517359
0,0.1568,521157
0,0.1568,814586
0,0.1568,133348431
0,0.1569,10208
0,0.1569,10461
0,0.1569,11355
0,0.1569,12890
0,0.1569,13356
0,0.1569,13767
0,0.1569,14343
0,0.1569,15507
0,0.1569,16526
0,0.1569,20311
0,0.1569,20926
0,0.1569,30421
0,0.1569,30539
0,0.1569,35634
0,0.1569,35927
0,0.1569,39802
0,0.1569,39922
0,0.1569,40350
0,0.1569,48614
0,0.1569,54382
0,0.1569,57896
0,0.1569,63327
0,0.1569,64701
0,0.1569,67398
0,0.1569,98782
0,0.1569,128686
0,0.1569,132166
0,0.1569,484476
0,0.1569,509223
0,0.1570,10221
0,0.1570,12460
0,0.1570,13666
0,0.1570,14510
0,0.1570,14874
0,0.1570,15183
0,0.1570,16013
0,0.1570,22338
0,0.1570,24394
0,0.1570,36031
0,0.1570,39146
0,0.1570,40001
0,0.1570,76958
0,0.1570,88903
0,0.1570,563873
0,0.1570,802097
0,0.1571,10540
0,0.1571,10808
0,0.1571,11141
0,0.1571,11703
0,0.1571,11744
0,0.1571,11749
0,0.1571,11992
0,0.1571,13610
0,0.1571,13664
0,0.1571,22787
0,0.1571,23012
0,0.1571,23854
0,0.1571,32247
0,0.1571,37704
0,0.1571,42240
0,0.1571,46240
0,0.1571,53002
0,0.1571,58623
0,0.1571,76309
0,0.1571,109635
0,0.1571,141659
0,0.1571,145635
0,0.1571,519842
0,0.1571,521438
0,0.1571,527410
0,0.1571,527470
0,0.1571,915497
0,0.1572,10305
0,0.1572,12012
0,0.1572,13018
0,0.1572,13064
0,0.1572,13194
0,0.1572,14066
0,0.1572,15705
0,0.1572,16042
0,0.1572,16207
0,0.1572,18075
0,0.1572,20200
0,0.1572,48723
0,0.1572,48739
0,0.1572,49092
0,0.1572,80484
0,0.1572,94785
0,0.1572,111512
0,0.1572,520007
0,0.1572,801828
0,0.1573,10201
0,0.1573,10463
0,0.1573,10473
0,0.1573,10628
0,0.1573,10736
0,0.1573,10767
0,0.1573,10942
0,0.1573,12023
0,0.1573,12654
0,0.1573,13550
0,0.1573,19921
0,0.1573,20197
0,0.1573,20647
0,0.1573,22166
0,0.1573,48452
0,0.1573,53299
0,0.1573,54383
0,0.1573,527577
0,0.1573,545293
0,0.1574,10065
0,0.1574,10702
0,0.1574,11135
0,0.1574,11379
0,0.1574,11400
0,0.1574,13315
0,0.1574,13940
0,0.1574,16434
0,0.1574,21798
0,0.1574,26168
0,0.1574,29090
0,0.1574,34677
0,0.1574,40838
0,0.1574,46096
0,0.1574,51350
0,0.1574,52318
0,0.1574,56072
0,0.1574,63901
0,0.1574,88538
0,0.1574,123140
0,0.1574,125065
0,0.1574,137605
0,0.1574,141297
0,0.1574,154465
0,0.1574,513746
0,0.1574,531708
0,0.1574,532768
0,0.1574,532967
0,0.1574,903429
0,0.1574,908951
0,0.1574,918582
0,0.1575,11143
0,0.1575,11521
0,0.1575,12354
0,0.1575,18834
0,0.1575,21452
0,0.1575,21557
0,0.1575,22417
0,0.1575,27775
0,0.1575,36584
0,0.1575,39054
0,0.1575,41175
0,0.1575,44377
0,0.1575,56070
0,0.1575,72871
0,0.1575,518581
0,0.1575,524164
0,0.1575,902529
0,0.1576,10905
0,0.1576,11075
0,0.1576,11603
0,0.1576,11837
0,0.1576,12122
0,0.1576,14161
0,0.1576,15353
0,0.1576,17350
0,0.1576,18334
0,0.1576,21889
0,0.1576,23401
0,0.1576,24828
0,0.1576,25655
0,0.1576,28525
0,0.1576,40376
0,0.1576,46907
0,0.1576,62429
0,0.1576,132204
0,0.1576,145128
0,0.1576,161034
0,0.1576,185726
0,0.1576,192978
0,0.1576,514425
0,0.1576,520787
0,0.1576,521158
0,0.1576,532655
0,0.1576,926518
0,0.1577,11237
0,0.1577,11531
0,0.1577,11952
0,0.1577,14427
0,0.1577,15795
0,0.1577,29176
0,0.1577,29560
0,0.1577,32321
0,0.1577,47922
0,0.1577,49291
0,0.1577,73457
0,0.1577,94617
0,0.1577,145128
0,0.1577,147169
0,0.1577,515096
0,0.1577,525105
0,0.1577,533411
0,0.1577,551294
0,0.1577,804140
0,0.1578,10397
0,0.1578,10613
0,0.1578,11099
0,0.1578,11244
0,0.1578,12735
0,0.1578,13583
0,0.1578,23204
0,0.1578,48971
0,0.1578,64440
0,0.1578,97457
0,0.1578,127397
0,0.1578,520002
0,0.1578,521479
0,0.1578,800847
0,0.1579,11365
0,0.1579,11620
0,0.1579,12387
0,0.1579,12765
0,0.1579,13334
0,0.1579,13470
0,0.1579,13886
0,0.1579,15294
0,0.1579,16274
0,0.1579,17800
0,0.1579,19618
0,0.1579,20960
0,0.1579,28241
0,0.1579,34385
0,0.1579,38538
0,0.1579,38821
0,0.1579,45980
0,0.1579,58157
0,0.1579,58738
0,0.1579,68086
0,0.1579,95581
0,0.1579,127658
0,0.1579,519865
0,0.1579,903090
0,0.1580,10074
0,0.1580,10569
0,0.1580,11289
0,0.1580,11829
0,0.1580,12143
0,0.1580,16460
0,0.1580,22569
0,0.1580,23718
0,0.1580,24315
0,0.1580,28584
0,0.1580,32958
0,0.1580,35514
0,0.1580,35719
0,0.1580,45045
0,0.1580,72019
0,0.1580,75909
0,0.1580,90640
0,0.1580,92951
0,0.1580,267437
0,0.1580,532800
0,0.1580,536171
0,0.1580,538094
0,0.1581,10249
0,0.1581,11469
0,0.1581,11828
0,0.1581,12160
0,0.1581,12977
0,0.1581,13225
0,0.1581,14397
0,0.1581,14665
0,0.1581,19665
0,0.1581,20910
0,0.1581,21099
0,0.1581,23477
0,0.1581,25616
0,0.1581,26071
0,0.1581,38819
0,0.1581,44781
0,0.1581,52402
0,0.1581,52875
0,0.1581,145016
0,0.1581,159185
0,0.1581,165180
0,0.1581,519242
0,0.1581,519970
0,0.1581,530777
0,0.1581,555318
0,0.1581,800596
0,0.1581,804559
0,0.1582,10090
0,0.1582,10126
0,0.1582,10262
0,0.1582,10716
0,0.1582,11558
0,0.1582,16426
0,0.1582,27158
0,0.1582,27614
0,0.1582,29997
0,0.1582,31397
0,0.1582,37951
0,0.1582,40350
0,0.1582,41801
0,0.1582,44995
0,0.1582,53655
0,0.1582,104131
0,0.1582,119949
0,0.1582,519572
0,0.1582,583848
0,0.1582,819835
0,0.1583,10347
0,0.1583,10470
0,0.1583,11761
0,0.1583,16511
0,0.1583,19873
0,0.1583,21132
0,0.1583,23487
0,0.1583,30992
0,0.1583,43753
0,0.1583,49058
0,0.1583,52570
0,0.1583,67052
0,0.1583,67721
0,0.1583,71900
0,0.1583,102133
0,0.1583,120208
0,0.1583,210889
0,0.1583,514337
0,0.1583,517458
0,0.1583,521126
0,0.1583,535996
0,0.1583,800868
0,0.1583,801319
0,0.1583,801432
0,0.1583,801666
0,0.1584,10297
0,0.1584,10561
0,0.1584,10632
0,0.1584,10650
0,0.1584,11342
0,0.1584,11402
0,0.1584,11471
0,0.1584,12756
0,0.1584,14506
0,0.1584,14962
0,0.1584,16454
0,0.1584,21567
0,0.1584,23737
0,0.1584,24941
0,0.1584,28406
0,0.1584,37552
0,0.1584,55306
0,0.1584,114513
0,0.1584,129758
0,0.1584,513230
0,0.1584,517723
0,0.1584,809322
0,0.1585,10472
0,0.1585,12603
0,0.1585,13221
0,0.1585,15083
0,0.1585,18713
0,0.1585,18726
0,0.1585,23045
0,0.1585,28691
0,0.1585,54741
0,0.1585,63408
0,0.1585,66206
0,0.1585,68010
0,0.1585,119630
0,0.1585,532869
0,0.1585,534428
0,0.1586,10867
0,0.1586,11993
0,0.1586,12367
0,0.1586,17319
0,0.1586,34475
0,0.1586,37732
0,0.1586,39674
0,0.1586,77313
0,0.1586,158604
0,0.1586,519869
0,0.1586,520115
0,0.1586,556574
0,0.1586,805313
0,0.1587,11262
0,0.1587,18328
0,0.1587,18730
0,0.1587,21382
0,0.1587,28159
0,0.1587,31925
0,0.1587,39729
0,0.1587,47984
0,0.1587,53885
0,0.1587,68997
0,0.1587,108324
0,0.1587,122956
0,0.1587,142053
0,0.1587,436612
0,0.1587,512883
0,0.1587,520466
0,0.1587,521935
0,0.1587,555967
0,0.1587,564824
0,0.1588,11501
0,0.1588,12109
0,0.1588,12171
0,0.1588,13027
0,0.1588,16513
0,0.1588,25229
0,0.1588,30885
0,0.1588,30914
0,0.1588,31117
0,0.1588,69264
0,0.1588,121593
0,0.1588,135948
0,0.1588,151762
0,0.1588,524797
0,0.1588,527469
0,0.1588,547655
0,0.1588,801137
0,0.1589,10486
0,0.1589,10877
0,0.1589,10929
0,0.1589,11359
0,0.1589,11546
0,0.1589,11788
0,0.1589,12332
0,0.1589,15421
0,0.1589,16124
0,0.1589,17566
0,0.1589,20620
0,0.1589,26515
0,0.1589,28086
0,0.1589,41891
0,0.1589,43179
0,0.1589,48976
0,0.1589,51391
0,0.1589,59111
0,0.1589,66543
0,0.1589,516097
0,0.1589,524208
0,0.1590,11523
0,0.1590,11556
0,0.1590,11725
0,0.1590,11736
0,0.1590,16651
0,0.1590,18049
0,0.1590,22356
0,0.1590,22806
0,0.1590,27452
0,0.1590,64117
0,0.1590,108324
0,0.1590,118845
0,0.1590,524238
0,0.1590,545848
0,0.1590,800490
0,0.1591,10198
0,0.1591,10378
0,0.1591,10423
0,0.1591,10670
0,0.1591,11229
0,0.1591,11594
0,0.1591,11722
0,0.1591,11797
0,0.1591,14437
0,0.1591,20001
0,0.1591,20496
0,0.1591,24306
0,0.1591,25927
0,0.1591,26757
0,0.1591,33501
0,0.1591,39719
0,0.1591,68606
0,0.1591,75242
0,0.1591,105827
0,0.1591,146502
0,0.1591,515161
0,0.1591,519850
0,0.1591,804090
0,0.1592,11634
0,0.1592,13303
0,0.1592,13483
0,0.1592,16416
0,0.1592,16610
0,0.1592,16648
0,0.1592,19267
0,0.1592,24713
0,0.1592,28019
0,0.1592,31196
0,0.1592,42904
0,0.1592,46457
0,0.1592,50497
0,0.1592,85916
0,0.1592,151346
0,0.1592,260257
0,0.1592,917516
0,0.1593,11583
0,0.1593,11914
0,0.1593,13127
0,0.1593,16422
0,0.1593,18952
0,0.1593,20707
0,0.1593,24985
0,0.1593,26419
0,0.1593,59618
0,0.1593,69140
0,0.1593,87308
0,0.1593,520003
0,0.1593,803582
0,0.1594,10039
0,0.1594,11292
0,0.1594,11294
0,0.1594,11369
0,0.1594,12837
0,0.1594,13423
0,0.1594,13621
0,0.1594,13724
0,0.1594,14158
0,0.1594,17540
0,0.1594,26129
0,0.1594,26642
0,0.1594,26766
0,0.1594,29231
0,0.1594,31934
0,0.1594,66445
0,0.1594,76878
0,0.1594,80094
0,0.1594,124599
0,0.1594,513419
0,0.1594,516322
0,0.1594,527357
0,0.1595,10169
0,0.1595,10236
0,0.1595,10653
0,0.1595,10704
0,0.1595,10977
0,0.1595,11624
0,0.1595,13145
0,0.1595,13431
0,0.1595,13864
0,0.1595,17014
0,0.1595,36063
0,0.1595,45286
0,0.1595,48178
0,0.1595,50215
0,0.1595,59950
0,0.1595,63645
0,0.1595,65486
0,0.1595,82482
0,0.1595,513945
0,0.1595,521108
0,0.1595,524777
0,0.1595,802751
0,0.1596,10254
0,0.1596,10321
0,0.1596,11467
0,0.1596,11975
0,0.1596,12717
0,0.1596,16508
0,0.1596,19949
0,0.1596,20402
0,0.1596,21876
0,0.1596,24030
0,0.1596,28680
0,0.1596,32482
0,0.1596,38075
0,0.1596,42221
0,0.1596,44846
0,0.1596,50451
0,0.1596,74912
0,0.1596,80051
0,0.1596,90310
0,0.1596,96213
0,0.1596,529429
0,0.1596,802864
0,0.1596,903455
0,0.1597,10140
0,0.1597,11092
0,0.1597,11783
0,0.1597,11870
0,0.1597,12338
0,0.1597,12667
0,0.1597,13209
0,0.1597,13230
0,0.1597,14573
0,0.1597,14666
0,0.1597,16601
0,0.1597,33542
0,0.1597,47515
0,0.1597,50372
0,0.1597,54741
0,0.1597,58140
0,0.1597,539787
0,0.1597,800135
0,0.1597,804350
0,0.1597,821509
0,0.1598,10096
0,0.1598,10118
0,0.1598,10133
0,0.1598,10604
0,0.1598,11324
0,0.1598,11991
0,0.1598,13716
0,0.1598,13728
0,0.1598,14869
0,0.1598,15717
0,0.1598,17225
0,0.1598,17825
0,0.1598,18417
0,0.1598,19314
0,0.1598,27416
0,0.1598,36844
0,0.1598,42698
0,0.1598,60837
0,0.1598,513052
0,0.1598,523591
0,0.1598,904036
0,0.1599,10263
0,0.1599,10376
0,0.1599,10377
0,0.1599,11281
0,0.1599,11390
0,0.1599,11478
0,0.1599,16005
0,0.1599,17325
0,0.1599,17484
0,0.1599,17573
0,0.1599,18016
0,0.1599,18840
0,0.1599,20397
0,0.1599,26060
0,0.1599,27975
0,0.1599,33646
0,0.1599,35564
0,0.1599,42240
0,0.1599,43500
0,0.1599,49777
0,0.1599,52570
0,0.1599,83381
0,0.1599,90874
0,0.1599,521575
0,0.1599,529665
0,0.1599,555966
0,0.1599,570526
0,0.1599,800323
0,0.1600,10033
0,0.1600,10530
0,0.1600,11327
0,0.1600,11517
0,0.1600,12152
0,0.1600,17107
0,0.1600,20287
0,0.1600,20581
0,0.1600,22243
0,0.1600,26625
0,0.1600,29156
0,0.1600,38043
0,0.1600,60346
0,0.1600,67027
0,0.1600,92909
0,0.1600,109145
0,0.1600,124690
0,0.1600,513583
0,0.1600,522743
0,0.1600,524990
0,0.1600,532662
0,0.1600,543264
0,0.1600,801116
0,0.1601,10459
0,0.1601,10786
0,0.1601,11930
0,0.1601,13821
0,0.1601,18165
0,0.1601,18824
0,0.1601,18867
0,0.1601,19064
0,0.1601,19767
0,0.1601,19938
0,0.1601,20445
0,0.1601,26423
0,0.1601,31426
0,0.1601,35196
0,0.1601,46182
0,0.1601,59502
0,0.1601,63883
0,0.1601,69620
0,0.1601,85916
0,0.1601,173628
0,0.1601,183736
0,0.1601,515069
0,0.1602,10359
0,0.1602,10408
0,0.1602,10456
0,0.1602,10482
0,0.1602,12111
0,0.1602,12534
0,0.1602,12929
0,0.1602,13981
0,0.1602,14319
0,0.1602,16228
0,0.1602,17027
0,0.1602,20688
0,0.1602,21166
0,0.1602,24804
0,0.1602,26762
0,0.1602,49910
0,0.1602,59771
0,0.1602,68856
0,0.1602,90310
0,0.1602,91123
0,0.1602,112473
0,0.1602,119144
0,0.1602,518020
0,0.1602,519041
0,0.1602,519693
0,0.1602,520916
0,0.1602,521290
0,0.1602,521479
0,0.1602,523351
0,0.1602,529031
0,0.1602,530957
0,0.1602,531999
0,0.1602,579253
0,0.1602,803558
0,0.1603,10515
0,0.1603,11174
0,0.1603,11744
0,0.1603,11922
0,0.1603,12121
0,0.1603,13384
0,0.1603,13390
0,0.1603,13944
0,0.1603,22276
0,0.1603,22695
0,0.1603,25476
0,0.1603,26628
0,0.1603,32771
0,0.1603,49019
0,0.1603,64457
0,0.1603,64795
0,0.1603,94068
0,0.1603,130279
0,0.1603,800206
0,0.1603,801079
0,0.1603,804639
0,0.1603,918902
0,0.1604,10074
0,0.1604,10942
0,0.1604,11345
0,0.1604,12511
0,0.1604,13089
0,0.1604,13232
0,0.1604,14442
0,0.1604,14985
0,0.1604,18332
0,0.1604,23517
0,0.1604,32354
0,0.1604,37342
0,0.1604,64575
0,0.1604,65825
0,0.1604,67058
0,0.1604,89250
0,0.1604,99528
0,0.1604,105377
0,0.1604,108324
0,0.1604,145016
0,0.1604,154649
0,0.1604,513114
0,0.1604,515158
0,0.1604,518919
0,0.1604,522828
0,0.1604,523019
0,0.1604,531246
0,0.1604,809322
0,0.1604,903819
0,0.1605,10209
0,0.1605,11030
0,0.1605,11645
0,0.1605,12934
0,0.1605,13375
0,0.1605,13768
0,0.1605,14265
0,0.1605,16862
0,0.1605,20823
0,0.1605,21763
0,0.1605,25195
0,0.1605,27319
0,0.1605,38573
0,0.1605,50775
0,0.1605,90874
0,0.1605,94994
0,0.1605,104232
0,0.1605,107761
0,0.1605,184114
0,0.1605,231412
0,0.1605,512796
0,0.1605,527470
0,0.1605,580814
0,0.1606,10402
0,0.1606,10522
0,0.1606,10629
0,0.1606,12541
0,0.1606,12711
0,0.1606,13761
0,0.1606,21637
0,0.1606,22323
0,0.1606,26223
0,0.1606,36957
0,0.1606,53849
0,0.1606,61060
0,0.1606,90364
0,0.1606,112718
0,0.1606,131765
0,0.1606,518788
0,0.1606,529445
0,0.1606,802944
0,0.1607,10084
0,0.1607,10463
0,0.1607,10564
0,0.1607,11050
0,0.1607,11992
0,0.1607,12320
0,0.1607,12994
0,0.1607,13153
0,0.1607,13379
0,0.1607,16524
0,0.1607,16616
0,0.1607,18988
0,0.1607,26602
0,0.1607,63930
0,0.1607,83341
0,0.1607,102475
0,0.1607,121384
0,0.1607,512745
0,0.1607,545288
0,0.1607,903153
0,0.1608,10208
0,0.1608,10216
0,0.1608,12312
0,0.1608,12896
0,0.1608,15897
0,0.1608,16715
0,0.1608,18536
0,0.1608,27315
0,0.1608,43652
0,0.1608,53918
0,0.1608,58230
0,0.1608,74992
0,0.1608,513945
0,0.1608,543264
0,0.1608,802152
0,0.1608,807356
0,0.1609,10201
0,0.1609,10429
0,0.1609,10891
0,0.1609,11681
0,0.1609,14802
0,0.1609,16141
0,0.1609,17757
0,0.1609,18203
0,0.1609,19746
0,0.1609,19921
0,0.1609,23854
0,0.1609,23970
0,0.1609,53813
0,0.1609,58972
0,0.1609,70788
0,0.1609,78858
0,0.1609,88163
0,0.1609,91582
0,0.1609,116133
0,0.1609,515440
0,0.1609,515642
0,0.1609,523828
0,0.1609,523893
0,0.1609,526823
0,0.1609,536000
0,0.1609,807225
0,0.1609,903152
0,0.1610,10305
0,0.1610,10647
0,0.1610,10904
0,0.1610,11082
0,0.1610,11379
0,0.1610,11399
0,0.1610,13095
0,0.1610,13556
0,0.1610,19828
0,0.1610,29217
0,0.1610,30421
0,0.1610,71961
0,0.1610,76272
0,0.1610,82543
0,0.1610,99080
0,0.1610,100500
0,0.1610,128212
0,0.1610,520787
0,0.1610,526634
0,0.1610,532655
0,0.1610,564174
0,0.1610,800383
0,0.1611,10905
0,0.1611,11400
0,0.1611,11817
0,0.1611,12958
0,0.1611,14514
0,0.1611,15517
0,0.1611,15992
0,0.1611,16029
0,0.1611,16236
0,0.1611,18015
0,0.1611,18416
0,0.1611,23241
0,0.1611,23401
0,0.1611,33833
0,0.1611,53108
0,0.1611,81005
0,0.1611,247232
0,0.1611,521437
0,0.1611,524284
0,0.1611,918582
0,0.1611,940467
0,0.1612,10101
0,0.1612,10134
0,0.1612,10524
0,0.1612,12354
0,0.1612,16167
0,0.1612,18249
0,0.1612,36291
0,0.1612,45875
0,0.1612,57152
0,0.1612,63411
0,0.1612,64569
0,0.1612,127130
0,0.1612,128686
0,0.1612,146273
0,0.1612,146502
0,0.1612,148122
0,0.1612,157371
0,0.1612,195727
0,0.1612,517164
0,0.1613,10237
0,0.1613,10473
0,0.1613,10806
0,0.1613,11244
0,0.1613,11603
0,0.1613,11837
0,0.1613,12309
0,0.1613,13198
0,0.1613,13571
0,0.1613,14530
0,0.1613,26263
0,0.1613,33248
0,0.1613,52615
0,0.1613,53128
0,0.1613,53918
0,0.1613,73560
0,0.1613,513565
0,0.1613,514598
0,0.1613,520002
0,0.1613,520668
0,0.1613,521297
0,0.1613,527577
0,0.1613,532766
0,0.1613,551294
0,0.1613,800898
0,0.1614,10176
0,0.1614,10397
0,0.1614,11099
0,0.1614,11531
0,0.1614,11620
0,0.1614,12037
0,0.1614,12471
0,0.1614,13946
0,0.1614,15789
0,0.1614,17722
0,0.1614,20033
0,0.1614,22166
0,0.1614,29612
0,0.1614,38954
0,0.1614,40559
0,0.1614,43489
0,0.1614,49174
0,0.1614,57502
0,0.1614,58157
0,0.1614,69646
0,0.1614,88157
0,0.1614,100307
0,0.1614,111689
0,0.1614,134660
0,0.1614,190419
0,0.1614,513911
0,0.1614,514424
0,0.1614,530777
0,0.1614,548753
0,0.1614,555969
0,0.1614,800236
0,0.1614,914363
0,0.1614,356783826
0,0.1615,10065
0,0.1615,10109
0,0.1615,10141
0,0.1615,10540
0,0.1615,11289
0,0.1615,11780
0,0.1615,11828
0,0.1615,12728
0,0.1615,13315
0,0.1615,15662
0,0.1615,17569
0,0.1615,21600
0,0.1615,24695
0,0.1615,29590
0,0.1615,33502
0,0.1615,37177
0,0.1615,48530
0,0.1615,53472
0,0.1615,67398
0,0.1615,79362
0,0.1615,127894
0,0.1615,140474
0,0.1615,167019
0,0.1615,260257
0,0.1615,295280
0,0.1615,512217
0,0.1615,516433
0,0.1615,519584
0,0.1615,521086
0,0.1615,533588
0,0.1616,10736
0,0.1616,10996
0,0.1616,14722
0,0.1616,19845
0,0.1616,21851
0,0.1616,23477
0,0.1616,23494
0,0.1616,24828
0,0.1616,26292
0,0.1616,26845
0,0.1616,27024
0,0.1616,31291
0,0.1616,36026
0,0.1616,38670
0,0.1616,43717
0,0.1616,48131
0,0.1616,67695
0,0.1616,76109
0,0.1616,88479
0,0.1616,96104
0,0.1616,103750
0,0.1616,104359
0,0.1616,119868
0,0.1616,192978
0,0.1616,555318
0,0.1616,800329
0,0.1617,10285
0,0.1617,10593
0,0.1617,14212
0,0.1617,15164
0,0.1617,15647
0,0.1617,17705
0,0.1617,21267
0,0.1617,26497
0,0.1617,28241
0,0.1617,34089
0,0.1617,40451
0,0.1617,43785
0,0.1617,58013
0,0.1617,60768
0,0.1617,69595
0,0.1617,73819
0,0.1617,77609
0,0.1617,91799
0,0.1617,280660
0,0.1617,521158
0,0.1617,521189
0,0.1617,580793
0,0.1617,581341
0,0.1617,803619
0,0.1617,803766
0,0.1618,10611
0,0.1618,10632
0,0.1618,14343
0,0.1618,15183
0,0.1618,41805
0,0.1618,46172
0,0.1618,57932
0,0.1618,73508
0,0.1618,127577
0,0.1618,147169
0,0.1618,511758
0,0.1618,800117
0,0.1618,804140
0,0.1619,10808
0,0.1619,11105
0,0.1619,11112
0,0.1619,11342
0,0.1619,11409
0,0.1619,11952
0,0.1619,13147
0,0.1619,14430
0,0.1619,18043
0,0.1619,23151
0,0.1619,24841
0,0.1619,26551
0,0.1619,27379
0,0.1619,28525
0,0.1619,28803
0,0.1619,29590
0,0.1619,33779
0,0.1619,36149
0,0.1619,40966
0,0.1619,68398
0,0.1619,145128
0,0.1619,514696
0,0.1619,801247
0,0.1619,806173
0,0.1619,903847
0,0.1620,10650
0,0.1620,11262
0,0.1620,11546
0,0.1620,11993
0,0.1620,12241
0,0.1620,12425
0,0.1620,12965
0,0.1620,14161
0,0.1620,14685
0,0.1620,15970
0,0.1620,16188
0,0.1620,16433
0,0.1620,17371
0,0.1620,19792
0,0.1620,21567
0,0.1620,24969
0,0.1620,25823
0,0.1620,28604
0,0.1620,35121
0,0.1620,45641
0,0.1620,47909
0,0.1620,52641
0,0.1620,52794
0,0.1620,518580
0,0.1621,10390
0,0.1621,11521
0,0.1621,13550
0,0.1621,13596
0,0.1621,14391
0,0.1621,16107
0,0.1621,20739
0,0.1621,21709
0,0.1621,22665
0,0.1621,28406
0,0.1621,31775
0,0.1621,37955
0,0.1621,47161
0,0.1621,48568
0,0.1621,61962
0,0.1621,73963
0,0.1621,82582
0,0.1621,98526
0,0.1621,116012
0,0.1621,130031
0,0.1621,516162
0,0.1621,524164
0,0.1621,807356
0,0.1622,10569
0,0.1622,10756
0,0.1622,11058
0,0.1622,11501
0,0.1622,12977
0,0.1622,14386
0,0.1622,16083
0,0.1622,16359
0,0.1622,21692
0,0.1622,28640
0,0.1622,31376
0,0.1622,37891
0,0.1622,64003
0,0.1622,95371
0,0.1622,267437
0,0.1622,512797
0,0.1622,512816
0,0.1622,521935
0,0.1622,532768
0,0.1623,11341
0,0.1623,14661
0,0.1623,16281
0,0.1623,24502
0,0.1623,33296
0,0.1623,35758
0,0.1623,36207
0,0.1623,43380
0,0.1623,49307
0,0.1623,56083
0,0.1623,76486
0,0.1623,78772
0,0.1623,159277
0,0.1623,162650
0,0.1623,802781
0,0.1624,10218
0,0.1624,11523
0,0.1624,11816
0,0.1624,15507
0,0.1624,24064
0,0.1624,26922
0,0.1624,29826
0,0.1624,49570
0,0.1624,50389
0,0.1624,51646
0,0.1624,54746
0,0.1624,62837
0,0.1624,65396
0,0.1624,66389
0,0.1624,91582
0,0.1624,123585
0,0.1624,517458
0,0.1624,519242
0,0.1624,531768
0,0.1624,555322
0,0.1624,806606
0,0.1625,10049
0,0.1625,10126
0,0.1625,10470
0,0.1625,10929
0,0.1625,11725
0,0.1625,11736
0,0.1625,13798
0,0.1625,13947
0,0.1625,14821
0,0.1625,16454
0,0.1625,17170
0,0.1625,18179
0,0.1625,18726
0,0.1625,19995
0,0.1625,21263
0,0.1625,26239
0,0.1625,27614
0,0.1625,30102
0,0.1625,38024
0,0.1625,39727
0,0.1625,46748
0,0.1625,62648
0,0.1625,64525
0,0.1625,70445
0,0.1625,111220
0,0.1625,117817
0,0.1625,186043
0,0.1625,514688
0,0.1625,524238
0,0.1625,814625
0,0.1626,10169
0,0.1626,11722
0,0.1626,12061
0,0.1626,12782
0,0.1626,13172
0,0.1626,37147
0,0.1626,42549
0,0.1626,54307
0,0.1626,63097
0,0.1626,77451
0,0.1626,77790
0,0.1626,124962
0,0.1626,201474
0,0.1626,518153
0,0.1626,550868
0,0.1626,800241
0,0.1626,800782
0,0.1626,804115
0,0.1626,805362
0,0.1626,813400
0,0.1627,11080
0,0.1627,11525
0,0.1627,14750
0,0.1627,14925
0,0.1627,15864
0,0.1627,18075
0,0.1627,18994
0,0.1627,19467
0,0.1627,22026
0,0.1627,22473
0,0.1627,28631
0,0.1627,32439
0,0.1627,40740
0,0.1627,68379
0,0.1627,87138
0,0.1627,108640
0,0.1627,120208
0,0.1627,133908
0,0.1627,137726
0,0.1627,148994
0,0.1627,519317
0,0.1627,520759
0,0.1627,800149
0,0.1627,803378
0,0.1628,10628
0,0.1628,11359
0,0.1628,12351
0,0.1628,12454
0,0.1628,13707
0,0.1628,16437
0,0.1628,17817
0,0.1628,21115
0,0.1628,28086
0,0.1628,30120
0,0.1628,38916
0,0.1628,49279
0,0.1628,55120
0,0.1628,69837
0,0.1628,83835
0,0.1628,209929
0,0.1628,537139
0,0.1628,801930
0,0.1629,10140
0,0.1629,10262
0,0.1629,11143
0,0.1629,11608
0,0.1629,11761
0,0.1629,12057
0,0.1629,12509
0,0.1629,13666
0,0.1629,23132
0,0.1629,28241
0,0.1629,30806
0,0.1629,33987
0,0.1629,47617
0,0.1629,49754
0,0.1629,50560
0,0.1629,53383
0,0.1629,57896
0,0.1629,62913
0,0.1629,82397
0,0.1629,100973
0,0.1629,294758
0,0.1629,800496
0,0.1629,801534
0,0.1630,11292
0,0.1630,11914
0,0.1630,13852
0,0.1630,14066
0,0.1630,16434
0,0.1630,18730
0,0.1630,20620
0,0.1630,20915
0,0.1630,39943
0,0.1630,51053
0,0.1630,56353
0,0.1630,57772
0,0.1630,62574
0,0.1630,72019
0,0.1630,78095
0,0.1630,83494
0,0.1630,92866
0,0.1630,96504
0,0.1630,107071
0,0.1630,121759
0,0.1630,167235
0,0.1630,514426
0,0.1630,521439
0,0.1630,524741
0,0.1630,524968
0,0.1630,529519
0,0.1630,800397
0,0.1630,800892
0,0.1630,801919
0,0.1630,804106
0,0.1630,804770
0,0.1631,10123
0,0.1631,20324
0,0.1631,28899
0,0.1631,29851
0,0.1631,53050
0,0.1631,88655
0,0.1631,139642
0,0.1631,521771
0,0.1631,524208
0,0.1631,532804
0,0.1631,545180
0,0.1631,801171
0,0.1631,801752
0,0.1632,10376
0,0.1632,14202
0,0.1632,15729
0,0.1632,23339
0,0.1632,27702
0,0.1632,48515
0,0.1632,52394
0,0.1632,66038
0,0.1632,75072
0,0.1632,90459
0,0.1632,102041
0,0.1632,114510
0,0.1632,123543
0,0.1632,142998
0,0.1632,146275
0,0.1632,155294
0,0.1632,423539
0,0.1632,519132
0,0.1632,533589
0,0.1632,908572
0,0.1633,10096
0,0.1633,10133
0,0.1633,11402
0,0.1633,11606
0,0.1633,12162
0,0.1633,12163
0,0.1633,25951
0,0.1633,44026
0,0.1633,52614
0,0.1633,76894
0,0.1633,97536
0,0.1633,107502
0,0.1633,524152
0,0.1633,529429
0,0.1634,10203
0,0.1634,10296
0,0.1634,10459
0,0.1634,11294
0,0.1634,11478
0,0.1634,11594
0,0.1634,11783
0,0.1634,11870
0,0.1634,12168
0,0.1634,15005
0,0.1634,15753
0,0.1634,17406
0,0.1634,18235
0,0.1634,20819
0,0.1634,22504
0,0.1634,23743
0,0.1634,45430
0,0.1634,63336
0,0.1634,88799
0,0.1634,160750
0,0.1634,521011
0,0.1634,527410
0,0.1634,544258
0,0.1634,804154
0,0.1634,805148
0,0.1635,10254
0,0.1635,10456
0,0.1635,10977
0,0.1635,11281
0,0.1635,11514
0,0.1635,11517
0,0.1635,11975
0,0.1635,11991
0,0.1635,12338
0,0.1635,13194
0,0.1635,13435
0,0.1635,14437
0,0.1635,15353
0,0.1635,15905
0,0.1635,17325
0,0.1635,19647
0,0.1635,20123
0,0.1635,21397
0,0.1635,21772
0,0.1635,32666
0,0.1635,36443
0,0.1635,36743
0,0.1635,38204
0,0.1635,39491
0,0.1635,64263
0,0.1635,69520
0,0.1635,70171
0,0.1635,136525
0,0.1635,800562
0,0.1635,801071
0,0.1635,802554
0,0.1635,804588
0,0.1635,809322
0,0.1635,903852
0,0.1636,10561
0,0.1636,10767
0,0.1636,10906
0,0.1636,11229
0,0.1636,12111
0,0.1636,12840
0,0.1636,14139
0,0.1636,18016
0,0.1636,19579
0,0.1636,20402
0,0.1636,25635
0,0.1636,25963
0,0.1636,29088
0,0.1636,31348
0,0.1636,32165
0,0.1636,32824
0,0.1636,35196
0,0.1636,35330
0,0.1636,58586
0,0.1636,158604
0,0.1636,562451
0,0.1636,800073
0,0.1636,800373
0,0.1637,10942
0,0.1637,11744
0,0.1637,12689
0,0.1637,13177
0,0.1637,19333
0,0.1637,22105
0,0.1637,22276
0,0.1637,23533
0,0.1637,26258
0,0.1637,35906
0,0.1637,36577
0,0.1637,40001
0,0.1637,41812
0,0.1637,54685
0,0.1637,57770
0,0.1637,59950
0,0.1637,74359
0,0.1637,517351
0,0.1637,518567
0,0.1637,523591
0,0.1637,525105
0,0.1637,804003
0,0.1637,903086
0,0.1637,935000
0,0.1638,11072
0,0.1638,12717
0,0.1638,12815
0,0.1638,13283
0,0.1638,13610
0,0.1638,13621
0,0.1638,14019
0,0.1638,15746
0,0.1638,20960
0,0.1638,25972
0,0.1638,49689
0,0.1638,53416
0,0.1638,73279
0,0.1638,126345
0,0.1638,253904
0,0.1638,518567
0,0.1638,527409
0,0.1638,534553
0,0.1638,563873
0,0.1638,800145
0,0.1638,809744
0,0.1639,10515
0,0.1639,10973
0,0.1639,11922
0,0.1639,14243
0,0.1639,18165
0,0.1639,19143
0,0.1639,20581
0,0.1639,22243
0,0.1639,29750
0,0.1639,31297
0,0.1639,35373
0,0.1639,42495
0,0.1639,61967
0,0.1639,118845
0,0.1639,126345
0,0.1639,514740
0,0.1639,521581
0,0.1639,524082
0,0.1639,537100
0,0.1639,801478
0,0.1640,10423
0,0.1640,10463
0,0.1640,11703
0,0.1640,11788
0,0.1640,12809
0,0.1640,13684
0,0.1640,18854
0,0.1640,21242
0,0.1640,22705
0,0.1640,45078
0,0.1640,51539
0,0.1640,76504
0,0.1640,77451
0,0.1640,99589
0,0.1640,129287
0,0.1640,189046
0,0.1640,514009
0,0.1640,524470
0,0.1640,526801
0,0.1640,800684
0,0.1640,808740
0,0.1641,10209
0,0.1641,12259
0,0.1641,14360
0,0.1641,14667
0,0.1641,14874
0,0.1641,19767
0,0.1641,22717
0,0.1641,25039
0,0.1641,27416
0,0.1641,37622
0,0.1641,38510
0,0.1641,39668
0,0.1641,55850
0,0.1641,56900
0,0.1641,56966
0,0.1641,94043
0,0.1641,130874
0,0.1641,523649
0,0.1641,527470
0,0.1641,800178
0,0.1642,10497
0,0.1642,11477
0,0.1642,11749
0,0.1642,13664
0,0.1642,14609
0,0.1642,15244
0,0.1642,16774
0,0.1642,17389
0,0.1642,28144
0,0.1642,28588
0,0.1642,39592
0,0.1642,41889
0,0.1642,50756
0,0.1642,51865
0,0.1642,57684
0,0.1642,62429
0,0.1642,119936
0,0.1642,148213
0,0.1642,524207
0,0.1642,532655
0,0.1642,905247
0,0.1643,11135
0,0.1643,11504
0,0.1643,11556
0,0.1643,11992
0,0.1643,12343
0,0.1643,13431
0,0.1643,13479
0,0.1643,13716
0,0.1643,18637
0,0.1643,20132
0,0.1643,23854
0,0.1643,31331
0,0.1643,38060
0,0.1643,42240
0,0.1643,51999
0,0.1643,57978
0,0.1643,142053
0,0.1643,167297
0,0.1643,173968
0,0.1643,339719
0,0.1643,515157
0,0.1643,516324
0,0.1643,519692
0,0.1643,520787
0,0.1643,810889
0,0.1643,914259
0,0.1644,10111
0,0.1644,10201
0,0.1644,10877
0,0.1644,11930
0,0.1644,13356
0,0.1644,16460
0,0.1644,16993
0,0.1644,17614
0,0.1644,18634
0,0.1644,19108
0,0.1644,19953
0,0.1644,20200
0,0.1644,25166
0,0.1644,26766
0,0.1644,28730
0,0.1644,29166
0,0.1644,30279
0,0.1644,31247
0,0.1644,34914
0,0.1644,40187
0,0.1644,40733
0,0.1644,50176
0,0.1644,83886
0,0.1644,96307
0,0.1644,141297
0,0.1644,802410
0,0.1645,10084
0,0.1645,10321
0,0.1645,10397
0,0.1645,10905
0,0.1645,11345
0,0.1645,11355
0,0.1645,11390
0,0.1645,11400
0,0.1645,12164
0,0.1645,12929
0,0.1645,19018
0,0.1645,19508
0,0.1645,20141
0,0.1645,21790
0,0.1645,22787
0,0.1645,23401
0,0.1645,25872
0,0.1645,27319
0,0.1645,27333
0,0.1645,35634
0,0.1645,47932
0,0.1645,52544
0,0.1645,57542
0,0.1645,79554
0,0.1645,99721
0,0.1645,119212
0,0.1645,536488
0,0.1645,805632
0,0.1646,10530
0,0.1646,11162
0,0.1646,13683
0,0.1646,14192
0,0.1646,16207
0,0.1646,18049
0,0.1646,19873
0,0.1646,29604
0,0.1646,40838
0,0.1646,69061
0,0.1646,118965
0,0.1646,139685
0,0.1646,140755
0,0.1646,517330
0,0.1647,10026
0,0.1647,10613
0,0.1647,10704
0,0.1647,11379
0,0.1647,12012
0,0.1647,12340
0,0.1647,12653
0,0.1647,16648
0,0.1647,21584
0,0.1647,26102
0,0.1647,29176
0,0.1647,39485
0,0.1647,48120
0,0.1647,49038
0,0.1647,51516
0,0.1647,73335
0,0.1647,77451
0,0.1647,83121
0,0.1647,89719
0,0.1647,95861
0,0.1647,117286
0,0.1647,130279
0,0.1647,520002
0,0.1647,520916
0,0.1647,520931
0,0.1647,523060
0,0.1647,527358
0,0.1647,800551
0,0.1647,800917
0,0.1647,813400
0,0.1648,10661
0,0.1648,10835
0,0.1648,10930
0,0.1648,11244
0,0.1648,11583
0,0.1648,13821
0,0.1648,15431
0,0.1648,17310
0,0.1648,17319
0,0.1648,19487
0,0.1648,38262
0,0.1648,39922
0,0.1648,46670
0,0.1648,47631
0,0.1648,52099
0,0.1648,56774
0,0.1648,58481
0,0.1648,59932
0,0.1648,63927
0,0.1648,75907
0,0.1648,103414
0,0.1648,104131
0,0.1648,107502
0,0.1648,111878
0,0.1648,166368
0,0.1648,515554
0,0.1648,519970
0,0.1648,530777
0,0.1648,555967
0,0.1648,802843
0,0.1648,804644
0,0.1648,908951
0,0.1649,10039
0,0.1649,11289
0,0.1649,11531
0,0.1649,11620
0,0.1649,11828
0,0.1649,12994
0,0.1649,15184
0,0.1649,17570
0,0.1649,19921
0,0.1649,20459
0,0.1649,31345
0,0.1649,38805
0,0.1649,42074
0,0.1649,68692
0,0.1649,70928
0,0.1649,85147
0,0.1649,98499
0,0.1649,126345
0,0.1649,558652
0,0.1649,800685
0,0.1649,801021
0,0.1649,814586
0,0.1649,918582
0,0.1650,10118
0,0.1650,10305
0,0.1650,10461
0,0.1650,11099
0,0.1650,12320
0,0.1650,12606
0,0.1650,15209
0,0.1650,29419
0,0.1650,32035
0,0.1650,51489
0,0.1650,59035
0,0.1650,59400
0,0.1650,66047
0,0.1650,80951
0,0.1650,110773
0,0.1650,115234
0,0.1650,118825
0,0.1650,147169
0,0.1650,148909
0,0.1650,513843
0,0.1650,516097
0,0.1650,517359
0,0.1650,521438
0,0.1650,555318
0,0.1650,800296
0,0.1651,10356
0,0.1651,10522
0,0.1651,11837
0,0.1651,13334
0,0.1651,13358
0,0.1651,23477
0,0.1651,26387
0,0.1651,34084
0,0.1651,34712
0,0.1651,36146
0,0.1651,38538
0,0.1651,41378
0,0.1651,41869
0,0.1651,44995
0,0.1651,75212
0,0.1651,176320
0,0.1651,515750
0,0.1651,520393
0,0.1651,904119
0,0.1652,10540
0,0.1652,11829
0,0.1652,13972
0,0.1652,16136
0,0.1652,21098
0,0.1652,38068
0,0.1652,40182
0,0.1652,43546
0,0.1652,44957
0,0.1652,49376
0,0.1652,50839
0,0.1652,51750
0,0.1652,67052
0,0.1652,67451
0,0.1652,72102
0,0.1652,77967
0,0.1652,89782
0,0.1652,511853
0,0.1652,513418
0,0.1652,515070
0,0.1653,10378
0,0.1653,12354
0,0.1653,12387
0,0.1653,12765
0,0.1653,16206
0,0.1653,21798
0,0.1653,30421
0,0.1653,31345
0,0.1653,37336
0,0.1653,44587
0,0.1653,62771
0,0.1653,79317
0,0.1653,88912
0,0.1653,159400
0,0.1653,515015
0,0.1653,519850
0,0.1653,800323
0,0.1653,801994
0,0.1653,802304
0,0.1653,810618
0,0.1653,811823
0,0.1654,10399
0,0.1654,10408
0,0.1654,10429
0,0.1654,10632
0,0.1654,12985
0,0.1654,16600
0,0.1654,19433
0,0.1654,21756
0,0.1654,23012
0,0.1654,39217
0,0.1654,120208
0,0.1654,142053
0,0.1654,147959
0,0.1654,247232
0,0.1654,514687
0,0.1654,803438
0,0.1655,10473
0,0.1655,11210
0,0.1655,11262
0,0.1655,11993
0,0.1655,12023
0,0.1655,13027
0,0.1655,14573
0,0.1655,14849
0,0.1655,16422
0,0.1655,22166
0,0.1655,22356
0,0.1655,27893
0,0.1655,28622
0,0.1655,62645
0,0.1655,522812
0,0.1655,551294
0,0.1655,564824
0,0.1656,10134
0,0.1656,11546
0,0.1656,11956
0,0.1656,14381
0,0.1656,20910
0,0.1656,25245
0,0.1656,26071
0,0.1656,40435
0,0.1656,48280
0,0.1656,48782
0,0.1656,52773
0,0.1656,53320
0,0.1656,65448
0,0.1656,94050
0,0.1656,113244
0,0.1656,146502
0,0.1656,192978
0,0.1656,514291
0,0.1656,515578
0,0.1656,519454
0,0.1656,527577
0,0.1656,556574
0,0.1656,802506
0,0.1656,904868
0,0.1657,10342
0,0.1657,10524
0,0.1657,10622
0,0.1657,11050
0,0.1657,11342
0,0.1657,11399
0,0.1657,11603
0,0.1657,13380
0,0.1657,13386
0,0.1657,45311
0,0.1657,46626
0,0.1657,48521
0,0.1657,50485
0,0.1657,72871
0,0.1657,521545
0,0.1657,525065
0,0.1658,10065
0,0.1658,10670
0,0.1658,11501
0,0.1658,11523
0,0.1658,18824
0,0.1658,18911
0,0.1658,41272
0,0.1658,44147
0,0.1658,48477
0,0.1658,58157
0,0.1658,59400
0,0.1658,118825
0,0.1658,521935
0,0.1658,523828
0,0.1658,530791
0,0.1658,533849
0,0.1658,801292
0,0.1659,10929
0,0.1659,12031
0,0.1659,14158
0,0.1659,21409
0,0.1659,22852
0,0.1659,33974
0,0.1659,39054
0,0.1659,48274
0,0.1659,51533
0,0.1659,51735
0,0.1659,69089
0,0.1659,75344
0,0.1659,75774
0,0.1659,76894
0,0.1659,195727
0,0.1659,518294
0,0.1659,521157
0,0.1659,521158
0,0.1660,11056
0,0.1660,11997
0,0.1660,13221
0,0.1660,16601
0,0.1660,17107
0,0.1660,21688
0,0.1660,51205
0,0.1660,52614
0,0.1660,59235
0,0.1660,99540
0,0.1660,138586
0,0.1660,514277
0,0.1660,548589
0,0.1660,800207
0,0.1660,800752
0,0.1660,801936
0,0.1661,10140
0,0.1661,10169
0,0.1661,10198
0,0.1661,10472
0,0.1661,13940
0,0.1661,14461
0,0.1661,14607
0,0.1661,23204
0,0.1661,67864
0,0.1661,76493
0,0.1661,93389
0,0.1661,97457
0,0.1661,126727
0,0.1661,513945
0,0.1661,519368
0,0.1661,521171
0,0.1661,522812
0,0.1661,524238
0,0.1662,10629
0,0.1662,11725
0,0.1662,11736
0,0.1662,12571
0,0.1662,13315
0,0.1662,16793
0,0.1662,28406
0,0.1662,34248
0,0.1662,39943
0,0.1662,44644
0,0.1662,58972
0,0.1662,79979
0,0.1662,108535
0,0.1662,524990
0,0.1662,802891
0,0.1662,902180
0,0.1662,903689
0,0.1663,10683
0,0.1663,11211
0,0.1663,11722
0,0.1663,11952
0,0.1663,12654
0,0.1663,14340
0,0.1663,14666
0,0.1663,16013
0,0.1663,21099
0,0.1663,23076
0,0.1663,23200
0,0.1663,24151
0,0.1663,24828
0,0.1663,30105
0,0.1663,44377
0,0.1663,46617
0,0.1663,47002
0,0.1663,54803
0,0.1663,59329
0,0.1663,59400
0,0.1663,87178
0,0.1663,158604
0,0.1663,231558
0,0.1663,555875
0,0.1663,555966
0,0.1664,10359
0,0.1664,10736
0,0.1664,11292
0,0.1664,11914
0,0.1664,18726
0,0.1664,25786
0,0.1664,27627
0,0.1664,56207
0,0.1664,61908
0,0.1664,66954
0,0.1664,67398
0,0.1664,80082
0,0.1664,93352
0,0.1664,118204
0,0.1664,124822
0,0.1664,132166
0,0.1664,194483
0,0.1664,516322
0,0.1664,801936
0,0.1664,805313
0,0.1664,812106
0,0.1664,902874
0,0.1665,10786
0,0.1665,12905
0,0.1665,12977
0,0.1665,13116
0,0.1665,14161
0,0.1665,15662
0,0.1665,16124
0,0.1665,17847
0,0.1665,18695
0,0.1665,19828
0,0.1665,21132
0,0.1665,21454
0,0.1665,25245
0,0.1665,37902
0,0.1665,41407
0,0.1665,58972
0,0.1665,118769
0,0.1665,267437
0,0.1665,519869
0,0.1665,805313
0,0.1665,807225
0,0.1665,133348431
0,0.1666,10208
0,0.1666,10650
0,0.1666,11359
0,0.1666,13018
0,0.1666,14339
0,0.1666,15276
0,0.1666,20001
0,0.1666,21567
0,0.1666,22494
0,0.1666,23496
0,0.1666,28293
0,0.1666,39802
0,0.1666,39825
0,0.1666,40409
0,0.1666,40761
0,0.1666,53456
0,0.1666,56364
0,0.1666,62314
0,0.1666,67244
0,0.1666,520466
0,0.1666,803228
0,0.1666,804524
0,0.1667,10096
0,0.1667,10126
0,0.1667,10133
0,0.1667,10313
0,0.1667,11092
0,0.1667,11317
0,0.1667,11806
0,0.1667,13259
0,0.1667,18203
0,0.1667,19665
0,0.1667,22040
0,0.1667,23416
0,0.1667,26095
0,0.1667,28525
0,0.1667,31117
0,0.1667,33229
0,0.1667,41242
0,0.1667,44377
0,0.1667,56522
0,0.1667,109268
0,0.1667,529429
0,0.1667,529665
0,0.1667,926154
0,0.1668,10176
0,0.1668,10376
0,0.1668,10459
0,0.1668,10702
0,0.1668,10942
0,0.1668,11469
0,0.1668,11478
0,0.1668,11991
0,0.1668,12109
0,0.1668,13143
0,0.1668,17650
0,0.1668,17800
0,0.1668,18730
0,0.1668,20307
0,0.1668,20620
0,0.1668,22908
0,0.1668,25439
0,0.1668,42908
0,0.1668,103338
0,0.1668,517458
0,0.1668,520003
0,0.1668,523544
0,0.1668,530738
0,0.1668,532768
0,0.1668,535999
0,0.1668,800342
0,0.1668,800845
0,0.1668,803290
0,0.1668,812106
0,0.1668,906717
0,0.1669,10254
0,0.1669,10456
0,0.1669,10569
0,0.1669,11467
0,0.1669,11517
0,0.1669,11783
0,0.1669,11870
0,0.1669,12050
0,0.1669,12152
0,0.1669,12338
0,0.1669,12371
0,0.1669,13375
0,0.1669,13550
0,0.1669,13737
0,0.1669,13767
0,0.1669,14705
0,0.1669,20773
0,0.1669,22833
0,0.1669,31119
0,0.1669,33165
0,0.1669,34301
0,0.1669,35196
0,0.1669,39909
0,0.1669,45563
0,0.1669,47491
0,0.1669,51603
0,0.1669,63046
0,0.1669,68031
0,0.1669,78143
0,0.1669,102716
0,0.1669,512010
0,0.1669,520574
0,0.1669,523591
0,0.1669,534195
0,0.1669,544439
0,0.1669,801404
0,0.1669,801662
0,0.1670,10463
0,0.1670,10470
0,0.1670,11281
0,0.1670,11294
0,0.1670,11744
0,0.1670,11959
0,0.1670,11975
0,0.1670,12171
0,0.1670,12186
0,0.1670,12460
0,0.1670,12890
0,0.1670,13230
0,0.1670,15183
0,0.1670,17027
0,0.1670,17325
0,0.1670,18466
0,0.1670,19743
0,0.1670,26168
0,0.1670,32815
0,0.1670,32835
0,0.1670,36844
0,0.1670,45470
0,0.1670,52235
0,0.1670,61113
0,0.1670,63981
0,0.1670,76958
0,0.1670,89067
0,0.1670,176598
0,0.1670,436612
0,0.1670,514425
0,0.1670,519242
0,0.1670,519589
0,0.1670,536845
0,0.1670,800206
0,0.1670,804222
0,0.1670,808740
0,0.1671,10262
0,0.1671,11143
0,0.1671,11521
0,0.1671,12111
0,0.1671,12121
0,0.1671,12396
0,0.1671,12837
0,0.1671,13153
0,0.1671,16862
0,0.1671,18016
0,0.1671,19845
0,0.1671,20402
0,0.1671,21166
0,0.1671,22276
0,0.1671,27589
0,0.1671,27614
0,0.1671,35155
0,0.1671,55874
0,0.1671,59618
0,0.1671,59950
0,0.1671,72913
0,0.1671,79723
0,0.1671,110773
0,0.1671,512796
0,0.1671,515155
0,0.1671,521197
0,0.1671,804989
0,0.1672,10515
0,0.1672,11922
0,0.1672,13613
0,0.1672,13804
0,0.1672,14493
0,0.1672,16532
0,0.1672,17484
0,0.1672,17540
0,0.1672,21822
0,0.1672,22899
0,0.1672,29560
0,0.1672,59389
0,0.1672,102357
0,0.1672,519967
0,0.1672,521437
0,0.1672,521575
0,0.1672,524164
0,0.1672,816543
0,0.1673,11847
0,0.1673,13470
0,0.1673,16259
0,0.1673,16416
0,0.1673,16781
0,0.1673,21267
0,0.1673,24804
0,0.1673,32482
0,0.1673,46409
0,0.1673,49102
0,0.1673,50199
0,0.1673,54749
0,0.1673,55869
0,0.1673,71785
0,0.1673,72672
0,0.1673,96557
0,0.1673,121593
0,0.1673,125065
0,0.1673,800084
0,0.1673,800147
0,0.1674,10486
0,0.1674,11324
0,0.1674,11594
0,0.1674,11761
0,0.1674,12934
0,0.1674,13024
0,0.1674,13423
0,0.1674,13998
0,0.1674,16426
0,0.1674,29632
0,0.1674,40542
0,0.1674,41551
0,0.1674,64230
0,0.1674,86577
0,0.1674,159755
0,0.1674,524208
0,0.1674,800162
0,0.1674,801100
0,0.1674,801666
0,0.1675,10904
0,0.1675,10996
0,0.1675,11721
0,0.1675,12241
0,0.1675,12756
0,0.1675,13571
0,0.1675,13981
0,0.1675,14343
0,0.1675,14897
0,0.1675,20044
0,0.1675,21332
0,0.1675,22243
0,0.1675,31345
0,0.1675,34761
0,0.1675,34907
0,0.1675,60292
0,0.1675,73491
0,0.1675,120208
0,0.1675,159277
0,0.1675,168466
0,0.1675,523490
0,0.1675,809322
0,0.1676,10390
0,0.1676,10873
0,0.1676,11030
0,0.1676,11564
0,0.1676,11624
0,0.1676,12896
0,0.1676,18776
0,0.1676,23854
0,0.1676,26305
0,0.1676,44472
0,0.1676,65179
0,0.1676,76225
0,0.1676,76444
0,0.1676,526125
0,0.1676,555312
0,0.1676,564174
0,0.1676,802166
0,0.1676,903455
0,0.1676,904246
0,0.1677,10147
0,0.1677,10180
0,0.1677,10263
0,0.1677,10304
0,0.1677,10867
0,0.1677,12367
0,0.1677,12717
0,0.1677,13560
0,0.1677,15507
0,0.1677,21623
0,0.1677,22338
0,0.1677,37558
0,0.1677,43847
0,0.1677,44079
0,0.1677,48530
0,0.1677,51401
0,0.1677,104866
0,0.1677,125065
0,0.1677,146502
0,0.1677,518717
0,0.1677,519655
0,0.1677,520787
0,0.1677,523684
0,0.1677,527357
0,0.1677,527524
0,0.1677,532655
0,0.1677,542754
0,0.1677,801280
0,0.1678,10297
0,0.1678,11245
0,0.1678,11992
0,0.1678,12231
0,0.1678,13936
0,0.1678,14962
0,0.1678,16724
0,0.1678,20168
0,0.1678,20445
0,0.1678,20581
0,0.1678,26602
0,0.1678,26860
0,0.1678,28086
0,0.1678,32890
0,0.1678,37732
0,0.1678,38333
0,0.1678,43216
0,0.1678,47019
0,0.1678,52616
0,0.1678,146931
0,0.1678,802120
0,0.1678,802871
0,0.1678,802999
0,0.1679,10977
0,0.1679,12541
0,0.1679,14427
0,0.1679,14985
0,0.1679,17014
0,0.1679,18165
0,0.1679,20995
0,0.1679,23401
0,0.1679,26419
0,0.1679,27947
0,0.1679,36825
0,0.1679,46954
0,0.1679,54741
0,0.1679,59086
0,0.1679,59746
0,0.1679,66007
0,0.1679,79631
0,0.1679,86608
0,0.1679,153948
0,0.1679,227465
0,0.1679,523351
0,0.1679,524797
0,0.1679,535316
0,0.1679,800329
0,0.1679,800906
0,0.1679,801736
0,0.1679,804327
0,0.1679,804886
0,0.1680,10070
0,0.1680,10397
0,0.1680,10905
0,0.1680,11400
0,0.1680,11566
0,0.1680,13621
0,0.1680,14391
0,0.1680,16188
0,0.1680,22671
0,0.1680,58053
0,0.1680,60017
0,0.1680,516197
0,0.1681,10075
0,0.1681,10716
0,0.1681,11788
0,0.1681,12511
0,0.1681,13072
0,0.1681,13380
0,0.1681,14319
0,0.1681,14530
0,0.1681,25332
0,0.1681,26223
0,0.1681,27416
0,0.1681,41754
0,0.1681,46693
0,0.1681,61941
0,0.1681,62528
0,0.1681,97536
0,0.1681,527470
0,0.1681,532766
0,0.1681,800539
0,0.1681,801936
0,0.1682,10402
0,0.1682,10423
0,0.1682,10593
0,0.1682,11141
0,0.1682,11229
0,0.1682,13666
0,0.1682,14437
0,0.1682,17156
0,0.1682,22530
0,0.1682,30992
0,0.1682,33405
0,0.1682,33919
0,0.1682,34677
0,0.1682,36351
0,0.1682,44745
0,0.1682,49205
0,0.1682,55990
0,0.1682,68887
0,0.1682,103964
0,0.1682,457812
0,0.1682,509223
0,0.1682,516513
0,0.1682,520002
0,0.1682,543774
0,0.1682,800030
0,0.1682,800190
0,0.1682,801140
0,0.1682,801848
0,0.1683,11244
0,0.1683,12160
0,0.1683,15313
0,0.1683,16005
0,0.1683,16513
0,0.1683,17566
0,0.1683,22917
0,0.1683,25476
0,0.1683,26164
0,0.1683,26338
0,0.1683,26813
0,0.1683,29232
0,0.1683,31733
0,0.1683,32617
0,0.1683,56072
0,0.1683,58157
0,0.1683,73492
0,0.1683,190419
0,0.1683,527469
0,0.1683,537749
0,0.1683,801610
0,0.1683,830514
0,0.1684,10561
0,0.1684,10564
0,0.1684,11289
0,0.1684,11345
0,0.1684,11531
0,0.1684,11620
0,0.1684,12312
0,0.1684,12965
0,0.1684,13225
0,0.1684,14243
0,0.1684,17052
0,0.1684,17569
0,0.1684,18084
0,0.1684,18332
0,0.1684,23477
0,0.1684,24352
0,0.1684,27379
0,0.1684,29250
0,0.1684,30776
0,0.1684,37596
0,0.1684,58157
0,0.1684,58779
0,0.1684,114223
0,0.1684,143504
0,0.1684,514318
0,0.1684,530777
0,0.1684,555318
0,0.1684,801828
0,0.1685,10209
0,0.1685,11828
0,0.1685,12314
0,0.1685,12711
0,0.1685,13725
0,0.1685,16366
0,0.1685,16636
0,0.1685,19767
0,0.1685,20598
0,0.1685,21860
0,0.1685,38538
0,0.1685,41244
0,0.1685,56739
0,0.1685,65103
0,0.1685,105437
0,0.1685,136213
0,0.1685,140586
0,0.1685,188051
0,0.1685,406728
0,0.1685,555969
0,0.1685,811544
0,0.1685,915497
0,0.1686,11099
0,0.1686,11471
0,0.1686,12061
0,0.1686,13716
0,0.1686,18937
0,0.1686,22224
0,0.1686,27627
0,0.1686,40001
0,0.1686,41571
0,0.1686,49687
0,0.1686,52016
0,0.1686,58496
0,0.1686,67070
0,0.1686,108362
0,0.1686,119630
0,0.1686,151973
0,0.1686,159782
0,0.1686,513175
0,0.1686,527430
0,0.1686,529031
0,0.1686,564884
0,0.1686,804770
0,0.1687,10201
0,0.1687,10321
0,0.1687,10756
0,0.1687,11379
0,0.1687,11837
0,0.1687,12621
0,0.1687,15693
0,0.1687,16141
0,0.1687,17904
0,0.1687,21338
0,0.1687,42373
0,0.1687,62207
0,0.1687,100823
0,0.1687,108324
0,0.1687,522828
0,0.1687,529602
0,0.1687,579253
0,0.1687,802039
0,0.1687,803160
0,0.1688,10305
0,0.1688,16508
0,0.1688,22977
0,0.1688,25927
0,0.1688,26711
0,0.1688,27151
0,0.1688,31397
0,0.1688,41393
0,0.1688,43230
0,0.1688,43363
0,0.1688,54621
0,0.1688,59950
0,0.1688,66105
0,0.1688,67789
0,0.1688,76634
0,0.1688,147169
0,0.1688,515161
0,0.1688,519842
0,0.1688,800687
0,0.1688,802361
0,0.1688,804559
0,0.1689,10048
0,0.1689,10084
0,0.1689,10205
0,0.1689,10285
0,0.1689,10294
0,0.1689,10332
0,0.1689,10653
0,0.1689,10671
0,0.1689,11262
0,0.1689,11608
0,0.1689,11930
0,0.1689,13480
0,0.1689,15517
0,0.1689,18044
0,0.1689,23700
0,0.1689,28019
0,0.1689,38022
0,0.1689,50232
0,0.1689,75310
0,0.1689,99882
0,0.1689,130279
0,0.1689,130907
0,0.1689,555712
0,0.1689,800928
0,0.1689,806083
0,0.1689,809744
0,0.1689,918582
0,0.1690,10632
0,0.1690,10727
0,0.1690,10877
0,0.1690,11523
0,0.1690,11546
0,0.1690,12283
0,0.1690,12735
0,0.1690,12994
0,0.1690,16434
0,0.1690,20550
0,0.1690,20688
0,0.1690,22806
0,0.1690,23517
0,0.1690,25655
0,0.1690,28855
0,0.1690,33646
0,0.1690,33672
0,0.1690,33919
0,0.1690,51330
0,0.1690,54959
0,0.1690,69854
0,0.1690,71418
0,0.1690,76932
0,0.1690,95255
0,0.1690,99139
0,0.1690,130656
0,0.1690,155312
0,0.1690,519585
0,0.1690,800145
0,0.1690,800606
0,0.1690,800868
0,0.1690,801598
0,0.1690,801813
0,0.1691,10604
0,0.1691,10808
0,0.1691,10929
0,0.1691,11342
0,0.1691,11556
0,0.1691,11993
0,0.1691,12284
0,0.1691,12320
0,0.1691,12929
0,0.1691,14510
0,0.1691,15823
0,0.1691,19921
0,0.1691,23958
0,0.1691,26485
0,0.1691,33047
0,0.1691,34148
0,0.1691,37202
0,0.1691,39727
0,0.1691,40909
0,0.1691,115267
0,0.1691,125709
0,0.1691,195727
0,0.1691,521935
0,0.1691,547655
0,0.1691,800847
0,0.1691,904395
0,0.1691,926518
0,0.1692,10140
0,0.1692,10168
0,0.1692,10767
0,0.1692,11501
0,0.1692,13127
0,0.1692,18994
0,0.1692,26515
0,0.1692,30469
0,0.1692,31847
0,0.1692,33892
0,0.1692,45187
0,0.1692,46266
0,0.1692,99925
0,0.1692,109011
0,0.1692,148486
0,0.1692,195277
0,0.1692,525105
0,0.1692,542355
0,0.1692,800241
0,0.1692,801185
0,0.1692,806623
0,0.1692,816543
0,0.1692,902492
0,0.1692,906956
0,0.1693,10169
0,0.1693,10522
0,0.1693,10540
0,0.1693,11308
0,0.1693,11311
0,0.1693,11390
0,0.1693,12354
0,0.1693,12782
0,0.1693,12958
0,0.1693,18983
0,0.1693,23732
0,0.1693,35798
0,0.1693,37744
0,0.1693,60910
0,0.1693,63508
0,0.1693,68686
0,0.1693,81427
0,0.1693,86553
0,0.1693,122982
0,0.1693,128455
0,0.1693,142053
0,0.1693,533469
0,0.1693,555319
0,0.1693,800178
0,0.1693,801002
0,0.1693,801246
0,0.1694,10118
0,0.1694,11215
0,0.1694,12309
0,0.1694,12761
0,0.1694,13610
0,0.1694,15970
0,0.1694,26845
0,0.1694,27775
0,0.1694,34464
0,0.1694,49945
0,0.1694,58836
0,0.1694,82482
0,0.1694,88490
0,0.1694,145635
0,0.1694,247232
0,0.1694,381503
0,0.1694,513803
0,0.1694,520916
0,0.1694,521027
0,0.1694,522730
0,0.1694,524238
0,0.1694,527410
0,0.1694,556037
0,0.1694,804850
0,0.1695,10092
0,0.1695,10473
0,0.1695,10530
0,0.1695,11105
0,0.1695,11292
0,0.1695,11725
0,0.1695,11736
0,0.1695,12162
0,0.1695,12332
0,0.1695,13821
0,0.1695,16107
0,0.1695,18049
0,0.1695,19274
0,0.1695,20739
0,0.1695,20960
0,0.1695,22166
0,0.1695,24803
0,0.1695,29231
0,0.1695,31925
0,0.1695,33000
0,0.1695,33605
0,0.1695,36556
0,0.1695,39257
0,0.1695,45016
0,0.1695,54445
0,0.1695,57806
0,0.1695,78494
0,0.1695,106034
0,0.1695,142053
0,0.1695,144317
0,0.1695,185726
0,0.1695,192978
0,0.1695,515069
0,0.1695,516568
0,0.1695,519132
0,0.1695,521241
0,0.1695,522439
0,0.1695,551294
0,0.1695,802252
0,0.1695,804840
0,0.1696,11603
0,0.1696,11722
0,0.1696,13194
0,0.1696,20059
0,0.1696,23072
0,0.1696,23762
0,0.1696,24317
0,0.1696,25288
0,0.1696,36333
0,0.1696,44858
0,0.1696,51537
0,0.1696,56991
0,0.1696,72111
0,0.1696,137802
0,0.1696,801088
0,0.1696,917516
0,0.1697,11435
0,0.1697,11583
0,0.1697,12566
0,0.1697,14802
0,0.1697,16311
0,0.1697,16648
0,0.1697,18575
0,0.1697,19882
0,0.1697,21889
0,0.1697,24841
0,0.1697,50929
0,0.1697,52583
0,0.1697,84581
0,0.1697,104131
0,0.1697,117228
0,0.1697,142053
0,0.1697,191334
0,0.1697,515158
0,0.1697,516331
0,0.1697,520119
0,0.1697,801530
0,0.1698,10138
0,0.1698,11914
0,0.1698,12732
0,0.1698,13307
0,0.1698,13384
0,0.1698,14497
0,0.1698,15353
0,0.1698,18828
0,0.1698,25655
0,0.1698,27627
0,0.1698,30421
0,0.1698,32752
0,0.1698,32784
0,0.1698,42701
0,0.1698,45416
0,0.1698,77158
0,0.1698,87584
0,0.1698,107502
0,0.1698,129289
0,0.1698,515735
0,0.1698,543264
0,0.1698,943251
0,0.1699,12351
0,0.1699,13431
0,0.1699,14506
0,0.1699,18536
0,0.1699,19290
0,0.1699,23241
0,0.1699,26766
0,0.1699,28406
0,0.1699,52536
0,0.1699,63883
0,0.1699,65539
0,0.1699,96307
0,0.1699,97536
0,0.1699,203048
0,0.1699,521158
0,0.1699,800917
0,0.1699,914259
0,0.1700,10408
0,0.1700,11112
0,0.1700,11341
0,0.1700,11399
0,0.1700,11952
0,0.1700,12534
0,0.1700,13283
0,0.1700,14066
0,0.1700,14843
0,0.1700,26020
0,0.1700,31196
0,0.1700,32354
0,0.1700,40444
0,0.1700,49225
0,0.1700,54952
0,0.1700,58226
0,0.1700,75029
0,0.1700,98590
0,0.1700,105377
0,0.1700,167019
0,0.1700,452352
0,0.1700,511807
0,0.1700,527577
0,0.1701,10039
0,0.1701,12826
0,0.1701,13303
0,0.1701,14019
0,0.1701,16083
0,0.1701,32880
0,0.1701,35514
0,0.1701,46430
0,0.1701,85916
0,0.1701,93314
0,0.1701,163045
0,0.1701,512745
0,0.1701,513911
0,0.1701,546406
0,0.1702,10524
0,0.1702,11135
0,0.1702,11741
0,0.1702,12509
0,0.1702,16610
0,0.1702,30981
0,0.1702,46393
0,0.1702,48739
0,0.1702,54741
0,0.1702,64400
0,0.1702,110689
0,0.1702,116162
0,0.1702,127658
0,0.1702,145091
0,0.1703,10096
0,0.1703,10133
0,0.1703,10376
0,0.1703,14516
0,0.1703,14661
0,0.1703,15506
0,0.1703,15961
0,0.1703,18075
0,0.1703,18726
0,0.1703,24828
0,0.1703,28803
0,0.1703,44568
0,0.1703,44741
0,0.1703,44781
0,0.1703,46154
0,0.1703,51428
0,0.1703,63153
0,0.1703,73249
0,0.1703,92687
0,0.1703,96721
0,0.1703,103824
0,0.1703,514230
0,0.1703,542560
0,0.1704,10065
0,0.1704,10175
0,0.1704,10264
0,0.1704,10459
0,0.1704,11050
0,0.1704,11080
0,0.1704,11805
0,0.1704,13315
0,0.1704,14895
0,0.1704,16978
0,0.1704,18334
0,0.1704,21382
0,0.1704,21692
0,0.1704,24502
0,0.1704,53326
0,0.1704,63901
0,0.1704,70325
0,0.1704,87958
0,0.1704,88207
0,0.1704,94994
0,0.1704,119612
0,0.1704,139952
0,0.1704,529429
0,0.1704,544258
0,0.1704,908951
0,0.1705,10429
0,0.1705,10456
0,0.1705,10463
0,0.1705,10736
0,0.1705,10942
0,0.1705,10973
0,0.1705,11365
0,0.1705,11478
0,0.1705,11991
0,0.1705,12057
0,0.1705,13515
0,0.1705,19305
0,0.1705,24394
0,0.1705,28584
0,0.1705,29144
0,0.1705,34717
0,0.1705,37147
0,0.1705,40838
0,0.1705,41840
0,0.1705,48218
0,0.1705,51479
0,0.1705,72945
0,0.1705,109321
0,0.1705,141834
0,0.1705,514424
0,0.1705,516286
0,0.1705,521290
0,0.1705,522811
0,0.1705,800496
0,0.1705,802731
0,0.1706,10074
0,0.1706,10254
0,0.1706,11058
0,0.1706,11281
0,0.1706,11744
0,0.1706,11783
0,0.1706,11870
0,0.1706,12279
0,0.1706,12728
0,0.1706,12840
0,0.1706,13944
0,0.1706,15133
0,0.1706,17325
0,0.1706,32958
0,0.1706,35196
0,0.1706,35927
0,0.1706,37997
0,0.1706,40602
0,0.1706,54383
0,0.1706,66755
0,0.1706,118825
0,0.1706,121384
0,0.1706,133583
0,0.1706,138335
0,0.1706,515140
0,0.1706,520007
0,0.1706,803195
0,0.1706,804003
0,0.1707,10461
0,0.1707,11359
0,0.1707,11514
0,0.1707,11517
0,0.1707,11615
0,0.1707,12338
0,0.1707,13582
0,0.1707,15125
0,0.1707,19873
0,0.1707,20402
0,0.1707,21637
0,0.1707,22276
0,0.1707,29590
0,0.1707,46096
0,0.1707,59442
0,0.1707,114513
0,0.1707,518580
0,0.1707,804596
0,0.1708,10134
0,0.1708,10613
0,0.1708,11294
0,0.1708,11975
0,0.1708,12111
0,0.1708,14573
0,0.1708,17177
0,0.1708,18016
0,0.1708,18730
0,0.1708,20287
0,0.1708,26263
0,0.1708,34908
0,0.1708,38967
0,0.1708,42124
0,0.1708,45451
0,0.1708,51878
0,0.1708,55494
0,0.1708,88470
0,0.1708,519588
0,0.1708,521108
0,0.1708,523591
0,0.1708,555967
0,0.1708,580637
0,0.1708,803049
0,0.1708,907978
0,0.1709,10515
0,0.1709,10650
0,0.1709,11922
0,0.1709,12037
0,0.1709,12425
0,0.1709,12977
0,0.1709,13101
0,0.1709,14161
0,0.1709,14386
0,0.1709,15164
0,0.1709,16274
0,0.1709,16433
0,0.1709,16801
0,0.1709,21567
0,0.1709,22243
0,0.1709,28086
0,0.1709,41302
0,0.1709,43539
0,0.1709,46960
0,0.1709,47922
0,0.1709,53918
0,0.1709,57401
0,0.1709,57675
0,0.1709,58027
0,0.1709,60200
0,0.1709,62429
0,0.1709,66389
0,0.1709,69650
0,0.1709,100441
0,0.1709,267437
0,0.1709,516097
0,0.1709,523828
0,0.1709,525958
0,0.1709,526767
0,0.1709,563873
0,0.1709,575082
0,0.1709,808650
0,0.1709,809322
0,0.1710,11644
0,0.1710,11691
0,0.1710,12163
0,0.1710,13095
0,0.1710,13483
0,0.1710,18262
0,0.1710,20620
0,0.1710,23854
0,0.1710,29217
0,0.1710,31720
0,0.1710,35182
0,0.1710,38185
0,0.1710,40528
0,0.1710,44000
0,0.1710,49255
0,0.1710,62003
0,0.1710,65986
0,0.1710,71444
0,0.1710,73560
0,0.1710,75409
0,0.1710,96104
0,0.1710,128237
0,0.1710,161534
0,0.1710,514764
0,0.1710,519865
0,0.1710,524152
0,0.1710,800743
0,0.1711,10378
0,0.1711,11990
0,0.1711,13886
0,0.1711,15647
0,0.1711,17225
0,0.1711,18875
0,0.1711,31348
0,0.1711,46888
0,0.1711,48178
0,0.1711,51567
0,0.1711,70867
0,0.1711,145635
0,0.1711,147185
0,0.1711,520787
0,0.1711,521439
0,0.1711,529800
0,0.1711,532655
0,0.1711,801666
0,0.1711,802383
0,0.1712,11409
0,0.1712,13596
0,0.1712,20200
0,0.1712,23401
0,0.1712,29244
0,0.1712,36939
0,0.1712,44138
0,0.1712,54749
0,0.1712,58975
0,0.1712,59400
0,0.1712,60011
0,0.1712,96104
0,0.1712,99721
0,0.1712,516400
0,0.1712,517458
0,0.1712,527367
0,0.1712,802554
0,0.1712,803412
0,0.1712,804588
0,0.1713,11992
0,0.1713,15547
0,0.1713,16601
0,0.1713,17244
0,0.1713,27697
0,0.1713,31345
0,0.1713,32247
0,0.1713,35187
0,0.1713,38860
0,0.1713,41342
0,0.1713,44995
0,0.1713,51350
0,0.1713,210889
0,0.1713,527351
0,0.1713,914363
0,0.1714,10397
0,0.1714,10905
0,0.1714,11400
0,0.1714,11817
0,0.1714,11958
0,0.1714,12046
0,0.1714,13664
0,0.1714,13684
0,0.1714,23132
0,0.1714,41787
0,0.1714,54440
0,0.1714,54959
0,0.1714,68701
0,0.1714,68997
0,0.1714,75333
0,0.1714,128455
0,0.1714,138586
0,0.1714,142052
0,0.1714,519242
0,0.1714,519850
0,0.1714,524990
0,0.1714,800397
0,0.1714,800434
0,0.1714,813400
0,0.1714,931203
0,0.1714,118750563
0,0.1715,10126
0,0.1715,10262
0,0.1715,11703
0,0.1715,11749
0,0.1715,12471
0,0.1715,14666
0,0.1715,24067
0,0.1715,25714
0,0.1715,27614
0,0.1715,29176
0,0.1715,29806
0,0.1715,41801
0,0.1715,53334
0,0.1715,161534
0,0.1715,227465
0,0.1715,512485
0,0.1715,512931
0,0.1715,516780
0,0.1715,519970
0,0.1715,520002
0,0.1715,524208
0,0.1715,801936
0,0.1715,804140
0,0.1715,807047
0,0.1716,10470
0,0.1716,10569
0,0.1716,11289
0,0.1716,11594
0,0.1716,13334
0,0.1716,16446
0,0.1716,16617
0,0.1716,16706
0,0.1716,20581
0,0.1716,22417
0,0.1716,28525
0,0.1716,32321
0,0.1716,34385
0,0.1716,38688
0,0.1716,39943
0,0.1716,42495
0,0.1716,45513
0,0.1716,49092
0,0.1716,63954
0,0.1716,80380
0,0.1716,119868
0,0.1716,543264
0,0.1716,567978
0,0.1716,801580
0,0.1716,801787
0,0.1716,819835
0,0.1716,903086
0,0.1717,11244
0,0.1717,11521
0,0.1717,11620
0,0.1717,11828
0,0.1717,13550
0,0.1717,13556
0,0.1717,16649
0,0.1717,17319
0,0.1717,18989
0,0.1717,19612
0,0.1717,19618
0,0.1717,23477
0,0.1717,29764
0,0.1717,29826
0,0.1717,33130
0,0.1717,37070
0,0.1717,38051
0,0.1717,42191
0,0.1717,48313
0,0.1717,53002
0,0.1717,53863
0,0.1717,78067
0,0.1717,80093
0,0.1717,98455
0,0.1717,148994
0,0.1717,517532
0,0.1717,520934
0,0.1717,530777
0,0.1717,532768
0,0.1717,801071
0,0.1717,816543
0,0.1718,11355
0,0.1718,11531
0,0.1718,14514
0,0.1718,15662
0,0.1718,15992
0,0.1718,17107
0,0.1718,18417
0,0.1718,35634
0,0.1718,44850
0,0.1718,59733
0,0.1718,62528
0,0.1718,79193
0,0.1718,113958
0,0.1718,138447
0,0.1718,509223
0,0.1718,513419
0,0.1718,524164
0,0.1718,555318
0,0.1718,800490
0,0.1718,801187
0,0.1719,10208
0,0.1719,12717
0,0.1719,16460
0,0.1719,16600
0,0.1719,17722
0,0.1719,18165
0,0.1719,23743
0,0.1719,28509
0,0.1719,28899
0,0.1719,36031
0,0.1719,49225
0,0.1719,49558
0,0.1719,51583
0,0.1719,90874
0,0.1719,306197
0,0.1719,527470
0,0.1719,531768
0,0.1719,805137
0,0.1720,10033
0,0.1720,10111
0,0.1720,10176
0,0.1720,10670
0,0.1720,10977
0,0.1720,11143
0,0.1720,11345
0,0.1720,15183
0,0.1720,18854
0,0.1720,18939
0,0.1720,22473
0,0.1720,22787
0,0.1720,26532
0,0.1720,26551
0,0.1720,107083
0,0.1720,116827
0,0.1720,128455
0,0.1720,512883
0,0.1720,805335
0,0.1721,10097
0,0.1721,10806
0,0.1721,11379
0,0.1721,11761
0,0.1721,13356
0,0.1721,18637
0,0.1721,19828
0,0.1721,21709
0,0.1721,31345
0,0.1721,32250
0,0.1721,49479
0,0.1721,74523
0,0.1721,99080
0,0.1721,100307
0,0.1721,117817
0,0.1721,118825
0,0.1721,512314
0,0.1721,805372
0,0.1722,12603
0,0.1722,15361
0,0.1722,16207
0,0.1722,16921
0,0.1722,19183
0,0.1722,19267
0,0.1722,25245
0,0.1722,42387
0,0.1722,46596
0,0.1722,73013
0,0.1722,88538
0,0.1722,123841
0,0.1722,564824
0,0.1723,12298
0,0.1723,13147
0,0.1723,14874
0,0.1723,18798
0,0.1723,18824
0,0.1723,19845
0,0.1723,25166
0,0.1723,27416
0,0.1723,41174
0,0.1723,195277
0,0.1723,514009
0,0.1723,522812
0,0.1723,800088
0,0.1723,801666
0,0.1723,906378
0,0.1723,909181
0,0.1724,10423
0,0.1724,10472
0,0.1724,10929
0,0.1724,11174
0,0.1724,12815
0,0.1724,13027
0,0.1724,14442
0,0.1724,14869
0,0.1724,17406
0,0.1724,17908
0,0.1724,18453
0,0.1724,22105
0,0.1724,22569
0,0.1724,28899
0,0.1724,29750
0,0.1724,40568
0,0.1724,527409
0,0.1724,536992
0,0.1724,908572
0,0.1725,10359
0,0.1725,11099
0,0.1725,11262
0,0.1725,13621
0,0.1725,14685
0,0.1725,16969
0,0.1725,20380
0,0.1725,27702
0,0.1725,35420
0,0.1725,49752
0,0.1725,52415
0,0.1725,69631
0,0.1725,93352
0,0.1725,154495
0,0.1725,184114
0,0.1725,513746
0,0.1725,529519
0,0.1725,800398
0,0.1726,10216
0,0.1726,11283
0,0.1726,11342
0,0.1726,11523
0,0.1726,11546
0,0.1726,11788
0,0.1726,11993
0,0.1726,13479
0,0.1726,21332
0,0.1726,24866
0,0.1726,26102
0,0.1726,28604
0,0.1726,43785
0,0.1726,53849
0,0.1726,59658
0,0.1726,59950
0,0.1726,80093
0,0.1726,110372
0,0.1726,116012
0,0.1726,142998
0,0.1726,515091
0,0.1726,531708
0,0.1727,10169
0,0.1727,10209
0,0.1727,10377
0,0.1727,10390
0,0.1727,10632
0,0.1727,11829
0,0.1727,12012
0,0.1727,15928
0,0.1727,19767
0,0.1727,21267
0,0.1727,52641
0,0.1727,128562
0,0.1727,128866
0,0.1727,519572
0,0.1727,519692
0,0.1727,555322
0,0.1727,581332
0,0.1727,821509
0,0.1728,10140
0,0.1728,11229
0,0.1728,11292
0,0.1728,11501
0,0.1728,11837
0,0.1728,13237
0,0.1728,13716
0,0.1728,15905
0,0.1728,16422
0,0.1728,19579
0,0.1728,20910
0,0.1728,24315
0,0.1728,24713
0,0.1728,30885
0,0.1728,33957
0,0.1728,38204
0,0.1728,49794
0,0.1728,57722
0,0.1728,58433
0,0.1728,66076
0,0.1728,75987
0,0.1728,262865
0,0.1728,529417
0,0.1728,556574
0,0.1728,564864
0,0.1729,10198
0,0.1729,10486
0,0.1729,14343
0,0.1729,15507
0,0.1729,16136
0,0.1729,18203
0,0.1729,18814
0,0.1729,20076
0,0.1729,21099
0,0.1729,24985
0,0.1729,26071
0,0.1729,34247
0,0.1729,39922
0,0.1729,124790
0,0.1729,521935
0,0.1729,801239
0,0.1729,903852
0,0.1730,10425
0,0.1730,10904
0,0.1730,11402
0,0.1730,12671
0,0.1730,19467
0,0.1730,22717
0,0.1730,36291
0,0.1730,42365
0,0.1730,47040
0,0.1730,57888
0,0.1730,68319
0,0.1730,75987
0,0.1730,85916
0,0.1730,88903
0,0.1730,140182
0,0.1730,516162
0,0.1730,524207
0,0.1730,524238
0,0.1730,801666
0,0.1730,918582
0,0.1731,10049
0,0.1731,10201
0,0.1731,10786
0,0.1731,10831
0,0.1731,11725
0,0.1731,12387
0,0.1731,16600
0,0.1731,39054
0,0.1731,45678
0,0.1731,45708
0,0.1731,46783
0,0.1731,62367
0,0.1731,90835
0,0.1731,109011
0,0.1731,345939
0,0.1731,517982
0,0.1732,10561
0,0.1732,11467
0,0.1732,11722
0,0.1732,11736
0,0.1732,12994
0,0.1732,14893
0,0.1732,15501
0,0.1732,16042
0,0.1732,16054
0,0.1732,16524
0,0.1732,18007
0,0.1732,18015
0,0.1732,20459
0,0.1732,23339
0,0.1732,29156
0,0.1732,36743
0,0.1732,514688
0,0.1732,517330
0,0.1732,555966
0,0.1733,10305
0,0.1733,10473
0,0.1733,10835
0,0.1733,12320
0,0.1733,12765
0,0.1733,14722
0,0.1733,19949
0,0.1733,22166
0,0.1733,29604
0,0.1733,30021
0,0.1733,34676
0,0.1733,37342
0,0.1733,38573
0,0.1733,40559
0,0.1733,41869
0,0.1733,50927
0,0.1733,57772
0,0.1733,66970
0,0.1733,72871
0,0.1733,74814
0,0.1733,84551
0,0.1733,140903
0,0.1733,142053
0,0.1733,517351
0,0.1734,10212
0,0.1734,10996
0,0.1734,11731
0,0.1734,12354
0,0.1734,14139
0,0.1734,14961
0,0.1734,15795
0,0.1734,17105
0,0.1734,19792
0,0.1734,19921
0,0.1734,28986
0,0.1734,80544
0,0.1734,541635
0,0.1734,800304
0,0.1734,819835
0,0.1735,10096
0,0.1735,11072
0,0.1735,12241
0,0.1735,12778
0,0.1735,13431
0,0.1735,14437
0,0.1735,14750
0,0.1735,16013
0,0.1735,16188
0,0.1735,16862
0,0.1735,21798
0,0.1735,26239
0,0.1735,26977
0,0.1735,28406
0,0.1735,29272
0,0.1735,57381
0,0.1735,138865
0,0.1735,407353
0,0.1735,551294
0,0.1735,928274
0,0.1736,10133
0,0.1736,10285
0,0.1736,10370
0,0.1736,10376
0,0.1736,10459
0,0.1736,11914
0,0.1736,11952
0,0.1736,12654
0,0.1736,15915
0,0.1736,18867
0,0.1736,24804
0,0.1736,27774
0,0.1736,29410
0,0.1736,30613
0,0.1736,35435
0,0.1736,48056
0,0.1736,49910
0,0.1736,53326
0,0.1736,56315
0,0.1736,67398
0,0.1736,97457
0,0.1736,130279
0,0.1736,512521
0,0.1736,520003
0,0.1736,535279
0,0.1736,535438
0,0.1736,801994
0,0.1737,10540
0,0.1737,11092
0,0.1737,11930
0,0.1737,26625
0,0.1737,34321
0,0.1737,37399
0,0.1737,49867
0,0.1737,56390
0,0.1737,58166
0,0.1737,63942
0,0.1737,70171
0,0.1737,70248
0,0.1737,109275
0,0.1737,192978
0,0.1737,247232
0,0.1737,514579
0,0.1737,526119
0,0.1738,10031
0,0.1738,10463
0,0.1738,11030
0,0.1738,12929
0,0.1738,12934
0,0.1738,13380
0,0.1738,14243
0,0.1738,14391
0,0.1738,18108
0,0.1738,18778
0,0.1738,26642
0,0.1738,44846
0,0.1738,52825
0,0.1738,62528
0,0.1738,78992
0,0.1738,94170
0,0.1738,512216
0,0.1738,521158
0,0.1738,529429
0,0.1738,529665
0,0.1739,11991
0,0.1739,12121
0,0.1739,12896
0,0.1739,13230
0,0.1739,13666
0,0.1739,17325
0,0.1739,17540
0,0.1739,18841
0,0.1739,28680
0,0.1739,35196
0,0.1739,49570
0,0.1739,63394
0,0.1739,65609
0,0.1739,74403
0,0.1739,77810
0,0.1739,80093
0,0.1739,110773
0,0.1739,227465
0,0.1739,516322
0,0.1739,564174
0,0.1739,801936
0,0.1739,911658
0,0.1740,10297
0,0.1740,10347
0,0.1740,10942
0,0.1740,11281
0,0.1740,11478
0,0.1740,11517
0,0.1740,11556
0,0.1740,11744
0,0.1740,11783
0,0.1740,11870
0,0.1740,12109
0,0.1740,12152
0,0.1740,12164
0,0.1740,13940
0,0.1740,14430
0,0.1740,14925
0,0.1740,20311
0,0.1740,23012
0,0.1740,26387
0,0.1740,40685
0,0.1740,45286
0,0.1740,47901
0,0.1740,58845
0,0.1740,111512
0,0.1740,114510
0,0.1740,118825
0,0.1740,161534
0,0.1740,423539
0,0.1740,508595
0,0.1740,512234
0,0.1740,521437
0,0.1740,521438
0,0.1740,803210
0,0.1741,10118
0,0.1741,10960
0,0.1741,12023
0,0.1741,12338
0,0.1741,12837
0,0.1741,13821
0,0.1741,15920
0,0.1741,20001
0,0.1741,31376
0,0.1741,58009
0,0.1741,68736
0,0.1741,512796
0,0.1741,532766
0,0.1741,532811
0,0.1741,801137
0,0.1742,10084
0,0.1742,10254
0,0.1742,10456
0,0.1742,11323
0,0.1742,11327
0,0.1742,11399
0,0.1742,12111
0,0.1742,12259
0,0.1742,14158
0,0.1742,16167
0,0.1742,17175
0,0.1742,17397
0,0.1742,18049
0,0.1742,18634
0,0.1742,20324
0,0.1742,21876
0,0.1742,22276
0,0.1742,25951
0,0.1742,26292
0,0.1742,36844
0,0.1742,42307
0,0.1742,48530
0,0.1742,59796
0,0.1742,60532
0,0.1742,100237
0,0.1742,103964
0,0.1742,116289
0,0.1742,517359
0,0.1742,520466
0,0.1742,541683
0,0.1743,11359
0,0.1743,11603
0,0.1743,11922
0,0.1743,11975
0,0.1743,12513
0,0.1743,12965
0,0.1743,13375
0,0.1743,13435
0,0.1743,13981
0,0.1743,16651
0,0.1743,16993
0,0.1743,18726
0,0.1743,19143
0,0.1743,23003
0,0.1743,28640
0,0.1743,31068
0,0.1743,32439
0,0.1743,42311
0,0.1743,50256
0,0.1743,54248
0,0.1743,60172
0,0.1743,77451
0,0.1743,80123
0,0.1743,108124
0,0.1743,521575
0,0.1743,523591
0,0.1744,10221
0,0.1744,10321
0,0.1744,10524
0,0.1744,10593
0,0.1744,10650
0,0.1744,10756
0,0.1744,11294
0,0.1744,11583
0,0.1744,13379
0,0.1744,16648
0,0.1744,17484
0,0.1744,17614
0,0.1744,18884
0,0.1744,19234
0,0.1744,23151
0,0.1744,30421
0,0.1744,41622
0,0.1744,44667
0,0.1744,51032
0,0.1744,55111
0,0.1744,59111
0,0.1744,102171
0,0.1744,158604
0,0.1744,162555
0,0.1744,210889
0,0.1744,509223
0,0.1744,514291
0,0.1744,520787
0,0.1744,532655
0,0.1744,800860
0,0.1744,802549
0,0.1745,10522
0,0.1745,10877
0,0.1745,11321
0,0.1745,13153
0,0.1745,13571
0,0.1745,16434
0,0.1745,17027
0,0.1745,18179
0,0.1745,18730
0,0.1745,21353
0,0.1745,23854
0,0.1745,79554
0,0.1745,86985
0,0.1745,124211
0,0.1745,513343
0,0.1745,545288
0,0.1746,10515
0,0.1746,10530
0,0.1746,10628
0,0.1746,10767
0,0.1746,10881
0,0.1746,13172
0,0.1746,15237
0,0.1746,16029
0,0.1746,18016
0,0.1746,19108
0,0.1746,19665
0,0.1746,21332
0,0.1746,22243
0,0.1746,23401
0,0.1746,24064
0,0.1746,26497
0,0.1746,31117
0,0.1746,38998
0,0.1746,44587
0,0.1746,64908
0,0.1746,98081
0,0.1746,148337
0,0.1746,516433
0,0.1746,518581
0,0.1746,520668
0,0.1746,527577
0,0.1746,904400
0,0.1747,10397
0,0.1747,10408
0,0.1747,10429
0,0.1747,10906
0,0.1747,11050
0,0.1747,11390
0,0.1747,12571
0,0.1747,12705
0,0.1747,21166
0,0.1747,31345
0,0.1747,50178
0,0.1747,52220
0,0.1747,119101
0,0.1747,159400
0,0.1747,280660
0,0.1747,512277
0,0.1747,519041
0,0.1747,519869
0,0.1747,520916
0,0.1747,520933
0,0.1747,521157
0,0.1747,523351
0,0.1747,530781
0,0.1747,564884
0,0.1747,800928
0,0.1748,10875
0,0.1748,10905
0,0.1748,11400
0,0.1748,12171
0,0.1748,13128
0,0.1748,14609
0,0.1748,14665
0,0.1748,16416
0,0.1748,17569
0,0.1748,18678
0,0.1748,19519
0,0.1748,20867
0,0.1748,21567
0,0.1748,32482
0,0.1748,37745
0,0.1748,38043
0,0.1748,41778
0,0.1748,61425
0,0.1748,104131
0,0.1748,125291
0,0.1748,135739
0,0.1748,147959
0,0.1748,203037
0,0.1748,210889
0,0.1748,800171
0,0.1748,802399
0,0.1748,819835
0,0.1749,11028
0,0.1749,11624
0,0.1749,12541
0,0.1749,12977
0,0.1749,13194
0,0.1749,24828
0,0.1749,28607
0,0.1749,31206
0,0.1749,37951
0,0.1749,51195
0,0.1749,53719
0,0.1749,67070
0,0.1749,82960
0,0.1749,147169
0,0.1749,161163
0,0.1749,267437
0,0.1749,517164
0,0.1749,524777
0,0.1749,530668
0,0.1749,800354
0,0.1750,10065
0,0.1750,10736
0,0.1750,11840
0,0.1750,14607
0,0.1750,14985
0,0.1750,16236
0,0.1750,20141
0,0.1750,21132
0,0.1750,25655
0,0.1750,27274
0,0.1750,47595
0,0.1750,50320
0,0.1750,62528
0,0.1750,80951
0,0.1750,167190
0,0.1750,551032
0,0.1750,800949
0,0.1751,11082
0,0.1751,13315
0,0.1751,15753
0,0.1751,17800
0,0.1751,20402
0,0.1751,27379
0,0.1751,37622
0,0.1751,49551
0,0.1751,149878
0,0.1751,520002
0,0.1751,520932
0,0.1751,555969
0,0.1751,803035
0,0.1752,10323
0,0.1752,11608
0,0.1752,11992
0,0.1752,12061
0,0.1752,14161
0,0.1752,14530
0,0.1752,23204
0,0.1752,31291
0,0.1752,34063
0,0.1752,39569
0,0.1752,40261
0,0.1752,42904
0,0.1752,53267
0,0.1752,63927
0,0.1752,99763
0,0.1752,116304
0,0.1752,515070
0,0.1752,515096
0,0.1752,527357
0,0.1753,10402
0,0.1753,10808
0,0.1753,11244
0,0.1753,11289
0,0.1753,11531
0,0.1753,11620
0,0.1753,12756
0,0.1753,13423
0,0.1753,15517
0,0.1753,20620
0,0.1753,21725
0,0.1753,25039
0,0.1753,29090
0,0.1753,35477
0,0.1753,36026
0,0.1753,40001
0,0.1753,40740
0,0.1753,52645
0,0.1753,53144
0,0.1753,124404
0,0.1753,145635
0,0.1753,522828
0,0.1753,524732
0,0.1753,806500
0,0.1754,10629
0,0.1754,11828
0,0.1754,12653
0,0.1754,15118
0,0.1754,15421
0,0.1754,16124
0,0.1754,21851
0,0.1754,23477
0,0.1754,29166
0,0.1754,31331
0,0.1754,33987
0,0.1754,38670
0,0.1754,38916
0,0.1754,39861
0,0.1754,40826
0,0.1754,52771
0,0.1754,103964
0,0.1754,118532
0,0.1754,517458
0,0.1754,530777
0,0.1754,555318
0,0.1754,579253
0,0.1754,801021
0,0.1754,801088
0,0.1754,816543
0,0.1755,10929
0,0.1755,11210
0,0.1755,12231
0,0.1755,12787
0,0.1755,13145
0,0.1755,15005
0,0.1755,16526
0,0.1755,18416
0,0.1755,18713
0,0.1755,20445
0,0.1755,22356
0,0.1755,24979
0,0.1755,54749
0,0.1755,137731
0,0.1755,173968
0,0.1755,523019
0,0.1755,908274
0,0.1756,10134
0,0.1756,10249
0,0.1756,11135
0,0.1756,12511
0,0.1756,13610
0,0.1756,15295
0,0.1756,25931
0,0.1756,29997
0,0.1756,30539
0,0.1756,30806
0,0.1756,34089
0,0.1756,35109
0,0.1756,38510
0,0.1756,44302
0,0.1756,52570
0,0.1756,83289
0,0.1756,126345
0,0.1756,147169
0,0.1756,177010
0,0.1756,556286
0,0.1756,925829
0,0.1757,10613
0,0.1757,10804
0,0.1757,23200
0,0.1757,26419
0,0.1757,33591
0,0.1757,92337
0,0.1757,127577
0,0.1757,523060
0,0.1757,524208
0,0.1757,527410
0,0.1757,803683
0,0.1758,10039
0,0.1758,11105
0,0.1758,11379
0,0.1758,11969
0,0.1758,12031
0,0.1758,13058
0,0.1758,17014
0,0.1758,20278
0,0.1758,37961
0,0.1758,50560
0,0.1758,57542
0,0.1758,109676
0,0.1758,111689
0,0.1758,170256
0,0.1758,518903
0,0.1758,519242
0,0.1758,527470
0,0.1758,356783826
0,0.1759,12367
0,0.1759,18909
0,0.1759,20581
0,0.1759,26223
0,0.1759,27614
0,0.1759,38821
0,0.1759,58359
0,0.1759,67052
0,0.1759,85617
0,0.1759,800117
0,0.1759,800157
0,0.1759,801848
0,0.1760,10569
0,0.1760,11345
0,0.1760,11469
0,0.1760,11546
0,0.1760,12162
0,0.1760,12312
0,0.1760,12711
0,0.1760,12717
0,0.1760,14340
0,0.1760,18994
0,0.1760,43179
0,0.1760,52465
0,0.1760,121593
0,0.1760,515157
0,0.1760,515266
0,0.1760,520668
0,0.1760,523828
0,0.1760,524741
0,0.1760,559217
0,0.1760,808454
0,0.1760,903654
0,0.1761,10169
0,0.1761,10470
0,0.1761,11342
0,0.1761,11900
0,0.1761,11993
0,0.1761,12106
0,0.1761,13386
0,0.1761,16005
0,0.1761,16141
0,0.1761,18332
0,0.1761,21362
0,0.1761,26168
0,0.1761,26602
0,0.1761,27024
0,0.1761,28588
0,0.1761,33779
0,0.1761,38260
0,0.1761,50278
0,0.1761,56288
0,0.1761,801974
0,0.1761,802039
0,0.1761,804524
0,0.1762,10140
0,0.1762,10164
0,0.1762,10497
0,0.1762,11262
0,0.1762,11594
0,0.1762,12351
0,0.1762,12606
0,0.1762,13470
0,0.1762,15353
0,0.1762,17705
0,0.1762,18328
0,0.1762,18834
0,0.1762,20503
0,0.1762,21263
0,0.1762,43489
0,0.1762,52099
0,0.1762,58738
0,0.1762,106885
0,0.1762,518294
0,0.1762,525105
0,0.1762,580814
0,0.1762,906635
0,0.1763,10632
0,0.1763,10678
0,0.1763,11099
0,0.1763,11292
0,0.1763,11501
0,0.1763,11523
0,0.1763,13685
0,0.1763,14089
0,0.1763,14573
0,0.1763,18165
0,0.1763,26628
0,0.1763,31166
0,0.1763,36149
0,0.1763,40838
0,0.1763,51535
0,0.1763,69929
0,0.1763,114942
0,0.1763,555967
0,0.1764,10296
0,0.1764,11722
0,0.1764,14319
0,0.1764,14922
0,0.1764,16281
0,0.1764,27756
0,0.1764,28037
0,0.1764,28525
0,0.1764,38024
0,0.1764,47932
0,0.1764,85147
0,0.1764,91799
0,0.1764,93854
0,0.1764,95665
0,0.1764,111795
0,0.1764,515549
0,0.1764,516097
0,0.1764,521935
0,0.1764,524238
0,0.1764,526801
0,0.1764,532800
0,0.1764,801079
0,0.1764,904657
0,0.1764,133348431
0,0.1765,10201
0,0.1765,10473
0,0.1765,11725
0,0.1765,12561
0,0.1765,12809
0,0.1765,12890
0,0.1765,14427
0,0.1765,16276
0,0.1765,17847
0,0.1765,18075
0,0.1765,20123
0,0.1765,24407
0,0.1765,58481
0,0.1765,62648
0,0.1765,145128
0,0.1765,436612
0,0.1765,526634
0,0.1765,544813
0,0.1765,800236
0,0.1766,10126
0,0.1766,10262
0,0.1766,11736
0,0.1766,11837
0,0.1766,13550
0,0.1766,13621
0,0.1766,15864
0,0.1766,19767
0,0.1766,26047
0,0.1766,31297
0,0.1766,31775
0,0.1766,36584
0,0.1766,38630
0,0.1766,38946
0,0.1766,57896
0,0.1766,102440
0,0.1766,512797
0,0.1766,514425
0,0.1766,523544
0,0.1766,532768
0,0.1766,580793
0,0.1766,908017
0,0.1766,918582
0,0.1767,10209
0,0.1767,10313
0,0.1767,10378
0,0.1767,10423
0,0.1767,11143
0,0.1767,16781
0,0.1767,22166
0,0.1767,22323
0,0.1767,26845
0,0.1767,32862
0,0.1767,37732
0,0.1767,38819
0,0.1767,57331
0,0.1767,69595
0,0.1767,71039
0,0.1767,74785
0,0.1767,79945
0,0.1767,83381
0,0.1767,95072
0,0.1767,190419
0,0.1767,524164
0,0.1767,532804
0,0.1767,800247
0,0.1767,803420
0,0.1767,805313
0,0.1767,904036
0,0.1768,10096
0,0.1768,11058
0,0.1768,12050
0,0.1768,12735
0,0.1768,13767
0,0.1768,14019
0,0.1768,16107
0,0.1768,16601
0,0.1768,17817
0,0.1768,21335
0,0.1768,21756
0,0.1768,22040
0,0.1768,27416
0,0.1768,39802
0,0.1768,39943
0,0.1768,48614
0,0.1768,221876
0,0.1768,519693
0,0.1768,801828
0,0.1769,10208
0,0.1769,10463
0,0.1769,10977
0,0.1769,11788
0,0.1769,12354
0,0.1769,14959
0,0.1769,19921
0,0.1769,24006
0,0.1769,24841
0,0.1769,26039
0,0.1769,26766
0,0.1769,33296
0,0.1769,34725
0,0.1769,54959
0,0.1769,66424
0,0.1769,87674
0,0.1769,132166
0,0.1769,146273
0,0.1769,521937
0,0.1769,933913
0,0.1770,10133
0,0.1770,10376
0,0.1770,10459
0,0.1770,10540
0,0.1770,10800
0,0.1770,11521
0,0.1770,12782
0,0.1770,13221
0,0.1770,14021
0,0.1770,15183
0,0.1770,19873
0,0.1770,21242
0,0.1770,29560
0,0.1770,35196
0,0.1770,39719
0,0.1770,50017
0,0.1770,55542
0,0.1770,59329
0,0.1770,62429
0,0.1770,94617
0,0.1770,114090
0,0.1770,117135
0,0.1770,210806
0,0.1770,519132
0,0.1770,519695
0,0.1770,551294
0,0.1770,556767
0,0.1770,907468
0,0.1771,10305
0,0.1771,11761
0,0.1771,11914
0,0.1771,11991
0,0.1771,13450
0,0.1771,17325
0,0.1771,18466
0,0.1771,19647
0,0.1771,20960
0,0.1771,26423
0,0.1771,44026
0,0.1771,95835
0,0.1771,514324
0,0.1771,519850
0,0.1771,529429
0,0.1771,800085
0,0.1771,800892
0,0.1771,805313
0,0.1771,807225
0,0.1772,10176
0,0.1772,12320
0,0.1772,12994
0,0.1772,13024
0,0.1772,13716
0,0.1772,13972
0,0.1772,14962
0,0.1772,15662
0,0.1772,19828
0,0.1772,19845
0,0.1772,21098
0,0.1772,28241
0,0.1772,39893
0,0.1772,41175
0,0.1772,53256
0,0.1772,87115
0,0.1772,114364
0,0.1772,119411
0,0.1772,127577
0,0.1772,521946
0,0.1772,800898
0,0.1773,11215
0,0.1773,13232
0,0.1773,14419
0,0.1773,17319
0,0.1773,17570
0,0.1773,19387
0,0.1773,22026
0,0.1773,23076
0,0.1773,38068
0,0.1773,56966
0,0.1773,95442
0,0.1773,97075
0,0.1773,523941
0,0.1773,533589
0,0.1774,11341
0,0.1774,11952
0,0.1774,11956
0,0.1774,14292
0,0.1774,16426
0,0.1774,28406
0,0.1774,49376
0,0.1774,59035
0,0.1774,76958
0,0.1774,79950
0,0.1774,87178
0,0.1774,109459
0,0.1774,133435
0,0.1774,524797
0,0.1774,802097
0,0.1774,804989
0,0.1774,805477
0,0.1774,918902
0,0.1775,11080
0,0.1775,11229
0,0.1775,11478
0,0.1775,11514
0,0.1775,11783
0,0.1775,11870
0,0.1775,12840
0,0.1775,13198
0,0.1775,14066
0,0.1775,14435
0,0.1775,16600
0,0.1775,17650
0,0.1775,19187
0,0.1775,20397
0,0.1775,20688
0,0.1775,24502
0,0.1775,30525
0,0.1775,31345
0,0.1775,54860
0,0.1775,55306
0,0.1775,71008
0,0.1775,77131
0,0.1775,77609
0,0.1775,96213
0,0.1775,99858
0,0.1775,166153
0,0.1775,543774
0,0.1776,10461
0,0.1776,11281
0,0.1776,11744
0,0.1776,12338
0,0.1776,12460
0,0.1776,12509
0,0.1776,12667
0,0.1776,12958
0,0.1776,18952
0,0.1776,20132
0,0.1776,20739
0,0.1776,21772
0,0.1776,22551
0,0.1776,25087
0,0.1776,33165
0,0.1776,39485
0,0.1776,67468
0,0.1776,84701
0,0.1776,192978
0,0.1776,519586
0,0.1776,521439
0,0.1776,527469
0,0.1776,534777
0,0.1776,800269
0,0.1777,11402
0,0.1777,11517
0,0.1777,15970
0,0.1777,17107
0,0.1777,19364
0,0.1777,21267
0,0.1777,36207
0,0.1777,44802
0,0.1777,48723
0,0.1777,64440
0,0.1777,130279
0,0.1777,521189
0,0.1777,522377
0,0.1777,522827
0,0.1777,553194
0,0.1777,802944
0,0.1777,824223
0,0.1778,10942
0,0.1778,12111
0,0.1778,12163
0,0.1778,12309
0,0.1778,13683
0,0.1778,17350
0,0.1778,22833
0,0.1778,25229
0,0.1778,31119
0,0.1778,36577
0,0.1778,48231
0,0.1778,50497
0,0.1778,51391
0,0.1778,53089
0,0.1778,54628
0,0.1778,65486
0,0.1778,68790
0,0.1778,92866
0,0.1778,247232
0,0.1778,260257
0,0.1778,518788
0,0.1778,563873
0,0.1778,800344
0,0.1778,934840
0,0.1779,10254
0,0.1779,10456
0,0.1779,10653
0,0.1779,10716
0,0.1779,11930
0,0.1779,13283
0,0.1779,13431
0,0.1779,14897
0,0.1779,16206
0,0.1779,25476
0,0.1779,29176
0,0.1779,33047
0,0.1779,36839
0,0.1779,38549
0,0.1779,39943
0,0.1779,48971
0,0.1779,99721
0,0.1779,163811
0,0.1779,522891
0,0.1779,529031
0,0.1779,535279
0,0.1779,544258
0,0.1779,552118
0,0.1779,560243
0,0.1780,10973
0,0.1780,11922
0,0.1780,11975
0,0.1780,14343
0,0.1780,14661
0,0.1780,26060
0,0.1780,70740
0,0.1780,73963
0,0.1780,94068
0,0.1780,103414
0,0.1780,117427
0,0.1780,141602
0,0.1780,149720
0,0.1780,522891
0,0.1780,532655
0,0.1780,926518
0,0.1781,10515
0,0.1781,11471
0,0.1781,13127
0,0.1781,13725
0,0.1781,15688
0,0.1781,22276
0,0.1781,23496
0,0.1781,23854
0,0.1781,28016
0,0.1781,28159
0,0.1781,28758
0,0.1781,47002
0,0.1781,48452
0,0.1781,56353
0,0.1781,73783
0,0.1781,87660
0,0.1781,122378
0,0.1781,132204
0,0.1781,144349
0,0.1781,512534
0,0.1781,520787
0,0.1781,524968
0,0.1782,10397
0,0.1782,15507
0,0.1782,15717
0,0.1782,22185
0,0.1782,30703
0,0.1782,33646
0,0.1782,43183
0,0.1782,46907
0,0.1782,52962
0,0.1782,72502
0,0.1782,73988
0,0.1782,74103
0,0.1782,82904
0,0.1782,134783
0,0.1782,141297
0,0.1782,514687
0,0.1782,514696
0,0.1782,515371
0,0.1782,523591
0,0.1782,807825
0,0.1783,10390
0,0.1783,10599
0,0.1783,10905
0,0.1783,12057
0,0.1783,12314
0,0.1783,12332
0,0.1783,14437
0,0.1783,15313
0,0.1783,15431
0,0.1783,20200
0,0.1783,20287
0,0.1783,23401
0,0.1783,26757
0,0.1783,32165
0,0.1783,36573
0,0.1783,56609
0,0.1783,57179
0,0.1783,58058
0,0.1783,77967
0,0.1783,90364
0,0.1783,112109
0,0.1783,123894
0,0.1783,130439
0,0.1783,161034
0,0.1783,535279
0,0.1783,548589
0,0.1783,555875
0,0.1784,10650
0,0.1784,11294
0,0.1784,11359
0,0.1784,11400
0,0.1784,12929
0,0.1784,13259
0,0.1784,14802
0,0.1784,16460
0,0.1784,18016
0,0.1784,18534
0,0.1784,23241
0,0.1784,32815
0,0.1784,33248
0,0.1784,43616
0,0.1784,48131
0,0.1784,54787
0,0.1784,80143
0,0.1784,115287
0,0.1784,521158
0,0.1784,523317
0,0.1784,527358
0,0.1784,533346
0,0.1784,533849
0,0.1784,564824
0,0.1784,809081
0,0.1784,924167
0,0.1785,10084
0,0.1785,12160
0,0.1785,16508
0,0.1785,18203
0,0.1785,18730
0,0.1785,19743
0,0.1785,22338
0,0.1785,25963
0,0.1785,31247
0,0.1785,37704
0,0.1785,40435
0,0.1785,44147
0,0.1785,44995
0,0.1785,47617
0,0.1785,56034
0,0.1785,93044
0,0.1785,146502
0,0.1785,166749
0,0.1785,513828
0,0.1785,520002
0,0.1785,520475
0,0.1785,564884
0,0.1785,801267
0,0.1786,10522
0,0.1786,10929
0,0.1786,11244
0,0.1786,11477
0,0.1786,13666
0,0.1786,17150
0,0.1786,18726
0,0.1786,21332
0,0.1786,21505
0,0.1786,21567
0,0.1786,23517
0,0.1786,25786
0,0.1786,32656
0,0.1786,33502
0,0.1786,38805
0,0.1786,43635
0,0.1786,64457
0,0.1786,99721
0,0.1786,153817
0,0.1786,153948
0,0.1786,527577
0,0.1786,531531
0,0.1786,809744
0,0.1787,10263
0,0.1787,10561
0,0.1787,10704
0,0.1787,10898
0,0.1787,11289
0,0.1787,11355
0,0.1787,11531
0,0.1787,11603
0,0.1787,11620
0,0.1787,11749
0,0.1787,12241
0,0.1787,16083
0,0.1787,16437
0,0.1787,17076
0,0.1787,17566
0,0.1787,22243
0,0.1787,44377
0,0.1787,53050
0,0.1787,62528
0,0.1787,100307
0,0.1787,210889
0,0.1787,519970
0,0.1787,530777
0,0.1787,534777
0,0.1787,803237
0,0.1787,804003
0,0.1788,10482
0,0.1788,11828
0,0.1788,11992
0,0.1788,12340
0,0.1788,15164
0,0.1788,21452
0,0.1788,23477
0,0.1788,29231
0,0.1788,30421
0,0.1788,30992
0,0.1788,40350
0,0.1788,46297
0,0.1788,56806
0,0.1788,61060
0,0.1788,123308
0,0.1788,170256
0,0.1788,515161
0,0.1788,518717
0,0.1788,520916
0,0.1788,522743
0,0.1788,524082
0,0.1788,555318
0,0.1788,903090
0,0.1789,10604
0,0.1789,11741
0,0.1789,12728
0,0.1789,13821
0,0.1789,21382
0,0.1789,24828
0,0.1789,26263
0,0.1789,28241
0,0.1789,31348
0,0.1789,40733
0,0.1789,53050
0,0.1789,57932
0,0.1789,59400
0,0.1789,63645
0,0.1789,74436
0,0.1789,131378
0,0.1789,800335
0,0.1790,10408
0,0.1790,10670
0,0.1790,12977
0,0.1790,13334
0,0.1790,16422
0,0.1790,28241
0,0.1790,32095
0,0.1790,34533
0,0.1790,35330
0,0.1790,37147
0,0.1790,46748
0,0.1790,60590
0,0.1790,66207
0,0.1790,71785
0,0.1790,136147
0,0.1790,145128
0,0.1790,513911
0,0.1790,548589
0,0.1790,904246
0,0.1791,10321
0,0.1791,10524
0,0.1791,11556
0,0.1791,13684
0,0.1791,16188
0,0.1791,16433
0,0.1791,16513
0,0.1791,17812
0,0.1791,18249
0,0.1791,30611
0,0.1791,35062
0,0.1791,36258
0,0.1791,38075
0,0.1791,38538
0,0.1791,53416
0,0.1791,72572
0,0.1791,76109
0,0.1791,96104
0,0.1791,267437
0,0.1791,519692
0,0.1791,800392
0,0.1792,10816
0,0.1792,11399
0,0.1792,18043
0,0.1792,25927
0,0.1792,91753
0,0.1792,157834
0,0.1792,514424
0,0.1792,534777
0,0.1792,556574
0,0.1793,10074
0,0.1793,10786
0,0.1793,11390
0,0.1793,13027
0,0.1793,13046
0,0.1793,32835
0,0.1793,49696
0,0.1793,50485
0,0.1793,79631
0,0.1793,515158
0,0.1793,519584
0,0.1793,555312
0,0.1794,10359
0,0.1794,10399
0,0.1794,10530
0,0.1794,11112
0,0.1794,11583
0,0.1794,13724
0,0.1794,14161
0,0.1794,14386
0,0.1794,14391
0,0.1794,15351
0,0.1794,17825
0,0.1794,22787
0,0.1794,22806
0,0.1794,24442
0,0.1794,28691
0,0.1794,28803
0,0.1794,55354
0,0.1794,56072
0,0.1794,119212
0,0.1794,151762
0,0.1794,159400
0,0.1794,515069
0,0.1795,10065
0,0.1795,10198
0,0.1795,10429
0,0.1795,10996
0,0.1795,12012
0,0.1795,12037
0,0.1795,12815
0,0.1795,13315
0,0.1795,15244
0,0.1795,16434
0,0.1795,16454
0,0.1795,18049
0,0.1795,19953
0,0.1795,27893
0,0.1795,45875
0,0.1795,63336
0,0.1795,189046
0,0.1795,518020
0,0.1795,524990
0,0.1795,547655
0,0.1796,10140
0,0.1796,11262
0,0.1796,11379
0,0.1796,11829
0,0.1796,13225
0,0.1796,20581
0,0.1796,33229
0,0.1796,34084
0,0.1796,42308
0,0.1796,46486
0,0.1796,68692
0,0.1796,109635
0,0.1796,154649
0,0.1796,231412
0,0.1796,545180
0,0.1796,917516
0,0.1797,10111
0,0.1797,10147
0,0.1797,10169
0,0.1797,10877
0,0.1797,11050
0,0.1797,11342
0,0.1797,11546
0,0.1797,13356
0,0.1797,18109
0,0.1797,20402
0,0.1797,30102
0,0.1797,32609
0,0.1797,35514
0,0.1797,43652
0,0.1797,49754
0,0.1797,50804
0,0.1797,51646
0,0.1797,62031
0,0.1797,66206
0,0.1797,67864
0,0.1797,79370
0,0.1797,97665
0,0.1797,517458
0,0.1797,524208
0,0.1797,537139
0,0.1797,809322
0,0.1797,905792
0,0.1798,10118
0,0.1798,11292
0,0.1798,11409
0,0.1798,11467
0,0.1798,11501
0,0.1798,13116
0,0.1798,14666
0,0.1798,16648
0,0.1798,18536
0,0.1798,23212
0,0.1798,25166
0,0.1798,25552
0,0.1798,37177
0,0.1798,40664
0,0.1798,56207
0,0.1798,66389
0,0.1798,113074
0,0.1798,515642
0,0.1799,10632
0,0.1799,11099
0,0.1799,11345
0,0.1799,11523
0,0.1799,11722
0,0.1799,11993
0,0.1799,13596
0,0.1799,14510
0,0.1799,20620
0,0.1799,20910
0,0.1799,23132
0,0.1799,24626
0,0.1799,27452
0,0.1799,27934
0,0.1799,515155
0,0.1799,524238
0,0.1799,814586
0,0.1800,10904
0,0.1800,11725
0,0.1800,12717
0,0.1800,16715
0,0.1800,22473
0,0.1800,26102
0,0.1800,31925
0,0.1800,35672
0,0.1800,46172
0,0.1800,63798
0,0.1800,521935
0,0.1800,553194
0,0.1800,562451
0,0.1800,801391
0,0.1800,804465
0,0.1800,918582
0,0.1801,10201
0,0.1801,10736
0,0.1801,10756
0,0.1801,11736
0,0.1801,13360
0,0.1801,42074
0,0.1801,60346
0,0.1801,62771
0,0.1801,73492
0,0.1801,77631
0,0.1801,96273
0,0.1801,108324
0,0.1801,543483
0,0.1802,10463
0,0.1802,11324
0,0.1802,12534
0,0.1802,14158
0,0.1802,14461
0,0.1802,14874
0,0.1802,19616
0,0.1802,24804
0,0.1802,28019
0,0.1802,34301
0,0.1802,41345
0,0.1802,48496
0,0.1802,67244
0,0.1802,82482
0,0.1802,99751
0,0.1802,117878
0,0.1802,251420
0,0.1802,519242
0,0.1802,520466
0,0.1803,10039
0,0.1803,11092
0,0.1803,12371
0,0.1803,13143
0,0.1803,14339
0,0.1803,15276
0,0.1803,15937
0,0.1803,16136
0,0.1803,20033
0,0.1803,22494
0,0.1803,32354
0,0.1803,39054
0,0.1803,40966
0,0.1803,43546
0,0.1803,45920
0,0.1803,53885
0,0.1803,80717
0,0.1803,114223
0,0.1803,800490
0,0.1803,800845
0,0.1803,830847
0,0.1804,10096
0,0.1804,10133
0,0.1804,10376
0,0.1804,10872
0,0.1804,11703
0,0.1804,12934
0,0.1804,13384
0,0.1804,13390
0,0.1804,13839
0,0.1804,14243
0,0.1804,18165
0,0.1804,19768
0,0.1804,22977
0,0.1804,26515
0,0.1804,27614
0,0.1804,108324
0,0.1804,119630
0,0.1804,548589
0,0.1804,801088
0,0.1804,915497
0,0.1805,10209
0,0.1805,10402
0,0.1805,15905
0,0.1805,19333
0,0.1805,21860
0,0.1805,23533
0,0.1805,24941
0,0.1805,31117
0,0.1805,48530
0,0.1805,50451
0,0.1805,72871
0,0.1805,94994
0,0.1805,97536
0,0.1805,170223
0,0.1805,195727
0,0.1805,520003
0,0.1805,521290
0,0.1805,521437
0,0.1805,527524
0,0.1805,801736
0,0.1805,903846
0,0.1806,11594
0,0.1806,11914
0,0.1806,12765
0,0.1806,13230
0,0.1806,13944
0,0.1806,14506
0,0.1806,20926
0,0.1806,21099
0,0.1806,22166
0,0.1806,27319
0,0.1806,34247
0,0.1806,36146
0,0.1806,39674
0,0.1806,45430
0,0.1806,46617
0,0.1806,53507
0,0.1806,63046
0,0.1806,92909
0,0.1806,125065
0,0.1806,516322
0,0.1806,527470
0,0.1807,10126
0,0.1807,10459
0,0.1807,10569
0,0.1807,10767
0,0.1807,11558
0,0.1807,11837
0,0.1807,12354
0,0.1807,13194
0,0.1807,13303
0,0.1807,13707
0,0.1807,21235
0,0.1807,23970
0,0.1807,26071
0,0.1807,28241
0,0.1807,28525
0,0.1807,35196
0,0.1807,58972
0,0.1807,64263
0,0.1807,68572
0,0.1807,73560
0,0.1807,76878
0,0.1807,195727
0,0.1807,529429
0,0.1807,555319
0,0.1808,10473
0,0.1808,11478
0,0.1808,11991
0,0.1808,12109
0,0.1808,12121
0,0.1808,12171
0,0.1808,12896
0,0.1808,14821
0,0.1808,16207
0,0.1808,16600
0,0.1808,17325
0,0.1808,17757
0,0.1808,18937
0,0.1808,19767
0,0.1808,28086
0,0.1808,45796
0,0.1808,46898
0,0.1808,52614
0,0.1808,52875
0,0.1808,53744
0,0.1808,68398
0,0.1808,79739
0,0.1808,80093
0,0.1808,105123
0,0.1808,109271
0,0.1808,457812
0,0.1808,518580
0,0.1808,519589
0,0.1808,801459
0,0.1809,10134
0,0.1809,10942
0,0.1809,13864
0,0.1809,15429
0,0.1809,17406
0,0.1809,35634
0,0.1809,36844
0,0.1809,37336
0,0.1809,38351
0,0.1809,41869
0,0.1809,67398
0,0.1809,513418
0,0.1809,520115
0,0.1809,527409
0,0.1809,530791
0,0.1809,555966
0,0.1810,10262
0,0.1810,10977
0,0.1810,11281
0,0.1810,11320
0,0.1810,11525
0,0.1810,11744
0,0.1810,12387
0,0.1810,12425
0,0.1810,12837
0,0.1810,13479
0,0.1810,13556
0,0.1810,13621
0,0.1810,15647
0,0.1810,16610
0,0.1810,20168
0,0.1810,27416
0,0.1810,28293
0,0.1810,38110
0,0.1810,41873
0,0.1810,63883
0,0.1810,85617
0,0.1810,118825
0,0.1810,121384
0,0.1810,144897
0,0.1810,529665
0,0.1810,551294
0,0.1810,564174
0,0.1811,11783
0,0.1811,11870
0,0.1811,12111
0,0.1811,19746
0,0.1811,20001
0,0.1811,26953
0,0.1811,29826
0,0.1811,36062
0,0.1811,53320
0,0.1811,57502
0,0.1811,63345
0,0.1811,68031
0,0.1811,105426
0,0.1811,183161
0,0.1811,185726
0,0.1811,516197
0,0.1811,521086
0,0.1811,801936
0,0.1812,10254
0,0.1812,10305
0,0.1812,10456
0,0.1812,10863
0,0.1812,11521
0,0.1812,11922
0,0.1812,12759
0,0.1812,13981
0,0.1812,18854
0,0.1812,22224
0,0.1812,25195
0,0.1812,28086
0,0.1812,33340
0,0.1812,38538
0,0.1812,39922
0,0.1812,43216
0,0.1812,47515
0,0.1812,62837
0,0.1812,105377
0,0.1812,111345
0,0.1812,512796
0,0.1812,539787
0,0.1812,800446
0,0.1813,11143
0,0.1813,12061
0,0.1813,12320
0,0.1813,12338
0,0.1813,12541
0,0.1813,13375
0,0.1813,13571
0,0.1813,17540
0,0.1813,18484
0,0.1813,18637
0,0.1813,25439
0,0.1813,41812
0,0.1813,49961
0,0.1813,75689
0,0.1813,96104
0,0.1813,97457
0,0.1813,109011
0,0.1813,130279
0,0.1813,521581
0,0.1813,525064
0,0.1814,10423
0,0.1814,10470
0,0.1814,10629
0,0.1814,11030
0,0.1814,11517
0,0.1814,17484
0,0.1814,19921
0,0.1814,20197
0,0.1814,29851
0,0.1814,31196
0,0.1814,38262
0,0.1814,46457
0,0.1814,51750
0,0.1814,55374
0,0.1814,58140
0,0.1814,72019
0,0.1814,74190
0,0.1814,80951
0,0.1814,87697
0,0.1814,527410
0,0.1814,535279
0,0.1814,545066
0,0.1814,545247
0,0.1814,821509
0,0.1815,10719
0,0.1815,11193
0,0.1815,12152
0,0.1815,14530
0,0.1815,14573
0,0.1815,18824
0,0.1815,21798
0,0.1815,26551
0,0.1815,28406
0,0.1815,32795
0,0.1815,63327
0,0.1815,111874
0,0.1815,115664
0,0.1815,134883
0,0.1815,520364
0,0.1815,538094
0,0.1816,10208
0,0.1816,10472
0,0.1816,10808
0,0.1816,11952
0,0.1816,12965
0,0.1816,13550
0,0.1816,17225
0,0.1816,22705
0,0.1816,23854
0,0.1816,34677
0,0.1816,51603
0,0.1816,62286
0,0.1816,107326
0,0.1816,146502
0,0.1816,514318
0,0.1816,522770
0,0.1816,926154
0,0.1817,10397
0,0.1817,13483
0,0.1817,13716
0,0.1817,20459
0,0.1817,27379
0,0.1817,29750
0,0.1817,40001
0,0.1817,43136
0,0.1817,44957
0,0.1817,47997
0,0.1817,53918
0,0.1817,54382
0,0.1817,58999
0,0.1817,62314
0,0.1817,70509
0,0.1817,80951
0,0.1817,87276
0,0.1817,99589
0,0.1817,109011
0,0.1817,282783
0,0.1817,520787
0,0.1817,523351
0,0.1817,523828
0,0.1817,532655
0,0.1817,532768
0,0.1817,580652
0,0.1818,10176
0,0.1818,10540
0,0.1818,10613
0,0.1818,11135
0,0.1818,11761
0,0.1818,11788
0,0.1818,15517
0,0.1818,21409
0,0.1818,29217
0,0.1818,47215
0,0.1818,78542
0,0.1818,112749
0,0.1818,532766
0,0.1818,543264
0,0.1818,800162
0,0.1818,810889
0,0.1818,904043
0,0.1819,10515
0,0.1819,10905
0,0.1819,11400
0,0.1819,11975
0,0.1819,12773
0,0.1819,13610
0,0.1819,13664
0,0.1819,15183
0,0.1819,15966
0,0.1819,17757
0,0.1819,18334
0,0.1819,23401
0,0.1819,23477
0,0.1819,24352
0,0.1819,34250
0,0.1819,59086
0,0.1819,72102
0,0.1819,286505
0,0.1819,522729
0,0.1819,555318
0,0.1819,805313
0,0.1820,10593
0,0.1820,10628
0,0.1820,11608
0,0.1820,11624
0,0.1820,12994
0,0.1820,19873
0,0.1820,21115
0,0.1820,21688
0,0.1820,23743
0,0.1820,30105
0,0.1820,39727
0,0.1820,45980
0,0.1820,53812
0,0.1820,78114
0,0.1820,87245
0,0.1820,91123
0,0.1820,170256
0,0.1820,247232
0,0.1820,521575
0,0.1820,524164
0,0.1820,530957
0,0.1820,537458
0,0.1821,10929
0,0.1821,11294
0,0.1821,11359
0,0.1821,11369
0,0.1821,12471
0,0.1821,12511
0,0.1821,13172
0,0.1821,13431
0,0.1821,17569
0,0.1821,21166
0,0.1821,24660
0,0.1821,26602
0,0.1821,29420
0,0.1821,30914
0,0.1821,42495
0,0.1821,45199
0,0.1821,48178
0,0.1821,49038
0,0.1821,121593
0,0.1821,142998
0,0.1821,192978
0,0.1821,516097
0,0.1821,520002
0,0.1821,530777
0,0.1822,11229
0,0.1822,11244
0,0.1822,11289
0,0.1822,11531
0,0.1822,11620
0,0.1822,11817
0,0.1822,11828
0,0.1822,11930
0,0.1822,12143
0,0.1822,13423
0,0.1822,14360
0,0.1822,14985
0,0.1822,17027
0,0.1822,22717
0,0.1822,26766
0,0.1822,28899
0,0.1822,52616
0,0.1822,89594
0,0.1822,97536
0,0.1822,111803
0,0.1822,517330
0,0.1822,521108
0,0.1822,801280
0,0.1823,10835
0,0.1823,10867
0,0.1823,11721
0,0.1823,12067
0,0.1823,12162
0,0.1823,13940
0,0.1823,14572
0,0.1823,16724
0,0.1823,18988
0,0.1823,19938
0,0.1823,20986
0,0.1823,22276
0,0.1823,29861
0,0.1823,42698
0,0.1823,53456
0,0.1823,135948
0,0.1823,520759
0,0.1823,521438
0,0.1823,523591
0,0.1823,812106
0,0.1824,11992
0,0.1824,13480
0,0.1824,14895
0,0.1824,20647
0,0.1824,22105
0,0.1824,34761
0,0.1824,43850
0,0.1824,51865
0,0.1824,59678
0,0.1824,90310
0,0.1824,121593
0,0.1824,124962
0,0.1824,130531
0,0.1824,521698
0,0.1824,522770
0,0.1824,555969
0,0.1824,908274
0,0.1825,10702
0,0.1825,11606
0,0.1825,13761
0,0.1825,15353
0,0.1825,18016
0,0.1825,19845
0,0.1825,22243
0,0.1825,32482
0,0.1825,34464
0,0.1825,77380
0,0.1825,79911
0,0.1826,13153
0,0.1826,13312
0,0.1826,14066
0,0.1826,14319
0,0.1826,14381
0,0.1826,16124
0,0.1826,16601
0,0.1826,17052
0,0.1826,18417
0,0.1826,21100
0,0.1826,22852
0,0.1826,23339
0,0.1826,32666
0,0.1826,42549
0,0.1826,44781
0,0.1826,52235
0,0.1826,52544
0,0.1826,69089
0,0.1826,83341
0,0.1826,105550
0,0.1826,514337
0,0.1826,515554
0,0.1826,521158
0,0.1826,524207
0,0.1826,525105
0,0.1827,11603
0,0.1827,14514
0,0.1827,16013
0,0.1827,16015
0,0.1827,18726
0,0.1827,18994
0,0.1827,19579
0,0.1827,19828
0,0.1827,21709
0,0.1827,40001
0,0.1827,45661
0,0.1827,55990
0,0.1827,58972
0,0.1827,65161
0,0.1827,102133
0,0.1827,519869
0,0.1827,521011
0,0.1827,552297
0,0.1827,800551
0,0.1827,800782
0,0.1828,11681
0,0.1828,11847
0,0.1828,12168
0,0.1828,12929
0,0.1828,15823
0,0.1828,17800
0,0.1828,19314
0,0.1828,21567
0,0.1828,22671
0,0.1828,26020
0,0.1828,36743
0,0.1828,41551
0,0.1828,58623
0,0.1828,67052
0,0.1828,153573
0,0.1828,513630
0,0.1829,13582
0,0.1829,15662
0,0.1829,31397
0,0.1829,37596
0,0.1829,38022
0,0.1829,47633
0,0.1829,49903
0,0.1829,51121
0,0.1829,53108
0,0.1829,69837
0,0.1829,107071
0,0.1829,114513
0,0.1829,132791
0,0.1829,802751
0,0.1830,10049
0,0.1830,10140
0,0.1830,10650
0,0.1830,11262
0,0.1830,11546
0,0.1830,11816
0,0.1830,12023
0,0.1830,12977
0,0.1830,16416
0,0.1830,17014
0,0.1830,23012
0,0.1830,27702
0,0.1830,28604
0,0.1830,29604
0,0.1830,34130
0,0.1830,35927
0,0.1830,38204
0,0.1830,40001
0,0.1830,44377
0,0.1830,63944
0,0.1830,95255
0,0.1830,99080
0,0.1830,116012
0,0.1830,124599
0,0.1830,210889
0,0.1830,512745
0,0.1830,514291
0,0.1830,519585
0,0.1830,523062
0,0.1830,527577
0,0.1830,532662
0,0.1830,802407
0,0.1830,819835
0,0.1831,10522
0,0.1831,10524
0,0.1831,11141
0,0.1831,16087
0,0.1831,18730
0,0.1831,33405
0,0.1831,36351
0,0.1831,57772
0,0.1831,68614
0,0.1831,71224
0,0.1831,139742
0,0.1831,514426
0,0.1831,579253
0,0.1831,580846
0,0.1832,10084
0,0.1832,10169
0,0.1832,11105
0,0.1832,11292
0,0.1832,20960
0,0.1832,24572
0,0.1832,27775
0,0.1832,41889
0,0.1832,53128
0,0.1832,107105
0,0.1832,135948
0,0.1832,515027
0,0.1832,519842
0,0.1832,519850
0,0.1832,529445
0,0.1833,11194
0,0.1833,11501
0,0.1833,12782
0,0.1833,14343
0,0.1833,14437
0,0.1833,20823
0,0.1833,24828
0,0.1833,26223
0,0.1833,30421
0,0.1833,35113
0,0.1833,52641
0,0.1833,55120
0,0.1833,57555
0,0.1833,90549
0,0.1833,127894
0,0.1833,140278
0,0.1833,516324
0,0.1833,555322
0,0.1833,555967
0,0.1834,10463
0,0.1834,11379
0,0.1834,11523
0,0.1834,11619
0,0.1834,11722
0,0.1834,12164
0,0.1834,13821
0,0.1834,13886
0,0.1834,17107
0,0.1834,20581
0,0.1834,21637
0,0.1834,21889
0,0.1834,35121
0,0.1834,36443
0,0.1834,40838
0,0.1834,53813
0,0.1834,58157
0,0.1834,61908
0,0.1834,89250
0,0.1834,267437
0,0.1834,511775
0,0.1834,520916
0,0.1834,534777
0,0.1835,10321
0,0.1835,10378
0,0.1835,10632
0,0.1835,10879
0,0.1835,11099
0,0.1835,11725
0,0.1835,15992
0,0.1835,17319
0,0.1835,29997
0,0.1835,30120
0,0.1835,34535
0,0.1835,73161
0,0.1835,85617
0,0.1835,87245
0,0.1835,88799
0,0.1835,88912
0,0.1835,124690
0,0.1835,517351
0,0.1835,521935
0,0.1835,524238
0,0.1835,908274
0,0.1836,10408
0,0.1836,11399
0,0.1836,11736
0,0.1836,11993
0,0.1836,14161
0,0.1836,16366
0,0.1836,25972
0,0.1836,26860
0,0.1836,29350
0,0.1836,47019
0,0.1836,69620
0,0.1836,520007
0,0.1836,520939
0,0.1836,521157
0,0.1836,801189
0,0.1836,943251
0,0.1837,10033
0,0.1837,10201
0,0.1837,11342
0,0.1837,14609
0,0.1837,15507
0,0.1837,19467
0,0.1837,20445
0,0.1837,26419
0,0.1837,28241
0,0.1837,43785
0,0.1837,62429
0,0.1837,69061
0,0.1837,517359
0,0.1837,518919
0,0.1837,527357
0,0.1837,802843
0,0.1837,918582
0,0.1838,10096
0,0.1838,10133
0,0.1838,10376
0,0.1838,10736
0,0.1838,12241
0,0.1838,12717
0,0.1838,14685
0,0.1838,18634
0,0.1838,19665
0,0.1838,20059
0,0.1838,20402
0,0.1838,21267
0,0.1838,26129
0,0.1838,32698
0,0.1838,52326
0,0.1838,87308
0,0.1838,103338
0,0.1838,148909
0,0.1838,339719
0,0.1838,452352
0,0.1838,514598
0,0.1838,522828
0,0.1838,524152
0,0.1838,545848
0,0.1839,10459
0,0.1839,11345
0,0.1839,11583
0,0.1839,12183
0,0.1839,16993
0,0.1839,20620
0,0.1839,32958
0,0.1839,43230
0,0.1839,51163
0,0.1839,57493
0,0.1839,58013
0,0.1839,60837
0,0.1839,64795
0,0.1839,68997
0,0.1839,75344
0,0.1839,81377
0,0.1839,96311
0,0.1839,517458
0,0.1839,536171
0,0.1840,10065
0,0.1840,10561
0,0.1840,10906
0,0.1840,11390
0,0.1840,11556
0,0.1840,13315
0,0.1840,14139
0,0.1840,20141
0,0.1840,22899
0,0.1840,24151
0,0.1840,32247
0,0.1840,40761
0,0.1840,43354
0,0.1840,46790
0,0.1840,65448
0,0.1840,112473
0,0.1840,119144
0,0.1840,521190
0,0.1840,524208
0,0.1840,529429
0,0.1840,806173
0,0.1840,806606
0,0.1840,904101
0,0.1841,10473
0,0.1841,10530
0,0.1841,11837
0,0.1841,11914
0,0.1841,11991
0,0.1841,12485
0,0.1841,12571
0,0.1841,12621
0,0.1841,13089
0,0.1841,13095
0,0.1841,16188
0,0.1841,17325
0,0.1841,18332
0,0.1841,18776
0,0.1841,19267
0,0.1841,19305
0,0.1841,21132
0,0.1841,24394
0,0.1841,26387
0,0.1841,32890
0,0.1841,35196
0,0.1841,37342
0,0.1841,41393
0,0.1841,47746
0,0.1841,61605
0,0.1841,63901
0,0.1841,79554
0,0.1841,99608
0,0.1841,155659
0,0.1841,156863
0,0.1841,511807
0,0.1841,514688
0,0.1841,527470
0,0.1841,908572
0,0.1842,10074
0,0.1842,10390
0,0.1842,10429
0,0.1842,12756
0,0.1842,24841
0,0.1842,37891
0,0.1842,48477
0,0.1842,67070
0,0.1842,136213
0,0.1842,295280
0,0.1842,524284
0,0.1842,531768
0,0.1842,581341
0,0.1843,10564
0,0.1843,11594
0,0.1843,12231
0,0.1843,12702
0,0.1843,14340
0,0.1843,16862
0,0.1843,18165
0,0.1843,18203
0,0.1843,18713
0,0.1843,19767
0,0.1843,22166
0,0.1843,22417
0,0.1843,26845
0,0.1843,41891
0,0.1843,48739
0,0.1843,58939
0,0.1843,63927
0,0.1843,121759
0,0.1844,10297
0,0.1844,10942
0,0.1844,11050
0,0.1844,11478
0,0.1844,11783
0,0.1844,11870
0,0.1844,13666
0,0.1844,16434
0,0.1844,19143
0,0.1844,23204
0,0.1844,24502
0,0.1844,28855
0,0.1844,29176
0,0.1844,42997
0,0.1844,44634
0,0.1844,54383
0,0.1844,70171
0,0.1844,123104
0,0.1844,513419
0,0.1844,519242
0,0.1844,542355
0,0.1844,904736
0,0.1845,11080
0,0.1845,11281
0,0.1845,11744
0,0.1845,12354
0,0.1845,12509
0,0.1845,19108
0,0.1845,22504
0,0.1845,22917
0,0.1845,50929
0,0.1845,52583
0,0.1846,10209
0,0.1846,10622
0,0.1846,11058
0,0.1846,12111
0,0.1846,12840
0,0.1846,13283
0,0.1846,14019
0,0.1846,14607
0,0.1846,17342
0,0.1846,17614
0,0.1846,24969
0,0.1846,35113
0,0.1846,75987
0,0.1846,84445
0,0.1846,124962
0,0.1846,145016
0,0.1846,513945
0,0.1846,516162
0,0.1846,521191
0,0.1846,544258
0,0.1846,903561
0,0.1847,10342
0,0.1847,10973
0,0.1847,11514
0,0.1847,11922
0,0.1847,12343
0,0.1847,12654
0,0.1847,13334
0,0.1847,16446
0,0.1847,18049
0,0.1847,25476
0,0.1847,26485
0,0.1847,28622
0,0.1847,33560
0,0.1847,34717
0,0.1847,42373
0,0.1847,68686
0,0.1847,126345
0,0.1847,423539
0,0.1847,436612
0,0.1847,521171
0,0.1847,563873
0,0.1848,10126
0,0.1848,10218
0,0.1848,12338
0,0.1848,15184
0,0.1848,18075
0,0.1848,20105
0,0.1848,23958
0,0.1848,27614
0,0.1848,36333
0,0.1848,39491
0,0.1848,42425
0,0.1848,54144
0,0.1848,110773
0,0.1848,120208
0,0.1848,128150
0,0.1848,512883
0,0.1848,521439
0,0.1848,800383
0,0.1849,10118
0,0.1849,10254
0,0.1849,10611
0,0.1849,10877
0,0.1849,12351
0,0.1849,12711
0,0.1849,14243
0,0.1849,16524
0,0.1849,19487
0,0.1849,27627
0,0.1849,34475
0,0.1849,51350
0,0.1849,64457
0,0.1849,210889
0,0.1849,520931
0,0.1849,521771
0,0.1849,536845
0,0.1849,383044585
0,0.1850,10075
0,0.1850,10134
0,0.1850,11469
0,0.1850,13760
0,0.1850,14430
0,0.1850,16107
0,0.1850,17722
0,0.1850,19949
0,0.1850,29156
0,0.1850,49570
0,0.1850,53655
0,0.1850,54958
0,0.1850,125065
0,0.1850,521241
0,0.1850,564824
0,0.1851,11517
0,0.1851,12312
0,0.1851,16648
0,0.1851,23200
0,0.1851,25659
0,0.1851,26338
0,0.1851,31345
0,0.1851,34385
0,0.1851,63981
0,0.1851,114727
0,0.1851,256432
0,0.1851,509223
0,0.1851,516780
0,0.1851,524990
0,0.1852,10236
0,0.1852,10977
0,0.1852,19792
0,0.1852,20324
0,0.1852,21822
0,0.1852,28525
0,0.1852,30469
0,0.1852,45470
0,0.1852,63708
0,0.1852,69815
0,0.1852,78583
0,0.1852,133908
0,0.1852,147959
0,0.1852,515070
0,0.1852,519132
0,0.1852,801684
0,0.1853,10039
0,0.1853,10305
0,0.1853,10456
0,0.1853,10486
0,0.1853,12031
0,0.1853,14391
0,0.1853,14442
0,0.1853,15273
0,0.1853,15746
0,0.1853,15970
0,0.1853,18840
0,0.1853,23854
0,0.1853,25951
0,0.1853,28584
0,0.1853,34627
0,0.1853,41135
0,0.1853,46430
0,0.1853,68701
0,0.1853,73279
0,0.1853,119630
0,0.1853,128455
0,0.1853,185386
0,0.1853,516317
0,0.1853,522891
0,0.1853,551294
0,0.1853,821509
0,0.1854,11341
0,0.1854,12163
0,0.1854,12958
0,0.1854,13027
0,0.1854,18179
0,0.1854,18828
0,0.1854,20200
0,0.1854,24843
0,0.1854,25719
0,0.1854,34148
0,0.1854,43363
0,0.1854,46182
0,0.1854,58157
0,0.1854,59644
0,0.1854,99540
0,0.1854,100441
0,0.1854,107502
0,0.1854,111335
0,0.1854,119868
0,0.1854,146502
0,0.1854,516331
0,0.1854,519692
0,0.1854,519970
0,0.1854,530777
0,0.1854,532655
0,0.1854,545180
0,0.1854,802734
0,0.1854,807368
0,0.1855,10359
0,0.1855,10461
0,0.1855,10470
0,0.1855,10569
0,0.1855,10786
0,0.1855,10806
0,0.1855,10929
0,0.1855,12320
0,0.1855,16460
0,0.1855,17573
0,0.1855,19921
0,0.1855,27416
0,0.1855,28406
0,0.1855,29612
0,0.1855,37202
0,0.1855,37955
0,0.1855,49632
0,0.1855,53326
0,0.1855,54307
0,0.1855,73491
0,0.1855,104490
0,0.1855,406728
0,0.1855,520002
0,0.1855,520787
0,0.1855,556038
0,0.1856,10397
0,0.1856,10670
0,0.1856,11289
0,0.1856,11564
0,0.1856,13621
0,0.1856,13946
0,0.1856,16141
0,0.1856,16774
0,0.1856,31348
0,0.1856,43799
0,0.1856,53002
0,0.1856,58408
0,0.1856,60292
0,0.1856,68379
0,0.1856,71785
0,0.1856,114510
0,0.1856,120208
0,0.1856,123543
0,0.1856,130279
0,0.1856,140474
0,0.1856,155294
0,0.1856,511801
0,0.1856,519230
0,0.1856,814586
0,0.1857,10304
0,0.1857,10347
0,0.1857,10423
0,0.1857,10905
0,0.1857,11143
0,0.1857,11244
0,0.1857,11400
0,0.1857,11521
0,0.1857,11620
0,0.1857,11828
0,0.1857,12367
0,0.1857,13263
0,0.1857,14666
0,0.1857,16005
0,0.1857,16136
0,0.1857,18015
0,0.1857,20688
0,0.1857,23401
0,0.1857,23477
0,0.1857,24713
0,0.1857,39223
0,0.1857,58230
0,0.1857,119949
0,0.1857,158604
0,0.1857,514425
0,0.1857,529031
0,0.1858,10262
0,0.1858,11531
0,0.1858,11975
0,0.1858,12332
0,0.1858,13386
0,0.1858,14427
0,0.1858,16651
0,0.1858,18340
0,0.1858,26239
0,0.1858,31376
0,0.1858,39488
0,0.1858,43380
0,0.1858,44995
0,0.1858,50199
0,0.1858,51999
0,0.1858,52402
0,0.1858,56739
0,0.1858,550365
0,0.1858,555318
0,0.1858,903429
0,0.1859,10756
0,0.1859,11161
0,0.1859,11992
0,0.1859,12279
0,0.1859,12653
0,0.1859,13435
0,0.1859,13470
0,0.1859,25332
0,0.1859,63411
0,0.1859,67120
0,0.1859,99925
0,0.1859,104166
0,0.1859,800480
0,0.1859,809744
0,0.1859,813400
0,0.1860,10540
0,0.1860,10996
0,0.1860,12309
0,0.1860,12715
0,0.1860,13159
0,0.1860,13684
0,0.1860,14661
0,0.1860,17757
0,0.1860,17855
0,0.1860,18016
0,0.1860,21600
0,0.1860,27470
0,0.1860,28241
0,0.1860,37622
0,0.1860,62913
0,0.1860,72329
0,0.1860,85512
0,0.1860,88559
0,0.1860,107502
0,0.1860,133908
0,0.1860,536845
0,0.1860,556574
0,0.1861,10263
0,0.1861,10767
0,0.1861,11294
0,0.1861,11359
0,0.1861,17156
0,0.1861,27319
0,0.1861,35155
0,0.1861,36291
0,0.1861,37732
0,0.1861,51205
0,0.1861,59560
0,0.1861,67398
0,0.1861,140995
0,0.1861,514009
0,0.1861,520574
0,0.1861,534428
0,0.1862,10515
0,0.1862,11262
0,0.1862,11546
0,0.1862,11952
0,0.1862,12057
0,0.1862,13716
0,0.1862,26168
0,0.1862,28086
0,0.1862,29560
0,0.1862,30776
0,0.1862,31934
0,0.1862,41302
0,0.1862,48274
0,0.1862,103750
0,0.1862,110438
0,0.1862,192978
0,0.1862,518294
0,0.1862,523591
0,0.1862,580417
0,0.1863,10140
0,0.1863,10285
0,0.1863,17847
0,0.1863,19290
0,0.1863,20739
0,0.1863,22243
0,0.1863,36026
0,0.1863,38573
0,0.1863,40376
0,0.1863,54749
0,0.1863,55061
0,0.1863,57888
0,0.1863,62528
0,0.1863,72945
0,0.1863,119852
0,0.1864,11797
0,0.1864,12994
0,0.1864,13194
0,0.1864,24985
0,0.1864,31082
0,0.1864,32824
0,0.1864,38051
0,0.1864,45416
0,0.1864,48521
0,0.1864,72945
0,0.1864,142189
0,0.1864,145128
0,0.1864,168466
0,0.1864,247232
0,0.1864,518567
0,0.1865,10169
0,0.1865,11504
0,0.1865,11603
0,0.1865,14750
0,0.1865,15005
0,0.1865,15915
0,0.1865,18867
0,0.1865,22276
0,0.1865,22787
0,0.1865,24306
0,0.1865,37147
0,0.1865,44472
0,0.1865,44858
0,0.1865,58586
0,0.1865,111655
0,0.1865,127577
0,0.1865,529602
0,0.1865,534553
0,0.1866,10141
0,0.1866,10198
0,0.1866,10904
0,0.1866,16029
0,0.1866,21567
0,0.1866,30631
0,0.1866,46888
0,0.1866,51537
0,0.1866,58779
0,0.1866,65825
0,0.1866,67695
0,0.1866,107105
0,0.1866,519572
0,0.1866,521158
0,0.1867,10463
0,0.1867,10683
0,0.1867,11292
0,0.1867,11467
0,0.1867,11722
0,0.1867,11749
0,0.1867,11930
0,0.1867,12050
0,0.1867,13550
0,0.1867,18726
0,0.1867,39802
0,0.1867,67052
0,0.1867,67721
0,0.1867,76932
0,0.1867,91582
0,0.1867,513583
0,0.1867,513746
0,0.1867,522730
0,0.1867,522891
0,0.1867,911658
0,0.1868,10650
0,0.1868,11829
0,0.1868,14962
0,0.1868,15753
0,0.1868,20581
0,0.1868,21790
0,0.1868,24804
0,0.1868,29144
0,0.1868,67282
0,0.1868,87584
0,0.1868,127658
0,0.1868,153662
0,0.1868,516433
0,0.1868,520466
0,0.1868,905652
0,0.1869,10629
0,0.1869,10653
0,0.1869,11379
0,0.1869,11501
0,0.1869,11523
0,0.1869,16433
0,0.1869,20910
0,0.1869,24315
0,0.1869,29166
0,0.1869,29232
0,0.1869,48218
0,0.1869,49174
0,0.1869,57542
0,0.1869,83095
0,0.1869,102041
0,0.1869,203048
0,0.1869,524797
0,0.1869,532768
0,0.1870,10632
0,0.1870,10705
0,0.1870,11229
0,0.1870,12934
0,0.1870,12977
0,0.1870,14722
0,0.1870,17904
0,0.1870,21851
0,0.1870,25039
0,0.1870,26497
0,0.1870,26642
0,0.1870,29231
0,0.1870,31320
0,0.1870,33646
0,0.1870,39727
0,0.1870,53050
0,0.1870,65539
0,0.1870,68887
0,0.1870,126602
0,0.1870,141834
0,0.1870,153391
0,0.1870,521935
0,0.1870,533411
0,0.1870,800084
0,0.1870,800868
0,0.1871,11099
0,0.1871,11112
0,0.1871,11725
0,0.1871,12890
0,0.1871,13221
0,0.1871,13767
0,0.1871,15183
0,0.1871,26292
0,0.1871,35737
0,0.1871,45016
0,0.1871,58496
0,0.1871,99540
0,0.1871,209929
0,0.1871,514988
0,0.1871,524164
0,0.1871,524238
0,0.1871,564174
0,0.1871,812106
0,0.1871,911658
0,0.1872,11017
0,0.1872,11210
0,0.1872,11736
0,0.1872,11761
0,0.1872,13936
0,0.1872,20915
0,0.1872,22569
0,0.1872,28640
0,0.1872,56364
0,0.1872,57923
0,0.1872,88538
0,0.1872,183161
0,0.1872,520003
0,0.1872,520930
0,0.1872,535316
0,0.1873,10084
0,0.1873,10201
0,0.1873,11788
0,0.1873,11993
0,0.1873,12965
0,0.1873,18466
0,0.1873,18730
0,0.1873,22833
0,0.1873,26766
0,0.1873,27151
0,0.1873,40559
0,0.1873,43717
0,0.1873,49910
0,0.1873,59950
0,0.1873,78095
0,0.1873,521437
0,0.1873,543774
0,0.1873,552693
0,0.1874,10096
0,0.1874,10377
0,0.1874,11355
0,0.1874,12012
0,0.1874,12565
0,0.1874,13230
0,0.1874,13375
0,0.1874,14802
0,0.1874,14897
0,0.1874,23496
0,0.1874,76504
0,0.1874,76958
0,0.1874,77313
0,0.1874,80051
0,0.1874,110998
0,0.1874,267437
0,0.1874,523828
0,0.1874,529665
0,0.1874,918582
0,0.1875,10628
0,0.1875,12929
0,0.1875,13981
0,0.1875,14158
0,0.1875,16083
0,0.1875,21692
0,0.1875,26258
0,0.1875,28241
0,0.1875,28803
0,0.1875,30885
0,0.1875,31117
0,0.1875,38510
0,0.1875,85147
0,0.1875,113866
0,0.1875,128455
0,0.1875,132166
0,0.1875,523544
0,0.1876,10133
0,0.1876,10208
0,0.1876,10376
0,0.1876,10459
0,0.1876,11342
0,0.1876,12121
0,0.1876,14573
0,0.1876,16426
0,0.1876,16649
0,0.1876,20044
0,0.1876,24828
0,0.1876,26102
0,0.1876,32321
0,0.1876,32617
0,0.1876,40350
0,0.1876,54628
0,0.1876,58836
0,0.1876,76493
0,0.1876,102136
0,0.1876,161534
0,0.1876,319274
0,0.1876,523769
0,0.1876,527470
0,0.1876,527577
0,0.1877,10176
0,0.1877,10472
0,0.1877,10727
0,0.1877,10942
0,0.1877,11345
0,0.1877,11991
0,0.1877,12837
0,0.1877,13358
0,0.1877,13821
0,0.1877,17325
0,0.1877,17650
0,0.1877,18084
0,0.1877,18875
0,0.1877,19717
0,0.1877,21332
0,0.1877,21397
0,0.1877,23241
0,0.1877,26263
0,0.1877,35196
0,0.1877,52099
0,0.1877,69140
0,0.1877,76172
0,0.1877,79690
0,0.1877,85916
0,0.1877,95581
0,0.1877,512217
0,0.1877,527410
0,0.1877,529429
0,0.1878,10473
0,0.1878,10522
0,0.1878,10524
0,0.1878,10647
0,0.1878,11092
0,0.1878,11837
0,0.1878,11914
0,0.1878,12728
0,0.1878,13431
0,0.1878,15662
0,0.1878,16422
0,0.1878,19845
0,0.1878,20001
0,0.1878,21098
0,0.1878,21382
0,0.1878,21756
0,0.1878,23517
0,0.1878,25927
0,0.1878,26625
0,0.1878,29088
0,0.1878,38860
0,0.1878,47631
0,0.1878,514424
0,0.1878,534195
0,0.1878,800752
0,0.1878,801210
0,0.1878,803215
0,0.1879,11478
0,0.1879,11744
0,0.1879,12061
0,0.1879,12541
0,0.1879,12896
0,0.1879,13356
0,0.1879,13479
0,0.1879,13610
0,0.1879,15133
0,0.1879,19767
0,0.1879,20402
0,0.1879,22166
0,0.1879,32880
0,0.1879,39005
0,0.1879,40542
0,0.1879,44846
0,0.1879,53050
0,0.1879,53849
0,0.1879,59950
0,0.1879,96307
0,0.1879,100973
0,0.1879,145128
0,0.1879,201474
0,0.1879,513911
0,0.1879,526801
0,0.1879,800774
0,0.1880,10101
0,0.1880,10408
0,0.1880,10716
0,0.1880,11281
0,0.1880,11615
0,0.1880,11783
0,0.1880,11870
0,0.1880,12109
0,0.1880,12162
0,0.1880,12717
0,0.1880,13127
0,0.1880,14530
0,0.1880,16616
0,0.1880,18165
0,0.1880,20620
0,0.1880,29289
0,0.1880,31291
0,0.1880,32784
0,0.1880,33165
0,0.1880,56774
0,0.1880,58226
0,0.1880,59771
0,0.1880,68086
0,0.1880,69114
0,0.1880,91928
0,0.1880,99528
0,0.1880,195727
0,0.1880,516097
0,0.1880,517458
0,0.1880,527430
0,0.1880,535279
0,0.1880,902180
0,0.1881,11922
0,0.1881,12111
0,0.1881,12454
0,0.1881,14874
0,0.1881,15164
0,0.1881,17540
0,0.1881,27379
0,0.1881,30404
0,0.1881,35182
0,0.1881,39825
0,0.1881,43847
0,0.1881,44322
0,0.1881,49945
0,0.1881,71418
0,0.1881,280660
0,0.1881,515157
0,0.1881,517804
0,0.1881,519655
0,0.1881,520916
0,0.1881,523490
0,0.1881,524208
0,0.1881,527469
0,0.1881,532766
0,0.1881,537803
0,0.1882,10111
0,0.1882,10216
0,0.1882,11170
0,0.1882,12037
0,0.1882,13259
0,0.1882,13379
0,0.1882,13556
0,0.1882,14161
0,0.1882,14437
0,0.1882,16207
0,0.1882,17484
0,0.1882,22201
0,0.1882,30421
0,0.1882,31331
0,0.1882,33987
0,0.1882,36844
0,0.1882,37902
0,0.1882,39054
0,0.1882,46670
0,0.1882,56140
0,0.1882,59329
0,0.1882,128686
0,0.1882,129363
0,0.1882,513843
0,0.1882,516322
0,0.1882,519865
0,0.1882,520668
0,0.1882,532967
0,0.1882,803480
0,0.1882,809085
0,0.1882,905617
0,0.1882,914363
0,0.1883,12171
0,0.1883,12338
0,0.1883,12354
0,0.1883,12460
0,0.1883,12603
0,0.1883,16274
0,0.1883,16508
0,0.1883,16636
0,0.1883,17566
0,0.1883,19828
0,0.1883,31426
0,0.1883,33672
0,0.1883,38538
0,0.1883,38916
0,0.1883,48530
0,0.1883,72871
0,0.1883,142998
0,0.1883,153948
0,0.1883,519588
0,0.1883,535926
0,0.1883,804106
0,0.1883,914259
0,0.1884,11399
0,0.1884,11517
0,0.1884,11703
0,0.1884,14066
0,0.1884,18695
0,0.1884,22040
0,0.1884,22281
0,0.1884,22463
0,0.1884,37070
0,0.1884,41754
0,0.1884,58157
0,0.1884,65604
0,0.1884,85916
0,0.1884,108535
0,0.1884,122240
0,0.1884,145016
0,0.1884,800685
0,0.1884,804989
0,0.1885,10209
0,0.1885,10593
0,0.1885,10736
0,0.1885,11594
0,0.1885,12735
0,0.1885,20995
0,0.1885,25166
0,0.1885,26220
0,0.1885,26257
0,0.1885,26689
0,0.1885,28680
0,0.1885,46898
0,0.1885,46954
0,0.1885,49102
0,0.1885,51479
0,0.1885,55850
0,0.1885,66389
0,0.1885,66954
0,0.1885,69631
0,0.1885,88903
0,0.1885,104131
0,0.1885,515069
0,0.1885,515161
0,0.1885,520117
0,0.1886,11174
0,0.1886,13384
0,0.1886,16600
0,0.1886,25823
0,0.1886,28241
0,0.1886,32439
0,0.1886,32771
0,0.1886,34712
0,0.1886,53050
0,0.1886,56072
0,0.1886,553194
0,0.1886,801611
0,0.1886,908274
0,0.1886,926518
0,0.1887,11365
0,0.1887,12815
0,0.1887,14343
0,0.1887,14386
0,0.1887,16167
0,0.1887,16601
0,0.1887,17570
0,0.1887,32815
0,0.1887,39922
0,0.1887,51401
0,0.1887,61941
0,0.1887,73335
0,0.1887,104131
0,0.1887,516568
0,0.1887,523351
0,0.1887,800434
0,0.1887,803132
0,0.1887,133348431
0,0.1888,10321
0,0.1888,10429
0,0.1888,10613
0,0.1888,10808
0,0.1888,11390
0,0.1888,11556
0,0.1888,12606
0,0.1888,13315
0,0.1888,18994
0,0.1888,19339
0,0.1888,20707
0,0.1888,23132
0,0.1888,44644
0,0.1888,46693
0,0.1888,64457
0,0.1888,514687
0,0.1888,532655
0,0.1888,536845
0,0.1888,800461
0,0.1889,10134
0,0.1889,15482
0,0.1889,18044
0,0.1889,18305
0,0.1889,26813
0,0.1889,30021
0,0.1889,31119
0,0.1889,35373
0,0.1889,41571
0,0.1889,45286
0,0.1889,49255
0,0.1889,52536
0,0.1889,85617
0,0.1889,85916
0,0.1889,509223
0,0.1889,513230
0,0.1889,520787
0,0.1889,524043
0,0.1889,524968
0,0.1889,525105
0,0.1889,542753
0,0.1889,564884
0,0.1889,801936
0,0.1890,10065
0,0.1890,10126
0,0.1890,10397
0,0.1890,10530
0,0.1890,11135
0,0.1890,11471
0,0.1890,11583
0,0.1890,12387
0,0.1890,13177
0,0.1890,15353
0,0.1890,15506
0,0.1890,17027
0,0.1890,17107
0,0.1890,21876
0,0.1890,22338
0,0.1890,26071
0,0.1890,42904
0,0.1890,63097
0,0.1890,77451
0,0.1890,87178
0,0.1890,515158
0,0.1890,521575
0,0.1891,10254
0,0.1891,10296
0,0.1891,10877
0,0.1891,10905
0,0.1891,11400
0,0.1891,11608
0,0.1891,12152
0,0.1891,13596
0,0.1891,14243
0,0.1891,15507
0,0.1891,22473
0,0.1891,23401
0,0.1891,27614
0,0.1891,50775
0,0.1891,520002
0,0.1891,530777
0,0.1891,555712
0,0.1891,801319
0,0.1892,10147
0,0.1892,10929
0,0.1892,11082
0,0.1892,11620
0,0.1892,13947
0,0.1892,13972
0,0.1892,18824
0,0.1892,19873
0,0.1892,25786
0,0.1892,32250
0,0.1892,32656
0,0.1892,34907
0,0.1892,40187
0,0.1892,48329
0,0.1892,49092
0,0.1892,512796
0,0.1892,515266
0,0.1892,524470
0,0.1892,911658
0,0.1893,10305
0,0.1893,11244
0,0.1893,11262
0,0.1893,11289
0,0.1893,11828
0,0.1893,15693
0,0.1893,17569
0,0.1893,20287
0,0.1893,20326
0,0.1893,21267
0,0.1893,21772
0,0.1893,23477
0,0.1893,24064
0,0.1893,30613
0,0.1893,30806
0,0.1893,36031
0,0.1893,56430
0,0.1893,72111
0,0.1893,94994
0,0.1893,129758
0,0.1893,516780
0,0.1893,519242
0,0.1893,546406
0,0.1893,801828
0,0.1894,10118
0,0.1894,11531
0,0.1894,13940
0,0.1894,14319
0,0.1894,20960
0,0.1894,26532
0,0.1894,27319
0,0.1894,28588
0,0.1894,53472
0,0.1894,59618
0,0.1894,148213
0,0.1894,513114
0,0.1894,547655
0,0.1894,569984
0,0.1894,800206
0,0.1894,908274
0,0.1894,917516
0,0.1895,10140
0,0.1895,11050
0,0.1895,11546
0,0.1895,11992
0,0.1895,12160
0,0.1895,13147
0,0.1895,15125
0,0.1895,18493
0,0.1895,19647
0,0.1895,30992
0,0.1895,35719
0,0.1895,40838
0,0.1895,47932
0,0.1895,59422
0,0.1895,62648
0,0.1895,522812
0,0.1895,523591
0,0.1895,800373
0,0.1895,801666
0,0.1895,816543
0,0.1896,10074
0,0.1896,10515
0,0.1896,11030
0,0.1896,11722
0,0.1896,11975
0,0.1896,13583
0,0.1896,13664
0,0.1896,18016
0,0.1896,18416
0,0.1896,18939
0,0.1896,21332
0,0.1896,21798
0,0.1896,35420
0,0.1896,41869
0,0.1896,46154
0,0.1896,47748
0,0.1896,52570
0,0.1896,57916
0,0.1896,58157
0,0.1896,548589
0,0.1896,118750563
0,0.1897,10470
0,0.1897,10977
0,0.1897,12046
0,0.1897,12511
0,0.1897,13018
0,0.1897,16969
0,0.1897,20643
0,0.1897,21332
0,0.1897,23076
0,0.1897,23854
0,0.1897,28406
0,0.1897,31099
0,0.1897,37190
0,0.1897,41204
0,0.1897,47909
0,0.1897,56966
0,0.1897,185726
0,0.1897,519850
0,0.1897,523060
0,0.1897,548589
0,0.1898,10169
0,0.1898,10172
0,0.1898,10402
0,0.1898,10569
0,0.1898,11449
0,0.1898,13153
0,0.1898,13423
0,0.1898,22806
0,0.1898,31733
0,0.1898,38333
0,0.1898,39943
0,0.1898,40435
0,0.1898,42240
0,0.1898,56991
0,0.1898,97457
0,0.1898,256432
0,0.1898,513945
0,0.1898,582265
0,0.1898,832490
0,0.1899,10423
0,0.1899,11409
0,0.1899,12320
0,0.1899,12778
0,0.1899,13666
0,0.1899,14985
0,0.1899,18049
0,0.1899,18536
0,0.1899,19743
0,0.1899,21099
0,0.1899,26305
0,0.1899,30253
0,0.1899,34676
0,0.1899,38043
0,0.1899,42919
0,0.1899,51533
0,0.1899,62624
0,0.1899,72678
0,0.1899,104131
0,0.1899,134660
0,0.1899,192978
0,0.1899,262865
0,0.1899,517164
0,0.1899,524082
0,0.1899,524777
0,0.1899,551294
0,0.1899,555318
0,0.1899,803582
0,0.1899,805313
0,0.1899,908181
0,0.1900,10313
0,0.1900,10390
0,0.1900,10540
0,0.1900,10561
0,0.1900,10650
0,0.1900,11603
0,0.1900,12782
0,0.1900,13529
0,0.1900,13725
0,0.1900,15501
0,0.1900,15795
0,0.1900,16042
0,0.1900,18203
0,0.1900,22665
0,0.1900,25288
0,0.1900,26711
0,0.1900,27627
0,0.1900,34089
0,0.1900,38024
0,0.1900,38068
0,0.1900,40740
0,0.1900,50791
0,0.1900,54440
0,0.1900,146502
0,0.1900,521297
0,0.1900,527409
0,0.1900,536000
0,0.1900,555966
0,0.1900,808650
0,0.1901,11294
0,0.1901,11324
0,0.1901,11359
0,0.1901,11624
0,0.1901,11952
0,0.1901,13380
0,0.1901,13621
0,0.1901,16972
0,0.1901,23151
0,0.1901,42240
0,0.1901,45451
0,0.1901,47002
0,0.1901,52570
0,0.1901,59950
0,0.1901,73457
0,0.1901,134256
0,0.1901,518567
0,0.1901,548589
0,0.1901,805154
0,0.1902,10109
0,0.1902,10221
0,0.1902,10463
0,0.1902,11327
0,0.1902,11501
0,0.1902,12241
0,0.1902,13024
0,0.1902,15517
0,0.1902,16188
0,0.1902,21567
0,0.1902,22276
0,0.1902,28525
0,0.1902,29826
0,0.1902,50560
0,0.1902,60236
0,0.1902,63482
0,0.1902,63645
0,0.1902,67070
0,0.1902,67722
0,0.1902,73560
0,0.1902,104284
0,0.1902,130279
0,0.1902,159782
0,0.1902,524741
0,0.1902,805992
0,0.1903,11292
0,0.1903,11379
0,0.1903,11402
0,0.1903,11725
0,0.1903,12259
0,0.1903,12425
0,0.1903,12994
0,0.1903,13998
0,0.1903,16206
0,0.1903,16236
0,0.1903,16416
0,0.1903,18798
0,0.1903,18854
0,0.1903,21263
0,0.1903,22243
0,0.1903,26602
0,0.1903,27416
0,0.1903,32354
0,0.1903,32482
0,0.1903,33779
0,0.1903,86553
0,0.1903,115234
0,0.1903,118489
0,0.1903,513513
0,0.1903,515551
0,0.1903,517532
0,0.1903,521158
0,0.1903,524238
0,0.1903,531246
0,0.1903,804968
0,0.1904,10039
0,0.1904,10456
0,0.1904,11143
0,0.1904,11523
0,0.1904,11956
0,0.1904,15547
0,0.1904,17170
0,0.1904,18637
0,0.1904,18726
0,0.1904,19921
0,0.1904,27157
0,0.1904,37608
0,0.1904,96307
0,0.1904,247232
0,0.1904,518580
0,0.1904,521438
0,0.1904,524990
0,0.1905,10632
0,0.1905,11736
0,0.1905,13716
0,0.1905,16513
0,0.1905,20581
0,0.1905,48975
0,0.1905,59400
0,0.1905,62429
0,0.1905,76394
0,0.1905,521935
0,0.1905,800207
0,0.1905,804989
0,0.1906,10262
0,0.1906,11099
0,0.1906,12371
0,0.1906,13571
0,0.1906,13613
0,0.1906,15897
0,0.1906,16648
0,0.1906,24067
0,0.1906,38688
0,0.1906,54892
0,0.1906,57675
0,0.1906,68708
0,0.1906,79776
0,0.1906,82482
0,0.1906,88490
0,0.1906,109145
0,0.1906,111109
0,0.1906,137726
0,0.1906,160750
0,0.1906,519869
0,0.1906,356783826
0,0.1907,10378
0,0.1907,10996
0,0.1907,11105
0,0.1907,16124
0,0.1907,22323
0,0.1907,44000
0,0.1907,55672
0,0.1907,55869
0,0.1907,72019
0,0.1907,74106
0,0.1907,75907
0,0.1907,111689
0,0.1907,165180
0,0.1907,531273
0,0.1907,531708
0,0.1907,548299
0,0.1908,10096
0,0.1908,11930
0,0.1908,26223
0,0.1908,26922
0,0.1908,28019
0,0.1908,29750
0,0.1908,30279
0,0.1908,31925
0,0.1908,38670
0,0.1908,65609
0,0.1908,107502
0,0.1908,519041
0,0.1909,10133
0,0.1909,10376
0,0.1909,11521
0,0.1909,12765
0,0.1909,15313
0,0.1909,15864
0,0.1909,21338
0,0.1909,29176
0,0.1909,33501
0,0.1909,48976
0,0.1909,59035
0,0.1909,63944
0,0.1909,90874
0,0.1909,91582
0,0.1909,103414
0,0.1909,127577
0,0.1909,138586
0,0.1909,260257
0,0.1909,513565
0,0.1909,519365
0,0.1909,522828
0,0.1909,550868
0,0.1909,904587
0,0.1910,10201
0,0.1910,10459
0,0.1910,11072
0,0.1910,14666
0,0.1910,16013
0,0.1910,16454
0,0.1910,21166
0,0.1910,22717
0,0.1910,28380
0,0.1910,35196
0,0.1910,35798
0,0.1910,38113
0,0.1910,49376
0,0.1910,54749
0,0.1910,63508
0,0.1910,120818
0,0.1910,151346
0,0.1910,515155
0,0.1910,544258
0,0.1911,10224
0,0.1911,11283
0,0.1911,11991
0,0.1911,11993
0,0.1911,14419
0,0.1911,15647
0,0.1911,18730
0,0.1911,20132
0,0.1911,23189
0,0.1911,26515
0,0.1911,31297
0,0.1911,37075
0,0.1911,43474
0,0.1911,48301
0,0.1911,52614
0,0.1911,58009
0,0.1911,63883
0,0.1911,68501
0,0.1911,78067
0,0.1911,101010
0,0.1911,104232
0,0.1911,129608
0,0.1911,139685
0,0.1911,529429
0,0.1912,10482
0,0.1912,10756
0,0.1912,11058
0,0.1912,11837
0,0.1912,12977
0,0.1912,17325
0,0.1912,17705
0,0.1912,23718
0,0.1912,27024
0,0.1912,41787
0,0.1912,43861
0,0.1912,49124
0,0.1912,58053
0,0.1912,59111
0,0.1912,520668
0,0.1912,521290
0,0.1912,527470
0,0.1912,529519
0,0.1912,555383
0,0.1912,555967
0,0.1912,801946
0,0.1912,918582
0,0.1913,10473
0,0.1913,10604
0,0.1913,10702
0,0.1913,13303
0,0.1913,13334
0,0.1913,14019
0,0.1913,14506
0,0.1913,14925
0,0.1913,15421
0,0.1913,16706
0,0.1913,18262
0,0.1913,19767
0,0.1913,20402
0,0.1913,20445
0,0.1913,21242
0,0.1913,22166
0,0.1913,33296
0,0.1913,57335
0,0.1913,59389
0,0.1913,84445
0,0.1913,109145
0,0.1913,520938
0,0.1913,533589
0,0.1913,555969
0,0.1913,564824
0,0.1913,579253
0,0.1913,903689
0,0.1914,10942
0,0.1914,11761
0,0.1914,11783
0,0.1914,12164
0,0.1914,13225
0,0.1914,14391
0,0.1914,16434
0,0.1914,17406
0,0.1914,18165
0,0.1914,20311
0,0.1914,26551
0,0.1914,29541
0,0.1914,31775
0,0.1914,36149
0,0.1914,55306
0,0.1914,79631
0,0.1914,102475
0,0.1914,120660
0,0.1914,178810
0,0.1914,267437
0,0.1914,532768
0,0.1914,580793
0,0.1914,809744
0,0.1914,904246
0,0.1915,11229
0,0.1915,11342
0,0.1915,11478
0,0.1915,11744
0,0.1915,11870
0,0.1915,12115
0,0.1915,13550
0,0.1915,16610
0,0.1915,16993
0,0.1915,17225
0,0.1915,17800
0,0.1915,20620
0,0.1915,22026
0,0.1915,22105
0,0.1915,23743
0,0.1915,39485
0,0.1915,105377
0,0.1915,563873
0,0.1915,916640
0,0.1916,10231
0,0.1916,11281
0,0.1916,11517
0,0.1916,12338
0,0.1916,13962
0,0.1916,17014
0,0.1916,24841
0,0.1916,28899
0,0.1916,36207
0,0.1916,69595
0,0.1916,69646
0,0.1916,80093
0,0.1916,111512
0,0.1916,520155
0,0.1916,522439
0,0.1916,524164
0,0.1916,524207
0,0.1916,552393
0,0.1916,800847
0,0.1916,807225
0,0.1917,10359
0,0.1917,10524
0,0.1917,11514
0,0.1917,12111
0,0.1917,13232
0,0.1917,14665
0,0.1917,14893
0,0.1917,19579
0,0.1917,19665
0,0.1917,37951
0,0.1917,44147
0,0.1917,44741
0,0.1917,64400
0,0.1917,80094
0,0.1917,127577
0,0.1917,521292
0,0.1917,521439
0,0.1918,10767
0,0.1918,10835
0,0.1918,11080
0,0.1918,11215
0,0.1918,11341
0,0.1918,11914
0,0.1918,11922
0,0.1918,12840
0,0.1918,13431
0,0.1918,13483
0,0.1918,13944
0,0.1918,17817
0,0.1918,20272
0,0.1918,22224
0,0.1918,25616
0,0.1918,26845
0,0.1918,35634
0,0.1918,37297
0,0.1918,45811
0,0.1918,55874
0,0.1918,71900
0,0.1918,122004
0,0.1918,173968
0,0.1918,518717
0,0.1918,519967
0,0.1918,521241
0,0.1918,803378
0,0.1919,10670
0,0.1919,10786
0,0.1919,11211
0,0.1919,12509
0,0.1919,12671
0,0.1919,12929
0,0.1919,13172
0,0.1919,15183
0,0.1919,20459
0,0.1919,24502
0,0.1919,29746
0,0.1919,35208
0,0.1919,512797
0,0.1919,514740
0,0.1919,516967
0,0.1919,522432
0,0.1919,533849
0,0.1920,10806
0,0.1920,12534
0,0.1920,12717
0,0.1920,13027
0,0.1920,13283
0,0.1920,13683
0,0.1920,35514
0,0.1920,41407
0,0.1920,48568
0,0.1920,64117
0,0.1920,800743
0,0.1920,804989
0,0.1921,10084
0,0.1921,11345
0,0.1921,11817
0,0.1921,12354
0,0.1921,13852
0,0.1921,17319
0,0.1921,21332
0,0.1921,23204
0,0.1921,24828
0,0.1921,26419
0,0.1921,33002
0,0.1921,39257
0,0.1921,43489
0,0.1921,66007
0,0.1921,75212
0,0.1921,81005
0,0.1921,100307
0,0.1921,527357
0,0.1921,532804
0,0.1921,555319
0,0.1921,801985
0,0.1921,802166
0,0.1922,10051
0,0.1922,10208
0,0.1922,11237
0,0.1922,12312
0,0.1922,18332
0,0.1922,18417
0,0.1922,18884
0,0.1922,23012
0,0.1922,25229
0,0.1922,27025
0,0.1922,40451
0,0.1922,97536
0,0.1922,520393
0,0.1922,532655
0,0.1922,800970
0,0.1922,802506
0,0.1923,10461
0,0.1923,10973
0,0.1923,11788
0,0.1923,12471
0,0.1923,14849
0,0.1923,15118
0,0.1923,26766
0,0.1923,37399
0,0.1923,71961
0,0.1923,119936
0,0.1923,517458
0,0.1923,800562
0,0.1923,800687
0,0.1923,803412
0,0.1924,10736
0,0.1924,11594
0,0.1924,12756
0,0.1924,15431
0,0.1924,16107
0,0.1924,16437
0,0.1924,17389
0,0.1924,27702
0,0.1924,28144
0,0.1924,29217
0,0.1924,54621
0,0.1924,54959
0,0.1924,64457
0,0.1924,520787
0,0.1924,523828
0,0.1924,524208
0,0.1924,800073
0,0.1924,800917
0,0.1924,909181
0,0.1924,915497
0,0.1925,10397
0,0.1925,13194
0,0.1925,14161
0,0.1925,16281
0,0.1925,32835
0,0.1925,33919
0,0.1925,44995
0,0.1925,46960
0,0.1925,50372
0,0.1925,54238
0,0.1925,58166
0,0.1925,138447
0,0.1925,520002
0,0.1925,521157
0,0.1925,527577
0,0.1925,530777
0,0.1926,10472
0,0.1926,10522
0,0.1926,10929
0,0.1926,11620
0,0.1926,13056
0,0.1926,13480
0,0.1926,13821
0,0.1926,16526
0,0.1926,36743
0,0.1926,38204
0,0.1926,53050
0,0.1926,66445
0,0.1926,107105
0,0.1926,555312
0,0.1926,800241
0,0.1927,10140
0,0.1927,10905
0,0.1927,11244
0,0.1927,11262
0,0.1927,11289
0,0.1927,11400
0,0.1927,11828
0,0.1927,12711
0,0.1927,14609
0,0.1927,16141
0,0.1927,16793
0,0.1927,18334
0,0.1927,19364
0,0.1927,23401
0,0.1927,31196
0,0.1927,33047
0,0.1927,33229
0,0.1927,59400
0,0.1927,67398
0,0.1927,91799
0,0.1927,133908
0,0.1927,136581
0,0.1927,517359
0,0.1927,521108
0,0.1927,532800
0,0.1927,801027
0,0.1928,10209
0,0.1928,12023
0,0.1928,12231
0,0.1928,22977
0,0.1928,30469
0,0.1928,44026
0,0.1928,50485
0,0.1928,73492
0,0.1928,78066
0,0.1928,186043
0,0.1928,519616
0,0.1928,519970
0,0.1928,536992
0,0.1929,10169
0,0.1929,10198
0,0.1929,10321
0,0.1929,11399
0,0.1929,11531
0,0.1929,11722
0,0.1929,12163
0,0.1929,14437
0,0.1929,15619
0,0.1929,30421
0,0.1929,35113
0,0.1929,41221
0,0.1929,84551
0,0.1929,121593
0,0.1929,555875
0,0.1929,556574
0,0.1929,800117
0,0.1930,10249
0,0.1930,10904
0,0.1930,11546
0,0.1930,12732
0,0.1930,12826
0,0.1930,12965
0,0.1930,15662
0,0.1930,18634
0,0.1930,31348
0,0.1930,40444
0,0.1930,58738
0,0.1930,59733
0,0.1930,76738
0,0.1930,105827
0,0.1930,141297
0,0.1930,146273
0,0.1930,515096
0,0.1930,517330
0,0.1930,523591
0,0.1930,527351
0,0.1930,555322
0,0.1930,903602
0,0.1931,10134
0,0.1931,10629
0,0.1931,11245
0,0.1931,14799
0,0.1931,19062
0,0.1931,19845
0,0.1931,26628
0,0.1931,35330
0,0.1931,44766
0,0.1931,46393
0,0.1931,99721
0,0.1931,114223
0,0.1931,142998
0,0.1931,514696
0,0.1931,530781
0,0.1931,800606
0,0.1932,10065
0,0.1932,10264
0,0.1932,10515
0,0.1932,11975
0,0.1932,11992
0,0.1932,13375
0,0.1932,18016
0,0.1932,18937
0,0.1932,26307
0,0.1932,36825
0,0.1932,43785
0,0.1932,44781
0,0.1932,50178
0,0.1932,58481
0,0.1932,59400
0,0.1932,67244
0,0.1932,92866
0,0.1932,190419
0,0.1932,520916
0,0.1932,533469
0,0.1932,800162
0,0.1932,801214
0,0.1933,13684
0,0.1933,14497
0,0.1933,14510
0,0.1933,22494
0,0.1933,23339
0,0.1933,23477
0,0.1933,24804
0,0.1933,31206
0,0.1933,40733
0,0.1933,43179
0,0.1933,52575
0,0.1933,57932
0,0.1933,83381
0,0.1933,96104
0,0.1933,116012
0,0.1933,121384
0,0.1934,10408
0,0.1934,10429
0,0.1934,11469
0,0.1934,12309
0,0.1934,12667
0,0.1934,13563
0,0.1934,23854
0,0.1934,56207
0,0.1934,65986
0,0.1934,73249
0,0.1934,96557
0,0.1934,99080
0,0.1934,436612
0,0.1934,518153
0,0.1934,523684
0,0.1934,524152
0,0.1934,800190
0,0.1935,12351
0,0.1935,13315
0,0.1935,15276
0,0.1935,20200
0,0.1935,26387
0,0.1935,29090
0,0.1935,31397
0,0.1935,42495
0,0.1935,43882
0,0.1935,48178
0,0.1935,50176
0,0.1935,54445
0,0.1935,98782
0,0.1935,520466
0,0.1935,800898
0,0.1935,814586
0,0.1936,10049
0,0.1936,10205
0,0.1936,10285
0,0.1936,10593
0,0.1936,11141
0,0.1936,13143
0,0.1936,13981
0,0.1936,50497
0,0.1936,60017
0,0.1936,73305
0,0.1936,76634
0,0.1936,79554
0,0.1936,523907
0,0.1936,534777
0,0.1936,551294
0,0.1936,801666
0,0.1937,11829
0,0.1937,11900
0,0.1937,14573
0,0.1937,20278
0,0.1937,21709
0,0.1937,22574
0,0.1937,24866
0,0.1937,28406
0,0.1937,28604
0,0.1937,34248
0,0.1937,48110
0,0.1937,52614
0,0.1937,56353
0,0.1937,59950
0,0.1937,127577
0,0.1937,555318
0,0.1938,10305
0,0.1938,10463
0,0.1938,10977
0,0.1938,11292
0,0.1938,11501
0,0.1938,11556
0,0.1938,11959
0,0.1938,12934
0,0.1938,12958
0,0.1938,17105
0,0.1938,21132
0,0.1938,22276
0,0.1938,25963
0,0.1938,27614
0,0.1938,48021
0,0.1938,50372
0,0.1938,64701
0,0.1938,65179
0,0.1938,66105
0,0.1938,71785
0,0.1938,83886
0,0.1938,85916
0,0.1938,102945
0,0.1938,128562
0,0.1938,516097
0,0.1938,519242
0,0.1938,529031
0,0.1939,10456
0,0.1939,10650
0,0.1939,11583
0,0.1939,12320
0,0.1939,14294
0,0.1939,14339
0,0.1939,16136
0,0.1939,18075
0,0.1939,19234
0,0.1939,30539
0,0.1939,34247
0,0.1939,44587
0,0.1939,45513
0,0.1939,52567
0,0.1939,52773
0,0.1939,59950
0,0.1939,192978
0,0.1939,523019
0,0.1939,527524
0,0.1940,10126
0,0.1940,10263
0,0.1940,10632
0,0.1940,11467
0,0.1940,11523
0,0.1940,11725
0,0.1940,12837
0,0.1940,13198
0,0.1940,14343
0,0.1940,17908
0,0.1940,20141
0,0.1940,20581
0,0.1940,26423
0,0.1940,30469
0,0.1940,38538
0,0.1940,43216
0,0.1940,46596
0,0.1940,58157
0,0.1940,77609
0,0.1940,90640
0,0.1940,96104
0,0.1940,177835
0,0.1940,518153
0,0.1940,521935
0,0.1940,524238
0,0.1940,527410
0,0.1940,532766
0,0.1940,580814
0,0.1941,10297
0,0.1941,11050
0,0.1941,11099
0,0.1941,11379
0,0.1941,11603
0,0.1941,19828
0,0.1941,20910
0,0.1941,28509
0,0.1941,31802
0,0.1941,34301
0,0.1941,36577
0,0.1941,38819
0,0.1941,38821
0,0.1941,62367
0,0.1941,67052
0,0.1941,75909
0,0.1941,82582
0,0.1941,457812
0,0.1942,10026
0,0.1942,10096
0,0.1942,10216
0,0.1942,10459
0,0.1942,10540
0,0.1942,10569
0,0.1942,11294
0,0.1942,11736
0,0.1942,11952
0,0.1942,12061
0,0.1942,14158
0,0.1942,14685
0,0.1942,20688
0,0.1942,39719
0,0.1942,43861
0,0.1942,521437
0,0.1942,532869
0,0.1942,556037
0,0.1942,802399
0,0.1943,10118
0,0.1943,10133
0,0.1943,10176
0,0.1943,10254
0,0.1943,10376
0,0.1943,10564
0,0.1943,11092
0,0.1943,11390
0,0.1943,11477
0,0.1943,13359
0,0.1943,14514
0,0.1943,16601
0,0.1943,18983
0,0.1943,19921
0,0.1943,21567
0,0.1943,49307
0,0.1943,65486
0,0.1943,73963
0,0.1943,76894
0,0.1943,77108
0,0.1943,104131
0,0.1943,109011
0,0.1943,128455
0,0.1943,142998
0,0.1943,513343
0,0.1943,514291
0,0.1943,516322
0,0.1943,517351
0,0.1943,520003
0,0.1943,564174
0,0.1943,806606
0,0.1944,10421
0,0.1944,11359
0,0.1944,12571
0,0.1944,12994
0,0.1944,14607
0,0.1944,14661
0,0.1944,16005
0,0.1944,19274
0,0.1944,20739
0,0.1944,21889
0,0.1944,22243
0,0.1944,31247
0,0.1944,32165
0,0.1944,62645
0,0.1944,62771
0,0.1944,63046
0,0.1944,68692
0,0.1944,70248
0,0.1944,105929
0,0.1944,114513
0,0.1944,119630
0,0.1944,146502
0,0.1944,522405
0,0.1944,527470
0,0.1944,800845
0,0.1944,812106
0,0.1944,918902
0,0.1945,10423
0,0.1945,10530
0,0.1945,12896
0,0.1945,13886
0,0.1945,20168
0,0.1945,22787
0,0.1945,27756
0,0.1945,53918
0,0.1945,67451
0,0.1945,108640
0,0.1945,133806
0,0.1945,143895
0,0.1945,147959
0,0.1945,529429
0,0.1945,535438
0,0.1946,10201
0,0.1946,11991
0,0.1946,12367
0,0.1946,12705
0,0.1946,13230
0,0.1946,15970
0,0.1946,17325
0,0.1946,18726
0,0.1946,28525
0,0.1946,29272
0,0.1946,34677
0,0.1946,35113
0,0.1946,37147
0,0.1946,47617
0,0.1946,52641
0,0.1946,63930
0,0.1946,70788
0,0.1946,99721
0,0.1946,119212
0,0.1946,130279
0,0.1946,522770
0,0.1946,801079
0,0.1947,12031
0,0.1947,12121
0,0.1947,13116
0,0.1947,16422
0,0.1947,17107
0,0.1947,19333
0,0.1947,20397
0,0.1947,25476
0,0.1947,28293
0,0.1947,29604
0,0.1947,38805
0,0.1947,83289
0,0.1947,125291
0,0.1947,511775
0,0.1947,519692
0,0.1947,521158
0,0.1947,526634
0,0.1947,532811
0,0.1948,10470
0,0.1948,10877
0,0.1948,11837
0,0.1948,13621
0,0.1948,14427
0,0.1948,14530
0,0.1948,14874
0,0.1948,15294
0,0.1948,15507
0,0.1948,17175
0,0.1948,18049
0,0.1948,23200
0,0.1948,26168
0,0.1948,27416
0,0.1948,31117
0,0.1948,35196
0,0.1948,53416
0,0.1948,77967
0,0.1948,161534
0,0.1948,247232
0,0.1948,513419
0,0.1948,513841
0,0.1948,518294
0,0.1948,529665
0,0.1948,821509
0,0.1949,10473
0,0.1949,10942
0,0.1949,11281
0,0.1949,11478
0,0.1949,11744
0,0.1949,11993
0,0.1949,15353
0,0.1949,17540
0,0.1949,18834
0,0.1949,18994
0,0.1949,21267
0,0.1949,23045
0,0.1949,51391
0,0.1949,60172
0,0.1949,70171
0,0.1949,96213
0,0.1949,103338
0,0.1949,256432
0,0.1949,801752
0,0.1949,801974
0,0.1949,807225
0,0.1950,10262
0,0.1950,11780
0,0.1950,11783
0,0.1950,13271
0,0.1950,13610
0,0.1950,13716
0,0.1950,18730
0,0.1950,19873
0,0.1950,29560
0,0.1950,30943
0,0.1950,37732
0,0.1950,42074
0,0.1950,48530
0,0.1950,54952
0,0.1950,80007
0,0.1950,80544
0,0.1950,90364
0,0.1950,532969
0,0.1950,814625
0,0.1950,821509
0,0.1950,918582
0,0.1951,10808
0,0.1951,11135
0,0.1951,11517
0,0.1951,11870
0,0.1951,12012
0,0.1951,13470
0,0.1951,14139
0,0.1951,16433
0,0.1951,16454
0,0.1951,18165
0,0.1951,22166
0,0.1951,25439
0,0.1951,25714
0,0.1951,28607
0,0.1951,40205
0,0.1951,50185
0,0.1951,77451
0,0.1951,84007
0,0.1951,142053
0,0.1951,145128
0,0.1951,423539
0,0.1951,801252
0,0.1952,11143
0,0.1952,11342
0,0.1952,11922
0,0.1952,11930
0,0.1952,12111
0,0.1952,12314
0,0.1952,12332
0,0.1952,19467
0,0.1952,19767
0,0.1952,19904
0,0.1952,20402
0,0.1952,20550
0,0.1952,21860
0,0.1952,23533
0,0.1952,27158
0,0.1952,33248
0,0.1952,34084
0,0.1952,46617
0,0.1952,63336
0,0.1952,63927
0,0.1952,68031
0,0.1952,78858
0,0.1952,94043
0,0.1952,103941
0,0.1952,107502
0,0.1952,133908
0,0.1952,143504
0,0.1952,159400
0,0.1952,190419
0,0.1952,509223
0,0.1952,512796
0,0.1952,526119
0,0.1952,801666
0,0.1953,10653
0,0.1953,11355
0,0.1953,11521
0,0.1953,11749
0,0.1953,12057
0,0.1953,12162
0,0.1953,12338
0,0.1953,12977
0,0.1953,13145
0,0.1953,13479
0,0.1953,31847
0,0.1953,36627
0,0.1953,57772
0,0.1953,107105
0,0.1953,513175
0,0.1953,513945
0,0.1953,534777
0,0.1953,800551
0,0.1953,804596
0,0.1953,904036
0,0.1954,10704
0,0.1954,11112
0,0.1954,11721
0,0.1954,12171
0,0.1954,12541
0,0.1954,13666
0,0.1954,14430
0,0.1954,26102
0,0.1954,33502
0,0.1954,43861
0,0.1954,72871
0,0.1954,116737
0,0.1954,381503
0,0.1954,514318
0,0.1954,516197
0,0.1954,516780
0,0.1954,524990
0,0.1954,542560
0,0.1954,800304
0,0.1954,800500
0,0.1954,801478
0,0.1954,807225
0,0.1955,10039
0,0.1955,14821
0,0.1955,31345
0,0.1955,36844
0,0.1955,37558
0,0.1955,45678
0,0.1955,53267
0,0.1955,59086
0,0.1955,145128
0,0.1955,173628
0,0.1955,203048
0,0.1955,519693
0,0.1955,532655
0,0.1955,532800
0,0.1955,555966
0,0.1955,801137
0,0.1955,805137
0,0.1956,10524
0,0.1956,10628
0,0.1956,10906
0,0.1956,11914
0,0.1956,12109
0,0.1956,14319
0,0.1956,14340
0,0.1956,21637
0,0.1956,27379
0,0.1956,36556
0,0.1956,49689
0,0.1956,49794
0,0.1956,74368
0,0.1956,77790
0,0.1956,87674
0,0.1956,147169
0,0.1956,524797
0,0.1956,801404
0,0.1956,810889
0,0.1957,10399
0,0.1957,10543
0,0.1957,12890
0,0.1957,15244
0,0.1957,16207
0,0.1957,17484
0,0.1957,27775
0,0.1957,36146
0,0.1957,39054
0,0.1957,70928
0,0.1957,75242
0,0.1957,77451
0,0.1957,102716
0,0.1957,109321
0,0.1957,209929
0,0.1958,10697
0,0.1958,12340
0,0.1958,13356
0,0.1958,13431
0,0.1958,13571
0,0.1958,14895
0,0.1958,16600
0,0.1958,20001
0,0.1958,23673
0,0.1958,28086
0,0.1958,31172
0,0.1958,34321
0,0.1958,37336
0,0.1958,64575
0,0.1958,75310
0,0.1958,94490
0,0.1958,195727
0,0.1958,516162
0,0.1958,518788
0,0.1958,520787
0,0.1958,523351
0,0.1958,525105
0,0.1958,562451
0,0.1958,804596
0,0.1958,805362
0,0.1958,908274
0,0.1959,10561
0,0.1959,10613
0,0.1959,14666
0,0.1959,15992
0,0.1959,16188
0,0.1959,16862
0,0.1959,18007
0,0.1959,18824
0,0.1959,20620
0,0.1959,25245
0,0.1959,33646
0,0.1959,40702
0,0.1959,47922
0,0.1959,48515
0,0.1959,104723
0,0.1959,514425
0,0.1959,532768
0,0.1959,904119
0,0.1960,10074
0,0.1960,10111
0,0.1960,10397
0,0.1960,11041
0,0.1960,11703
0,0.1960,12460
0,0.1960,13386
0,0.1960,13550
0,0.1960,14066
0,0.1960,14243
0,0.1960,15717
0,0.1960,17847
0,0.1960,18203
0,0.1960,20324
0,0.1960,24828
0,0.1960,25872
0,0.1960,30102
0,0.1960,31345
0,0.1960,55990
0,0.1960,58027
0,0.1960,88157
0,0.1960,515642
0,0.1960,800490
0,0.1961,10390
0,0.1961,11525
0,0.1961,11608
0,0.1961,11722
0,0.1961,12354
0,0.1961,16648
0,0.1961,17614
0,0.1961,29231
0,0.1961,32752
0,0.1961,34464
0,0.1961,36063
0,0.1961,54628
0,0.1961,69264
0,0.1961,99721
0,0.1961,161534
0,0.1961,515070
0,0.1961,532800
0,0.1961,802864
0,0.1962,10140
0,0.1962,10378
0,0.1962,10402
0,0.1962,10905
0,0.1962,10929
0,0.1962,11262
0,0.1962,11345
0,0.1962,11400
0,0.1962,12241
0,0.1962,12929
0,0.1962,14954
0,0.1962,18952
0,0.1962,23401
0,0.1962,28803
0,0.1962,38262
0,0.1962,39922
0,0.1962,49570
0,0.1962,54959
0,0.1962,123245
0,0.1962,140755
0,0.1962,267437
0,0.1962,519850
0,0.1962,520002
0,0.1962,530777
0,0.1962,534777
0,0.1963,10169
0,0.1963,10486
0,0.1963,11229
0,0.1963,11244
0,0.1963,11289
0,0.1963,11618
0,0.1963,11620
0,0.1963,11761
0,0.1963,11828
0,0.1963,12717
0,0.1963,24713
0,0.1963,40838
0,0.1963,48131
0,0.1963,51032
0,0.1963,63901
0,0.1963,63944
0,0.1963,72672
0,0.1963,75333
0,0.1963,75409
0,0.1963,87958
0,0.1963,94068
0,0.1963,524164
0,0.1963,802944
0,0.1963,811544
0,0.1963,814586
0,0.1963,830514
0,0.1964,11531
0,0.1964,11546
0,0.1964,13767
0,0.1964,14461
0,0.1964,16083
0,0.1964,16524
0,0.1964,18043
0,0.1964,23700
0,0.1964,25614
0,0.1964,26757
0,0.1964,29932
0,0.1964,41342
0,0.1964,44138
0,0.1964,46748
0,0.1964,49558
0,0.1964,52016
0,0.1964,61060
0,0.1964,64440
0,0.1964,69089
0,0.1964,95255
0,0.1964,148484
0,0.1964,513803
0,0.1964,802891
0,0.1964,811544
0,0.1965,10084
0,0.1965,10515
0,0.1965,11958
0,0.1965,13556
0,0.1965,16724
0,0.1965,17027
0,0.1965,18016
0,0.1965,23517
0,0.1965,25166
0,0.1965,26020
0,0.1965,40350
0,0.1965,60346
0,0.1965,71785
0,0.1965,227465
0,0.1965,517458
0,0.1965,518581
0,0.1965,523591
0,0.1965,527358
0,0.1965,805313
0,0.1965,934591
0,0.1966,11975
0,0.1966,12511
0,0.1966,13072
0,0.1966,13127
0,0.1966,14271
0,0.1966,17569
0,0.1966,25927
0,0.1966,37622
0,0.1966,39802
0,0.1966,49754
0,0.1966,57684
0,0.1966,118825
0,0.1966,520668
0,0.1966,537613
0,0.1967,10209
0,0.1967,10313
0,0.1967,11847
0,0.1967,11992
0,0.1967,13582
0,0.1967,19953
0,0.1967,24352
0,0.1967,38998
0,0.1967,51603
0,0.1967,56070
0,0.1967,66076
0,0.1967,84581
0,0.1967,94617
0,0.1967,95249
0,0.1967,209929
0,0.1967,511853
0,0.1967,521575
0,0.1967,522770
0,0.1967,523544
0,0.1967,530791
0,0.1967,532560
0,0.1967,809744
0,0.1968,10469
0,0.1968,11594
0,0.1968,12050
0,0.1968,12782
0,0.1968,14802
0,0.1968,19143
0,0.1968,22852
0,0.1968,23477
0,0.1968,25853
0,0.1968,25951
0,0.1968,29590
0,0.1968,37342
0,0.1968,43546
0,0.1968,51735
0,0.1968,76109
0,0.1968,85617
0,0.1968,119868
0,0.1968,513911
0,0.1968,524208
0,0.1968,535279
0,0.1968,800892
0,0.1968,807356
0,0.1969,13428
0,0.1969,13435
0,0.1969,23496
0,0.1969,23854
0,0.1969,37596
0,0.1969,48971
0,0.1969,56437
0,0.1969,103186
0,0.1969,119630
0,0.1970,11402
0,0.1970,12152
0,0.1970,14161
0,0.1970,15164
0,0.1970,15183
0,0.1970,19267
0,0.1970,20960
0,0.1970,21335
0,0.1970,23241
0,0.1970,23732
0,0.1970,32958
0,0.1970,108324
0,0.1970,527469
0,0.1970,555967
0,0.1970,800928
0,0.1970,911658
0,0.1971,10456
0,0.1971,10996
0,0.1971,11501
0,0.1971,12621
0,0.1971,12654
0,0.1971,13940
0,0.1971,15905
0,0.1971,22705
0,0.1971,22833
0,0.1971,23132
0,0.1971,28037
0,0.1971,30421
0,0.1971,45875
0,0.1971,61531
0,0.1971,72102
0,0.1971,114510
0,0.1971,133908
0,0.1971,154649
0,0.1971,512883
0,0.1971,544439
0,0.1971,551294
0,0.1971,809744
0,0.1972,10305
0,0.1972,10463
0,0.1972,11292
0,0.1972,11471
0,0.1972,14962
0,0.1972,16029
0,0.1972,18109
0,0.1972,18466
0,0.1972,19108
0,0.1972,26263
0,0.1972,29590
0,0.1972,41801
0,0.1972,53320
0,0.1972,62429
0,0.1972,123841
0,0.1972,135948
0,0.1972,514688
0,0.1972,555318
0,0.1973,10756
0,0.1973,12037
0,0.1973,12387
0,0.1973,13423
0,0.1973,13821
0,0.1973,16434
0,0.1973,21382
0,0.1973,22473
0,0.1973,27697
0,0.1973,29156
0,0.1973,36584
0,0.1973,36956
0,0.1973,41805
0,0.1973,44493
0,0.1973,53719
0,0.1973,54628
0,0.1973,57896
0,0.1973,98499
0,0.1973,112718
0,0.1973,137605
0,0.1973,148486
0,0.1973,512745
0,0.1973,514424
0,0.1973,580637
0,0.1973,816543
0,0.1974,10736
0,0.1974,11317
0,0.1974,11725
0,0.1974,12815
0,0.1974,16511
0,0.1974,18328
0,0.1974,21798
0,0.1974,29176
0,0.1974,44568
0,0.1974,46172
0,0.1974,46783
0,0.1974,50232
0,0.1974,52570
0,0.1974,52771
0,0.1974,66389
0,0.1974,130656
0,0.1974,138586
0,0.1974,513418
0,0.1974,519585
0,0.1974,524238
0,0.1974,552118
0,0.1974,570526
0,0.1974,801506
0,0.1974,807356
0,0.1975,10254
0,0.1975,10767
0,0.1975,11030
0,0.1975,11523
0,0.1975,13128
0,0.1975,16013
0,0.1975,28406
0,0.1975,29632
0,0.1975,35477
0,0.1975,38075
0,0.1975,47595
0,0.1975,80071
0,0.1975,85147
0,0.1975,100307
0,0.1975,511807
0,0.1975,519695
0,0.1975,521935
0,0.1975,523828
0,0.1975,523941
0,0.1975,545293
0,0.1976,10070
0,0.1976,10632
0,0.1976,10650
0,0.1976,11736
0,0.1976,12728
0,0.1976,14089
0,0.1976,17722
0,0.1976,20307
0,0.1976,28855
0,0.1976,29166
0,0.1976,29997
0,0.1976,40966
0,0.1976,41242
0,0.1976,41551
0,0.1976,48614
0,0.1976,59746
0,0.1976,452352
0,0.1976,519584
0,0.1976,520007
0,0.1976,531768
0,0.1976,802361
0,0.1976,811544
0,0.1977,10033
0,0.1977,10208
0,0.1977,11105
0,0.1977,13237
0,0.1977,13315
0,0.1977,14391
0,0.1977,14961
0,0.1977,20581
0,0.1977,23762
0,0.1977,24394
0,0.1977,28730
0,0.1977,38022
0,0.1977,40205
0,0.1977,41175
0,0.1977,41272
0,0.1977,51750
0,0.1977,54383
0,0.1977,116162
0,0.1977,407353
0,0.1977,518153
0,0.1977,520916
0,0.1977,564824
0,0.1978,10096
0,0.1978,10459
0,0.1978,10716
0,0.1978,10867
0,0.1978,11099
0,0.1978,11379
0,0.1978,11816
0,0.1978,13380
0,0.1978,18713
0,0.1978,19064
0,0.1978,19949
0,0.1978,22417
0,0.1978,26071
0,0.1978,52235
0,0.1978,68997
0,0.1978,97457
0,0.1978,163371
0,0.1978,168147
0,0.1978,526767
0,0.1978,558652
0,0.1979,11294
0,0.1979,11399
0,0.1979,11788
0,0.1979,12320
0,0.1979,14386
0,0.1979,14437
0,0.1979,14442
0,0.1979,15705
0,0.1979,16508
0,0.1979,43383
0,0.1979,43652
0,0.1979,45430
0,0.1979,48739
0,0.1979,49479
0,0.1979,51646
0,0.1979,57331
0,0.1979,79362
0,0.1979,140903
0,0.1979,162555
0,0.1979,515161
0,0.1979,519242
0,0.1979,529429
0,0.1979,539787
0,0.1979,545288
0,0.1979,801280
0,0.1979,926154
0,0.1979,943251
0,0.1980,10065
0,0.1980,10133
0,0.1980,10408
0,0.1980,10522
0,0.1980,10786
0,0.1980,11603
0,0.1980,12765
0,0.1980,14985
0,0.1980,20123
0,0.1980,21725
0,0.1980,22276
0,0.1980,26485
0,0.1980,26766
0,0.1980,27128
0,0.1980,27614
0,0.1980,29590
0,0.1980,33405
0,0.1980,48723
0,0.1980,52616
0,0.1980,75987
0,0.1980,132166
0,0.1980,176598
0,0.1980,192978
0,0.1980,519842
0,0.1980,524472
0,0.1980,527577
0,0.1980,531808
0,0.1980,544258
0,0.1981,10321
0,0.1981,10359
0,0.1981,10376
0,0.1981,11991
0,0.1981,13375
0,0.1981,15005
0,0.1981,17319
0,0.1981,18179
0,0.1981,19845
0,0.1981,33165
0,0.1981,53050
0,0.1981,57152
0,0.1981,105437
0,0.1981,147696
0,0.1981,537139
0,0.1981,801187
0,0.1982,10201
0,0.1982,10218
0,0.1982,10241
0,0.1982,10942
0,0.1982,10977
0,0.1982,11952
0,0.1982,15662
0,0.1982,19921
0,0.1982,21166
0,0.1982,21567
0,0.1982,22243
0,0.1982,26292
0,0.1982,28584
0,0.1982,35927
0,0.1982,38954
0,0.1982,41869
0,0.1982,67712
0,0.1982,100441
0,0.1983,10540
0,0.1983,10670
0,0.1983,11359
0,0.1983,11741
0,0.1983,11837
0,0.1983,13095
0,0.1983,13153
0,0.1983,13596
0,0.1983,14843
0,0.1983,15823
0,0.1983,16426
0,0.1983,17325
0,0.1983,18726
0,0.1983,20033
0,0.1983,34761
0,0.1983,35196
0,0.1983,37177
0,0.1983,40261
0,0.1983,52682
0,0.1983,66970
0,0.1983,67398
0,0.1983,68686
0,0.1983,137731
0,0.1983,521545
0,0.1983,527470
0,0.1983,801598
0,0.1984,10075
0,0.1984,10134
0,0.1984,10285
0,0.1984,10429
0,0.1984,10461
0,0.1984,10569
0,0.1984,11281
0,0.1984,11478
0,0.1984,11517
0,0.1984,11744
0,0.1984,13027
0,0.1984,14019
0,0.1984,21409
0,0.1984,22908
0,0.1984,29144
0,0.1984,29244
0,0.1984,39592
0,0.1984,44154
0,0.1984,52614
0,0.1984,56522
0,0.1984,64525
0,0.1984,69929
0,0.1984,94050
0,0.1984,104131
0,0.1984,531999
0,0.1984,925829
0,0.1985,10126
0,0.1985,11323
0,0.1985,11993
0,0.1985,15517
0,0.1985,16124
0,0.1985,18776
0,0.1985,27452
0,0.1985,36026
0,0.1985,38573
0,0.1985,44957
0,0.1985,47984
0,0.1985,62314
0,0.1985,76958
0,0.1985,515158
0,0.1985,521439
0,0.1985,800782
0,0.1986,10118
0,0.1986,10473
0,0.1986,11514
0,0.1986,11783
0,0.1986,11870
0,0.1986,12111
0,0.1986,13194
0,0.1986,13334
0,0.1986,16416
0,0.1986,18249
0,0.1986,20287
0,0.1986,24841
0,0.1986,28758
0,0.1986,32482
0,0.1986,37744
0,0.1986,44850
0,0.1986,51116
0,0.1986,59618
0,0.1986,62837
0,0.1986,64003
0,0.1986,66261
0,0.1986,100307
0,0.1986,210889
0,0.1986,521011
0,0.1986,522812
0,0.1986,563873
0,0.1986,918582
0,0.1987,11080
0,0.1987,11321
0,0.1987,11342
0,0.1987,11624
0,0.1987,11806
0,0.1987,11922
0,0.1987,12338
0,0.1987,12509
0,0.1987,12994
0,0.1987,13664
0,0.1987,14897
0,0.1987,16228
0,0.1987,17566
0,0.1987,18730
0,0.1987,21098
0,0.1987,26602
0,0.1987,36351
0,0.1987,51350
0,0.1987,104359
0,0.1987,236035
0,0.1987,527409
0,0.1987,531131
0,0.1987,532655
0,0.1987,579253
0,0.1987,807356
0,0.1987,908572
0,0.1988,10629
0,0.1988,12965
0,0.1988,13221
0,0.1988,13390
0,0.1988,20402
0,0.1988,22917
0,0.1988,25655
0,0.1988,26845
0,0.1988,28899
0,0.1988,34063
0,0.1988,44745
0,0.1988,47491
0,0.1988,53456
0,0.1988,67468
0,0.1988,189046
0,0.1988,515069
0,0.1988,521438
0,0.1988,522828
0,0.1988,555969
0,0.1988,804596
0,0.1989,10176
0,0.1989,10800
0,0.1989,11050
0,0.1989,11409
0,0.1989,11556
0,0.1989,13379
0,0.1989,16274
0,0.1989,18165
0,0.1989,19767
0,0.1989,19792
0,0.1989,22166
0,0.1989,26223
0,0.1989,28525
0,0.1989,52583
0,0.1989,59329
0,0.1989,59796
0,0.1989,64263
0,0.1989,104131
0,0.1989,106617
0,0.1989,125065
0,0.1989,130279
0,0.1989,146502
0,0.1989,188051
0,0.1989,262579
0,0.1989,521158
0,0.1989,556286
0,0.1989,812106
0,0.1989,904639
0,0.1990,10470
0,0.1990,10472
0,0.1990,10881
0,0.1990,11155
0,0.1990,11390
0,0.1990,11914
0,0.1990,12840
0,0.1990,14573
0,0.1990,14750
0,0.1990,30992
0,0.1990,42373
0,0.1990,46888
0,0.1990,56900
0,0.1990,57542
0,0.1990,514009
0,0.1990,535999
0,0.1990,814586
0,0.1990,908572
0,0.1991,12164
0,0.1991,21099
0,0.1991,25039
0,0.1991,26047
0,0.1991,27416
0,0.1991,31376
0,0.1991,46907
0,0.1991,64230
0,0.1991,69650
0,0.1991,77810
0,0.1991,94994
0,0.1991,519589
0,0.1992,10423
0,0.1992,10530
0,0.1992,10904
0,0.1992,11058
0,0.1992,11583
0,0.1992,13172
0,0.1992,13380
0,0.1992,17650
0,0.1992,19305
0,0.1992,22671
0,0.1992,24502
0,0.1992,25195
0,0.1992,27589
0,0.1992,31068
0,0.1992,68701
0,0.1992,78143
0,0.1992,161034
0,0.1992,520787
0,0.1992,800596
0,0.1992,810889
0,0.1993,10877
0,0.1993,11082
0,0.1993,12977
0,0.1993,13621
0,0.1993,38446
0,0.1993,50256
0,0.1993,140586
0,0.1993,153948
0,0.1993,247232
0,0.1993,515157
0,0.1994,10524
0,0.1994,12396
0,0.1994,21756
0,0.1994,21763
0,0.1994,31385
0,0.1994,32247
0,0.1994,35634
0,0.1994,68585
0,0.1994,149720
0,0.1994,519865
0,0.1994,520466
0,0.1994,805487
0,0.1995,10262
0,0.1995,10929
0,0.1995,11930
0,0.1995,13716
0,0.1995,15753
0,0.1995,18049
0,0.1995,21851
0,0.1995,22717
0,0.1995,32321
0,0.1995,34385
0,0.1995,68398
0,0.1995,518580
0,0.1995,521189
0,0.1995,522743
0,0.1995,530777
0,0.1995,556574
0,0.1996,10039
0,0.1996,11722
0,0.1996,13560
0,0.1996,13981
0,0.1996,14343
0,0.1996,18536
0,0.1996,28640
0,0.1996,45460
0,0.1996,53050
0,0.1996,56072
0,0.1996,174194
0,0.1996,516097
0,0.1996,519970
0,0.1996,543774
0,0.1996,547655
0,0.1997,10140
0,0.1997,10198
0,0.1997,11262
0,0.1997,11996
0,0.1997,12312
0,0.1997,12425
0,0.1997,13259
0,0.1997,15915
0,0.1997,16366
0,0.1997,17014
0,0.1997,24804
0,0.1997,26419
0,0.1997,30105
0,0.1997,36291
0,0.1997,49777
0,0.1997,84239
0,0.1997,98590
0,0.1997,519869
0,0.1997,914363
0,0.1997,917516
0,0.1998,10169
0,0.1998,10397
0,0.1998,10905
0,0.1998,11143
0,0.1998,11400
0,0.1998,12606
0,0.1998,13283
0,0.1998,13483
0,0.1998,16167
0,0.1998,19828
0,0.1998,20445
0,0.1998,23401
0,0.1998,23743
0,0.1998,26239
0,0.1998,26860
0,0.1998,44995
0,0.1998,49291
0,0.1998,51516
0,0.1998,53863
0,0.1998,61113
0,0.1998,73560
0,0.1998,74523
0,0.1998,520002
0,0.1999,10515
0,0.1999,11244
0,0.1999,11289
0,0.1999,11531
0,0.1999,11620
0,0.1999,11828
0,0.1999,12735
0,0.1999,12934
0,0.1999,16651
0,0.1999,18016
0,0.1999,27569
0,0.1999,29851
0,0.1999,35187
0,0.1999,52220
0,0.1999,53002
0,0.1999,95371
0,0.1999,98455
0,0.1999,108362
0,0.1999,130701
0,0.1999,231412
0,0.1999,532766
0,0.1999,535996
0,0.1999,904395
0,0.2000,11135
0,0.2000,11345
0,0.2000,11469
0,0.2000,11521
0,0.2000,11546
0,0.2000,16600
0,0.2000,18867
0,0.2000,21452
0,0.2000,40685
0,0.2000,46430
0,0.2000,48452
0,0.2000,50929
0,0.2000,52099
0,0.2000,56034
0,0.2000,57888
0,0.2000,68887
0,0.2000,76005
0,0.2000,138586
0,0.2000,267437
0,0.2000,518020
0,0.2000,801088
0,0.2001,10808
0,0.2001,11210
0,0.2001,17052
0,0.2001,21584
0,0.2001,26497
0,0.2001,34914
0,0.2001,123308
0,0.2001,523591
0,0.2001,527410
0,0.2001,804989
0,0.2002,11975
0,0.2002,14202
0,0.2002,16513
0,0.2002,17350
0,0.2002,18015
0,0.2002,18190
0,0.2002,18637
0,0.2002,22338
0,0.2002,23477
0,0.2002,29750
0,0.2002,29826
0,0.2002,39217
0,0.2002,41393
0,0.2002,66207
0,0.2002,158604
0,0.2002,227465
0,0.2002,518153
0,0.2003,10084
0,0.2003,11341
0,0.2003,11992
0,0.2003,12061
0,0.2003,12163
0,0.2003,12354
0,0.2003,13431
0,0.2003,16446
0,0.2003,17107
0,0.2003,19314
0,0.2003,20459
0,0.2003,23970
0,0.2003,37704
0,0.2003,56609
0,0.2003,57502
0,0.2003,63883
0,0.2003,88912
0,0.2003,141834
0,0.2003,183161
0,0.2003,231558
0,0.2003,527357
0,0.2004,11501
0,0.2004,12717
0,0.2004,13384
0,0.2004,15507
0,0.2004,15647
0,0.2004,18854
0,0.2004,40559
0,0.2004,41812
0,0.2004,44377
0,0.2004,46266
0,0.2004,50372
0,0.2004,61908
0,0.2004,67864
0,0.2004,515554
0,0.2004,522827
0,0.2004,905652
0,0.2005,10456
0,0.2005,10463
0,0.2005,11292
0,0.2005,16601
0,0.2005,21772
0,0.2005,23854
0,0.2005,24828
0,0.2005,26642
0,0.2005,32815
0,0.2005,36333
0,0.2005,38051
0,0.2005,109635
0,0.2005,516433
0,0.2005,521437
0,0.2005,527367
0,0.2005,555318
0,0.2005,801171
0,0.2005,903152
0,0.2006,10377
0,0.2006,12653
0,0.2006,18075
0,0.2006,22040
0,0.2006,31348
0,0.2006,32666
0,0.2006,56288
0,0.2006,66206
0,0.2006,79723
0,0.2006,520003
0,0.2006,523649
0,0.2006,532768
0,0.2006,133348431
0,0.2007,10209
0,0.2007,10497
0,0.2007,10593
0,0.2007,11162
0,0.2007,13550
0,0.2007,13684
0,0.2007,14332
0,0.2007,17825
0,0.2007,21267
0,0.2007,24985
0,0.2007,26625
0,0.2007,32872
0,0.2007,53326
0,0.2007,76225
0,0.2007,87178
0,0.2007,93352
0,0.2007,98526
0,0.2007,158604
0,0.2007,516331
0,0.2007,517458
0,0.2007,522891
0,0.2007,524207
0,0.2008,10254
0,0.2008,10835
0,0.2008,11725
0,0.2008,11761
0,0.2008,14722
0,0.2008,16107
0,0.2008,17800
0,0.2008,18332
0,0.2008,19873
0,0.2008,22899
0,0.2008,27627
0,0.2008,57770
0,0.2008,66207
0,0.2008,129758
0,0.2008,514324
0,0.2008,516324
0,0.2008,519132
0,0.2008,524208
0,0.2008,524238
0,0.2009,11229
0,0.2009,12160
0,0.2009,12162
0,0.2009,17156
0,0.2009,17225
0,0.2009,20620
0,0.2009,26060
0,0.2009,38510
0,0.2009,40761
0,0.2009,42221
0,0.2009,42549
0,0.2009,43230
0,0.2009,59618
0,0.2009,64457
0,0.2009,96104
0,0.2009,145016
0,0.2009,522730
0,0.2009,551294
0,0.2009,813400
0,0.2009,904119
0,0.2010,10305
0,0.2010,11162
0,0.2010,11594
0,0.2010,12711
0,0.2010,12929
0,0.2010,13089
0,0.2010,13666
0,0.2010,15353
0,0.2010,15506
0,0.2010,16422
0,0.2010,18575
0,0.2010,18994
0,0.2010,20200
0,0.2010,22105
0,0.2010,23076
0,0.2010,23958
0,0.2010,24315
0,0.2010,30806
0,0.2010,44302
0,0.2010,72913
0,0.2010,78992
0,0.2010,136213
0,0.2010,151762
0,0.2010,522770
0,0.2010,801088
0,0.2011,10096
0,0.2011,10459
0,0.2011,10632
0,0.2011,11092
0,0.2011,11523
0,0.2011,11736
0,0.2011,12259
0,0.2011,12896
0,0.2011,13610
0,0.2011,16460
0,0.2011,16801
0,0.2011,20581
0,0.2011,21115
0,0.2011,23012
0,0.2011,26551
0,0.2011,28159
0,0.2011,33000
0,0.2011,34533
0,0.2011,34591
0,0.2011,37202
0,0.2011,41889
0,0.2011,52794
0,0.2011,69061
0,0.2011,147030
0,0.2011,520759
0,0.2011,521479
0,0.2011,521935
0,0.2011,529665
0,0.2011,564884
0,0.2011,801739
0,0.2011,926518
0,0.2012,10973
0,0.2012,12837
0,0.2012,13725
0,0.2012,13761
0,0.2012,14161
0,0.2012,18841
0,0.2012,20910
0,0.2012,21822
0,0.2012,28588
0,0.2012,31624
0,0.2012,31925
0,0.2012,38916
0,0.2012,99925
0,0.2012,260257
0,0.2012,436612
0,0.2012,518919
0,0.2012,524164
0,0.2012,524284
0,0.2012,564174
0,0.2012,802433
0,0.2013,10650
0,0.2013,11099
0,0.2013,17406
0,0.2013,17540
0,0.2013,18911
0,0.2013,20059
0,0.2013,34717
0,0.2013,34953
0,0.2013,42240
0,0.2013,45187
0,0.2013,72019
0,0.2013,82482
0,0.2013,90874
0,0.2013,95861
0,0.2013,113244
0,0.2013,517359
0,0.2013,521157
0,0.2013,529429
0,0.2013,567978
0,0.2013,801765
0,0.2013,914259
0,0.2014,10297
0,0.2014,11294
0,0.2014,12121
0,0.2014,12309
0,0.2014,15313
0,0.2014,16648
0,0.2014,19579
0,0.2014,20867
0,0.2014,30421
0,0.2014,31117
0,0.2014,31331
0,0.2014,41302
0,0.2014,43500
0,0.2014,43861
0,0.2014,49953
0,0.2014,159400
0,0.2014,183161
0,0.2014,509223
0,0.2014,821509
0,0.2014,902529
0,0.2015,10628
0,0.2015,10942
0,0.2015,11379
0,0.2015,11467
0,0.2015,11603
0,0.2015,12279
0,0.2015,13707
0,0.2015,16993
0,0.2015,21557
0,0.2015,22806
0,0.2015,27379
0,0.2015,27702
0,0.2015,30885
0,0.2015,31291
0,0.2015,32095
0,0.2015,42307
0,0.2015,46096
0,0.2015,48218
0,0.2015,49058
0,0.2015,52544
0,0.2015,60910
0,0.2015,65630
0,0.2015,70487
0,0.2015,75987
0,0.2015,76878
0,0.2015,79950
0,0.2015,91753
0,0.2015,99589
0,0.2015,110372
0,0.2015,521290
0,0.2015,529417
0,0.2015,541683
0,0.2015,542355
0,0.2015,550868
0,0.2015,800135
0,0.2015,804140
0,0.2015,807225
0,0.2016,11829
0,0.2016,12756
0,0.2016,13230
0,0.2016,16276
0,0.2016,23487
0,0.2016,26338
0,0.2016,40001
0,0.2016,43363
0,0.2016,44846
0,0.2016,46188
0,0.2016,61888
0,0.2016,62648
0,0.2016,88538
0,0.2016,98081
0,0.2016,106885
0,0.2016,124404
0,0.2016,517330
0,0.2016,526801
0,0.2017,10133
0,0.2017,11991
0,0.2017,12809
0,0.2017,19743
0,0.2017,20773
0,0.2017,32354
0,0.2017,33919
0,0.2017,34495
0,0.2017,38260
0,0.2017,44858
0,0.2017,72405
0,0.2017,125065
0,0.2017,512485
0,0.2017,519368
0,0.2018,10376
0,0.2018,11744
0,0.2018,12320
0,0.2018,12332
0,0.2018,13821
0,0.2018,14158
0,0.2018,14530
0,0.2018,16188
0,0.2018,16774
0,0.2018,23204
0,0.2018,65448
0,0.2018,67027
0,0.2018,75344
0,0.2018,85916
0,0.2018,104131
0,0.2018,109145
0,0.2018,519572
0,0.2019,10065
0,0.2019,11075
0,0.2019,11176
0,0.2019,11281
0,0.2019,11478
0,0.2019,11993
0,0.2019,12241
0,0.2019,12541
0,0.2019,12603
0,0.2019,13225
0,0.2019,14066
0,0.2019,15183
0,0.2019,18203
0,0.2019,22787
0,0.2019,26515
0,0.2019,30703
0,0.2019,33605
0,0.2019,48530
0,0.2019,59035
0,0.2019,210889
0,0.2019,542754
0,0.2020,10482
0,0.2020,11517
0,0.2020,11837
0,0.2020,11952
0,0.2020,13303
0,0.2020,15541
0,0.2020,15789
0,0.2020,15970
0,0.2020,16005
0,0.2020,16437
0,0.2020,16610
0,0.2020,18678
0,0.2020,20739
0,0.2020,28019
0,0.2020,36844
0,0.2020,38204
0,0.2020,48231
0,0.2020,48833
0,0.2020,49910
0,0.2020,51537
0,0.2020,53326
0,0.2020,105377
0,0.2020,118532
0,0.2020,537100
0,0.2021,11324
0,0.2021,11342
0,0.2021,11922
0,0.2021,12111
0,0.2021,12171
0,0.2021,13315
0,0.2021,19665
0,0.2021,21567
0,0.2021,22224
0,0.2021,34635
0,0.2021,41174
0,0.2021,47932
0,0.2021,50451
0,0.2021,53144
0,0.2021,71494
0,0.2021,96307
0,0.2021,119475
0,0.2021,192978
0,0.2021,514687
0,0.2021,529814
0,0.2021,532655
0,0.2022,10201
0,0.2022,10237
0,0.2022,11359
0,0.2022,11369
0,0.2022,11783
0,0.2022,11870
0,0.2022,12143
0,0.2022,14506
0,0.2022,16141
0,0.2022,17325
0,0.2022,50560
0,0.2022,51865
0,0.2022,53918
0,0.2022,54959
0,0.2022,520934
0,0.2023,10561
0,0.2023,12012
0,0.2023,12338
0,0.2023,13147
0,0.2023,14874
0,0.2023,19921
0,0.2023,22276
0,0.2023,28406
0,0.2023,32890
0,0.2023,35514
0,0.2023,40435
0,0.2023,53849
0,0.2023,79945
0,0.2023,146502
0,0.2023,280660
0,0.2023,339719
0,0.2023,406728
0,0.2023,513945
0,0.2023,515015
0,0.2023,519850
0,0.2023,520916
0,0.2023,527577
0,0.2024,10390
0,0.2024,10540
0,0.2024,11749
0,0.2024,11914
0,0.2024,11956
0,0.2024,12057
0,0.2024,12471
0,0.2024,12778
0,0.2024,13944
0,0.2024,17570
0,0.2024,19768
0,0.2024,19995
0,0.2024,28680
0,0.2024,35121
0,0.2024,36258
0,0.2024,36443
0,0.2024,68856
0,0.2024,74814
0,0.2024,80082
0,0.2024,87584
0,0.2024,103964
0,0.2024,183161
0,0.2024,516322
0,0.2024,516513
0,0.2024,527470
0,0.2024,918582
0,0.2025,10147
0,0.2025,10736
0,0.2025,10977
0,0.2025,12109
0,0.2025,12367
0,0.2025,12561
0,0.2025,14609
0,0.2025,21692
0,0.2025,22243
0,0.2025,24064
0,0.2025,24969
0,0.2025,25786
0,0.2025,29217
0,0.2025,35196
0,0.2025,36743
0,0.2025,38549
0,0.2025,40838
0,0.2025,42495
0,0.2025,42819
0,0.2025,42904
0,0.2025,107071
0,0.2025,127130
0,0.2025,129758
0,0.2025,167190
0,0.2025,520787
0,0.2025,522812
0,0.2025,525105
0,0.2025,903847
0,0.2026,10569
0,0.2026,10831
0,0.2026,12958
0,0.2026,13479
0,0.2026,15729
0,0.2026,21263
0,0.2026,23151
0,0.2026,27614
0,0.2026,31119
0,0.2026,31196
0,0.2026,33411
0,0.2026,72871
0,0.2026,79979
0,0.2026,92909
0,0.2026,110528
0,0.2026,519242
0,0.2027,10331
0,0.2027,10473
0,0.2027,10522
0,0.2027,11355
0,0.2027,11399
0,0.2027,12023
0,0.2027,15184
0,0.2027,18726
0,0.2027,18824
0,0.2027,22569
0,0.2027,26102
0,0.2027,26387
0,0.2027,33987
0,0.2027,49551
0,0.2027,50320
0,0.2027,56390
0,0.2027,59618
0,0.2027,74992
0,0.2027,524990
0,0.2027,530668
0,0.2027,555322
0,0.2027,564884
0,0.2027,800236
0,0.2028,11112
0,0.2028,11788
0,0.2028,12534
0,0.2028,16136
0,0.2028,17244
0,0.2028,20707
0,0.2028,22166
0,0.2028,31166
0,0.2028,71618
0,0.2028,95835
0,0.2028,116133
0,0.2028,183161
0,0.2028,513746
0,0.2028,521158
0,0.2028,521240
0,0.2029,10304
0,0.2029,10408
0,0.2029,10806
0,0.2029,10929
0,0.2029,11817
0,0.2029,12994
0,0.2029,13470
0,0.2029,18730
0,0.2029,24151
0,0.2029,34148
0,0.2029,37147
0,0.2029,72672
0,0.2029,76894
0,0.2029,76932
0,0.2029,88479
0,0.2029,99139
0,0.2029,119612
0,0.2029,251420
0,0.2029,801828
0,0.2030,10134
0,0.2030,10169
0,0.2030,10321
0,0.2030,10470
0,0.2030,10804
0,0.2030,14319
0,0.2030,14666
0,0.2030,16207
0,0.2030,17484
0,0.2030,18165
0,0.2030,18634
0,0.2030,20402
0,0.2030,21132
0,0.2030,21876
0,0.2030,46457
0,0.2030,48477
0,0.2030,49019
0,0.2030,53885
0,0.2030,512796
0,0.2030,530777
0,0.2031,10140
0,0.2031,10429
0,0.2031,10515
0,0.2031,10756
0,0.2031,10996
0,0.2031,11017
0,0.2031,11262
0,0.2031,12371
0,0.2031,13380
0,0.2031,14437
0,0.2031,14661
0,0.2031,14922
0,0.2031,19647
0,0.2031,20688
0,0.2031,24660
0,0.2031,25635
0,0.2031,39054
0,0.2031,45416
0,0.2031,49038
0,0.2031,56888
0,0.2031,79554
0,0.2031,79631
0,0.2031,88470
0,0.2031,88799
0,0.2031,88903
0,0.2031,185726
0,0.2031,520002
0,0.2031,522812
0,0.2031,523060
0,0.2031,523828
0,0.2031,580417
0,0.2032,10126
0,0.2032,10208
0,0.2032,10397
0,0.2032,10402
0,0.2032,10524
0,0.2032,10877
0,0.2032,10905
0,0.2032,11050
0,0.2032,11390
0,0.2032,11400
0,0.2032,11722
0,0.2032,12977
0,0.2032,18016
0,0.2032,19618
0,0.2032,19767
0,0.2032,23401
0,0.2032,26095
0,0.2032,54741
0,0.2032,75029
0,0.2032,86967
0,0.2032,117286
0,0.2032,130279
0,0.2032,148909
0,0.2032,809744
0,0.2033,10604
0,0.2033,11531
0,0.2033,11546
0,0.2033,12231
0,0.2033,14427
0,0.2033,14510
0,0.2033,15662
0,0.2033,16454
0,0.2033,41778
0,0.2033,44587
0,0.2033,54440
0,0.2033,54628
0,0.2033,86608
0,0.2034,11244
0,0.2034,12511
0,0.2034,13209
0,0.2034,13972
0,0.2034,16433
0,0.2034,19845
0,0.2034,20001
0,0.2034,21362
0,0.2034,27128
0,0.2034,27416
0,0.2034,28525
0,0.2034,28622
0,0.2034,29604
0,0.2034,30776
0,0.2034,38043
0,0.2034,43785
0,0.2034,47002
0,0.2034,49376
0,0.2034,75774
0,0.2034,94785
0,0.2034,121384
0,0.2034,123585
0,0.2034,128686
0,0.2034,138586
0,0.2034,156395
0,0.2034,519692
0,0.2034,555966
0,0.2034,555967
0,0.2034,928274
0,0.2035,10342
0,0.2035,11289
0,0.2035,11583
0,0.2035,16434
0,0.2035,16454
0,0.2035,18417
0,0.2035,18875
0,0.2035,20960
0,0.2035,24030
0,0.2035,40568
0,0.2035,43616
0,0.2035,51999
0,0.2035,63981
0,0.2035,69837
0,0.2035,74359
0,0.2035,99721
0,0.2035,142052
0,0.2035,267437
0,0.2035,514291
0,0.2035,514337
0,0.2035,524082
0,0.2035,538094
0,0.2035,800868
0,0.2036,10463
0,0.2036,11608
0,0.2036,11620
0,0.2036,11828
0,0.2036,13571
0,0.2036,16206
0,0.2036,18739
0,0.2036,23003
0,0.2036,38068
0,0.2036,39922
0,0.2036,54959
0,0.2036,515155
0,0.2037,10176
0,0.2037,10530
0,0.2037,10629
0,0.2037,11292
0,0.2037,11556
0,0.2037,11564
0,0.2037,12782
0,0.2037,13194
0,0.2037,13683
0,0.2037,17319
0,0.2037,24941
0,0.2037,61962
0,0.2037,62429
0,0.2037,99080
0,0.2037,138439
0,0.2037,138586
0,0.2037,148493
0,0.2037,247232
0,0.2037,513945
0,0.2037,905652
0,0.2038,10118
0,0.2038,10359
0,0.2038,10472
0,0.2038,10613
0,0.2038,11435
0,0.2038,11558
0,0.2038,13621
0,0.2038,25972
0,0.2038,26766
0,0.2038,38860
0,0.2038,45286
0,0.2038,49225
0,0.2038,49805
0,0.2038,67052
0,0.2038,91123
0,0.2038,116012
0,0.2038,124211
0,0.2038,126345
0,0.2038,521575
0,0.2038,523351
0,0.2038,523591
0,0.2038,905652
0,0.2039,10049
0,0.2039,11345
0,0.2039,11930
0,0.2039,11975
0,0.2039,11992
0,0.2039,12067
0,0.2039,14573
0,0.2039,23477
0,0.2039,59658
0,0.2039,802843
0,0.2040,10378
0,0.2040,10456
0,0.2040,10622
0,0.2040,10767
0,0.2040,11501
0,0.2040,11703
0,0.2040,12354
0,0.2040,13716
0,0.2040,14265
0,0.2040,14391
0,0.2040,17027
0,0.2040,17757
0,0.2040,25332
0,0.2040,27128
0,0.2040,29176
0,0.2040,40350
0,0.2040,63954
0,0.2040,518294
0,0.2040,521108
0,0.2040,529031
0,0.2040,555319
0,0.2040,800157
0,0.2040,802097
0,0.2041,10254
0,0.2041,10262
0,0.2041,10423
0,0.2041,12717
0,0.2041,13356
0,0.2041,13556
0,0.2041,17569
0,0.2041,18937
0,0.2041,23200
0,0.2041,23339
0,0.2041,56966
0,0.2041,63578
0,0.2041,119630
0,0.2041,295280
0,0.2041,518903
0,0.2042,10101
0,0.2042,10653
0,0.2042,10786
0,0.2042,12152
0,0.2042,13027
0,0.2042,18416
0,0.2042,19015
0,0.2042,25476
0,0.2042,28604
0,0.2042,65539
0,0.2042,66047
0,0.2042,93216
0,0.2042,103414
0,0.2042,163811
0,0.2042,521946
0,0.2042,524893
0,0.2042,564824
0,0.2042,801006
0,0.2043,11143
0,0.2043,11308
0,0.2043,11725
0,0.2043,14243
0,0.2043,14381
0,0.2043,14435
0,0.2043,14514
0,0.2043,21709
0,0.2043,23854
0,0.2043,29560
0,0.2043,40409
0,0.2043,147959
0,0.2043,513911
0,0.2043,522812
0,0.2043,524238
0,0.2043,555318
0,0.2043,581332
0,0.2044,14419
0,0.2044,14607
0,0.2044,15905
0,0.2044,15928
0,0.2044,20132
0,0.2044,25166
0,0.2044,26168
0,0.2044,39485
0,0.2044,44147
0,0.2044,46898
0,0.2044,56739
0,0.2044,60292
0,0.2044,138586
0,0.2044,145091
0,0.2044,517164
0,0.2044,533849
0,0.2045,10084
0,0.2045,11327
0,0.2045,11736
0,0.2045,12031
0,0.2045,12186
0,0.2045,18909
0,0.2045,19938
0,0.2045,28691
0,0.2045,33296
0,0.2045,524741
0,0.2045,544258
0,0.2045,555875
0,0.2045,806173
0,0.2046,13375
0,0.2046,16862
0,0.2046,54746
0,0.2046,58975
0,0.2046,109459
0,0.2046,521241
0,0.2046,521771
0,0.2047,10296
0,0.2047,10650
0,0.2047,10942
0,0.2047,11522
0,0.2047,12485
0,0.2047,14343
0,0.2047,16083
0,0.2047,44840
0,0.2047,47515
0,0.2047,68010
0,0.2047,130874
0,0.2047,145635
0,0.2047,551294
0,0.2047,811544
0,0.2047,904868
0,0.2047,905652
0,0.2048,10111
0,0.2048,10209
0,0.2048,11947
0,0.2048,14019
0,0.2048,15133
0,0.2048,17705
0,0.2048,20141
0,0.2048,21332
0,0.2048,24828
0,0.2048,28986
0,0.2048,37732
0,0.2048,53128
0,0.2048,55120
0,0.2048,83341
0,0.2048,519586
0,0.2049,10632
0,0.2049,10670
0,0.2049,26071
0,0.2049,29997
0,0.2049,32835
0,0.2049,37070
0,0.2049,46626
0,0.2049,50927
0,0.2049,69631
0,0.2049,85617
0,0.2049,102171
0,0.2049,221876
0,0.2049,517351
0,0.2049,524968
0,0.2049,529429
0,0.2049,529602
0,0.2049,548589
0,0.2049,904246
0,0.2050,10263
0,0.2050,10305
0,0.2050,11099
0,0.2050,11105
0,0.2050,11379
0,0.2050,11523
0,0.2050,12509
0,0.2050,12571
0,0.2050,14516
0,0.2050,16013
0,0.2050,18049
0,0.2050,20496
0,0.2050,33646
0,0.2050,40001
0,0.2050,50199
0,0.2050,53108
0,0.2050,58140
0,0.2050,63927
0,0.2050,113074
0,0.2050,114223
0,0.2050,514425
0,0.2050,517458
0,0.2050,521935
0,0.2050,524208
0,0.2050,524777
0,0.2050,525065
0,0.2050,530957
0,0.2050,532768
0,0.2050,555969
0,0.2050,915497
0,0.2051,10461
0,0.2051,11056
0,0.2051,11294
0,0.2051,11521
0,0.2051,12965
0,0.2051,13334
0,0.2051,13480
0,0.2051,14685
0,0.2051,18334
0,0.2051,19290
0,0.2051,19828
0,0.2051,20926
0,0.2051,38670
0,0.2051,53383
0,0.2051,210889
0,0.2051,522891
0,0.2051,563873
0,0.2051,356783826
0,0.2052,11030
0,0.2052,11080
0,0.2052,11991
0,0.2052,12037
0,0.2052,12387
0,0.2052,15421
0,0.2052,15517
0,0.2052,38630
0,0.2052,40740
0,0.2052,45470
0,0.2052,45980
0,0.2052,54787
0,0.2052,82960
0,0.2052,87576
0,0.2052,294758
0,0.2052,513846
0,0.2052,521439
0,0.2053,11517
0,0.2053,11837
0,0.2053,13153
0,0.2053,13940
0,0.2053,14802
0,0.2053,19467
0,0.2053,20620
0,0.2053,20823
0,0.2053,22504
0,0.2053,29997
0,0.2053,31775
0,0.2053,34089
0,0.2053,36627
0,0.2053,43312
0,0.2053,58433
0,0.2053,64457
0,0.2053,71719
0,0.2053,76894
0,0.2053,146931
0,0.2054,11478
0,0.2054,11744
0,0.2054,11789
0,0.2054,17722
0,0.2054,18988
0,0.2054,25087
0,0.2054,29196
0,0.2054,44781
0,0.2054,63327
0,0.2055,10039
0,0.2055,11281
0,0.2055,11375
0,0.2055,11603
0,0.2055,11783
0,0.2055,11870
0,0.2055,11993
0,0.2055,12667
0,0.2055,12815
0,0.2055,13232
0,0.2055,13431
0,0.2055,13550
0,0.2055,18828
0,0.2055,20380
0,0.2055,20647
0,0.2055,28803
0,0.2055,30421
0,0.2055,32439
0,0.2055,36149
0,0.2055,42698
0,0.2055,44667
0,0.2055,48178
0,0.2055,66389
0,0.2055,87138
0,0.2055,93854
0,0.2055,97457
0,0.2055,112473
0,0.2055,167190
0,0.2055,195727
0,0.2055,423539
0,0.2055,520787
0,0.2055,532655
0,0.2055,532662
0,0.2055,555312
0,0.2056,10074
0,0.2056,11229
0,0.2056,11359
0,0.2056,11594
0,0.2056,11681
0,0.2056,12338
0,0.2056,12840
0,0.2056,13423
0,0.2056,15209
0,0.2056,16601
0,0.2056,19487
0,0.2056,24841
0,0.2056,26845
0,0.2056,35196
0,0.2056,38652
0,0.2056,111689
0,0.2056,120208
0,0.2056,123543
0,0.2056,130874
0,0.2056,142998
0,0.2056,167235
0,0.2056,168466
0,0.2056,183161
0,0.2056,516097
0,0.2056,527470
0,0.2056,531531
0,0.2057,10074
0,0.2057,10133
0,0.2057,10906
0,0.2057,11761
0,0.2057,11922
0,0.2057,11952
0,0.2057,12111
0,0.2057,12765
0,0.2057,12890
0,0.2057,13981
0,0.2057,15164
0,0.2057,15276
0,0.2057,20581
0,0.2057,22473
0,0.2057,33229
0,0.2057,35758
0,0.2057,44026
0,0.2057,48274
0,0.2057,52962
0,0.2057,53918
0,0.2057,58623
0,0.2057,65103
0,0.2057,103338
0,0.2057,512010
0,0.2057,580793
0,0.2057,903819
0,0.2058,10096
0,0.2058,10891
0,0.2058,11135
0,0.2058,11514
0,0.2058,12929
0,0.2058,14161
0,0.2058,14869
0,0.2058,14985
0,0.2058,16781
0,0.2058,17107
0,0.2058,17325
0,0.2058,18453
0,0.2058,19433
0,0.2058,24502
0,0.2058,30120
0,0.2058,52875
0,0.2058,59950
0,0.2058,73491
0,0.2058,86577
0,0.2058,109271
0,0.2058,130439
0,0.2058,209929
0,0.2058,514426
0,0.2058,518315
0,0.2058,519132
0,0.2058,559217
0,0.2058,800117
0,0.2058,804140
0,0.2059,10141
0,0.2059,10376
0,0.2059,10459
0,0.2059,11342
0,0.2059,11914
0,0.2059,12934
0,0.2059,13767
0,0.2059,19921
0,0.2059,21798
0,0.2059,22977
0,0.2059,23241
0,0.2059,30613
0,0.2059,38024
0,0.2059,49092
0,0.2059,60590
0,0.2059,124690
0,0.2059,148122
0,0.2059,515070
0,0.2059,516400
0,0.2059,524152
0,0.2059,524164
0,0.2059,804989
0,0.2060,10065
0,0.2060,16042
0,0.2060,22243
0,0.2060,22276
0,0.2060,22323
0,0.2060,23517
0,0.2060,28406
0,0.2060,35155
0,0.2060,36031
0,0.2060,40001
0,0.2060,45708
0,0.2060,45796
0,0.2060,54628
0,0.2060,58013
0,0.2060,58496
0,0.2060,59516
0,0.2060,67244
0,0.2060,69854
0,0.2060,71008
0,0.2060,114090
0,0.2060,527410
0,0.2061,10249
0,0.2061,10929
0,0.2061,11141
0,0.2061,11624
0,0.2061,12320
0,0.2061,15507
0,0.2061,16236
0,0.2061,17847
0,0.2061,23132
0,0.2061,29232
0,0.2061,40383
0,0.2061,44587
0,0.2061,52536
0,0.2061,60532
0,0.2061,514424
0,0.2061,516317
0,0.2061,520574
0,0.2061,802999
0,0.2061,118750563
0,0.2062,10140
0,0.2062,10977
0,0.2062,14340
0,0.2062,14360
0,0.2062,18016
0,0.2062,25927
0,0.2062,30021
0,0.2062,33672
0,0.2062,58157
0,0.2062,89782
0,0.2062,114513
0,0.2062,124599
0,0.2062,127894
0,0.2062,167297
0,0.2062,192978
0,0.2062,519041
0,0.2062,527577
0,0.2062,530777
0,0.2062,533589
0,0.2062,535316
0,0.2063,10169
0,0.2063,10515
0,0.2063,11058
0,0.2063,11722
0,0.2063,12351
0,0.2063,12545
0,0.2063,13315
0,0.2063,14430
0,0.2063,16969
0,0.2063,18726
0,0.2063,21267
0,0.2063,21567
0,0.2063,25229
0,0.2063,27151
0,0.2063,49225
0,0.2063,51428
0,0.2063,63645
0,0.2063,67398
0,0.2063,87697
0,0.2063,95665
0,0.2063,99540
0,0.2063,102133
0,0.2063,105217
0,0.2063,147169
0,0.2063,166153
0,0.2063,519970
0,0.2063,520002
0,0.2063,527469
0,0.2063,536845
0,0.2063,807356
0,0.2063,918582
0,0.2064,10540
0,0.2064,10736
0,0.2064,11721
0,0.2064,12168
0,0.2064,12728
0,0.2064,13024
0,0.2064,13664
0,0.2064,17573
0,0.2064,21600
0,0.2064,27073
0,0.2064,27774
0,0.2064,31297
0,0.2064,32482
0,0.2064,33591
0,0.2064,33779
0,0.2064,35420
0,0.2064,36207
0,0.2064,41869
0,0.2064,49255
0,0.2064,50485
0,0.2064,51205
0,0.2064,52465
0,0.2064,53813
0,0.2064,109011
0,0.2064,114594
0,0.2064,524797
0,0.2064,579253
0,0.2064,809744
0,0.2065,10569
0,0.2065,11262
0,0.2065,12061
0,0.2065,13127
0,0.2065,13821
0,0.2065,15864
0,0.2065,20418
0,0.2065,22026
0,0.2065,25655
0,0.2065,26263
0,0.2065,28016
0,0.2065,34676
0,0.2065,35634
0,0.2065,45016
0,0.2065,58009
0,0.2065,58525
0,0.2065,66543
0,0.2065,70171
0,0.2065,107232
0,0.2065,138865
0,0.2065,167190
0,0.2065,518717
0,0.2065,520466
0,0.2065,520475
0,0.2065,521156
0,0.2065,521158
0,0.2065,521437
0,0.2065,800845
0,0.2066,10198
0,0.2066,10808
0,0.2066,12314
0,0.2066,13596
0,0.2066,13666
0,0.2066,20197
0,0.2066,26628
0,0.2066,30525
0,0.2066,30894
0,0.2066,31397
0,0.2066,39674
0,0.2066,39802
0,0.2066,41244
0,0.2066,52564
0,0.2066,56364
0,0.2066,96273
0,0.2066,140776
0,0.2066,171283
0,0.2066,527430
0,0.2067,10473
0,0.2067,11244
0,0.2067,11427
0,0.2067,15746
0,0.2067,15795
0,0.2067,16648
0,0.2067,29231
0,0.2067,34677
0,0.2067,35330
0,0.2067,42311
0,0.2067,46898
0,0.2067,54382
0,0.2067,55542
0,0.2067,63942
0,0.2067,71444
0,0.2067,100914
0,0.2067,520931
0,0.2067,520933
0,0.2067,535279
0,0.2067,544813
0,0.2067,548589
0,0.2067,800162
0,0.2068,10201
0,0.2068,10905
0,0.2068,11400
0,0.2068,11645
0,0.2068,12162
0,0.2068,12241
0,0.2068,13798
0,0.2068,14962
0,0.2068,18075
0,0.2068,20287
0,0.2068,22833
0,0.2068,23401
0,0.2068,24804
0,0.2068,26602
0,0.2068,31345
0,0.2068,43380
0,0.2068,50804
0,0.2068,56207
0,0.2068,57772
0,0.2068,59111
0,0.2068,64457
0,0.2068,71785
0,0.2068,90310
0,0.2068,103338
0,0.2068,119411
0,0.2068,151973
0,0.2068,203048
0,0.2068,227465
0,0.2068,520916
0,0.2068,522828
0,0.2068,534195
0,0.2068,556574
0,0.2069,10356
0,0.2069,10397
0,0.2069,10522
0,0.2069,11289
0,0.2069,11399
0,0.2069,16508
0,0.2069,16636
0,0.2069,22166
0,0.2069,29387
0,0.2069,32880
0,0.2069,39825
0,0.2069,51479
0,0.2069,64795
0,0.2069,69595
0,0.2069,73492
0,0.2069,267437
0,0.2069,512534
0,0.2069,515158
0,0.2069,519242
0,0.2069,532766
0,0.2069,800383
0,0.2070,11546
0,0.2070,11788
0,0.2070,14139
0,0.2070,15183
0,0.2070,16416
0,0.2070,18730
0,0.2070,18994
0,0.2070,19143
0,0.2070,20324
0,0.2070,26762
0,0.2070,43036
0,0.2070,44079
0,0.2070,58779
0,0.2070,72111
0,0.2070,172298
0,0.2070,521438
0,0.2070,532804
0,0.2071,10463
0,0.2071,11531
0,0.2071,13283
0,0.2071,14386
0,0.2071,15431
0,0.2071,17614
0,0.2071,18165
0,0.2071,19873
0,0.2071,20044
0,0.2071,22494
0,0.2071,27614
0,0.2071,32784
0,0.2071,38688
0,0.2071,44995
0,0.2071,54307
0,0.2071,68736
0,0.2071,93314
0,0.2071,107502
0,0.2071,119868
0,0.2071,164635
0,0.2071,227465
0,0.2071,526125
0,0.2071,529445
0,0.2072,10561
0,0.2072,10904
0,0.2072,11620
0,0.2072,12837
0,0.2072,12910
0,0.2072,13198
0,0.2072,15125
0,0.2072,15353
0,0.2072,19767
0,0.2072,21382
0,0.2072,26223
0,0.2072,28631
0,0.2072,35182
0,0.2072,49752
0,0.2072,87308
0,0.2072,93352
0,0.2072,115501
0,0.2072,260257
0,0.2072,262865
0,0.2072,529519
0,0.2072,802751
0,0.2073,10126
0,0.2073,10390
0,0.2073,10702
0,0.2073,10727
0,0.2073,11292
0,0.2073,11691
0,0.2073,11828
0,0.2073,13610
0,0.2073,13886
0,0.2073,19108
0,0.2073,20402
0,0.2073,43216
0,0.2073,65161
0,0.2073,68319
0,0.2073,74190
0,0.2073,96307
0,0.2073,121759
0,0.2073,130279
0,0.2073,130874
0,0.2073,131378
0,0.2073,210889
0,0.2073,512797
0,0.2073,514727
0,0.2073,517024
0,0.2073,518153
0,0.2073,519655
0,0.2073,520003
0,0.2073,522812
0,0.2073,523544
0,0.2074,10313
0,0.2074,11467
0,0.2074,12425
0,0.2074,13018
0,0.2074,15693
0,0.2074,17904
0,0.2074,18466
0,0.2074,37622
0,0.2074,46954
0,0.2074,49945
0,0.2074,87660
0,0.2074,146502
0,0.2074,802781
0,0.2074,902180
0,0.2075,10408
0,0.2075,10524
0,0.2075,10593
0,0.2075,11365
0,0.2075,11402
0,0.2075,11501
0,0.2075,12163
0,0.2075,13804
0,0.2075,13839
0,0.2075,16124
0,0.2075,17817
0,0.2075,21099
0,0.2075,26532
0,0.2075,37891
0,0.2075,91799
0,0.2075,111878
0,0.2075,515161
0,0.2075,521197
0,0.2075,546406
0,0.2076,10208
0,0.2076,10470
0,0.2076,12994
0,0.2076,16188
0,0.2076,17014
0,0.2076,19061
0,0.2076,19746
0,0.2076,27024
0,0.2076,28525
0,0.2076,32250
0,0.2076,32617
0,0.2076,40838
0,0.2076,44472
0,0.2076,49102
0,0.2076,89250
0,0.2076,159400
0,0.2076,520668
0,0.2076,531583
0,0.2077,10429
0,0.2077,10456
0,0.2077,11092
0,0.2077,11341
0,0.2077,12977
0,0.2077,16259
0,0.2077,21166
0,0.2077,27416
0,0.2077,41622
0,0.2077,41787
0,0.2077,53918
0,0.2077,58226
0,0.2077,60837
0,0.2077,73013
0,0.2077,90569
0,0.2078,10216
0,0.2078,10221
0,0.2078,10254
0,0.2078,10716
0,0.2078,11975
0,0.2078,12121
0,0.2078,12312
0,0.2078,14158
0,0.2078,14437
0,0.2078,18840
0,0.2078,22717
0,0.2078,23477
0,0.2078,25951
0,0.2078,26419
0,0.2078,32165
0,0.2078,32824
0,0.2078,69620
0,0.2078,111220
0,0.2078,111512
0,0.2078,457812
0,0.2078,516197
0,0.2078,516317
0,0.2078,527524
0,0.2078,555318
0,0.2078,804989
0,0.2078,814586
0,0.2078,905652
0,0.2079,10134
0,0.2079,10321
0,0.2079,11050
0,0.2079,11992
0,0.2079,12354
0,0.2079,13435
0,0.2079,16422
0,0.2079,16426
0,0.2079,18203
0,0.2079,21637
0,0.2079,23496
0,0.2079,25552
0,0.2079,39569
0,0.2079,40826
0,0.2079,43136
0,0.2079,49570
0,0.2079,60011
0,0.2079,91582
0,0.2079,191334
0,0.2079,514598
0,0.2079,523591
0,0.2079,904868
0,0.2080,10873
0,0.2080,10877
0,0.2080,11390
0,0.2080,11736
0,0.2080,12164
0,0.2080,13684
0,0.2080,14442
0,0.2080,19387
0,0.2080,31348
0,0.2080,37955
0,0.2080,43489
0,0.2080,46486
0,0.2080,47901
0,0.2080,56315
0,0.2080,513419
0,0.2080,519588
0,0.2080,524238
0,0.2081,10074
0,0.2081,10942
0,0.2081,11469
0,0.2081,11725
0,0.2081,12717
0,0.2081,13143
0,0.2081,14339
0,0.2081,17566
0,0.2081,23854
0,0.2081,31100
0,0.2081,40182
0,0.2081,46960
0,0.2081,58836
0,0.2081,140182
0,0.2081,512234
0,0.2081,516162
0,0.2081,516568
0,0.2081,527409
0,0.2081,531708
0,0.2081,545066
0,0.2081,545848
0,0.2081,934840
0,0.2082,10075
0,0.2082,12343
0,0.2082,12896
0,0.2082,19845
0,0.2082,20311
0,0.2082,33165
0,0.2082,34301
0,0.2082,58481
0,0.2082,63046
0,0.2082,97536
0,0.2082,521171
0,0.2082,545288
0,0.2082,564174
0,0.2083,11345
0,0.2083,13386
0,0.2083,15992
0,0.2083,31733
0,0.2083,63901
0,0.2083,80717
0,0.2083,128455
0,0.2083,176320
0,0.2084,11930
0,0.2084,12109
0,0.2084,13760
0,0.2084,18332
0,0.2084,19333
0,0.2084,29166
0,0.2084,34464
0,0.2084,34725
0,0.2084,40733
0,0.2084,56353
0,0.2084,61941
0,0.2084,68692
0,0.2084,78067
0,0.2084,85916
0,0.2084,95255
0,0.2084,96104
0,0.2084,105550
0,0.2084,114510
0,0.2084,119212
0,0.2084,121759
0,0.2084,134783
0,0.2084,147169
0,0.2084,247232
0,0.2084,513630
0,0.2084,529429
0,0.2084,800206
0,0.2084,800490
0,0.2085,10050
0,0.2085,10299
0,0.2085,10632
0,0.2085,11409
0,0.2085,11523
0,0.2085,12460
0,0.2085,12761
0,0.2085,13064
0,0.2085,13621
0,0.2085,17342
0,0.2085,21242
0,0.2085,37951
0,0.2085,41754
0,0.2085,45451
0,0.2085,52641
0,0.2085,519850
0,0.2085,525105
0,0.2086,11099
0,0.2086,11379
0,0.2086,11583
0,0.2086,13716
0,0.2086,14530
0,0.2086,16107
0,0.2086,21889
0,0.2086,23533
0,0.2086,28293
0,0.2086,37342
0,0.2086,42539
0,0.2086,46182
0,0.2086,47922
0,0.2086,48056
0,0.2086,48530
0,0.2086,51401
0,0.2086,57179
0,0.2086,59932
0,0.2086,63798
0,0.2086,78114
0,0.2086,85147
0,0.2086,90874
0,0.2086,116289
0,0.2086,132166
0,0.2086,516780
0,0.2086,521935
0,0.2086,523828
0,0.2086,529665
0,0.2086,807225
0,0.2087,10756
0,0.2087,11606
0,0.2087,12171
0,0.2087,14665
0,0.2087,14897
0,0.2087,18854
0,0.2087,20200
0,0.2087,71039
0,0.2087,87245
0,0.2087,512745
0,0.2087,515069
0,0.2087,527357
0,0.2087,532800
0,0.2088,10209
0,0.2088,10262
0,0.2088,10704
0,0.2088,10719
0,0.2088,12050
0,0.2088,13172
0,0.2088,15662
0,0.2088,26129
0,0.2088,36062
0,0.2088,44667
0,0.2088,46617
0,0.2088,73560
0,0.2088,75689
0,0.2088,80093
0,0.2088,121593
0,0.2088,517532
0,0.2089,10084
0,0.2089,10118
0,0.2089,10218
0,0.2089,10423
0,0.2089,10530
0,0.2089,10564
0,0.2089,10996
0,0.2089,11143
0,0.2089,11478
0,0.2089,11744
0,0.2089,13230
0,0.2089,17540
0,0.2089,18637
0,0.2089,20910
0,0.2089,36844
0,0.2089,38805
0,0.2089,42074
0,0.2089,46154
0,0.2089,62771
0,0.2089,63645
0,0.2089,98526
0,0.2089,127658
0,0.2089,146273
0,0.2089,509223
0,0.2089,519869
0,0.2089,531061
0,0.2089,555712
0,0.2090,11072
0,0.2090,11281
0,0.2090,11829
0,0.2090,11993
0,0.2090,14066
0,0.2090,14874
0,0.2090,20445
0,0.2090,22705
0,0.2090,24067
0,0.2090,27379
0,0.2090,29156
0,0.2090,34084
0,0.2090,35798
0,0.2090,40542
0,0.2090,46096
0,0.2090,48521
0,0.2090,55306
0,0.2090,58586
0,0.2090,59618
0,0.2090,66954
0,0.2090,93352
0,0.2090,110773
0,0.2090,117427
0,0.2090,122982
0,0.2090,516322
0,0.2090,531768
0,0.2090,810889
0,0.2091,11283
0,0.2091,12541
0,0.2091,13728
0,0.2091,20459
0,0.2091,31247
0,0.2091,36839
0,0.2091,42997
0,0.2091,55990
0,0.2091,57401
0,0.2091,58845
0,0.2091,136415
0,0.2091,148337
0,0.2091,816543
0,0.2092,10035
0,0.2092,11174
0,0.2092,11556
0,0.2092,11722
0,0.2092,11837
0,0.2092,11922
0,0.2092,12111
0,0.2092,12654
0,0.2092,13095
0,0.2092,13613
0,0.2092,13998
0,0.2092,14925
0,0.2092,16649
0,0.2092,16724
0,0.2092,18108
0,0.2092,18713
0,0.2092,20995
0,0.2092,22787
0,0.2092,24828
0,0.2092,26813
0,0.2092,30992
0,0.2092,31117
0,0.2092,38060
0,0.2092,54803
0,0.2092,65609
0,0.2092,68379
0,0.2092,97536
0,0.2092,161534
0,0.2092,524208
0,0.2093,10973
0,0.2093,11991
0,0.2093,13768
0,0.2093,15920
0,0.2093,21505
0,0.2093,43179
0,0.2093,59518
0,0.2093,62913
0,0.2093,80123
0,0.2093,113958
0,0.2093,512883
0,0.2093,514318
0,0.2093,515266
0,0.2093,518580
0,0.2093,551294
0,0.2094,10140
0,0.2094,10305
0,0.2094,10650
0,0.2094,11294
0,0.2094,11471
0,0.2094,11783
0,0.2094,11870
0,0.2094,12338
0,0.2094,13479
0,0.2094,15547
0,0.2094,18695
0,0.2094,24713
0,0.2094,24979
0,0.2094,26020
0,0.2094,29612
0,0.2094,41571
0,0.2094,41840
0,0.2094,76958
0,0.2094,129758
0,0.2094,140474
0,0.2094,260257
0,0.2094,514230
0,0.2094,517330
0,0.2094,517359
0,0.2094,520787
0,0.2094,532655
0,0.2094,532768
0,0.2095,10929
0,0.2095,12647
0,0.2095,12715
0,0.2095,14959
0,0.2095,16141
0,0.2095,19267
0,0.2095,29750
0,0.2095,29826
0,0.2095,36577
0,0.2095,39491
0,0.2095,56083
0,0.2095,71418
0,0.2095,72672
0,0.2095,73963
0,0.2095,76272
0,0.2095,84638
0,0.2095,517458
0,0.2095,536171
0,0.2095,801666
0,0.2095,805313
0,0.2095,808740
0,0.2096,11603
0,0.2096,14750
0,0.2096,16136
0,0.2096,21332
0,0.2096,26485
0,0.2096,29764
0,0.2096,48056
0,0.2096,59086
0,0.2096,74912
0,0.2096,94994
0,0.2096,127658
0,0.2096,436612
0,0.2096,520002
0,0.2096,530777
0,0.2096,800898
0,0.2097,10074
0,0.2097,10096
0,0.2097,10459
0,0.2097,10806
0,0.2097,10835
0,0.2097,10867
0,0.2097,11342
0,0.2097,11359
0,0.2097,11741
0,0.2097,18824
0,0.2097,21338
0,0.2097,24442
0,0.2097,29090
0,0.2097,47617
0,0.2097,68031
0,0.2097,142998
0,0.2097,527470
0,0.2097,801319
0,0.2097,803420
0,0.2097,811544
0,0.2097,917516
0,0.2098,10169
0,0.2098,11517
0,0.2098,11847
0,0.2098,13194
0,0.2098,16526
0,0.2098,17325
0,0.2098,18016
0,0.2098,20581
0,0.2098,38204
0,0.2098,44377
0,0.2098,45045
0,0.2098,72672
0,0.2098,76894
0,0.2098,153948
0,0.2098,516317
0,0.2098,581341
0,0.2099,11262
0,0.2099,11914
0,0.2099,12057
0,0.2099,12309
0,0.2099,13379
0,0.2099,14343
0,0.2099,15647
0,0.2099,17484
0,0.2099,17650
0,0.2099,18834
0,0.2099,19921
0,0.2099,22243
0,0.2099,26953
0,0.2099,35196
0,0.2099,38185
0,0.2099,43847
0,0.2099,44587
0,0.2099,57932
0,0.2099,77609
0,0.2099,77631
0,0.2099,118507
0,0.2099,146502
0,0.2099,514009
0,0.2099,521086
0,0.2099,547655
0,0.2099,548753
0,0.2100,10378
0,0.2100,10515
0,0.2100,11244
0,0.2100,11546
0,0.2100,12012
0,0.2100,13384
0,0.2100,14319
0,0.2100,15005
0,0.2100,16993
0,0.2100,18536
0,0.2100,21567
0,0.2100,23012
0,0.2100,25338
0,0.2100,27775
0,0.2100,30421
0,0.2100,53416
0,0.2100,77967
0,0.2100,83835
0,0.2100,129758
0,0.2100,515096
0,0.2100,524207
0,0.2100,543483
0,0.2100,800088
0,0.2100,809744
0,0.2101,10176
0,0.2101,11355
0,0.2101,11521
0,0.2101,11594
0,0.2101,11749
0,0.2101,12023
0,0.2101,14573
0,0.2101,14667
0,0.2101,18262
0,0.2101,20168
0,0.2101,26292
0,0.2101,33047
0,0.2101,37399
0,0.2101,72871
0,0.2101,87245
0,0.2101,134883
0,0.2101,155312
0,0.2101,524990
0,0.2101,536845
0,0.2102,10376
0,0.2102,10767
0,0.2102,10905
0,0.2102,11400
0,0.2102,11952
0,0.2102,16460
0,0.2102,16532
0,0.2102,18049
0,0.2102,19828
0,0.2102,20739
0,0.2102,22276
0,0.2102,26766
0,0.2102,28406
0,0.2102,32958
0,0.2102,58738
0,0.2102,62429
0,0.2102,76504
0,0.2102,107083
0,0.2102,192978
0,0.2102,543264
0,0.2102,548589
0,0.2103,10133
0,0.2103,10201
0,0.2103,10399
0,0.2103,12320
0,0.2103,12958
0,0.2103,14895
0,0.2103,15361
0,0.2103,15961
0,0.2103,17310
0,0.2103,20001
0,0.2103,20620
0,0.2103,23401
0,0.2103,25963
0,0.2103,26130
0,0.2103,50017
0,0.2103,105377
0,0.2103,127577
0,0.2103,520928
0,0.2104,10397
0,0.2104,10463
0,0.2104,10977
0,0.2104,11289
0,0.2104,12367
0,0.2104,12756
0,0.2104,13483
0,0.2104,17406
0,0.2104,18179
0,0.2104,18726
0,0.2104,19183
0,0.2104,21397
0,0.2104,21860
0,0.2104,26102
0,0.2104,27319
0,0.2104,38573
0,0.2104,45311
0,0.2104,88490
0,0.2104,118043
0,0.2104,119144
0,0.2104,520932
0,0.2104,521157
0,0.2104,521158
0,0.2104,522377
0,0.2104,529031
0,0.2104,801530
0,0.2104,918582
0,0.2105,10039
0,0.2105,10065
0,0.2105,10294
0,0.2105,11187
0,0.2105,11531
0,0.2105,12711
0,0.2105,12929
0,0.2105,16513
0,0.2105,18884
0,0.2105,19665
0,0.2105,25439
0,0.2105,31426
0,0.2105,46693
0,0.2105,69520
0,0.2105,89067
0,0.2105,99858
0,0.2105,524164
0,0.2106,10786
0,0.2106,11292
0,0.2106,11780
0,0.2106,13027
0,0.2106,14161
0,0.2106,14391
0,0.2106,16005
0,0.2106,16715
0,0.2106,21098
0,0.2106,22417
0,0.2106,27893
0,0.2106,38022
0,0.2106,43183
0,0.2106,44000
0,0.2106,115664
0,0.2106,267437
0,0.2106,512796
0,0.2106,525958
0,0.2106,807356
0,0.2107,10033
0,0.2107,10359
0,0.2107,10661
0,0.2107,11324
0,0.2107,11620
0,0.2107,11828
0,0.2107,13315
0,0.2107,16029
0,0.2107,16281
0,0.2107,16524
0,0.2107,17800
0,0.2107,18730
0,0.2107,22166
0,0.2107,37596
0,0.2107,100973
0,0.2107,195277
0,0.2107,517982
0,0.2108,10486
0,0.2108,10540
0,0.2108,11501
0,0.2108,11900
0,0.2108,12511
0,0.2108,12782
0,0.2108,13550
0,0.2108,14666
0,0.2108,15970
0,0.2108,17076
0,0.2108,18084
0,0.2108,20503
0,0.2108,20960
0,0.2108,50677
0,0.2108,57542
0,0.2108,59329
0,0.2108,63394
0,0.2108,63883
0,0.2108,68000
0,0.2108,97536
0,0.2108,103750
0,0.2108,514688
0,0.2108,515157
0,0.2108,527577
0,0.2108,800373
0,0.2108,133348431
0,0.2109,10456
0,0.2109,13345
0,0.2109,18798
0,0.2109,19767
0,0.2109,22040
0,0.2109,23743
0,0.2109,26305
0,0.2109,27274
0,0.2109,37552
0,0.2109,45563
0,0.2109,51330
0,0.2109,90310
0,0.2109,111803
0,0.2109,519692
0,0.2109,903429
0,0.2110,10254
0,0.2110,10264
0,0.2110,10736
0,0.2110,12122
0,0.2110,14661
0,0.2110,28584
0,0.2110,39054
0,0.2110,41598
0,0.2110,46096
0,0.2110,59618
0,0.2110,65986
0,0.2110,80380
0,0.2110,90874
0,0.2110,103824
0,0.2110,128686
0,0.2110,512217
0,0.2110,522891
0,0.2110,536992
0,0.2110,564824
0,0.2110,803582
0,0.2111,10473
0,0.2111,11229
0,0.2111,11608
0,0.2111,12454
0,0.2111,13821
0,0.2111,18634
0,0.2111,21756
0,0.2111,23076
0,0.2111,28086
0,0.2111,34907
0,0.2111,36146
0,0.2111,41378
0,0.2111,44741
0,0.2111,60253
0,0.2111,93389
0,0.2111,104866
0,0.2111,107386
0,0.2111,137802
0,0.2111,155294
0,0.2111,520393
0,0.2112,10569
0,0.2112,10942
0,0.2112,12332
0,0.2112,13221
0,0.2112,13431
0,0.2112,13737
0,0.2112,16207
0,0.2112,18165
0,0.2112,20402
0,0.2112,29176
0,0.2112,31934
0,0.2112,37961
0,0.2112,39922
0,0.2112,43717
0,0.2112,48056
0,0.2112,57978
0,0.2112,72572
0,0.2112,111345
0,0.2112,195727
0,0.2112,517723
0,0.2112,802383
0,0.2112,918902
0,0.2113,10628
0,0.2113,10629
0,0.2113,11736
0,0.2113,11761
0,0.2113,12037
0,0.2113,12985
0,0.2113,13375
0,0.2113,16706
0,0.2113,18939
0,0.2113,19579
0,0.2113,19792
0,0.2113,20397
0,0.2113,21790
0,0.2113,23204
0,0.2113,24394
0,0.2113,26551
0,0.2113,29144
0,0.2113,29590
0,0.2113,30343
0,0.2113,54383
0,0.2113,55374
0,0.2113,63336
0,0.2113,63508
0,0.2113,67052
0,0.2113,83381
0,0.2113,513828
0,0.2113,516097
0,0.2113,519242
0,0.2113,521011
0,0.2114,10613
0,0.2114,11399
0,0.2114,11788
0,0.2114,11992
0,0.2114,12354
0,0.2114,12732
0,0.2114,13724
0,0.2114,15118
0,0.2114,23477
0,0.2114,29420
0,0.2114,33130
0,0.2114,45643
0,0.2114,49903
0,0.2114,61425
0,0.2114,65486
0,0.2114,93786
0,0.2114,98526
0,0.2114,158604
0,0.2114,516433
0,0.2114,520007
0,0.2114,520916
0,0.2114,524238
0,0.2114,530781
0,0.2114,544258
0,0.2114,914363
0,0.2115,10126
0,0.2115,10522
0,0.2115,11112
0,0.2115,11725
0,0.2115,11816
0,0.2115,11975
0,0.2115,12152
0,0.2115,14192
0,0.2115,14243
0,0.2115,17107
0,0.2115,28086
0,0.2115,28899
0,0.2115,31206
0,0.2115,31376
0,0.2115,35927
0,0.2115,47631
0,0.2115,52570
0,0.2115,69089
0,0.2115,82482
0,0.2115,110689
0,0.2115,183161
0,0.2115,513945
0,0.2115,523591
0,0.2115,555318
0,0.2115,562451
0,0.2115,814586
0,0.2116,10472
0,0.2116,16601
0,0.2116,22105
0,0.2116,25039
0,0.2116,33248
0,0.2116,48739
0,0.2116,55874
0,0.2116,56991
0,0.2116,58053
0,0.2116,67398
0,0.2116,210889
0,0.2116,521575
0,0.2116,523351
0,0.2117,11105
0,0.2117,11215
0,0.2117,12351
0,0.2117,12735
0,0.2117,12787
0,0.2117,13177
0,0.2117,15313
0,0.2117,17027
0,0.2117,19949
0,0.2117,23854
0,0.2117,27614
0,0.2117,33922
0,0.2117,42495
0,0.2117,47161
0,0.2117,47909
0,0.2117,63411
0,0.2117,80051
0,0.2117,92866
0,0.2117,526634
0,0.2117,526801
0,0.2117,800551
0,0.2117,904868
0,0.2118,10461
0,0.2118,12994
0,0.2118,13153
0,0.2118,15183
0,0.2118,17225
0,0.2118,25288
0,0.2118,31291
0,0.2118,32815
0,0.2118,40664
0,0.2118,41551
0,0.2118,50497
0,0.2118,58157
0,0.2118,62648
0,0.2118,114209
0,0.2119,10285
0,0.2119,10524
0,0.2119,10670
0,0.2119,12471
0,0.2119,12934
0,0.2119,13470
0,0.2119,13725
0,0.2119,15244
0,0.2119,15517
0,0.2119,15823
0,0.2119,18044
0,0.2119,20915
0,0.2119,26387
0,0.2119,26423
0,0.2119,28525
0,0.2119,29997
0,0.2119,31925
0,0.2119,38821
0,0.2119,78095
0,0.2119,86985
0,0.2119,97536
0,0.2119,103964
0,0.2119,123775
0,0.2119,123894
0,0.2119,130279
0,0.2119,529429
0,0.2119,800207
0,0.2120,10208
0,0.2120,12160
0,0.2120,12717
0,0.2120,12977
0,0.2120,13303
0,0.2120,13334
0,0.2120,13582
0,0.2120,13685
0,0.2120,16434
0,0.2120,16648
0,0.2120,17569
0,0.2120,21132
0,0.2120,22338
0,0.2120,26515
0,0.2120,30914
0,0.2120,33502
0,0.2120,38262
0,0.2120,51350
0,0.2120,55850
0,0.2120,61605
0,0.2120,76486
0,0.2120,84551
0,0.2120,91582
0,0.2120,513418
0,0.2120,809744
0,0.2121,10297
0,0.2121,10321
0,0.2121,10408
0,0.2121,10470
0,0.2121,10632
0,0.2121,11050
0,0.2121,11703
0,0.2121,15507
0,0.2121,21267
0,0.2121,26071
0,0.2121,29217
0,0.2121,52099
0,0.2121,59618
0,0.2121,59771
0,0.2121,73508
0,0.2121,117660
0,0.2121,125574
0,0.2121,129287
0,0.2121,173968
0,0.2121,583848
0,0.2122,11030
0,0.2122,11099
0,0.2122,11345
0,0.2122,11523
0,0.2122,12653
0,0.2122,13666
0,0.2122,14019
0,0.2122,16433
0,0.2122,19305
0,0.2122,19953
0,0.2122,28640
0,0.2122,30539
0,0.2122,38110
0,0.2122,46670
0,0.2122,51603
0,0.2122,79554
0,0.2122,135948
0,0.2122,521935
0,0.2122,523490
0,0.2122,801088
0,0.2123,10134
0,0.2123,10429
0,0.2123,10943
0,0.2123,11478
0,0.2123,11744
0,0.2123,12241
0,0.2123,16610
0,0.2123,17319
0,0.2123,18867
0,0.2123,27416
0,0.2123,36291
0,0.2123,39719
0,0.2123,46393
0,0.2123,50372
0,0.2123,51391
0,0.2123,53334
0,0.2123,67789
0,0.2123,73279
0,0.2123,135948
0,0.2123,452352
0,0.2123,904587
0,0.2123,905147
0,0.2123,926518
0,0.2124,10808
0,0.2124,10877
0,0.2124,10904
0,0.2124,11135
0,0.2124,12765
0,0.2124,35514
0,0.2124,36743
0,0.2124,37336
0,0.2124,38819
0,0.2124,43546
0,0.2124,46888
0,0.2124,53320
0,0.2124,53655
0,0.2124,58939
0,0.2124,87178
0,0.2124,107105
0,0.2124,119630
0,0.2124,159782
0,0.2124,163045
0,0.2124,247232
0,0.2124,511775
0,0.2124,521290
0,0.2124,532811
0,0.2124,541635
0,0.2124,555966
0,0.2124,905652
0,0.2125,10390
0,0.2125,10561
0,0.2125,11281
0,0.2125,11722
0,0.2125,13571
0,0.2125,15117
0,0.2125,24626
0,0.2125,25166
0,0.2125,28019
0,0.2125,47932
0,0.2125,57675
0,0.2125,90364
0,0.2125,102041
0,0.2125,511807
0,0.2125,517338
0,0.2125,527410
0,0.2125,555322
0,0.2125,800949
0,0.2125,801246
0,0.2125,908572
0,0.2125,943251
0,0.2126,10140
0,0.2126,11379
0,0.2126,11411
0,0.2126,11930
0,0.2126,12387
0,0.2126,18989
0,0.2126,19508
0,0.2126,28855
0,0.2126,38333
0,0.2126,39146
0,0.2126,53089
0,0.2126,80093
0,0.2126,119949
0,0.2126,122956
0,0.2126,133908
0,0.2126,145016
0,0.2126,515549
0,0.2126,519660
0,0.2126,522812
0,0.2126,555967
0,0.2126,801079
0,0.2126,804596
0,0.2127,10111
0,0.2127,11390
0,0.2127,11783
0,0.2127,11837
0,0.2127,11870
0,0.2127,12061
0,0.2127,12340
0,0.2127,12509
0,0.2127,12705
0,0.2127,13356
0,0.2127,18776
0,0.2127,18904
0,0.2127,21772
0,0.2127,22665
0,0.2127,22806
0,0.2127,34761
0,0.2127,68997
0,0.2127,80951
0,0.2127,96213
0,0.2127,104131
0,0.2127,513583
0,0.2127,521437
0,0.2127,563873
0,0.2127,801280
0,0.2127,813400
0,0.2127,911658
0,0.2128,10402
0,0.2128,10929
0,0.2128,11922
0,0.2128,11993
0,0.2128,12111
0,0.2128,13621
0,0.2128,14609
0,0.2128,16083
0,0.2128,16437
0,0.2128,20688
0,0.2128,24866
0,0.2128,33340
0,0.2128,35731
0,0.2128,52402
0,0.2128,128686
0,0.2128,142998
0,0.2128,154649
0,0.2128,530777
0,0.2128,532655
0,0.2128,909181
0,0.2129,10084
0,0.2129,10236
0,0.2129,11504
0,0.2129,12338
0,0.2129,12773
0,0.2129,13259
0,0.2129,14427
0,0.2129,15353
0,0.2129,16054
0,0.2129,18075
0,0.2129,18994
0,0.2129,24306
0,0.2129,45513
0,0.2129,56072
0,0.2129,68701
0,0.2129,70509
0,0.2129,72945
0,0.2129,519132
0,0.2129,520002
0,0.2129,520466
0,0.2129,532766
0,0.2130,10198
0,0.2130,10209
0,0.2130,11162
0,0.2130,12671
0,0.2130,13312
0,0.2130,13716
0,0.2130,13940
0,0.2130,13981
0,0.2130,27702
0,0.2130,37147
0,0.2130,47019
0,0.2130,128686
0,0.2130,520787
0,0.2130,539787
0,0.2130,801252
0,0.2130,801828
0,0.2130,803228
0,0.2130,816543
0,0.2131,10169
0,0.2131,11991
0,0.2131,12965
0,0.2131,14437
0,0.2131,16188
0,0.2131,18203
0,0.2131,22224
0,0.2131,24407
0,0.2131,49174
0,0.2131,52616
0,0.2131,83289
0,0.2131,140278
0,0.2131,159277
0,0.2131,519970
0,0.2131,580814
0,0.2132,10262
0,0.2132,10650
0,0.2132,11342
0,0.2132,11603
0,0.2132,12259
0,0.2132,19873
0,0.2132,22852
0,0.2132,25786
0,0.2132,33405
0,0.2132,37584
0,0.2132,42373
0,0.2132,46898
0,0.2132,58166
0,0.2132,80484
0,0.2132,119868
0,0.2132,121384
0,0.2132,122835
0,0.2132,513945
0,0.2132,518294
0,0.2132,519585
0,0.2132,520003
0,0.2132,548589
0,0.2133,11262
0,0.2133,11294
0,0.2133,12840
0,0.2133,13358
0,0.2133,16013
0,0.2133,18016
0,0.2133,20278
0,0.2133,22473
0,0.2133,24804
0,0.2133,24828
0,0.2133,30806
0,0.2133,31196
0,0.2133,44377
0,0.2133,44995
0,0.2133,49754
0,0.2133,57888
0,0.2133,60346
0,0.2133,73249
0,0.2133,86553
0,0.2133,543774
0,0.2133,551294
0,0.2133,555969
0,0.2133,801835
0,0.2133,802951
0,0.2133,902874
0,0.2134,10097
0,0.2134,10515
0,0.2134,11244
0,0.2134,11514
0,0.2134,11525
0,0.2134,11583
0,0.2134,11914
0,0.2134,14506
0,0.2134,24502
0,0.2134,26845
0,0.2134,155659
0,0.2134,201474
0,0.2134,513911
0,0.2134,514764
0,0.2134,521297
0,0.2134,527358
0,0.2134,531246
0,0.2134,564884
0,0.2134,579253
0,0.2134,821509
0,0.2135,10147
0,0.2135,10201
0,0.2135,10653
0,0.2135,11477
0,0.2135,12837
0,0.2135,14722
0,0.2135,14802
0,0.2135,14821
0,0.2135,19845
0,0.2135,21567
0,0.2135,26239
0,0.2135,26497
0,0.2135,26602
0,0.2135,30611
0,0.2135,33501
0,0.2135,40838
0,0.2135,53002
0,0.2136,10026
0,0.2136,10305
0,0.2136,10423
0,0.2136,11546
0,0.2136,11624
0,0.2136,12371
0,0.2136,13610
0,0.2136,13664
0,0.2136,19743
0,0.2136,24841
0,0.2136,25823
0,0.2136,104131
0,0.2136,135948
0,0.2136,524208
0,0.2136,556574
0,0.2136,800868
0,0.2137,10118
0,0.2137,10530
0,0.2137,10774
0,0.2137,11143
0,0.2137,12162
0,0.2137,14985
0,0.2137,21851
0,0.2137,22917
0,0.2137,23212
0,0.2137,32354
0,0.2137,32862
0,0.2137,39893
0,0.2137,46748
0,0.2137,68887
0,0.2137,80484
0,0.2137,90310
0,0.2137,96104
0,0.2137,260257
0,0.2137,514696
0,0.2137,800030
0,0.2137,800184
0,0.2137,800696
0,0.2137,800743
0,0.2138,10263
0,0.2138,10296
0,0.2138,10518
0,0.2138,11359
0,0.2138,12815
0,0.2138,16616
0,0.2138,38510
0,0.2138,66389
0,0.2138,85916
0,0.2138,144897
0,0.2138,192978
0,0.2138,801189
0,0.2138,810889
0,0.2138,918582
0,0.2139,13225
0,0.2139,15662
0,0.2139,25476
0,0.2139,26223
0,0.2139,26625
0,0.2139,28588
0,0.2139,36351
0,0.2139,40376
0,0.2139,41801
0,0.2139,50389
0,0.2139,52235
0,0.2139,75987
0,0.2139,76493
0,0.2139,97457
0,0.2139,99528
0,0.2139,122835
0,0.2139,509223
0,0.2139,513565
0,0.2139,517458
0,0.2139,533469
0,0.2139,819835
0,0.2140,10463
0,0.2140,11211
0,0.2140,11289
0,0.2140,11467
0,0.2140,11501
0,0.2140,11566
0,0.2140,12121
0,0.2140,13556
0,0.2140,14514
0,0.2140,15688
0,0.2140,17325
0,0.2140,19921
0,0.2140,22243
0,0.2140,24352
0,0.2140,32247
0,0.2140,33646
0,0.2140,36026
0,0.2140,43652
0,0.2140,60172
0,0.2140,100441
0,0.2140,148213
0,0.2140,514687
0,0.2140,519842
0,0.2140,521439
0,0.2140,524732
0,0.2140,530791
0,0.2140,532768
0,0.2140,807225
0,0.2141,10313
0,0.2141,10482
0,0.2141,10905
0,0.2141,11400
0,0.2141,11402
0,0.2141,11556
0,0.2141,11620
0,0.2141,11828
0,0.2141,12320
0,0.2141,16167
0,0.2141,16416
0,0.2141,20141
0,0.2141,22276
0,0.2141,23132
0,0.2141,23241
0,0.2141,27756
0,0.2141,29272
0,0.2141,32482
0,0.2141,37732
0,0.2141,37902
0,0.2141,43785
0,0.2141,46409
0,0.2141,56774
0,0.2141,75987
0,0.2141,99080
0,0.2141,128866
0,0.2141,514425
0,0.2141,523019
0,0.2141,523828
0,0.2141,807356
0,0.2141,904036
0,0.2142,10593
0,0.2142,10678
0,0.2142,11082
0,0.2142,11092
0,0.2142,11292
0,0.2142,11521
0,0.2142,11531
0,0.2142,11817
0,0.2142,13947
0,0.2142,14493
0,0.2142,20581
0,0.2142,23200
0,0.2142,23401
0,0.2142,24315
0,0.2142,28406
0,0.2142,28803
0,0.2142,29560
0,0.2142,34385
0,0.2142,35196
0,0.2142,41869
0,0.2142,46430
0,0.2142,62314
0,0.2142,72945
0,0.2142,74436
0,0.2142,87802
0,0.2142,185726
0,0.2142,197895
0,0.2142,519693
0,0.2142,521158
0,0.2142,522811
0,0.2142,522828
0,0.2142,525105
0,0.2142,800892
0,0.2143,10135
0,0.2143,10397
0,0.2143,11210
0,0.2143,11996
0,0.2143,13283
0,0.2143,15164
0,0.2143,15753
0,0.2143,18726
0,0.2143,18730
0,0.2143,21798
0,0.2143,26168
0,0.2143,39257
0,0.2143,183161
0,0.2143,514424
0,0.2143,515642
0,0.2143,534428
0,0.2143,545288
0,0.2144,10133
0,0.2144,10756
0,0.2144,10906
0,0.2144,11080
0,0.2144,11517
0,0.2144,11594
0,0.2144,12109
0,0.2144,12284
0,0.2144,12603
0,0.2144,13944
0,0.2144,16366
0,0.2144,18417
0,0.2144,22166
0,0.2144,24985
0,0.2144,26258
0,0.2144,40187
0,0.2144,46172
0,0.2144,67721
0,0.2144,68790
0,0.2144,70248
0,0.2144,118845
0,0.2144,124790
0,0.2144,138447
0,0.2144,147959
0,0.2144,519584
0,0.2144,522812
0,0.2145,10096
0,0.2145,10881
0,0.2145,11058
0,0.2145,13089
0,0.2145,13147
0,0.2145,15897
0,0.2145,16600
0,0.2145,17570
0,0.2145,18043
0,0.2145,26977
0,0.2145,29088
0,0.2145,30421
0,0.2145,32182
0,0.2145,38271
0,0.2145,53849
0,0.2145,61272
0,0.2145,65932
0,0.2145,77313
0,0.2145,97536
0,0.2145,115234
0,0.2145,116012
0,0.2145,523060
0,0.2145,801534
0,0.2145,801736
0,0.2146,10049
0,0.2146,10456
0,0.2146,10459
0,0.2146,11701
0,0.2146,11952
0,0.2146,12163
0,0.2146,13145
0,0.2146,14021
0,0.2146,14510
0,0.2146,14607
0,0.2146,16136
0,0.2146,20105
0,0.2146,20620
0,0.2146,54621
0,0.2146,62207
0,0.2146,67695
0,0.2146,68686
0,0.2146,79631
0,0.2146,94068
0,0.2146,133583
0,0.2146,144317
0,0.2146,151217
0,0.2146,267437
0,0.2146,512277
0,0.2146,514291
0,0.2146,519850
0,0.2146,811544
0,0.2147,10254
0,0.2147,10942
0,0.2147,12031
0,0.2147,12171
0,0.2147,12728
0,0.2147,12896
0,0.2147,13315
0,0.2147,13423
0,0.2147,19767
0,0.2147,23477
0,0.2147,23517
0,0.2147,40966
0,0.2147,48131
0,0.2147,50560
0,0.2147,57806
0,0.2147,63927
0,0.2147,87276
0,0.2147,89719
0,0.2147,99721
0,0.2147,110998
0,0.2147,130907
0,0.2147,156863
0,0.2147,512216
0,0.2147,537458
0,0.2148,10376
0,0.2148,10377
0,0.2148,11969
0,0.2148,11975
0,0.2148,12534
0,0.2148,13596
0,0.2148,14292
0,0.2148,14461
0,0.2148,31348
0,0.2148,33542
0,0.2148,34712
0,0.2148,38916
0,0.2148,49961
0,0.2148,51646
0,0.2148,52583
0,0.2148,62837
0,0.2148,64400
0,0.2148,73863
0,0.2148,521438
0,0.2148,527577
0,0.2148,555318
0,0.2148,803558
0,0.2149,10960
0,0.2149,11582
0,0.2149,11725
0,0.2149,11736
0,0.2149,12231
0,0.2149,14158
0,0.2149,14530
0,0.2149,23339
0,0.2149,40435
0,0.2149,49910
0,0.2149,50178
0,0.2149,53267
0,0.2149,55354
0,0.2149,59035
0,0.2149,69639
0,0.2149,125291
0,0.2149,519865
0,0.2149,524238
0,0.2149,527470
0,0.2149,564174
0,0.2149,800236
0,0.2149,800304
0,0.2150,10039
0,0.2150,10977
0,0.2150,11341
0,0.2150,11992
0,0.2150,12571
0,0.2150,14497
0,0.2150,14784
0,0.2150,16422
0,0.2150,19467
0,0.2150,20402
0,0.2150,21409
0,0.2150,22551
0,0.2150,23151
0,0.2150,23854
0,0.2150,26642
0,0.2150,32321
0,0.2150,41302
0,0.2150,55869
0,0.2150,61060
0,0.2150,77131
0,0.2150,141834
0,0.2150,159755
0,0.2150,195727
0,0.2150,518581
0,0.2150,525064
0,0.2150,529665
0,0.2150,802944
0,0.2151,10996
0,0.2151,12354
0,0.2151,13684
0,0.2151,18049
0,0.2151,18165
0,0.2151,20707
0,0.2151,24064
0,0.2151,29604
0,0.2151,30716
0,0.2151,45875
0,0.2151,53456
0,0.2151,64569
0,0.2151,518788
0,0.2151,519589
0,0.2151,522439
0,0.2152,10065
0,0.2152,10176
0,0.2152,10540
0,0.2152,11195
0,0.2152,11610
0,0.2152,13116
0,0.2152,13127
0,0.2152,18937
0,0.2152,19187
0,0.2152,34475
0,0.2152,35634
0,0.2152,45430
0,0.2152,51533
0,0.2152,72102
0,0.2152,99751
0,0.2152,114942
0,0.2152,319274
0,0.2152,515070
0,0.2152,517351
0,0.2152,523062
0,0.2152,527351
0,0.2153,10473
0,0.2153,13230
0,0.2153,13431
0,0.2153,13480
0,0.2153,13550
0,0.2153,14386
0,0.2153,16862
0,0.2153,26419
0,0.2153,26757
0,0.2153,30279
0,0.2153,30981
0,0.2153,31331
0,0.2153,62367
0,0.2153,126390
0,0.2153,524164
0,0.2153,533411
0,0.2153,534553
0,0.2153,545375
0,0.2154,11478
0,0.2154,11706
0,0.2154,12929
0,0.2154,13237
0,0.2154,14435
0,0.2154,17540
0,0.2154,17847
0,0.2154,18015
0,0.2154,19290
0,0.2154,19828
0,0.2154,21709
0,0.2154,25927
0,0.2154,27379
0,0.2154,35113
0,0.2154,40559
0,0.2154,48218
0,0.2154,73335
0,0.2154,126345
0,0.2154,129758
0,0.2154,801813
0,0.2155,10092
0,0.2155,10569
0,0.2155,11399
0,0.2155,11485
0,0.2155,11744
0,0.2155,12312
0,0.2155,13946
0,0.2155,14161
0,0.2155,15054
0,0.2155,16124
0,0.2155,16274
0,0.2155,16311
0,0.2155,16651
0,0.2155,18332
0,0.2155,20200
0,0.2155,21099
0,0.2155,27333
0,0.2155,29350
0,0.2155,30102
0,0.2155,30885
0,0.2155,32835
0,0.2155,34627
0,0.2155,36844
0,0.2155,39729
0,0.2155,44644
0,0.2155,51537
0,0.2155,54741
0,0.2155,58359
0,0.2155,75907
0,0.2155,76109
0,0.2155,88655
0,0.2155,147185
0,0.2155,521581
0,0.2155,523591
0,0.2155,524152
0,0.2155,529429
0,0.2155,903153
0,0.2156,10101
0,0.2156,11722
0,0.2156,12759
0,0.2156,14243
0,0.2156,14573
0,0.2156,15821
0,0.2156,15915
0,0.2156,21688
0,0.2156,28604
0,0.2156,29231
0,0.2156,51750
0,0.2156,64440
0,0.2156,109011
0,0.2156,139642
0,0.2156,511775
0,0.2156,515158
0,0.2156,527469
0,0.2156,801580
0,0.2157,10205
0,0.2157,10216
0,0.2157,10632
0,0.2157,11615
0,0.2157,11956
0,0.2157,13194
0,0.2157,14066
0,0.2157,14343
0,0.2157,15905
0,0.2157,18328
0,0.2157,20123
0,0.2157,22569
0,0.2157,22717
0,0.2157,26039
0,0.2157,26766
0,0.2157,39861
0,0.2157,48530
0,0.2157,51865
0,0.2157,54445
0,0.2157,63826
0,0.2157,127658
0,0.2157,130279
0,0.2157,140867
0,0.2157,521108
0,0.2157,904657
0,0.2158,10126
0,0.2158,10332
0,0.2158,10522
0,0.2158,10736
0,0.2158,11099
0,0.2158,11523
0,0.2158,12164
0,0.2158,12425
0,0.2158,12809
0,0.2158,13821
0,0.2158,13972
0,0.2158,15295
0,0.2158,20910
0,0.2158,26711
0,0.2158,29250
0,0.2158,41891
0,0.2158,71907
0,0.2158,122378
0,0.2158,160750
0,0.2158,306197
0,0.2158,521935
0,0.2159,10647
0,0.2159,12140
0,0.2159,13767
0,0.2159,26860
0,0.2159,27452
0,0.2159,28680
0,0.2159,29745
0,0.2159,45661
0,0.2159,54958
0,0.2159,58408
0,0.2159,107502
0,0.2159,117228
0,0.2159,127658
0,0.2159,161534
0,0.2159,185386
0,0.2159,280660
0,0.2159,514727
0,0.2159,519242
0,0.2159,521479
0,0.2160,10140
0,0.2160,10472
0,0.2160,11281
0,0.2160,11761
0,0.2160,13384
0,0.2160,14962
0,0.2160,16107
0,0.2160,23958
0,0.2160,25195
0,0.2160,26263
0,0.2160,33987
0,0.2160,38051
0,0.2160,43363
0,0.2160,49279
0,0.2160,70867
0,0.2160,94170
0,0.2160,104545
0,0.2160,127658
0,0.2160,128455
0,0.2160,128562
0,0.2160,131495
0,0.2160,231412
0,0.2160,520916
0,0.2160,537139
0,0.2160,555319
0,0.2161,10629
0,0.2161,10929
0,0.2161,11229
0,0.2161,11345
0,0.2161,11829
0,0.2161,14089
0,0.2161,17014
0,0.2161,19234
0,0.2161,21263
0,0.2161,36825
0,0.2161,38043
0,0.2161,42387
0,0.2161,44846
0,0.2161,45663
0,0.2161,48178
0,0.2161,51583
0,0.2161,64263
0,0.2161,65825
0,0.2161,149878
0,0.2161,194483
0,0.2161,527409
0,0.2161,530777
0,0.2161,532655
0,0.2161,556286
0,0.2161,814625
0,0.2162,12890
0,0.2162,15506
0,0.2162,17614
0,0.2162,24006
0,0.2162,28525
0,0.2162,34908
0,0.2162,35373
0,0.2162,36556
0,0.2162,36939
0,0.2162,52318
0,0.2162,66113
0,0.2162,88538
0,0.2162,120208
0,0.2162,515155
0,0.2162,518567
0,0.2162,520002
0,0.2162,800845
0,0.2163,10347
0,0.2163,10628
0,0.2163,10806
0,0.2163,10863
0,0.2163,11379
0,0.2163,11783
0,0.2163,11788
0,0.2163,11870
0,0.2163,12111
0,0.2163,12717
0,0.2163,12994
0,0.2163,13209
0,0.2163,13327
0,0.2163,14212
0,0.2163,18824
0,0.2163,22671
0,0.2163,26338
0,0.2163,27315
0,0.2163,27416
0,0.2163,27614
0,0.2163,49376
0,0.2163,70171
0,0.2163,73988
0,0.2163,94617
0,0.2163,112026
0,0.2163,161163
0,0.2163,523941
0,0.2163,524990
0,0.2163,804596
0,0.2164,10470
0,0.2164,10524
0,0.2164,11837
0,0.2164,11922
0,0.2164,12541
0,0.2164,14391
0,0.2164,28509
0,0.2164,31117
0,0.2164,59442
0,0.2164,70271
0,0.2164,80544
0,0.2164,102136
0,0.2164,108535
0,0.2164,110198
0,0.2164,110773
0,0.2164,154495
0,0.2164,520787
0,0.2164,803412
0,0.2165,10169
0,0.2165,10767
0,0.2165,11262
0,0.2165,12977
0,0.2165,14419
0,0.2165,15183
0,0.2165,16460
0,0.2165,32890
0,0.2165,43811
0,0.2165,44634
0,0.2165,46596
0,0.2165,53812
0,0.2165,69140
0,0.2165,75212
0,0.2165,127658
0,0.2165,133607
0,0.2165,141659
0,0.2165,511990
0,0.2165,513343
0,0.2165,515161
0,0.2166,10134
0,0.2166,10209
0,0.2166,10321
0,0.2166,10515
0,0.2166,10564
0,0.2166,11244
0,0.2166,12338
0,0.2166,14319
0,0.2166,14874
0,0.2166,14893
0,0.2166,21382
0,0.2166,28144
0,0.2166,31320
0,0.2166,36333
0,0.2166,44858
0,0.2166,49687
0,0.2166,50996
0,0.2166,53326
0,0.2166,60471
0,0.2166,67052
0,0.2166,79622
0,0.2166,85752
0,0.2166,94701
0,0.2166,109619
0,0.2166,134660
0,0.2166,524797
0,0.2167,10604
0,0.2167,11141
0,0.2167,11546
0,0.2167,11991
0,0.2167,11993
0,0.2167,12606
0,0.2167,14430
0,0.2167,20033
0,0.2167,20059
0,0.2167,21166
0,0.2167,38068
0,0.2167,44781
0,0.2167,45641
0,0.2167,47779
0,0.2167,50929
0,0.2167,51032
0,0.2167,53918
0,0.2167,81427
0,0.2167,111655
0,0.2167,137174
0,0.2167,146275
0,0.2167,183161
0,0.2167,247232
0,0.2167,516097
0,0.2167,519572
0,0.2167,524470
0,0.2167,527357
0,0.2168,10378
0,0.2168,10388
0,0.2168,11050
0,0.2168,13172
0,0.2168,13864
0,0.2168,16434
0,0.2168,16508
0,0.2168,17107
0,0.2168,17908
0,0.2168,18016
0,0.2168,19647
0,0.2168,31397
0,0.2168,33957
0,0.2168,39802
0,0.2168,44957
0,0.2168,63944
0,0.2168,79739
0,0.2168,514740
0,0.2168,526119
0,0.2169,10201
0,0.2169,10359
0,0.2169,10650
0,0.2169,10786
0,0.2169,10877
0,0.2169,11469
0,0.2169,11619
0,0.2169,11914
0,0.2169,14397
0,0.2169,15273
0,0.2169,20819
0,0.2169,20960
0,0.2169,40761
0,0.2169,41393
0,0.2169,61908
0,0.2169,551294
0,0.2169,801404
0,0.2169,915497
0,0.2170,10304
0,0.2170,10716
0,0.2170,11342
0,0.2170,12012
0,0.2170,12782
0,0.2170,12934
0,0.2170,14666
0,0.2170,16617
0,0.2170,18249
0,0.2170,20550
0,0.2170,21876
0,0.2170,33165
0,0.2170,33542
0,0.2170,40909
0,0.2170,45920
0,0.2170,189046
0,0.2170,513843
0,0.2170,521479
0,0.2170,802152
0,0.2171,10429
0,0.2171,11930
0,0.2171,13852
0,0.2171,17484
0,0.2171,20445
0,0.2171,21567
0,0.2171,22787
0,0.2171,26102
0,0.2171,42904
0,0.2171,44147
0,0.2171,53368
0,0.2171,59733
0,0.2171,77158
0,0.2171,84445
0,0.2171,118965
0,0.2171,515140
0,0.2171,515735
0,0.2172,10408
0,0.2172,10683
0,0.2172,11797
0,0.2172,13375
0,0.2172,18637
0,0.2172,20001
0,0.2172,20287
0,0.2172,21335
0,0.2172,34717
0,0.2172,41407
0,0.2172,43230
0,0.2172,43753
0,0.2172,53256
0,0.2172,57331
0,0.2172,62429
0,0.2172,66007
0,0.2172,78542
0,0.2172,516324
0,0.2173,11162
0,0.2173,12460
0,0.2173,12511
0,0.2173,12778
0,0.2173,13621
0,0.2173,16648
0,0.2173,18334
0,0.2173,18854
0,0.2173,21235
0,0.2173,25877
0,0.2173,31119
0,0.2173,39485
0,0.2173,48452
0,0.2173,48971
0,0.2173,54685
0,0.2173,66755
0,0.2173,82571
0,0.2173,87674
0,0.2173,512796
0,0.2173,516322
0,0.2173,519869
0,0.2173,519967
0,0.2174,10084
0,0.2174,11501
0,0.2174,11603
0,0.2174,12050
0,0.2174,12621
0,0.2174,13027
0,0.2174,13128
0,0.2174,13716
0,0.2174,14139
0,0.2174,14381
0,0.2174,16601
0,0.2174,17052
0,0.2174,20739
0,0.2174,24828
0,0.2174,28607
0,0.2174,30105
0,0.2174,36957
0,0.2174,45416
0,0.2174,59389
0,0.2174,80093
0,0.2174,99925
0,0.2174,114223
0,0.2174,519454
0,0.2174,918582
0,0.2175,10074
0,0.2175,10305
0,0.2175,10973
0,0.2175,11289
0,0.2175,11294
0,0.2175,11828
0,0.2175,12667
0,0.2175,14685
0,0.2175,16206
0,0.2175,16426
0,0.2175,21692
0,0.2175,38998
0,0.2175,45286
0,0.2175,47040
0,0.2175,57772
0,0.2175,92687
0,0.2175,114513
0,0.2175,423539
0,0.2175,523544
0,0.2175,524208
0,0.2176,10461
0,0.2176,11620
0,0.2176,12279
0,0.2176,16774
0,0.2176,18340
0,0.2176,20324
0,0.2176,21267
0,0.2176,22977
0,0.2176,37177
0,0.2176,37202
0,0.2176,37622
0,0.2176,43861
0,0.2176,58230
0,0.2176,109145
0,0.2176,518919
0,0.2176,535279
0,0.2176,536845
0,0.2176,803378
0,0.2177,10208
0,0.2177,10218
0,0.2177,10463
0,0.2177,10704
0,0.2177,11409
0,0.2177,15507
0,0.2177,17325
0,0.2177,17566
0,0.2177,17855
0,0.2177,18466
0,0.2177,19921
0,0.2177,22243
0,0.2177,24803
0,0.2177,25659
0,0.2177,26060
0,0.2177,29997
0,0.2177,36725
0,0.2177,41812
0,0.2177,44377
0,0.2177,66105
0,0.2177,103414
0,0.2177,153573
0,0.2177,192978
0,0.2177,521479
0,0.2177,811544
0,0.2178,10905
0,0.2178,11292
0,0.2178,11355
0,0.2178,11400
0,0.2178,11471
0,0.2178,13666
0,0.2178,13886
0,0.2178,28037
0,0.2178,40740
0,0.2178,41889
0,0.2178,50775
0,0.2178,54749
0,0.2178,64506
0,0.2178,73457
0,0.2178,73560
0,0.2178,80951
0,0.2178,96307
0,0.2178,153391
0,0.2178,522730
0,0.2178,532967
0,0.2178,564824
0,0.2178,800782
0,0.2178,801214
0,0.2178,918516
0,0.2179,10262
0,0.2179,10561
0,0.2179,11531
0,0.2179,12320
0,0.2179,13153
0,0.2179,13386
0,0.2179,17150
0,0.2179,22276
0,0.2179,23401
0,0.2179,25714
0,0.2179,40205
0,0.2179,516331
0,0.2179,517359
0,0.2179,542355
0,0.2179,555318
0,0.2179,555966
0,0.2179,555967
0,0.2179,800504
0,0.2179,802166
0,0.2180,10397
0,0.2180,10423
0,0.2180,10613
0,0.2180,10835
0,0.2180,10930
0,0.2180,11359
0,0.2180,11741
0,0.2180,16141
0,0.2180,17319
0,0.2180,17722
0,0.2180,23477
0,0.2180,29176
0,0.2180,48313
0,0.2180,52415
0,0.2180,56966
0,0.2180,88903
0,0.2180,114510
0,0.2180,137726
0,0.2180,406728
0,0.2180,520759
0,0.2180,552118
0,0.2181,10096
0,0.2181,10459
0,0.2181,10942
0,0.2181,11390
0,0.2181,11608
0,0.2181,13479
0,0.2181,13571
0,0.2181,17705
0,0.2181,17800
0,0.2181,18416
0,0.2181,19665
0,0.2181,20132
0,0.2181,23012
0,0.2181,35196
0,0.2181,40444
0,0.2181,52544
0,0.2181,52771
0,0.2181,68086
0,0.2181,68398
0,0.2181,88912
0,0.2181,103964
0,0.2181,121759
0,0.2181,133908
0,0.2181,436612
0,0.2181,518020
0,0.2181,518580
0,0.2181,521575
0,0.2181,548589
0,0.2181,588356
0,0.2181,816543
0,0.2182,10133
0,0.2182,10180
0,0.2182,11028
0,0.2182,11365
0,0.2182,11721
0,0.2182,12309
0,0.2182,17170
0,0.2182,19314
0,0.2182,22166
0,0.2182,41653
0,0.2182,46096
0,0.2182,53472
0,0.2182,90459
0,0.2182,133908
0,0.2182,145016
0,0.2182,162555
0,0.2182,209929
0,0.2182,515069
0,0.2182,521158
0,0.2183,11583
0,0.2183,11725
0,0.2183,11975
0,0.2183,14340
0,0.2183,33229
0,0.2183,45470
0,0.2183,48568
0,0.2183,80951
0,0.2183,95581
0,0.2183,100823
0,0.2183,244183
0,0.2183,517330
0,0.2183,520155
0,0.2183,522743
0,0.2183,524082
0,0.2183,524238
0,0.2184,10376
0,0.2184,10765
0,0.2184,11517
0,0.2184,11736
0,0.2184,15647
0,0.2184,18726
0,0.2184,18730
0,0.2184,19143
0,0.2184,20581
0,0.2184,23496
0,0.2184,29826
0,0.2184,38075
0,0.2184,47002
0,0.2184,57896
0,0.2184,94994
0,0.2184,103338
0,0.2184,132204
0,0.2184,515554
0,0.2184,517458
0,0.2184,544258
0,0.2184,564884
0,0.2184,800162
0,0.2185,10530
0,0.2185,11135
0,0.2185,11521
0,0.2185,11594
0,0.2185,11992
0,0.2185,13334
0,0.2185,14437
0,0.2185,14897
0,0.2185,15517
0,0.2185,15970
0,0.2185,16188
0,0.2185,19845
0,0.2185,20459
0,0.2185,22705
0,0.2185,25931
0,0.2185,28406
0,0.2185,42425
0,0.2185,49225
0,0.2185,57502
0,0.2185,74785
0,0.2185,132166
0,0.2185,513945
0,0.2185,523351
0,0.2185,523684
0,0.2185,527410
0,0.2185,527470
0,0.2185,532768
0,0.2185,800917
0,0.2185,802864
0,0.2186,10671
0,0.2186,10977
0,0.2186,11105
0,0.2186,11317
0,0.2186,11327
0,0.2186,11744
0,0.2186,11952
0,0.2186,13936
0,0.2186,15184
0,0.2186,16972
0,0.2186,17027
0,0.2186,18007
0,0.2186,23854
0,0.2186,23970
0,0.2186,29166
0,0.2186,38204
0,0.2186,42308
0,0.2186,45678
0,0.2186,47215
0,0.2186,52326
0,0.2186,63153
0,0.2186,65448
0,0.2186,72329
0,0.2186,72871
0,0.2186,535438
0,0.2186,555312
0,0.2186,800206
0,0.2186,800687
0,0.2187,10473
0,0.2187,10670
0,0.2187,10808
0,0.2187,11143
0,0.2187,11162
0,0.2187,11478
0,0.2187,12152
0,0.2187,18165
0,0.2187,20598
0,0.2187,25872
0,0.2187,35477
0,0.2187,70325
0,0.2187,88559
0,0.2187,107105
0,0.2187,141602
0,0.2187,170256
0,0.2187,175745
0,0.2187,260257
0,0.2187,526823
0,0.2187,904246
0,0.2188,10456
0,0.2188,11722
0,0.2188,12711
0,0.2188,12958
0,0.2188,16005
0,0.2188,16993
0,0.2188,19108
0,0.2188,19767
0,0.2188,20620
0,0.2188,29750
0,0.2188,33542
0,0.2188,37070
0,0.2188,48723
0,0.2188,49794
0,0.2188,71224
0,0.2188,124594
0,0.2188,195277
0,0.2188,511775
0,0.2188,523591
0,0.2188,801611
0,0.2189,11979
0,0.2189,12241
0,0.2189,14661
0,0.2189,15353
0,0.2189,15662
0,0.2189,18203
0,0.2189,21637
0,0.2189,32439
0,0.2189,32666
0,0.2189,33296
0,0.2189,34089
0,0.2189,36149
0,0.2189,39054
0,0.2189,39922
0,0.2189,48614
0,0.2189,54952
0,0.2189,111695
0,0.2189,527577
0,0.2189,529429
0,0.2189,801027
0,0.2190,10070
0,0.2190,11749
0,0.2190,12332
0,0.2190,12354
0,0.2190,15276
0,0.2190,16207
0,0.2190,17389
0,0.2190,20402
0,0.2190,22833
0,0.2190,36584
0,0.2190,42549
0,0.2190,46511
0,0.2190,59618
0,0.2190,67864
0,0.2190,105377
0,0.2190,267437
0,0.2190,512745
0,0.2190,513746
0,0.2190,516162
0,0.2190,520466
0,0.2190,521157
0,0.2190,800117
0,0.2191,10254
0,0.2191,10632
0,0.2191,11099
0,0.2191,11625
0,0.2191,12061
0,0.2191,15431
0,0.2191,19717
0,0.2191,22494
0,0.2191,26922
0,0.2191,34148
0,0.2191,37745
0,0.2191,49570
0,0.2191,76894
0,0.2191,76932
0,0.2191,161534
0,0.2191,521935
0,0.2191,524207
0,0.2192,10458
0,0.2192,10540
0,0.2192,11523
0,0.2192,11556
0,0.2192,13315
0,0.2192,13359
0,0.2192,13431
0,0.2192,13761
0,0.2192,14799
0,0.2192,17406
0,0.2192,22323
0,0.2192,22899
0,0.2192,31775
0,0.2192,31847
0,0.2192,39488
0,0.2192,116304
0,0.2192,129758
0,0.2192,195277
0,0.2192,513114
0,0.2192,521437
0,0.2192,523828
0,0.2192,800970
0,0.2193,10039
0,0.2193,10140
0,0.2193,10929
0,0.2193,14019
0,0.2193,17105
0,0.2193,19339
0,0.2193,21115
0,0.2193,26071
0,0.2193,29997
0,0.2193,30421
0,0.2193,30992
0,0.2193,32771
0,0.2193,51535
0,0.2193,67244
0,0.2193,87584
0,0.2193,91582
0,0.2193,102475
0,0.2193,513230
0,0.2193,520119
0,0.2193,532655
0,0.2193,555875
0,0.2194,10390
0,0.2194,11112
0,0.2194,11703
0,0.2194,12756
0,0.2194,13232
0,0.2194,17244
0,0.2194,17569
0,0.2194,17650
0,0.2194,18536
0,0.2194,18952
0,0.2194,22504
0,0.2194,23743
0,0.2194,49867
0,0.2194,57923
0,0.2194,58972
0,0.2194,59678
0,0.2194,62031
0,0.2194,63097
0,0.2194,76958
0,0.2194,79690
0,0.2194,109321
0,0.2194,133908
0,0.2195,11030
0,0.2195,11176
0,0.2195,11281
0,0.2195,12023
0,0.2195,13018
0,0.2195,29851
0,0.2195,33919
0,0.2195,36207
0,0.2195,49205
0,0.2195,60017
0,0.2195,139685
0,0.2195,140903
0,0.2195,530777
0,0.2195,533849
0,0.2196,10486
0,0.2196,12037
0,0.2196,12965
0,0.2196,13024
0,0.2196,13550
0,0.2196,14243
0,0.2196,34677
0,0.2196,36627
0,0.2196,37997
0,0.2196,59618
0,0.2196,62286
0,0.2196,67070
0,0.2196,520002
0,0.2196,524777
0,0.2197,10075
0,0.2197,10176
0,0.2197,12057
0,0.2197,14161
0,0.2197,15992
0,0.2197,18994
0,0.2197,25719
0,0.2197,35719
0,0.2197,44995
0,0.2197,54440
0,0.2197,141297
0,0.2197,519695
0,0.2197,524164
0,0.2197,531768
0,0.2197,803210
0,0.2198,10118
0,0.2198,10569
0,0.2198,12111
0,0.2198,12367
0,0.2198,12509
0,0.2198,12929
0,0.2198,13610
0,0.2198,15717
0,0.2198,16446
0,0.2198,28622
0,0.2198,28793
0,0.2198,33047
0,0.2198,50485
0,0.2198,58027
0,0.2198,59618
0,0.2198,67468
0,0.2198,68572
0,0.2198,82904
0,0.2198,91928
0,0.2198,153948
0,0.2198,260257
0,0.2198,516317
0,0.2198,517164
0,0.2198,524741
0,0.2198,801088
0,0.2198,801453
0,0.2199,10065
0,0.2199,10198
0,0.2199,11399
0,0.2199,11922
0,0.2199,13981
0,0.2199,14339
0,0.2199,14869
0,0.2199,20747
0,0.2199,24804
0,0.2199,25951
0,0.2199,38024
0,0.2199,40001
0,0.2199,44026
0,0.2199,67398
0,0.2199,165180
0,0.2199,210889
0,0.2199,520194
0,0.2200,10126
0,0.2200,10285
0,0.2200,11244
0,0.2200,11379
0,0.2200,12513
0,0.2200,13221
0,0.2200,14442
0,0.2200,18634
0,0.2200,19579
0,0.2200,19618
0,0.2200,27697
0,0.2200,30021
0,0.2200,33919
0,0.2200,49038
0,0.2200,54258
0,0.2200,69631
0,0.2200,69929
0,0.2200,75987
0,0.2200,97075
0,0.2200,119852
0,0.2200,138335
0,0.2200,174587
0,0.2200,210889
0,0.2200,516317
0,0.2200,517804
0,0.2200,519692
0,0.2200,519970
0,0.2200,525105
0,0.2200,530668
0,0.2201,10736
0,0.2201,10996
0,0.2201,11262
0,0.2201,11345
0,0.2201,11514
0,0.2201,11546
0,0.2201,11783
0,0.2201,11870
0,0.2201,16433
0,0.2201,18049
0,0.2201,18075
0,0.2201,19364
0,0.2201,19828
0,0.2201,22105
0,0.2201,34248
0,0.2201,40838
0,0.2201,42215
0,0.2201,43799
0,0.2201,47595
0,0.2201,51121
0,0.2201,54202
0,0.2201,59796
0,0.2201,71961
0,0.2201,129363
0,0.2201,130279
0,0.2201,161034
0,0.2201,520787
0,0.2202,10756
0,0.2202,11341
0,0.2202,12735
0,0.2202,13159
0,0.2202,17817
0,0.2202,19873
0,0.2202,21454
0,0.2202,38670
0,0.2202,51999
0,0.2202,72672
0,0.2202,85147
0,0.2202,87788
0,0.2202,95072
0,0.2202,99589
0,0.2202,130874
0,0.2202,166749
0,0.2202,516780
0,0.2202,520003
0,0.2202,532766
0,0.2202,802506
0,0.2203,10201
0,0.2203,10425
0,0.2203,10472
0,0.2203,10599
0,0.2203,10650
0,0.2203,11245
0,0.2203,11993
0,0.2203,12338
0,0.2203,13095
0,0.2203,14849
0,0.2203,23204
0,0.2203,26020
0,0.2203,27416
0,0.2203,31720
0,0.2203,39727
0,0.2203,40261
0,0.2203,46907
0,0.2203,48301
0,0.2203,52614
0,0.2203,59111
0,0.2203,76634
0,0.2203,77380
0,0.2203,100885
0,0.2203,521439
0,0.2203,808650
0,0.2204,10169
0,0.2204,11837
0,0.2204,11991
0,0.2204,13143
0,0.2204,22695
0,0.2204,29806
0,0.2204,32165
0,0.2204,32880
0,0.2204,38860
0,0.2204,44917
0,0.2204,53050
0,0.2204,66076
0,0.2204,69061
0,0.2204,106034
0,0.2204,107502
0,0.2204,139952
0,0.2204,145635
0,0.2204,536845
0,0.2204,563873
0,0.2204,917516
0,0.2205,10522
0,0.2205,11959
0,0.2205,12046
0,0.2205,12121
0,0.2205,12837
0,0.2205,13356
0,0.2205,13821
0,0.2205,16600
0,0.2205,19267
0,0.2205,35737
0,0.2205,36443
0,0.2205,42495
0,0.2205,49092
0,0.2205,52645
0,0.2205,57896
0,0.2205,59618
0,0.2205,65179
0,0.2205,69595
0,0.2205,73492
0,0.2205,104232
0,0.2205,136213
0,0.2205,513419
0,0.2205,518717
0,0.2205,543264
0,0.2206,10209
0,0.2206,10297
0,0.2206,10515
0,0.2206,11467
0,0.2206,11914
0,0.2206,12109
0,0.2206,12826
0,0.2206,12840
0,0.2206,14343
0,0.2206,15795
0,0.2206,15864
0,0.2206,18016
0,0.2206,18179
0,0.2206,18983
0,0.2206,28525
0,0.2206,35113
0,0.2206,44138
0,0.2206,75344
0,0.2206,85617
0,0.2206,112109
0,0.2206,520939
0,0.2206,545180
0,0.2206,556767
0,0.2206,801752
0,0.2207,11342
0,0.2207,11501
0,0.2207,11788
0,0.2207,16236
0,0.2207,21132
0,0.2207,56207
0,0.2207,63901
0,0.2207,87245
0,0.2207,90874
0,0.2207,95442
0,0.2207,97536
0,0.2207,108640
0,0.2207,247232
0,0.2207,519041
0,0.2207,519242
0,0.2207,522827
0,0.2207,544361
0,0.2207,547655
0,0.2207,580793
0,0.2208,10593
0,0.2208,11229
0,0.2208,11289
0,0.2208,11828
0,0.2208,12654
0,0.2208,12717
0,0.2208,12994
0,0.2208,13470
0,0.2208,14158
0,0.2208,18534
0,0.2208,27614
0,0.2208,33542
0,0.2208,38967
0,0.2208,43216
0,0.2208,58481
0,0.2208,91753
0,0.2208,520916
0,0.2208,533589
0,0.2208,803035
0,0.2208,918582
0,0.2208,356783826
0,0.2209,10356
0,0.2209,10904
0,0.2209,11324
0,0.2209,16513
0,0.2209,16724
0,0.2209,21822
0,0.2209,22026
0,0.2209,24841
0,0.2209,40160
0,0.2209,49558
0,0.2209,63883
0,0.2209,65539
0,0.2209,102357
0,0.2209,524968
0,0.2209,579253
0,0.2210,10463
0,0.2210,11072
0,0.2210,11292
0,0.2210,11320
0,0.2210,11620
0,0.2210,12162
0,0.2210,14573
0,0.2210,18828
0,0.2210,24969
0,0.2210,37147
0,0.2210,82482
0,0.2210,123308
0,0.2210,128455
0,0.2210,159277
0,0.2210,203048
0,0.2210,521171
0,0.2210,800461
0,0.2211,10905
0,0.2211,11400
0,0.2211,11761
0,0.2211,12171
0,0.2211,12977
0,0.2211,13556
0,0.2211,15005
0,0.2211,19882
0,0.2211,21567
0,0.2211,26387
0,0.2211,29632
0,0.2211,32337
0,0.2211,34464
0,0.2211,38351
0,0.2211,41342
0,0.2211,58009
0,0.2211,93352
0,0.2211,457812
0,0.2211,519850
0,0.2211,521290
0,0.2211,551294
0,0.2211,809744
0,0.2212,11193
0,0.2212,11958
0,0.2212,13664
0,0.2212,16793
0,0.2212,22040
0,0.2212,22473
0,0.2212,23401
0,0.2212,24151
0,0.2212,37342
0,0.2212,54959
0,0.2212,96307
0,0.2212,339719
0,0.2212,527524
0,0.2212,804140
0,0.2213,10111
0,0.2213,10942
0,0.2213,11050
0,0.2213,11294
0,0.2213,11531
0,0.2213,11624
0,0.2213,12387
0,0.2213,13940
0,0.2213,16416
0,0.2213,18493
0,0.2213,18713
0,0.2213,20688
0,0.2213,21098
0,0.2213,24502
0,0.2213,25476
0,0.2213,26551
0,0.2213,26845
0,0.2213,38946
0,0.2213,55494
0,0.2213,57542
0,0.2213,91799
0,0.2213,122835
0,0.2213,183161
0,0.2213,521189
0,0.2213,532804
0,0.2213,556574
0,0.2214,10048
0,0.2214,10397
0,0.2214,10524
0,0.2214,12896
0,0.2214,23477
0,0.2214,24713
0,0.2214,38805
0,0.2214,60292
0,0.2214,66206
0,0.2214,105123
0,0.2214,148909
0,0.2214,555318
0,0.2215,10305
0,0.2215,11092
0,0.2215,11603
0,0.2215,13621
0,0.2215,14530
0,0.2215,14750
0,0.2215,15183
0,0.2215,24828
0,0.2215,54628
0,0.2215,111689
0,0.2215,192978
0,0.2215,515371
0,0.2215,516197
0,0.2215,516433
0,0.2215,522828
0,0.2215,524208
0,0.2215,564174
0,0.2215,903090
0,0.2216,11930
0,0.2216,13198
0,0.2216,15421
0,0.2216,26766
0,0.2216,33833
0,0.2216,36031
0,0.2216,58972
0,0.2216,96307
0,0.2216,110773
0,0.2216,520930
0,0.2216,536000
0,0.2216,925829
0,0.2217,10084
0,0.2217,10096
0,0.2217,10216
0,0.2217,10313
0,0.2217,10459
0,0.2217,11402
0,0.2217,12086
0,0.2217,13194
0,0.2217,13716
0,0.2217,14517
0,0.2217,14985
0,0.2217,16029
0,0.2217,16124
0,0.2217,21798
0,0.2217,26223
0,0.2217,27379
0,0.2217,27627
0,0.2217,32482
0,0.2217,52641
0,0.2217,78583
0,0.2217,80484
0,0.2217,186043
0,0.2217,509223
0,0.2217,529665
0,0.2217,911658
0,0.2218,10147
0,0.2218,10816
0,0.2218,11080
0,0.2218,11359
0,0.2218,13230
0,0.2218,16083
0,0.2218,16460
0,0.2218,17225
0,0.2218,21889
0,0.2218,23241
0,0.2218,25166
0,0.2218,27470
0,0.2218,32095
0,0.2218,34301
0,0.2218,44667
0,0.2218,47728
0,0.2218,52825
0,0.2218,79554
0,0.2218,92909
0,0.2218,97457
0,0.2218,115287
0,0.2218,407353
0,0.2218,529031
0,0.2219,10376
0,0.2219,10408
0,0.2219,10429
0,0.2219,10470
0,0.2219,11722
0,0.2219,11736
0,0.2219,12320
0,0.2219,12351
0,0.2219,13435
0,0.2219,16042
0,0.2219,23854
0,0.2219,26628
0,0.2219,31348
0,0.2219,33779
0,0.2219,63046
0,0.2219,63981
0,0.2219,67052
0,0.2219,68692
0,0.2219,69815
0,0.2219,75333
0,0.2219,141297
0,0.2219,151762
0,0.2219,511775
0,0.2219,513911
0,0.2219,514727
0,0.2219,524238
0,0.2219,542560
0,0.2219,810889
0,0.2220,10134
0,0.2220,10151
0,0.2220,10203
0,0.2220,11478
0,0.2220,11517
0,0.2220,11725
0,0.2220,11744
0,0.2220,12143
0,0.2220,12765
0,0.2220,13683
0,0.2220,16422
0,0.2220,19306
0,0.2220,19792
0,0.2220,23045
0,0.2220,26515
0,0.2220,27024
0,0.2220,31925
0,0.2220,35062
0,0.2220,35196
0,0.2220,35420
0,0.2220,37704
0,0.2220,56034
0,0.2220,76878
0,0.2220,95255
0,0.2220,183161
0,0.2220,512797
0,0.2220,512883
0,0.2220,524990
0,0.2220,529602
0,0.2221,10321
0,0.2221,10423
0,0.2221,11975
0,0.2221,12163
0,0.2221,13283
0,0.2221,16013
0,0.2221,16648
0,0.2221,35121
0,0.2221,38022
0,0.2221,59329
0,0.2221,527470
0,0.2221,914363
0,0.2222,10175
0,0.2222,10877
0,0.2222,12168
0,0.2222,12183
0,0.2222,13303
0,0.2222,14427
0,0.2222,17310
0,0.2222,19274
0,0.2222,21725
0,0.2222,22166
0,0.2222,22243
0,0.2222,26292
0,0.2222,26602
0,0.2222,41869
0,0.2222,44587
0,0.2222,92337
0,0.2222,514318
0,0.2222,521158
0,0.2222,804989
0,0.2223,10133
0,0.2223,10653
0,0.2223,11058
0,0.2223,11564
0,0.2223,11992
0,0.2223,12653
0,0.2223,13483
0,0.2223,17107
0,0.2223,18726
0,0.2223,20581
0,0.2223,22276
0,0.2223,23718
0,0.2223,27775
0,0.2223,43489
0,0.2223,48477
0,0.2223,53326
0,0.2223,73963
0,0.2223,82582
0,0.2223,96557
0,0.2223,908572
0,0.2224,10473
0,0.2224,10804
0,0.2224,11952
0,0.2224,13684
0,0.2224,15083
0,0.2224,16524
0,0.2224,17325
0,0.2224,29217
0,0.2224,32958
0,0.2224,35634
0,0.2224,40205
0,0.2224,49479
0,0.2224,60200
0,0.2224,66389
0,0.2224,517458
0,0.2224,518294
0,0.2224,800562
0,0.2225,10140
0,0.2225,10342
0,0.2225,10456
0,0.2225,11594
0,0.2225,12471
0,0.2225,13390
0,0.2225,16434
0,0.2225,17540
0,0.2225,18730
0,0.2225,20200
0,0.2225,20910
0,0.2225,28406
0,0.2225,29156
0,0.2225,32354
0,0.2225,36844
0,0.2225,40733
0,0.2225,48976
0,0.2225,50451
0,0.2225,62771
0,0.2225,143504
0,0.2225,529429
0,0.2225,532655
0,0.2225,537803
0,0.2225,555969
0,0.2225,801974
0,0.2226,10929
0,0.2226,12815
0,0.2226,14802
0,0.2226,18165
0,0.2226,18332
0,0.2226,20960
0,0.2226,21099
0,0.2226,35182
0,0.2226,42074
0,0.2226,46457
0,0.2226,56739
0,0.2226,65365
0,0.2226,80951
0,0.2226,87958
0,0.2226,514009
0,0.2226,523591
0,0.2226,556037
0,0.2226,564884
0,0.2227,10632
0,0.2227,10767
0,0.2227,11237
0,0.2227,12160
0,0.2227,12354
0,0.2227,13423
0,0.2227,14391
0,0.2227,14666
0,0.2227,15313
0,0.2227,15501
0,0.2227,16601
0,0.2227,19921
0,0.2227,22417
0,0.2227,26047
0,0.2227,75987
0,0.2227,87245
0,0.2227,153574
0,0.2227,157834
0,0.2227,514425
0,0.2227,801598
0,0.2227,802399
0,0.2228,10629
0,0.2228,11099
0,0.2228,11281
0,0.2228,11523
0,0.2228,12314
0,0.2228,12541
0,0.2228,18109
0,0.2228,19025
0,0.2228,23132
0,0.2228,25039
0,0.2228,26419
0,0.2228,28803
0,0.2228,31117
0,0.2228,32656
0,0.2228,36743
0,0.2228,52536
0,0.2228,56806
0,0.2228,68031
0,0.2228,99882
0,0.2228,109275
0,0.2228,119936
0,0.2228,521935
0,0.2229,10378
0,0.2229,10977
0,0.2229,11170
0,0.2229,13760
0,0.2229,14925
0,0.2229,20168
0,0.2229,20620
0,0.2229,21452
0,0.2229,23076
0,0.2229,25332
0,0.2229,32656
0,0.2229,32815
0,0.2229,33646
0,0.2229,156395
0,0.2229,513803
0,0.2229,516097
0,0.2229,530777
0,0.2229,555322
0,0.2229,804989
0,0.2230,10262
0,0.2230,10786
0,0.2230,12782
0,0.2230,13431
0,0.2230,19767
0,0.2230,29560
0,0.2230,31068
0,0.2230,31376
0,0.2230,32774
0,0.2230,34063
0,0.2230,107071
0,0.2230,119212
0,0.2230,210806
0,0.2230,511775
0,0.2230,515440
0,0.2230,520002
0,0.2230,800398
0,0.2230,809744
0,0.2231,10359
0,0.2231,10402
0,0.2231,10611
0,0.2231,11390
0,0.2231,12312
0,0.2231,14066
0,0.2231,19768
0,0.2231,27702
0,0.2231,28159
0,0.2231,34533
0,0.2231,34676
0,0.2231,35330
0,0.2231,47922
0,0.2231,53863
0,0.2231,62429
0,0.2231,521438
0,0.2231,524284
0,0.2232,10540
0,0.2232,11847
0,0.2232,12031
0,0.2232,12111
0,0.2232,12934
0,0.2232,14386
0,0.2232,15507
0,0.2232,18824
0,0.2232,20402
0,0.2232,21772
0,0.2232,32795
0,0.2232,34084
0,0.2232,53050
0,0.2232,59086
0,0.2232,81005
0,0.2232,82062
0,0.2232,145016
0,0.2232,149720
0,0.2232,519655
0,0.2233,10530
0,0.2233,11583
0,0.2233,14243
0,0.2233,15294
0,0.2233,16610
0,0.2233,16969
0,0.2233,23200
0,0.2233,28019
0,0.2233,31297
0,0.2233,37596
0,0.2233,37608
0,0.2233,37732
0,0.2233,72502
0,0.2233,136147
0,0.2233,521011
0,0.2233,532768
0,0.2233,800490
0,0.2234,10090
0,0.2234,10141
0,0.2234,11244
0,0.2234,13375
0,0.2234,14437
0,0.2234,21267
0,0.2234,52220
0,0.2234,53885
0,0.2234,56353
0,0.2234,58013
0,0.2234,58058
0,0.2234,66970
0,0.2234,77790
0,0.2234,107105
0,0.2234,267437
0,0.2234,295280
0,0.2234,512796
0,0.2234,514424
0,0.2234,521241
0,0.2234,532800
0,0.2234,911658
0,0.2234,133348431
0,0.2235,10208
0,0.2235,10808
0,0.2235,11143
0,0.2235,11262
0,0.2235,11521
0,0.2235,11546
0,0.2235,11556
0,0.2235,11783
0,0.2235,11870
0,0.2235,11922
0,0.2235,13596
0,0.2235,15125
0,0.2235,15164
0,0.2235,23517
0,0.2235,32824
0,0.2235,33974
0,0.2235,41551
0,0.2235,44322
0,0.2235,50176
0,0.2235,50199
0,0.2235,54628
0,0.2235,58496
0,0.2235,87115
0,0.2235,111335
0,0.2235,142189
0,0.2235,195727
0,0.2235,515157
0,0.2235,527577
0,0.2235,543264
0,0.2235,801828
0,0.2235,118750563
0,0.2236,10033
0,0.2236,11829
0,0.2236,12338
0,0.2236,13027
0,0.2236,13127
0,0.2236,13315
0,0.2236,13583
0,0.2236,13666
0,0.2236,13707
0,0.2236,19845
0,0.2236,21166
0,0.2236,24695
0,0.2236,30421
0,0.2236,33672
0,0.2236,48530
0,0.2236,52099
0,0.2236,54248
0,0.2236,58972
0,0.2236,63930
0,0.2236,66445
0,0.2236,77810
0,0.2236,520787
0,0.2236,522706
0,0.2236,545180
0,0.2236,555967
0,0.2237,10254
0,0.2237,11135
0,0.2237,11379
0,0.2237,12425
0,0.2237,12511
0,0.2237,13725
0,0.2237,14607
0,0.2237,17350
0,0.2237,18884
0,0.2237,19949
0,0.2237,29541
0,0.2237,34247
0,0.2237,52773
0,0.2237,53108
0,0.2237,53326
0,0.2237,53719
0,0.2237,55990
0,0.2237,69646
0,0.2237,93150
0,0.2237,156395
0,0.2237,516322
0,0.2237,808650
0,0.2238,10263
0,0.2238,12231
0,0.2238,14319
0,0.2238,14609
0,0.2238,14895
0,0.2238,28293
0,0.2238,45016
0,0.2238,52614
0,0.2238,54860
0,0.2238,72678
0,0.2238,75409
0,0.2238,85617
0,0.2238,87178
0,0.2238,88799
0,0.2238,128686
0,0.2239,10201
0,0.2239,10296
0,0.2239,10613
0,0.2239,10702
0,0.2239,10736
0,0.2239,11369
0,0.2239,11991
0,0.2239,11993
0,0.2239,17175
0,0.2239,40350
0,0.2239,56072
0,0.2239,78858
0,0.2239,112749
0,0.2239,381503
0,0.2239,514688
0,0.2239,527430
0,0.2239,529154
0,0.2239,535316
0,0.2240,10399
0,0.2240,10461
0,0.2240,10650
0,0.2240,11345
0,0.2240,12164
0,0.2240,13046
0,0.2240,13550
0,0.2240,14665
0,0.2240,16228
0,0.2240,17484
0,0.2240,20197
0,0.2240,23700
0,0.2240,26532
0,0.2240,29144
0,0.2240,30613
0,0.2240,31247
0,0.2240,38573
0,0.2240,46888
0,0.2240,55120
0,0.2240,70928
0,0.2240,85916
0,0.2240,90310
0,0.2240,151346
0,0.2240,543774
0,0.2241,10209
0,0.2241,10561
0,0.2241,10906
0,0.2241,11342
0,0.2241,11501
0,0.2241,11837
0,0.2241,11914
0,0.2241,13225
0,0.2241,13379
0,0.2241,15823
0,0.2241,16107
0,0.2241,16636
0,0.2241,18016
0,0.2241,18875
0,0.2241,20001
0,0.2241,22338
0,0.2241,22463
0,0.2241,23732
0,0.2241,28691
0,0.2241,35155
0,0.2241,36577
0,0.2241,38549
0,0.2241,41175
0,0.2241,46617
0,0.2241,53416
0,0.2241,79950
0,0.2241,109635
0,0.2241,112473
0,0.2241,262865
0,0.2241,513175
0,0.2241,535279
0,0.2241,564824
0,0.2242,10005
0,0.2242,11105
0,0.2242,11289
0,0.2242,12728
0,0.2242,14874
0,0.2242,15237
0,0.2242,15662
0,0.2242,16188
0,0.2242,20044
0,0.2242,20311
0,0.2242,21756
0,0.2242,26102
0,0.2242,41204
0,0.2242,50256
0,0.2242,54741
0,0.2242,126247
0,0.2242,514291
0,0.2242,514687
0,0.2242,800329
0,0.2243,10126
0,0.2243,10169
0,0.2243,10569
0,0.2243,10942
0,0.2243,11399
0,0.2243,11620
0,0.2243,11681
0,0.2243,11828
0,0.2243,14161
0,0.2243,14334
0,0.2243,17319
0,0.2243,22787
0,0.2243,26263
0,0.2243,27128
0,0.2243,28086
0,0.2243,28640
0,0.2243,30776
0,0.2243,39909
0,0.2243,46297
0,0.2243,53144
0,0.2243,53918
0,0.2243,63482
0,0.2243,73783
0,0.2243,80951
0,0.2243,111109
0,0.2243,147959
0,0.2243,151445
0,0.2243,159277
0,0.2243,519616
0,0.2243,527357
0,0.2243,527410
0,0.2243,544439
0,0.2243,580637
0,0.2243,918582
0,0.2243,383044585
0,0.2244,10109
0,0.2244,10515
0,0.2244,12061
0,0.2244,20739
0,0.2244,25972
0,0.2244,27416
0,0.2244,29176
0,0.2244,49307
0,0.2244,51479
0,0.2244,69650
0,0.2244,76309
0,0.2244,83341
0,0.2244,83886
0,0.2244,134256
0,0.2244,509223
0,0.2244,519869
0,0.2244,524152
0,0.2245,10039
0,0.2245,12905
0,0.2245,13259
0,0.2245,13582
0,0.2245,17027
0,0.2245,19743
0,0.2245,22224
0,0.2245,23339
0,0.2245,25963
0,0.2245,47617
0,0.2245,49255
0,0.2245,66424
0,0.2245,76172
0,0.2245,99080
0,0.2245,130279
0,0.2245,185726
0,0.2245,209929
0,0.2245,247232
0,0.2245,523828
0,0.2246,10138
0,0.2246,10463
0,0.2246,10487
0,0.2246,10670
0,0.2246,11292
0,0.2246,11469
0,0.2246,12012
0,0.2246,12929
0,0.2246,13998
0,0.2246,14514
0,0.2246,20287
0,0.2246,22717
0,0.2246,36291
0,0.2246,49225
0,0.2246,75909
0,0.2246,116827
0,0.2246,146273
0,0.2246,167190
0,0.2246,513052
0,0.2246,527409
0,0.2246,531708
0,0.2246,555966
0,0.2246,801140
0,0.2246,802843
0,0.2246,804989
0,0.2247,10390
0,0.2247,10905
0,0.2247,11400
0,0.2247,12371
0,0.2247,13480
0,0.2247,14360
0,0.2247,17014
0,0.2247,17847
0,0.2247,18203
0,0.2247,20445
0,0.2247,21567
0,0.2247,23401
0,0.2247,23737
0,0.2247,25927
0,0.2247,28525
0,0.2247,29232
0,0.2247,35514
0,0.2247,47932
0,0.2247,49689
0,0.2247,51350
0,0.2247,62645
0,0.2247,140755
0,0.2247,147169
0,0.2247,527469
0,0.2247,580417
0,0.2247,801088
0,0.2247,812106
0,0.2248,10074
0,0.2248,10118
0,0.2248,10522
0,0.2248,11531
0,0.2248,11817
0,0.2248,14506
0,0.2248,15353
0,0.2248,16281
0,0.2248,16649
0,0.2248,18867
0,0.2248,19873
0,0.2248,28758
0,0.2248,46783
0,0.2248,46954
0,0.2248,67451
0,0.2248,79370
0,0.2248,515161
0,0.2248,800898
0,0.2249,10065
0,0.2249,10176
0,0.2249,10377
0,0.2249,11294
0,0.2249,12241
0,0.2249,12717
0,0.2249,12890
0,0.2249,12994
0,0.2249,13821
0,0.2249,16141
0,0.2249,18049
0,0.2249,19487
0,0.2249,29604
0,0.2249,33542
0,0.2249,36026
0,0.2249,43785
0,0.2249,111512
0,0.2249,124962
0,0.2249,135739
0,0.2249,142998
0,0.2249,515070
0,0.2249,515158
0,0.2249,519132
0,0.2249,521437
0,0.2249,521575
0,0.2249,524164
0,0.2249,536845
0,0.2249,551294
0,0.2249,569984
0,0.2249,809322
0,0.2250,10049
0,0.2250,11229
0,0.2250,12152
0,0.2250,12571
0,0.2250,13571
0,0.2250,13944
0,0.2250,22806
0,0.2250,23477
0,0.2250,31196
0,0.2250,40685
0,0.2250,73491
0,0.2250,518153
0,0.2250,519242
0,0.2250,520916
0,0.2250,555318
0,0.2250,800171
0,0.2250,908274
0,0.2251,10123
0,0.2251,10397
0,0.2251,11355
0,0.2251,11788
0,0.2251,18084
0,0.2251,20823
0,0.2251,21242
0,0.2251,21860
0,0.2251,27128
0,0.2251,40001
0,0.2251,56609
0,0.2251,108362
0,0.2251,520466
0,0.2251,521771
0,0.2251,544258
0,0.2251,546406
0,0.2252,14961
0,0.2252,16136
0,0.2252,18417
0,0.2252,21100
0,0.2252,29590
0,0.2252,35927
0,0.2252,41787
0,0.2252,53128
0,0.2252,121759
0,0.2252,133908
0,0.2252,147169
0,0.2252,517351
0,0.2252,800323
0,0.2253,12977
0,0.2253,27614
0,0.2253,31291
0,0.2253,32784
0,0.2253,34247
0,0.2253,38688
0,0.2253,42307
0,0.2253,45451
0,0.2253,91123
0,0.2253,98782
0,0.2253,168466
0,0.2253,552393
0,0.2253,558846
0,0.2253,800383
0,0.2254,10867
0,0.2254,11174
0,0.2254,11478
0,0.2254,11603
0,0.2254,11744
0,0.2254,15547
0,0.2254,17310
0,0.2254,18637
0,0.2254,21709
0,0.2254,23854
0,0.2254,27151
0,0.2254,49696
0,0.2254,54383
0,0.2254,54749
0,0.2254,64117
0,0.2254,133908
0,0.2254,520007
0,0.2255,10305
0,0.2255,10622
0,0.2255,10756
0,0.2255,11283
0,0.2255,11722
0,0.2255,11725
0,0.2255,11761
0,0.2255,13767
0,0.2255,20141
0,0.2255,26485
0,0.2255,53326
0,0.2255,116012
0,0.2255,121384
0,0.2255,513945
0,0.2255,524238
0,0.2255,926154
0,0.2256,10376
0,0.2256,10904
0,0.2256,11736
0,0.2256,12309
0,0.2256,13153
0,0.2256,14962
0,0.2256,20647
0,0.2256,30806
0,0.2256,44302
0,0.2256,53813
0,0.2256,116162
0,0.2256,118825
0,0.2256,123543
0,0.2256,127577
0,0.2256,192978
0,0.2256,804106
0,0.2256,804989
0,0.2256,903561
0,0.2256,926518
0,0.2257,11359
0,0.2257,11517
0,0.2257,11608
0,0.2257,11749
0,0.2257,11975
0,0.2257,12965
0,0.2257,13479
0,0.2257,14343
0,0.2257,19828
0,0.2257,19938
0,0.2257,21047
0,0.2257,22243
0,0.2257,26239
0,0.2257,49102
0,0.2257,61941
0,0.2257,153662
0,0.2257,523351
0,0.2257,529519
0,0.2257,532655
0,0.2257,800073
0,0.2258,10140
0,0.2258,10996
0,0.2258,11253
0,0.2258,17325
0,0.2258,18726
0,0.2258,18854
0,0.2258,18994
0,0.2258,20581
0,0.2258,22166
0,0.2258,23533
0,0.2258,24394
0,0.2258,24828
0,0.2258,25616
0,0.2258,26168
0,0.2258,27627
0,0.2258,32752
0,0.2258,52572
0,0.2258,67398
0,0.2258,105437
0,0.2258,511801
0,0.2258,518153
0,0.2258,520003
0,0.2258,524208
0,0.2258,534195
0,0.2259,10628
0,0.2259,10973
0,0.2259,12460
0,0.2259,13172
0,0.2259,16651
0,0.2259,19467
0,0.2259,22276
0,0.2259,25439
0,0.2259,35196
0,0.2259,37558
0,0.2259,37951
0,0.2259,53326
0,0.2259,62528
0,0.2259,79193
0,0.2259,87245
0,0.2259,525105
0,0.2259,527470
0,0.2259,529429
0,0.2259,809744
0,0.2260,10096
0,0.2260,10133
0,0.2260,10929
0,0.2260,12534
0,0.2260,12711
0,0.2260,13610
0,0.2260,14019
0,0.2260,23762
0,0.2260,32250
0,0.2260,41174
0,0.2260,50215
0,0.2260,55306
0,0.2260,79631
0,0.2260,84581
0,0.2260,104131
0,0.2260,515266
0,0.2260,520931
0,0.2260,524797
0,0.2260,802361
0,0.2260,810889
0,0.2260,856359
0,0.2261,10459
0,0.2261,10632
0,0.2261,11323
0,0.2261,11992
0,0.2261,13621
0,0.2261,16426
0,0.2261,16508
0,0.2261,37891
0,0.2261,53918
0,0.2261,55061
0,0.2261,63927
0,0.2261,68997
0,0.2261,77967
0,0.2261,78066
0,0.2261,148486
0,0.2261,816543
0,0.2262,11099
0,0.2262,11281
0,0.2262,11523
0,0.2262,11930
0,0.2262,11990
0,0.2262,12958
0,0.2262,13384
0,0.2262,13981
0,0.2262,14685
0,0.2262,18730
0,0.2262,20867
0,0.2262,28406
0,0.2262,38262
0,0.2262,40451
0,0.2262,40838
0,0.2262,47491
0,0.2262,69837
0,0.2262,72111
0,0.2262,452352
0,0.2262,514337
0,0.2262,519970
0,0.2262,521935
0,0.2262,522891
0,0.2262,811544
0,0.2263,10084
0,0.2263,10198
0,0.2263,10470
0,0.2263,11525
0,0.2263,11952
0,0.2263,12050
0,0.2263,12320
0,0.2263,12603
0,0.2263,12606
0,0.2263,13334
0,0.2263,14661
0,0.2263,20926
0,0.2263,24941
0,0.2263,27627
0,0.2263,36146
0,0.2263,38510
0,0.2263,39727
0,0.2263,43546
0,0.2263,49945
0,0.2263,56288
0,0.2263,94043
0,0.2263,96721
0,0.2263,124690
0,0.2263,519317
0,0.2263,520002
0,0.2263,530777
0,0.2263,536845
0,0.2263,562451
0,0.2263,914259
0,0.2264,11050
0,0.2264,11594
0,0.2264,11703
0,0.2264,17569
0,0.2264,18165
0,0.2264,24804
0,0.2264,44568
0,0.2264,51735
0,0.2264,56364
0,0.2264,100237
0,0.2264,106885
0,0.2264,114364
0,0.2264,517359
0,0.2264,541683
0,0.2264,800226
0,0.2264,801246
0,0.2265,10074
0,0.2265,10524
0,0.2265,14573
0,0.2265,16207
0,0.2265,19665
0,0.2265,19921
0,0.2265,21382
0,0.2265,23896
0,0.2265,28604
0,0.2265,29231
0,0.2265,36258
0,0.2265,39922
0,0.2265,47633
0,0.2265,48274
0,0.2265,57043
0,0.2265,58779
0,0.2265,102716
0,0.2265,123841
0,0.2265,124404
0,0.2265,518580
0,0.2265,521158
0,0.2265,523060
0,0.2265,555712
0,0.2265,801267
0,0.2266,10564
0,0.2266,10727
0,0.2266,11244
0,0.2266,11634
0,0.2266,12111
0,0.2266,12354
0,0.2266,13386
0,0.2266,13431
0,0.2266,13716
0,0.2266,29997
0,0.2266,34321
0,0.2266,51205
0,0.2266,53002
0,0.2266,56430
0,0.2266,62648
0,0.2266,63336
0,0.2266,72871
0,0.2266,129758
0,0.2266,516568
0,0.2266,550868
0,0.2267,10134
0,0.2267,10321
0,0.2267,11471
0,0.2267,11900
0,0.2267,12109
0,0.2267,16526
0,0.2267,18834
0,0.2267,22917
0,0.2267,26497
0,0.2267,33165
0,0.2267,41571
0,0.2267,44995
0,0.2267,46960
0,0.2267,51401
0,0.2267,53849
0,0.2267,60236
0,0.2267,62528
0,0.2267,77451
0,0.2267,87697
0,0.2267,158604
0,0.2267,517458
0,0.2267,800241
0,0.2268,10429
0,0.2268,10540
0,0.2268,11546
0,0.2268,11922
0,0.2268,14821
0,0.2268,15183
0,0.2268,26071
0,0.2268,26625
0,0.2268,28855
0,0.2268,31082
0,0.2268,39054
0,0.2268,39802
0,0.2268,41135
0,0.2268,56522
0,0.2268,58836
0,0.2268,75310
0,0.2268,105827
0,0.2268,177010
0,0.2268,513499
0,0.2268,513945
0,0.2268,520787
0,0.2268,523591
0,0.2268,532766
0,0.2268,532869
0,0.2268,911658
0,0.2269,10408
0,0.2269,10456
0,0.2269,10473
0,0.2269,10877
0,0.2269,11262
0,0.2269,11467
0,0.2269,11514
0,0.2269,17614
0,0.2269,19767
0,0.2269,21332
0,0.2269,31733
0,0.2269,51603
0,0.2269,54628
0,0.2269,78494
0,0.2269,118532
0,0.2269,183161
0,0.2269,515096
0,0.2269,519850
0,0.2269,521581
0,0.2269,808650
0,0.2269,809322
0,0.2269,814586
0,0.2269,943251
0,0.2270,10977
0,0.2270,11783
0,0.2270,11870
0,0.2270,11956
0,0.2270,37336
0,0.2270,39005
0,0.2270,41272
0,0.2270,46430
0,0.2270,57888
0,0.2270,58226
0,0.2270,65609
0,0.2270,67070
0,0.2270,68606
0,0.2270,76394
0,0.2270,77609
0,0.2270,79776
0,0.2270,94050
0,0.2270,103964
0,0.2270,140586
0,0.2270,251420
0,0.2270,523544
0,0.2270,800868
0,0.2270,802097
0,0.2271,10472
0,0.2271,10716
0,0.2271,10835
0,0.2271,11030
0,0.2271,11558
0,0.2271,12121
0,0.2271,12283
0,0.2271,12338
0,0.2271,17570
0,0.2271,20397
0,0.2271,20459
0,0.2271,28584
0,0.2271,29244
0,0.2271,32247
0,0.2271,53326
0,0.2271,58140
0,0.2271,76894
0,0.2271,79979
0,0.2271,436612
0,0.2271,515069
0,0.2271,521439
0,0.2271,902445
0,0.2272,10650
0,0.2272,12171
0,0.2272,16600
0,0.2272,16648
0,0.2272,19305
0,0.2272,21851
0,0.2272,27934
0,0.2272,34761
0,0.2272,43179
0,0.2272,47748
0,0.2272,64701
0,0.2272,65486
0,0.2272,69089
0,0.2272,70171
0,0.2272,108124
0,0.2272,119868
0,0.2272,130656
0,0.2272,515803
0,0.2272,519585
0,0.2272,520668
0,0.2272,521108
0,0.2272,526801
0,0.2272,806173
0,0.2273,10593
0,0.2273,11379
0,0.2273,12298
0,0.2273,12332
0,0.2273,12837
0,0.2273,16005
0,0.2273,17156
0,0.2273,18305
0,0.2273,18776
0,0.2273,20620
0,0.2273,28588
0,0.2273,48178
0,0.2273,50232
0,0.2273,57684
0,0.2273,58738
0,0.2273,116737
0,0.2273,118825
0,0.2273,176598
0,0.2273,260257
0,0.2273,267437
0,0.2273,515155
0,0.2273,800269
0,0.2273,800392
0,0.2273,801280
0,0.2274,10423
0,0.2274,10604
0,0.2274,13972
0,0.2274,14897
0,0.2274,20272
0,0.2274,25229
0,0.2274,49632
0,0.2274,52616
0,0.2274,63645
0,0.2274,64525
0,0.2274,68887
0,0.2274,128150
0,0.2274,580814
0,0.2274,800157
0,0.2274,800845
0,0.2275,10249
0,0.2275,11991
0,0.2275,13194
0,0.2275,13450
0,0.2275,15920
0,0.2275,16921
0,0.2275,17722
0,0.2275,18840
0,0.2275,26642
0,0.2275,34385
0,0.2275,41805
0,0.2275,42124
0,0.2275,46154
0,0.2275,50497
0,0.2275,70022
0,0.2275,110773
0,0.2275,119868
0,0.2275,124962
0,0.2275,137731
0,0.2275,517330
0,0.2275,523998
0,0.2275,563873
0,0.2276,10262
0,0.2276,10402
0,0.2276,10629
0,0.2276,10767
0,0.2276,10942
0,0.2276,11501
0,0.2276,11993
0,0.2276,14243
0,0.2276,15746
0,0.2276,16434
0,0.2276,18937
0,0.2276,22833
0,0.2276,23012
0,0.2276,23743
0,0.2276,24064
0,0.2276,26095
0,0.2276,26766
0,0.2276,46790
0,0.2276,48515
0,0.2276,59035
0,0.2276,59746
0,0.2276,64908
0,0.2276,68701
0,0.2276,74103
0,0.2276,84701
0,0.2276,98499
0,0.2276,513418
0,0.2276,514324
0,0.2276,514426
0,0.2276,800147
0,0.2276,800206
0,0.2277,10209
0,0.2277,11289
0,0.2277,11828
0,0.2277,12023
0,0.2277,12162
0,0.2277,12259
0,0.2277,12756
0,0.2277,20402
0,0.2277,23151
0,0.2277,29826
0,0.2277,32835
0,0.2277,40435
0,0.2277,44781
0,0.2277,47515
0,0.2277,47746
0,0.2277,48975
0,0.2277,50560
0,0.2277,52875
0,0.2277,100441
0,0.2277,514858
0,0.2277,526767
0,0.2277,800257
0,0.2277,809744
0,0.2278,11342
0,0.2278,11556
0,0.2278,11620
0,0.2278,11914
0,0.2278,15244
0,0.2278,17573
0,0.2278,18575
0,0.2278,20123
0,0.2278,20995
0,0.2278,26423
0,0.2278,29090
0,0.2278,35113
0,0.2278,42698
0,0.2278,67722
0,0.2278,73560
0,0.2278,107502
0,0.2278,256432
0,0.2278,511807
0,0.2278,529445
0,0.2278,555319
0,0.2278,806606
0,0.2279,10169
0,0.2279,10208
0,0.2279,10736
0,0.2279,11210
0,0.2279,11345
0,0.2279,11837
0,0.2279,13315
0,0.2279,13560
0,0.2279,15693
0,0.2279,16167
0,0.2279,16416
0,0.2279,29750
0,0.2279,30421
0,0.2279,42495
0,0.2279,45513
0,0.2279,48231
0,0.2279,51516
0,0.2279,52614
0,0.2279,61113
0,0.2279,94994
0,0.2279,121759
0,0.2279,530957
0,0.2279,532768
0,0.2280,10026
0,0.2280,10201
0,0.2280,12186
0,0.2280,14510
0,0.2280,19108
0,0.2280,31206
0,0.2280,33248
0,0.2280,63645
0,0.2280,79945
0,0.2280,127894
0,0.2280,524207
0,0.2280,527577
0,0.2280,800911
0,0.2281,12840
0,0.2281,13089
0,0.2281,14843
0,0.2281,15970
0,0.2281,18016
0,0.2281,18075
0,0.2281,19647
0,0.2281,22852
0,0.2281,24352
0,0.2281,30120
0,0.2281,30885
0,0.2281,33987
0,0.2281,35187
0,0.2281,38204
0,0.2281,40001
0,0.2281,48739
0,0.2281,89594
0,0.2281,105377
0,0.2281,514579
0,0.2281,535279
0,0.2282,10515
0,0.2282,11143
0,0.2282,11390
0,0.2282,11521
0,0.2282,11624
0,0.2282,11816
0,0.2282,14437
0,0.2282,15517
0,0.2282,16437
0,0.2282,17107
0,0.2282,20986
0,0.2282,21263
0,0.2282,38916
0,0.2282,43380
0,0.2282,52575
0,0.2282,90310
0,0.2282,423539
0,0.2282,512816
0,0.2282,802751
0,0.2282,902180
0,0.2282,904246
0,0.2282,918582
0,0.2283,10237
0,0.2283,10378
0,0.2283,10463
0,0.2283,10469
0,0.2283,10482
0,0.2283,10530
0,0.2283,12934
0,0.2283,13550
0,0.2283,17406
0,0.2283,19333
0,0.2283,21637
0,0.2283,37744
0,0.2283,38821
0,0.2283,55672
0,0.2283,56991
0,0.2283,58157
0,0.2283,74106
0,0.2283,78234
0,0.2283,115267
0,0.2283,127397
0,0.2283,221876
0,0.2283,552867
0,0.2284,10905
0,0.2284,11292
0,0.2284,11400
0,0.2284,12509
0,0.2284,15507
0,0.2284,20960
0,0.2284,23401
0,0.2284,24841
0,0.2284,27589
0,0.2284,32321
0,0.2284,42701
0,0.2284,42919
0,0.2284,48218
0,0.2284,50278
0,0.2284,57772
0,0.2284,95835
0,0.2284,112040
0,0.2284,114510
0,0.2284,520574
0,0.2284,521157
0,0.2284,529417
0,0.2284,555969
0,0.2284,800162
0,0.2284,801391
0,0.2284,824223
0,0.2284,903689
0,0.2285,10126
0,0.2285,10522
0,0.2285,10704
0,0.2285,11531
0,0.2285,11606
0,0.2285,12057
0,0.2285,12896
0,0.2285,14158
0,0.2285,19845
0,0.2285,22473
0,0.2285,25245
0,0.2285,29861
0,0.2285,48110
0,0.2285,57335
0,0.2285,62624
0,0.2285,66954
0,0.2285,70740
0,0.2285,82543
0,0.2285,118825
0,0.2285,247232
0,0.2286,10397
0,0.2286,11082
0,0.2286,12351
0,0.2286,13556
0,0.2286,14391
0,0.2286,14430
0,0.2286,16433
0,0.2286,18466
0,0.2286,24315
0,0.2286,25786
0,0.2286,41754
0,0.2286,45980
0,0.2286,78067
0,0.2286,80094
0,0.2286,516097
0,0.2286,564174
0,0.2286,800178
0,0.2286,830514
0,0.2286,904036
0,0.2287,10935
0,0.2287,11341
0,0.2287,11583
0,0.2287,12367
0,0.2287,13356
0,0.2287,14161
0,0.2287,14530
0,0.2287,15647
0,0.2287,18015
0,0.2287,18334
0,0.2287,22977
0,0.2287,23204
0,0.2287,23477
0,0.2287,24985
0,0.2287,33502
0,0.2287,49910
0,0.2287,54382
0,0.2287,63944
0,0.2287,96307
0,0.2287,147169
0,0.2287,519588
0,0.2287,521171
0,0.2287,522828
0,0.2287,550868
0,0.2287,555318
0,0.2287,556574
0,0.2287,819835
0,0.2288,10039
0,0.2288,10254
0,0.2288,10297
0,0.2288,11478
0,0.2288,11722
0,0.2288,11744
0,0.2288,12387
0,0.2288,13940
0,0.2288,16993
0,0.2288,18841
0,0.2288,20324
0,0.2288,21098
0,0.2288,21267
0,0.2288,28730
0,0.2288,39485
0,0.2288,74909
0,0.2288,159400
0,0.2288,173968
0,0.2288,522770
0,0.2288,579253
0,0.2289,10065
0,0.2289,10569
0,0.2289,11294
0,0.2289,11409
0,0.2289,11517
0,0.2289,11736
0,0.2289,12037
0,0.2289,13666
0,0.2289,14722
0,0.2289,17540
0,0.2289,18824
0,0.2289,19143
0,0.2289,21567
0,0.2289,23854
0,0.2289,33405
0,0.2289,89250
0,0.2289,92866
0,0.2289,114223
0,0.2289,132166
0,0.2289,516317
0,0.2289,517532
0,0.2289,524238
0,0.2289,526634
0,0.2289,532655
0,0.2289,533588
0,0.2289,536845
0,0.2289,801478
0,0.2289,915497
0,0.2290,10140
0,0.2290,11725
0,0.2290,13821
0,0.2290,15506
0,0.2290,16706
0,0.2290,22105
0,0.2290,27379
0,0.2290,27416
0,0.2290,29590
0,0.2290,37147
0,0.2290,38068
0,0.2290,54307
0,0.2290,57932
0,0.2290,62528
0,0.2290,109011
0,0.2290,111874
0,0.2290,114513
0,0.2290,520916
0,0.2291,10359
0,0.2291,10376
0,0.2291,10561
0,0.2291,11975
0,0.2291,13230
0,0.2291,14066
0,0.2291,15662
0,0.2291,17650
0,0.2291,17904
0,0.2291,31345
0,0.2291,38260
0,0.2291,38538
0,0.2291,59422
0,0.2291,74523
0,0.2291,512745
0,0.2291,521197
0,0.2291,800117
0,0.2291,800145
0,0.2291,800373
0,0.2292,11359
0,0.2292,11399
0,0.2292,12717
0,0.2292,12994
0,0.2292,14139
0,0.2292,18634
0,0.2292,19953
0,0.2292,21338
0,0.2292,26845
0,0.2292,31166
0,0.2292,33047
0,0.2292,35196
0,0.2292,40542
0,0.2292,44147
0,0.2292,51116
0,0.2292,53456
0,0.2292,58623
0,0.2292,68686
0,0.2292,71008
0,0.2292,130279
0,0.2292,159277
0,0.2292,192978
0,0.2292,519242
0,0.2292,519692
0,0.2292,529665
0,0.2292,538094
0,0.2292,551294
0,0.2292,801002
0,0.2292,803237
0,0.2293,10264
0,0.2293,11135
0,0.2293,12541
0,0.2293,12977
0,0.2293,13664
0,0.2293,18049
0,0.2293,22243
0,0.2293,27128
0,0.2293,42373
0,0.2293,44000
0,0.2293,54892
0,0.2293,79723
0,0.2293,98526
0,0.2293,530791
0,0.2294,10221
0,0.2294,10305
0,0.2294,10929
0,0.2294,11603
0,0.2294,16124
0,0.2294,16601
0,0.2294,18536
0,0.2294,32482
0,0.2294,32890
0,0.2294,36333
0,0.2294,55406
0,0.2294,118825
0,0.2294,195277
0,0.2294,537613
0,0.2294,800236
0,0.2295,10133
0,0.2295,10390
0,0.2295,10786
0,0.2295,10806
0,0.2295,11229
0,0.2295,11402
0,0.2295,11788
0,0.2295,11931
0,0.2295,12765
0,0.2295,12929
0,0.2295,14922
0,0.2295,18726
0,0.2295,25288
0,0.2295,31348
0,0.2295,48329
0,0.2295,71900
0,0.2295,515091
0,0.2295,529031
0,0.2295,529429
0,0.2296,10808
0,0.2296,11721
0,0.2296,16188
0,0.2296,17325
0,0.2296,17566
0,0.2296,21798
0,0.2296,22166
0,0.2296,23496
0,0.2296,26387
0,0.2296,28525
0,0.2296,35798
0,0.2296,36351
0,0.2296,58157
0,0.2296,85916
0,0.2296,132204
0,0.2296,159185
0,0.2296,527470
0,0.2296,555967
0,0.2297,11092
0,0.2297,13018
0,0.2297,13116
0,0.2297,13375
0,0.2297,13423
0,0.2297,18695
0,0.2297,20581
0,0.2297,22276
0,0.2297,22671
0,0.2297,26602
0,0.2297,27157
0,0.2297,30992
0,0.2297,40559
0,0.2297,60195
0,0.2297,90640
0,0.2297,97457
0,0.2297,280660
0,0.2297,520002
0,0.2297,545066
0,0.2297,807225
0,0.2298,10096
0,0.2298,10176
0,0.2298,10632
0,0.2298,11058
0,0.2298,11281
0,0.2298,11761
0,0.2298,11992
0,0.2298,12702
0,0.2298,13147
0,0.2298,14340
0,0.2298,20200
0,0.2298,24502
0,0.2298,26223
0,0.2298,27614
0,0.2298,37622
0,0.2298,41345
0,0.2298,62429
0,0.2298,98081
0,0.2298,102133
0,0.2298,188051
0,0.2298,524164
0,0.2298,524208
0,0.2298,524990
0,0.2298,801736
0,0.2298,801936
0,0.2298,918902
0,0.2299,10111
0,0.2299,11099
0,0.2299,11112
0,0.2299,11523
0,0.2299,12782
0,0.2299,18909
0,0.2299,25195
0,0.2299,26813
0,0.2299,47002
0,0.2299,49376
0,0.2299,76504
0,0.2299,83381
0,0.2299,98455
0,0.2299,110372
0,0.2299,124599
0,0.2299,163811
0,0.2299,190419
0,0.2299,260257
0,0.2299,516780
0,0.2299,521935
0,0.2299,530777
0,0.2299,800329
0,0.2299,805477
0,0.2300,10118
0,0.2300,10459
0,0.2300,12163
0,0.2300,13886
0,0.2300,14985
0,0.2300,16276
0,0.2300,20910
0,0.2300,24828
0,0.2300,35634
0,0.2300,39719
0,0.2300,51391
0,0.2300,54787
0,0.2300,62314
0,0.2300,88157
0,0.2300,516162
0,0.2300,821509
0,0.2301,10296
0,0.2301,11244
0,0.2301,12111
0,0.2301,12454
0,0.2301,12732
0,0.2301,15753
0,0.2301,19579
0,0.2301,22569
0,0.2301,28406
0,0.2301,30469
0,0.2301,31397
0,0.2301,36844
0,0.2301,41869
0,0.2301,48056
0,0.2301,56390
0,0.2301,76958
0,0.2301,210889
0,0.2301,518903
0,0.2301,536992
0,0.2301,567978
0,0.2302,11080
0,0.2302,13027
0,0.2302,13283
0,0.2302,13684
0,0.2302,15353
0,0.2302,16801
0,0.2302,17319
0,0.2302,18730
0,0.2302,29166
0,0.2302,38538
0,0.2302,38819
0,0.2302,44741
0,0.2302,71418
0,0.2302,96213
0,0.2302,555875
0,0.2302,933913
0,0.2303,11922
0,0.2303,12511
0,0.2303,18165
0,0.2303,18203
0,0.2303,21132
0,0.2303,26419
0,0.2303,31117
0,0.2303,40568
0,0.2303,84551
0,0.2303,99721
0,0.2303,142053
0,0.2303,520787
0,0.2303,523828
0,0.2303,539787
0,0.2303,564824
0,0.2303,908572
0,0.2304,11262
0,0.2304,11829
0,0.2304,13470
0,0.2304,16422
0,0.2304,18798
0,0.2304,21876
0,0.2304,26860
0,0.2304,44377
0,0.2304,49570
0,0.2304,64230
0,0.2304,90364
0,0.2304,109271
0,0.2304,110773
0,0.2304,118825
0,0.2304,514009
0,0.2304,514727
0,0.2304,519270
0,0.2304,519693
0,0.2304,532662
0,0.2304,924167
0,0.2305,10447
0,0.2305,11546
0,0.2305,11870
0,0.2305,11952
0,0.2305,12241
0,0.2305,12735
0,0.2305,19921
0,0.2305,21166
0,0.2305,23241
0,0.2305,25951
0,0.2305,31331
0,0.2305,34247
0,0.2305,37955
0,0.2305,41302
0,0.2305,45811
0,0.2305,48521
0,0.2305,49754
0,0.2305,50929
0,0.2305,78143
0,0.2305,90549
0,0.2305,511758
0,0.2305,514277
0,0.2305,515642
0,0.2305,531768
0,0.2305,917516
0,0.2306,10470
0,0.2306,10540
0,0.2306,11141
0,0.2306,11783
0,0.2306,12320
0,0.2306,14666
0,0.2306,18108
0,0.2306,18262
0,0.2306,23132
0,0.2306,28680
0,0.2306,43652
0,0.2306,44745
0,0.2306,44846
0,0.2306,56966
0,0.2306,69620
0,0.2306,512796
0,0.2306,814625
0,0.2307,10473
0,0.2307,10653
0,0.2307,11594
0,0.2307,12338
0,0.2307,12354
0,0.2307,13621
0,0.2307,18939
0,0.2307,25476
0,0.2307,29176
0,0.2307,44667
0,0.2307,45187
0,0.2307,53320
0,0.2307,62574
0,0.2307,63327
0,0.2307,80007
0,0.2307,88538
0,0.2307,97536
0,0.2307,98590
0,0.2307,107502
0,0.2307,109011
0,0.2307,521437
0,0.2307,523591
0,0.2307,547655
0,0.2308,10084
0,0.2308,13145
0,0.2308,13431
0,0.2308,14319
0,0.2308,14427
0,0.2308,17825
0,0.2308,19290
0,0.2308,31119
0,0.2308,38043
0,0.2308,43616
0,0.2308,44472
0,0.2308,49551
0,0.2308,100307
0,0.2308,109145
0,0.2308,153948
0,0.2308,519368
0,0.2308,521158
0,0.2308,532800
0,0.2308,800917
0,0.2308,804090
0,0.2309,10285
0,0.2309,11379
0,0.2309,11930
0,0.2309,12061
0,0.2309,16206
0,0.2309,24067
0,0.2309,26129
0,0.2309,33229
0,0.2309,39491
0,0.2309,39825
0,0.2309,51537
0,0.2309,54144
0,0.2309,63883
0,0.2309,100500
0,0.2309,103941
0,0.2309,128455
0,0.2309,173628
0,0.2309,527410
0,0.2310,10524
0,0.2310,10613
0,0.2310,10942
0,0.2310,11105
0,0.2310,11991
0,0.2310,14343
0,0.2310,17757
0,0.2310,18332
0,0.2310,19767
0,0.2310,25166
0,0.2310,36062
0,0.2310,64795
0,0.2310,195727
0,0.2310,513419
0,0.2310,517458
0,0.2310,532800
0,0.2310,555966
0,0.2311,11289
0,0.2311,11501
0,0.2311,11828
0,0.2311,13435
0,0.2311,13571
0,0.2311,13716
0,0.2311,15133
0,0.2311,15928
0,0.2311,16460
0,0.2311,17800
0,0.2311,30539
0,0.2311,34914
0,0.2311,48131
0,0.2311,51750
0,0.2311,75242
0,0.2311,85147
0,0.2311,522891
0,0.2312,11050
0,0.2312,11477
0,0.2312,11620
0,0.2312,11993
0,0.2312,16083
0,0.2312,18484
0,0.2312,39217
0,0.2312,52235
0,0.2312,52583
0,0.2312,54628
0,0.2312,63508
0,0.2312,78992
0,0.2312,512010
0,0.2312,519589
0,0.2312,908951
0,0.2313,10201
0,0.2313,11837
0,0.2313,12815
0,0.2313,13221
0,0.2313,20620
0,0.2313,23487
0,0.2313,26551
0,0.2313,30105
0,0.2313,48530
0,0.2313,52641
0,0.2313,64457
0,0.2313,90310
0,0.2313,167893
0,0.2313,514598
0,0.2313,518788
0,0.2313,519842
0,0.2313,545293
0,0.2313,800344
0,0.2313,800551
0,0.2313,805313
0,0.2313,810889
0,0.2314,10169
0,0.2314,10456
0,0.2314,10756
0,0.2314,11215
0,0.2314,11914
0,0.2314,16107
0,0.2314,18044
0,0.2314,18179
0,0.2314,19828
0,0.2314,20402
0,0.2314,26102
0,0.2314,35564
0,0.2314,49225
0,0.2314,66389
0,0.2314,513911
0,0.2314,521575
0,0.2315,10216
0,0.2315,10263
0,0.2315,10353
0,0.2315,11324
0,0.2315,11342
0,0.2315,13596
0,0.2315,20001
0,0.2315,20688
0,0.2315,22787
0,0.2315,43230
0,0.2315,44850
0,0.2315,50485
0,0.2315,58586
0,0.2315,60346
0,0.2315,544258
0,0.2315,545848
0,0.2316,11345
0,0.2316,12312
0,0.2316,15276
0,0.2316,15992
0,0.2316,20739
0,0.2316,26338
0,0.2316,28016
0,0.2316,29746
0,0.2316,40838
0,0.2316,57542
0,0.2316,57675
0,0.2316,72913
0,0.2316,103414
0,0.2316,519586
0,0.2316,520466
0,0.2316,535926
0,0.2316,815678
0,0.2316,903602
0,0.2317,10877
0,0.2317,10904
0,0.2317,19746
0,0.2317,22494
0,0.2317,32698
0,0.2317,34677
0,0.2317,40966
0,0.2317,62837
0,0.2317,231412
0,0.2317,519572
0,0.2317,555312
0,0.2317,800207
0,0.2317,801079
0,0.2317,802891
0,0.2318,10408
0,0.2318,10463
0,0.2318,10905
0,0.2318,11292
0,0.2318,11400
0,0.2318,14802
0,0.2318,23003
0,0.2318,29555
0,0.2318,30102
0,0.2318,37297
0,0.2318,43847
0,0.2318,47997
0,0.2318,50320
0,0.2318,64575
0,0.2318,74814
0,0.2318,87660
0,0.2318,515578
0,0.2318,527357
0,0.2318,802944
0,0.2319,10134
0,0.2319,10515
0,0.2319,10736
0,0.2319,12561
0,0.2319,13095
0,0.2319,13483
0,0.2319,14386
0,0.2319,14442
0,0.2319,14516
0,0.2319,15183
0,0.2319,16141
0,0.2319,17484
0,0.2319,18016
0,0.2319,22040
0,0.2319,22356
0,0.2319,23401
0,0.2319,26515
0,0.2319,33646
0,0.2319,42904
0,0.2319,48496
0,0.2319,62913
0,0.2319,73249
0,0.2319,74368
0,0.2319,85617
0,0.2319,119411
0,0.2319,161534
0,0.2319,267437
0,0.2319,521290
0,0.2319,527358
0,0.2319,535279
0,0.2319,542355
0,0.2319,801171
0,0.2319,903455
0,0.2320,10209
0,0.2320,10429
0,0.2320,10996
0,0.2320,11522
0,0.2320,12667
0,0.2320,14019
0,0.2320,14461
0,0.2320,14497
0,0.2320,15005
0,0.2320,18678
0,0.2320,22323
0,0.2320,28803
0,0.2320,45416
0,0.2320,51646
0,0.2320,68614
0,0.2320,87308
0,0.2320,154649
0,0.2320,518567
0,0.2320,527577
0,0.2320,801432
0,0.2321,10321
0,0.2321,10347
0,0.2321,10402
0,0.2321,11531
0,0.2321,11556
0,0.2321,11608
0,0.2321,14874
0,0.2321,16513
0,0.2321,17225
0,0.2321,52567
0,0.2321,53507
0,0.2321,69114
0,0.2321,69264
0,0.2321,105426
0,0.2321,122835
0,0.2321,141834
0,0.2321,513945
0,0.2321,520934
0,0.2321,801187
0,0.2321,814586
0,0.2321,914363
0,0.2322,10208
0,0.2322,10397
0,0.2322,12965
0,0.2322,13058
0,0.2322,13303
0,0.2322,15431
0,0.2322,20445
0,0.2322,20773
0,0.2322,41393
0,0.2322,45286
0,0.2322,45430
0,0.2322,67398
0,0.2322,147169
0,0.2322,521438
0,0.2322,525105
0,0.2322,532768
0,0.2322,806606
0,0.2322,904119
0,0.2323,10140
0,0.2323,10423
0,0.2323,11722
0,0.2323,11744
0,0.2323,12314
0,0.2323,12471
0,0.2323,12485
0,0.2323,16013
0,0.2323,16648
0,0.2323,18416
0,0.2323,18994
0,0.2323,29217
0,0.2323,37732
0,0.2323,44667
0,0.2323,46266
0,0.2323,58166
0,0.2323,65161
0,0.2323,96273
0,0.2323,98526
0,0.2323,132204
0,0.2323,209929
0,0.2323,522730
0,0.2323,530781
0,0.2323,532655
0,0.2323,543264
0,0.2323,545247
0,0.2323,555322
0,0.2324,10650
0,0.2324,11478
0,0.2324,12012
0,0.2324,21397
0,0.2324,23200
0,0.2324,23477
0,0.2324,31426
0,0.2324,52570
0,0.2324,113074
0,0.2324,119144
0,0.2324,195727
0,0.2324,516322
0,0.2324,918582
0,0.2325,10254
0,0.2325,10262
0,0.2325,11736
0,0.2325,12705
0,0.2325,12778
0,0.2325,13315
0,0.2325,13610
0,0.2325,17027
0,0.2325,23854
0,0.2325,23958
0,0.2325,29560
0,0.2325,33000
0,0.2325,46393
0,0.2325,79554
0,0.2325,109676
0,0.2325,518717
0,0.2325,524238
0,0.2325,555318
0,0.2325,903466
0,0.2326,10074
0,0.2326,10101
0,0.2326,10670
0,0.2326,10767
0,0.2326,11725
0,0.2326,14573
0,0.2326,14750
0,0.2326,15164
0,0.2326,19873
0,0.2326,21600
0,0.2326,26757
0,0.2326,31925
0,0.2326,32354
0,0.2326,33892
0,0.2326,34907
0,0.2326,41778
0,0.2326,43363
0,0.2326,46748
0,0.2326,58972
0,0.2326,68379
0,0.2326,76109
0,0.2326,94068
0,0.2326,167019
0,0.2326,808650
0,0.2327,11237
0,0.2327,11294
0,0.2327,11975
0,0.2327,12109
0,0.2327,14161
0,0.2327,14381
0,0.2327,16136
0,0.2327,23487
0,0.2327,35435
0,0.2327,36743
0,0.2327,45875
0,0.2327,46182
0,0.2327,61060
0,0.2327,82482
0,0.2327,512217
0,0.2327,514424
0,0.2327,804350
0,0.2327,804559
0,0.2328,11419
0,0.2328,11521
0,0.2328,13981
0,0.2328,16724
0,0.2328,21099
0,0.2328,22243
0,0.2328,26766
0,0.2328,33919
0,0.2328,63901
0,0.2328,88490
0,0.2328,99540
0,0.2328,136581
0,0.2328,153817
0,0.2328,247232
0,0.2328,282783
0,0.2328,512002
0,0.2328,518294
0,0.2328,800296
0,0.2328,800687
0,0.2328,801116
0,0.2328,904736
0,0.2329,10126
0,0.2329,10376
0,0.2329,10472
0,0.2329,11359
0,0.2329,11390
0,0.2329,11469
0,0.2329,12031
0,0.2329,12152
0,0.2329,12728
0,0.2329,13550
0,0.2329,14437
0,0.2329,16274
0,0.2329,26305
0,0.2329,30421
0,0.2329,32617
0,0.2329,59329
0,0.2329,103338
0,0.2329,145016
0,0.2329,177835
0,0.2330,10184
0,0.2330,10486
0,0.2330,11517
0,0.2330,12164
0,0.2330,12279
0,0.2330,12425
0,0.2330,12653
0,0.2330,12717
0,0.2330,12994
0,0.2330,13334
0,0.2330,16434
0,0.2330,17847
0,0.2330,18988
0,0.2330,21567
0,0.2330,25655
0,0.2330,34464
0,0.2330,34717
0,0.2330,38670
0,0.2330,47019
0,0.2330,60837
0,0.2330,67244
0,0.2330,82960
0,0.2330,83289
0,0.2330,103338
0,0.2330,103750
0,0.2330,170256
0,0.2330,514696
0,0.2330,518153
0,0.2330,519584
0,0.2330,519869
0,0.2331,10096
0,0.2331,10133
0,0.2331,10461
0,0.2331,10929
0,0.2331,12977
0,0.2331,13194
0,0.2331,17705
0,0.2331,20132
0,0.2331,23517
0,0.2331,31376
0,0.2331,36149
0,0.2331,38051
0,0.2331,44858
0,0.2331,80051
0,0.2331,158604
0,0.2331,178810
0,0.2331,520003
0,0.2331,522377
0,0.2331,529429
0,0.2331,532811
0,0.2332,10305
0,0.2332,10530
0,0.2332,10629
0,0.2332,10977
0,0.2332,13613
0,0.2332,14202
0,0.2332,17817
0,0.2332,35196
0,0.2332,60910
0,0.2332,118845
0,0.2332,192978
0,0.2332,545180
0,0.2332,800323
0,0.2332,935000
0,0.2333,10198
0,0.2333,10569
0,0.2333,11603
0,0.2333,14607
0,0.2333,15118
0,0.2333,18726
0,0.2333,24804
0,0.2333,27416
0,0.2333,31775
0,0.2333,99925
0,0.2333,109459
0,0.2333,519865
0,0.2333,520002
0,0.2333,520393
0,0.2334,10459
0,0.2334,10522
0,0.2334,10632
0,0.2334,11143
0,0.2334,11281
0,0.2334,11399
0,0.2334,12231
0,0.2334,14419
0,0.2334,19314
0,0.2334,19792
0,0.2334,27702
0,0.2334,29612
0,0.2334,46172
0,0.2334,47631
0,0.2334,514425
0,0.2334,515161
0,0.2334,519850
0,0.2334,520475
0,0.2334,523351
0,0.2334,530777
0,0.2334,537139
0,0.2334,551294
0,0.2334,801530
0,0.2334,816543
0,0.2335,10973
0,0.2335,11244
0,0.2335,12111
0,0.2335,12837
0,0.2335,13127
0,0.2335,15184
0,0.2335,15915
0,0.2335,16862
0,0.2335,20380
0,0.2335,21409
0,0.2335,37342
0,0.2335,43136
0,0.2335,51865
0,0.2335,54238
0,0.2335,130439
0,0.2335,516197
0,0.2335,521241
0,0.2335,527470
0,0.2335,533849
0,0.2336,11099
0,0.2336,11492
0,0.2336,11523
0,0.2336,11992
0,0.2336,12121
0,0.2336,16610
0,0.2336,17052
0,0.2336,33296
0,0.2336,33542
0,0.2336,33560
0,0.2336,33919
0,0.2336,72102
0,0.2336,99540
0,0.2336,105550
0,0.2336,117817
0,0.2336,131765
0,0.2336,189046
0,0.2336,406728
0,0.2336,520916
0,0.2336,521439
0,0.2336,521935
0,0.2336,580846
0,0.2336,908274
0,0.2337,10065
0,0.2337,10593
0,0.2337,11449
0,0.2337,11467
0,0.2337,11922
0,0.2337,13143
0,0.2337,22276
0,0.2337,22717
0,0.2337,32815
0,0.2337,36063
0,0.2337,37202
0,0.2337,44995
0,0.2337,55542
0,0.2337,80951
0,0.2337,88903
0,0.2337,519132
0,0.2337,543774
0,0.2337,801239
0,0.2337,801828
0,0.2337,803412
0,0.2338,11504
0,0.2338,12343
0,0.2338,12654
0,0.2338,17014
0,0.2338,17107
0,0.2338,19845
0,0.2338,22166
0,0.2338,23076
0,0.2338,45199
0,0.2338,53299
0,0.2338,57152
0,0.2338,140474
0,0.2338,147959
0,0.2338,148994
0,0.2338,183736
0,0.2338,513746
0,0.2338,517164
0,0.2338,518581
0,0.2338,532766
0,0.2338,801404
0,0.2338,805148
0,0.2338,934591
0,0.2339,11546
0,0.2339,11583
0,0.2339,11749
0,0.2339,11997
0,0.2339,13153
0,0.2339,13821
0,0.2339,16511
0,0.2339,20581
0,0.2339,25039
0,0.2339,29604
0,0.2339,57896
0,0.2339,60590
0,0.2339,68708
0,0.2339,95665
0,0.2339,140995
0,0.2339,515158
0,0.2339,519242
0,0.2339,520787
0,0.2339,563873
0,0.2339,801234
0,0.2340,10147
0,0.2340,10378
0,0.2340,11229
0,0.2340,11262
0,0.2340,11341
0,0.2340,14339
0,0.2340,20278
0,0.2340,27158
0,0.2340,32439
0,0.2340,32609
0,0.2340,50927
0,0.2340,57770
0,0.2340,63345
0,0.2340,100973
0,0.2340,102171
0,0.2340,130279
0,0.2340,148464
0,0.2340,184114
0,0.2340,513945
0,0.2340,521946
0,0.2340,802506
0,0.2341,10074
0,0.2341,10118
0,0.2341,11321
0,0.2341,12309
0,0.2341,12929
0,0.2341,13479
0,0.2341,14243
0,0.2341,14609
0,0.2341,16524
0,0.2341,17325
0,0.2341,18824
0,0.2341,20059
0,0.2341,24828
0,0.2341,29156
0,0.2341,34247
0,0.2341,38630
0,0.2341,39592
0,0.2341,39922
0,0.2341,53267
0,0.2341,58157
0,0.2341,73492
0,0.2341,125291
0,0.2341,544813
0,0.2341,581341
0,0.2341,800539
0,0.2341,934840
0,0.2342,11870
0,0.2342,12671
0,0.2342,15507
0,0.2342,17569
0,0.2342,18049
0,0.2342,18637
0,0.2342,20033
0,0.2342,32165
0,0.2342,42230
0,0.2342,56207
0,0.2342,69539
0,0.2342,122240
0,0.2342,130874
0,0.2342,159782
0,0.2342,260257
0,0.2342,457812
0,0.2342,519970
0,0.2342,520364
0,0.2342,524082
0,0.2342,527524
0,0.2342,535999
0,0.2342,548589
0,0.2342,800596
0,0.2342,801247
0,0.2343,10039
0,0.2343,11072
0,0.2343,11365
0,0.2343,11783
0,0.2343,12162
0,0.2343,12171
0,0.2343,12958
0,0.2343,18854
0,0.2343,28406
0,0.2343,28525
0,0.2343,31934
0,0.2343,37399
0,0.2343,42240
0,0.2343,59235
0,0.2343,67058
0,0.2343,74190
0,0.2343,75987
0,0.2343,93854
0,0.2343,103338
0,0.2343,104359
0,0.2343,114090
0,0.2343,514291
0,0.2343,515070
0,0.2343,519041
0,0.2343,523591
0,0.2343,524208
0,0.2343,527409
0,0.2343,542753
0,0.2343,570526
0,0.2344,10942
0,0.2344,11379
0,0.2344,12338
0,0.2344,12354
0,0.2344,12460
0,0.2344,15705
0,0.2344,15905
0,0.2344,18165
0,0.2344,19921
0,0.2344,22705
0,0.2344,26020
0,0.2344,26071
0,0.2344,27614
0,0.2344,36207
0,0.2344,38022
0,0.2344,39054
0,0.2344,43354
0,0.2344,48971
0,0.2344,72871
0,0.2344,95249
0,0.2344,523649
0,0.2344,524164
0,0.2344,531531
0,0.2344,909181
0,0.2345,10473
0,0.2345,11056
0,0.2345,11075
0,0.2345,11501
0,0.2345,11991
0,0.2345,12050
0,0.2345,12160
0,0.2345,15662
0,0.2345,16446
0,0.2345,16601
0,0.2345,18730
0,0.2345,22908
0,0.2345,24572
0,0.2345,30703
0,0.2345,39943
0,0.2345,50756
0,0.2345,52962
0,0.2345,56072
0,0.2345,62771
0,0.2345,117135
0,0.2345,120208
0,0.2345,121593
0,0.2345,138447
0,0.2345,512534
0,0.2345,523893
0,0.2346,10561
0,0.2346,11289
0,0.2346,11514
0,0.2346,11620
0,0.2346,11788
0,0.2346,11828
0,0.2346,12320
0,0.2346,13707
0,0.2346,13767
0,0.2346,21790
0,0.2346,25245
0,0.2346,38113
0,0.2346,41812
0,0.2346,46693
0,0.2346,62367
0,0.2346,75029
0,0.2346,80484
0,0.2346,127577
0,0.2346,137890
0,0.2346,516324
0,0.2346,536845
0,0.2346,580652
0,0.2347,10313
0,0.2347,11703
0,0.2347,11837
0,0.2347,11993
0,0.2347,13358
0,0.2347,13480
0,0.2347,16366
0,0.2347,18713
0,0.2347,21772
0,0.2347,43216
0,0.2347,51053
0,0.2347,52544
0,0.2347,58975
0,0.2347,71444
0,0.2347,87584
0,0.2347,136525
0,0.2347,142052
0,0.2347,143895
0,0.2347,154465
0,0.2347,516097
0,0.2347,521158
0,0.2347,522812
0,0.2347,532804
0,0.2347,801214
0,0.2348,10540
0,0.2348,11761
0,0.2348,13944
0,0.2348,14661
0,0.2348,26164
0,0.2348,40740
0,0.2348,44957
0,0.2348,50804
0,0.2348,63708
0,0.2348,68736
0,0.2348,119612
0,0.2348,163974
0,0.2348,166153
0,0.2348,550365
0,0.2348,806606
0,0.2349,11030
0,0.2349,11162
0,0.2349,11342
0,0.2349,11355
0,0.2349,12890
0,0.2349,13683
0,0.2349,17757
0,0.2349,19767
0,0.2349,21692
0,0.2349,34089
0,0.2349,35208
0,0.2349,37070
0,0.2349,42140
0,0.2349,43861
0,0.2349,64697
0,0.2349,67052
0,0.2349,99080
0,0.2349,182674
0,0.2349,436612
0,0.2349,560243
0,0.2349,581393
0,0.2350,10033
0,0.2350,10176
0,0.2350,10359
0,0.2350,10524
0,0.2350,11135
0,0.2350,11594
0,0.2350,11914
0,0.2350,11952
0,0.2350,12934
0,0.2350,13621
0,0.2350,14066
0,0.2350,14158
0,0.2350,16029
0,0.2350,18043
0,0.2350,20307
0,0.2350,20402
0,0.2350,21267
0,0.2350,23416
0,0.2350,25927
0,0.2350,26263
0,0.2350,32958
0,0.2350,41242
0,0.2350,52099
0,0.2350,64263
0,0.2350,70248
0,0.2350,76932
0,0.2350,99139
0,0.2350,527469
0,0.2350,800178
0,0.2351,10084
0,0.2351,10628
0,0.2351,12711
0,0.2351,14089
0,0.2351,14391
0,0.2351,16207
0,0.2351,28380
0,0.2351,39257
0,0.2351,45796
0,0.2351,59111
0,0.2351,59658
0,0.2351,63927
0,0.2351,68031
0,0.2351,97536
0,0.2351,185726
0,0.2351,515157
0,0.2351,517330
0,0.2351,517458
0,0.2351,518580
0,0.2351,801985
0,0.2352,10515
0,0.2352,11345
0,0.2352,12332
0,0.2352,12541
0,0.2352,13666
0,0.2352,14962
0,0.2352,28019
0,0.2352,29231
0,0.2352,30525
0,0.2352,31196
0,0.2352,31297
0,0.2352,38805
0,0.2352,42495
0,0.2352,50178
0,0.2352,55850
0,0.2352,67070
0,0.2352,113244
0,0.2352,512883
0,0.2352,514318
0,0.2352,524741
0,0.2352,533589
0,0.2353,10169
0,0.2353,10201
0,0.2353,10463
0,0.2353,11292
0,0.2353,11400
0,0.2353,11930
0,0.2353,20620
0,0.2353,22338
0,0.2353,23339
0,0.2353,24866
0,0.2353,26292
0,0.2353,26294
0,0.2353,27128
0,0.2353,34148
0,0.2353,52465
0,0.2353,58053
0,0.2353,58845
0,0.2353,60172
0,0.2353,68398
0,0.2353,112718
0,0.2353,516433
0,0.2353,536171
0,0.2353,556286
0,0.2353,800084
0,0.2354,10218
0,0.2354,10390
0,0.2354,10470
0,0.2354,10905
0,0.2354,13716
0,0.2354,18016
0,0.2354,18249
0,0.2354,21335
0,0.2354,22417
0,0.2354,23401
0,0.2354,31345
0,0.2354,36573
0,0.2354,42074
0,0.2354,43717
0,0.2354,43785
0,0.2354,63046
0,0.2354,72672
0,0.2354,521545
0,0.2354,524777
0,0.2354,535279
0,0.2354,800145
0,0.2354,800496
0,0.2354,804770
0,0.2355,10049
0,0.2355,11531
0,0.2355,12621
0,0.2355,16188
0,0.2355,19665
0,0.2355,19743
0,0.2355,20459
0,0.2355,22899
0,0.2355,27756
0,0.2355,28899
0,0.2355,30021
0,0.2355,59400
0,0.2355,65986
0,0.2355,68692
0,0.2355,183161
0,0.2355,519692
0,0.2355,558652
0,0.2355,800241
0,0.2355,801088
0,0.2356,10140
0,0.2356,10808
0,0.2356,10906
0,0.2356,11624
0,0.2356,11722
0,0.2356,11847
0,0.2356,12761
0,0.2356,12840
0,0.2356,14514
0,0.2356,14530
0,0.2356,15313
0,0.2356,20141
0,0.2356,24713
0,0.2356,24841
0,0.2356,24979
0,0.2356,27379
0,0.2356,38998
0,0.2356,58972
0,0.2356,95255
0,0.2356,146502
0,0.2356,155294
0,0.2356,804639
0,0.2357,10075
0,0.2357,10397
0,0.2357,11744
0,0.2357,12896
0,0.2357,13259
0,0.2357,13556
0,0.2357,15517
0,0.2357,16426
0,0.2357,19267
0,0.2357,23012
0,0.2357,23487
0,0.2357,46670
0,0.2357,54628
0,0.2357,56070
0,0.2357,116012
0,0.2357,517359
0,0.2357,520933
0,0.2357,523941
0,0.2357,532655
0,0.2357,800397
0,0.2357,133348431
0,0.2358,10456
0,0.2358,10786
0,0.2358,10831
0,0.2358,11478
0,0.2358,11654
0,0.2358,12023
0,0.2358,14954
0,0.2358,15353
0,0.2358,18203
0,0.2358,18828
0,0.2358,20960
0,0.2358,23477
0,0.2358,29272
0,0.2358,43882
0,0.2358,76225
0,0.2358,128995
0,0.2358,523828
0,0.2358,564174
0,0.2358,580793
0,0.2358,803766
0,0.2359,10254
0,0.2359,10497
0,0.2359,11050
0,0.2359,11736
0,0.2359,13375
0,0.2359,20915
0,0.2359,22224
0,0.2359,22806
0,0.2359,30943
0,0.2359,37912
0,0.2359,39674
0,0.2359,55874
0,0.2359,145091
0,0.2359,267437
0,0.2359,524238
0,0.2359,529665
0,0.2359,545180
0,0.2359,805313
0,0.2359,356783826
0,0.2360,10705
0,0.2360,10835
0,0.2360,11092
0,0.2360,11725
0,0.2360,13230
0,0.2360,13431
0,0.2360,13839
0,0.2360,14343
0,0.2360,14959
0,0.2360,16005
0,0.2360,16508
0,0.2360,21382
0,0.2360,23189
0,0.2360,26711
0,0.2360,38860
0,0.2360,40761
0,0.2360,42365
0,0.2360,46486
0,0.2360,59502
0,0.2360,87178
0,0.2360,513343
0,0.2360,517351
0,0.2360,555318
0,0.2360,581332
0,0.2360,802554
0,0.2360,804588
0,0.2361,10925
0,0.2361,11471
0,0.2361,11817
0,0.2361,13225
0,0.2361,19467
0,0.2361,23854
0,0.2361,26168
0,0.2361,27947
0,0.2361,29826
0,0.2361,37177
0,0.2361,51032
0,0.2361,63411
0,0.2361,86553
0,0.2361,195727
0,0.2361,524968
0,0.2361,801071
0,0.2361,801752
0,0.2362,10209
0,0.2362,10408
0,0.2362,10650
0,0.2362,10736
0,0.2362,13761
0,0.2362,14895
0,0.2362,16124
0,0.2362,18075
0,0.2362,27319
0,0.2362,37147
0,0.2362,38204
0,0.2362,44026
0,0.2362,69595
0,0.2362,91799
0,0.2362,111689
0,0.2362,128455
0,0.2362,129758
0,0.2362,131378
0,0.2362,195727
0,0.2362,513630
0,0.2362,514687
0,0.2362,523019
0,0.2362,524207
0,0.2362,556574
0,0.2362,805362
0,0.2362,918582
0,0.2363,10376
0,0.2363,11327
0,0.2363,12241
0,0.2363,12571
0,0.2363,13072
0,0.2363,15501
0,0.2363,15970
0,0.2363,17540
0,0.2363,20287
0,0.2363,22243
0,0.2363,28640
0,0.2363,33165
0,0.2363,49903
0,0.2363,50791
0,0.2363,79362
0,0.2363,124211
0,0.2363,132204
0,0.2363,141297
0,0.2363,195727
0,0.2363,529031
0,0.2363,804003
0,0.2363,903086
0,0.2364,11975
0,0.2364,13725
0,0.2364,14506
0,0.2364,16416
0,0.2364,22026
0,0.2364,26689
0,0.2364,26845
0,0.2364,27975
0,0.2364,34712
0,0.2364,38333
0,0.2364,63954
0,0.2364,516317
0,0.2364,523544
0,0.2364,529429
0,0.2364,533469
0,0.2364,534553
0,0.2365,10134
0,0.2365,11058
0,0.2365,11294
0,0.2365,12387
0,0.2365,12509
0,0.2365,13428
0,0.2365,13804
0,0.2365,13940
0,0.2365,14294
0,0.2365,17342
0,0.2365,34301
0,0.2365,40826
0,0.2365,41889
0,0.2365,62429
0,0.2365,69631
0,0.2365,73963
0,0.2365,134883
0,0.2365,522828
0,0.2365,523907
0,0.2365,524152
0,0.2365,536845
0,0.2365,564824
0,0.2365,800782
0,0.2365,804154
0,0.2366,10904
0,0.2366,10929
0,0.2366,11517
0,0.2366,11556
0,0.2366,12756
0,0.2366,16781
0,0.2366,24442
0,0.2366,35672
0,0.2366,36844
0,0.2366,42240
0,0.2366,54621
0,0.2366,64457
0,0.2366,511775
0,0.2366,800684
0,0.2366,903846
0,0.2367,10074
0,0.2367,10877
0,0.2367,11359
0,0.2367,12534
0,0.2367,12782
0,0.2367,15183
0,0.2367,17244
0,0.2367,27775
0,0.2367,29590
0,0.2367,35182
0,0.2367,40350
0,0.2367,45708
0,0.2367,49225
0,0.2367,56900
0,0.2367,97536
0,0.2367,260257
0,0.2367,512797
0,0.2367,515266
0,0.2367,516331
0,0.2367,527351
0,0.2367,532768
0,0.2367,811823
0,0.2367,813400
0,0.2368,10096
0,0.2368,10321
0,0.2368,10423
0,0.2368,10429
0,0.2368,10873
0,0.2368,10977
0,0.2368,12511
0,0.2368,13315
0,0.2368,16460
0,0.2368,16600
0,0.2368,18417
0,0.2368,21567
0,0.2368,21756
0,0.2368,21798
0,0.2368,21822
0,0.2368,27025
0,0.2368,29750
0,0.2368,31117
0,0.2368,41551
0,0.2368,54628
0,0.2368,57331
0,0.2368,61908
0,0.2368,64440
0,0.2368,97536
0,0.2368,105929
0,0.2369,10459
0,0.2369,10716
0,0.2369,11435
0,0.2369,17800
0,0.2369,19828
0,0.2369,38573
0,0.2369,47909
0,0.2369,52794
0,0.2369,520002
0,0.2369,559217
0,0.2369,800329
0,0.2369,805487
0,0.2370,10133
0,0.2370,10304
0,0.2370,10632
0,0.2370,11244
0,0.2370,11281
0,0.2370,11521
0,0.2370,12111
0,0.2370,15864
0,0.2370,18328
0,0.2370,30421
0,0.2370,32482
0,0.2370,36825
0,0.2370,46888
0,0.2370,63942
0,0.2370,67864
0,0.2370,73560
0,0.2370,74992
0,0.2370,166368
0,0.2370,247232
0,0.2370,522439
0,0.2370,535279
0,0.2370,800135
0,0.2370,800490
0,0.2370,805632
0,0.2371,10126
0,0.2371,12163
0,0.2371,13232
0,0.2371,13386
0,0.2371,14685
0,0.2371,16422
0,0.2371,35196
0,0.2371,39802
0,0.2371,42181
0,0.2371,43489
0,0.2371,99540
0,0.2371,120208
0,0.2371,190419
0,0.2371,515069
0,0.2371,518567
0,0.2371,523490
0,0.2371,527577
0,0.2371,529519
0,0.2371,530777
0,0.2372,10262
0,0.2372,10305
0,0.2372,11546
0,0.2372,11603
0,0.2372,11922
0,0.2372,12037
0,0.2372,12717
0,0.2372,13027
0,0.2372,13384
0,0.2372,13664
0,0.2372,14161
0,0.2372,14319
0,0.2372,25655
0,0.2372,28622
0,0.2372,29176
0,0.2372,32666
0,0.2372,32880
0,0.2372,38954
0,0.2372,84445
0,0.2372,111803
0,0.2372,136213
0,0.2372,513583
0,0.2372,521157
0,0.2372,521437
0,0.2372,522770
0,0.2372,527410
0,0.2373,11523
0,0.2373,11992
0,0.2373,12809
0,0.2373,12994
0,0.2373,13582
0,0.2373,13946
0,0.2373,18726
0,0.2373,27452
0,0.2373,35373
0,0.2373,42744
0,0.2373,49777
0,0.2373,59771
0,0.2373,64400
0,0.2373,78095
0,0.2373,80717
0,0.2373,94994
0,0.2373,119212
0,0.2373,127130
0,0.2373,170223
0,0.2373,520759
0,0.2373,521935
0,0.2373,579253
0,0.2373,801319
0,0.2374,10296
0,0.2374,10399
0,0.2374,11099
0,0.2374,11409
0,0.2374,11615
0,0.2374,12396
0,0.2374,12977
0,0.2374,15795
0,0.2374,22473
0,0.2374,26223
0,0.2374,26239
0,0.2374,33779
0,0.2374,34725
0,0.2374,35514
0,0.2374,38024
0,0.2374,40838
0,0.2374,58481
0,0.2374,59560
0,0.2374,65539
0,0.2374,88470
0,0.2374,513565
0,0.2374,551294
0,0.2374,800430
0,0.2374,800606
0,0.2374,801021
0,0.2375,13172
0,0.2375,14897
0,0.2375,14985
0,0.2375,17319
0,0.2375,19234
0,0.2375,20910
0,0.2375,21166
0,0.2375,24502
0,0.2375,38538
0,0.2375,40350
0,0.2375,94617
0,0.2375,97536
0,0.2375,192978
0,0.2375,511853
0,0.2375,515554
0,0.2375,520787
0,0.2376,10756
0,0.2376,10996
0,0.2376,11262
0,0.2376,11390
0,0.2376,12061
0,0.2376,12371
0,0.2376,13283
0,0.2376,13550
0,0.2376,16433
0,0.2376,16648
0,0.2376,19949
0,0.2376,26497
0,0.2376,27416
0,0.2376,31348
0,0.2376,45470
0,0.2376,64003
0,0.2376,80484
0,0.2376,83121
0,0.2376,95371
0,0.2376,110773
0,0.2376,512745
0,0.2376,522770
0,0.2376,525065
0,0.2376,527470
0,0.2376,551032
0,0.2376,801994
0,0.2376,810618
0,0.2376,903852
0,0.2377,10867
0,0.2377,10942
0,0.2377,11870
0,0.2377,12057
0,0.2377,13356
0,0.2377,13379
0,0.2377,16236
0,0.2377,23204
0,0.2377,35906
0,0.2377,35927
0,0.2377,40733
0,0.2377,44587
0,0.2377,78114
0,0.2377,526801
0,0.2377,543483
0,0.2377,800480
0,0.2377,804222
0,0.2377,904868
0,0.2378,10065
0,0.2378,10208
0,0.2378,10569
0,0.2378,11783
0,0.2378,12067
0,0.2378,12765
0,0.2378,14437
0,0.2378,14510
0,0.2378,15897
0,0.2378,17325
0,0.2378,17650
0,0.2378,20200
0,0.2378,22276
0,0.2378,28604
0,0.2378,36291
0,0.2378,37596
0,0.2378,39943
0,0.2378,46617
0,0.2378,48530
0,0.2378,49174
0,0.2378,53326
0,0.2378,59086
0,0.2378,73197
0,0.2378,79631
0,0.2378,88912
0,0.2378,99858
0,0.2378,103338
0,0.2378,256432
0,0.2379,10111
0,0.2379,10891
0,0.2379,11379
0,0.2379,11501
0,0.2379,12338
0,0.2379,16437
0,0.2379,16651
0,0.2379,23743
0,0.2379,36031
0,0.2379,49092
0,0.2379,54440
0,0.2379,55990
0,0.2379,85512
0,0.2379,126727
0,0.2379,142998
0,0.2380,11991
0,0.2380,12354
0,0.2380,13423
0,0.2380,13947
0,0.2380,15647
0,0.2380,20581
0,0.2380,36443
0,0.2380,41869
0,0.2380,60292
0,0.2380,97457
0,0.2380,111795
0,0.2380,120818
0,0.2380,135948
0,0.2380,137605
0,0.2380,159400
0,0.2380,520466
0,0.2380,524990
0,0.2380,555969
0,0.2381,11105
0,0.2381,11289
0,0.2381,11620
0,0.2381,11828
0,0.2381,13198
0,0.2381,13390
0,0.2381,21709
0,0.2381,21889
0,0.2381,22166
0,0.2381,26485
0,0.2381,26602
0,0.2381,31099
0,0.2381,39241
0,0.2381,56353
0,0.2381,60532
0,0.2381,115664
0,0.2381,138865
0,0.2381,519242
0,0.2381,525105
0,0.2381,544258
0,0.2381,800434
0,0.2381,800752
0,0.2381,904395
0,0.2382,10613
0,0.2382,11829
0,0.2382,13024
0,0.2382,14573
0,0.2382,16636
0,0.2382,19921
0,0.2382,20168
0,0.2382,22105
0,0.2382,28607
0,0.2382,35634
0,0.2382,48452
0,0.2382,58433
0,0.2382,76894
0,0.2382,514230
0,0.2382,523591
0,0.2382,555967
0,0.2382,816543
0,0.2382,819835
0,0.2383,10522
0,0.2383,12367
0,0.2383,13684
0,0.2383,13821
0,0.2383,16774
0,0.2383,18109
0,0.2383,22787
0,0.2383,31291
0,0.2383,33591
0,0.2383,40001
0,0.2383,47932
0,0.2383,67398
0,0.2383,68997
0,0.2383,69854
0,0.2383,73279
0,0.2383,80544
0,0.2383,100307
0,0.2383,102041
0,0.2383,130279
0,0.2383,156395
0,0.2383,520916
0,0.2383,545288
0,0.2383,800847
0,0.2384,10515
0,0.2384,10530
0,0.2384,11080
0,0.2384,11112
0,0.2384,11143
0,0.2384,11162
0,0.2384,11229
0,0.2384,11342
0,0.2384,11399
0,0.2384,11608
0,0.2384,11914
0,0.2384,11993
0,0.2384,13237
0,0.2384,18730
0,0.2384,19143
0,0.2384,23241
0,0.2384,23487
0,0.2384,24660
0,0.2384,24828
0,0.2384,34084
0,0.2384,40435
0,0.2384,46096
0,0.2384,52771
0,0.2384,99589
0,0.2384,133435
0,0.2384,145128
0,0.2384,803582
0,0.2384,908951
0,0.2385,10169
0,0.2385,10473
0,0.2385,11691
0,0.2385,11837
0,0.2385,13563
0,0.2385,13610
0,0.2385,14666
0,0.2385,16993
0,0.2385,18165
0,0.2385,19108
0,0.2385,19873
0,0.2385,20001
0,0.2385,22833
0,0.2385,24151
0,0.2385,27024
0,0.2385,28293
0,0.2385,28525
0,0.2385,34676
0,0.2385,67052
0,0.2385,86608
0,0.2385,518020
0,0.2385,518153
0,0.2385,521158
0,0.2385,522743
0,0.2385,524208
0,0.2385,531246
0,0.2386,12735
0,0.2386,17484
0,0.2386,18332
0,0.2386,18634
0,0.2386,18994
0,0.2386,19767
0,0.2386,21115
0,0.2386,26628
0,0.2386,33542
0,0.2386,51999
0,0.2386,52536
0,0.2386,54383
0,0.2386,57502
0,0.2386,128562
0,0.2386,133908
0,0.2386,531768
0,0.2386,800184
0,0.2387,11816
0,0.2387,11956
0,0.2387,13380
0,0.2387,14019
0,0.2387,18536
0,0.2387,21505
0,0.2387,23970
0,0.2387,26387
0,0.2387,26766
0,0.2387,28406
0,0.2387,38075
0,0.2387,40187
0,0.2387,59644
0,0.2387,59733
0,0.2387,67070
0,0.2387,121384
0,0.2387,121759
0,0.2387,142998
0,0.2387,514727
0,0.2387,800354
0,0.2387,804524
0,0.2387,807368
0,0.2387,905617
0,0.2388,12320
0,0.2388,20402
0,0.2388,27614
0,0.2388,29851
0,0.2388,33047
0,0.2388,43383
0,0.2388,48056
0,0.2388,68319
0,0.2388,76493
0,0.2388,80082
0,0.2388,117427
0,0.2388,142053
0,0.2388,253904
0,0.2388,512796
0,0.2389,10118
0,0.2389,10201
0,0.2389,10463
0,0.2389,10704
0,0.2389,11292
0,0.2389,11400
0,0.2389,11722
0,0.2389,12929
0,0.2389,15823
0,0.2389,17570
0,0.2389,18016
0,0.2389,19387
0,0.2389,19845
0,0.2389,25655
0,0.2389,31247
0,0.2389,48178
0,0.2389,48477
0,0.2389,62528
0,0.2389,62648
0,0.2389,103964
0,0.2389,146502
0,0.2389,520007
0,0.2389,800685
0,0.2390,10402
0,0.2390,10540
0,0.2390,10905
0,0.2390,11345
0,0.2390,12715
0,0.2390,17722
0,0.2390,26419
0,0.2390,32656
0,0.2390,43183
0,0.2390,51350
0,0.2390,514688
0,0.2390,516322
0,0.2390,519655
0,0.2390,521575
0,0.2390,800743
0,0.2391,10084
0,0.2391,11583
0,0.2391,11741
0,0.2391,14243
0,0.2391,16107
0,0.2391,19618
0,0.2391,20739
0,0.2391,23401
0,0.2391,42598
0,0.2391,58972
0,0.2391,69061
0,0.2391,72019
0,0.2391,132166
0,0.2391,524164
0,0.2391,800696
0,0.2391,801292
0,0.2391,804644
0,0.2391,906717
0,0.2392,10140
0,0.2392,10397
0,0.2392,11531
0,0.2392,11564
0,0.2392,11744
0,0.2392,11952
0,0.2392,12965
0,0.2392,15421
0,0.2392,17614
0,0.2392,18824
0,0.2392,21851
0,0.2392,30992
0,0.2392,36577
0,0.2392,39943
0,0.2392,43861
0,0.2392,58009
0,0.2392,66207
0,0.2392,104284
0,0.2392,105377
0,0.2392,119630
0,0.2392,133908
0,0.2392,162555
0,0.2392,516967
0,0.2392,517458
0,0.2392,532655
0,0.2392,545288
0,0.2392,800342
0,0.2392,800845
0,0.2392,902874
0,0.2393,10472
0,0.2393,10767
0,0.2393,11594
0,0.2393,13194
0,0.2393,13571
0,0.2393,13621
0,0.2393,15209
0,0.2393,16649
0,0.2393,17107
0,0.2393,18937
0,0.2393,21098
0,0.2393,22356
0,0.2393,26102
0,0.2393,27569
0,0.2393,35330
0,0.2393,40261
0,0.2393,66261
0,0.2393,67468
0,0.2393,72572
0,0.2393,515155
0,0.2393,516317
0,0.2393,523060
0,0.2393,537100
0,0.2393,555966
0,0.2394,10039
0,0.2394,10461
0,0.2394,11210
0,0.2394,11478
0,0.2394,12109
0,0.2394,13972
0,0.2394,23477
0,0.2394,24843
0,0.2394,28588
0,0.2394,29607
0,0.2394,36584
0,0.2394,46596
0,0.2394,48614
0,0.2394,53416
0,0.2394,58157
0,0.2394,75987
0,0.2394,121759
0,0.2394,159400
0,0.2394,423539
0,0.2394,513911
0,0.2394,555318
0,0.2394,803195
0,0.2394,926518
0,0.2395,10254
0,0.2395,10376
0,0.2395,10456
0,0.2395,10524
0,0.2395,11725
0,0.2395,11736
0,0.2395,12340
0,0.2395,13470
0,0.2395,16969
0,0.2395,18453
0,0.2395,19274
0,0.2395,19995
0,0.2395,23132
0,0.2395,25963
0,0.2395,29166
0,0.2395,45678
0,0.2395,47617
0,0.2395,48723
0,0.2395,66389
0,0.2395,75344
0,0.2395,128686
0,0.2395,524238
0,0.2395,800928
0,0.2395,801137
0,0.2395,809744
0,0.2395,903455
0,0.2396,11317
0,0.2396,11761
0,0.2396,11930
0,0.2396,13334
0,0.2396,15662
0,0.2396,16434
0,0.2396,18049
0,0.2396,18867
0,0.2396,19579
0,0.2396,29144
0,0.2396,33340
0,0.2396,35420
0,0.2396,42549
0,0.2396,53108
0,0.2396,61605
0,0.2396,65825
0,0.2396,76958
0,0.2396,513945
0,0.2396,903819
0,0.2397,10670
0,0.2397,11517
0,0.2397,11788
0,0.2397,12152
0,0.2397,14340
0,0.2397,14386
0,0.2397,14874
0,0.2397,15507
0,0.2397,28037
0,0.2397,28986
0,0.2397,36026
0,0.2397,156395
0,0.2397,529429
0,0.2397,529602
0,0.2397,802781
0,0.2397,903429
0,0.2398,10236
0,0.2398,10604
0,0.2398,10653
0,0.2398,11806
0,0.2398,11975
0,0.2398,12259
0,0.2398,12312
0,0.2398,13596
0,0.2398,17027
0,0.2398,20620
0,0.2398,20688
0,0.2398,22243
0,0.2398,23854
0,0.2398,26258
0,0.2398,27319
0,0.2398,28584
0,0.2398,33002
0,0.2398,38916
0,0.2398,44781
0,0.2398,52394
0,0.2398,57772
0,0.2398,75907
0,0.2398,108324
0,0.2398,201474
0,0.2398,520003
0,0.2398,525958
0,0.2398,575082
0,0.2398,802120
0,0.2399,10176
0,0.2399,10209
0,0.2399,10561
0,0.2399,10629
0,0.2399,10702
0,0.2399,13716
0,0.2399,20324
0,0.2399,21132
0,0.2399,30806
0,0.2399,37190
0,0.2399,53849
0,0.2399,109145
0,0.2399,519850
0,0.2399,555319
0,0.2399,800190
0,0.2399,918582
0,0.2400,10096
0,0.2400,10470
0,0.2400,10650
0,0.2400,12815
0,0.2400,14802
0,0.2400,16601
0,0.2400,17310
0,0.2400,25823
0,0.2400,29420
0,0.2400,32835
0,0.2400,33605
0,0.2400,38510
0,0.2400,52402
0,0.2400,56774
0,0.2400,70171
0,0.2400,75774
0,0.2400,140903
0,0.2400,160750
0,0.2400,524797
0,0.2400,526125
0,0.2400,532766
0,0.2400,564884
0,0.2400,807225
0,0.2400,812106
0,0.2401,10929
0,0.2401,11308
0,0.2401,14423
0,0.2401,16136
0,0.2401,17406
0,0.2401,19183
0,0.2401,21860
0,0.2401,22917
0,0.2401,36556
0,0.2401,46907
0,0.2401,57888
0,0.2401,114510
0,0.2401,118825
0,0.2401,161034
0,0.2401,527357
0,0.2401,800323
0,0.2401,800917
0,0.2401,801100
0,0.2401,801765
0,0.2402,11294
0,0.2402,11402
0,0.2402,12326
0,0.2402,13431
0,0.2402,16281
0,0.2402,18884
0,0.2402,24804
0,0.2402,25166
0,0.2402,27774
0,0.2402,37622
0,0.2402,43861
0,0.2402,46898
0,0.2402,49752
0,0.2402,51428
0,0.2402,52614
0,0.2402,115234
0,0.2402,134783
0,0.2402,167297
0,0.2402,190419
0,0.2402,195277
0,0.2402,267437
0,0.2402,518919
0,0.2402,521108
0,0.2403,10198
0,0.2403,10459
0,0.2403,12121
0,0.2403,13153
0,0.2403,20311
0,0.2403,40001
0,0.2403,51533
0,0.2403,87245
0,0.2403,99540
0,0.2403,127658
0,0.2403,513418
0,0.2403,520002
0,0.2404,10632
0,0.2404,11050
0,0.2404,11244
0,0.2404,11281
0,0.2404,11341
0,0.2404,11359
0,0.2404,13666
0,0.2404,13728
0,0.2404,14427
0,0.2404,16013
0,0.2404,16042
0,0.2404,16141
0,0.2404,17566
0,0.2404,17908
0,0.2404,19064
0,0.2404,20550
0,0.2404,24306
0,0.2404,25476
0,0.2404,30613
0,0.2404,44644
0,0.2404,65448
0,0.2404,146273
0,0.2404,339719
0,0.2404,521698
0,0.2404,530777
0,0.2404,801280
0,0.2404,801848
0,0.2404,904246
0,0.2405,10378
0,0.2405,12111
0,0.2405,13768
0,0.2405,16083
0,0.2405,18466
0,0.2405,24394
0,0.2405,26625
0,0.2405,38538
0,0.2405,44995
0,0.2405,46430
0,0.2405,59035
0,0.2405,90874
0,0.2405,513843
0,0.2405,516097
0,0.2405,516317
0,0.2405,553194
0,0.2405,801974
0,0.2405,802166
0,0.2406,10593
0,0.2406,11900
0,0.2406,12012
0,0.2406,13981
0,0.2406,21267
0,0.2406,24969
0,0.2406,26532
0,0.2406,29289
0,0.2406,38068
0,0.2406,49038
0,0.2406,49291
0,0.2406,53655
0,0.2406,55869
0,0.2406,104723
0,0.2406,167235
0,0.2406,516162
0,0.2406,516513
0,0.2406,806623
0,0.2406,809322
0,0.2407,10297
0,0.2407,10305
0,0.2407,10628
0,0.2407,10736
0,0.2407,11922
0,0.2407,15353
0,0.2407,15729
0,0.2407,23496
0,0.2407,26060
0,0.2407,30253
0,0.2407,59400
0,0.2407,77967
0,0.2407,87674
0,0.2407,89782
0,0.2407,802399
0,0.2408,10134
0,0.2408,10342
0,0.2408,11135
0,0.2408,11992
0,0.2408,14343
0,0.2408,16600
0,0.2408,20445
0,0.2408,23487
0,0.2408,33646
0,0.2408,33672
0,0.2408,44377
0,0.2408,66047
0,0.2408,148909
0,0.2408,452352
0,0.2408,523828
0,0.2408,802039
0,0.2408,806083
0,0.2409,10408
0,0.2409,11603
0,0.2409,14158
0,0.2409,15125
0,0.2409,21099
0,0.2409,22201
0,0.2409,23151
0,0.2409,25714
0,0.2409,26642
0,0.2409,29088
0,0.2409,49526
0,0.2409,53002
0,0.2409,73335
0,0.2409,119949
0,0.2409,148213
0,0.2409,519967
0,0.2410,10942
0,0.2410,11174
0,0.2410,11523
0,0.2410,11546
0,0.2410,11958
0,0.2410,13315
0,0.2410,14139
0,0.2410,15164
0,0.2410,16188
0,0.2410,21362
0,0.2410,21567
0,0.2410,22665
0,0.2410,25635
0,0.2410,30885
0,0.2410,54741
0,0.2410,93352
0,0.2410,167019
0,0.2410,514740
0,0.2410,521935
0,0.2410,523351
0,0.2410,547655
0,0.2410,118750563
0,0.2411,10977
0,0.2411,11324
0,0.2411,12603
0,0.2411,14430
0,0.2411,24064
0,0.2411,24985
0,0.2411,25951
0,0.2411,30421
0,0.2411,50199
0,0.2411,54741
0,0.2411,68856
0,0.2411,75689
0,0.2411,107071
0,0.2411,142998
0,0.2411,521439
0,0.2411,532768
0,0.2411,534777
0,0.2412,10133
0,0.2412,10224
0,0.2412,10877
0,0.2412,11099
0,0.2412,11262
0,0.2412,11556
0,0.2412,12606
0,0.2412,13886
0,0.2412,21623
0,0.2412,25087
0,0.2412,27128
0,0.2412,28855
0,0.2412,35121
0,0.2412,39569
0,0.2412,43546
0,0.2412,54952
0,0.2412,76894
0,0.2412,85147
0,0.2412,247232
0,0.2412,520787
0,0.2412,800178
0,0.2412,800906
0,0.2412,809322
0,0.2412,905792
0,0.2412,915497
0,0.2413,10321
0,0.2413,10359
0,0.2413,10423
0,0.2413,11501
0,0.2413,11783
0,0.2413,11870
0,0.2413,12162
0,0.2413,12164
0,0.2413,12171
0,0.2413,12837
0,0.2413,12934
0,0.2413,14066
0,0.2413,14391
0,0.2413,18334
0,0.2413,30279
0,0.2413,31331
0,0.2413,35113
0,0.2413,35155
0,0.2413,37732
0,0.2413,42311
0,0.2413,43500
0,0.2413,67027
0,0.2413,518567
0,0.2413,803160
0,0.2413,803589
0,0.2414,11379
0,0.2414,11469
0,0.2414,11521
0,0.2414,12338
0,0.2414,15717
0,0.2414,18084
0,0.2414,18203
0,0.2414,20326
0,0.2414,26551
0,0.2414,28803
0,0.2414,30914
0,0.2414,31802
0,0.2414,39727
0,0.2414,63798
0,0.2414,63981
0,0.2414,114513
0,0.2414,135948
0,0.2414,139685
0,0.2414,262865
0,0.2414,514424
0,0.2414,521189
0,0.2414,527577
0,0.2414,551294
0,0.2414,563873
0,0.2414,803420
0,0.2415,10429
0,0.2415,11620
0,0.2415,13479
0,0.2415,18726
0,0.2415,20707
0,0.2415,33411
0,0.2415,34247
0,0.2415,35196
0,0.2415,56739
0,0.2415,69089
0,0.2415,80951
0,0.2415,114223
0,0.2415,192978
0,0.2415,523591
0,0.2415,562451
0,0.2415,800117
0,0.2415,800898
0,0.2415,804327
0,0.2415,807356
0,0.2415,943251
0,0.2416,10126
0,0.2416,10263
0,0.2416,11289
0,0.2416,11828
0,0.2416,11993
0,0.2416,12031
0,0.2416,12717
0,0.2416,14661
0,0.2416,14665
0,0.2416,17325
0,0.2416,18179
0,0.2416,19433
0,0.2416,22276
0,0.2416,26257
0,0.2416,37902
0,0.2416,57542
0,0.2416,59796
0,0.2416,119630
0,0.2416,135948
0,0.2416,543264
0,0.2416,800162
0,0.2416,804840
0,0.2417,10169
0,0.2417,10482
0,0.2417,10515
0,0.2417,10569
0,0.2417,11342
0,0.2417,11467
0,0.2417,11914
0,0.2417,12354
0,0.2417,12994
0,0.2417,15183
0,0.2417,17225
0,0.2417,17569
0,0.2417,25786
0,0.2417,29590
0,0.2417,33987
0,0.2417,117286
0,0.2417,159400
0,0.2417,511807
0,0.2417,518153
0,0.2417,518294
0,0.2417,521290
0,0.2417,804770
0,0.2417,804850
0,0.2417,917516
0,0.2418,10973
0,0.2418,11703
0,0.2418,11991
0,0.2418,12120
0,0.2418,16167
0,0.2418,17014
0,0.2418,17105
0,0.2418,17812
0,0.2418,19828
0,0.2418,28509
0,0.2418,31397
0,0.2418,46240
0,0.2418,59618
0,0.2418,122835
0,0.2418,519970
0,0.2418,903090
0,0.2419,10473
0,0.2419,10786
0,0.2419,10800
0,0.2419,12977
0,0.2419,14161
0,0.2419,15753
0,0.2419,18007
0,0.2419,23517
0,0.2419,26071
0,0.2419,26515
0,0.2419,27379
0,0.2419,27416
0,0.2419,29560
0,0.2419,34385
0,0.2419,39485
0,0.2419,51479
0,0.2419,53885
0,0.2419,57555
0,0.2419,63883
0,0.2419,67070
0,0.2419,77108
0,0.2419,96311
0,0.2419,130874
0,0.2419,521438
0,0.2419,527367
0,0.2419,552118
0,0.2420,10262
0,0.2420,10522
0,0.2420,11017
0,0.2420,11721
0,0.2420,11837
0,0.2420,12241
0,0.2420,14925
0,0.2420,16526
0,0.2420,22495
0,0.2420,22504
0,0.2420,22977
0,0.2420,68701
0,0.2420,72871
0,0.2420,74359
0,0.2420,100307
0,0.2420,123140
0,0.2420,514009
0,0.2420,521158
0,0.2420,527470
0,0.2420,800145
0,0.2421,10390
0,0.2421,10808
0,0.2421,11141
0,0.2421,11355
0,0.2421,11722
0,0.2421,12653
0,0.2421,16513
0,0.2421,18165
0,0.2421,18875
0,0.2421,18952
0,0.2421,19921
0,0.2421,20581
0,0.2421,29764
0,0.2421,39054
0,0.2421,55374
0,0.2421,69140
0,0.2421,80093
0,0.2421,91582
0,0.2421,108324
0,0.2421,116289
0,0.2421,132204
0,0.2421,519242
0,0.2421,519869
0,0.2421,532800
0,0.2421,801140
0,0.2421,805137
0,0.2421,805234
0,0.2422,10564
0,0.2422,11514
0,0.2422,12541
0,0.2422,12728
0,0.2422,14722
0,0.2422,18016
0,0.2422,18730
0,0.2422,19305
0,0.2422,19767
0,0.2422,20960
0,0.2422,21263
0,0.2422,22166
0,0.2422,44147
0,0.2422,51603
0,0.2422,52016
0,0.2422,53456
0,0.2422,54749
0,0.2422,83095
0,0.2422,107502
0,0.2422,513828
0,0.2422,535279
0,0.2423,10201
0,0.2423,10463
0,0.2423,12309
0,0.2423,12425
0,0.2423,12896
0,0.2423,18776
0,0.2423,23200
0,0.2423,27702
0,0.2423,31119
0,0.2423,32250
0,0.2423,34535
0,0.2423,49058
0,0.2423,49794
0,0.2423,58496
0,0.2423,67695
0,0.2423,73491
0,0.2423,77631
0,0.2423,114847
0,0.2423,524208
0,0.2423,555322
0,0.2423,801185
0,0.2424,11292
0,0.2424,11780
0,0.2424,12231
0,0.2424,12751
0,0.2424,12958
0,0.2424,13177
0,0.2424,13821
0,0.2424,18834
0,0.2424,23533
0,0.2424,32247
0,0.2424,36146
0,0.2424,37704
0,0.2424,38821
0,0.2424,41407
0,0.2424,49558
0,0.2424,49570
0,0.2424,50560
0,0.2424,67052
0,0.2424,76878
0,0.2424,95861
0,0.2424,436612
0,0.2424,529665
0,0.2424,532655
0,0.2424,564174
0,0.2424,564824
0,0.2424,800085
0,0.2424,805313
0,0.2425,10397
0,0.2425,11092
0,0.2425,11143
0,0.2425,11229
0,0.2425,11399
0,0.2425,11400
0,0.2425,12320
0,0.2425,13550
0,0.2425,16207
0,0.2425,18075
0,0.2425,19647
0,0.2425,25332
0,0.2425,28406
0,0.2425,39922
0,0.2425,52616
0,0.2425,79554
0,0.2425,99528
0,0.2425,125709
0,0.2425,128212
0,0.2425,155659
0,0.2425,159400
0,0.2425,580417
0,0.2425,800892
0,0.2426,10905
0,0.2426,12351
0,0.2426,13303
0,0.2426,14799
0,0.2426,16616
0,0.2426,24828
0,0.2426,24841
0,0.2426,29604
0,0.2426,31925
0,0.2426,34247
0,0.2426,40376
0,0.2426,100441
0,0.2426,148122
0,0.2426,153948
0,0.2426,155312
0,0.2426,514291
0,0.2426,524470
0,0.2426,800868
0,0.2427,10140
0,0.2427,10208
0,0.2427,10376
0,0.2427,10518
0,0.2427,11030
0,0.2427,11606
0,0.2427,11749
0,0.2427,13230
0,0.2427,14437
0,0.2427,16648
0,0.2427,23401
0,0.2427,25872
0,0.2427,28525
0,0.2427,36743
0,0.2427,38262
0,0.2427,49910
0,0.2427,62314
0,0.2427,62528
0,0.2427,65103
0,0.2427,87138
0,0.2427,93352
0,0.2427,110998
0,0.2427,112110
0,0.2427,513419
0,0.2427,520932
0,0.2427,521437
0,0.2427,801936
0,0.2427,931203
0,0.2428,10904
0,0.2428,11345
0,0.2428,11478
0,0.2428,11531
0,0.2428,11744
0,0.2428,12711
0,0.2428,17319
0,0.2428,19062
0,0.2428,22717
0,0.2428,28691
0,0.2428,34761
0,0.2428,40350
0,0.2428,42495
0,0.2428,48596
0,0.2428,58408
0,0.2428,66007
0,0.2428,66105
0,0.2428,130279
0,0.2428,555967
0,0.2428,800241
0,0.2428,906956
0,0.2429,10530
0,0.2429,10996
0,0.2429,11390
0,0.2429,11840
0,0.2429,12143
0,0.2429,13483
0,0.2429,14607
0,0.2429,15547
0,0.2429,16600
0,0.2429,20402
0,0.2429,25439
0,0.2429,46626
0,0.2429,49255
0,0.2429,77451
0,0.2429,111345
0,0.2430,10065
0,0.2430,10102
0,0.2430,11725
0,0.2430,11736
0,0.2430,14530
0,0.2430,16422
0,0.2430,17540
0,0.2430,23477
0,0.2430,27614
0,0.2430,28086
0,0.2430,29217
0,0.2430,37951
0,0.2430,58027
0,0.2430,62429
0,0.2430,68686
0,0.2430,111512
0,0.2430,517330
0,0.2430,518153
0,0.2430,520916
0,0.2430,523684
0,0.2430,524238
0,0.2430,546406
0,0.2430,555318
0,0.2430,907978
0,0.2431,10456
0,0.2431,13127
0,0.2431,17389
0,0.2431,17847
0,0.2431,20503
0,0.2431,23487
0,0.2431,33229
0,0.2431,35477
0,0.2431,48739
0,0.2431,49376
0,0.2431,66206
0,0.2431,82482
0,0.2431,92909
0,0.2431,256432
0,0.2431,514425
0,0.2431,515158
0,0.2431,535438
0,0.2431,535996
0,0.2432,10254
0,0.2432,12471
0,0.2432,12782
0,0.2432,22671
0,0.2432,26845
0,0.2432,40664
0,0.2432,47002
0,0.2432,52641
0,0.2432,58157
0,0.2432,59400
0,0.2432,63336
0,0.2432,210889
0,0.2432,527409
0,0.2432,918582
0,0.2433,10118
0,0.2433,11517
0,0.2433,11952
0,0.2433,12840
0,0.2433,15970
0,0.2433,23854
0,0.2433,29176
0,0.2433,31117
0,0.2433,31206
0,0.2433,41840
0,0.2433,50017
0,0.2433,54445
0,0.2433,71039
0,0.2433,80951
0,0.2433,103338
0,0.2433,104490
0,0.2433,132791
0,0.2433,519585
0,0.2433,529429
0,0.2433,800335
0,0.2434,10084
0,0.2434,10756
0,0.2434,11283
0,0.2434,11594
0,0.2434,11975
0,0.2434,12050
0,0.2434,13375
0,0.2434,16206
0,0.2434,20105
0,0.2434,36844
0,0.2434,38688
0,0.2434,45016
0,0.2434,47595
0,0.2434,103414
0,0.2434,103964
0,0.2434,148337
0,0.2434,151762
0,0.2434,280660
0,0.2434,527469
0,0.2435,11624
0,0.2435,15992
0,0.2435,22243
0,0.2435,24407
0,0.2435,34627
0,0.2435,45451
0,0.2435,47901
0,0.2435,48056
0,0.2435,53089
0,0.2435,56966
0,0.2435,91753
0,0.2435,122004
0,0.2435,140182
0,0.2435,147696
0,0.2435,295280
0,0.2435,517458
0,0.2435,803049
0,0.2436,11058
0,0.2436,11082
0,0.2436,12511
0,0.2436,12929
0,0.2436,14243
0,0.2436,14609
0,0.2436,15244
0,0.2436,19364
0,0.2436,25245
0,0.2436,26263
0,0.2436,40559
0,0.2436,49102
0,0.2436,49945
0,0.2436,55120
0,0.2436,79317
0,0.2436,93389
0,0.2436,98526
0,0.2436,147169
0,0.2436,147959
0,0.2436,542754
0,0.2436,555875
0,0.2436,821509
0,0.2437,10632
0,0.2437,12460
0,0.2437,12509
0,0.2437,13221
0,0.2437,15005
0,0.2437,15276
0,0.2437,18637
0,0.2437,20459
0,0.2437,21332
0,0.2437,24315
0,0.2437,24352
0,0.2437,24626
0,0.2437,37147
0,0.2437,42373
0,0.2437,43850
0,0.2437,63927
0,0.2437,109011
0,0.2437,120208
0,0.2437,520002
0,0.2437,527430
0,0.2437,555712
0,0.2437,556574
0,0.2437,803215
0,0.2437,807356
0,0.2438,10524
0,0.2438,10929
0,0.2438,11281
0,0.2438,16015
0,0.2438,18015
0,0.2438,18854
0,0.2438,22569
0,0.2438,25927
0,0.2438,40838
0,0.2438,49961
0,0.2438,93314
0,0.2438,137726
0,0.2438,524164
0,0.2438,555969
0,0.2438,804003
0,0.2438,807047
0,0.2439,11244
0,0.2439,11294
0,0.2439,20620
0,0.2439,21382
0,0.2439,30776
0,0.2439,32656
0,0.2439,37336
0,0.2439,46954
0,0.2439,50451
0,0.2439,87276
0,0.2439,99608
0,0.2439,123894
0,0.2439,515161
0,0.2439,527410
0,0.2439,534428
0,0.2439,802554
0,0.2439,805335
0,0.2439,809322
0,0.2440,10209
0,0.2440,10613
0,0.2440,11608
0,0.2440,11761
0,0.2440,11922
0,0.2440,12111
0,0.2440,14360
0,0.2440,20397
0,0.2440,29231
0,0.2440,32321
0,0.2440,34677
0,0.2440,50485
0,0.2440,88479
0,0.2440,522828
0,0.2440,530777
0,0.2440,543264
0,0.2440,800496
0,0.2441,10096
0,0.2441,10486
0,0.2441,11359
0,0.2441,11969
0,0.2441,12023
0,0.2441,12163
0,0.2441,12387
0,0.2441,14497
0,0.2441,14573
0,0.2441,26953
0,0.2441,27274
0,0.2441,33501
0,0.2441,42221
0,0.2441,44766
0,0.2441,46309
0,0.2441,73161
0,0.2441,77313
0,0.2441,109321
0,0.2441,123308
0,0.2441,147169
0,0.2441,148994
0,0.2441,149720
0,0.2441,185726
0,0.2441,519692
0,0.2441,521011
0,0.2441,526119
0,0.2441,543774
0,0.2441,800606
0,0.2441,904868
0,0.2441,928274
0,0.2442,10540
0,0.2442,11105
0,0.2442,11471
0,0.2442,11930
0,0.2442,11992
0,0.2442,13027
0,0.2442,13621
0,0.2442,14442
0,0.2442,24030
0,0.2442,26168
0,0.2442,32354
0,0.2442,41342
0,0.2442,49225
0,0.2442,52614
0,0.2442,54741
0,0.2442,75212
0,0.2442,80123
0,0.2442,190419
0,0.2442,513174
0,0.2442,515157
0,0.2442,518580
0,0.2442,519132
0,0.2442,520466
0,0.2442,800247
0,0.2442,801027
0,0.2442,801994
0,0.2442,906378
0,0.2443,10285
0,0.2443,10294
0,0.2443,10459
0,0.2443,10835
0,0.2443,10942
0,0.2443,11080
0,0.2443,11546
0,0.2443,11829
0,0.2443,12061
0,0.2443,13435
0,0.2443,13936
0,0.2443,16124
0,0.2443,16610
0,0.2443,19845
0,0.2443,20910
0,0.2443,21876
0,0.2443,33405
0,0.2443,36839
0,0.2443,37961
0,0.2443,59329
0,0.2443,564884
0,0.2443,579253
0,0.2444,10249
0,0.2444,10305
0,0.2444,10650
0,0.2444,14893
0,0.2444,16005
0,0.2444,27697
0,0.2444,48530
0,0.2444,58013
0,0.2444,58230
0,0.2444,77609
0,0.2444,116133
0,0.2444,146931
0,0.2444,511775
0,0.2444,517359
0,0.2444,519842
0,0.2444,903086
0,0.2445,10472
0,0.2445,11523
0,0.2445,11583
0,0.2445,19487
0,0.2445,19953
0,0.2445,20823
0,0.2445,31847
0,0.2445,51330
0,0.2445,67721
0,0.2445,69929
0,0.2445,520787
0,0.2445,525105
0,0.2445,537458
0,0.2446,10039
0,0.2446,10683
0,0.2446,11262
0,0.2446,12168
0,0.2446,15517
0,0.2446,19873
0,0.2446,20141
0,0.2446,65486
0,0.2446,93352
0,0.2446,108535
0,0.2446,145635
0,0.2446,512234
0,0.2446,521935
0,0.2446,801666
0,0.2446,810889
0,0.2447,10470
0,0.2447,11099
0,0.2447,11525
0,0.2447,11783
0,0.2447,11870
0,0.2447,12778
0,0.2447,12985
0,0.2447,13716
0,0.2447,13944
0,0.2447,14319
0,0.2447,21584
0,0.2447,22852
0,0.2447,23012
0,0.2447,24317
0,0.2447,29232
0,0.2447,49019
0,0.2447,57179
0,0.2447,63901
0,0.2447,515096
0,0.2447,523591
0,0.2448,10111
0,0.2448,10133
0,0.2448,10647
0,0.2448,10806
0,0.2448,11162
0,0.2448,11501
0,0.2448,11603
0,0.2448,12115
0,0.2448,12756
0,0.2448,12890
0,0.2448,13852
0,0.2448,14292
0,0.2448,16416
0,0.2448,16724
0,0.2448,21452
0,0.2448,21798
0,0.2448,22040
0,0.2448,28159
0,0.2448,41787
0,0.2448,42904
0,0.2448,44250
0,0.2448,54958
0,0.2448,55306
0,0.2448,56315
0,0.2448,78067
0,0.2448,99080
0,0.2448,524284
0,0.2448,534195
0,0.2448,534777
0,0.2448,800397
0,0.2448,801946
0,0.2448,804588
0,0.2448,808650
0,0.2449,10221
0,0.2449,11379
0,0.2449,11620
0,0.2449,11788
0,0.2449,12338
0,0.2449,14821
0,0.2449,14985
0,0.2449,15431
0,0.2449,18049
0,0.2449,26223
0,0.2449,26423
0,0.2449,26766
0,0.2449,28241
0,0.2449,34464
0,0.2449,56034
0,0.2449,56991
0,0.2449,58836
0,0.2449,63394
0,0.2449,63944
0,0.2449,140278
0,0.2449,267437
0,0.2449,518153
0,0.2450,10176
0,0.2450,10977
0,0.2450,11289
0,0.2450,11993
0,0.2450,13095
0,0.2450,14849
0,0.2450,14962
0,0.2450,16434
0,0.2450,16715
0,0.2450,22787
0,0.2450,27151
0,0.2450,33248
0,0.2450,49479
0,0.2450,61941
0,0.2450,112473
0,0.2450,174194
0,0.2450,513945
0,0.2450,516197
0,0.2450,519572
0,0.2450,521297
0,0.2450,521771
0,0.2450,545180
0,0.2450,800088
0,0.2451,10169
0,0.2451,10515
0,0.2451,10736
0,0.2451,11050
0,0.2451,11828
0,0.2451,13684
0,0.2451,13940
0,0.2451,15506
0,0.2451,15619
0,0.2451,15662
0,0.2451,19904
0,0.2451,20200
0,0.2451,21567
0,0.2451,26922
0,0.2451,32482
0,0.2451,44377
0,0.2451,47984
0,0.2451,50497
0,0.2451,53050
0,0.2451,76634
0,0.2451,81377
0,0.2451,88799
0,0.2451,168466
0,0.2451,192978
0,0.2451,515070
0,0.2451,524152
0,0.2451,524207
0,0.2451,800157
0,0.2451,802999
0,0.2451,803378
0,0.2452,11991
0,0.2452,12186
0,0.2452,13610
0,0.2452,14514
0,0.2452,15118
0,0.2452,18994
0,0.2452,21637
0,0.2452,26602
0,0.2452,29350
0,0.2452,29826
0,0.2452,31348
0,0.2452,32095
0,0.2452,35634
0,0.2452,43785
0,0.2452,67398
0,0.2452,86985
0,0.2452,524990
0,0.2452,544258
0,0.2452,551294
0,0.2452,804524
0,0.2452,804559
0,0.2452,808740
0,0.2453,10473
0,0.2453,11342
0,0.2453,11369
0,0.2453,12654
0,0.2453,13283
0,0.2453,13664
0,0.2453,17325
0,0.2453,18983
0,0.2453,20001
0,0.2453,20287
0,0.2453,29090
0,0.2453,34247
0,0.2453,41891
0,0.2453,46188
0,0.2453,46457
0,0.2453,48568
0,0.2453,57401
0,0.2453,58738
0,0.2453,66076
0,0.2453,108640
0,0.2453,126602
0,0.2453,144897
0,0.2453,185386
0,0.2453,532800
0,0.2453,800383
0,0.2453,801071
0,0.2453,925829
0,0.2454,10423
0,0.2454,11914
0,0.2454,13194
0,0.2454,16508
0,0.2454,17107
0,0.2454,17757
0,0.2454,19665
0,0.2454,21166
0,0.2454,24502
0,0.2454,28019
0,0.2454,35196
0,0.2454,48056
0,0.2454,54741
0,0.2454,63097
0,0.2454,121593
0,0.2454,173968
0,0.2454,247232
0,0.2454,814586
0,0.2455,10205
0,0.2455,10216
0,0.2455,10767
0,0.2455,11722
0,0.2455,12160
0,0.2455,12571
0,0.2455,13116
0,0.2455,13143
0,0.2455,13225
0,0.2455,13315
0,0.2455,13386
0,0.2455,14750
0,0.2455,18016
0,0.2455,19467
0,0.2455,22473
0,0.2455,23241
0,0.2455,25245
0,0.2455,38043
0,0.2455,41302
0,0.2455,102475
0,0.2455,134660
0,0.2455,294758
0,0.2455,520931
0,0.2455,526634
0,0.2455,805372
0,0.2456,10201
0,0.2456,10408
0,0.2456,11155
0,0.2456,12332
0,0.2456,12354
0,0.2456,13147
0,0.2456,13556
0,0.2456,13767
0,0.2456,14666
0,0.2456,17484
0,0.2456,18726
0,0.2456,22530
0,0.2456,23076
0,0.2456,44846
0,0.2456,52220
0,0.2456,53383
0,0.2456,54746
0,0.2456,63944
0,0.2456,97457
0,0.2456,107761
0,0.2456,118489
0,0.2456,123585
0,0.2456,517351
0,0.2456,527577
0,0.2456,529031
0,0.2456,580814
0,0.2456,910729
0,0.2457,10377
0,0.2457,10461
0,0.2457,11837
0,0.2457,13666
0,0.2457,15507
0,0.2457,17076
0,0.2457,19612
0,0.2457,20044
0,0.2457,22494
0,0.2457,23339
0,0.2457,25972
0,0.2457,28680
0,0.2457,29156
0,0.2457,30421
0,0.2457,34130
0,0.2457,60017
0,0.2457,83341
0,0.2457,86577
0,0.2457,94785
0,0.2457,129758
0,0.2457,521158
0,0.2457,801828
0,0.2458,10463
0,0.2458,10629
0,0.2458,12561
0,0.2458,12717
0,0.2458,13423
0,0.2458,15039
0,0.2458,18332
0,0.2458,22276
0,0.2458,30469
0,0.2458,36333
0,0.2458,56364
0,0.2458,77810
0,0.2458,109268
0,0.2458,512796
0,0.2458,519695
0,0.2458,521479
0,0.2458,532768
0,0.2458,904036
0,0.2459,10126
0,0.2459,11292
0,0.2459,11521
0,0.2459,12977
0,0.2459,12994
0,0.2459,13334
0,0.2459,13384
0,0.2459,16426
0,0.2459,20123
0,0.2459,22224
0,0.2459,36351
0,0.2459,40444
0,0.2459,52099
0,0.2459,72111
0,0.2459,87245
0,0.2459,91123
0,0.2459,95581
0,0.2459,195727
0,0.2459,532655
0,0.2459,926154
0,0.2460,10561
0,0.2460,10670
0,0.2460,10704
0,0.2460,11817
0,0.2460,14019
0,0.2460,15353
0,0.2460,23204
0,0.2460,37342
0,0.2460,54628
0,0.2460,58226
0,0.2460,124822
0,0.2460,515549
0,0.2460,518717
0,0.2460,555966
0,0.2461,10397
0,0.2461,11400
0,0.2461,11556
0,0.2461,12109
0,0.2461,12965
0,0.2461,14161
0,0.2461,16359
0,0.2461,16972
0,0.2461,18814
0,0.2461,19921
0,0.2461,27416
0,0.2461,41571
0,0.2461,44138
0,0.2461,50929
0,0.2461,51750
0,0.2461,101010
0,0.2461,110773
0,0.2461,126345
0,0.2461,513114
0,0.2461,521157
0,0.2461,527470
0,0.2461,532800
0,0.2462,10049
0,0.2462,10134
0,0.2462,10140
0,0.2462,10321
0,0.2462,10376
0,0.2462,10905
0,0.2462,12057
0,0.2462,13356
0,0.2462,13431
0,0.2462,14343
0,0.2462,21338
0,0.2462,31196
0,0.2462,31320
0,0.2462,32815
0,0.2462,38204
0,0.2462,48131
0,0.2462,51401
0,0.2462,56072
0,0.2462,67244
0,0.2462,116012
0,0.2462,117817
0,0.2462,191334
0,0.2462,286505
0,0.2462,516097
0,0.2462,524208
0,0.2462,805313
0,0.2462,806173
0,0.2463,10147
0,0.2463,11409
0,0.2463,11478
0,0.2463,11531
0,0.2463,11681
0,0.2463,11744
0,0.2463,12037
0,0.2463,12667
0,0.2463,14667
0,0.2463,14897
0,0.2463,16433
0,0.2463,16524
0,0.2463,17350
0,0.2463,17705
0,0.2463,19792
0,0.2463,20581
0,0.2463,23401
0,0.2463,28086
0,0.2463,30469
0,0.2463,31376
0,0.2463,48963
0,0.2463,53128
0,0.2463,53719
0,0.2463,71785
0,0.2463,88538
0,0.2463,156863
0,0.2463,519850
0,0.2463,521575
0,0.2463,522827
0,0.2463,531999
0,0.2464,10262
0,0.2464,10378
0,0.2464,10429
0,0.2464,10569
0,0.2464,10877
0,0.2464,12320
0,0.2464,14339
0,0.2464,14461
0,0.2464,15183
0,0.2464,16460
0,0.2464,18730
0,0.2464,19267
0,0.2464,19767
0,0.2464,20647
0,0.2464,21267
0,0.2464,22166
0,0.2464,28406
0,0.2464,32890
0,0.2464,43652
0,0.2464,46154
0,0.2464,49754
0,0.2464,50775
0,0.2464,53812
0,0.2464,256432
0,0.2464,517982
0,0.2464,523828
0,0.2464,553194
0,0.2464,564884
0,0.2465,11736
0,0.2465,12367
0,0.2465,12765
0,0.2465,13571
0,0.2465,16601
0,0.2465,18165
0,0.2465,19938
0,0.2465,23477
0,0.2465,33165
0,0.2465,43179
0,0.2465,43861
0,0.2465,48274
0,0.2465,65179
0,0.2465,67070
0,0.2465,104131
0,0.2465,126779
0,0.2465,514687
0,0.2465,516568
0,0.2465,520003
0,0.2465,524238
0,0.2465,555318
0,0.2466,10456
0,0.2466,11195
0,0.2466,11517
0,0.2466,11725
0,0.2466,12773
0,0.2466,13724
0,0.2466,15313
0,0.2466,15789
0,0.2466,23854
0,0.2466,25039
0,0.2466,43861
0,0.2466,46898
0,0.2466,63645
0,0.2466,68887
0,0.2466,73560
0,0.2466,75333
0,0.2466,161534
0,0.2466,515069
0,0.2466,519589
0,0.2466,523544
0,0.2466,804989
0,0.2466,908951
0,0.2467,10033
0,0.2467,10254
0,0.2467,11162
0,0.2467,13998
0,0.2467,14874
0,0.2467,15688
0,0.2467,15915
0,0.2467,16188
0,0.2467,17650
0,0.2467,18108
0,0.2467,18824
0,0.2467,19743
0,0.2467,30120
0,0.2467,33502
0,0.2467,50372
0,0.2467,89067
0,0.2467,516322
0,0.2467,800949
0,0.2467,806606
0,0.2467,808650
0,0.2468,10522
0,0.2468,12152
0,0.2468,12314
0,0.2468,16274
0,0.2468,17027
0,0.2468,24828
0,0.2468,26047
0,0.2468,26292
0,0.2468,29750
0,0.2468,41869
0,0.2468,44000
0,0.2468,52583
0,0.2468,65609
0,0.2468,72102
0,0.2468,83381
0,0.2468,94994
0,0.2468,110773
0,0.2468,118845
0,0.2468,407353
0,0.2468,529429
0,0.2468,914363
0,0.2469,10198
0,0.2469,11229
0,0.2469,11399
0,0.2469,13018
0,0.2469,13153
0,0.2469,15647
0,0.2469,19290
0,0.2469,20995
0,0.2469,27319
0,0.2469,34475
0,0.2469,37399
0,0.2469,54741
0,0.2469,58359
0,0.2469,71961
0,0.2469,91582
0,0.2469,519242
0,0.2469,521479
0,0.2469,524893
0,0.2469,532766
0,0.2469,535316
0,0.2469,800269
0,0.2469,803683
0,0.2469,918582
0,0.2470,10141
0,0.2470,11135
0,0.2470,11975
0,0.2470,13725
0,0.2470,13821
0,0.2470,24804
0,0.2470,67070
0,0.2470,73819
0,0.2470,75987
0,0.2470,104131
0,0.2470,531708
0,0.2470,133348431
0,0.2471,10632
0,0.2471,10906
0,0.2471,10929
0,0.2471,12809
0,0.2471,13550
0,0.2471,20402
0,0.2471,20926
0,0.2471,22243
0,0.2471,26860
0,0.2471,27319
0,0.2471,28525
0,0.2471,41622
0,0.2471,43216
0,0.2471,45286
0,0.2471,46960
0,0.2471,58140
0,0.2471,68692
0,0.2471,520002
0,0.2471,801813
0,0.2472,10359
0,0.2472,11345
0,0.2472,12815
0,0.2472,16029
0,0.2472,19508
0,0.2472,19828
0,0.2472,26387
0,0.2472,43230
0,0.2472,43474
0,0.2472,45416
0,0.2472,51537
0,0.2472,54628
0,0.2472,68010
0,0.2472,73492
0,0.2472,87178
0,0.2472,90874
0,0.2473,10208
0,0.2473,10678
0,0.2473,11281
0,0.2473,11952
0,0.2473,12121
0,0.2473,18203
0,0.2473,19717
0,0.2473,51391
0,0.2473,66970
0,0.2473,70788
0,0.2473,90310
0,0.2473,95255
0,0.2473,514766
0,0.2473,800743
0,0.2474,11244
0,0.2474,12934
0,0.2474,14391
0,0.2474,29632
0,0.2474,32824
0,0.2474,45460
0,0.2474,53744
0,0.2474,57493
0,0.2474,72672
0,0.2474,84445
0,0.2474,90874
0,0.2474,107502
0,0.2474,210889
0,0.2474,517532
0,0.2474,518567
0,0.2474,519588
0,0.2474,543264
0,0.2474,800928
0,0.2474,801736
0,0.2474,802549
0,0.2475,10716
0,0.2475,11143
0,0.2475,12111
0,0.2475,12171
0,0.2475,12241
0,0.2475,12371
0,0.2475,13480
0,0.2475,13981
0,0.2475,14437
0,0.2475,14685
0,0.2475,16993
0,0.2475,18417
0,0.2475,28241
0,0.2475,30611
0,0.2475,34063
0,0.2475,38573
0,0.2475,45513
0,0.2475,56207
0,0.2475,62528
0,0.2475,63930
0,0.2475,130279
0,0.2475,457812
0,0.2475,513911
0,0.2475,800344
0,0.2476,10065
0,0.2476,10593
0,0.2476,10942
0,0.2476,11594
0,0.2476,11922
0,0.2476,13685
0,0.2476,14158
0,0.2476,15920
0,0.2476,16107
0,0.2476,27614
0,0.2476,31172
0,0.2476,38549
0,0.2476,42074
0,0.2476,44995
0,0.2476,48218
0,0.2476,58779
0,0.2476,73457
0,0.2476,93352
0,0.2476,113958
0,0.2476,517458
0,0.2476,521086
0,0.2476,529445
0,0.2477,10540
0,0.2477,10628
0,0.2477,10727
0,0.2477,10808
0,0.2477,13312
0,0.2477,14506
0,0.2477,17817
0,0.2477,18634
0,0.2477,19333
0,0.2477,20960
0,0.2477,22806
0,0.2477,23743
0,0.2477,26102
0,0.2477,26419
0,0.2477,31775
0,0.2477,32165
0,0.2477,32439
0,0.2477,38819
0,0.2477,39802
0,0.2477,41801
0,0.2477,52235
0,0.2477,60346
0,0.2477,87958
0,0.2477,512883
0,0.2477,520393
0,0.2477,530777
0,0.2477,531131
0,0.2477,801848
0,0.2477,802843
0,0.2477,918902
0,0.2478,10209
0,0.2478,11390
0,0.2478,11992
0,0.2478,16013
0,0.2478,18416
0,0.2478,21557
0,0.2478,22338
0,0.2478,23132
0,0.2478,35758
0,0.2478,37891
0,0.2478,59389
0,0.2478,96213
0,0.2478,129758
0,0.2478,151973
0,0.2478,209929
0,0.2478,520916
0,0.2478,802039
0,0.2478,803210
0,0.2478,904400
0,0.2479,10084
0,0.2479,10530
0,0.2479,11294
0,0.2479,14435
0,0.2479,22417
0,0.2479,25686
0,0.2479,32784
0,0.2479,34717
0,0.2479,35514
0,0.2479,51205
0,0.2479,53320
0,0.2479,63944
0,0.2479,109635
0,0.2479,260257
0,0.2479,527357
0,0.2479,530791
0,0.2479,533849
0,0.2479,800392
0,0.2479,805992
0,0.2479,903654
0,0.2480,10118
0,0.2480,10524
0,0.2480,12485
0,0.2480,12929
0,0.2480,20867
0,0.2480,25229
0,0.2480,25288
0,0.2480,27893
0,0.2480,30539
0,0.2480,41175
0,0.2480,50372
0,0.2480,523351
0,0.2480,805313
0,0.2481,10296
0,0.2481,11072
0,0.2481,11262
0,0.2481,11359
0,0.2481,14572
0,0.2481,20688
0,0.2481,20739
0,0.2481,21242
0,0.2481,28144
0,0.2481,34533
0,0.2481,40409
0,0.2481,41551
0,0.2481,77451
0,0.2481,119101
0,0.2481,520787
0,0.2481,809085
0,0.2482,11112
0,0.2482,11467
0,0.2482,11501
0,0.2482,11523
0,0.2482,11546
0,0.2482,13172
0,0.2482,14066
0,0.2482,16259
0,0.2482,16706
0,0.2482,18493
0,0.2482,21772
0,0.2482,24941
0,0.2482,27379
0,0.2482,56140
0,0.2482,68086
0,0.2482,87697
0,0.2482,99925
0,0.2482,102945
0,0.2482,119936
0,0.2482,518788
0,0.2482,519865
0,0.2482,523591
0,0.2483,10097
0,0.2483,10263
0,0.2483,10390
0,0.2483,10786
0,0.2483,11620
0,0.2483,11783
0,0.2483,13056
0,0.2483,13470
0,0.2483,16648
0,0.2483,17614
0,0.2483,22105
0,0.2483,31068
0,0.2483,31733
0,0.2483,41393
0,0.2483,61425
0,0.2483,63046
0,0.2483,66389
0,0.2483,69837
0,0.2483,122835
0,0.2483,148484
0,0.2483,513803
0,0.2483,521935
0,0.2483,524164
0,0.2483,804989
0,0.2483,903847
0,0.2484,10169
0,0.2484,10402
0,0.2484,10515
0,0.2484,11099
0,0.2484,11379
0,0.2484,11731
0,0.2484,11870
0,0.2484,11993
0,0.2484,12279
0,0.2484,12338
0,0.2484,13596
0,0.2484,15905
0,0.2484,18939
0,0.2484,19143
0,0.2484,21725
0,0.2484,21756
0,0.2484,32656
0,0.2484,52875
0,0.2484,54749
0,0.2484,127980
0,0.2484,527358
0,0.2484,555312
0,0.2484,904868
0,0.2484,906635
0,0.2484,908017
0,0.2485,10133
0,0.2485,10305
0,0.2485,11289
0,0.2485,11603
0,0.2485,11828
0,0.2485,11991
0,0.2485,12012
0,0.2485,12162
0,0.2485,18536
0,0.2485,20620
0,0.2485,25166
0,0.2485,25476
0,0.2485,26338
0,0.2485,28899
0,0.2485,33296
0,0.2485,35798
0,0.2485,74436
0,0.2485,88903
0,0.2485,92866
0,0.2485,512485
0,0.2485,513230
0,0.2485,521439
0,0.2485,524082
0,0.2485,542355
0,0.2485,800500
0,0.2485,904101
0,0.2485,908572
0,0.2486,10473
0,0.2486,10653
0,0.2486,12312
0,0.2486,12541
0,0.2486,12837
0,0.2486,13621
0,0.2486,20059
0,0.2486,27775
0,0.2486,28241
0,0.2486,28631
0,0.2486,35196
0,0.2486,38022
0,0.2486,43380
0,0.2486,53144
0,0.2486,80951
0,0.2486,102136
0,0.2486,267437
0,0.2486,514318
0,0.2486,532967
0,0.2486,801189
0,0.2486,805899
0,0.2487,10960
0,0.2487,11341
0,0.2487,11701
0,0.2487,11703
0,0.2487,11930
0,0.2487,16862
0,0.2487,30102
0,0.2487,32771
0,0.2487,36207
0,0.2487,38670
0,0.2487,44079
0,0.2487,51195
0,0.2487,52614
0,0.2487,58939
0,0.2487,79950
0,0.2487,90874
0,0.2487,195727
0,0.2487,319274
0,0.2487,512745
0,0.2487,539787
0,0.2488,10096
0,0.2488,10719
0,0.2488,11211
0,0.2488,11722
0,0.2488,11761
0,0.2488,13089
0,0.2488,13259
0,0.2488,14386
0,0.2488,14802
0,0.2488,14961
0,0.2488,16083
0,0.2488,17325
0,0.2488,17569
0,0.2488,18262
0,0.2488,20445
0,0.2488,21567
0,0.2488,22705
0,0.2488,39668
0,0.2488,39719
0,0.2488,41754
0,0.2488,44302
0,0.2488,46888
0,0.2488,80951
0,0.2488,509223
0,0.2488,515642
0,0.2488,524777
0,0.2488,535279
0,0.2488,808650
0,0.2489,10622
0,0.2489,10650
0,0.2489,10881
0,0.2489,11402
0,0.2489,11558
0,0.2489,13716
0,0.2489,16141
0,0.2489,18016
0,0.2489,21132
0,0.2489,28640
0,0.2489,28758
0,0.2489,36149
0,0.2489,43363
0,0.2489,44587
0,0.2489,45661
0,0.2489,50389
0,0.2489,53326
0,0.2489,56609
0,0.2489,62771
0,0.2489,90364
0,0.2489,103186
0,0.2489,121384
0,0.2489,127894
0,0.2489,153391
0,0.2489,192978
0,0.2489,513746
0,0.2489,516433
0,0.2489,517804
0,0.2489,519693
0,0.2489,522432
0,0.2489,564824
0,0.2489,810889
0,0.2489,907468
0,0.2490,10201
0,0.2490,10459
0,0.2490,10463
0,0.2490,10735
0,0.2490,11030
0,0.2490,11342
0,0.2490,11514
0,0.2490,11914
0,0.2490,11996
0,0.2490,12896
0,0.2490,14427
0,0.2490,17170
0,0.2490,19768
0,0.2490,22323
0,0.2490,28604
0,0.2490,33646
0,0.2490,42698
0,0.2490,44840
0,0.2490,69650
0,0.2490,80484
0,0.2490,167190
0,0.2490,514764
0,0.2490,518153
0,0.2490,522730
0,0.2490,527524
0,0.2491,10996
0,0.2491,11749
0,0.2491,11788
0,0.2491,11847
0,0.2491,13375
0,0.2491,15133
0,0.2491,18798
0,0.2491,21099
0,0.2491,25195
0,0.2491,35113
0,0.2491,38805
0,0.2491,43539
0,0.2491,48021
0,0.2491,53326
0,0.2491,79631
0,0.2491,519970
0,0.2491,521171
0,0.2491,525064
0,0.2491,551294
0,0.2491,555967
0,0.2492,10101
0,0.2492,10313
0,0.2492,10756
0,0.2492,10904
0,0.2492,11092
0,0.2492,11176
0,0.2492,12826
0,0.2492,14419
0,0.2492,18726
0,0.2492,53472
0,0.2492,60768
0,0.2492,63508
0,0.2492,81005
0,0.2492,106885
0,0.2492,123543
0,0.2492,247232
0,0.2492,517164
0,0.2492,521158
0,0.2492,521437
0,0.2492,541683
0,0.2492,563873
0,0.2492,802944
0,0.2493,10736
0,0.2493,10852
0,0.2493,11469
0,0.2493,12534
0,0.2493,13128
0,0.2493,21098
0,0.2493,22833
0,0.2493,26071
0,0.2493,67052
0,0.2493,67398
0,0.2493,231412
0,0.2493,523060
0,0.2493,800304
0,0.2493,802864
0,0.2494,11292
0,0.2494,12164
0,0.2494,12284
0,0.2494,12354
0,0.2494,13479
0,0.2494,13515
0,0.2494,16054
0,0.2494,18534
0,0.2494,19108
0,0.2494,19579
0,0.2494,25245
0,0.2494,30105
0,0.2494,32958
0,0.2494,40542
0,0.2494,40966
0,0.2494,42307
0,0.2494,68031
0,0.2494,69620
0,0.2494,99721
0,0.2494,133908
0,0.2494,515015
0,0.2494,529665
0,0.2494,532655
0,0.2494,533589
0,0.2494,534777
0,0.2494,542560
0,0.2494,806083
0,0.2495,10804
0,0.2495,13315
0,0.2495,13582
0,0.2495,14895
0,0.2495,15164
0,0.2495,19339
0,0.2495,19845
0,0.2495,20132
0,0.2495,20270
0,0.2495,30631
0,0.2495,44858
0,0.2495,53334
0,0.2495,58972
0,0.2495,99751
0,0.2495,111878
0,0.2495,381503
0,0.2495,514337
0,0.2495,514424
0,0.2495,564174
0,0.2495,800206
0,0.2495,800970
0,0.2495,804106
0,0.2495,807825
0,0.2496,10423
0,0.2496,11837
0,0.2496,12782
0,0.2496,13230
0,0.2496,13358
0,0.2496,13798
0,0.2496,14243
0,0.2496,14510
0,0.2496,14573
0,0.2496,17904
0,0.2496,21709
0,0.2496,26020
0,0.2496,45430
0,0.2496,45875
0,0.2496,47161
0,0.2496,53813
0,0.2496,56083
0,0.2496,58157
0,0.2496,72871
0,0.2496,96557
0,0.2496,105377
0,0.2496,118845
0,0.2496,124690
0,0.2496,129608
0,0.2496,144317
0,0.2496,520574
0,0.2496,521438
0,0.2496,809081
0,0.2497,10140
0,0.2497,10397
0,0.2497,10470
0,0.2497,10977
0,0.2497,11050
0,0.2497,11355
0,0.2497,11400
0,0.2497,11583
0,0.2497,11645
0,0.2497,14530
0,0.2497,16437
0,0.2497,21692
0,0.2497,22276
0,0.2497,22356
0,0.2497,23958
0,0.2497,25552
0,0.2497,31117
0,0.2497,38051
0,0.2497,39893
0,0.2497,40838
0,0.2497,53326
0,0.2497,54749
0,0.2497,98526
0,0.2497,103824
0,0.2497,111655
0,0.2497,114727
0,0.2497,141834
0,0.2497,159277
0,0.2497,516400
0,0.2497,522891
0,0.2497,530957
0,0.2497,580637
0,0.2497,801459
0,0.2498,10176
0,0.2498,10905
0,0.2498,11478
0,0.2498,11744
0,0.2498,16422
0,0.2498,17406
0,0.2498,30421
0,0.2498,40685
0,0.2498,53863
0,0.2498,56288
0,0.2498,57932
0,0.2498,90310
0,0.2498,145016
0,0.2498,153573
0,0.2498,527577
0,0.2498,804115
0,0.2498,821509
0,0.2498,904587
0,0.2498,905652
0,0.2499,10039
0,0.2499,10070
0,0.2499,10973
0,0.2499,12454
0,0.2499,16207
0,0.2499,16446
0,0.2499,17014
0,0.2499,18049
0,0.2499,23401
0,0.2499,23854
0,0.2499,26813
0,0.2499,29176
0,0.2499,30992
0,0.2499,34301
0,0.2499,37202
0,0.2499,76958
0,0.2499,110689
0,0.2499,520668
0,0.2499,521108
0,0.2499,801088
0,0.2499,802097
0,0.2500,10075
0,0.2500,10456
0,0.2500,10867
0,0.2500,10987
0,0.2500,11521
0,0.2500,11531
0,0.2500,11725
0,0.2500,11736
0,0.2500,12717
0,0.2500,19669
0,0.2500,75310
0,0.2500,524238
0,0.2500,527470
0,0.2500,564884
0,0.2500,804596
0,0.2500,809744
0,0.2501,10408
0,0.2501,11956
0,0.2501,12994
0,0.2501,14265
0,0.2501,15662
0,0.2501,18075
0,0.2501,23477
0,0.2501,26039
0,0.2501,36291
0,0.2501,37732
0,0.2501,62429
0,0.2501,62837
0,0.2501,71785
0,0.2501,72329
0,0.2501,84551
0,0.2501,91928
0,0.2501,132166
0,0.2501,436612
0,0.2501,519041
0,0.2501,555318
0,0.2501,811544
0,0.2501,933913
0,0.2502,10126
0,0.2502,12977
0,0.2502,13683
0,0.2502,13761
0,0.2502,14661
0,0.2502,16454
0,0.2502,17319
0,0.2502,18713
0,0.2502,18828
0,0.2502,21851
0,0.2502,24713
0,0.2502,25853
0,0.2502,26497
0,0.2502,28293
0,0.2502,28803
0,0.2502,31345
0,0.2502,34248
0,0.2502,35737
0,0.2502,57772
0,0.2502,75409
0,0.2502,102548
0,0.2502,518581
0,0.2502,519584
0,0.2502,525105
0,0.2503,11517
0,0.2503,12309
0,0.2503,12711
0,0.2503,20581
0,0.2503,22026
0,0.2503,26766
0,0.2503,27416
0,0.2503,36844
0,0.2503,51646
0,0.2503,60011
0,0.2503,71418
0,0.2503,80093
0,0.2503,143504
0,0.2503,171283
0,0.2503,520466
0,0.2503,520939
0,0.2503,527410
0,0.2503,800551
0,0.2503,801079
0,0.2503,918582
0,0.2503,356783826
0,0.2504,10376
0,0.2504,16366
0,0.2504,24841
0,0.2504,26551
0,0.2504,39054
0,0.2504,44634
0,0.2504,46748
0,0.2504,52614
0,0.2504,61060
0,0.2504,77451
0,0.2504,84299
0,0.2504,159400
0,0.2504,509223
0,0.2504,521241
0,0.2504,526801
0,0.2504,529429
0,0.2504,532768
0,0.2504,543264
0,0.2504,800562
0,0.2505,11741
0,0.2505,11975
0,0.2505,12621
0,0.2505,12732
0,0.2505,14161
0,0.2505,14340
0,0.2505,15507
0,0.2505,17540
0,0.2505,20324
0,0.2505,28406
0,0.2505,37399
0,0.2505,138439
0,0.2505,260257
0,0.2505,520002
0,0.2505,532804
0,0.2505,800892
0,0.2506,10632
0,0.2506,10929
0,0.2506,15746
0,0.2506,16416
0,0.2506,16532
0,0.2506,18466
0,0.2506,19873
0,0.2506,19921
0,0.2506,21235
0,0.2506,34089
0,0.2506,37596
0,0.2506,44026
0,0.2506,50256
0,0.2506,91799
0,0.2506,104232
0,0.2506,105437
0,0.2506,111689
0,0.2506,122835
0,0.2506,135948
0,0.2506,159400
0,0.2506,524208
0,0.2506,524741
0,0.2506,914259
0,0.2507,11210
0,0.2507,12320
0,0.2507,17052
0,0.2507,22166
0,0.2507,26239
0,0.2507,35927
0,0.2507,38860
0,0.2507,39922
0,0.2507,44741
0,0.2507,57675
0,0.2507,58157
0,0.2507,154649
0,0.2507,518153
0,0.2507,800030
0,0.2507,800490
0,0.2507,907554
0,0.2508,10613
0,0.2508,11281
0,0.2508,11608
0,0.2508,12511
0,0.2508,12735
0,0.2508,13194
0,0.2508,18730
0,0.2508,29166
0,0.2508,32880
0,0.2508,48056
0,0.2508,58972
0,0.2508,73013
0,0.2508,80380
0,0.2508,89250
0,0.2508,516331
0,0.2508,519869
0,0.2508,550868
0,0.2508,580793
0,0.2509,10164
0,0.2509,10218
0,0.2509,10564
0,0.2509,11244
0,0.2509,12840
0,0.2509,17107
0,0.2509,18165
0,0.2509,20278
0,0.2509,30021
0,0.2509,59111
0,0.2509,75987
0,0.2509,98526
0,0.2509,156395
0,0.2509,256432
0,0.2509,536992
0,0.2510,10134
0,0.2510,10264
0,0.2510,10569
0,0.2510,11324
0,0.2510,12728
0,0.2510,13024
0,0.2510,16434
0,0.2510,18911
0,0.2510,19767
0,0.2510,20496
0,0.2510,26845
0,0.2510,46898
0,0.2510,111220
0,0.2510,114510
0,0.2510,118845
0,0.2510,122835
0,0.2510,423539
0,0.2510,515140
0,0.2510,517330
0,0.2511,10262
0,0.2511,10399
0,0.2511,10942
0,0.2511,11058
0,0.2511,11922
0,0.2511,12111
0,0.2511,12509
0,0.2511,13232
0,0.2511,15184
0,0.2511,16124
0,0.2511,18044
0,0.2511,24828
0,0.2511,55354
0,0.2511,87584
0,0.2511,103338
0,0.2511,111640
0,0.2511,514426
0,0.2511,514688
0,0.2511,520007
0,0.2511,555969
0,0.2511,556574
0,0.2512,10321
0,0.2512,10604
0,0.2512,12163
0,0.2512,12958
0,0.2512,16136
0,0.2512,17800
0,0.2512,20033
0,0.2512,22243
0,0.2512,28525
0,0.2512,33542
0,0.2512,35113
0,0.2512,38110
0,0.2512,41378
0,0.2512,54382
0,0.2512,57806
0,0.2512,80093
0,0.2512,122982
0,0.2512,137731
0,0.2512,530777
0,0.2512,800373
0,0.2512,802751
0,0.2512,804596
0,0.2512,911658
0,0.2513,10254
0,0.2513,10767
0,0.2513,10877
0,0.2513,11992
0,0.2513,12231
0,0.2513,13064
0,0.2513,15541
0,0.2513,21409
0,0.2513,23517
0,0.2513,25719
0,0.2513,33047
0,0.2513,42425
0,0.2513,42495
0,0.2513,70509
0,0.2513,103338
0,0.2513,148989
0,0.2513,518294
0,0.2513,521290
0,0.2513,524797
0,0.2514,10297
0,0.2514,10429
0,0.2514,10472
0,0.2514,11556
0,0.2514,11947
0,0.2514,15970
0,0.2514,17225
0,0.2514,20402
0,0.2514,20459
0,0.2514,22717
0,0.2514,23496
0,0.2514,29560
0,0.2514,59950
0,0.2514,109271
0,0.2514,195277
0,0.2514,523591
0,0.2514,902180
0,0.2515,10072
0,0.2515,10209
0,0.2515,10561
0,0.2515,11624
0,0.2515,11952
0,0.2515,12061
0,0.2515,12259
0,0.2515,12425
0,0.2515,13027
0,0.2515,13198
0,0.2515,14319
0,0.2515,15517
0,0.2515,15693
0,0.2515,17310
0,0.2515,17825
0,0.2515,23200
0,0.2515,37070
0,0.2515,40435
0,0.2515,41812
0,0.2515,47515
0,0.2515,52326
0,0.2515,62648
0,0.2515,94068
0,0.2515,509223
0,0.2515,514727
0,0.2515,522828
0,0.2515,547655
0,0.2516,10169
0,0.2516,10221
0,0.2516,11229
0,0.2516,11345
0,0.2516,11375
0,0.2516,11501
0,0.2516,11620
0,0.2516,11816
0,0.2516,12031
0,0.2516,13379
0,0.2516,18994
0,0.2516,26757
0,0.2516,28899
0,0.2516,31291
0,0.2516,36956
0,0.2516,59086
0,0.2516,116162
0,0.2516,186043
0,0.2516,520787
0,0.2516,806204
0,0.2516,807146
0,0.2516,819835
0,0.2517,10065
0,0.2517,10515
0,0.2517,10522
0,0.2517,11105
0,0.2517,11594
0,0.2517,13550
0,0.2517,17570
0,0.2517,17573
0,0.2517,19949
0,0.2517,26223
0,0.2517,26263
0,0.2517,34247
0,0.2517,40182
0,0.2517,52773
0,0.2517,57923
0,0.2517,58586
0,0.2517,63883
0,0.2517,66543
0,0.2517,102716
0,0.2517,515155
0,0.2517,516162
0,0.2517,523828
0,0.2517,579253
0,0.2517,580417
0,0.2518,10133
0,0.2518,10611
0,0.2518,11262
0,0.2518,11379
0,0.2518,11993
0,0.2518,13666
0,0.2518,15183
0,0.2518,18637
0,0.2518,18854
0,0.2518,20001
0,0.2518,27702
0,0.2518,32835
0,0.2518,73249
0,0.2518,73963
0,0.2518,83289
0,0.2518,109011
0,0.2518,148493
0,0.2518,406728
0,0.2518,514291
0,0.2518,519242
0,0.2518,530781
0,0.2518,537139
0,0.2518,544258
0,0.2518,800207
0,0.2519,10378
0,0.2519,11289
0,0.2519,11399
0,0.2519,11485
0,0.2519,11523
0,0.2519,11546
0,0.2519,11783
0,0.2519,11828
0,0.2519,11991
0,0.2519,13821
0,0.2519,14343
0,0.2519,14609
0,0.2519,16651
0,0.2519,23700
0,0.2519,26515
0,0.2519,29997
0,0.2519,44472
0,0.2519,44957
0,0.2519,46617
0,0.2519,46898
0,0.2519,48178
0,0.2519,54383
0,0.2519,59400
0,0.2519,61962
0,0.2519,79554
0,0.2519,82582
0,0.2519,90310
0,0.2519,130279
0,0.2519,516324
0,0.2519,517458
0,0.2519,529031
0,0.2519,534777
0,0.2519,809744
0,0.2519,904868
0,0.2520,10084
0,0.2520,10096
0,0.2520,10863
0,0.2520,11099
0,0.2520,11294
0,0.2520,11603
0,0.2520,11722
0,0.2520,11870
0,0.2520,13610
0,0.2520,13886
0,0.2520,17566
0,0.2520,18457
0,0.2520,20910
0,0.2520,22787
0,0.2520,29604
0,0.2520,32752
0,0.2520,37147
0,0.2520,50185
0,0.2520,53256
0,0.2520,68790
0,0.2520,88559
0,0.2520,124404
0,0.2520,189046
0,0.2520,521935
0,0.2520,553194
0,0.2520,580417
0,0.2520,800845
0,0.2521,10323
0,0.2521,10670
0,0.2521,12338
0,0.2521,12606
0,0.2521,13127
0,0.2521,13431
0,0.2521,13972
0,0.2521,20200
0,0.2521,26168
0,0.2521,28584
0,0.2521,33779
0,0.2521,40733
0,0.2521,46393
0,0.2521,68997
0,0.2521,77790
0,0.2521,94490
0,0.2521,512797
0,0.2521,515158
0,0.2521,516097
0,0.2521,523019
0,0.2521,804989
0,0.2521,819835
0,0.2522,10111
0,0.2522,10304
0,0.2522,10459
0,0.2522,10463
0,0.2522,10473
0,0.2522,10540
0,0.2522,11359
0,0.2522,13684
0,0.2522,17325
0,0.2522,21798
0,0.2522,21889
0,0.2522,38916
0,0.2522,44781
0,0.2522,47040
0,0.2522,48530
0,0.2522,520916
0,0.2522,800868
0,0.2522,904119
0,0.2522,917516
0,0.2522,926518
0,0.2523,10629
0,0.2523,10650
0,0.2523,11143
0,0.2523,11829
0,0.2523,14381
0,0.2523,17150
0,0.2523,17484
0,0.2523,26485
0,0.2523,26628
0,0.2523,27614
0,0.2523,33542
0,0.2523,38024
0,0.2523,38538
0,0.2523,73988
0,0.2523,85916
0,0.2523,256432
0,0.2523,267437
0,0.2523,801666
0,0.2523,804140
0,0.2524,10201
0,0.2524,12387
0,0.2524,14985
0,0.2524,17847
0,0.2524,18937
0,0.2524,21267
0,0.2524,21567
0,0.2524,25659
0,0.2524,31247
0,0.2524,35196
0,0.2524,49225
0,0.2524,52544
0,0.2524,54959
0,0.2524,62645
0,0.2524,70171
0,0.2524,104166
0,0.2524,142998
0,0.2524,801611
0,0.2525,11914
0,0.2525,14139
0,0.2525,14430
0,0.2525,16188
0,0.2525,17175
0,0.2525,17722
0,0.2525,18695
0,0.2525,19314
0,0.2525,19828
0,0.2525,31297
0,0.2525,33542
0,0.2525,36743
0,0.2525,38538
0,0.2525,40740
0,0.2525,49307
0,0.2525,68398
0,0.2525,69631
0,0.2525,75072
0,0.2525,99763
0,0.2525,106617
0,0.2525,148486
0,0.2525,195277
0,0.2525,514009
0,0.2525,514727
0,0.2525,520194
0,0.2525,555966
0,0.2526,11135
0,0.2526,11292
0,0.2526,11342
0,0.2526,12460
0,0.2526,13571
0,0.2526,15823
0,0.2526,16648
0,0.2526,18016
0,0.2526,18328
0,0.2526,57542
0,0.2526,64263
0,0.2526,78542
0,0.2526,531768
0,0.2526,802383
0,0.2526,807356
0,0.2527,10208
0,0.2527,10285
0,0.2527,11162
0,0.2527,12934
0,0.2527,14437
0,0.2527,18043
0,0.2527,23732
0,0.2527,41244
0,0.2527,67120
0,0.2527,95835
0,0.2527,514696
0,0.2527,518567
0,0.2527,555322
0,0.2527,804596
0,0.2528,10898
0,0.2528,12109
0,0.2528,12965
0,0.2528,13334
0,0.2528,15353
0,0.2528,18824
0,0.2528,20620
0,0.2528,25951
0,0.2528,34084
0,0.2528,37622
0,0.2528,43847
0,0.2528,57978
0,0.2528,58481
0,0.2528,58972
0,0.2528,60172
0,0.2528,77131
0,0.2528,120208
0,0.2528,176320
0,0.2528,532655
0,0.2528,548299
0,0.2528,583848
0,0.2529,10305
0,0.2529,10390
0,0.2529,11390
0,0.2529,11427
0,0.2529,12140
0,0.2529,13283
0,0.2529,13940
0,0.2529,16005
0,0.2529,31348
0,0.2529,34907
0,0.2529,38068
0,0.2529,45311
0,0.2529,54307
0,0.2529,59932
0,0.2529,165180
0,0.2529,192978
0,0.2529,514425
0,0.2529,524968
0,0.2529,536000
0,0.2529,551294
0,0.2530,10051
0,0.2530,10835
0,0.2530,11797
0,0.2530,12929
0,0.2530,13664
0,0.2530,15864
0,0.2530,23012
0,0.2530,28855
0,0.2530,33130
0,0.2530,37955
0,0.2530,39491
0,0.2530,58623
0,0.2530,59035
0,0.2530,66954
0,0.2530,114223
0,0.2530,138586
0,0.2530,142998
0,0.2530,517359
0,0.2530,520003
0,0.2530,521158
0,0.2530,801319
0,0.2531,10530
0,0.2531,11930
0,0.2531,12471
0,0.2531,13145
0,0.2531,13556
0,0.2531,13621
0,0.2531,14493
0,0.2531,16236
0,0.2531,18332
0,0.2531,21822
0,0.2531,24006
0,0.2531,32482
0,0.2531,32862
0,0.2531,38510
0,0.2531,43489
0,0.2531,49570
0,0.2531,74403
0,0.2531,85147
0,0.2531,119212
0,0.2531,135948
0,0.2531,247232
0,0.2531,538094
0,0.2531,544439
0,0.2531,580417
0,0.2531,800782
0,0.2532,12241
0,0.2532,12354
0,0.2532,13303
0,0.2532,13390
0,0.2532,13435
0,0.2532,20168
0,0.2532,20197
0,0.2532,20418
0,0.2532,25927
0,0.2532,26762
0,0.2532,28588
0,0.2532,45980
0,0.2532,48231
0,0.2532,54749
0,0.2532,61967
0,0.2532,79739
0,0.2532,118532
0,0.2532,147959
0,0.2532,524164
0,0.2532,532766
0,0.2532,802252
0,0.2532,856359
0,0.2533,10140
0,0.2533,10524
0,0.2533,11400
0,0.2533,11788
0,0.2533,19665
0,0.2533,21860
0,0.2533,29144
0,0.2533,31331
0,0.2533,34250
0,0.2533,36258
0,0.2533,48971
0,0.2533,55990
0,0.2533,70928
0,0.2533,76504
0,0.2533,103964
0,0.2533,122835
0,0.2533,133908
0,0.2533,138586
0,0.2533,519692
0,0.2533,519850
0,0.2533,524990
0,0.2533,532811
0,0.2533,809322
0,0.2534,10456
0,0.2534,10905
0,0.2534,11478
0,0.2534,11744
0,0.2534,11761
0,0.2534,13153
0,0.2534,13716
0,0.2534,21382
0,0.2534,24067
0,0.2534,27024
0,0.2534,29932
0,0.2534,30806
0,0.2534,31925
0,0.2534,46172
0,0.2534,47215
0,0.2534,50176
0,0.2534,73442
0,0.2534,119868
0,0.2534,128455
0,0.2534,517101
0,0.2534,518580
0,0.2534,527409
0,0.2534,800687
0,0.2535,10461
0,0.2535,11725
0,0.2535,11736
0,0.2535,12647
0,0.2535,14271
0,0.2535,18179
0,0.2535,18203
0,0.2535,26602
0,0.2535,35330
0,0.2535,35634
0,0.2535,40602
0,0.2535,51350
0,0.2535,76932
0,0.2535,123841
0,0.2535,129287
0,0.2535,524238
0,0.2535,537032
0,0.2535,555319
0,0.2535,811544
0,0.2535,915497
0,0.2536,10397
0,0.2536,10806
0,0.2536,11837
0,0.2536,16636
0,0.2536,18334
0,0.2536,20707
0,0.2536,23401
0,0.2536,23854
0,0.2536,34148
0,0.2536,37745
0,0.2536,46783
0,0.2536,47932
0,0.2536,51121
0,0.2536,63927
0,0.2536,69595
0,0.2536,102133
0,0.2536,114513
0,0.2536,118769
0,0.2536,521575
0,0.2536,801548
0,0.2537,12023
0,0.2537,14066
0,0.2537,14391
0,0.2537,14607
0,0.2537,17855
0,0.2537,18726
0,0.2537,21166
0,0.2537,28086
0,0.2537,36026
0,0.2537,40761
0,0.2537,42308
0,0.2537,48521
0,0.2537,50839
0,0.2537,51163
0,0.2537,51865
0,0.2537,53002
0,0.2537,57896
0,0.2537,62003
0,0.2537,79690
0,0.2537,82482
0,0.2537,97457
0,0.2537,129363
0,0.2537,133806
0,0.2537,516317
0,0.2537,516322
0,0.2537,523062
0,0.2537,918582
0,0.2538,10402
0,0.2538,10977
0,0.2538,11531
0,0.2538,12756
0,0.2538,14830
0,0.2538,15795
0,0.2538,23241
0,0.2538,23487
0,0.2538,24804
0,0.2538,36062
0,0.2538,38446
0,0.2538,56353
0,0.2538,66038
0,0.2538,73508
0,0.2538,78772
0,0.2538,79945
0,0.2538,221876
0,0.2538,520002
0,0.2538,522891
0,0.2538,545066
0,0.2538,801391
0,0.2539,10482
0,0.2539,10736
0,0.2539,10929
0,0.2539,11517
0,0.2539,13423
0,0.2539,13981
0,0.2539,16601
0,0.2539,17027
0,0.2539,25963
0,0.2539,26625
0,0.2539,28186
0,0.2539,31119
0,0.2539,31345
0,0.2539,32354
0,0.2539,53849
0,0.2539,55850
0,0.2539,83835
0,0.2539,84581
0,0.2539,125291
0,0.2539,125860
0,0.2539,147185
0,0.2539,513175
0,0.2539,801252
0,0.2540,10118
0,0.2540,12050
0,0.2540,12340
0,0.2540,13386
0,0.2540,14019
0,0.2540,14666
0,0.2540,14925
0,0.2540,16513
0,0.2540,18867
0,0.2540,20141
0,0.2540,23477
0,0.2540,24502
0,0.2540,25655
0,0.2540,29217
0,0.2540,30421
0,0.2540,31397
0,0.2540,50232
0,0.2540,62913
0,0.2540,64525
0,0.2540,153948
0,0.2540,527469
0,0.2540,529429
0,0.2540,533411
0,0.2540,555318
0,0.2540,555967
0,0.2540,804140
0,0.2541,10198
0,0.2541,10359
0,0.2541,10376
0,0.2541,10632
0,0.2541,10786
0,0.2541,11564
0,0.2541,11975
0,0.2541,12037
0,0.2541,12152
0,0.2541,12332
0,0.2541,13380
0,0.2541,14192
0,0.2541,17371
0,0.2541,22473
0,0.2541,26642
0,0.2541,35182
0,0.2541,41174
0,0.2541,43799
0,0.2541,58166
0,0.2541,62031
0,0.2541,76738
0,0.2541,104866
0,0.2541,128455
0,0.2541,512796
0,0.2541,520930
0,0.2541,522812
0,0.2541,800226
0,0.2542,10593
0,0.2542,10661
0,0.2542,11080
0,0.2542,11244
0,0.2542,11281
0,0.2542,12121
0,0.2542,12717
0,0.2542,12765
0,0.2542,13483
0,0.2542,14158
0,0.2542,15421
0,0.2542,16610
0,0.2542,17156
0,0.2542,20643
0,0.2542,22276
0,0.2542,37552
0,0.2542,38998
0,0.2542,47617
0,0.2542,51032
0,0.2542,83886
0,0.2542,137802
0,0.2542,519132
0,0.2542,524207
0,0.2542,527470
0,0.2542,800536
0,0.2542,803228
0,0.2542,803582
0,0.2543,10331
0,0.2543,10423
0,0.2543,10808
0,0.2543,10942
0,0.2543,11467
0,0.2543,12994
0,0.2543,13315
0,0.2543,14874
0,0.2543,14962
0,0.2543,20581
0,0.2543,22166
0,0.2543,28406
0,0.2543,30885
0,0.2543,31624
0,0.2543,33542
0,0.2543,41869
0,0.2543,53416
0,0.2543,57888
0,0.2543,70487
0,0.2543,80951
0,0.2543,138447
0,0.2543,149878
0,0.2543,251420
0,0.2544,10365
0,0.2544,10628
0,0.2544,11028
0,0.2544,11521
0,0.2544,11922
0,0.2544,12111
0,0.2544,12603
0,0.2544,13209
0,0.2544,16774
0,0.2544,18840
0,0.2544,20287
0,0.2544,23045
0,0.2544,24394
0,0.2544,29231
0,0.2544,33919
0,0.2544,33987
0,0.2544,36577
0,0.2544,61908
0,0.2544,65539
0,0.2544,103338
0,0.2544,140755
0,0.2544,145635
0,0.2544,163811
0,0.2544,527577
0,0.2544,530777
0,0.2545,10092
0,0.2545,10216
0,0.2545,10470
0,0.2545,10702
0,0.2545,12653
0,0.2545,12977
0,0.2545,19845
0,0.2545,19921
0,0.2545,27416
0,0.2545,28016
0,0.2545,37558
0,0.2545,37619
0,0.2545,54440
0,0.2545,520759
0,0.2545,800236
0,0.2545,804003
0,0.2545,814586
0,0.2546,10126
0,0.2546,10254
0,0.2546,10408
0,0.2546,14161
0,0.2546,18165
0,0.2546,18730
0,0.2546,18989
0,0.2546,22899
0,0.2546,27470
0,0.2546,29826
0,0.2546,52614
0,0.2546,54803
0,0.2546,54959
0,0.2546,72678
0,0.2546,124599
0,0.2546,514598
0,0.2547,10134
0,0.2547,10872
0,0.2547,11050
0,0.2547,13356
0,0.2547,17310
0,0.2547,22243
0,0.2547,22463
0,0.2547,31345
0,0.2547,60292
0,0.2547,64795
0,0.2547,76109
0,0.2547,130656
0,0.2547,203037
0,0.2547,801580
0,0.2547,801598
0,0.2547,804989
0,0.2547,904246
0,0.2548,11141
0,0.2548,12171
0,0.2548,12890
0,0.2548,13707
0,0.2548,13767
0,0.2548,16433
0,0.2548,19767
0,0.2548,34676
0,0.2548,62367
0,0.2548,71224
0,0.2548,80093
0,0.2548,128686
0,0.2548,523351
0,0.2549,10321
0,0.2549,10996
0,0.2549,11471
0,0.2549,11992
0,0.2549,16649
0,0.2549,16793
0,0.2549,22977
0,0.2549,23718
0,0.2549,25786
0,0.2549,36031
0,0.2549,47922
0,0.2549,50178
0,0.2549,57896
0,0.2549,65396
0,0.2549,69520
0,0.2549,96307
0,0.2549,114942
0,0.2549,515070
0,0.2549,521157
0,0.2549,524208
0,0.2549,532662
0,0.2550,10039
0,0.2550,11583
0,0.2550,12057
0,0.2550,12151
0,0.2550,16508
0,0.2550,41272
0,0.2550,66445
0,0.2550,108362
0,0.2550,452352
0,0.2550,516780
0,0.2550,520787
0,0.2550,523591
0,0.2550,532768
0,0.2551,10756
0,0.2551,11341
0,0.2551,12320
0,0.2551,13375
0,0.2551,18249
0,0.2551,27379
0,0.2551,27975
0,0.2551,51735
0,0.2551,74912
0,0.2551,122378
0,0.2551,183161
0,0.2551,260257
0,0.2551,522770
0,0.2551,555383
0,0.2551,801088
0,0.2552,10176
0,0.2552,10569
0,0.2552,10877
0,0.2552,11327
0,0.2552,13737
0,0.2552,13944
0,0.2552,24064
0,0.2552,24828
0,0.2552,43616
0,0.2552,44587
0,0.2552,44995
0,0.2552,801936
0,0.2553,11501
0,0.2553,11620
0,0.2553,11722
0,0.2553,12896
0,0.2553,14897
0,0.2553,15992
0,0.2553,16107
0,0.2553,16426
0,0.2553,18049
0,0.2553,20402
0,0.2553,40909
0,0.2553,45470
0,0.2553,67070
0,0.2553,79979
0,0.2553,99080
0,0.2553,126345
0,0.2553,515554
0,0.2554,10299
0,0.2554,10904
0,0.2554,11262
0,0.2554,11952
0,0.2554,12541
0,0.2554,14722
0,0.2554,15005
0,0.2554,17397
0,0.2554,20960
0,0.2554,26102
0,0.2554,44147
0,0.2554,45563
0,0.2554,68701
0,0.2554,88912
0,0.2554,96104
0,0.2554,552693
0,0.2554,564824
0,0.2554,800461
0,0.2555,10026
0,0.2555,10133
0,0.2555,10262
0,0.2555,11030
0,0.2555,11289
0,0.2555,11379
0,0.2555,11828
0,0.2555,15821
0,0.2555,18235
0,0.2555,27128
0,0.2555,28525
0,0.2555,49092
0,0.2555,67398
0,0.2555,88490
0,0.2555,521437
0,0.2555,563873
0,0.2555,800117
0,0.2555,800774
0,0.2556,10429
0,0.2556,10472
0,0.2556,11170
0,0.2556,13760
0,0.2556,14869
0,0.2556,16969
0,0.2556,17569
0,0.2556,21263
0,0.2556,22040
0,0.2556,26307
0,0.2556,36825
0,0.2556,64440
0,0.2556,203048
0,0.2556,801246
0,0.2557,10096
0,0.2557,10169
0,0.2557,10180
0,0.2557,10459
0,0.2557,11092
0,0.2557,11323
0,0.2557,11345
0,0.2557,11523
0,0.2557,11546
0,0.2557,11556
0,0.2557,11993
0,0.2557,12162
0,0.2557,12367
0,0.2557,12837
0,0.2557,13172
0,0.2557,17325
0,0.2557,23762
0,0.2557,26129
0,0.2557,26419
0,0.2557,29244
0,0.2557,35187
0,0.2557,70248
0,0.2557,77967
0,0.2557,103414
0,0.2557,108324
0,0.2557,145128
0,0.2557,515161
0,0.2557,521439
0,0.2557,529417
0,0.2558,10201
0,0.2558,10463
0,0.2558,10473
0,0.2558,10515
0,0.2558,10540
0,0.2558,10650
0,0.2558,11099
0,0.2558,11783
0,0.2558,11870
0,0.2558,11991
0,0.2558,12160
0,0.2558,12671
0,0.2558,12815
0,0.2558,12954
0,0.2558,13560
0,0.2558,15662
0,0.2558,26766
0,0.2558,34385
0,0.2558,35719
0,0.2558,37177
0,0.2558,38075
0,0.2558,40838
0,0.2558,53050
0,0.2558,73560
0,0.2558,75987
0,0.2558,159782
0,0.2558,513418
0,0.2558,521935
0,0.2558,524152
0,0.2558,529519
0,0.2559,10209
0,0.2559,11215
0,0.2559,11294
0,0.2559,12338
0,0.2559,13237
0,0.2559,14516
0,0.2559,14573
0,0.2559,23494
0,0.2559,38204
0,0.2559,41598
0,0.2559,43546
0,0.2559,79723
0,0.2559,96307
0,0.2559,100441
0,0.2559,103338
0,0.2559,136213
0,0.2559,513343
0,0.2559,513419
0,0.2559,517351
0,0.2559,545848
0,0.2559,564174
0,0.2559,800162
0,0.2559,819835
0,0.2559,905003
0,0.2560,10035
0,0.2560,11292
0,0.2560,11514
0,0.2560,12351
0,0.2560,19467
0,0.2560,23204
0,0.2560,67052
0,0.2560,68379
0,0.2560,85617
0,0.2560,185726
0,0.2560,527357
0,0.2560,533469
0,0.2560,543774
0,0.2561,10074
0,0.2561,11359
0,0.2561,11594
0,0.2561,11603
0,0.2561,13596
0,0.2561,15507
0,0.2561,19746
0,0.2561,21567
0,0.2561,24985
0,0.2561,25439
0,0.2561,52536
0,0.2561,53267
0,0.2561,67451
0,0.2561,99721
0,0.2561,511807
0,0.2561,519586
0,0.2561,522812
0,0.2561,525105
0,0.2561,943251
0,0.2562,10084
0,0.2562,11703
0,0.2562,11914
0,0.2562,13194
0,0.2562,13225
0,0.2562,16013
0,0.2562,16206
0,0.2562,18016
0,0.2562,19274
0,0.2562,19647
0,0.2562,20739
0,0.2562,23970
0,0.2562,25476
0,0.2562,28622
0,0.2562,32617
0,0.2562,45678
0,0.2562,46430
0,0.2562,49038
0,0.2562,55874
0,0.2562,67864
0,0.2562,146273
0,0.2562,170256
0,0.2562,513911
0,0.2562,519655
0,0.2562,532655
0,0.2562,562451
0,0.2563,11721
0,0.2563,11749
0,0.2563,14750
0,0.2563,16460
0,0.2563,21115
0,0.2563,29176
0,0.2563,29272
0,0.2563,67789
0,0.2563,80051
0,0.2563,130279
0,0.2563,163045
0,0.2563,210889
0,0.2563,267437
0,0.2563,517458
0,0.2563,519842
0,0.2563,523941
0,0.2563,807356
0,0.2563,814625
0,0.2564,10767
0,0.2564,11229
0,0.2564,12705
0,0.2564,13821
0,0.2564,15276
0,0.2564,20311
0,0.2564,24660
0,0.2564,26532
0,0.2564,30613
0,0.2564,38333
0,0.2564,39861
0,0.2564,46670
0,0.2564,49910
0,0.2564,84007
0,0.2564,109011
0,0.2564,176598
0,0.2564,518153
0,0.2564,519242
0,0.2564,519970
0,0.2564,529665
0,0.2564,801506
0,0.2564,801534
0,0.2565,10074
0,0.2565,10147
0,0.2565,11342
0,0.2565,11400
0,0.2565,11619
0,0.2565,18634
0,0.2565,19873
0,0.2565,25166
0,0.2565,29750
0,0.2565,35196
0,0.2565,35420
0,0.2565,75987
0,0.2565,515069
0,0.2565,515157
0,0.2565,522891
0,0.2565,532800
0,0.2565,536488
0,0.2565,555875
0,0.2565,804140
0,0.2565,932684
0,0.2566,10140
0,0.2566,10522
0,0.2566,10905
0,0.2566,11174
0,0.2566,12012
0,0.2566,14530
0,0.2566,15183
0,0.2566,15313
0,0.2566,17107
0,0.2566,18884
0,0.2566,21335
0,0.2566,39257
0,0.2566,39485
0,0.2566,45920
0,0.2566,50485
0,0.2566,50560
0,0.2566,68572
0,0.2566,78858
0,0.2566,192978
0,0.2566,516197
0,0.2566,518020
0,0.2566,556037
0,0.2566,580417
0,0.2567,10065
0,0.2567,10973
0,0.2567,11112
0,0.2567,11990
0,0.2567,12782
0,0.2567,13431
0,0.2567,13550
0,0.2567,17650
0,0.2567,19306
0,0.2567,23132
0,0.2567,23339
0,0.2567,23533
0,0.2567,27319
0,0.2567,47019
0,0.2567,53918
0,0.2567,59329
0,0.2567,59678
0,0.2567,124790
0,0.2567,280660
0,0.2567,520466
0,0.2567,807356
0,0.2568,10049
0,0.2568,10305
0,0.2568,11399
0,0.2568,11409
0,0.2568,11478
0,0.2568,11744
0,0.2568,14089
0,0.2568,14386
0,0.2568,15647
0,0.2568,18075
0,0.2568,19305
0,0.2568,23151
0,0.2568,27614
0,0.2568,31117
0,0.2568,42997
0,0.2568,52641
0,0.2568,56966
0,0.2568,62314
0,0.2568,69089
0,0.2568,72019
0,0.2568,85916
0,0.2568,531808
0,0.2568,551294
0,0.2568,800898
0,0.2569,10231
0,0.2569,10716
0,0.2569,11365
0,0.2569,11725
0,0.2569,11817
0,0.2569,14243
0,0.2569,14514
0,0.2569,14922
0,0.2569,21397
0,0.2569,23076
0,0.2569,23854
0,0.2569,24315
0,0.2569,26071
0,0.2569,29851
0,0.2569,32666
0,0.2569,40205
0,0.2569,43785
0,0.2569,49376
0,0.2569,58009
0,0.2569,88163
0,0.2569,99589
0,0.2569,138586
0,0.2569,524238
0,0.2569,801267
0,0.2570,10456
0,0.2570,10613
0,0.2570,10816
0,0.2570,11402
0,0.2570,11469
0,0.2570,11736
0,0.2570,13479
0,0.2570,14437
0,0.2570,16276
0,0.2570,16422
0,0.2570,18776
0,0.2570,32247
0,0.2570,33165
0,0.2570,34761
0,0.2570,36844
0,0.2570,52614
0,0.2570,63901
0,0.2570,65448
0,0.2570,71008
0,0.2570,78583
0,0.2570,108324
0,0.2570,148909
0,0.2570,260257
0,0.2570,522377
0,0.2570,918582
0,0.2571,10356
0,0.2571,10929
0,0.2571,14427
0,0.2571,16993
0,0.2571,18988
0,0.2571,20445
0,0.2571,20620
0,0.2571,21132
0,0.2571,22917
0,0.2571,23401
0,0.2571,31196
0,0.2571,41889
0,0.2571,42549
0,0.2571,57502
0,0.2571,62429
0,0.2571,86553
0,0.2571,94994
0,0.2571,516317
0,0.2571,520002
0,0.2571,520916
0,0.2571,527410
0,0.2571,530668
0,0.2572,11143
0,0.2572,11504
0,0.2572,12354
0,0.2572,13230
0,0.2572,13666
0,0.2572,17244
0,0.2572,20688
0,0.2572,22551
0,0.2572,27627
0,0.2572,33229
0,0.2572,40568
0,0.2572,46182
0,0.2572,47002
0,0.2572,51516
0,0.2572,54787
0,0.2572,65161
0,0.2572,66389
0,0.2572,77451
0,0.2572,256432
0,0.2572,521158
0,0.2572,522812
0,0.2572,523828
0,0.2572,801280
0,0.2573,10033
0,0.2573,11608
0,0.2573,11615
0,0.2573,13116
0,0.2573,16029
0,0.2573,23072
0,0.2573,26387
0,0.2573,29612
0,0.2573,62528
0,0.2573,72871
0,0.2573,80484
0,0.2573,107083
0,0.2573,526767
0,0.2573,564884
0,0.2573,926154
0,0.2574,10397
0,0.2574,12571
0,0.2574,13221
0,0.2574,21688
0,0.2574,24151
0,0.2574,38351
0,0.2574,38652
0,0.2574,44024
0,0.2574,52099
0,0.2574,58053
0,0.2574,122835
0,0.2574,567978
0,0.2575,10486
0,0.2575,10561
0,0.2575,10906
0,0.2575,10942
0,0.2575,11390
0,0.2575,11517
0,0.2575,11780
0,0.2575,11837
0,0.2575,11930
0,0.2575,13725
0,0.2575,16083
0,0.2575,16141
0,0.2575,17540
0,0.2575,21099
0,0.2575,21267
0,0.2575,26711
0,0.2575,34677
0,0.2575,34914
0,0.2575,38060
0,0.2575,39802
0,0.2575,44568
0,0.2575,116012
0,0.2575,247232
0,0.2576,11531
0,0.2576,12061
0,0.2576,12312
0,0.2576,12929
0,0.2576,13864
0,0.2576,15431
0,0.2576,18536
0,0.2576,18726
0,0.2576,23477
0,0.2576,26845
0,0.2576,38688
0,0.2576,46096
0,0.2576,52415
0,0.2576,53456
0,0.2576,119144
0,0.2576,132204
0,0.2576,514424
0,0.2576,521479
0,0.2576,529429
0,0.2576,555318
0,0.2577,11244
0,0.2577,11281
0,0.2577,11355
0,0.2577,11900
0,0.2577,13143
0,0.2577,14343
0,0.2577,16648
0,0.2577,17614
0,0.2577,22224
0,0.2577,23743
0,0.2577,33672
0,0.2577,43136
0,0.2577,57684
0,0.2577,103750
0,0.2577,530777
0,0.2577,803412
0,0.2577,810889
0,0.2577,905652
0,0.2578,10632
0,0.2578,10977
0,0.2578,11975
0,0.2578,12111
0,0.2578,12509
0,0.2578,12840
0,0.2578,13621
0,0.2578,16042
0,0.2578,17319
0,0.2578,18909
0,0.2578,21790
0,0.2578,28019
0,0.2578,29196
0,0.2578,38821
0,0.2578,48477
0,0.2578,51999
0,0.2578,168147
0,0.2578,436612
0,0.2578,516097
0,0.2578,524164
0,0.2578,801404
0,0.2578,801828
0,0.2578,904657
0,0.2578,909181
0,0.2579,10141
0,0.2579,10376
0,0.2579,10524
0,0.2579,11644
0,0.2579,11922
0,0.2579,13470
0,0.2579,13716
0,0.2579,14685
0,0.2579,19143
0,0.2579,19792
0,0.2579,21772
0,0.2579,24841
0,0.2579,32815
0,0.2579,36146
0,0.2579,39922
0,0.2579,47491
0,0.2579,52616
0,0.2579,53326
0,0.2579,74523
0,0.2579,99540
0,0.2579,119852
0,0.2579,524156
0,0.2579,580417
0,0.2579,934840
0,0.2580,13613
0,0.2580,14802
0,0.2580,16416
0,0.2580,19743
0,0.2580,19828
0,0.2580,49551
0,0.2580,49867
0,0.2580,57331
0,0.2580,85916
0,0.2580,94043
0,0.2580,141602
0,0.2580,553194
0,0.2580,801666
0,0.2580,118750563
0,0.2581,10313
0,0.2581,10653
0,0.2581,11162
0,0.2581,12511
0,0.2581,13027
0,0.2581,29156
0,0.2581,38262
0,0.2581,39054
0,0.2581,56072
0,0.2581,96273
0,0.2581,520787
0,0.2581,523060
0,0.2581,529602
0,0.2581,802361
0,0.2582,10530
0,0.2582,10629
0,0.2582,11761
0,0.2582,12241
0,0.2582,12314
0,0.2582,12717
0,0.2582,14442
0,0.2582,16188
0,0.2582,16207
0,0.2582,19618
0,0.2582,22276
0,0.2582,22665
0,0.2582,35514
0,0.2582,46693
0,0.2582,51603
0,0.2582,64117
0,0.2582,87308
0,0.2582,98499
0,0.2582,118825
0,0.2582,128866
0,0.2582,156723
0,0.2582,512745
0,0.2583,11722
0,0.2583,12309
0,0.2583,12965
0,0.2583,12994
0,0.2583,16724
0,0.2583,18994
0,0.2583,22166
0,0.2583,23212
0,0.2583,31166
0,0.2583,33646
0,0.2583,39217
0,0.2583,48452
0,0.2583,49689
0,0.2583,62207
0,0.2583,63645
0,0.2583,87660
0,0.2583,94617
0,0.2583,99721
0,0.2583,519368
0,0.2583,524082
0,0.2583,801478
0,0.2584,10378
0,0.2584,11788
0,0.2584,15164
0,0.2584,16434
0,0.2584,29541
0,0.2584,31426
0,0.2584,34464
0,0.2584,35121
0,0.2584,37342
0,0.2584,45045
0,0.2584,48739
0,0.2584,52771
0,0.2584,59746
0,0.2584,159277
0,0.2584,195727
0,0.2584,514687
0,0.2584,521438
0,0.2584,904868
0,0.2585,10101
0,0.2585,10208
0,0.2585,11566
0,0.2585,12163
0,0.2585,12977
0,0.2585,14661
0,0.2585,20581
0,0.2585,21600
0,0.2585,22569
0,0.2585,25039
0,0.2585,26292
0,0.2585,28086
0,0.2585,34635
0,0.2585,42904
0,0.2585,72102
0,0.2585,91582
0,0.2585,93352
0,0.2585,98782
0,0.2585,110372
0,0.2585,515266
0,0.2585,521581
0,0.2585,527470
0,0.2585,527577
0,0.2585,532869
0,0.2586,10390
0,0.2586,10470
0,0.2586,10736
0,0.2586,12371
0,0.2586,12958
0,0.2586,14319
0,0.2586,15353
0,0.2586,19579
0,0.2586,19921
0,0.2586,21876
0,0.2586,22105
0,0.2586,22243
0,0.2586,22671
0,0.2586,28406
0,0.2586,30421
0,0.2586,36443
0,0.2586,37951
0,0.2586,54621
0,0.2586,63327
0,0.2586,68686
0,0.2586,94050
0,0.2586,520668
0,0.2586,523591
0,0.2586,532766
0,0.2586,800304
0,0.2587,10126
0,0.2587,10134
0,0.2587,10321
0,0.2587,11324
0,0.2587,11501
0,0.2587,11992
0,0.2587,13315
0,0.2587,13610
0,0.2587,14161
0,0.2587,16167
0,0.2587,16524
0,0.2587,18015
0,0.2587,20001
0,0.2587,28607
0,0.2587,36584
0,0.2587,37336
0,0.2587,79776
0,0.2587,516317
0,0.2588,10423
0,0.2588,11620
0,0.2588,12164
0,0.2588,14893
0,0.2588,16801
0,0.2588,18417
0,0.2588,19234
0,0.2588,24866
0,0.2588,24969
0,0.2588,76272
0,0.2588,82904
0,0.2588,85617
0,0.2588,89719
0,0.2588,98455
0,0.2588,133908
0,0.2588,518153
0,0.2588,518315
0,0.2588,581341
0,0.2588,133348431
0,0.2589,10133
0,0.2589,11135
0,0.2589,11262
0,0.2589,11289
0,0.2589,17800
0,0.2589,19767
0,0.2589,20459
0,0.2589,28803
0,0.2589,51567
0,0.2589,52564
0,0.2589,60590
0,0.2589,87178
0,0.2589,121384
0,0.2589,126345
0,0.2589,140586
0,0.2589,155294
0,0.2589,519132
0,0.2589,522828
0,0.2589,544258
0,0.2589,803558
0,0.2590,10118
0,0.2590,10877
0,0.2590,11379
0,0.2590,11805
0,0.2590,11828
0,0.2590,13334
0,0.2590,14435
0,0.2590,14506
0,0.2590,15244
0,0.2590,16124
0,0.2590,17484
0,0.2590,18165
0,0.2590,27416
0,0.2590,48976
0,0.2590,156395
0,0.2590,523544
0,0.2590,527351
0,0.2590,804596
0,0.2591,11993
0,0.2591,12513
0,0.2591,12711
0,0.2591,12910
0,0.2591,15970
0,0.2591,17014
0,0.2591,18084
0,0.2591,18730
0,0.2591,33405
0,0.2591,47631
0,0.2591,60837
0,0.2591,67468
0,0.2591,116737
0,0.2591,140474
0,0.2591,161534
0,0.2591,515735
0,0.2591,517330
0,0.2591,806606
0,0.2592,10201
0,0.2592,10650
0,0.2592,11050
0,0.2592,13384
0,0.2592,14340
0,0.2592,15517
0,0.2592,37732
0,0.2592,37744
0,0.2592,44377
0,0.2592,48614
0,0.2592,61113
0,0.2592,62286
0,0.2592,63336
0,0.2592,99540
0,0.2592,145016
0,0.2592,262865
0,0.2592,519869
0,0.2592,556574
0,0.2593,10169
0,0.2593,10172
0,0.2593,10463
0,0.2593,10473
0,0.2593,11345
0,0.2593,11521
0,0.2593,11546
0,0.2593,12934
0,0.2593,16781
0,0.2593,18203
0,0.2593,22717
0,0.2593,24828
0,0.2593,27756
0,0.2593,51479
0,0.2593,90310
0,0.2593,153662
0,0.2593,519572
0,0.2593,541635
0,0.2593,802419
0,0.2593,804140
0,0.2593,903153
0,0.2593,383044585
0,0.2594,10096
0,0.2594,10254
0,0.2594,10515
0,0.2594,11583
0,0.2594,20200
0,0.2594,20272
0,0.2594,22806
0,0.2594,24352
0,0.2594,32321
0,0.2594,38573
0,0.2594,40350
0,0.2594,42373
0,0.2594,42495
0,0.2594,56390
0,0.2594,67244
0,0.2594,76486
0,0.2594,78992
0,0.2594,111335
0,0.2594,113074
0,0.2594,524208
0,0.2594,532768
0,0.2594,532969
0,0.2594,804596
0,0.2594,809744
0,0.2595,10459
0,0.2595,10670
0,0.2595,11292
0,0.2595,11523
0,0.2595,11606
0,0.2595,11783
0,0.2595,11870
0,0.2595,12109
0,0.2595,12320
0,0.2595,26223
0,0.2595,26977
0,0.2595,28525
0,0.2595,30469
0,0.2595,31376
0,0.2595,41204
0,0.2595,48530
0,0.2595,50199
0,0.2595,100973
0,0.2595,111109
0,0.2596,10209
0,0.2596,11082
0,0.2596,11099
0,0.2596,11294
0,0.2596,11952
0,0.2596,13153
0,0.2596,15753
0,0.2596,17325
0,0.2596,18575
0,0.2596,20402
0,0.2596,26060
0,0.2596,32250
0,0.2596,32890
0,0.2596,69061
0,0.2596,105827
0,0.2596,520003
0,0.2596,521935
0,0.2596,802152
0,0.2597,10408
0,0.2597,10808
0,0.2597,11058
0,0.2597,11991
0,0.2597,12338
0,0.2597,13283
0,0.2597,14391
0,0.2597,18016
0,0.2597,19845
0,0.2597,20910
0,0.2597,21242
0,0.2597,23517
0,0.2597,26602
0,0.2597,32165
0,0.2597,35155
0,0.2597,57772
0,0.2597,65986
0,0.2597,75909
0,0.2597,146502
0,0.2597,519585
0,0.2597,519850
0,0.2597,532655
0,0.2598,11105
0,0.2598,11603
0,0.2598,11624
0,0.2598,11914
0,0.2598,13480
0,0.2598,22338
0,0.2598,22787
0,0.2598,46596
0,0.2598,69815
0,0.2598,518717
0,0.2598,522405
0,0.2598,801214
0,0.2598,803765
0,0.2599,10140
0,0.2599,10569
0,0.2599,11400
0,0.2599,12387
0,0.2599,14665
0,0.2599,15717
0,0.2599,16136
0,0.2599,18049
0,0.2599,21332
0,0.2599,22494
0,0.2599,26305
0,0.2599,38043
0,0.2599,39825
0,0.2599,40261
0,0.2599,44846
0,0.2599,52962
0,0.2599,58496
0,0.2599,72945
0,0.2599,76958
0,0.2599,107071
0,0.2599,110773
0,0.2599,126345
0,0.2599,512217
0,0.2599,521479
0,0.2599,537803
0,0.2600,10084
0,0.2600,10461
0,0.2600,10905
0,0.2600,11359
0,0.2600,11847
0,0.2600,12122
0,0.2600,13259
0,0.2600,13940
0,0.2600,17406
0,0.2600,20397
0,0.2600,21567
0,0.2600,22833
0,0.2600,23241
0,0.2600,31934
0,0.2600,34712
0,0.2600,44667
0,0.2600,66207
0,0.2600,78143
0,0.2600,84239
0,0.2600,512883
0,0.2600,520155
0,0.2600,903090
0,0.2601,10262
0,0.2601,10593
0,0.2601,12728
0,0.2601,14019
0,0.2601,14066
0,0.2601,14985
0,0.2601,26095
0,0.2601,28604
0,0.2601,28730
0,0.2601,40559
0,0.2601,46954
0,0.2601,67052
0,0.2601,69646
0,0.2601,75029
0,0.2601,75344
0,0.2601,105377
0,0.2601,129758
0,0.2601,167190
0,0.2601,183161
0,0.2601,508595
0,0.2601,521190
0,0.2601,522439
0,0.2601,533849
0,0.2601,810889
0,0.2602,10704
0,0.2602,11342
0,0.2602,11829
0,0.2602,13271
0,0.2602,16862
0,0.2602,21098
0,0.2602,21637
0,0.2602,21798
0,0.2602,31206
0,0.2602,36627
0,0.2602,37147
0,0.2602,43216
0,0.2602,49805
0,0.2602,56739
0,0.2602,267437
0,0.2602,515551
0,0.2602,579253
0,0.2602,918582
0,0.2603,10456
0,0.2603,10540
0,0.2603,12425
0,0.2603,12735
0,0.2603,13095
0,0.2603,17722
0,0.2603,17757
0,0.2603,18834
0,0.2603,23854
0,0.2603,26551
0,0.2603,40451
0,0.2603,66207
0,0.2603,73491
0,0.2603,105550
0,0.2603,118845
0,0.2603,132166
0,0.2603,521290
0,0.2603,808740
0,0.2604,10176
0,0.2604,10786
0,0.2604,11478
0,0.2604,11594
0,0.2604,11744
0,0.2604,12534
0,0.2604,13571
0,0.2604,18109
0,0.2604,18875
0,0.2604,20915
0,0.2604,23401
0,0.2604,27589
0,0.2604,29166
0,0.2604,35196
0,0.2604,63981
0,0.2604,66207
0,0.2604,90310
0,0.2604,96307
0,0.2604,97536
0,0.2604,124962
0,0.2604,161034
0,0.2604,518294
0,0.2604,807356
0,0.2605,10342
0,0.2605,11556
0,0.2605,11736
0,0.2605,13147
0,0.2605,14609
0,0.2605,19953
0,0.2605,24804
0,0.2605,29590
0,0.2605,39488
0,0.2605,53918
0,0.2605,56522
0,0.2605,64400
0,0.2605,65486
0,0.2605,77380
0,0.2605,520002
0,0.2605,521011
0,0.2605,524238
0,0.2605,548589
0,0.2605,555966
0,0.2606,10198
0,0.2606,10929
0,0.2606,11725
0,0.2606,16460
0,0.2606,21709
0,0.2606,27775
0,0.2606,31348
0,0.2606,36939
0,0.2606,48515
0,0.2606,53326
0,0.2606,56207
0,0.2606,77609
0,0.2606,96504
0,0.2606,103964
0,0.2606,130279
0,0.2606,192978
0,0.2606,513630
0,0.2606,517458
0,0.2606,518919
0,0.2606,519242
0,0.2607,10039
0,0.2607,10305
0,0.2607,10402
0,0.2607,10429
0,0.2607,11467
0,0.2607,12231
0,0.2607,13684
0,0.2607,13946
0,0.2607,14821
0,0.2607,19267
0,0.2607,19364
0,0.2607,20324
0,0.2607,30992
0,0.2607,34953
0,0.2607,41551
0,0.2607,44850
0,0.2607,55672
0,0.2607,63411
0,0.2607,71785
0,0.2607,519865
0,0.2607,521575
0,0.2607,555969
0,0.2608,10065
0,0.2608,10263
0,0.2608,10522
0,0.2608,11229
0,0.2608,11691
0,0.2608,19108
0,0.2608,19290
0,0.2608,22504
0,0.2608,25823
0,0.2608,27452
0,0.2608,29560
0,0.2608,29604
0,0.2608,32482
0,0.2608,39729
0,0.2608,46907
0,0.2608,62771
0,0.2608,73492
0,0.2608,76493
0,0.2608,98590
0,0.2608,162555
0,0.2608,522811
0,0.2608,914363
0,0.2609,12121
0,0.2609,12171
0,0.2609,13821
0,0.2609,15905
0,0.2609,16281
0,0.2609,16526
0,0.2609,18332
0,0.2609,36351
0,0.2609,41801
0,0.2609,42074
0,0.2609,43717
0,0.2609,68585
0,0.2609,80544
0,0.2609,88538
0,0.2609,114510
0,0.2609,151346
0,0.2609,517723
0,0.2609,521189
0,0.2609,524990
0,0.2609,530791
0,0.2610,10942
0,0.2610,12759
0,0.2610,13024
0,0.2610,16005
0,0.2610,22852
0,0.2610,32439
0,0.2610,46096
0,0.2610,67815
0,0.2610,71785
0,0.2610,76172
0,0.2610,79631
0,0.2610,80094
0,0.2610,121593
0,0.2610,133583
0,0.2610,295280
0,0.2610,515158
0,0.2610,520475
0,0.2610,521108
0,0.2610,525105
0,0.2610,527430
0,0.2610,530777
0,0.2610,812106
0,0.2611,11517
0,0.2611,12343
0,0.2611,12654
0,0.2611,16274
0,0.2611,18637
0,0.2611,20380
0,0.2611,23200
0,0.2611,23477
0,0.2611,34495
0,0.2611,41302
0,0.2611,46409
0,0.2611,68692
0,0.2611,76005
0,0.2611,82238
0,0.2611,82960
0,0.2611,95255
0,0.2611,306197
0,0.2611,509223
0,0.2611,514727
0,0.2611,521437
0,0.2611,555318
0,0.2612,10218
0,0.2612,10397
0,0.2612,11244
0,0.2612,11281
0,0.2612,11531
0,0.2612,11837
0,0.2612,12354
0,0.2612,14573
0,0.2612,15125
0,0.2612,16311
0,0.2612,18854
0,0.2612,49903
0,0.2612,54628
0,0.2612,64701
0,0.2612,66595
0,0.2612,72672
0,0.2612,105217
0,0.2612,173968
0,0.2612,518567
0,0.2612,529429
0,0.2612,800206
0,0.2612,801752
0,0.2613,10359
0,0.2613,10996
0,0.2613,11618
0,0.2613,11722
0,0.2613,12111
0,0.2613,13556
0,0.2613,13664
0,0.2613,16601
0,0.2613,27151
0,0.2613,36333
0,0.2613,50929
0,0.2613,52583
0,0.2613,63046
0,0.2613,87674
0,0.2613,90640
0,0.2613,102171
0,0.2613,111512
0,0.2613,521158
0,0.2613,551294
0,0.2613,555312
0,0.2614,10632
0,0.2614,11922
0,0.2614,11975
0,0.2614,12761
0,0.2614,13550
0,0.2614,18466
0,0.2614,20620
0,0.2614,26263
0,0.2614,26766
0,0.2614,44745
0,0.2614,45451
0,0.2614,79554
0,0.2614,118845
0,0.2614,128562
0,0.2614,130439
0,0.2614,140776
0,0.2614,142189
0,0.2614,194483
0,0.2614,555967
0,0.2614,569984
0,0.2614,903819
0,0.2615,10297
0,0.2615,11030
0,0.2615,11399
0,0.2615,14339
0,0.2615,14843
0,0.2615,15507
0,0.2615,15662
0,0.2615,17027
0,0.2615,27379
0,0.2615,28640
0,0.2615,31720
0,0.2615,33248
0,0.2615,35373
0,0.2615,36743
0,0.2615,37997
0,0.2615,46888
0,0.2615,49225
0,0.2615,58525
0,0.2615,58738
0,0.2615,71618
0,0.2615,74190
0,0.2615,423539
0,0.2615,457812
0,0.2615,516433
0,0.2615,517359
0,0.2615,520787
0,0.2615,546406
0,0.2616,10111
0,0.2616,10756
0,0.2616,12152
0,0.2616,13375
0,0.2616,17225
0,0.2616,17705
0,0.2616,18726
0,0.2616,18841
0,0.2616,19665
0,0.2616,21756
0,0.2616,22323
0,0.2616,26515
0,0.2616,28680
0,0.2616,34591
0,0.2616,36149
0,0.2616,56437
0,0.2616,93854
0,0.2616,339719
0,0.2616,514425
0,0.2616,518903
0,0.2616,521191
0,0.2616,579221
0,0.2616,801491
0,0.2617,10835
0,0.2617,10977
0,0.2617,11080
0,0.2617,11402
0,0.2617,13356
0,0.2617,24502
0,0.2617,27614
0,0.2617,33296
0,0.2617,43230
0,0.2617,45016
0,0.2617,48723
0,0.2617,49255
0,0.2617,58013
0,0.2617,59442
0,0.2617,78066
0,0.2617,97457
0,0.2617,119411
0,0.2617,523490
0,0.2617,535279
0,0.2617,564824
0,0.2618,10133
0,0.2618,10564
0,0.2618,12332
0,0.2618,15183
0,0.2618,17847
0,0.2618,18824
0,0.2618,20960
0,0.2618,25332
0,0.2618,38185
0,0.2618,45286
0,0.2618,59733
0,0.2618,74785
0,0.2618,92951
0,0.2618,130907
0,0.2618,139952
0,0.2618,539787
0,0.2618,804989
0,0.2619,11262
0,0.2619,12778
0,0.2619,12929
0,0.2619,16617
0,0.2619,18416
0,0.2619,30981
0,0.2619,44493
0,0.2619,59771
0,0.2619,102041
0,0.2619,128686
0,0.2619,514291
0,0.2619,520916
0,0.2619,522743
0,0.2619,523351
0,0.2619,535279
0,0.2619,547655
0,0.2620,10376
0,0.2620,10904
0,0.2620,11525
0,0.2620,11930
0,0.2620,12896
0,0.2620,14437
0,0.2620,14666
0,0.2620,21382
0,0.2620,22276
0,0.2620,26168
0,0.2620,28293
0,0.2620,31345
0,0.2620,33957
0,0.2620,36207
0,0.2620,38022
0,0.2620,40838
0,0.2620,41805
0,0.2620,51583
0,0.2620,67398
0,0.2620,68887
0,0.2620,71494
0,0.2620,121759
0,0.2620,519692
0,0.2620,523591
0,0.2620,556286
0,0.2621,11341
0,0.2621,11501
0,0.2621,12037
0,0.2621,12717
0,0.2621,13307
0,0.2621,13981
0,0.2621,17319
0,0.2621,20581
0,0.2621,22417
0,0.2621,32958
0,0.2621,35634
0,0.2621,38670
0,0.2621,45187
0,0.2621,45796
0,0.2621,48131
0,0.2621,60236
0,0.2621,247232
0,0.2621,522706
0,0.2621,524164
0,0.2621,527470
0,0.2621,527524
0,0.2621,555322
0,0.2622,10321
0,0.2622,10524
0,0.2622,12057
0,0.2622,13127
0,0.2622,13177
0,0.2622,13621
0,0.2622,16600
0,0.2622,22243
0,0.2622,27702
0,0.2622,29590
0,0.2622,31775
0,0.2622,44995
0,0.2622,48301
0,0.2622,51750
0,0.2622,53885
0,0.2622,64230
0,0.2622,512216
0,0.2622,514318
0,0.2622,516322
0,0.2622,803241
0,0.2622,926518
0,0.2623,10126
0,0.2623,10134
0,0.2623,10470
0,0.2623,10472
0,0.2623,11992
0,0.2623,12837
0,0.2623,12994
0,0.2623,14158
0,0.2623,14874
0,0.2623,15294
0,0.2623,15361
0,0.2623,15961
0,0.2623,22166
0,0.2623,23496
0,0.2623,28406
0,0.2623,50320
0,0.2623,53918
0,0.2623,55869
0,0.2623,70171
0,0.2623,72913
0,0.2623,76878
0,0.2623,513583
0,0.2623,524797
0,0.2623,526119
0,0.2623,527409
0,0.2623,542355
0,0.2623,916640
0,0.2624,10201
0,0.2624,11620
0,0.2624,12977
0,0.2624,13431
0,0.2624,15547
0,0.2624,16433
0,0.2624,17107
0,0.2624,28037
0,0.2624,37596
0,0.2624,55542
0,0.2624,63883
0,0.2624,94170
0,0.2624,144349
0,0.2624,188051
0,0.2624,515096
0,0.2624,523828
0,0.2624,531246
0,0.2625,10650
0,0.2625,11143
0,0.2625,11289
0,0.2625,11379
0,0.2625,11828
0,0.2625,12031
0,0.2625,13194
0,0.2625,13716
0,0.2625,14161
0,0.2625,15506
0,0.2625,17342
0,0.2625,17817
0,0.2625,18075
0,0.2625,21166
0,0.2625,21851
0,0.2625,22473
0,0.2625,26860
0,0.2625,42819
0,0.2625,44781
0,0.2625,47909
0,0.2625,50927
0,0.2625,138586
0,0.2625,512796
0,0.2625,518580
0,0.2625,519589
0,0.2625,536171
0,0.2626,10169
0,0.2626,10736
0,0.2626,11993
0,0.2626,12471
0,0.2626,13666
0,0.2626,13947
0,0.2626,14343
0,0.2626,17105
0,0.2626,20123
0,0.2626,20773
0,0.2626,23012
0,0.2626,25927
0,0.2626,35109
0,0.2626,36291
0,0.2626,41221
0,0.2626,41787
0,0.2626,44322
0,0.2626,49174
0,0.2626,57896
0,0.2626,68031
0,0.2626,99925
0,0.2626,100823
0,0.2626,535279
0,0.2626,563873
0,0.2627,10208
0,0.2627,10515
0,0.2627,10767
0,0.2627,11514
0,0.2627,12162
0,0.2627,12259
0,0.2627,14360
0,0.2627,19018
0,0.2627,19873
0,0.2627,19921
0,0.2627,22705
0,0.2627,29176
0,0.2627,39943
0,0.2627,49945
0,0.2627,53108
0,0.2627,54959
0,0.2627,72405
0,0.2627,80093
0,0.2627,80484
0,0.2627,129758
0,0.2627,133908
0,0.2627,519970
0,0.2627,520466
0,0.2627,522812
0,0.2627,552118
0,0.2627,816543
0,0.2627,914259
0,0.2628,10140
0,0.2628,10254
0,0.2628,10463
0,0.2628,11092
0,0.2628,14895
0,0.2628,16434
0,0.2628,17569
0,0.2628,20141
0,0.2628,30421
0,0.2628,31291
0,0.2628,53368
0,0.2628,57932
0,0.2628,62648
0,0.2628,86967
0,0.2628,95665
0,0.2628,117228
0,0.2628,117723
0,0.2628,119612
0,0.2628,139642
0,0.2628,148213
0,0.2628,526634
0,0.2628,526801
0,0.2628,532800
0,0.2628,814586
0,0.2629,10296
0,0.2629,11477
0,0.2629,12541
0,0.2629,13423
0,0.2629,19333
0,0.2629,19767
0,0.2629,24713
0,0.2629,27319
0,0.2629,27416
0,0.2629,34321
0,0.2629,41869
0,0.2629,43179
0,0.2629,50804
0,0.2629,51537
0,0.2629,54959
0,0.2629,57542
0,0.2629,147959
0,0.2629,917516
0,0.2630,10530
0,0.2630,10727
0,0.2630,11390
0,0.2630,11546
0,0.2630,12143
0,0.2630,12782
0,0.2630,13315
0,0.2630,13582
0,0.2630,16648
0,0.2630,18165
0,0.2630,18730
0,0.2630,24828
0,0.2630,31925
0,0.2630,33000
0,0.2630,34717
0,0.2630,38805
0,0.2630,56430
0,0.2630,80143
0,0.2630,159755
0,0.2630,521771
0,0.2630,531531
0,0.2630,535279
0,0.2630,580814
0,0.2631,10096
0,0.2631,10347
0,0.2631,10459
0,0.2631,10473
0,0.2631,11345
0,0.2631,11761
0,0.2631,11914
0,0.2631,15501
0,0.2631,16107
0,0.2631,18340
0,0.2631,20059
0,0.2631,30703
0,0.2631,49687
0,0.2631,54445
0,0.2631,78095
0,0.2631,88655
0,0.2631,109459
0,0.2631,114090
0,0.2631,159277
0,0.2631,520117
0,0.2631,521156
0,0.2631,521210
0,0.2631,524777
0,0.2631,527577
0,0.2631,802137
0,0.2632,10877
0,0.2632,11292
0,0.2632,11788
0,0.2632,12606
0,0.2632,14530
0,0.2632,17566
0,0.2632,19828
0,0.2632,25714
0,0.2632,26102
0,0.2632,28525
0,0.2632,32872
0,0.2632,40528
0,0.2632,44587
0,0.2632,48975
0,0.2632,51533
0,0.2632,59400
0,0.2632,122835
0,0.2632,521946
0,0.2632,529031
0,0.2632,532804
0,0.2632,800845
0,0.2632,809744
0,0.2632,908572
0,0.2633,10613
0,0.2633,10628
0,0.2633,11210
0,0.2633,11523
0,0.2633,11603
0,0.2633,11783
0,0.2633,11870
0,0.2633,12320
0,0.2633,18016
0,0.2633,40205
0,0.2633,47746
0,0.2633,55306
0,0.2633,72111
0,0.2633,108324
0,0.2633,142053
0,0.2633,210806
0,0.2633,521439
0,0.2633,524741
0,0.2633,564174
0,0.2633,812106
0,0.2634,10209
0,0.2634,12756
0,0.2634,18179
0,0.2634,29157
0,0.2634,35927
0,0.2634,39223
0,0.2634,50497
0,0.2634,53320
0,0.2634,109145
0,0.2634,134256
0,0.2634,136581
0,0.2634,210889
0,0.2634,516162
0,0.2634,524208
0,0.2634,550868
0,0.2635,10084
0,0.2635,10377
0,0.2635,11471
0,0.2635,11749
0,0.2635,12023
0,0.2635,12460
0,0.2635,17325
0,0.2635,21267
0,0.2635,39727
0,0.2635,48178
0,0.2635,62429
0,0.2635,63482
0,0.2635,516097
0,0.2635,521935
0,0.2635,804140
0,0.2636,10423
0,0.2636,11400
0,0.2636,14243
0,0.2636,16188
0,0.2636,21567
0,0.2636,25951
0,0.2636,39674
0,0.2636,40187
0,0.2636,49754
0,0.2636,54628
0,0.2636,61605
0,0.2636,77158
0,0.2636,134883
0,0.2636,527410
0,0.2636,532655
0,0.2637,11050
0,0.2637,11099
0,0.2637,11521
0,0.2637,12338
0,0.2637,12667
0,0.2637,14962
0,0.2637,15117
0,0.2637,17389
0,0.2637,17757
0,0.2637,19882
0,0.2637,20402
0,0.2637,27627
0,0.2637,29826
0,0.2637,46266
0,0.2637,70325
0,0.2637,98526
0,0.2637,99139
0,0.2637,553194
0,0.2638,11135
0,0.2638,11294
0,0.2638,11744
0,0.2638,11991
0,0.2638,12965
0,0.2638,13303
0,0.2638,13886
0,0.2638,14510
0,0.2638,20739
0,0.2638,23854
0,0.2638,26485
0,0.2638,31733
0,0.2638,32354
0,0.2638,34301
0,0.2638,52235
0,0.2638,53362
0,0.2638,61888
0,0.2638,133908
0,0.2638,519041
0,0.2638,524207
0,0.2639,10456
0,0.2639,10569
0,0.2639,10629
0,0.2639,10905
0,0.2639,11478
0,0.2639,12815
0,0.2639,13386
0,0.2639,19187
0,0.2639,19487
0,0.2639,23401
0,0.2639,30105
0,0.2639,31117
0,0.2639,35477
0,0.2639,45078
0,0.2639,46960
0,0.2639,91753
0,0.2639,147030
0,0.2639,520002
0,0.2639,520934
0,0.2639,521241
0,0.2639,522812
0,0.2639,529665
0,0.2639,552393
0,0.2639,918582
0,0.2640,10482
0,0.2640,10929
0,0.2640,11342
0,0.2640,14139
0,0.2640,16508
0,0.2640,21889
0,0.2640,25616
0,0.2640,29090
0,0.2640,51391
0,0.2640,74814
0,0.2640,92909
0,0.2640,151762
0,0.2640,524238
0,0.2640,531708
0,0.2640,533589
0,0.2640,801936
0,0.2641,10093
0,0.2641,10561
0,0.2641,11736
0,0.2641,13596
0,0.2641,16013
0,0.2641,16422
0,0.2641,16437
0,0.2641,20287
0,0.2641,25166
0,0.2641,25476
0,0.2641,26419
0,0.2641,32835
0,0.2641,33502
0,0.2641,35196
0,0.2641,36026
0,0.2641,39727
0,0.2641,40435
0,0.2641,43861
0,0.2641,54952
0,0.2641,56991
0,0.2641,85147
0,0.2642,10408
0,0.2642,11359
0,0.2642,11725
0,0.2642,11952
0,0.2642,12061
0,0.2642,14897
0,0.2642,15928
0,0.2642,18043
0,0.2642,23204
0,0.2642,29232
0,0.2642,31331
0,0.2642,35208
0,0.2642,36844
0,0.2642,88903
0,0.2642,183161
0,0.2642,527469
0,0.2642,534195
0,0.2643,10241
0,0.2643,11956
0,0.2643,12241
0,0.2643,15353
0,0.2643,19467
0,0.2643,21692
0,0.2643,26338
0,0.2643,28241
0,0.2643,46486
0,0.2643,55120
0,0.2643,58157
0,0.2643,73335
0,0.2643,580417
0,0.2643,802951
0,0.2644,11194
0,0.2644,12160
0,0.2644,12765
0,0.2644,14430
0,0.2644,15915
0,0.2644,16416
0,0.2644,31397
0,0.2644,44236
0,0.2644,59111
0,0.2644,103964
0,0.2644,112749
0,0.2644,166153
0,0.2644,513513
0,0.2644,514688
0,0.2644,515155
0,0.2644,521157
0,0.2644,523769
0,0.2644,524732
0,0.2644,527357
0,0.2644,807356
0,0.2645,10604
0,0.2645,10942
0,0.2645,11608
0,0.2645,11722
0,0.2645,11741
0,0.2645,13018
0,0.2645,13232
0,0.2645,18203
0,0.2645,32095
0,0.2645,37704
0,0.2645,41571
0,0.2645,116304
0,0.2645,267437
0,0.2645,345939
0,0.2645,517164
0,0.2645,518153
0,0.2645,520928
0,0.2645,532768
0,0.2645,800084
0,0.2645,800551
0,0.2645,904736
0,0.2646,10378
0,0.2646,10540
0,0.2646,13027
0,0.2646,14607
0,0.2646,16715
0,0.2646,37622
0,0.2646,40826
0,0.2646,43753
0,0.2646,49632
0,0.2646,51401
0,0.2646,59035
0,0.2646,60346
0,0.2646,62624
0,0.2646,66206
0,0.2646,68736
0,0.2646,78067
0,0.2646,115501
0,0.2646,210889
0,0.2646,515161
0,0.2647,10118
0,0.2647,10305
0,0.2647,10867
0,0.2647,11141
0,0.2647,11244
0,0.2647,11281
0,0.2647,12934
0,0.2647,15647
0,0.2647,19845
0,0.2647,23477
0,0.2647,26071
0,0.2647,26423
0,0.2647,29997
0,0.2647,43363
0,0.2647,45416
0,0.2647,47595
0,0.2647,58836
0,0.2647,77451
0,0.2647,80717
0,0.2647,123308
0,0.2647,138335
0,0.2647,192978
0,0.2647,512277
0,0.2647,515642
0,0.2647,522770
0,0.2647,529429
0,0.2647,555318
0,0.2647,802506
0,0.2648,10138
0,0.2648,11531
0,0.2648,11594
0,0.2648,11703
0,0.2648,11975
0,0.2648,12111
0,0.2648,12351
0,0.2648,33542
0,0.2648,41778
0,0.2648,42387
0,0.2648,54238
0,0.2648,56774
0,0.2648,73279
0,0.2648,96213
0,0.2648,103338
0,0.2648,106034
0,0.2648,128686
0,0.2648,142053
0,0.2648,201474
0,0.2648,517458
0,0.2648,519967
0,0.2648,521171
0,0.2648,530777
0,0.2648,544813
0,0.2648,559217
0,0.2648,580417
0,0.2648,816543
0,0.2649,10221
0,0.2649,10397
0,0.2649,10402
0,0.2649,10632
0,0.2649,11922
0,0.2649,13479
0,0.2649,13839
0,0.2649,15429
0,0.2649,17540
0,0.2649,18994
0,0.2649,29217
0,0.2649,40205
0,0.2649,58226
0,0.2649,88799
0,0.2649,112109
0,0.2649,161163
0,0.2649,167190
0,0.2649,518153
0,0.2649,520787
0,0.2649,555712
0,0.2649,580793
0,0.2650,10285
0,0.2650,11283
0,0.2650,11837
0,0.2650,13334
0,0.2650,13944
0,0.2650,18678
0,0.2650,22026
0,0.2650,27697
0,0.2650,28855
0,0.2650,30776
0,0.2650,43652
0,0.2650,46154
0,0.2650,49570
0,0.2650,59796
0,0.2650,65630
0,0.2650,68997
0,0.2650,71900
0,0.2650,88157
0,0.2650,98081
0,0.2650,111689
0,0.2650,518153
0,0.2650,518788
0,0.2650,543774
0,0.2651,10039
0,0.2651,11583
0,0.2651,12050
0,0.2651,12511
0,0.2651,16993
0,0.2651,18049
0,0.2651,18726
0,0.2651,20132
0,0.2651,28584
0,0.2651,29231
0,0.2651,29750
0,0.2651,38204
0,0.2651,38260
0,0.2651,80951
0,0.2651,87576
0,0.2651,154649
0,0.2651,804989
0,0.2651,908274
0,0.2652,11112
0,0.2652,16141
0,0.2652,16426
0,0.2652,26845
0,0.2652,33047
0,0.2652,44858
0,0.2652,46457
0,0.2652,50451
0,0.2652,55061
0,0.2652,63927
0,0.2652,95072
0,0.2652,96307
0,0.2652,520003
0,0.2652,904036
0,0.2652,356783826
0,0.2653,10065
0,0.2653,11262
0,0.2653,12890
0,0.2653,13159
0,0.2653,13230
0,0.2653,17908
0,0.2653,30102
0,0.2653,38916
0,0.2653,45513
0,0.2653,73963
0,0.2653,74106
0,0.2653,77313
0,0.2653,83381
0,0.2653,149720
0,0.2653,513911
0,0.2653,519132
0,0.2654,10176
0,0.2654,10522
0,0.2654,11469
0,0.2654,12279
0,0.2654,12367
0,0.2654,13610
0,0.2654,16610
0,0.2654,18190
0,0.2654,20823
0,0.2654,31247
0,0.2654,38860
0,0.2654,52575
0,0.2654,72871
0,0.2654,76894
0,0.2654,93797
0,0.2654,513746
0,0.2654,514009
0,0.2654,515070
0,0.2654,519850
0,0.2654,521158
0,0.2655,10133
0,0.2655,10390
0,0.2655,10697
0,0.2655,10977
0,0.2655,11517
0,0.2655,12354
0,0.2655,14319
0,0.2655,14925
0,0.2655,18262
0,0.2655,23132
0,0.2655,24841
0,0.2655,26239
0,0.2655,28588
0,0.2655,34247
0,0.2655,36556
0,0.2655,41393
0,0.2655,44000
0,0.2655,48274
0,0.2655,48313
0,0.2655,59658
0,0.2655,69595
0,0.2655,69929
0,0.2655,76394
0,0.2655,115234
0,0.2655,118845
0,0.2655,124962
0,0.2655,146275
0,0.2655,189047
0,0.2655,515069
0,0.2655,520007
0,0.2655,520931
0,0.2655,527470
0,0.2655,553194
0,0.2656,10147
0,0.2656,10262
0,0.2656,11556
0,0.2656,18713
0,0.2656,22040
0,0.2656,34247
0,0.2656,34908
0,0.2656,38510
0,0.2656,59836
0,0.2656,96104
0,0.2656,114513
0,0.2656,303093
0,0.2656,514324
0,0.2656,524152
0,0.2656,524284
0,0.2656,532766
0,0.2656,551294
0,0.2656,555319
0,0.2656,806606
0,0.2657,10376
0,0.2657,10831
0,0.2657,11501
0,0.2657,12840
0,0.2657,16228
0,0.2657,16651
0,0.2657,22276
0,0.2657,26020
0,0.2657,37202
0,0.2657,58102
0,0.2657,59317
0,0.2657,63153
0,0.2657,67722
0,0.2657,72019
0,0.2657,81427
0,0.2657,99080
0,0.2657,118845
0,0.2657,121593
0,0.2657,157834
0,0.2657,168466
0,0.2657,516324
0,0.2657,531768
0,0.2657,544258
0,0.2657,804989
0,0.2657,915497
0,0.2658,10463
0,0.2658,10973
0,0.2658,13221
0,0.2658,13483
0,0.2658,13550
0,0.2658,16600
0,0.2658,17052
0,0.2658,18334
0,0.2658,20581
0,0.2658,20620
0,0.2658,22243
0,0.2658,26258
0,0.2658,27333
0,0.2658,28691
0,0.2658,30806
0,0.2658,48218
0,0.2658,49102
0,0.2658,75242
0,0.2658,114223
0,0.2658,141834
0,0.2658,142052
0,0.2658,801530
0,0.2658,908274
0,0.2659,11379
0,0.2659,13153
0,0.2659,13821
0,0.2659,16207
0,0.2659,18828
0,0.2659,20001
0,0.2659,20445
0,0.2659,22166
0,0.2659,26497
0,0.2659,52465
0,0.2659,58058
0,0.2659,58975
0,0.2659,65609
0,0.2659,83494
0,0.2659,118507
0,0.2659,123775
0,0.2659,131378
0,0.2659,521197
0,0.2659,918902
0,0.2660,10429
0,0.2660,10486
0,0.2660,11289
0,0.2660,11620
0,0.2660,11828
0,0.2660,11992
0,0.2660,13225
0,0.2660,16513
0,0.2660,18937
0,0.2660,21099
0,0.2660,26130
0,0.2660,47932
0,0.2660,59422
0,0.2660,82482
0,0.2660,130279
0,0.2660,140903
0,0.2660,523591
0,0.2661,10140
0,0.2661,10201
0,0.2661,10524
0,0.2661,10650
0,0.2661,11072
0,0.2661,11369
0,0.2661,11399
0,0.2661,11958
0,0.2661,12509
0,0.2661,12717
0,0.2661,12929
0,0.2661,14391
0,0.2661,17570
0,0.2661,17614
0,0.2661,17650
0,0.2661,25635
0,0.2661,28406
0,0.2661,34148
0,0.2661,39054
0,0.2661,43980
0,0.2661,54383
0,0.2661,61941
0,0.2661,83341
0,0.2661,107502
0,0.2661,160750
0,0.2661,170256
0,0.2661,514727
0,0.2661,802734
0,0.2662,10873
0,0.2662,11993
0,0.2662,12012
0,0.2662,12109
0,0.2662,12994
0,0.2662,14661
0,0.2662,16083
0,0.2662,17484
0,0.2662,20278
0,0.2662,38967
0,0.2662,39922
0,0.2662,40966
0,0.2662,45643
0,0.2662,54892
0,0.2662,59086
0,0.2662,70867
0,0.2662,102748
0,0.2662,107105
0,0.2662,118204
0,0.2662,124211
0,0.2662,436612
0,0.2662,519242
0,0.2662,543264
0,0.2663,10075
0,0.2663,10126
0,0.2663,10169
0,0.2663,10254
0,0.2663,10470
0,0.2663,11546
0,0.2663,12958
0,0.2663,14497
0,0.2663,29144
0,0.2663,52645
0,0.2663,56364
0,0.2663,65825
0,0.2663,70445
0,0.2663,73560
0,0.2663,73783
0,0.2663,97410
0,0.2663,512010
0,0.2663,521545
0,0.2663,523019
0,0.2664,10321
0,0.2664,10653
0,0.2664,10786
0,0.2664,11229
0,0.2664,11624
0,0.2664,11930
0,0.2664,12163
0,0.2664,12977
0,0.2664,13435
0,0.2664,14427
0,0.2664,18634
0,0.2664,19183
0,0.2664,23958
0,0.2664,24306
0,0.2664,30525
0,0.2664,38946
0,0.2664,44026
0,0.2664,55990
0,0.2664,62528
0,0.2664,145091
0,0.2664,512797
0,0.2665,10134
0,0.2665,11914
0,0.2665,12312
0,0.2665,12571
0,0.2665,14869
0,0.2665,15662
0,0.2665,16601
0,0.2665,19949
0,0.2665,21338
0,0.2665,23743
0,0.2665,35330
0,0.2665,63944
0,0.2665,91123
0,0.2665,91799
0,0.2665,161534
0,0.2665,247232
0,0.2665,521438
0,0.2665,527358
0,0.2665,535316
0,0.2666,10096
0,0.2666,10399
0,0.2666,10459
0,0.2666,10461
0,0.2666,10515
0,0.2666,10593
0,0.2666,11058
0,0.2666,11292
0,0.2666,12711
0,0.2666,13283
0,0.2666,14161
0,0.2666,15183
0,0.2666,19921
0,0.2666,25872
0,0.2666,29997
0,0.2666,38819
0,0.2666,48530
0,0.2666,53849
0,0.2666,58027
0,0.2666,66389
0,0.2666,71444
0,0.2666,90874
0,0.2666,153948
0,0.2666,173628
0,0.2666,515157
0,0.2666,519584
0,0.2666,520916
0,0.2666,524990
0,0.2666,581332
0,0.2667,10736
0,0.2667,11017
0,0.2667,11355
0,0.2667,12309
0,0.2667,13172
0,0.2667,13621
0,0.2667,13972
0,0.2667,14066
0,0.2667,14386
0,0.2667,15992
0,0.2667,16636
0,0.2667,20033
0,0.2667,22787
0,0.2667,27614
0,0.2667,30885
0,0.2667,33987
0,0.2667,37070
0,0.2667,39943
0,0.2667,56806
0,0.2667,59950
0,0.2667,94994
0,0.2667,107502
0,0.2667,195727
0,0.2667,513565
0,0.2667,519693
0,0.2667,524164
0,0.2667,545293
0,0.2667,556574
0,0.2667,801187
0,0.2667,812106
0,0.2667,914259
0,0.2668,10198
0,0.2668,10208
0,0.2668,10806
0,0.2668,10808
0,0.2668,11345
0,0.2668,14799
0,0.2668,14802
0,0.2668,18165
0,0.2668,18952
0,0.2668,20688
0,0.2668,21132
0,0.2668,25963
0,0.2668,38051
0,0.2668,76225
0,0.2668,100441
0,0.2668,117660
0,0.2668,517330
0,0.2668,800135
0,0.2669,11523
0,0.2669,11603
0,0.2669,11783
0,0.2669,11870
0,0.2669,12387
0,0.2669,13375
0,0.2669,14419
0,0.2669,14461
0,0.2669,16124
0,0.2669,18016
0,0.2669,18730
0,0.2669,18939
0,0.2669,19767
0,0.2669,30021
0,0.2669,37902
0,0.2669,42495
0,0.2669,127577
0,0.2669,514424
0,0.2669,516331
0,0.2669,803035
0,0.2669,811544
0,0.2670,11143
0,0.2670,11681
0,0.2670,12320
0,0.2670,13431
0,0.2670,13716
0,0.2670,13767
0,0.2670,14573
0,0.2670,20200
0,0.2670,26387
0,0.2670,31119
0,0.2670,31196
0,0.2670,32784
0,0.2670,33165
0,0.2670,34089
0,0.2670,38024
0,0.2670,38068
0,0.2670,38630
0,0.2670,44644
0,0.2670,44667
0,0.2670,44741
0,0.2670,52614
0,0.2670,516568
0,0.2670,527577
0,0.2670,535438
0,0.2670,535999
0,0.2670,801079
0,0.2670,805362
0,0.2670,806173
0,0.2671,10473
0,0.2671,10670
0,0.2671,10716
0,0.2671,12653
0,0.2671,13998
0,0.2671,14849
0,0.2671,15005
0,0.2671,15133
0,0.2671,20459
0,0.2671,20995
0,0.2671,24828
0,0.2671,26628
0,0.2671,29997
0,0.2671,40733
0,0.2671,45430
0,0.2671,46617
0,0.2671,49225
0,0.2671,61060
0,0.2671,124962
0,0.2671,125065
0,0.2671,522812
0,0.2671,522828
0,0.2671,535279
0,0.2671,801974
0,0.2672,11030
0,0.2672,11400
0,0.2672,13470
0,0.2672,13940
0,0.2672,14514
0,0.2672,15507
0,0.2672,17325
0,0.2672,20910
0,0.2672,21860
0,0.2672,25288
0,0.2672,26766
0,0.2672,30421
0,0.2672,33646
0,0.2672,33779
0,0.2672,39802
0,0.2672,46748
0,0.2672,51878
0,0.2672,87584
0,0.2672,92866
0,0.2672,103941
0,0.2672,513945
0,0.2672,521575
0,0.2672,579253
0,0.2673,10929
0,0.2673,11744
0,0.2673,14437
0,0.2673,24064
0,0.2673,24804
0,0.2673,30539
0,0.2673,35196
0,0.2673,36031
0,0.2673,49558
0,0.2673,58230
0,0.2673,67052
0,0.2673,80007
0,0.2673,519588
0,0.2673,520002
0,0.2673,520933
0,0.2673,521935
0,0.2673,524208
0,0.2673,532655
0,0.2674,10456
0,0.2674,10599
0,0.2674,10905
0,0.2674,11099
0,0.2674,11105
0,0.2674,11478
0,0.2674,11761
0,0.2674,12338
0,0.2674,12732
0,0.2674,13315
0,0.2674,14019
0,0.2674,19579
0,0.2674,22574
0,0.2674,23339
0,0.2674,23401
0,0.2674,23854
0,0.2674,26223
0,0.2674,27416
0,0.2674,27893
0,0.2674,28019
0,0.2674,38538
0,0.2674,58845
0,0.2674,75987
0,0.2674,78114
0,0.2674,96307
0,0.2674,119949
0,0.2674,523828
0,0.2674,800687
0,0.2675,10236
0,0.2675,10767
0,0.2675,11342
0,0.2675,11467
0,0.2675,11817
0,0.2675,11991
0,0.2675,14985
0,0.2675,17170
0,0.2675,20960
0,0.2675,21763
0,0.2675,33591
0,0.2675,43380
0,0.2675,51350
0,0.2675,52825
0,0.2675,60910
0,0.2675,90364
0,0.2675,110773
0,0.2675,127658
0,0.2675,145128
0,0.2675,522730
0,0.2675,523684
0,0.2675,524238
0,0.2675,802399
0,0.2676,10049
0,0.2676,10084
0,0.2676,10209
0,0.2676,10472
0,0.2676,10530
0,0.2676,10756
0,0.2676,10996
0,0.2676,11725
0,0.2676,11736
0,0.2676,14750
0,0.2676,15970
0,0.2676,16446
0,0.2676,19873
0,0.2676,21567
0,0.2676,22977
0,0.2676,26625
0,0.2676,52402
0,0.2676,58157
0,0.2676,62837
0,0.2676,513419
0,0.2676,521297
0,0.2676,522891
0,0.2676,582265
0,0.2677,10497
0,0.2677,11294
0,0.2677,11390
0,0.2677,11409
0,0.2677,11829
0,0.2677,15693
0,0.2677,17014
0,0.2677,19647
0,0.2677,20402
0,0.2677,20819
0,0.2677,25229
0,0.2677,26602
0,0.2677,32880
0,0.2677,36063
0,0.2677,42240
0,0.2677,43785
0,0.2677,53002
0,0.2677,57722
0,0.2677,71719
0,0.2677,73249
0,0.2677,76894
0,0.2677,141297
0,0.2677,227465
0,0.2677,521086
0,0.2677,808740
0,0.2677,918582
0,0.2678,10423
0,0.2678,10877
0,0.2678,11722
0,0.2678,11788
0,0.2678,14343
0,0.2678,15313
0,0.2678,16648
0,0.2678,25972
0,0.2678,28525
0,0.2678,33501
0,0.2678,34084
0,0.2678,51205
0,0.2678,75212
0,0.2678,96307
0,0.2678,107105
0,0.2678,110773
0,0.2678,185726
0,0.2678,517351
0,0.2678,903689
0,0.2679,10942
0,0.2679,13089
0,0.2679,19143
0,0.2679,26642
0,0.2679,28803
0,0.2679,35798
0,0.2679,49279
0,0.2679,95442
0,0.2679,518153
0,0.2679,519869
0,0.2679,530777
0,0.2679,804989
0,0.2680,10048
0,0.2680,10304
0,0.2680,13666
0,0.2680,15164
0,0.2680,18867
0,0.2680,24394
0,0.2680,35113
0,0.2680,37608
0,0.2680,40838
0,0.2680,42919
0,0.2680,44957
0,0.2680,51646
0,0.2680,58481
0,0.2680,63901
0,0.2680,84638
0,0.2680,511807
0,0.2680,525105
0,0.2680,537139
0,0.2681,10540
0,0.2681,10569
0,0.2681,10613
0,0.2681,11056
0,0.2681,11244
0,0.2681,11281
0,0.2681,11521
0,0.2681,15864
0,0.2681,17107
0,0.2681,18536
0,0.2681,20168
0,0.2681,25786
0,0.2681,25931
0,0.2681,27379
0,0.2681,37147
0,0.2681,43489
0,0.2681,53128
0,0.2681,59618
0,0.2681,109321
0,0.2681,112473
0,0.2681,119630
0,0.2681,121759
0,0.2681,513828
0,0.2681,516780
0,0.2681,800917
0,0.2681,801828
0,0.2682,11359
0,0.2682,11952
0,0.2682,12111
0,0.2682,12186
0,0.2682,13198
0,0.2682,18798
0,0.2682,20550
0,0.2682,22105
0,0.2682,23003
0,0.2682,24442
0,0.2682,33340
0,0.2682,34385
0,0.2682,37732
0,0.2682,46393
0,0.2682,49092
0,0.2682,52641
0,0.2682,54248
0,0.2682,59329
0,0.2682,126345
0,0.2682,534553
0,0.2682,564824
0,0.2682,804140
0,0.2682,903602
0,0.2683,10906
0,0.2683,11922
0,0.2683,12121
0,0.2683,12171
0,0.2683,13379
0,0.2683,16706
0,0.2683,69837
0,0.2683,90459
0,0.2683,142053
0,0.2683,514740
0,0.2683,521437
0,0.2683,529429
0,0.2683,809322
0,0.2683,903429
0,0.2683,925829
0,0.2684,11080
0,0.2684,11531
0,0.2684,15823
0,0.2684,22224
0,0.2684,23151
0,0.2684,32815
0,0.2684,39146
0,0.2684,44147
0,0.2684,48329
0,0.2684,64575
0,0.2684,103414
0,0.2684,108324
0,0.2684,512745
0,0.2684,516197
0,0.2684,523060
0,0.2684,555318
0,0.2684,800847
0,0.2685,10397
0,0.2685,11517
0,0.2685,11975
0,0.2685,12728
0,0.2685,13683
0,0.2685,14959
0,0.2685,15517
0,0.2685,20926
0,0.2685,21409
0,0.2685,23477
0,0.2685,29420
0,0.2685,41135
0,0.2685,47617
0,0.2685,63408
0,0.2685,64457
0,0.2685,80082
0,0.2685,513843
0,0.2685,516322
0,0.2685,520787
0,0.2685,524968
0,0.2685,904395
0,0.2686,10632
0,0.2686,11237
0,0.2686,12905
0,0.2686,19314
0,0.2686,23076
0,0.2686,24803
0,0.2686,27158
0,0.2686,41407
0,0.2686,45875
0,0.2686,52570
0,0.2686,111803
0,0.2686,231412
0,0.2686,267437
0,0.2686,517532
0,0.2686,543264
0,0.2687,10070
0,0.2687,10263
0,0.2687,10305
0,0.2687,11050
0,0.2687,11262
0,0.2687,12152
0,0.2687,12164
0,0.2687,12896
0,0.2687,13684
0,0.2687,18007
0,0.2687,22717
0,0.2687,28986
0,0.2687,31348
0,0.2687,41812
0,0.2687,56072
0,0.2687,66007
0,0.2687,119212
0,0.2687,121384
0,0.2687,523544
0,0.2687,527470
0,0.2687,800490
0,0.2688,10133
0,0.2688,10376
0,0.2688,11837
0,0.2688,14874
0,0.2688,18328
0,0.2688,27024
0,0.2688,28899
0,0.2688,29088
0,0.2688,32482
0,0.2688,37297
0,0.2688,41754
0,0.2688,59518
0,0.2688,67695
0,0.2688,84551
0,0.2688,116012
0,0.2688,117427
0,0.2688,192978
0,0.2688,197895
0,0.2688,517458
0,0.2688,529519
0,0.2689,10359
0,0.2689,10408
0,0.2689,10463
0,0.2689,12371
0,0.2689,12425
0,0.2689,12782
0,0.2689,13194
0,0.2689,13571
0,0.2689,16366
0,0.2689,18824
0,0.2689,31847
0,0.2689,48110
0,0.2689,53655
0,0.2689,97075
0,0.2689,103338
0,0.2689,115664
0,0.2689,134783
0,0.2689,166749
0,0.2689,512534
0,0.2689,523351
0,0.2689,555966
0,0.2689,800868
0,0.2690,10216
0,0.2690,11092
0,0.2690,11594
0,0.2690,12046
0,0.2690,16029
0,0.2690,17800
0,0.2690,19828
0,0.2690,19938
0,0.2690,20044
0,0.2690,20581
0,0.2690,21263
0,0.2690,21798
0,0.2690,30914
0,0.2690,37891
0,0.2690,40740
0,0.2690,50485
0,0.2690,58779
0,0.2690,63942
0,0.2690,67398
0,0.2690,76634
0,0.2690,509223
0,0.2690,516097
0,0.2690,520466
0,0.2690,800241
0,0.2691,12837
0,0.2691,15276
0,0.2691,18726
0,0.2691,21267
0,0.2691,22166
0,0.2691,22243
0,0.2691,44138
0,0.2691,52220
0,0.2691,66207
0,0.2691,68701
0,0.2691,69631
0,0.2691,77810
0,0.2691,139685
0,0.2691,452352
0,0.2691,525065
0,0.2692,10249
0,0.2692,10804
0,0.2692,11317
0,0.2692,11402
0,0.2692,13556
0,0.2692,14243
0,0.2692,14666
0,0.2692,16188
0,0.2692,21452
0,0.2692,22276
0,0.2692,30279
0,0.2692,31297
0,0.2692,39485
0,0.2692,132204
0,0.2692,167190
0,0.2692,189046
0,0.2692,515015
0,0.2692,521158
0,0.2693,10118
0,0.2693,10904
0,0.2693,12241
0,0.2693,17027
0,0.2693,28406
0,0.2693,29156
0,0.2693,29176
0,0.2693,39727
0,0.2693,50560
0,0.2693,107502
0,0.2693,126390
0,0.2693,518294
0,0.2693,532768
0,0.2693,545288
0,0.2693,800892
0,0.2694,11501
0,0.2694,11556
0,0.2694,12162
0,0.2694,12354
0,0.2694,12541
0,0.2694,15184
0,0.2694,18075
0,0.2694,19015
0,0.2694,21505
0,0.2694,26757
0,0.2694,29604
0,0.2694,36577
0,0.2694,39719
0,0.2694,44995
0,0.2694,56034
0,0.2694,69140
0,0.2694,87115
0,0.2694,88912
0,0.2694,136415
0,0.2694,154495
0,0.2694,514687
0,0.2694,551294
0,0.2694,563873
0,0.2695,10140
0,0.2695,10629
0,0.2695,10977
0,0.2695,11289
0,0.2695,11379
0,0.2695,11620
0,0.2695,12168
0,0.2695,14530
0,0.2695,15795
0,0.2695,15905
0,0.2695,16969
0,0.2695,20620
0,0.2695,24502
0,0.2695,26047
0,0.2695,34247
0,0.2695,40542
0,0.2695,41342
0,0.2695,51428
0,0.2695,69264
0,0.2695,74368
0,0.2695,94068
0,0.2695,99528
0,0.2695,99858
0,0.2695,107105
0,0.2695,108640
0,0.2695,128150
0,0.2695,509223
0,0.2695,545180
0,0.2695,555875
0,0.2695,904246
0,0.2696,10254
0,0.2696,10561
0,0.2696,11135
0,0.2696,11828
0,0.2696,11992
0,0.2696,12621
0,0.2696,13356
0,0.2696,14685
0,0.2696,15897
0,0.2696,17904
0,0.2696,18637
0,0.2696,23517
0,0.2696,26551
0,0.2696,30894
0,0.2696,52544
0,0.2696,77967
0,0.2696,87178
0,0.2696,125065
0,0.2696,523591
0,0.2696,548589
0,0.2696,548753
0,0.2696,570526
0,0.2696,800207
0,0.2696,800383
0,0.2696,800461
0,0.2697,10033
0,0.2697,10169
0,0.2697,11174
0,0.2697,11546
0,0.2697,11993
0,0.2697,14158
0,0.2697,16524
0,0.2697,16862
0,0.2697,17569
0,0.2697,18854
0,0.2697,24985
0,0.2697,25039
0,0.2697,76958
0,0.2697,79370
0,0.2697,518581
0,0.2697,526823
0,0.2697,800434
0,0.2698,11292
0,0.2698,11327
0,0.2698,11341
0,0.2698,12717
0,0.2698,12735
0,0.2698,14381
0,0.2698,14961
0,0.2698,18332
0,0.2698,19665
0,0.2698,19845
0,0.2698,24315
0,0.2698,45470
0,0.2698,47779
0,0.2698,52099
0,0.2698,60200
0,0.2698,62429
0,0.2698,97457
0,0.2698,110773
0,0.2698,127894
0,0.2698,142053
0,0.2698,145635
0,0.2698,512796
0,0.2698,513418
0,0.2698,523649
0,0.2698,527410
0,0.2698,534777
0,0.2698,800373
0,0.2699,10065
0,0.2699,10515
0,0.2699,11914
0,0.2699,13423
0,0.2699,13981
0,0.2699,18983
0,0.2699,19743
0,0.2699,23241
0,0.2699,34677
0,0.2699,52875
0,0.2699,53416
0,0.2699,56353
0,0.2699,58140
0,0.2699,102357
0,0.2699,104131
0,0.2699,519655
0,0.2699,519692
0,0.2699,519970
0,0.2699,521290
0,0.2700,10522
0,0.2700,11365
0,0.2700,11514
0,0.2700,13550
0,0.2700,15353
0,0.2700,15937
0,0.2700,16136
0,0.2700,18493
0,0.2700,26102
0,0.2700,31082
0,0.2700,167190
0,0.2700,514727
0,0.2700,555967
0,0.2700,562451
0,0.2700,564174
0,0.2700,902180
0,0.2700,904119
0,0.2701,10039
0,0.2701,10111
0,0.2701,10201
0,0.2701,10262
0,0.2701,16433
0,0.2701,18016
0,0.2701,18049
0,0.2701,18203
0,0.2701,22833
0,0.2701,27157
0,0.2701,49910
0,0.2701,79362
0,0.2701,79950
0,0.2701,130279
0,0.2701,406728
0,0.2701,511801
0,0.2701,515158
0,0.2701,517359
0,0.2701,535279
0,0.2701,801936
0,0.2701,806606
0,0.2701,807368
0,0.2702,10096
0,0.2702,10176
0,0.2702,10524
0,0.2702,10628
0,0.2702,10650
0,0.2702,10671
0,0.2702,11345
0,0.2702,11816
0,0.2702,11870
0,0.2702,12332
0,0.2702,12934
0,0.2702,12965
0,0.2702,13821
0,0.2702,15421
0,0.2702,22899
0,0.2702,25195
0,0.2702,31117
0,0.2702,37342
0,0.2702,45708
0,0.2702,46430
0,0.2702,56609
0,0.2702,66105
0,0.2702,68398
0,0.2702,72502
0,0.2702,118825
0,0.2702,138865
0,0.2702,195727
0,0.2702,247232
0,0.2702,529445
0,0.2702,903561
0,0.2703,10459
0,0.2703,10835
0,0.2703,11523
0,0.2703,11583
0,0.2703,11749
0,0.2703,11783
0,0.2703,12061
0,0.2703,12715
0,0.2703,13724
0,0.2703,13725
0,0.2703,16460
0,0.2703,23487
0,0.2703,26292
0,0.2703,28159
0,0.2703,49205
0,0.2703,49696
0,0.2703,63508
0,0.2703,64263
0,0.2703,75907
0,0.2703,103964
0,0.2703,121759
0,0.2703,129289
0,0.2703,142053
0,0.2703,513945
0,0.2703,519842
0,0.2704,10074
0,0.2704,10126
0,0.2704,10929
0,0.2704,12057
0,0.2704,12929
0,0.2704,13480
0,0.2704,14442
0,0.2704,14506
0,0.2704,16206
0,0.2704,16422
0,0.2704,19792
0,0.2704,19921
0,0.2704,21100
0,0.2704,21242
0,0.2704,38573
0,0.2704,40376
0,0.2704,40699
0,0.2704,57888
0,0.2704,66076
0,0.2704,75333
0,0.2704,96307
0,0.2704,97665
0,0.2704,177835
0,0.2704,800685
0,0.2704,802944
0,0.2704,934591
0,0.2705,12231
0,0.2705,12534
0,0.2705,12994
0,0.2705,14722
0,0.2705,15920
0,0.2705,16236
0,0.2705,17757
0,0.2705,18417
0,0.2705,26263
0,0.2705,32824
0,0.2705,52567
0,0.2705,63954
0,0.2705,70740
0,0.2705,83289
0,0.2705,85617
0,0.2705,99721
0,0.2705,178810
0,0.2705,280660
0,0.2705,514425
0,0.2705,519242
0,0.2705,520002
0,0.2705,527409
0,0.2705,529031
0,0.2705,802166
0,0.2705,904868
0,0.2705,133348431
0,0.2706,10264
0,0.2706,10390
0,0.2706,10429
0,0.2706,11229
0,0.2706,11399
0,0.2706,11744
0,0.2706,13664
0,0.2706,18994
0,0.2706,21166
0,0.2706,21382
0,0.2706,23012
0,0.2706,23200
0,0.2706,29560
0,0.2706,45811
0,0.2706,46172
0,0.2706,49479
0,0.2706,57772
0,0.2706,69620
0,0.2706,109635
0,0.2706,537749
0,0.2707,11478
0,0.2707,13380
0,0.2707,13621
0,0.2707,14340
0,0.2707,15118
0,0.2707,16005
0,0.2707,17319
0,0.2707,17406
0,0.2707,32795
0,0.2707,44377
0,0.2707,49794
0,0.2707,57770
0,0.2707,72945
0,0.2707,76932
0,0.2707,112718
0,0.2707,129758
0,0.2707,521439
0,0.2707,522827
0,0.2707,555969
0,0.2707,807356
0,0.2708,10208
0,0.2708,10470
0,0.2708,10736
0,0.2708,11400
0,0.2708,11930
0,0.2708,16107
0,0.2708,16434
0,0.2708,16649
0,0.2708,16978
0,0.2708,17757
0,0.2708,18165
0,0.2708,19767
0,0.2708,23854
0,0.2708,27614
0,0.2708,36825
0,0.2708,36844
0,0.2708,42904
0,0.2708,46790
0,0.2708,47002
0,0.2708,49376
0,0.2708,56966
0,0.2708,73457
0,0.2708,97536
0,0.2708,104545
0,0.2708,511775
0,0.2708,529665
0,0.2708,821509
0,0.2708,904868
0,0.2709,10905
0,0.2709,11324
0,0.2709,11603
0,0.2709,12977
0,0.2709,13610
0,0.2709,23401
0,0.2709,26953
0,0.2709,34464
0,0.2709,34676
0,0.2709,40350
0,0.2709,41869
0,0.2709,51535
0,0.2709,58972
0,0.2709,79554
0,0.2709,90874
0,0.2709,136147
0,0.2709,407353
0,0.2709,513945
0,0.2709,518153
0,0.2709,524238
0,0.2709,943251
0,0.2710,10321
0,0.2710,10378
0,0.2710,11099
0,0.2710,11725
0,0.2710,11736
0,0.2710,12320
0,0.2710,19519
0,0.2710,22473
0,0.2710,29166
0,0.2710,30611
0,0.2710,54741
0,0.2710,58622
0,0.2710,59389
0,0.2710,67052
0,0.2710,72572
0,0.2710,105377
0,0.2710,125574
0,0.2710,146502
0,0.2710,511955
0,0.2710,521935
0,0.2710,532655
0,0.2710,801598
0,0.2710,801666
0,0.2710,802383
0,0.2710,811544
0,0.2711,10209
0,0.2711,10297
0,0.2711,10456
0,0.2711,10473
0,0.2711,12037
0,0.2711,12338
0,0.2711,12340
0,0.2711,17325
0,0.2711,18730
0,0.2711,21772
0,0.2711,22338
0,0.2711,27128
0,0.2711,30120
0,0.2711,32247
0,0.2711,54749
0,0.2711,61272
0,0.2711,66954
0,0.2711,75689
0,0.2711,89250
0,0.2711,99540
0,0.2711,107326
0,0.2711,122956
0,0.2711,514988
0,0.2711,530781
0,0.2711,800073
0,0.2712,10313
0,0.2712,10564
0,0.2712,11608
0,0.2712,12689
0,0.2712,13127
0,0.2712,17244
0,0.2712,17847
0,0.2712,20311
0,0.2712,24828
0,0.2712,25245
0,0.2712,28604
0,0.2712,35196
0,0.2712,43546
0,0.2712,53961
0,0.2712,63645
0,0.2712,65539
0,0.2712,68319
0,0.2712,107232
0,0.2712,115287
0,0.2712,123543
0,0.2712,520916
0,0.2712,547655
0,0.2712,808740
0,0.2713,10134
0,0.2713,11342
0,0.2713,11969
0,0.2713,11991
0,0.2713,14319
0,0.2713,18015
0,0.2713,18108
0,0.2713,28144
0,0.2713,74103
0,0.2713,88470
0,0.2713,97536
0,0.2713,519850
0,0.2713,527577
0,0.2713,543483
0,0.2714,11722
0,0.2714,14161
0,0.2714,14609
0,0.2714,26515
0,0.2714,36743
0,0.2714,41175
0,0.2714,44154
0,0.2714,48971
0,0.2714,55494
0,0.2714,69089
0,0.2714,70171
0,0.2714,132166
0,0.2715,15183
0,0.2715,20324
0,0.2715,21709
0,0.2715,28758
0,0.2715,30421
0,0.2715,33229
0,0.2715,34761
0,0.2715,57916
0,0.2715,60292
0,0.2715,62314
0,0.2715,71418
0,0.2715,108124
0,0.2715,520003
0,0.2715,524208
0,0.2715,532766
0,0.2715,542753
0,0.2715,804106
0,0.2716,11797
0,0.2716,13716
0,0.2716,21098
0,0.2716,26071
0,0.2716,32165
0,0.2716,57335
0,0.2716,61908
0,0.2716,129758
0,0.2716,227465
0,0.2716,512883
0,0.2716,515750
0,0.2717,10296
0,0.2717,10622
0,0.2717,11294
0,0.2717,12183
0,0.2717,12815
0,0.2717,20402
0,0.2717,21725
0,0.2717,26813
0,0.2717,35514
0,0.2717,40761
0,0.2717,42698
0,0.2717,44302
0,0.2717,66755
0,0.2717,524164
0,0.2718,10942
0,0.2718,11244
0,0.2718,11281
0,0.2718,12031
0,0.2718,12368
0,0.2718,20739
0,0.2718,22806
0,0.2718,24941
0,0.2718,25476
0,0.2718,103338
0,0.2718,128455
0,0.2718,534428
0,0.2718,904119
0,0.2719,10647
0,0.2719,12111
0,0.2719,13145
0,0.2719,13147
0,0.2719,26419
0,0.2719,27416
0,0.2719,35634
0,0.2719,48568
0,0.2719,58157
0,0.2719,58166
0,0.2719,96104
0,0.2719,530777
0,0.2719,536992
0,0.2720,11922
0,0.2720,13027
0,0.2720,13384
0,0.2720,15746
0,0.2720,16601
0,0.2720,19305
0,0.2720,19387
0,0.2720,21115
0,0.2720,21567
0,0.2720,44802
0,0.2720,47922
0,0.2720,60172
0,0.2720,82397
0,0.2720,513114
0,0.2721,10960
0,0.2721,11143
0,0.2721,12314
0,0.2721,12454
0,0.2721,12511
0,0.2721,13315
0,0.2721,13334
0,0.2721,13852
0,0.2721,17573
0,0.2721,25166
0,0.2721,30943
0,0.2721,52536
0,0.2721,63645
0,0.2721,66424
0,0.2721,108535
0,0.2721,119936
0,0.2721,520787
0,0.2721,529429
0,0.2721,530957
0,0.2721,555318
0,0.2721,802891
0,0.2722,10084
0,0.2722,10397
0,0.2722,10702
0,0.2722,11112
0,0.2722,11359
0,0.2722,11517
0,0.2722,13685
0,0.2722,14066
0,0.2722,14391
0,0.2722,15431
0,0.2722,15662
0,0.2722,22569
0,0.2722,23477
0,0.2722,29826
0,0.2722,43183
0,0.2722,44377
0,0.2722,44917
0,0.2722,78494
0,0.2722,105123
0,0.2722,124690
0,0.2722,137726
0,0.2722,195727
0,0.2722,203048
0,0.2722,514230
0,0.2722,524990
0,0.2722,555322
0,0.2722,802731
0,0.2722,905652
0,0.2723,10218
0,0.2723,10402
0,0.2723,10463
0,0.2723,11531
0,0.2723,43861
0,0.2723,49752
0,0.2723,67244
0,0.2723,103964
0,0.2723,123245
0,0.2723,142053
0,0.2723,146273
0,0.2723,147959
0,0.2723,527470
0,0.2723,800782
0,0.2723,801027
0,0.2723,802843
0,0.2723,918582
0,0.2724,10198
0,0.2724,10844
0,0.2724,11262
0,0.2724,11558
0,0.2724,11706
0,0.2724,11761
0,0.2724,11837
0,0.2724,11975
0,0.2724,12765
0,0.2724,13230
0,0.2724,14437
0,0.2724,14573
0,0.2724,17540
0,0.2724,19064
0,0.2724,23533
0,0.2724,24841
0,0.2724,29997
0,0.2724,31068
0,0.2724,34533
0,0.2724,51116
0,0.2724,113244
0,0.2724,125291
0,0.2724,519695
0,0.2724,529602
0,0.2724,550868
0,0.2725,10632
0,0.2725,10786
0,0.2725,10877
0,0.2725,11952
0,0.2725,12840
0,0.2725,16416
0,0.2725,16616
0,0.2725,17812
0,0.2725,18466
0,0.2725,37190
0,0.2725,42701
0,0.2725,65604
0,0.2725,77451
0,0.2725,520574
0,0.2725,527357
0,0.2725,527469
0,0.2725,530738
0,0.2725,532811
0,0.2725,800752
0,0.2725,801171
0,0.2725,804968
0,0.2725,804989
0,0.2726,10140
0,0.2726,13143
0,0.2726,16511
0,0.2726,18776
0,0.2726,22243
0,0.2726,24151
0,0.2726,26766
0,0.2726,26845
0,0.2726,27319
0,0.2726,27702
0,0.2726,34063
0,0.2726,36146
0,0.2726,38271
0,0.2726,38688
0,0.2726,53719
0,0.2726,58157
0,0.2726,103964
0,0.2726,104359
0,0.2726,114510
0,0.2726,127658
0,0.2726,134660
0,0.2726,156395
0,0.2726,423539
0,0.2726,518580
0,0.2726,520932
0,0.2726,521108
0,0.2726,523591
0,0.2726,544258
0,0.2726,801985
0,0.2726,803132
0,0.2726,914259
0,0.2727,10133
0,0.2727,10254
0,0.2727,10530
0,0.2727,11501
0,0.2727,11721
0,0.2727,12354
0,0.2727,12756
0,0.2727,13431
0,0.2727,13596
0,0.2727,14021
0,0.2727,17225
0,0.2727,20581
0,0.2727,23204
0,0.2727,38549
0,0.2727,41891
0,0.2727,58009
0,0.2727,58637
0,0.2727,99589
0,0.2727,100237
0,0.2727,103964
0,0.2727,114364
0,0.2727,115267
0,0.2727,192978
0,0.2727,267437
0,0.2727,509223
0,0.2727,523828
0,0.2727,801611
0,0.2728,10169
0,0.2728,10305
0,0.2728,10322
0,0.2728,10376
0,0.2728,10808
0,0.2728,11289
0,0.2728,11379
0,0.2728,11390
0,0.2728,11594
0,0.2728,11620
0,0.2728,11959
0,0.2728,12603
0,0.2728,13386
0,0.2728,18726
0,0.2728,19108
0,0.2728,19768
0,0.2728,21876
0,0.2728,22276
0,0.2728,28525
0,0.2728,30613
0,0.2728,39592
0,0.2728,66970
0,0.2728,79631
0,0.2728,110438
0,0.2728,116827
0,0.2728,381503
0,0.2728,520759
0,0.2728,524082
0,0.2728,537613
0,0.2728,545288
0,0.2728,804596
0,0.2729,11292
0,0.2729,11546
0,0.2729,11788
0,0.2729,11828
0,0.2729,12023
0,0.2729,13153
0,0.2729,14343
0,0.2729,15647
0,0.2729,16648
0,0.2729,18044
0,0.2729,22166
0,0.2729,26532
0,0.2729,28899
0,0.2729,31376
0,0.2729,31925
0,0.2729,53144
0,0.2729,55374
0,0.2729,63883
0,0.2729,76894
0,0.2729,117878
0,0.2729,515161
0,0.2729,519616
0,0.2729,524207
0,0.2729,545288
0,0.2729,800117
0,0.2729,801280
0,0.2729,805154
0,0.2730,11469
0,0.2730,11992
0,0.2730,14243
0,0.2730,17350
0,0.2730,20001
0,0.2730,23496
0,0.2730,25927
0,0.2730,26168
0,0.2730,28406
0,0.2730,35420
0,0.2730,53089
0,0.2730,63441
0,0.2730,66047
0,0.2730,67721
0,0.2730,121759
0,0.2730,516162
0,0.2730,516433
0,0.2730,517458
0,0.2730,800480
0,0.2731,10423
0,0.2731,10515
0,0.2731,10569
0,0.2731,11402
0,0.2731,11993
0,0.2731,12471
0,0.2731,12890
0,0.2731,13259
0,0.2731,15507
0,0.2731,16013
0,0.2731,22695
0,0.2731,28509
0,0.2731,29861
0,0.2731,30992
0,0.2731,57502
0,0.2731,60017
0,0.2731,60532
0,0.2731,69639
0,0.2731,121759
0,0.2731,143895
0,0.2731,514291
0,0.2731,525958
0,0.2731,533849
0,0.2731,803420
0,0.2731,830514
0,0.2731,914363
0,0.2732,10408
0,0.2732,10472
0,0.2732,10540
0,0.2732,10593
0,0.2732,11355
0,0.2732,11521
0,0.2732,12367
0,0.2732,14962
0,0.2732,16508
0,0.2732,19873
0,0.2732,21822
0,0.2732,25439
0,0.2732,38538
0,0.2732,56207
0,0.2732,116289
0,0.2732,515371
0,0.2732,519572
0,0.2732,521158
0,0.2732,551294
0,0.2732,800041
0,0.2732,800898
0,0.2732,802433
0,0.2732,904101
0,0.2733,10285
0,0.2733,10867
0,0.2733,11703
0,0.2733,13013
0,0.2733,29764
0,0.2733,59950
0,0.2733,63645
0,0.2733,72019
0,0.2733,76109
0,0.2733,95581
0,0.2733,108324
0,0.2733,139742
0,0.2733,514426
0,0.2733,519585
0,0.2733,536845
0,0.2733,800088
0,0.2733,908181
0,0.2734,10101
0,0.2734,10767
0,0.2734,10977
0,0.2734,11783
0,0.2734,11870
0,0.2734,18249
0,0.2734,35182
0,0.2734,43861
0,0.2734,53326
0,0.2734,56288
0,0.2734,67398
0,0.2734,75774
0,0.2734,84445
0,0.2734,92337
0,0.2734,113866
0,0.2734,149430
0,0.2734,260257
0,0.2734,513911
0,0.2734,808740
0,0.2734,926518
0,0.2735,10096
0,0.2735,11523
0,0.2735,11914
0,0.2735,12509
0,0.2735,12717
0,0.2735,13483
0,0.2735,14332
0,0.2735,18016
0,0.2735,18453
0,0.2735,27319
0,0.2735,39880
0,0.2735,39922
0,0.2735,41345
0,0.2735,43312
0,0.2735,57179
0,0.2735,57542
0,0.2735,63097
0,0.2735,63927
0,0.2735,72871
0,0.2735,102475
0,0.2735,580637
0,0.2736,10201
0,0.2736,10459
0,0.2736,10929
0,0.2736,11525
0,0.2736,11847
0,0.2736,11996
0,0.2736,20287
0,0.2736,20620
0,0.2736,20707
0,0.2736,23132
0,0.2736,24407
0,0.2736,31291
0,0.2736,51865
0,0.2736,67864
0,0.2736,68686
0,0.2736,69650
0,0.2736,87697
0,0.2736,102716
0,0.2736,111345
0,0.2736,167235
0,0.2736,260257
0,0.2736,521157
0,0.2736,521581
0,0.2736,522891
0,0.2736,532768
0,0.2736,801949
0,0.2736,917516
0,0.2737,11900
0,0.2737,12163
0,0.2737,12309
0,0.2737,13666
0,0.2737,15244
0,0.2737,16141
0,0.2737,16993
0,0.2737,17722
0,0.2737,23970
0,0.2737,27775
0,0.2737,38204
0,0.2737,48739
0,0.2737,50775
0,0.2737,59618
0,0.2737,73492
0,0.2737,76894
0,0.2737,555967
0,0.2737,803480
0,0.2737,804989
0,0.2738,10065
0,0.2738,10629
0,0.2738,11050
0,0.2738,11435
0,0.2738,11556
0,0.2738,12109
0,0.2738,13024
0,0.2738,13303
0,0.2738,16426
0,0.2738,17484
0,0.2738,22787
0,0.2738,22917
0,0.2738,28640
0,0.2738,29231
0,0.2738,34725
0,0.2738,36026
0,0.2738,39054
0,0.2738,40685
0,0.2738,40838
0,0.2738,42240
0,0.2738,68887
0,0.2738,133908
0,0.2738,136213
0,0.2738,144897
0,0.2739,10237
0,0.2739,10973
0,0.2739,11345
0,0.2739,13479
0,0.2739,17107
0,0.2739,18179
0,0.2739,20397
0,0.2739,20867
0,0.2739,25951
0,0.2739,34627
0,0.2739,36149
0,0.2739,43216
0,0.2739,48530
0,0.2739,104131
0,0.2739,155659
0,0.2739,177010
0,0.2739,515554
0,0.2739,520002
0,0.2739,524797
0,0.2739,800162
0,0.2739,932811
0,0.2740,10650
0,0.2740,11058
0,0.2740,13172
0,0.2740,19828
0,0.2740,21756
0,0.2740,22494
0,0.2740,32321
0,0.2740,38998
0,0.2740,40664
0,0.2740,68501
0,0.2740,95255
0,0.2740,104723
0,0.2740,130279
0,0.2740,146502
0,0.2740,513343
0,0.2740,514337
0,0.2741,10522
0,0.2741,10678
0,0.2741,10756
0,0.2741,11467
0,0.2741,13283
0,0.2741,13375
0,0.2741,16042
0,0.2741,16124
0,0.2741,16207
0,0.2741,17566
0,0.2741,19618
0,0.2741,21362
0,0.2741,21851
0,0.2741,24067
0,0.2741,36258
0,0.2741,37336
0,0.2741,44846
0,0.2741,53863
0,0.2741,64457
0,0.2741,72102
0,0.2741,72945
0,0.2741,106885
0,0.2741,126345
0,0.2741,247232
0,0.2741,526125
0,0.2741,801189
0,0.2742,11829
0,0.2742,19921
0,0.2742,28622
0,0.2742,32354
0,0.2742,33405
0,0.2742,37177
0,0.2742,53050
0,0.2742,54440
0,0.2742,80123
0,0.2742,82482
0,0.2742,105437
0,0.2742,167297
0,0.2742,801006
0,0.2742,805425
0,0.2743,10806
0,0.2743,10996
0,0.2743,11624
0,0.2743,11744
0,0.2743,20141
0,0.2743,21637
0,0.2743,38043
0,0.2743,38262
0,0.2743,42311
0,0.2743,47633
0,0.2743,50178
0,0.2743,52616
0,0.2743,802097
0,0.2744,10126
0,0.2744,11105
0,0.2744,11400
0,0.2744,11478
0,0.2744,12561
0,0.2744,13390
0,0.2744,13761
0,0.2744,16083
0,0.2744,19433
0,0.2744,20200
0,0.2744,20910
0,0.2744,24396
0,0.2744,29750
0,0.2744,29851
0,0.2744,75987
0,0.2744,87245
0,0.2744,516097
0,0.2744,517804
0,0.2744,521575
0,0.2744,525105
0,0.2744,805137
0,0.2745,10109
0,0.2745,10262
0,0.2745,10613
0,0.2745,10670
0,0.2745,10905
0,0.2745,12351
0,0.2745,12387
0,0.2745,12958
0,0.2745,13194
0,0.2745,14897
0,0.2745,16167
0,0.2745,16188
0,0.2745,19845
0,0.2745,20445
0,0.2745,21267
0,0.2745,23854
0,0.2745,24804
0,0.2745,37622
0,0.2745,42373
0,0.2745,42549
0,0.2745,58586
0,0.2745,107105
0,0.2745,111985
0,0.2745,161534
0,0.2745,457812
0,0.2745,514696
0,0.2745,521437
0,0.2745,555312
0,0.2745,556574
0,0.2745,564824
0,0.2745,911658
0,0.2745,118750563
0,0.2746,10039
0,0.2746,10524
0,0.2746,11725
0,0.2746,11736
0,0.2746,12312
0,0.2746,13550
0,0.2746,14661
0,0.2746,17705
0,0.2746,18484
0,0.2746,23401
0,0.2746,39569
0,0.2746,40559
0,0.2746,41551
0,0.2746,59035
0,0.2746,64440
0,0.2746,209929
0,0.2746,515069
0,0.2746,521935
0,0.2746,524238
0,0.2746,532655
0,0.2746,579253
0,0.2746,803215
0,0.2747,10026
0,0.2747,11099
0,0.2747,12050
0,0.2747,12338
0,0.2747,13358
0,0.2747,13571
0,0.2747,16136
0,0.2747,17325
0,0.2747,19467
0,0.2747,32958
0,0.2747,44781
0,0.2747,50256
0,0.2747,57152
0,0.2747,58623
0,0.2747,71039
0,0.2747,88490
0,0.2747,91582
0,0.2747,99721
0,0.2747,514318
0,0.2747,518020
0,0.2747,555966
0,0.2747,800928
0,0.2748,11991
0,0.2748,12654
0,0.2748,13095
0,0.2748,13821
0,0.2748,14019
0,0.2748,14427
0,0.2748,18049
0,0.2748,19767
0,0.2748,21099
0,0.2748,21584
0,0.2748,33296
0,0.2748,33542
0,0.2748,38022
0,0.2748,38075
0,0.2748,38821
0,0.2748,51603
0,0.2748,56315
0,0.2748,63336
0,0.2748,68692
0,0.2748,75409
0,0.2748,123894
0,0.2748,509223
0,0.2748,522828
0,0.2748,800606
0,0.2749,10118
0,0.2749,10604
0,0.2749,11215
0,0.2749,12241
0,0.2749,14895
0,0.2749,15970
0,0.2749,25087
0,0.2749,35196
0,0.2749,38113
0,0.2749,53267
0,0.2749,63100
0,0.2749,82571
0,0.2749,99108
0,0.2749,137731
0,0.2749,515070
0,0.2749,519242
0,0.2749,520466
0,0.2749,541683
0,0.2749,801246
0,0.2750,10473
0,0.2750,11583
0,0.2750,12994
0,0.2750,13940
0,0.2750,16774
0,0.2750,58408
0,0.2750,63944
0,0.2750,85147
0,0.2750,108324
0,0.2750,109271
0,0.2750,159782
0,0.2750,436612
0,0.2750,521438
0,0.2750,801736
0,0.2750,803195
0,0.2751,10470
0,0.2751,10653
0,0.2751,11030
0,0.2751,11722
0,0.2751,11930
0,0.2751,12320
0,0.2751,12782
0,0.2751,12896
0,0.2751,13944
0,0.2751,18165
0,0.2751,41801
0,0.2751,42074
0,0.2751,43036
0,0.2751,64457
0,0.2751,514053
0,0.2751,519589
0,0.2751,545375
0,0.2751,800504
0,0.2751,809744
0,0.2752,11229
0,0.2752,11244
0,0.2752,11281
0,0.2752,12837
0,0.2752,12929
0,0.2752,14202
0,0.2752,14510
0,0.2752,17800
0,0.2752,18695
0,0.2752,20960
0,0.2752,24626
0,0.2752,28293
0,0.2752,36351
0,0.2752,42307
0,0.2752,44472
0,0.2752,53813
0,0.2752,53918
0,0.2752,54958
0,0.2752,71961
0,0.2752,76444
0,0.2752,95371
0,0.2752,514424
0,0.2752,518717
0,0.2753,10561
0,0.2753,10736
0,0.2753,10942
0,0.2753,11342
0,0.2753,11603
0,0.2753,11922
0,0.2753,12012
0,0.2753,12111
0,0.2753,12121
0,0.2753,12711
0,0.2753,12977
0,0.2753,13621
0,0.2753,13804
0,0.2753,14607
0,0.2753,14925
0,0.2753,16724
0,0.2753,18730
0,0.2753,22417
0,0.2753,32656
0,0.2753,32771
0,0.2753,32835
0,0.2753,34247
0,0.2753,34907
0,0.2753,40001
0,0.2753,40435
0,0.2753,57675
0,0.2753,513803
0,0.2753,530777
0,0.2753,800236
0,0.2753,832490
0,0.2754,10208
0,0.2754,10800
0,0.2754,11294
0,0.2754,12171
0,0.2754,13128
0,0.2754,20402
0,0.2754,21132
0,0.2754,26223
0,0.2754,26922
0,0.2754,27379
0,0.2754,29217
0,0.2754,32666
0,0.2754,44667
0,0.2754,52570
0,0.2754,54749
0,0.2754,62771
0,0.2754,63930
0,0.2754,76504
0,0.2754,87958
0,0.2754,93352
0,0.2754,124962
0,0.2754,140278
0,0.2754,210889
0,0.2754,524152
0,0.2754,545288
0,0.2754,548589
0,0.2755,10134
0,0.2755,10359
0,0.2755,10429
0,0.2755,10704
0,0.2755,11135
0,0.2755,14139
0,0.2755,14802
0,0.2755,20503
0,0.2755,23477
0,0.2755,24828
0,0.2755,27614
0,0.2755,47901
0,0.2755,55111
0,0.2755,73305
0,0.2755,143504
0,0.2755,555318
0,0.2755,803160
0,0.2756,10205
0,0.2756,10294
0,0.2756,10321
0,0.2756,12259
0,0.2756,16610
0,0.2756,19290
0,0.2756,20647
0,0.2756,36839
0,0.2756,38670
0,0.2756,43847
0,0.2756,47515
0,0.2756,48178
0,0.2756,54307
0,0.2756,62648
0,0.2756,66389
0,0.2756,102133
0,0.2757,10463
0,0.2757,11210
0,0.2757,11634
0,0.2757,14161
0,0.2757,14339
0,0.2757,15209
0,0.2757,18884
0,0.2757,19953
0,0.2757,24979
0,0.2757,31397
0,0.2757,39909
0,0.2757,54382
0,0.2757,521479
0,0.2757,523351
0,0.2757,532800
0,0.2757,556286
0,0.2757,804596
0,0.2757,809085
0,0.2758,10209
0,0.2758,10397
0,0.2758,10461
0,0.2758,11564
0,0.2758,13767
0,0.2758,14666
0,0.2758,14821
0,0.2758,16274
0,0.2758,21567
0,0.2758,26387
0,0.2758,36291
0,0.2758,41889
0,0.2758,51032
0,0.2758,63046
0,0.2758,80951
0,0.2758,159400
0,0.2758,519865
0,0.2758,520787
0,0.2758,520916
0,0.2758,529429
0,0.2758,918582
0,0.2759,10176
0,0.2759,10456
0,0.2759,12160
0,0.2759,14985
0,0.2759,17650
0,0.2759,18203
0,0.2759,22040
0,0.2759,25338
0,0.2759,31775
0,0.2759,49225
0,0.2759,53456
0,0.2759,56070
0,0.2759,63394
0,0.2759,99080
0,0.2759,142053
0,0.2759,509223
0,0.2759,519132
0,0.2759,524208
0,0.2759,526801
0,0.2759,527410
0,0.2759,802751
0,0.2760,10123
0,0.2760,10133
0,0.2760,10140
0,0.2760,10254
0,0.2760,11262
0,0.2760,11399
0,0.2760,11531
0,0.2760,12460
0,0.2760,22671
0,0.2760,32752
0,0.2760,33646
0,0.2760,58433
0,0.2760,64003
0,0.2760,73560
0,0.2760,195727
0,0.2760,517330
0,0.2760,518153
0,0.2760,521011
0,0.2760,543264
0,0.2761,10084
0,0.2761,10376
0,0.2761,11837
0,0.2761,12061
0,0.2761,13981
0,0.2761,19267
0,0.2761,20459
0,0.2761,24713
0,0.2761,26602
0,0.2761,29176
0,0.2761,32482
0,0.2761,33605
0,0.2761,56900
0,0.2761,62429
0,0.2761,109145
0,0.2761,513230
0,0.2761,514009
0,0.2761,515155
0,0.2761,555319
0,0.2761,580417
0,0.2761,810889
0,0.2762,10169
0,0.2762,10515
0,0.2762,10904
0,0.2762,11471
0,0.2762,11501
0,0.2762,11975
0,0.2762,13450
0,0.2762,27416
0,0.2762,87245
0,0.2762,195727
0,0.2762,524164
0,0.2762,527577
0,0.2762,538094
0,0.2762,563873
0,0.2763,10074
0,0.2763,10263
0,0.2763,11092
0,0.2763,11292
0,0.2763,11359
0,0.2763,11956
0,0.2763,12152
0,0.2763,12162
0,0.2763,13716
0,0.2763,18634
0,0.2763,20105
0,0.2763,29590
0,0.2763,30421
0,0.2763,39257
0,0.2763,42495
0,0.2763,48521
0,0.2763,94994
0,0.2763,103338
0,0.2763,110998
0,0.2763,124404
0,0.2763,148909
0,0.2763,267437
0,0.2763,523591
0,0.2763,523941
0,0.2763,534777
0,0.2764,10632
0,0.2764,11082
0,0.2764,11141
0,0.2764,11546
0,0.2764,12965
0,0.2764,13470
0,0.2764,13684
0,0.2764,17569
0,0.2764,17614
0,0.2764,20581
0,0.2764,29272
0,0.2764,36584
0,0.2764,45980
0,0.2764,93314
0,0.2764,138447
0,0.2764,545247
0,0.2765,10302
0,0.2765,11211
0,0.2765,11289
0,0.2765,11620
0,0.2765,11828
0,0.2765,12354
0,0.2765,12541
0,0.2765,12606
0,0.2765,13116
0,0.2765,14386
0,0.2765,14530
0,0.2765,16513
0,0.2765,17027
0,0.2765,18726
0,0.2765,22166
0,0.2765,22243
0,0.2765,22705
0,0.2765,44995
0,0.2765,47748
0,0.2765,48477
0,0.2765,62913
0,0.2765,77609
0,0.2765,88538
0,0.2765,516322
0,0.2765,527470
0,0.2765,535926
0,0.2765,542560
0,0.2765,801137
0,0.2766,10881
0,0.2766,11379
0,0.2766,11952
0,0.2766,11993
0,0.2766,15353
0,0.2766,17817
0,0.2766,24352
0,0.2766,28680
0,0.2766,33165
0,0.2766,34248
0,0.2766,37596
0,0.2766,37961
0,0.2766,41302
0,0.2766,58359
0,0.2766,96557
0,0.2766,118532
0,0.2766,519970
0,0.2766,520393
0,0.2766,533469
0,0.2767,10390
0,0.2767,10518
0,0.2767,11514
0,0.2767,11992
0,0.2767,13315
0,0.2767,13431
0,0.2767,13582
0,0.2767,15506
0,0.2767,15729
0,0.2767,16651
0,0.2767,17014
0,0.2767,18994
0,0.2767,20688
0,0.2767,22276
0,0.2767,28406
0,0.2767,31345
0,0.2767,37147
0,0.2767,37951
0,0.2767,53326
0,0.2767,72672
0,0.2767,173968
0,0.2767,192978
0,0.2767,512234
0,0.2767,512796
0,0.2767,811544
0,0.2768,10305
0,0.2768,10540
0,0.2768,11477
0,0.2768,11594
0,0.2768,14667
0,0.2768,15183
0,0.2768,29250
0,0.2768,29350
0,0.2768,32656
0,0.2768,32890
0,0.2768,72945
0,0.2768,99882
0,0.2768,513945
0,0.2768,564174
0,0.2769,10863
0,0.2769,10929
0,0.2769,11409
0,0.2769,13225
0,0.2769,24502
0,0.2769,27774
0,0.2769,49570
0,0.2769,65179
0,0.2769,68031
0,0.2769,68614
0,0.2769,84445
0,0.2769,514688
0,0.2769,524741
0,0.2769,909181
0,0.2770,10005
0,0.2770,10201
0,0.2770,11783
0,0.2770,11870
0,0.2770,20197
0,0.2770,21335
0,0.2770,26860
0,0.2770,31117
0,0.2770,31348
0,0.2770,33672
0,0.2770,49038
0,0.2770,51750
0,0.2770,54860
0,0.2770,63826
0,0.2770,92687
0,0.2770,148337
0,0.2770,532967
0,0.2770,543774
0,0.2770,545288
0,0.2770,800845
0,0.2770,814625
0,0.2771,10891
0,0.2771,11523
0,0.2771,12778
0,0.2771,13428
0,0.2771,13886
0,0.2771,14158
0,0.2771,14874
0,0.2771,15753
0,0.2771,18075
0,0.2771,18824
0,0.2771,18875
0,0.2771,26485
0,0.2771,38805
0,0.2771,40444
0,0.2771,53050
0,0.2771,80951
0,0.2771,114223
0,0.2771,262865
0,0.2771,520002
0,0.2771,522891
0,0.2771,527524
0,0.2772,10096
0,0.2772,10459
0,0.2772,11402
0,0.2772,11517
0,0.2772,11914
0,0.2772,15517
0,0.2772,16437
0,0.2772,19717
0,0.2772,46096
0,0.2772,50929
0,0.2772,57896
0,0.2772,77631
0,0.2772,79777
0,0.2772,126446
0,0.2772,517458
0,0.2772,521158
0,0.2773,10147
0,0.2773,10423
0,0.2773,10569
0,0.2773,10650
0,0.2773,10716
0,0.2773,14430
0,0.2773,15237
0,0.2773,18416
0,0.2773,21798
0,0.2773,21889
0,0.2773,26239
0,0.2773,28380
0,0.2773,28588
0,0.2773,35731
0,0.2773,51479
0,0.2773,58496
0,0.2773,62367
0,0.2773,121384
0,0.2773,167190
0,0.2773,520618
0,0.2773,530791
0,0.2773,545066
0,0.2773,800206
0,0.2774,11788
0,0.2774,13556
0,0.2774,14243
0,0.2774,18016
0,0.2774,24969
0,0.2774,27315
0,0.2774,28525
0,0.2774,28803
0,0.2774,28899
0,0.2774,29604
0,0.2774,35927
0,0.2774,36333
0,0.2774,51999
0,0.2774,153948
0,0.2774,167190
0,0.2774,175745
0,0.2774,515440
0,0.2774,518919
0,0.2774,531583
0,0.2774,551294
0,0.2774,801252
0,0.2774,801936
0,0.2774,915497
0,0.2775,10111
0,0.2775,10486
0,0.2775,11521
0,0.2775,12164
0,0.2775,12705
0,0.2775,23743
0,0.2775,29632
0,0.2775,31196
0,0.2775,32439
0,0.2775,37732
0,0.2775,37955
0,0.2775,45416
0,0.2775,50278
0,0.2775,54144
0,0.2775,57331
0,0.2775,107071
0,0.2775,111512
0,0.2775,135739
0,0.2775,145016
0,0.2775,519692
0,0.2775,532662
0,0.2775,537100
0,0.2775,904587
0,0.2776,10332
0,0.2776,10408
0,0.2776,11608
0,0.2776,11761
0,0.2776,12671
0,0.2776,14437
0,0.2776,15164
0,0.2776,15662
0,0.2776,16422
0,0.2776,18988
0,0.2776,19579
0,0.2776,32250
0,0.2776,34301
0,0.2776,39802
0,0.2776,46888
0,0.2776,47019
0,0.2776,53472
0,0.2776,55850
0,0.2776,63944
0,0.2776,183161
0,0.2776,221876
0,0.2776,805313
0,0.2777,10943
0,0.2777,10977
0,0.2777,11345
0,0.2777,12717
0,0.2777,12728
0,0.2777,13221
0,0.2777,13356
0,0.2777,13359
0,0.2777,13610
0,0.2777,14343
0,0.2777,18332
0,0.2777,18334
0,0.2777,18637
0,0.2777,26102
0,0.2777,28584
0,0.2777,32035
0,0.2777,32656
0,0.2777,43230
0,0.2777,46596
0,0.2777,48614
0,0.2777,58053
0,0.2777,71907
0,0.2777,97457
0,0.2777,142998
0,0.2777,513846
0,0.2777,514764
0,0.2777,520119
0,0.2777,532766
0,0.2777,532800
0,0.2777,544361
0,0.2777,800917
0,0.2778,11744
0,0.2778,11789
0,0.2778,12787
0,0.2778,12934
0,0.2778,16648
0,0.2778,18305
0,0.2778,20620
0,0.2778,22717
0,0.2778,27274
0,0.2778,28016
0,0.2778,29806
0,0.2778,30806
0,0.2778,99540
0,0.2778,99925
0,0.2778,227465
0,0.2778,519869
0,0.2778,531985
0,0.2778,542355
0,0.2779,10905
0,0.2779,11080
0,0.2779,11143
0,0.2779,11341
0,0.2779,11400
0,0.2779,11478
0,0.2779,12425
0,0.2779,14292
0,0.2779,14514
0,0.2779,15005
0,0.2779,16460
0,0.2779,19873
0,0.2779,20123
0,0.2779,31206
0,0.2779,35435
0,0.2779,38954
0,0.2779,41840
0,0.2779,50199
0,0.2779,51539
0,0.2779,52583
0,0.2779,54741
0,0.2779,65448
0,0.2779,70248
0,0.2779,158604
0,0.2779,514598
0,0.2779,524238
0,0.2779,524472
0,0.2780,10141
0,0.2780,10522
0,0.2780,10530
0,0.2780,11725
0,0.2780,11736
0,0.2780,11817
0,0.2780,17325
0,0.2780,20059
0,0.2780,23854
0,0.2780,31100
0,0.2780,33047
0,0.2780,33699
0,0.2780,35196
0,0.2780,45016
0,0.2780,45663
0,0.2780,46670
0,0.2780,67398
0,0.2780,68997
0,0.2780,118965
0,0.2780,247232
0,0.2780,529031
0,0.2780,529665
0,0.2780,539787
0,0.2780,803378
0,0.2780,808740
0,0.2781,10049
0,0.2781,10065
0,0.2781,10378
0,0.2781,11050
0,0.2781,11390
0,0.2781,11991
0,0.2781,12702
0,0.2781,13334
0,0.2781,16434
0,0.2781,19333
0,0.2781,19921
0,0.2781,20132
0,0.2781,21692
0,0.2781,22105
0,0.2781,23401
0,0.2781,36725
0,0.2781,36844
0,0.2781,37432
0,0.2781,44634
0,0.2781,49307
0,0.2781,100914
0,0.2781,116162
0,0.2781,123104
0,0.2781,127130
0,0.2781,521935
0,0.2781,527351
0,0.2781,527430
0,0.2781,532655
0,0.2781,800434
0,0.2782,10377
0,0.2782,10827
0,0.2782,11099
0,0.2782,12057
0,0.2782,12338
0,0.2782,12571
0,0.2782,14391
0,0.2782,14573
0,0.2782,17570
0,0.2782,26766
0,0.2782,34717
0,0.2782,38916
0,0.2782,42221
0,0.2782,43354
0,0.2782,43882
0,0.2782,45678
0,0.2782,46960
0,0.2782,75987
0,0.2782,79979
0,0.2782,82582
0,0.2782,86553
0,0.2782,128237
0,0.2782,140182
0,0.2782,156863
0,0.2782,517164
0,0.2782,519041
0,0.2782,522812
0,0.2782,800190
0,0.2782,801548
0,0.2782,803412
0,0.2783,11556
0,0.2783,13936
0,0.2783,17076
0,0.2783,18084
0,0.2783,22323
0,0.2783,22852
0,0.2783,23732
0,0.2783,51281
0,0.2783,52771
0,0.2783,74992
0,0.2783,231558
0,0.2783,517351
0,0.2783,523828
0,0.2783,802864
0,0.2783,806606
0,0.2784,10877
0,0.2784,13384
0,0.2784,15125
0,0.2784,15992
0,0.2784,23339
0,0.2784,26497
0,0.2784,31331
0,0.2784,36062
0,0.2784,38510
0,0.2784,45451
0,0.2784,53320
0,0.2784,65486
0,0.2784,68086
0,0.2784,87802
0,0.2784,114513
0,0.2784,515157
0,0.2784,517359
0,0.2784,532768
0,0.2785,15507
0,0.2785,16601
0,0.2785,16781
0,0.2785,19767
0,0.2785,21600
0,0.2785,27931
0,0.2785,28899
0,0.2785,43179
0,0.2785,53108
0,0.2785,53326
0,0.2785,55990
0,0.2785,79193
0,0.2785,104232
0,0.2785,108324
0,0.2785,123585
0,0.2785,124807
0,0.2785,130279
0,0.2785,153391
0,0.2785,524990
0,0.2785,903090
0,0.2786,10611
0,0.2786,11244
0,0.2786,11281
0,0.2786,13423
0,0.2786,16107
0,0.2786,18536
0,0.2786,19143
0,0.2786,31172
0,0.2786,31802
0,0.2786,34247
0,0.2786,45286
0,0.2786,47932
0,0.2786,66261
0,0.2786,122240
0,0.2786,518294
0,0.2786,519850
0,0.2786,801404
0,0.2786,808740
0,0.2787,10074
0,0.2787,10118
0,0.2787,10126
0,0.2787,10482
0,0.2787,10942
0,0.2787,11722
0,0.2787,12111
0,0.2787,12332
0,0.2787,14066
0,0.2787,16433
0,0.2787,18937
0,0.2787,22026
0,0.2787,41869
0,0.2787,46511
0,0.2787,94617
0,0.2787,111655
0,0.2787,111874
0,0.2787,128686
0,0.2787,809744
0,0.2788,10473
0,0.2788,10524
0,0.2788,11922
0,0.2788,13018
0,0.2788,13153
0,0.2788,14360
0,0.2788,16281
0,0.2788,19949
0,0.2788,23477
0,0.2788,23517
0,0.2788,30105
0,0.2788,31320
0,0.2788,32617
0,0.2788,33248
0,0.2788,33987
0,0.2788,36207
0,0.2788,46693
0,0.2788,51537
0,0.2788,52794
0,0.2788,59950
0,0.2788,64457
0,0.2788,67468
0,0.2788,81925
0,0.2788,87276
0,0.2788,97536
0,0.2788,100885
0,0.2788,185726
0,0.2788,513175
0,0.2788,520003
0,0.2788,521439
0,0.2788,530777
0,0.2788,535279
0,0.2788,555318
0,0.2788,821509
0,0.2789,10463
0,0.2789,10835
0,0.2789,11342
0,0.2789,12511
0,0.2789,12653
0,0.2789,14750
0,0.2789,18854
0,0.2789,22908
0,0.2789,43785
0,0.2789,43988
0,0.2789,52641
0,0.2789,55306
0,0.2789,73491
0,0.2789,76958
0,0.2789,109275
0,0.2789,147169
0,0.2789,520939
0,0.2789,523060
0,0.2790,10039
0,0.2790,10198
0,0.2790,10262
0,0.2790,10342
0,0.2790,10347
0,0.2790,10356
0,0.2790,10397
0,0.2790,11603
0,0.2790,13027
0,0.2790,17540
0,0.2790,19665
0,0.2790,26711
0,0.2790,27073
0,0.2790,35155
0,0.2790,36443
0,0.2790,49961
0,0.2790,58972
0,0.2790,70271
0,0.2790,87308
0,0.2790,141659
0,0.2790,163371
0,0.2790,512745
0,0.2790,515158
0,0.2790,520787
0,0.2791,10140
0,0.2791,10254
0,0.2791,10456
0,0.2791,10472
0,0.2791,12994
0,0.2791,13237
0,0.2791,13550
0,0.2791,21397
0,0.2791,69854
0,0.2791,95835
0,0.2791,251420
0,0.2791,542754
0,0.2792,10470
0,0.2792,10736
0,0.2792,10767
0,0.2792,10786
0,0.2792,10808
0,0.2792,10906
0,0.2792,14089
0,0.2792,14319
0,0.2792,18165
0,0.2792,23241
0,0.2792,26071
0,0.2792,26263
0,0.2792,28607
0,0.2792,35121
0,0.2792,38068
0,0.2792,40838
0,0.2792,55927
0,0.2792,85617
0,0.2792,95249
0,0.2792,339719
0,0.2792,521189
0,0.2792,529429
0,0.2792,805313
0,0.2793,10564
0,0.2793,12037
0,0.2793,12320
0,0.2793,16862
0,0.2793,23012
0,0.2793,24841
0,0.2793,39491
0,0.2793,41174
0,0.2793,43616
0,0.2793,68379
0,0.2793,75344
0,0.2793,79945
0,0.2793,137605
0,0.2793,514425
0,0.2793,516513
0,0.2793,801828
0,0.2794,11112
0,0.2794,12371
0,0.2794,12667
0,0.2794,12977
0,0.2794,13230
0,0.2794,13821
0,0.2794,14685
0,0.2794,15905
0,0.2794,17107
0,0.2794,28855
0,0.2794,33919
0,0.2794,35330
0,0.2794,48231
0,0.2794,57401
0,0.2794,57932
0,0.2794,63981
0,0.2794,77790
0,0.2794,515266
0,0.2794,523591
0,0.2794,544258
0,0.2795,10134
0,0.2795,10169
0,0.2795,10376
0,0.2795,11294
0,0.2795,11606
0,0.2795,11930
0,0.2795,13666
0,0.2795,13972
0,0.2795,15547
0,0.2795,16005
0,0.2795,16416
0,0.2795,20001
0,0.2795,31119
0,0.2795,46617
0,0.2795,116012
0,0.2795,145016
0,0.2795,319274
0,0.2795,515096
0,0.2796,10515
0,0.2796,10629
0,0.2796,10756
0,0.2796,11262
0,0.2796,11501
0,0.2796,11583
0,0.2796,12929
0,0.2796,16276
0,0.2796,16526
0,0.2796,18730
0,0.2796,19845
0,0.2796,20598
0,0.2796,32815
0,0.2796,46954
0,0.2796,48452
0,0.2796,80051
0,0.2796,88903
0,0.2796,147169
0,0.2796,520007
0,0.2797,10313
0,0.2797,10321
0,0.2797,10996
0,0.2797,11531
0,0.2797,11749
0,0.2797,14161
0,0.2797,19828
0,0.2797,21567
0,0.2797,22224
0,0.2797,24828
0,0.2797,27151
0,0.2797,34475
0,0.2797,38538
0,0.2797,49255
0,0.2797,54383
0,0.2797,58738
0,0.2797,124599
0,0.2797,151217
0,0.2797,163811
0,0.2797,165180
0,0.2797,512931
0,0.2797,519242
0,0.2797,532804
0,0.2797,580814
0,0.2798,11229
0,0.2798,11292
0,0.2798,11546
0,0.2798,13621
0,0.2798,14419
0,0.2798,21860
0,0.2798,39943
0,0.2798,53812
0,0.2798,64795
0,0.2798,129758
0,0.2798,195727
0,0.2798,526634
0,0.2798,545848
0,0.2798,806606
0,0.2799,10084
0,0.2799,10133
0,0.2799,11289
0,0.2799,11620
0,0.2799,11828
0,0.2799,13435
0,0.2799,14665
0,0.2799,15276
0,0.2799,17052
0,0.2799,18049
0,0.2799,19746
0,0.2799,22243
0,0.2799,22977
0,0.2799,26419
0,0.2799,35062
0,0.2799,40966
0,0.2799,49754
0,0.2799,54445
0,0.2799,56072
0,0.2799,114594
0,0.2799,141834
0,0.2799,513746
0,0.2799,524208
0,0.2799,531708
0,0.2799,533589
0,0.2799,555969
0,0.2799,809322
0,0.2800,10402
0,0.2800,10632
0,0.2800,11504
0,0.2800,11837
0,0.2800,20287
0,0.2800,20402
0,0.2800,20581
0,0.2800,22166
0,0.2800,26551
0,0.2800,48131
0,0.2800,49777
0,0.2800,52235
0,0.2800,529519
0,0.2800,800304
0,0.2801,10209
0,0.2801,10429
0,0.2801,10561
0,0.2801,11323
0,0.2801,11379
0,0.2801,11975
0,0.2801,12241
0,0.2801,13194
0,0.2801,13232
0,0.2801,16188
0,0.2801,18726
0,0.2801,19234
0,0.2801,21267
0,0.2801,23076
0,0.2801,23200
0,0.2801,25786
0,0.2801,26845
0,0.2801,27614
0,0.2801,28406
0,0.2801,53507
0,0.2801,59329
0,0.2801,59733
0,0.2801,65986
0,0.2801,91582
0,0.2801,105426
0,0.2801,516097
0,0.2801,918582
0,0.2802,11992
0,0.2802,22833
0,0.2802,25166
0,0.2802,35634
0,0.2802,48530
0,0.2802,52773
0,0.2802,76894
0,0.2802,267437
0,0.2802,516780
0,0.2802,518567
0,0.2802,521292
0,0.2802,521437
0,0.2802,524777
0,0.2802,527470
0,0.2802,807225
0,0.2802,356783826
0,0.2803,10439
0,0.2803,10593
0,0.2803,10929
0,0.2803,11355
0,0.2803,12354
0,0.2803,13664
0,0.2803,21235
0,0.2803,22276
0,0.2803,22473
0,0.2803,29090
0,0.2803,29560
0,0.2803,34247
0,0.2803,40261
0,0.2803,42365
0,0.2803,46783
0,0.2803,69061
0,0.2803,81005
0,0.2803,87660
0,0.2803,161034
0,0.2803,513419
0,0.2803,520002
0,0.2803,520916
0,0.2804,10074
0,0.2804,10176
0,0.2804,11359
0,0.2804,11993
0,0.2804,12826
0,0.2804,20739
0,0.2804,24064
0,0.2804,26020
0,0.2804,26129
0,0.2804,38051
0,0.2804,41787
0,0.2804,56739
0,0.2804,59111
0,0.2804,90549
0,0.2804,555967
0,0.2804,807356
0,0.2805,10540
0,0.2805,10628
0,0.2805,11072
0,0.2805,11399
0,0.2805,11469
0,0.2805,11522
0,0.2805,11523
0,0.2805,11783
0,0.2805,11870
0,0.2805,13375
0,0.2805,14609
0,0.2805,16013
0,0.2805,27416
0,0.2805,31247
0,0.2805,33560
0,0.2805,49945
0,0.2805,63901
0,0.2805,516197
0,0.2805,516967
0,0.2805,527357
0,0.2805,536000
0,0.2806,10096
0,0.2806,10201
0,0.2806,10305
0,0.2806,10613
0,0.2806,11245
0,0.2806,11952
0,0.2806,13127
0,0.2806,19743
0,0.2806,23700
0,0.2806,25963
0,0.2806,38204
0,0.2806,38333
0,0.2806,47040
0,0.2806,53849
0,0.2806,111689
0,0.2806,120208
0,0.2806,129758
0,0.2806,146502
0,0.2806,192978
0,0.2806,521479
0,0.2806,527409
0,0.2806,546406
0,0.2806,801214
0,0.2807,10459
0,0.2807,11517
0,0.2807,12109
0,0.2807,14666
0,0.2807,21709
0,0.2807,21790
0,0.2807,22504
0,0.2807,25476
0,0.2807,29166
0,0.2807,54621
0,0.2807,59086
0,0.2807,63708
0,0.2807,123841
0,0.2807,156395
0,0.2807,525105
0,0.2807,928274
0,0.2808,12509
0,0.2808,17484
0,0.2808,21166
0,0.2808,21382
0,0.2808,25332
0,0.2808,28019
0,0.2808,29826
0,0.2808,30421
0,0.2808,34712
0,0.2808,43363
0,0.2808,72329
0,0.2808,186043
0,0.2808,580793
0,0.2809,10650
0,0.2809,11058
0,0.2809,11467
0,0.2809,12023
0,0.2809,12343
0,0.2809,12735
0,0.2809,13431
0,0.2809,13479
0,0.2809,13613
0,0.2809,13716
0,0.2809,13946
0,0.2809,18016
0,0.2809,18834
0,0.2809,24804
0,0.2809,34089
0,0.2809,34724
0,0.2809,38860
0,0.2809,45661
0,0.2809,50560
0,0.2809,72019
0,0.2809,514687
0,0.2809,516324
0,0.2809,523544
0,0.2809,527577
0,0.2809,556767
0,0.2810,10097
0,0.2810,11914
0,0.2810,12163
0,0.2810,15273
0,0.2810,16029
0,0.2810,22787
0,0.2810,26338
0,0.2810,32698
0,0.2810,39922
0,0.2810,44026
0,0.2810,52099
0,0.2810,57772
0,0.2810,87178
0,0.2810,103750
0,0.2810,105377
0,0.2810,146931
0,0.2810,519586
0,0.2810,550868
0,0.2810,564824
0,0.2811,10208
0,0.2811,11594
0,0.2811,11703
0,0.2811,11741
0,0.2811,12773
0,0.2811,12840
0,0.2811,16124
0,0.2811,18904
0,0.2811,23151
0,0.2811,23204
0,0.2811,30885
0,0.2811,39727
0,0.2811,41242
0,0.2811,41393
0,0.2811,48218
0,0.2811,48854
0,0.2811,521158
0,0.2811,555875
0,0.2811,556574
0,0.2811,813400
0,0.2812,12809
0,0.2812,12815
0,0.2812,15313
0,0.2812,17847
0,0.2812,18417
0,0.2812,29144
0,0.2812,50017
0,0.2812,75310
0,0.2812,79554
0,0.2812,85916
0,0.2812,518580
0,0.2812,519132
0,0.2812,543264
0,0.2812,544439
0,0.2812,545180
0,0.2812,580652
0,0.2812,806606
0,0.2813,10074
0,0.2813,11321
0,0.2813,11478
0,0.2813,11744
0,0.2813,12309
0,0.2813,13283
0,0.2813,13315
0,0.2813,15717
0,0.2813,23854
0,0.2813,44147
0,0.2813,60346
0,0.2813,71785
0,0.2813,74359
0,0.2813,121759
0,0.2813,162555
0,0.2813,509223
0,0.2813,519365
0,0.2813,521575
0,0.2813,800949
0,0.2814,10423
0,0.2814,10670
0,0.2814,10683
0,0.2814,10905
0,0.2814,11725
0,0.2814,15915
0,0.2814,18739
0,0.2814,19647
0,0.2814,19921
0,0.2814,26060
0,0.2814,39054
0,0.2814,46898
0,0.2814,100441
0,0.2814,145128
0,0.2814,524164
0,0.2814,524238
0,0.2814,580846
0,0.2814,809322
0,0.2815,10285
0,0.2815,10399
0,0.2815,10977
0,0.2815,11135
0,0.2815,11237
0,0.2815,11400
0,0.2815,11736
0,0.2815,11829
0,0.2815,11991
0,0.2815,13596
0,0.2815,15688
0,0.2815,16141
0,0.2815,17325
0,0.2815,20910
0,0.2815,29156
0,0.2815,33502
0,0.2815,35196
0,0.2815,51350
0,0.2815,53885
0,0.2815,72871
0,0.2815,73963
0,0.2815,80544
0,0.2815,86985
0,0.2815,96721
0,0.2815,100307
0,0.2815,109011
0,0.2815,525064
0,0.2815,532655
0,0.2815,551294
0,0.2815,800551
0,0.2816,10359
0,0.2816,10569
0,0.2816,11105
0,0.2816,11320
0,0.2816,11324
0,0.2816,11615
0,0.2816,12231
0,0.2816,14019
0,0.2816,14506
0,0.2816,16524
0,0.2816,17319
0,0.2816,20200
0,0.2816,21898
0,0.2816,22665
0,0.2816,23401
0,0.2816,27452
0,0.2816,34385
0,0.2816,44766
0,0.2816,89594
0,0.2816,185386
0,0.2816,521935
0,0.2816,524207
0,0.2816,547655
0,0.2817,10070
0,0.2817,10297
0,0.2817,10973
0,0.2817,11099
0,0.2817,12338
0,0.2817,12485
0,0.2817,12837
0,0.2817,12896
0,0.2817,13046
0,0.2817,13707
0,0.2817,16207
0,0.2817,21332
0,0.2817,26515
0,0.2817,28525
0,0.2817,29612
0,0.2817,35514
0,0.2817,46297
0,0.2817,65161
0,0.2817,84581
0,0.2817,104284
0,0.2817,154649
0,0.2817,522439
0,0.2818,10075
0,0.2818,11521
0,0.2818,12387
0,0.2818,12717
0,0.2818,15183
0,0.2818,18203
0,0.2818,20960
0,0.2818,26625
0,0.2818,37202
0,0.2818,44858
0,0.2818,50497
0,0.2818,55874
0,0.2818,64569
0,0.2818,69595
0,0.2818,70928
0,0.2818,84701
0,0.2818,91928
0,0.2818,517458
0,0.2818,521479
0,0.2818,522730
0,0.2818,522828
0,0.2819,12061
0,0.2819,12279
0,0.2819,15823
0,0.2819,19792
0,0.2819,26305
0,0.2819,27379
0,0.2819,27756
0,0.2819,29244
0,0.2819,29746
0,0.2819,30469
0,0.2819,34677
0,0.2819,40733
0,0.2819,102136
0,0.2819,132204
0,0.2819,555966
0,0.2819,579253
0,0.2819,800596
0,0.2820,10463
0,0.2820,11345
0,0.2820,12756
0,0.2820,14893
0,0.2820,18043
0,0.2820,19487
0,0.2820,20307
0,0.2820,20324
0,0.2820,26628
0,0.2820,30102
0,0.2820,32880
0,0.2820,36743
0,0.2820,72111
0,0.2820,76493
0,0.2820,87138
0,0.2820,128562
0,0.2820,132166
0,0.2820,521290
0,0.2820,558652
0,0.2821,11244
0,0.2821,11281
0,0.2821,13386
0,0.2821,13571
0,0.2821,14661
0,0.2821,20620
0,0.2821,23132
0,0.2821,24572
0,0.2821,27627
0,0.2821,35187
0,0.2821,47631
0,0.2821,58836
0,0.2821,67712
0,0.2821,67789
0,0.2821,91582
0,0.2821,107502
0,0.2821,147959
0,0.2821,247232
0,0.2821,513911
0,0.2821,543264
0,0.2822,10461
0,0.2822,11174
0,0.2822,16206
0,0.2822,16508
0,0.2822,18828
0,0.2822,21098
0,0.2822,23477
0,0.2822,31376
0,0.2822,39485
0,0.2822,41571
0,0.2822,135948
0,0.2822,146502
0,0.2822,148486
0,0.2822,520466
0,0.2822,527410
0,0.2822,530668
0,0.2822,806606
0,0.2823,10140
0,0.2823,10522
0,0.2823,11390
0,0.2823,11624
0,0.2823,11681
0,0.2823,11722
0,0.2823,12111
0,0.2823,12121
0,0.2823,12367
0,0.2823,12958
0,0.2823,13072
0,0.2823,13259
0,0.2823,19767
0,0.2823,22338
0,0.2823,26642
0,0.2823,28604
0,0.2823,37558
0,0.2823,65103
0,0.2823,66206
0,0.2823,86608
0,0.2823,94785
0,0.2823,96213
0,0.2823,100973
0,0.2823,103414
0,0.2823,124594
0,0.2823,514291
0,0.2823,515642
0,0.2823,521157
0,0.2823,523019
0,0.2823,555318
0,0.2823,918902
0,0.2824,10074
0,0.2824,10390
0,0.2824,10530
0,0.2824,11761
0,0.2824,11922
0,0.2824,13940
0,0.2824,15647
0,0.2824,29176
0,0.2824,29232
0,0.2824,50485
0,0.2824,85377
0,0.2824,452352
0,0.2824,514727
0,0.2824,520787
0,0.2824,567978
0,0.2824,800868
0,0.2824,809322
0,0.2825,10397
0,0.2825,10942
0,0.2825,11365
0,0.2825,12284
0,0.2825,12312
0,0.2825,12782
0,0.2825,13480
0,0.2825,15662
0,0.2825,23189
0,0.2825,23958
0,0.2825,24315
0,0.2825,26423
0,0.2825,33542
0,0.2825,36031
0,0.2825,58481
0,0.2825,89067
0,0.2825,91799
0,0.2825,96104
0,0.2825,109676
0,0.2825,120660
0,0.2825,436612
0,0.2825,512797
0,0.2825,529429
0,0.2825,911658
0,0.2826,10904
0,0.2826,11788
0,0.2826,12171
0,0.2826,12765
0,0.2826,14437
0,0.2826,14442
0,0.2826,16993
0,0.2826,25039
0,0.2826,32609
0,0.2826,38573
0,0.2826,50996
0,0.2826,76878
0,0.2826,83886
0,0.2826,514727
0,0.2826,518788
0,0.2826,530777
0,0.2827,11143
0,0.2827,11342
0,0.2827,12031
0,0.2827,13058
0,0.2827,13583
0,0.2827,14962
0,0.2827,17406
0,0.2827,27024
0,0.2827,43136
0,0.2827,51391
0,0.2827,56991
0,0.2827,57923
0,0.2827,60590
0,0.2827,63883
0,0.2827,67398
0,0.2827,123308
0,0.2827,203048
0,0.2827,519584
0,0.2827,522743
0,0.2827,523907
0,0.2828,10065
0,0.2828,15353
0,0.2828,16083
0,0.2828,16972
0,0.2828,27702
0,0.2828,34084
0,0.2828,38024
0,0.2828,43652
0,0.2828,80951
0,0.2828,96273
0,0.2828,130279
0,0.2828,133607
0,0.2828,527469
0,0.2828,532768
0,0.2828,555322
0,0.2829,10877
0,0.2829,11030
0,0.2829,11050
0,0.2829,11283
0,0.2829,12050
0,0.2829,12534
0,0.2829,12711
0,0.2829,16648
0,0.2829,18994
0,0.2829,21099
0,0.2829,24394
0,0.2829,25927
0,0.2829,26223
0,0.2829,27697
0,0.2829,30992
0,0.2829,33779
0,0.2829,49291
0,0.2829,63327
0,0.2829,110528
0,0.2829,153817
0,0.2829,802506
0,0.2830,10118
0,0.2830,10133
0,0.2830,10169
0,0.2830,10408
0,0.2830,10472
0,0.2830,11262
0,0.2830,11501
0,0.2830,11546
0,0.2830,11556
0,0.2830,12162
0,0.2830,12994
0,0.2830,14343
0,0.2830,40001
0,0.2830,46182
0,0.2830,93216
0,0.2830,155312
0,0.2830,522729
0,0.2830,550365
0,0.2830,580417
0,0.2830,801666
0,0.2830,816543
0,0.2831,10375
0,0.2831,10378
0,0.2831,10473
0,0.2831,10524
0,0.2831,13981
0,0.2831,14427
0,0.2831,17825
0,0.2831,18840
0,0.2831,41622
0,0.2831,46907
0,0.2831,50232
0,0.2831,51401
0,0.2831,56866
0,0.2831,62429
0,0.2831,83381
0,0.2831,148122
0,0.2831,511807
0,0.2831,515027
0,0.2831,515161
0,0.2831,523591
0,0.2831,563873
0,0.2832,10456
0,0.2832,10515
0,0.2832,11092
0,0.2832,12320
0,0.2832,12471
0,0.2832,12732
0,0.2832,13172
0,0.2832,17569
0,0.2832,20445
0,0.2832,25655
0,0.2832,26292
0,0.2832,29750
0,0.2832,42240
0,0.2832,99540
0,0.2832,120818
0,0.2832,155294
0,0.2832,423539
0,0.2832,511775
0,0.2832,515069
0,0.2832,520155
0,0.2832,521108
0,0.2832,523351
0,0.2832,523828
0,0.2832,533411
0,0.2833,10126
0,0.2833,10254
0,0.2833,10376
0,0.2833,10470
0,0.2833,10702
0,0.2833,11292
0,0.2833,11531
0,0.2833,11603
0,0.2833,12654
0,0.2833,16426
0,0.2833,18165
0,0.2833,21567
0,0.2833,22166
0,0.2833,28241
0,0.2833,46154
0,0.2833,56966
0,0.2833,72019
0,0.2833,88559
0,0.2833,105929
0,0.2833,170256
0,0.2833,521771
0,0.2833,524470
0,0.2833,524797
0,0.2833,531768
0,0.2833,534195
0,0.2833,552118
0,0.2833,555712
0,0.2833,581341
0,0.2833,812106
0,0.2834,10632
0,0.2834,11289
0,0.2834,11294
0,0.2834,11620
0,0.2834,11828
0,0.2834,13550
0,0.2834,14530
0,0.2834,17225
0,0.2834,19873
0,0.2834,20581
0,0.2834,22243
0,0.2834,24985
0,0.2834,28406
0,0.2834,30021
0,0.2834,46430
0,0.2834,53002
0,0.2834,61425
0,0.2834,71008
0,0.2834,88799
0,0.2834,119144
0,0.2834,244183
0,0.2834,516322
0,0.2834,545180
0,0.2834,801752
0,0.2834,809322
0,0.2834,902874
0,0.2835,11837
0,0.2835,12152
0,0.2835,17855
0,0.2835,18730
0,0.2835,24828
0,0.2835,31925
0,0.2835,35758
0,0.2835,49910
0,0.2836,10929
0,0.2836,12541
0,0.2836,12566
0,0.2836,14243
0,0.2836,14722
0,0.2836,17027
0,0.2836,18075
0,0.2836,18726
0,0.2836,18867
0,0.2836,25655
0,0.2836,34148
0,0.2836,37342
0,0.2836,58226
0,0.2836,74436
0,0.2836,113074
0,0.2836,119212
0,0.2836,519970
0,0.2836,526767
0,0.2836,527470
0,0.2836,529417
0,0.2837,10353
0,0.2837,10653
0,0.2837,11930
0,0.2837,12572
0,0.2837,12977
0,0.2837,13684
0,0.2837,18713
0,0.2837,21242
0,0.2837,21263
0,0.2837,32354
0,0.2837,39943
0,0.2837,44000
0,0.2837,49102
0,0.2837,87674
0,0.2837,138586
0,0.2837,519242
0,0.2837,520002
0,0.2837,520931
0,0.2838,10736
0,0.2838,11379
0,0.2838,11514
0,0.2838,11975
0,0.2838,13483
0,0.2838,14158
0,0.2838,14161
0,0.2838,14985
0,0.2838,20168
0,0.2838,26602
0,0.2838,30776
0,0.2838,44995
0,0.2838,65609
0,0.2838,514424
0,0.2838,807225
0,0.2838,814586
0,0.2838,914363
0,0.2839,10096
0,0.2839,10209
0,0.2839,11992
0,0.2839,13153
0,0.2839,13821
0,0.2839,19108
0,0.2839,30716
0,0.2839,58013
0,0.2839,58939
0,0.2839,63345
0,0.2839,68701
0,0.2839,87584
0,0.2839,88912
0,0.2839,116133
0,0.2839,529154
0,0.2840,10262
0,0.2840,11523
0,0.2840,11608
0,0.2840,11783
0,0.2840,11870
0,0.2840,12965
0,0.2840,13334
0,0.2840,15507
0,0.2840,15795
0,0.2840,22276
0,0.2840,23045
0,0.2840,31117
0,0.2840,32482
0,0.2840,140474
0,0.2840,516780
0,0.2840,520115
0,0.2841,10033
0,0.2841,11359
0,0.2841,12929
0,0.2841,13725
0,0.2841,14391
0,0.2841,14573
0,0.2841,15517
0,0.2841,18466
0,0.2841,20402
0,0.2841,20459
0,0.2841,23496
0,0.2841,25552
0,0.2841,37070
0,0.2841,38819
0,0.2841,45513
0,0.2841,47002
0,0.2841,64400
0,0.2841,147169
0,0.2841,167190
0,0.2841,280660
0,0.2841,517024
0,0.2841,521241
0,0.2841,524208
0,0.2841,917516
0,0.2842,10084
0,0.2842,10201
0,0.2842,10321
0,0.2842,10459
0,0.2842,11229
0,0.2842,11993
0,0.2842,12354
0,0.2842,13621
0,0.2842,20033
0,0.2842,35737
0,0.2842,40740
0,0.2842,42904
0,0.2842,54787
0,0.2842,54959
0,0.2842,121593
0,0.2842,513418
0,0.2842,532766
0,0.2842,535996
0,0.2842,564174
0,0.2843,10650
0,0.2843,11317
0,0.2843,12934
0,0.2843,13303
0,0.2843,13379
0,0.2843,14340
0,0.2843,14874
0,0.2843,15864
0,0.2843,16636
0,0.2843,26766
0,0.2843,50176
0,0.2843,92909
0,0.2843,114510
0,0.2843,267437
0,0.2843,515549
0,0.2843,521438
0,0.2843,535279
0,0.2844,10305
0,0.2844,15431
0,0.2844,20039
0,0.2844,29419
0,0.2844,33646
0,0.2844,47617
0,0.2844,48723
0,0.2844,51516
0,0.2844,68010
0,0.2844,127658
0,0.2844,192978
0,0.2844,282783
0,0.2844,516162
0,0.2844,524990
0,0.2844,527358
0,0.2844,918582
0,0.2845,10216
0,0.2845,11162
0,0.2845,11517
0,0.2845,11583
0,0.2845,11744
0,0.2845,11952
0,0.2845,13143
0,0.2845,15083
0,0.2845,17650
0,0.2845,20141
0,0.2845,25655
0,0.2845,27319
0,0.2845,29231
0,0.2845,31297
0,0.2845,34464
0,0.2845,68856
0,0.2845,70171
0,0.2845,92866
0,0.2845,99751
0,0.2845,128455
0,0.2845,135948
0,0.2845,141297
0,0.2845,512796
0,0.2846,10111
0,0.2846,10425
0,0.2846,10540
0,0.2846,11478
0,0.2846,11914
0,0.2846,14802
0,0.2846,16136
0,0.2846,16434
0,0.2846,16601
0,0.2846,19845
0,0.2846,20278
0,0.2846,21132
0,0.2846,21772
0,0.2846,24502
0,0.2846,25659
0,0.2846,26168
0,0.2846,33229
0,0.2846,36577
0,0.2846,45430
0,0.2846,47984
0,0.2846,59035
0,0.2846,63645
0,0.2846,79631
0,0.2846,110773
0,0.2846,142053
0,0.2846,153573
0,0.2846,174587
0,0.2846,295280
0,0.2846,512883
0,0.2846,517330
0,0.2847,12160
0,0.2847,13095
0,0.2847,16274
0,0.2847,18016
0,0.2847,20915
0,0.2847,21798
0,0.2847,23854
0,0.2847,36844
0,0.2847,40383
0,0.2847,52962
0,0.2847,55120
0,0.2847,56353
0,0.2847,66389
0,0.2847,73560
0,0.2847,77451
0,0.2847,91753
0,0.2847,140755
0,0.2847,519865
0,0.2847,524082
0,0.2847,524238
0,0.2847,524968
0,0.2847,904036
0,0.2847,904119
0,0.2847,905617
0,0.2847,133348431
0,0.2848,10134
0,0.2848,10429
0,0.2848,11721
0,0.2848,11725
0,0.2848,11736
0,0.2848,17107
0,0.2848,35373
0,0.2848,40205
0,0.2848,44568
0,0.2848,48274
0,0.2848,63411
0,0.2848,67244
0,0.2848,102041
0,0.2848,209929
0,0.2848,518153
0,0.2849,10176
0,0.2849,13610
0,0.2849,14897
0,0.2849,19828
0,0.2849,25714
0,0.2849,27416
0,0.2849,27614
0,0.2849,31348
0,0.2849,31733
0,0.2849,36026
0,0.2849,45796
0,0.2849,49376
0,0.2849,61941
0,0.2849,68790
0,0.2849,77967
0,0.2849,132204
0,0.2850,10905
0,0.2850,11471
0,0.2850,13470
0,0.2850,14334
0,0.2850,15970
0,0.2850,16969
0,0.2850,17325
0,0.2850,57888
0,0.2850,67451
0,0.2850,77131
0,0.2850,168466
0,0.2850,519850
0,0.2850,521158
0,0.2850,521171
0,0.2850,819835
0,0.2850,904246
0,0.2850,911658
0,0.2851,10808
0,0.2851,11028
0,0.2851,11400
0,0.2851,14607
0,0.2851,16862
0,0.2851,18824
0,0.2851,19339
0,0.2851,19921
0,0.2851,26387
0,0.2851,26689
0,0.2851,32862
0,0.2851,35196
0,0.2851,43500
0,0.2851,73492
0,0.2851,86577
0,0.2851,121593
0,0.2851,142053
0,0.2851,260257
0,0.2851,515070
0,0.2851,519842
0,0.2852,10463
0,0.2852,11991
0,0.2852,13716
0,0.2852,15295
0,0.2852,15905
0,0.2852,17014
0,0.2852,17757
0,0.2852,18049
0,0.2852,18179
0,0.2852,18332
0,0.2852,28037
0,0.2852,28691
0,0.2852,30421
0,0.2852,43489
0,0.2852,57542
0,0.2852,64525
0,0.2852,79690
0,0.2852,84445
0,0.2852,85147
0,0.2852,88479
0,0.2852,90310
0,0.2852,142998
0,0.2852,151762
0,0.2852,512521
0,0.2852,516331
0,0.2852,523490
0,0.2852,527577
0,0.2852,532655
0,0.2853,10039
0,0.2853,10423
0,0.2853,10767
0,0.2853,11327
0,0.2853,11594
0,0.2853,12012
0,0.2853,13027
0,0.2853,14319
0,0.2853,16366
0,0.2853,23241
0,0.2853,23401
0,0.2853,38110
0,0.2853,520916
0,0.2853,521935
0,0.2853,800030
0,0.2854,10249
0,0.2854,10977
0,0.2854,10996
0,0.2854,11080
0,0.2854,11099
0,0.2854,11399
0,0.2854,11990
0,0.2854,12338
0,0.2854,12890
0,0.2854,19314
0,0.2854,22806
0,0.2854,31291
0,0.2854,32824
0,0.2854,39005
0,0.2854,42539
0,0.2854,46748
0,0.2854,62837
0,0.2854,83341
0,0.2854,114209
0,0.2854,513583
0,0.2854,520668
0,0.2854,562451
0,0.2855,13198
0,0.2855,16422
0,0.2855,17244
0,0.2855,18909
0,0.2855,19995
0,0.2855,23487
0,0.2855,25719
0,0.2855,29217
0,0.2855,51646
0,0.2855,53416
0,0.2855,61060
0,0.2855,62645
0,0.2855,89782
0,0.2855,97457
0,0.2855,119630
0,0.2855,130656
0,0.2855,516097
0,0.2855,551294
0,0.2855,806173
0,0.2855,943251
0,0.2856,10304
0,0.2856,10569
0,0.2856,10629
0,0.2856,11281
0,0.2856,13423
0,0.2856,13944
0,0.2856,18328
0,0.2856,21267
0,0.2856,23477
0,0.2856,26039
0,0.2856,26102
0,0.2856,28803
0,0.2856,35798
0,0.2856,37704
0,0.2856,76894
0,0.2856,90310
0,0.2856,149720
0,0.2856,512217
0,0.2856,529665
0,0.2856,819835
0,0.2856,905652
0,0.2857,10140
0,0.2857,10786
0,0.2857,11244
0,0.2857,11341
0,0.2857,12143
0,0.2857,12511
0,0.2857,13683
0,0.2857,14386
0,0.2857,18015
0,0.2857,19618
0,0.2857,24030
0,0.2857,28640
0,0.2857,39674
0,0.2857,46457
0,0.2857,94994
0,0.2857,98590
0,0.2857,102171
0,0.2857,158604
0,0.2857,527367
0,0.2857,529429
0,0.2857,555318
0,0.2857,926518
0,0.2858,12057
0,0.2858,12164
0,0.2858,12603
0,0.2858,13380
0,0.2858,13666
0,0.2858,15421
0,0.2858,16188
0,0.2858,37732
0,0.2858,49019
0,0.2858,63927
0,0.2858,519692
0,0.2858,520787
0,0.2858,524284
0,0.2858,908572
0,0.2859,10397
0,0.2859,10756
0,0.2859,12111
0,0.2859,14066
0,0.2859,17105
0,0.2859,25951
0,0.2859,37622
0,0.2859,54741
0,0.2859,59796
0,0.2859,96104
0,0.2859,129363
0,0.2859,520003
0,0.2859,521437
0,0.2859,802781
0,0.2860,10208
0,0.2860,11922
0,0.2860,12314
0,0.2860,12717
0,0.2860,13194
0,0.2860,13315
0,0.2860,13356
0,0.2860,28525
0,0.2860,40838
0,0.2860,44781
0,0.2860,50451
0,0.2860,56207
0,0.2860,90364
0,0.2860,119411
0,0.2860,148213
0,0.2860,210889
0,0.2860,517458
0,0.2861,10942
0,0.2861,11546
0,0.2861,11722
0,0.2861,11749
0,0.2861,16107
0,0.2861,16446
0,0.2861,18262
0,0.2861,21637
0,0.2861,31426
0,0.2861,32247
0,0.2861,32784
0,0.2861,41812
0,0.2861,42495
0,0.2861,43717
0,0.2861,49174
0,0.2861,53383
0,0.2861,512816
0,0.2862,10486
0,0.2862,10561
0,0.2862,10705
0,0.2862,10727
0,0.2862,13767
0,0.2862,13947
0,0.2862,14381
0,0.2862,16706
0,0.2862,17540
0,0.2862,19467
0,0.2862,20688
0,0.2862,22899
0,0.2862,48739
0,0.2862,52016
0,0.2862,59771
0,0.2862,67027
0,0.2862,67070
0,0.2862,75987
0,0.2862,78067
0,0.2862,103338
0,0.2862,176598
0,0.2862,518581
0,0.2862,521439
0,0.2862,524164
0,0.2862,801079
0,0.2862,903846
0,0.2863,10133
0,0.2863,10169
0,0.2863,10198
0,0.2863,10473
0,0.2863,10806
0,0.2863,11141
0,0.2863,11345
0,0.2863,12241
0,0.2863,16437
0,0.2863,17566
0,0.2863,19767
0,0.2863,22917
0,0.2863,29590
0,0.2863,32321
0,0.2863,37744
0,0.2863,47161
0,0.2863,48178
0,0.2863,54741
0,0.2863,69929
0,0.2863,108362
0,0.2863,256432
0,0.2863,523591
0,0.2863,530777
0,0.2863,800373
0,0.2863,800970
0,0.2863,801280
0,0.2864,10376
0,0.2864,11262
0,0.2864,11525
0,0.2864,14922
0,0.2864,18952
0,0.2864,20620
0,0.2864,21876
0,0.2864,22040
0,0.2864,24006
0,0.2864,29604
0,0.2864,69631
0,0.2864,103338
0,0.2864,110372
0,0.2864,117286
0,0.2864,141297
0,0.2864,519869
0,0.2864,520364
0,0.2864,544258
0,0.2864,555319
0,0.2865,10254
0,0.2865,10402
0,0.2865,10456
0,0.2865,11342
0,0.2865,11501
0,0.2865,11521
0,0.2865,12037
0,0.2865,17722
0,0.2865,21756
0,0.2865,22494
0,0.2865,27569
0,0.2865,27775
0,0.2865,45199
0,0.2865,80484
0,0.2865,90310
0,0.2865,95255
0,0.2865,95861
0,0.2865,98499
0,0.2865,129758
0,0.2865,133908
0,0.2865,144317
0,0.2865,247232
0,0.2865,525105
0,0.2865,555967
0,0.2866,10929
0,0.2866,11292
0,0.2866,12351
0,0.2866,13431
0,0.2866,15164
0,0.2866,16236
0,0.2866,16610
0,0.2866,17757
0,0.2866,19665
0,0.2866,20001
0,0.2866,34247
0,0.2866,37745
0,0.2866,49092
0,0.2866,55869
0,0.2866,69089
0,0.2866,96307
0,0.2866,99080
0,0.2866,105550
0,0.2866,209929
0,0.2866,512745
0,0.2866,520668
0,0.2866,537458
0,0.2866,800206
0,0.2867,10515
0,0.2867,11761
0,0.2867,13375
0,0.2867,17319
0,0.2867,19579
0,0.2867,22166
0,0.2867,33165
0,0.2867,33296
0,0.2867,33411
0,0.2867,35477
0,0.2867,58972
0,0.2867,65932
0,0.2867,110773
0,0.2867,115234
0,0.2867,801319
0,0.2868,11289
0,0.2868,11531
0,0.2868,11620
0,0.2868,11828
0,0.2868,15183
0,0.2868,18634
0,0.2868,20823
0,0.2868,24841
0,0.2868,26071
0,0.2868,39825
0,0.2868,42240
0,0.2868,46172
0,0.2868,47909
0,0.2868,49225
0,0.2868,82482
0,0.2868,93389
0,0.2868,522377
0,0.2868,533588
0,0.2868,811544
0,0.2868,821509
0,0.2869,10613
0,0.2869,10632
0,0.2869,12425
0,0.2869,12994
0,0.2869,14461
0,0.2869,14705
0,0.2869,18203
0,0.2869,21409
0,0.2869,22243
0,0.2869,29410
0,0.2869,32165
0,0.2869,36149
0,0.2869,39802
0,0.2869,40001
0,0.2869,51330
0,0.2869,52318
0,0.2869,98455
0,0.2869,110689
0,0.2869,140903
0,0.2869,189046
0,0.2869,516568
0,0.2869,517359
0,0.2869,520002
0,0.2869,520930
0,0.2869,555312
0,0.2869,555969
0,0.2870,10604
0,0.2870,14139
0,0.2870,16167
0,0.2870,16649
0,0.2870,20960
0,0.2870,21567
0,0.2870,22717
0,0.2870,37147
0,0.2870,40435
0,0.2870,43216
0,0.2870,45875
0,0.2870,56364
0,0.2870,72678
0,0.2870,78095
0,0.2870,170223
0,0.2870,519655
0,0.2870,531246
0,0.2870,533849
0,0.2870,800898
0,0.2871,10263
0,0.2871,11294
0,0.2871,11402
0,0.2871,11837
0,0.2871,14666
0,0.2871,17705
0,0.2871,17800
0,0.2871,20581
0,0.2871,31397
0,0.2871,32774
0,0.2871,40559
0,0.2871,42308
0,0.2871,82960
0,0.2871,90310
0,0.2871,113958
0,0.2871,519693
0,0.2872,11050
0,0.2872,12320
0,0.2872,18165
0,0.2872,19267
0,0.2872,23743
0,0.2872,25229
0,0.2872,28406
0,0.2872,41272
0,0.2872,78542
0,0.2872,99721
0,0.2872,145635
0,0.2872,159400
0,0.2872,191334
0,0.2872,517532
0,0.2872,519454
0,0.2872,521946
0,0.2872,532768
0,0.2872,537139
0,0.2873,10096
0,0.2873,10126
0,0.2873,10524
0,0.2873,12728
0,0.2873,18637
0,0.2873,26263
0,0.2873,67398
0,0.2873,96307
0,0.2873,99540
0,0.2873,130279
0,0.2873,406728
0,0.2873,513630
0,0.2873,515155
0,0.2873,516433
0,0.2873,517982
0,0.2873,519967
0,0.2873,555966
0,0.2873,564824
0,0.2874,10530
0,0.2874,10716
0,0.2874,10835
0,0.2874,10925
0,0.2874,11523
0,0.2874,11783
0,0.2874,11870
0,0.2874,13230
0,0.2874,25823
0,0.2874,27025
0,0.2874,31166
0,0.2874,32958
0,0.2874,34761
0,0.2874,44957
0,0.2874,46393
0,0.2874,46898
0,0.2874,56888
0,0.2874,59560
0,0.2874,62771
0,0.2874,75987
0,0.2874,227465
0,0.2874,529031
0,0.2874,531245
0,0.2874,800490
0,0.2874,803582
0,0.2875,10065
0,0.2875,10118
0,0.2875,11143
0,0.2875,11379
0,0.2875,11390
0,0.2875,11788
0,0.2875,11975
0,0.2875,13556
0,0.2875,14339
0,0.2875,14397
0,0.2875,14437
0,0.2875,15662
0,0.2875,20739
0,0.2875,21338
0,0.2875,24804
0,0.2875,31934
0,0.2875,34676
0,0.2875,41869
0,0.2875,55354
0,0.2875,68692
0,0.2875,73335
0,0.2875,294758
0,0.2875,457812
0,0.2875,519585
0,0.2875,527470
0,0.2875,535316
0,0.2875,543774
0,0.2876,11355
0,0.2876,11467
0,0.2876,11556
0,0.2876,11992
0,0.2876,16433
0,0.2876,16648
0,0.2876,18726
0,0.2876,18730
0,0.2876,18939
0,0.2876,19364
0,0.2876,19873
0,0.2876,24866
0,0.2876,32835
0,0.2876,36146
0,0.2876,39893
0,0.2876,51735
0,0.2876,107502
0,0.2876,125065
0,0.2876,145016
0,0.2876,146273
0,0.2876,914259
0,0.2876,934840
0,0.2877,10090
0,0.2877,10296
0,0.2877,10459
0,0.2877,11135
0,0.2877,12109
0,0.2877,14895
0,0.2877,16513
0,0.2877,17614
0,0.2877,22276
0,0.2877,32095
0,0.2877,51205
0,0.2877,80484
0,0.2877,85617
0,0.2878,10209
0,0.2878,10877
0,0.2878,11603
0,0.2878,11847
0,0.2878,12354
0,0.2878,12977
0,0.2878,13664
0,0.2878,14019
0,0.2878,20287
0,0.2878,21692
0,0.2878,22105
0,0.2878,23533
0,0.2878,24828
0,0.2878,25439
0,0.2878,31196
0,0.2878,38022
0,0.2878,47215
0,0.2878,118845
0,0.2878,519242
0,0.2878,535438
0,0.2878,810889
0,0.2879,10231
0,0.2879,10370
0,0.2879,10470
0,0.2879,10593
0,0.2879,10650
0,0.2879,11359
0,0.2879,11517
0,0.2879,13089
0,0.2879,13550
0,0.2879,14343
0,0.2879,14954
0,0.2879,17310
0,0.2879,18854
0,0.2879,23718
0,0.2879,26845
0,0.2879,39217
0,0.2879,40187
0,0.2879,43383
0,0.2879,51533
0,0.2879,52326
0,0.2879,53256
0,0.2879,65539
0,0.2879,91123
0,0.2879,119868
0,0.2879,514318
0,0.2879,515091
0,0.2879,519572
0,0.2879,524152
0,0.2879,526119
0,0.2879,800084
0,0.2879,805313
0,0.2880,10201
0,0.2880,10522
0,0.2880,11112
0,0.2880,11564
0,0.2880,11744
0,0.2880,11900
0,0.2880,11993
0,0.2880,12896
0,0.2880,13345
0,0.2880,14510
0,0.2880,17484
0,0.2880,19274
0,0.2880,19305
0,0.2880,23517
0,0.2880,25288
0,0.2880,25877
0,0.2880,36291
0,0.2880,39719
0,0.2880,44846
0,0.2880,48530
0,0.2880,54952
0,0.2880,62314
0,0.2880,78858
0,0.2880,78992
0,0.2880,94068
0,0.2880,121384
0,0.2881,10221
0,0.2881,11478
0,0.2881,12396
0,0.2881,12460
0,0.2881,13560
0,0.2881,14430
0,0.2881,20402
0,0.2881,26419
0,0.2881,30539
0,0.2881,39922
0,0.2881,41754
0,0.2881,44741
0,0.2881,47595
0,0.2881,49551
0,0.2881,50372
0,0.2881,52544
0,0.2881,58779
0,0.2881,76932
0,0.2881,518153
0,0.2881,521575
0,0.2881,801580
0,0.2882,10305
0,0.2882,10408
0,0.2882,10461
0,0.2882,10628
0,0.2882,11409
0,0.2882,11654
0,0.2882,12283
0,0.2882,12571
0,0.2882,14161
0,0.2882,18776
0,0.2882,25195
0,0.2882,26757
0,0.2882,43799
0,0.2882,45470
0,0.2882,49570
0,0.2882,58157
0,0.2882,60837
0,0.2882,515158
0,0.2882,517351
0,0.2882,522891
0,0.2882,524238
0,0.2882,527357
0,0.2882,801666
0,0.2883,10540
0,0.2883,10736
0,0.2883,10867
0,0.2883,11058
0,0.2883,11725
0,0.2883,11736
0,0.2883,12061
0,0.2883,12163
0,0.2883,12837
0,0.2883,15753
0,0.2883,20995
0,0.2883,23012
0,0.2883,32656
0,0.2883,62648
0,0.2883,68887
0,0.2883,74190
0,0.2883,84551
0,0.2883,93854
0,0.2883,519588
0,0.2883,553194
0,0.2883,918582
0,0.2884,10101
0,0.2884,11369
0,0.2884,11703
0,0.2884,11817
0,0.2884,11914
0,0.2884,11930
0,0.2884,11952
0,0.2884,12332
0,0.2884,12606
0,0.2884,13312
0,0.2884,13582
0,0.2884,16801
0,0.2884,17325
0,0.2884,22569
0,0.2884,23854
0,0.2884,49689
0,0.2884,68398
0,0.2884,68686
0,0.2884,77313
0,0.2884,121593
0,0.2884,142998
0,0.2884,524208
0,0.2884,904736
0,0.2885,10262
0,0.2885,10497
0,0.2885,11105
0,0.2885,14516
0,0.2885,42074
0,0.2885,53050
0,0.2885,59950
0,0.2885,64263
0,0.2885,78143
0,0.2885,111878
0,0.2885,114223
0,0.2885,140586
0,0.2885,518903
0,0.2885,522812
0,0.2885,523828
0,0.2885,527410
0,0.2885,536845
0,0.2885,556037
0,0.2886,10463
0,0.2886,10670
0,0.2886,12509
0,0.2886,13821
0,0.2886,14925
0,0.2886,20910
0,0.2886,21851
0,0.2886,22787
0,0.2886,27379
0,0.2886,43546
0,0.2886,46626
0,0.2886,69837
0,0.2886,77451
0,0.2886,153948
0,0.2886,192978
0,0.2886,511853
0,0.2886,518294
0,0.2887,10049
0,0.2887,10321
0,0.2887,10905
0,0.2887,12309
0,0.2887,12840
0,0.2887,12929
0,0.2887,13886
0,0.2887,16005
0,0.2887,16416
0,0.2887,18016
0,0.2887,18798
0,0.2887,19290
0,0.2887,20200
0,0.2887,64457
0,0.2887,68031
0,0.2887,108324
0,0.2887,227465
0,0.2887,532655
0,0.2888,11229
0,0.2888,11400
0,0.2888,11991
0,0.2888,13479
0,0.2888,13571
0,0.2888,14843
0,0.2888,16141
0,0.2888,21115
0,0.2888,31099
0,0.2888,35196
0,0.2888,54440
0,0.2888,56390
0,0.2888,62574
0,0.2888,63798
0,0.2888,94043
0,0.2888,267437
0,0.2888,514425
0,0.2888,536171
0,0.2888,914259
0,0.2889,10224
0,0.2889,10359
0,0.2889,10472
0,0.2889,11829
0,0.2889,13024
0,0.2889,13225
0,0.2889,13621
0,0.2889,15184
0,0.2889,22473
0,0.2889,43380
0,0.2889,54746
0,0.2889,60292
0,0.2889,72871
0,0.2889,103338
0,0.2889,104131
0,0.2889,201474
0,0.2889,516400
0,0.2889,521297
0,0.2889,522891
0,0.2889,560243
0,0.2889,801936
0,0.2890,10140
0,0.2890,11210
0,0.2890,11583
0,0.2890,12259
0,0.2890,13283
0,0.2890,13981
0,0.2890,25166
0,0.2890,35634
0,0.2890,58009
0,0.2890,79739
0,0.2891,10134
0,0.2891,10429
0,0.2891,11244
0,0.2891,11281
0,0.2891,13127
0,0.2891,13221
0,0.2891,16207
0,0.2891,18841
0,0.2891,23401
0,0.2891,24713
0,0.2891,28631
0,0.2891,39054
0,0.2891,41551
0,0.2891,73249
0,0.2891,513565
0,0.2891,521158
0,0.2891,522770
0,0.2892,10147
0,0.2892,11099
0,0.2892,14514
0,0.2892,15232
0,0.2892,15353
0,0.2892,18007
0,0.2892,23339
0,0.2892,23477
0,0.2892,23762
0,0.2892,26551
0,0.2892,38688
0,0.2892,57684
0,0.2892,85916
0,0.2892,103824
0,0.2892,518717
0,0.2892,521935
0,0.2892,522828
0,0.2893,10237
0,0.2893,10421
0,0.2893,10423
0,0.2893,11922
0,0.2893,12111
0,0.2893,12338
0,0.2893,16228
0,0.2893,16454
0,0.2893,16724
0,0.2893,19845
0,0.2893,19921
0,0.2893,33002
0,0.2893,33892
0,0.2893,37336
0,0.2893,40542
0,0.2893,47491
0,0.2893,62429
0,0.2893,87788
0,0.2893,526801
0,0.2893,529429
0,0.2893,556574
0,0.2893,575082
0,0.2893,800687
0,0.2893,802944
0,0.2894,11956
0,0.2894,11958
0,0.2894,13728
0,0.2894,18994
0,0.2894,20311
0,0.2894,27614
0,0.2894,67070
0,0.2894,99540
0,0.2894,527577
0,0.2894,801666
0,0.2895,11546
0,0.2895,12168
0,0.2895,13737
0,0.2895,15693
0,0.2895,18334
0,0.2895,20926
0,0.2895,20986
0,0.2895,27934
0,0.2895,35420
0,0.2895,38670
0,0.2895,58157
0,0.2895,800892
0,0.2895,802843
0,0.2896,10378
0,0.2896,10569
0,0.2896,12186
0,0.2896,17389
0,0.2896,27416
0,0.2896,43785
0,0.2896,63046
0,0.2896,74523
0,0.2896,94050
0,0.2896,103964
0,0.2896,555318
0,0.2896,915497
0,0.2897,10084
0,0.2897,10397
0,0.2897,11092
0,0.2897,11262
0,0.2897,11469
0,0.2897,12387
0,0.2897,13716
0,0.2897,13998
0,0.2897,15005
0,0.2897,15507
0,0.2897,17908
0,0.2897,23200
0,0.2897,35719
0,0.2897,38043
0,0.2897,103964
0,0.2897,516780
0,0.2897,522405
0,0.2897,527409
0,0.2897,800147
0,0.2897,802999
0,0.2898,10704
0,0.2898,10942
0,0.2898,11292
0,0.2898,11594
0,0.2898,11722
0,0.2898,12121
0,0.2898,12782
0,0.2898,12965
0,0.2898,13768
0,0.2898,17847
0,0.2898,21382
0,0.2898,26532
0,0.2898,27319
0,0.2898,30421
0,0.2898,35330
0,0.2898,56774
0,0.2898,514009
0,0.2898,520787
0,0.2898,520916
0,0.2898,527524
0,0.2899,10039
0,0.2899,10473
0,0.2899,10977
0,0.2899,16013
0,0.2899,29176
0,0.2899,30613
0,0.2899,34321
0,0.2899,44079
0,0.2899,46486
0,0.2899,53128
0,0.2899,71785
0,0.2899,176320
0,0.2899,523591
0,0.2899,530777
0,0.2899,551294
0,0.2899,800241
0,0.2900,10390
0,0.2900,10904
0,0.2900,10929
0,0.2900,11531
0,0.2900,12023
0,0.2900,12653
0,0.2900,13384
0,0.2900,15647
0,0.2900,15928
0,0.2900,17156
0,0.2900,33405
0,0.2900,40451
0,0.2900,44667
0,0.2900,131765
0,0.2900,140995
0,0.2900,173968
0,0.2900,515266
0,0.2900,563873
0,0.2900,800117
0,0.2900,908274
0,0.2901,10133
0,0.2901,10169
0,0.2901,10906
0,0.2901,11075
0,0.2901,12231
0,0.2901,12717
0,0.2901,12815
0,0.2901,13334
0,0.2901,14243
0,0.2901,16124
0,0.2901,16460
0,0.2901,17569
0,0.2901,18536
0,0.2901,21166
0,0.2901,22166
0,0.2901,27470
0,0.2901,29826
0,0.2901,512534
0,0.2901,515161
0,0.2901,519132
0,0.2901,532800
0,0.2901,802734
0,0.2901,810889
0,0.2902,10218
0,0.2902,10376
0,0.2902,10456
0,0.2902,10515
0,0.2902,10632
0,0.2902,11501
0,0.2902,12541
0,0.2902,25476
0,0.2902,31775
0,0.2902,83289
0,0.2902,231412
0,0.2902,520466
0,0.2903,10254
0,0.2903,11289
0,0.2903,11620
0,0.2903,11828
0,0.2903,12958
0,0.2903,13962
0,0.2903,15313
0,0.2903,19767
0,0.2903,22243
0,0.2903,26223
0,0.2903,26766
0,0.2903,28019
0,0.2903,29541
0,0.2903,29560
0,0.2903,38821
0,0.2903,70788
0,0.2903,151346
0,0.2903,151973
0,0.2903,517458
0,0.2903,520002
0,0.2903,524207
0,0.2903,800162
0,0.2904,10264
0,0.2904,10973
0,0.2904,11030
0,0.2904,11345
0,0.2904,12162
0,0.2904,12171
0,0.2904,13153
0,0.2904,13596
0,0.2904,13940
0,0.2904,14573
0,0.2904,15992
0,0.2904,17107
0,0.2904,17406
0,0.2904,18049
0,0.2904,27627
0,0.2904,28793
0,0.2904,33130
0,0.2904,58140
0,0.2904,58166
0,0.2904,72672
0,0.2904,73988
0,0.2904,183161
0,0.2904,514696
0,0.2904,515578
0,0.2904,519589
0,0.2904,802361
0,0.2904,808650
0,0.2905,10176
0,0.2905,11342
0,0.2905,11399
0,0.2905,11806
0,0.2905,12152
0,0.2905,13177
0,0.2905,13315
0,0.2905,13431
0,0.2905,14158
0,0.2905,14530
0,0.2905,16601
0,0.2905,19828
0,0.2905,20620
0,0.2905,22417
0,0.2905,22607
0,0.2905,23132
0,0.2905,25972
0,0.2905,28293
0,0.2905,67864
0,0.2905,116012
0,0.2905,146502
0,0.2905,518567
0,0.2905,518580
0,0.2905,524990
0,0.2906,10096
0,0.2906,10377
0,0.2906,11294
0,0.2906,11608
0,0.2906,14391
0,0.2906,15501
0,0.2906,16042
0,0.2906,16651
0,0.2906,21099
0,0.2906,28525
0,0.2906,30806
0,0.2906,36351
0,0.2906,38262
0,0.2906,76958
0,0.2906,145635
0,0.2906,146502
0,0.2906,520759
0,0.2906,911658
0,0.2907,10216
0,0.2907,11837
0,0.2907,13147
0,0.2907,16434
0,0.2907,16793
0,0.2907,18075
0,0.2907,20581
0,0.2907,21452
0,0.2907,21567
0,0.2907,22833
0,0.2907,33919
0,0.2907,35927
0,0.2907,39488
0,0.2907,59618
0,0.2907,78583
0,0.2907,83095
0,0.2907,99589
0,0.2907,126247
0,0.2907,513911
0,0.2907,800383
0,0.2908,10208
0,0.2908,12711
0,0.2908,12756
0,0.2908,12994
0,0.2908,19938
0,0.2908,20550
0,0.2908,28406
0,0.2908,57502
0,0.2908,57896
0,0.2908,73279
0,0.2908,156395
0,0.2908,436612
0,0.2908,512796
0,0.2908,514688
0,0.2908,515157
0,0.2908,523351
0,0.2908,524741
0,0.2909,10459
0,0.2909,10996
0,0.2909,11523
0,0.2909,13839
0,0.2909,17027
0,0.2909,17310
0,0.2909,18165
0,0.2909,18534
0,0.2909,26164
0,0.2909,35182
0,0.2909,38204
0,0.2909,38260
0,0.2909,247232
0,0.2909,524164
0,0.2909,531131
0,0.2909,532766
0,0.2909,579253
0,0.2909,801828
0,0.2909,903429
0,0.2910,11783
0,0.2910,11870
0,0.2910,13271
0,0.2910,13529
0,0.2910,13666
0,0.2910,20132
0,0.2910,23970
0,0.2910,25872
0,0.2910,30120
0,0.2910,36556
0,0.2910,40568
0,0.2910,50791
0,0.2910,52536
0,0.2910,52641
0,0.2910,58027
0,0.2910,67070
0,0.2910,69114
0,0.2910,75212
0,0.2910,79554
0,0.2910,519850
0,0.2910,529602
0,0.2911,11624
0,0.2911,11975
0,0.2911,12012
0,0.2911,14661
0,0.2911,19062
0,0.2911,19143
0,0.2911,22224
0,0.2911,22276
0,0.2911,23204
0,0.2911,28680
0,0.2911,44995
0,0.2911,51603
0,0.2911,59950
0,0.2911,511775
0,0.2911,515554
0,0.2911,520574
0,0.2911,527470
0,0.2911,564174
0,0.2911,902180
0,0.2912,11379
0,0.2912,11517
0,0.2912,11992
0,0.2912,18937
0,0.2912,19904
0,0.2912,20044
0,0.2912,21267
0,0.2912,29166
0,0.2912,40761
0,0.2912,41244
0,0.2912,95665
0,0.2912,125291
0,0.2912,160750
0,0.2912,512485
0,0.2912,519970
0,0.2912,802714
0,0.2913,10564
0,0.2913,11082
0,0.2913,12320
0,0.2913,21098
0,0.2913,26497
0,0.2913,29387
0,0.2913,31117
0,0.2913,53334
0,0.2913,61908
0,0.2913,130439
0,0.2913,203048
0,0.2913,522812
0,0.2913,547655
0,0.2913,809744
0,0.2913,925829
0,0.2914,10111
0,0.2914,11359
0,0.2914,11521
0,0.2914,12312
0,0.2914,13610
0,0.2914,16054
0,0.2914,18044
0,0.2914,27627
0,0.2914,57806
0,0.2914,63336
0,0.2914,73013
0,0.2914,514740
0,0.2914,118750563
0,0.2915,10126
0,0.2915,10661
0,0.2915,10808
0,0.2915,11744
0,0.2915,12367
0,0.2915,13375
0,0.2915,13798
0,0.2915,14685
0,0.2915,17817
0,0.2915,18730
0,0.2915,18884
0,0.2915,20445
0,0.2915,26239
0,0.2915,26258
0,0.2915,28588
0,0.2915,37902
0,0.2915,42549
0,0.2915,50804
0,0.2915,59329
0,0.2915,63508
0,0.2915,68708
0,0.2915,90640
0,0.2915,114090
0,0.2915,126345
0,0.2915,128686
0,0.2915,130279
0,0.2915,136213
0,0.2915,516097
0,0.2915,521157
0,0.2915,800207
0,0.2916,10297
0,0.2916,10313
0,0.2916,10463
0,0.2916,11478
0,0.2916,12454
0,0.2916,13018
0,0.2916,13684
0,0.2916,17573
0,0.2916,20397
0,0.2916,20747
0,0.2916,21709
0,0.2916,21798
0,0.2916,26515
0,0.2916,43861
0,0.2916,52099
0,0.2916,56609
0,0.2916,68606
0,0.2916,88538
0,0.2916,121759
0,0.2916,153662
0,0.2916,514579
0,0.2916,516322
0,0.2916,523544
0,0.2916,801974
0,0.2917,10201
0,0.2917,10650
0,0.2917,10767
0,0.2917,11303
0,0.2917,11725
0,0.2917,11993
0,0.2917,12046
0,0.2917,12241
0,0.2917,12765
0,0.2917,13116
0,0.2917,14874
0,0.2917,15183
0,0.2917,15517
0,0.2917,16029
0,0.2917,16136
0,0.2917,16188
0,0.2917,22323
0,0.2917,32815
0,0.2917,40838
0,0.2917,52616
0,0.2917,116737
0,0.2917,124962
0,0.2917,158604
0,0.2917,167190
0,0.2917,521479
0,0.2917,524238
0,0.2917,532768
0,0.2917,559217
0,0.2917,800845
0,0.2917,801053
0,0.2918,10524
0,0.2918,10629
0,0.2918,11736
0,0.2918,11761
0,0.2918,12354
0,0.2918,12735
0,0.2918,12977
0,0.2918,14427
0,0.2918,15276
0,0.2918,16993
0,0.2918,17570
0,0.2918,21822
0,0.2918,26485
0,0.2918,31345
0,0.2918,35514
0,0.2918,36207
0,0.2918,36844
0,0.2918,41778
0,0.2918,79723
0,0.2918,105377
0,0.2918,112473
0,0.2918,185726
0,0.2918,519041
0,0.2918,521437
0,0.2918,527469
0,0.2919,10118
0,0.2919,10209
0,0.2919,10561
0,0.2919,10756
0,0.2919,10831
0,0.2919,13027
0,0.2919,13194
0,0.2919,16490
0,0.2919,17904
0,0.2919,18416
0,0.2919,18726
0,0.2919,19743
0,0.2919,20402
0,0.2919,23854
0,0.2919,24352
0,0.2919,26602
0,0.2919,27589
0,0.2919,29851
0,0.2919,33987
0,0.2919,34301
0,0.2919,38538
0,0.2919,38805
0,0.2919,38916
0,0.2919,47932
0,0.2919,87178
0,0.2919,100500
0,0.2919,114513
0,0.2919,521011
0,0.2920,10065
0,0.2920,10470
0,0.2920,10905
0,0.2920,11514
0,0.2920,11816
0,0.2920,11997
0,0.2920,19949
0,0.2920,21889
0,0.2920,24151
0,0.2920,42373
0,0.2920,50927
0,0.2920,66954
0,0.2920,72945
0,0.2920,127894
0,0.2920,227465
0,0.2920,555967
0,0.2920,800296
0,0.2920,800903
0,0.2920,802399
0,0.2920,806606
0,0.2921,10786
0,0.2921,11324
0,0.2921,11914
0,0.2921,16532
0,0.2921,17175
0,0.2921,17325
0,0.2921,20059
0,0.2921,23076
0,0.2921,24502
0,0.2921,24828
0,0.2921,26953
0,0.2921,37399
0,0.2921,38630
0,0.2921,45920
0,0.2921,50320
0,0.2921,56072
0,0.2921,72102
0,0.2921,79950
0,0.2921,513419
0,0.2921,532655
0,0.2921,918582
0,0.2922,10482
0,0.2922,10530
0,0.2922,11050
0,0.2922,11603
0,0.2922,11788
0,0.2922,12031
0,0.2922,12534
0,0.2922,14750
0,0.2922,14985
0,0.2922,16083
0,0.2922,17319
0,0.2922,18109
0,0.2922,21860
0,0.2922,26102
0,0.2922,26860
0,0.2922,32482
0,0.2922,37596
0,0.2922,38510
0,0.2922,55990
0,0.2922,520003
0,0.2922,520393
0,0.2922,555322
0,0.2922,800073
0,0.2922,821509
0,0.2923,10140
0,0.2923,10736
0,0.2923,10877
0,0.2923,11143
0,0.2923,11390
0,0.2923,11400
0,0.2923,12934
0,0.2923,13972
0,0.2923,15244
0,0.2923,16422
0,0.2923,16508
0,0.2923,18016
0,0.2923,18332
0,0.2923,19873
0,0.2923,25927
0,0.2923,31345
0,0.2923,36743
0,0.2923,47019
0,0.2923,52465
0,0.2923,56034
0,0.2923,67070
0,0.2923,77609
0,0.2923,80717
0,0.2923,107083
0,0.2923,159782
0,0.2923,167190
0,0.2923,803228
0,0.2924,10305
0,0.2924,11244
0,0.2924,11281
0,0.2924,12647
0,0.2924,13172
0,0.2924,14437
0,0.2924,14609
0,0.2924,22852
0,0.2924,22977
0,0.2924,43230
0,0.2924,46384
0,0.2924,49903
0,0.2924,51121
0,0.2924,51865
0,0.2924,72945
0,0.2924,133908
0,0.2924,514291
0,0.2924,530781
0,0.2924,813400
0,0.2925,10522
0,0.2925,11341
0,0.2925,11556
0,0.2925,11991
0,0.2925,13550
0,0.2925,31331
0,0.2925,54383
0,0.2925,61113
0,0.2925,64117
0,0.2925,64457
0,0.2925,68997
0,0.2925,91582
0,0.2925,190419
0,0.2925,192978
0,0.2925,514727
0,0.2925,519242
0,0.2925,529445
0,0.2925,807368
0,0.2926,11952
0,0.2926,13145
0,0.2926,14066
0,0.2926,14161
0,0.2926,15705
0,0.2926,16259
0,0.2926,16921
0,0.2926,21132
0,0.2926,23401
0,0.2926,26047
0,0.2926,28584
0,0.2926,31348
0,0.2926,33000
0,0.2926,33833
0,0.2926,41204
0,0.2926,46888
0,0.2926,57772
0,0.2926,61605
0,0.2926,62528
0,0.2926,89250
0,0.2926,132204
0,0.2926,147959
0,0.2926,514424
0,0.2926,520007
0,0.2926,524208
0,0.2927,10321
0,0.2927,10540
0,0.2927,11922
0,0.2927,11930
0,0.2927,12111
0,0.2927,13760
0,0.2927,16648
0,0.2927,17150
0,0.2927,19508
0,0.2927,26813
0,0.2927,30343
0,0.2927,69620
0,0.2927,100441
0,0.2927,132166
0,0.2927,531531
0,0.2927,801598
0,0.2928,10285
0,0.2928,11099
0,0.2928,14294
0,0.2928,14962
0,0.2928,15662
0,0.2928,17014
0,0.2928,18417
0,0.2928,35196
0,0.2928,38351
0,0.2928,42124
0,0.2928,59746
0,0.2928,71224
0,0.2928,72019
0,0.2928,77451
0,0.2928,111512
0,0.2928,133908
0,0.2928,203048
0,0.2928,267437
0,0.2928,517164
0,0.2928,521935
0,0.2928,532811
0,0.2928,801239
0,0.2928,801765
0,0.2929,10262
0,0.2929,10613
0,0.2929,10653
0,0.2929,10942
0,0.2929,11017
0,0.2929,12338
0,0.2929,14319
0,0.2929,14666
0,0.2929,18203
0,0.2929,28855
0,0.2929,31119
0,0.2929,36825
0,0.2929,40909
0,0.2929,41342
0,0.2929,45187
0,0.2929,46617
0,0.2929,55542
0,0.2929,63901
0,0.2929,71418
0,0.2929,99925
0,0.2929,108640
0,0.2929,529429
0,0.2930,10408
0,0.2930,11072
0,0.2930,11080
0,0.2930,11162
0,0.2930,12778
0,0.2930,16774
0,0.2930,20324
0,0.2930,22463
0,0.2930,37891
0,0.2930,40350
0,0.2930,63645
0,0.2930,68572
0,0.2930,75909
0,0.2930,75987
0,0.2930,210889
0,0.2930,515069
0,0.2930,517330
0,0.2930,521158
0,0.2930,555966
0,0.2931,10203
0,0.2931,11546
0,0.2931,11722
0,0.2931,12471
0,0.2931,14506
0,0.2931,16426
0,0.2931,22705
0,0.2931,23477
0,0.2931,28622
0,0.2931,29750
0,0.2931,44850
0,0.2931,64457
0,0.2931,125065
0,0.2931,514687
0,0.2931,517723
0,0.2931,524797
0,0.2931,555875
0,0.2932,10198
0,0.2932,12511
0,0.2932,13259
0,0.2932,13556
0,0.2932,13821
0,0.2932,15118
0,0.2932,54628
0,0.2932,119852
0,0.2932,520787
0,0.2932,525105
0,0.2932,800434
0,0.2933,11135
0,0.2933,11262
0,0.2933,12067
0,0.2933,13621
0,0.2933,17540
0,0.2933,31847
0,0.2933,39861
0,0.2933,41302
0,0.2933,42698
0,0.2933,48515
0,0.2933,514324
0,0.2933,516197
0,0.2933,530777
0,0.2933,534553
0,0.2933,542355
0,0.2933,555318
0,0.2933,800606
0,0.2934,10236
0,0.2934,10397
0,0.2934,11292
0,0.2934,11402
0,0.2934,11749
0,0.2934,12929
0,0.2934,13386
0,0.2934,14343
0,0.2934,14802
0,0.2934,18875
0,0.2934,22026
0,0.2934,37951
0,0.2934,51750
0,0.2934,52875
0,0.2934,60172
0,0.2934,64230
0,0.2934,64908
0,0.2934,96307
0,0.2934,109321
0,0.2934,423539
0,0.2934,514727
0,0.2934,521438
0,0.2934,536992
0,0.2934,811544
0,0.2935,10133
0,0.2935,10423
0,0.2935,10473
0,0.2935,10929
0,0.2935,11193
0,0.2935,11229
0,0.2935,11531
0,0.2935,11619
0,0.2935,12761
0,0.2935,20001
0,0.2935,24442
0,0.2935,27614
0,0.2935,34677
0,0.2935,48120
0,0.2935,48496
0,0.2935,50560
0,0.2935,56522
0,0.2935,72913
0,0.2935,90310
0,0.2935,97536
0,0.2935,105827
0,0.2935,532800
0,0.2936,10084
0,0.2936,10632
0,0.2936,12667
0,0.2936,15133
0,0.2936,17225
0,0.2936,18575
0,0.2936,19953
0,0.2936,22166
0,0.2936,26020
0,0.2936,26168
0,0.2936,26387
0,0.2936,29289
0,0.2936,32666
0,0.2936,33646
0,0.2936,38068
0,0.2936,53918
0,0.2936,63883
0,0.2936,66445
0,0.2936,130031
0,0.2936,516317
0,0.2936,521290
0,0.2936,523591
0,0.2936,529665
0,0.2936,555969
0,0.2936,564824
0,0.2936,800911
0,0.2937,12050
0,0.2937,12164
0,0.2937,14784
0,0.2937,18249
0,0.2937,20459
0,0.2937,24841
0,0.2937,38998
0,0.2937,45286
0,0.2937,46096
0,0.2937,52570
0,0.2937,52583
0,0.2937,66389
0,0.2937,67398
0,0.2937,70509
0,0.2937,119612
0,0.2937,127658
0,0.2937,543264
0,0.2937,802166
0,0.2938,11424
0,0.2938,11501
0,0.2938,11594
0,0.2938,13716
0,0.2938,15970
0,0.2938,17342
0,0.2938,23487
0,0.2938,28803
0,0.2938,32439
0,0.2938,49479
0,0.2938,59644
0,0.2938,109459
0,0.2938,118845
0,0.2938,520002
0,0.2938,523828
0,0.2938,527577
0,0.2938,532869
0,0.2938,536845
0,0.2939,10254
0,0.2939,10456
0,0.2939,11215
0,0.2939,11289
0,0.2939,11620
0,0.2939,11828
0,0.2939,12717
0,0.2939,13725
0,0.2939,14442
0,0.2939,20960
0,0.2939,22243
0,0.2939,28604
0,0.2939,28758
0,0.2939,32354
0,0.2939,40409
0,0.2939,53655
0,0.2939,97457
0,0.2939,521439
0,0.2939,531768
0,0.2939,544258
0,0.2939,551294
0,0.2940,10092
0,0.2940,13470
0,0.2940,14961
0,0.2940,15506
0,0.2940,16107
0,0.2940,19921
0,0.2940,24064
0,0.2940,31925
0,0.2940,49558
0,0.2940,54628
0,0.2940,67695
0,0.2940,76109
0,0.2940,121759
0,0.2940,129287
0,0.2941,10376
0,0.2941,10429
0,0.2941,11294
0,0.2941,11342
0,0.2941,11467
0,0.2941,12890
0,0.2941,13423
0,0.2941,17170
0,0.2941,22338
0,0.2941,24804
0,0.2941,26071
0,0.2941,29156
0,0.2941,29231
0,0.2941,34063
0,0.2941,34717
0,0.2941,41407
0,0.2941,42495
0,0.2941,43179
0,0.2941,50372
0,0.2941,50929
0,0.2941,57555
0,0.2941,59086
0,0.2941,75029
0,0.2941,158604
0,0.2941,520916
0,0.2941,529519
0,0.2941,805487
0,0.2941,814586
0,0.2941,914363
0,0.2942,10096
0,0.2942,10169
0,0.2942,10569
0,0.2942,10593
0,0.2942,10930
0,0.2942,11583
0,0.2942,14243
0,0.2942,20141
0,0.2942,25786
0,0.2942,29088
0,0.2942,37177
0,0.2942,42425
0,0.2942,44147
0,0.2942,45311
0,0.2942,50178
0,0.2942,84445
0,0.2942,88490
0,0.2942,110773
0,0.2942,118489
0,0.2942,138586
0,0.2942,146502
0,0.2942,517458
0,0.2942,523684
0,0.2942,544813
0,0.2942,802410
0,0.2942,905147
0,0.2942,911658
0,0.2943,11345
0,0.2943,11477
0,0.2943,12654
0,0.2943,14722
0,0.2943,16281
0,0.2943,18824
0,0.2943,19025
0,0.2943,29590
0,0.2943,31376
0,0.2943,36627
0,0.2943,49058
0,0.2943,73560
0,0.2943,76894
0,0.2943,78114
0,0.2943,80814
0,0.2943,99528
0,0.2944,10134
0,0.2944,10459
0,0.2944,10977
0,0.2944,11308
0,0.2944,11523
0,0.2944,11837
0,0.2944,12621
0,0.2944,13230
0,0.2944,14517
0,0.2944,18678
0,0.2944,20272
0,0.2944,20581
0,0.2944,27416
0,0.2944,28730
0,0.2944,30279
0,0.2944,30421
0,0.2944,40826
0,0.2944,64440
0,0.2944,85512
0,0.2944,188051
0,0.2944,513343
0,0.2944,519695
0,0.2944,521197
0,0.2944,537803
0,0.2944,800847
0,0.2945,10515
0,0.2945,11517
0,0.2945,11783
0,0.2945,11870
0,0.2945,12057
0,0.2945,12061
0,0.2945,14959
0,0.2945,15507
0,0.2945,15746
0,0.2945,19767
0,0.2945,30992
0,0.2945,34385
0,0.2945,44472
0,0.2945,48971
0,0.2945,53849
0,0.2945,78066
0,0.2945,262865
0,0.2945,522827
0,0.2945,527470
0,0.2945,530957
0,0.2945,580814
0,0.2945,903689
0,0.2946,11379
0,0.2946,11975
0,0.2946,11992
0,0.2946,12109
0,0.2946,19845
0,0.2946,21567
0,0.2946,23241
0,0.2946,32890
0,0.2946,37147
0,0.2946,39383
0,0.2946,39485
0,0.2946,48976
0,0.2946,65486
0,0.2946,133908
0,0.2946,140867
0,0.2946,556286
0,0.2947,10175
0,0.2947,10670
0,0.2947,11365
0,0.2947,11691
0,0.2947,17650
0,0.2947,17800
0,0.2947,18165
0,0.2947,18828
0,0.2947,19108
0,0.2947,20620
0,0.2947,29144
0,0.2947,52570
0,0.2947,56083
0,0.2947,94994
0,0.2947,137802
0,0.2947,139685
0,0.2947,514337
0,0.2947,926518
0,0.2948,11399
0,0.2948,12371
0,0.2948,12896
0,0.2948,13431
0,0.2948,13435
0,0.2948,14019
0,0.2948,16460
0,0.2948,23151
0,0.2948,23496
0,0.2948,26625
0,0.2948,26845
0,0.2948,27379
0,0.2948,63927
0,0.2948,76634
0,0.2948,98782
0,0.2948,118043
0,0.2948,141834
0,0.2948,539787
0,0.2948,917516
0,0.2949,10402
0,0.2949,10463
0,0.2949,10472
0,0.2949,11105
0,0.2949,11471
0,0.2949,11478
0,0.2949,11744
0,0.2949,13356
0,0.2949,13483
0,0.2949,15353
0,0.2949,23212
0,0.2949,24067
0,0.2949,24660
0,0.2949,26095
0,0.2949,27702
0,0.2949,28406
0,0.2949,38075
0,0.2949,44644
0,0.2949,50215
0,0.2949,53456
0,0.2949,53719
0,0.2949,66007
0,0.2949,82543
0,0.2949,88903
0,0.2949,106885
0,0.2949,247232
0,0.2949,262579
0,0.2949,516317
0,0.2949,519869
0,0.2949,520934
0,0.2949,800774
0,0.2949,909181
0,0.2949,940467
0,0.2950,10399
0,0.2950,12561
0,0.2950,12994
0,0.2950,13303
0,0.2950,13767
0,0.2950,13981
0,0.2950,14821
0,0.2950,19665
0,0.2950,22276
0,0.2950,29604
0,0.2950,31247
0,0.2950,37732
0,0.2950,59111
0,0.2950,67052
0,0.2950,77810
0,0.2950,129758
0,0.2950,147185
0,0.2950,166153
0,0.2950,518020
0,0.2950,524238
0,0.2950,802097
0,0.2950,804106
0,0.2951,10202
0,0.2951,10241
0,0.2951,10702
0,0.2951,11355
0,0.2951,11725
0,0.2951,11736
0,0.2951,14386
0,0.2951,15361
0,0.2951,15823
0,0.2951,20739
0,0.2951,22551
0,0.2951,23487
0,0.2951,30253
0,0.2951,44745
0,0.2951,45416
0,0.2951,128686
0,0.2951,131378
0,0.2951,515070
0,0.2951,519692
0,0.2952,10176
0,0.2952,10201
0,0.2952,10461
0,0.2952,10650
0,0.2952,11162
0,0.2952,11359
0,0.2952,11993
0,0.2952,12163
0,0.2952,17757
0,0.2952,19333
0,0.2952,24306
0,0.2952,25039
0,0.2952,48477
0,0.2952,48530
0,0.2952,66105
0,0.2952,87697
0,0.2952,93352
0,0.2952,96307
0,0.2952,107502
0,0.2952,109011
0,0.2952,114942
0,0.2952,516162
0,0.2952,527410
0,0.2952,800868
0,0.2952,801946
0,0.2952,356783826
0,0.2953,10905
0,0.2953,12320
0,0.2953,13159
0,0.2953,13724
0,0.2953,20123
0,0.2953,28159
0,0.2953,30525
0,0.2953,38051
0,0.2953,39922
0,0.2953,40205
0,0.2953,41869
0,0.2953,48218
0,0.2953,76486
0,0.2953,514426
0,0.2953,518919
0,0.2953,521575
0,0.2953,531708
0,0.2953,533469
0,0.2953,580793
0,0.2954,10323
0,0.2954,10622
0,0.2954,11780
0,0.2954,12037
0,0.2954,12354
0,0.2954,12425
0,0.2954,12509
0,0.2954,12965
0,0.2954,13664
0,0.2954,14419
0,0.2954,15164
0,0.2954,16433
0,0.2954,18049
0,0.2954,30105
0,0.2954,32250
0,0.2954,37622
0,0.2954,44138
0,0.2954,53320
0,0.2954,59950
0,0.2954,107071
0,0.2954,158604
0,0.2954,532655
0,0.2954,569984
0,0.2954,801666
0,0.2955,12115
0,0.2955,12809
0,0.2955,14265
0,0.2955,14497
0,0.2955,14573
0,0.2955,18466
0,0.2955,19647
0,0.2955,19828
0,0.2955,21263
0,0.2955,28525
0,0.2955,29217
0,0.2955,30885
0,0.2955,41175
0,0.2955,58496
0,0.2955,112026
0,0.2955,524164
0,0.2955,802751
0,0.2956,10039
0,0.2956,10126
0,0.2956,10378
0,0.2956,11400
0,0.2956,11914
0,0.2956,14607
0,0.2956,20326
0,0.2956,22717
0,0.2956,23854
0,0.2956,25245
0,0.2956,26419
0,0.2956,28086
0,0.2956,36584
0,0.2956,38573
0,0.2956,51053
0,0.2956,53267
0,0.2956,103414
0,0.2956,111689
0,0.2956,145635
0,0.2956,521108
0,0.2956,521241
0,0.2956,523941
0,0.2957,10033
0,0.2957,10524
0,0.2957,11829
0,0.2957,11931
0,0.2957,12837
0,0.2957,12977
0,0.2957,13315
0,0.2957,13379
0,0.2957,13571
0,0.2957,13613
0,0.2957,17052
0,0.2957,17566
0,0.2957,18730
0,0.2957,20200
0,0.2957,20867
0,0.2957,20910
0,0.2957,22787
0,0.2957,33672
0,0.2957,33974
0,0.2957,50485
0,0.2957,51350
0,0.2957,52235
0,0.2957,73963
0,0.2957,75907
0,0.2957,98081
0,0.2957,109635
0,0.2957,130279
0,0.2957,521189
0,0.2957,524777
0,0.2957,800304
0,0.2957,803412
0,0.2958,10140
0,0.2958,10208
0,0.2958,10209
0,0.2958,11058
0,0.2958,11162
0,0.2958,11558
0,0.2958,11601
0,0.2958,11703
0,0.2958,13480
0,0.2958,17484
0,0.2958,18983
0,0.2958,18994
0,0.2958,20688
0,0.2958,20773
0,0.2958,59389
0,0.2958,109145
0,0.2958,114510
0,0.2958,509223
0,0.2958,527357
0,0.2958,918582
0,0.2959,10835
0,0.2959,11244
0,0.2959,11281
0,0.2959,11741
0,0.2959,12782
0,0.2959,14897
0,0.2959,16206
0,0.2959,18016
0,0.2959,18854
0,0.2959,22806
0,0.2959,24941
0,0.2959,26263
0,0.2959,44322
0,0.2959,46596
0,0.2959,48131
0,0.2959,52682
0,0.2959,53326
0,0.2959,55306
0,0.2959,74814
0,0.2959,85147
0,0.2959,517359
0,0.2959,522812
0,0.2959,801187
0,0.2959,383044585
0,0.2960,10359
0,0.2960,10470
0,0.2960,12309
0,0.2960,12340
0,0.2960,12728
0,0.2960,13390
0,0.2960,16524
0,0.2960,17325
0,0.2960,18637
0,0.2960,19467
0,0.2960,19579
0,0.2960,20287
0,0.2960,36333
0,0.2960,79631
0,0.2960,85617
0,0.2960,111220
0,0.2960,800236
0,0.2961,11603
0,0.2961,11991
0,0.2961,12351
0,0.2961,12840
0,0.2961,16141
0,0.2961,17107
0,0.2961,21335
0,0.2961,23401
0,0.2961,28241
0,0.2961,37342
0,0.2961,45451
0,0.2961,49794
0,0.2961,50199
0,0.2961,56140
0,0.2961,60236
0,0.2961,70171
0,0.2961,72672
0,0.2961,75333
0,0.2961,104866
0,0.2961,122004
0,0.2961,127577
0,0.2961,513746
0,0.2961,519865
0,0.2961,525065
0,0.2961,806606
0,0.2961,904246
0,0.2961,133348431
0,0.2962,10942
0,0.2962,11761
0,0.2962,12111
0,0.2962,13666
0,0.2962,18634
0,0.2962,20380
0,0.2962,20402
0,0.2962,24828
0,0.2962,26766
0,0.2962,31206
0,0.2962,51032
0,0.2962,51479
0,0.2962,52220
0,0.2962,57675
0,0.2962,58053
0,0.2962,62429
0,0.2962,96307
0,0.2962,134883
0,0.2962,192978
0,0.2962,532768
0,0.2962,904119
0,0.2963,10996
0,0.2963,11099
0,0.2963,11176
0,0.2963,11521
0,0.2963,11922
0,0.2963,12985
0,0.2963,14271
0,0.2963,16274
0,0.2963,18075
0,0.2963,18726
0,0.2963,21772
0,0.2963,24315
0,0.2963,26628
0,0.2963,49038
0,0.2963,51999
0,0.2963,53744
0,0.2963,73491
0,0.2963,97536
0,0.2963,512745
0,0.2963,521935
0,0.2964,10305
0,0.2964,11050
0,0.2964,11525
0,0.2964,11546
0,0.2964,11722
0,0.2964,12121
0,0.2964,12338
0,0.2964,13283
0,0.2964,19183
0,0.2964,19873
0,0.2964,26338
0,0.2964,34907
0,0.2964,40966
0,0.2964,47922
0,0.2964,53050
0,0.2964,59658
0,0.2964,65825
0,0.2964,69595
0,0.2964,82482
0,0.2964,99721
0,0.2964,111335
0,0.2964,407353
0,0.2964,516324
0,0.2964,518567
0,0.2964,520933
0,0.2964,522828
0,0.2964,529429
0,0.2964,800562
0,0.2965,10065
0,0.2965,10736
0,0.2965,10877
0,0.2965,11056
0,0.2965,15789
0,0.2965,23517
0,0.2965,24969
0,0.2965,26292
0,0.2965,26642
0,0.2965,33248
0,0.2965,34247
0,0.2965,35196
0,0.2965,39727
0,0.2965,46240
0,0.2965,49910
0,0.2965,128866
0,0.2965,227465
0,0.2965,520787
0,0.2965,532804
0,0.2965,809322
0,0.2966,10167
0,0.2966,10168
0,0.2966,10522
0,0.2966,10530
0,0.2966,11390
0,0.2966,11952
0,0.2966,13563
0,0.2966,14391
0,0.2966,15183
0,0.2966,23743
0,0.2966,44302
0,0.2966,47002
0,0.2966,72871
0,0.2966,118845
0,0.2966,122982
0,0.2966,452352
0,0.2966,519132
0,0.2966,524893
0,0.2966,555319
0,0.2966,806606
0,0.2967,10118
0,0.2967,10133
0,0.2967,10397
0,0.2967,10628
0,0.2967,13334
0,0.2967,19792
0,0.2967,23477
0,0.2967,25951
0,0.2967,28086
0,0.2967,28144
0,0.2967,30611
0,0.2967,33229
0,0.2967,34089
0,0.2967,46096
0,0.2967,71900
0,0.2967,124790
0,0.2967,147169
0,0.2967,521171
0,0.2967,524208
0,0.2967,530791
0,0.2967,555318
0,0.2968,10716
0,0.2968,11092
0,0.2968,11262
0,0.2968,11292
0,0.2968,11608
0,0.2968,14089
0,0.2968,15547
0,0.2968,21267
0,0.2968,23012
0,0.2968,29176
0,0.2968,37190
0,0.2968,39054
0,0.2968,39802
0,0.2968,51537
0,0.2968,53813
0,0.2968,88157
0,0.2968,103186
0,0.2968,129758
0,0.2969,10390
0,0.2969,11112
0,0.2969,11141
0,0.2969,11143
0,0.2969,11788
0,0.2969,12160
0,0.2969,12241
0,0.2969,14161
0,0.2969,14437
0,0.2969,17569
0,0.2969,22166
0,0.2969,33047
0,0.2969,33165
0,0.2969,34464
0,0.2969,35634
0,0.2969,38860
0,0.2969,53050
0,0.2969,73492
0,0.2969,73508
0,0.2969,119949
0,0.2969,267437
0,0.2969,521210
0,0.2969,530777
0,0.2970,10561
0,0.2970,10632
0,0.2970,11531
0,0.2970,11805
0,0.2970,12541
0,0.2970,13143
0,0.2970,13375
0,0.2970,13479
0,0.2970,13761
0,0.2970,15125
0,0.2970,16005
0,0.2970,18043
0,0.2970,18867
0,0.2970,22473
0,0.2970,23003
0,0.2970,42215
0,0.2970,46960
0,0.2970,57932
0,0.2970,63944
0,0.2970,68736
0,0.2970,124211
0,0.2970,512883
0,0.2970,520475
0,0.2970,800782
0,0.2970,904395
0,0.2971,10473
0,0.2971,10904
0,0.2971,11469
0,0.2971,11606
0,0.2971,11930
0,0.2971,21332
0,0.2971,26305
0,0.2971,34533
0,0.2971,43652
0,0.2971,46954
0,0.2971,56966
0,0.2971,57542
0,0.2971,63944
0,0.2971,64457
0,0.2971,64701
0,0.2971,69815
0,0.2971,99080
0,0.2971,99721
0,0.2971,203048
0,0.2971,513843
0,0.2971,515096
0,0.2971,518294
0,0.2971,519242
0,0.2971,520466
0,0.2971,521158
0,0.2971,556574
0,0.2972,12162
0,0.2972,13550
0,0.2972,16188
0,0.2972,16434
0,0.2972,16513
0,0.2972,19768
0,0.2972,22243
0,0.2972,22671
0,0.2972,25166
0,0.2972,36573
0,0.2972,41805
0,0.2972,45513
0,0.2972,49754
0,0.2972,59035
0,0.2972,59678
0,0.2972,76504
0,0.2972,97536
0,0.2972,99721
0,0.2972,515161
0,0.2972,519850
0,0.2972,563873
0,0.2972,800642
0,0.2973,10109
0,0.2973,10756
0,0.2973,10929
0,0.2973,10973
0,0.2973,11501
0,0.2973,12171
0,0.2973,13610
0,0.2973,14435
0,0.2973,14530
0,0.2973,15294
0,0.2973,18179
0,0.2973,20707
0,0.2973,26223
0,0.2973,43363
0,0.2973,43847
0,0.2973,63981
0,0.2973,66076
0,0.2973,70325
0,0.2973,80094
0,0.2973,516097
0,0.2973,520002
0,0.2973,522730
0,0.2973,523591
0,0.2973,524082
0,0.2973,524968
0,0.2973,532766
0,0.2974,10169
0,0.2974,10767
0,0.2974,10808
0,0.2974,11030
0,0.2974,11289
0,0.2974,11620
0,0.2974,11828
0,0.2974,13095
0,0.2974,13153
0,0.2974,13232
0,0.2974,13944
0,0.2974,16207
0,0.2974,17350
0,0.2974,22105
0,0.2974,26977
0,0.2974,28640
0,0.2974,37912
0,0.2974,44026
0,0.2974,58230
0,0.2974,69646
0,0.2974,96311
0,0.2974,142998
0,0.2974,145091
0,0.2974,511807
0,0.2974,515158
0,0.2974,517351
0,0.2974,552393
0,0.2974,800685
0,0.2975,11174
0,0.2975,11556
0,0.2975,11996
0,0.2975,12460
0,0.2975,12705
0,0.2975,21725
0,0.2975,23416
0,0.2975,39257
0,0.2975,41889
0,0.2975,46188
0,0.2975,48178
0,0.2975,142052
0,0.2975,513841
0,0.2975,521437
0,0.2975,524152
0,0.2975,533589
0,0.2975,800480
0,0.2975,801930
0,0.2976,10629
0,0.2976,11342
0,0.2976,12571
0,0.2976,12815
0,0.2976,13194
0,0.2976,13621
0,0.2976,13821
0,0.2976,16610
0,0.2976,16648
0,0.2976,22040
0,0.2976,29090
0,0.2976,40838
0,0.2976,45016
0,0.2976,48521
0,0.2976,48614
0,0.2976,67244
0,0.2976,121759
0,0.2976,523893
0,0.2976,830514
0,0.2977,10356
0,0.2977,10376
0,0.2977,10408
0,0.2977,10515
0,0.2977,12152
0,0.2977,12332
0,0.2977,12387
0,0.2977,13198
0,0.2977,16601
0,0.2977,26711
0,0.2977,27151
0,0.2977,30102
0,0.2977,32656
0,0.2977,34914
0,0.2977,37202
0,0.2977,40350
0,0.2977,41393
0,0.2977,44995
0,0.2977,47515
0,0.2977,60346
0,0.2977,118845
0,0.2977,513911
0,0.2977,519970
0,0.2977,526634
0,0.2977,535999
0,0.2977,564174
0,0.2978,10096
0,0.2978,10262
0,0.2978,10296
0,0.2978,10540
0,0.2978,11594
0,0.2978,12717
0,0.2978,12929
0,0.2978,13027
0,0.2978,14158
0,0.2978,14340
0,0.2978,14665
0,0.2978,14799
0,0.2978,15431
0,0.2978,16416
0,0.2978,16526
0,0.2978,24985
0,0.2978,27614
0,0.2978,33340
0,0.2978,53002
0,0.2978,60910
0,0.2978,339719
0,0.2978,536845
0,0.2978,581332
0,0.2978,801736
0,0.2978,803558
0,0.2979,10647
0,0.2979,11294
0,0.2979,13056
0,0.2979,16454
0,0.2979,21099
0,0.2979,30703
0,0.2979,40733
0,0.2979,50389
0,0.2979,52415
0,0.2979,65448
0,0.2979,119868
0,0.2979,154649
0,0.2979,280660
0,0.2979,512797
0,0.2979,516322
0,0.2979,516433
0,0.2979,543774
0,0.2979,805362
0,0.2980,10084
0,0.2980,10321
0,0.2980,10459
0,0.2980,10786
0,0.2980,11229
0,0.2980,11523
0,0.2980,13380
0,0.2980,15662
0,0.2980,20496
0,0.2980,21567
0,0.2980,24394
0,0.2980,35113
0,0.2980,40001
0,0.2980,44781
0,0.2980,59932
0,0.2980,69520
0,0.2980,91799
0,0.2980,514425
0,0.2980,515155
0,0.2980,524990
0,0.2980,551294
0,0.2980,579253
0,0.2980,801610
0,0.2980,801813
0,0.2980,809744
0,0.2981,10867
0,0.2981,11345
0,0.2981,11517
0,0.2981,12671
0,0.2981,13852
0,0.2981,13940
0,0.2981,16124
0,0.2981,17027
0,0.2981,19921
0,0.2981,21505
0,0.2981,27024
0,0.2981,30914
0,0.2981,31397
0,0.2981,44858
0,0.2981,53144
0,0.2981,54307
0,0.2981,57978
0,0.2981,67058
0,0.2981,75689
0,0.2981,134256
0,0.2981,523060
0,0.2981,523351
0,0.2981,527409
0,0.2981,527470
0,0.2981,800135
0,0.2981,803864
0,0.2981,812106
0,0.2982,10342
0,0.2982,10456
0,0.2982,10463
0,0.2982,10569
0,0.2982,11379
0,0.2982,11992
0,0.2982,12958
0,0.2982,13707
0,0.2982,13716
0,0.2982,14343
0,0.2982,29555
0,0.2982,40685
0,0.2982,41598
0,0.2982,46096
0,0.2982,58836
0,0.2982,68701
0,0.2982,69061
0,0.2982,153574
0,0.2982,520916
0,0.2982,527351
0,0.2982,527430
0,0.2982,531999
0,0.2982,562451
0,0.2983,10254
0,0.2983,11783
0,0.2983,11837
0,0.2983,11870
0,0.2983,11975
0,0.2983,12934
0,0.2983,14066
0,0.2983,14139
0,0.2983,15619
0,0.2983,16013
0,0.2983,20581
0,0.2983,43811
0,0.2983,46266
0,0.2983,53885
0,0.2983,59618
0,0.2983,61962
0,0.2983,62367
0,0.2983,170256
0,0.2983,203048
0,0.2983,522891
0,0.2983,544259
0,0.2983,803420
0,0.2983,903153
0,0.2983,907793
0,0.2983,911658
0,0.2984,10423
0,0.2984,10977
0,0.2984,11478
0,0.2984,11744
0,0.2984,13384
0,0.2984,18695
0,0.2984,21382
0,0.2984,30469
0,0.2984,31117
0,0.2984,36258
0,0.2984,48739
0,0.2984,60017
0,0.2984,68692
0,0.2984,75344
0,0.2984,124690
0,0.2984,517458
0,0.2984,527577
0,0.2985,11409
0,0.2985,11624
0,0.2985,11817
0,0.2985,14510
0,0.2985,15517
0,0.2985,17310
0,0.2985,18165
0,0.2985,21557
0,0.2985,27416
0,0.2985,30021
0,0.2985,30421
0,0.2985,31068
0,0.2985,36844
0,0.2985,44840
0,0.2985,53326
0,0.2985,58623
0,0.2985,62771
0,0.2985,121384
0,0.2985,518580
0,0.2985,524238
0,0.2985,525105
0,0.2985,918902
0,0.2986,11725
0,0.2986,11736
0,0.2986,12012
0,0.2986,14572
0,0.2986,15795
0,0.2986,16437
0,0.2986,19767
0,0.2986,22276
0,0.2986,28406
0,0.2986,32321
0,0.2986,35121
0,0.2986,38549
0,0.2986,42904
0,0.2986,58845
0,0.2986,66970
0,0.2986,84445
0,0.2986,99139
0,0.2986,134783
0,0.2986,163045
0,0.2986,513418
0,0.2986,515551
0,0.2987,10905
0,0.2987,11359
0,0.2987,11721
0,0.2987,11959
0,0.2987,11993
0,0.2987,12513
0,0.2987,12765
0,0.2987,14243
0,0.2987,14874
0,0.2987,16616
0,0.2987,16862
0,0.2987,17614
0,0.2987,17722
0,0.2987,18203
0,0.2987,22494
0,0.2987,35155
0,0.2987,37070
0,0.2987,49945
0,0.2987,56739
0,0.2987,58975
0,0.2987,60011
0,0.2987,76172
0,0.2987,77967
0,0.2987,96213
0,0.2987,520003
0,0.2987,523317
0,0.2987,532655
0,0.2987,534777
0,0.2987,538094
0,0.2987,555967
0,0.2987,580637
0,0.2987,800898
0,0.2987,801088
0,0.2988,10070
0,0.2988,10201
0,0.2988,11400
0,0.2988,11514
0,0.2988,13684
0,0.2988,14666
0,0.2988,15647
0,0.2988,16781
0,0.2988,18084
0,0.2988,20620
0,0.2988,22665
0,0.2988,24502
0,0.2988,25476
0,0.2988,34084
0,0.2988,37955
0,0.2988,38024
0,0.2988,40261
0,0.2988,41179
0,0.2988,48452
0,0.2988,52402
0,0.2988,58586
0,0.2988,69650
0,0.2988,108535
0,0.2988,111109
0,0.2988,111345
0,0.2988,523828
0,0.2988,804989
0,0.2989,10429
0,0.2989,10486
0,0.2989,10613
0,0.2989,10650
0,0.2989,11583
0,0.2989,12023
0,0.2989,13431
0,0.2989,14430
0,0.2989,15864
0,0.2989,15920
0,0.2989,21166
0,0.2989,25963
0,0.2989,33591
0,0.2989,41787
0,0.2989,62286
0,0.2989,64457
0,0.2989,70248
0,0.2989,74106
0,0.2989,77108
0,0.2989,88912
0,0.2989,119212
0,0.2989,133583
0,0.2989,148909
0,0.2989,174194
0,0.2989,512796
0,0.2989,814586
0,0.2990,10134
0,0.2990,12711
0,0.2990,12994
0,0.2990,13886
0,0.2990,14661
0,0.2990,23132
0,0.2990,23200
0,0.2990,23958
0,0.2990,27627
0,0.2990,36026
0,0.2990,46430
0,0.2990,49255
0,0.2990,54382
0,0.2990,54959
0,0.2990,62031
0,0.2990,94617
0,0.2990,99721
0,0.2990,111803
0,0.2990,126345
0,0.2990,128455
0,0.2990,800157
0,0.2990,800551
0,0.2990,800928
0,0.2991,11914
0,0.2991,12354
0,0.2991,13596
0,0.2991,15905
0,0.2991,18834
0,0.2991,20168
0,0.2991,23854
0,0.2991,26551
0,0.2991,52614
0,0.2991,69140
0,0.2991,104490
0,0.2991,133908
0,0.2991,247232
0,0.2991,546406
0,0.2991,588356
0,0.2991,908572
0,0.2992,10111
0,0.2992,10138
0,0.2992,10140
0,0.2992,10151
0,0.2992,10297
0,0.2992,10806
0,0.2992,11399
0,0.2992,12320
0,0.2992,13221
0,0.2992,14514
0,0.2992,21688
0,0.2992,38333
0,0.2992,40182
0,0.2992,54202
0,0.2992,63944
0,0.2992,67398
0,0.2992,122378
0,0.2992,513114
0,0.2992,518153
0,0.2992,532662
0,0.2992,905652
0,0.2993,10209
0,0.2993,12756
0,0.2993,16136
0,0.2993,17325
0,0.2993,26423
0,0.2993,33502
0,0.2993,34535
0,0.2993,49632
0,0.2993,52771
0,0.2993,58157
0,0.2993,72945
0,0.2993,76225
0,0.2993,76309
0,0.2993,115664
0,0.2993,123543
0,0.2993,128455
0,0.2993,137731
0,0.2993,138447
0,0.2993,529031
0,0.2994,10198
0,0.2994,11135
0,0.2994,11722
0,0.2994,12231
0,0.2994,12279
0,0.2994,14869
0,0.2994,19290
0,0.2994,21756
0,0.2994,23401
0,0.2994,23896
0,0.2994,33922
0,0.2994,36577
0,0.2994,40376
0,0.2994,95581
0,0.2994,101524
0,0.2994,102133
0,0.2994,117427
0,0.2994,195727
0,0.2994,516780
0,0.2994,800206
0,0.2995,10049
0,0.2995,10097
0,0.2995,10126
0,0.2995,10141
0,0.2995,11170
0,0.2995,11244
0,0.2995,11281
0,0.2995,12312
0,0.2995,12367
0,0.2995,18332
0,0.2995,21798
0,0.2995,27893
0,0.2995,31345
0,0.2995,38204
0,0.2995,42307
0,0.2995,50497
0,0.2995,53326
0,0.2995,56430
0,0.2995,57888
0,0.2995,62528
0,0.2995,73161
0,0.2995,80380
0,0.2995,183161
0,0.2995,519616
0,0.2995,555966
0,0.2995,810889
0,0.2996,10263
0,0.2996,10524
0,0.2996,11991
0,0.2996,12977
0,0.2996,14985
0,0.2996,15961
0,0.2996,16636
0,0.2996,18713
0,0.2996,27775
0,0.2996,29826
0,0.2996,32880
0,0.2996,49570
0,0.2996,56207
0,0.2996,109271
0,0.2996,130279
0,0.2996,145128
0,0.2996,147169
0,0.2996,524207
0,0.2996,800860
0,0.2996,804140
0,0.2997,10604
0,0.2997,10942
0,0.2997,11099
0,0.2997,17847
0,0.2997,19314
0,0.2997,19387
0,0.2997,21637
0,0.2997,24979
0,0.2997,31345
0,0.2997,40435
0,0.2997,46096
0,0.2997,49376
0,0.2997,58738
0,0.2997,121593
0,0.2997,121759
0,0.2997,521935
0,0.2997,800896
0,0.2998,10218
0,0.2998,11922
0,0.2998,12111
0,0.2998,31196
0,0.2998,31348
0,0.2998,79776
0,0.2998,136581
0,0.2998,519842
0,0.2998,801189
0,0.2998,801280
0,0.2998,918582
0,0.2999,10031
0,0.2999,10564
0,0.2999,11546
0,0.2999,13936
0,0.2999,14319
0,0.2999,14461
0,0.2999,17406
0,0.2999,18016
0,0.2999,23204
0,0.2999,29420
0,0.2999,32482
0,0.2999,32958
0,0.2999,33501
0,0.2999,36443
0,0.2999,41801
0,0.2999,56288
0,0.2999,77380
0,0.2999,99858
0,0.2999,515266
0,0.2999,518788
0,0.2999,529429
