trial,t,flywire_id
0,0.0008,841372881
0,0.0020,427967297
0,0.0031,521444
0,0.0037,701647131
0,0.0042,521444
0,0.0047,489781
0,0.0050,600700832
0,0.0052,701647131
0,0.0056,434199
0,0.0056,319204020
0,0.0060,701647131
0,0.0066,521444
0,0.0070,10981
0,0.0072,11585
0,0.0084,15170
0,0.0086,54465
0,0.0087,10548
0,0.0088,18325
0,0.0090,18351
0,0.0091,19197
0,0.0096,539704
0,0.0098,31871
0,0.0100,11036
0,0.0102,11496
0,0.0105,522840
0,0.0106,11415
0,0.0112,521444
0,0.0122,879469321
0,0.0123,600700832
0,0.0125,10165
0,0.0132,549638
0,0.0134,11604
0,0.0137,600700832
0,0.0142,10695
0,0.0145,14026
0,0.0146,512555
0,0.0147,427967297
0,0.0154,25684
0,0.0155,555259
0,0.0158,879469321
0,0.0170,18814
0,0.0176,600700832
0,0.0180,23162
0,0.0184,10981
0,0.0206,11585
0,0.0207,374296357
0,0.0217,14611
0,0.0228,319204020
0,0.0229,374296357
0,0.0237,521444
0,0.0238,879469321
0,0.0240,841372881
0,0.0248,434199
0,0.0256,10553
0,0.0258,427967297
0,0.0264,15170
0,0.0269,12520
0,0.0269,54465
0,0.0289,18351
0,0.0293,10548
0,0.0294,10981
0,0.0300,521444
0,0.0301,841372881
0,0.0304,317223538
0,0.0304,427967297
0,0.0308,879469321
0,0.0310,15051
0,0.0312,11585
0,0.0314,521444
0,0.0320,539704
0,0.0320,879469321
0,0.0323,841372881
0,0.0324,31871
0,0.0328,523039
0,0.0335,522840
0,0.0336,11036
0,0.0336,14194
0,0.0336,317223538
0,0.0338,10864
0,0.0339,12622
0,0.0340,10981
0,0.0340,11415
0,0.0341,19197
0,0.0345,28332
0,0.0349,317223538
0,0.0350,10165
0,0.0350,10692
0,0.0351,512614
0,0.0354,15170
0,0.0356,524604
0,0.0357,54465
0,0.0359,11496
0,0.0359,24701
0,0.0360,10548
0,0.0364,374296357
0,0.0365,13272
0,0.0365,18351
0,0.0368,10643
0,0.0368,18325
0,0.0369,10506
0,0.0369,43765
0,0.0370,12498
0,0.0371,514297
0,0.0372,524606
0,0.0374,13146
0,0.0375,10553
0,0.0376,10492
0,0.0376,13652
0,0.0376,514951
0,0.0376,555259
0,0.0377,523633
0,0.0378,10467
0,0.0378,11506
0,0.0378,11710
0,0.0380,514333
0,0.0381,10538
0,0.0381,10695
0,0.0381,520621
0,0.0381,524254
0,0.0383,12851
0,0.0387,879469321
0,0.0388,13630
0,0.0389,549638
0,0.0392,13178
0,0.0393,11951
0,0.0393,14206
0,0.0393,600700832
0,0.0395,14745
0,0.0396,20102
0,0.0403,512859
0,0.0406,36541
0,0.0407,517268
0,0.0409,11604
0,0.0417,531643
0,0.0421,14210
0,0.0422,12378
0,0.0425,427967297
0,0.0426,14026
0,0.0427,15140
0,0.0427,40773
0,0.0428,489781
0,0.0429,15302
0,0.0430,12169
0,0.0432,427967297
0,0.0433,434199
0,0.0435,13364
0,0.0436,11403
0,0.0438,15148
0,0.0440,524363
0,0.0441,24975
0,0.0441,800461
0,0.0443,489781
0,0.0444,800163
0,0.0446,520862
0,0.0447,10587
0,0.0448,903602
0,0.0449,22931
0,0.0450,20418
0,0.0451,804941
0,0.0453,800565
0,0.0456,15653
0,0.0458,14098
0,0.0458,805598
0,0.0467,800061
0,0.0468,919509
0,0.0469,10203
0,0.0471,14537
0,0.0472,12590
0,0.0472,879469321
0,0.0473,519878
0,0.0474,10035
0,0.0474,10499
0,0.0474,11131
0,0.0474,15850
0,0.0476,10967
0,0.0476,13035
0,0.0476,800256
0,0.0476,801173
0,0.0478,16162
0,0.0479,63027
0,0.0482,13336
0,0.0483,11352
0,0.0483,800153
0,0.0484,10299
0,0.0484,512273
0,0.0487,841372881
0,0.0488,40773
0,0.0488,800118
0,0.0488,904707
0,0.0489,23945
0,0.0489,879469321
0,0.0490,11234
0,0.0490,806923
0,0.0490,374296357
0,0.0491,12906
0,0.0492,800163
0,0.0492,801469
0,0.0493,43682
0,0.0493,434199
0,0.0494,427967297
0,0.0495,12622
0,0.0496,13525
0,0.0498,10368
0,0.0498,12657
0,0.0498,23361
0,0.0498,1050111955
0,0.0499,13698
0,0.0499,802072
0,0.0501,12251
0,0.0502,809317
0,0.0502,904280
0,0.0502,600700832
0,0.0504,20129
0,0.0505,13624
0,0.0505,800116
0,0.0506,800353
0,0.0507,10879
0,0.0507,15148
0,0.0507,801918
0,0.0508,10101
0,0.0508,12583
0,0.0508,520862
0,0.0510,16172
0,0.0510,22564
0,0.0510,524363
0,0.0511,11156
0,0.0511,12092
0,0.0511,22474
0,0.0513,12631
0,0.0513,13475
0,0.0514,14973
0,0.0515,520122
0,0.0515,800173
0,0.0516,10499
0,0.0516,16741
0,0.0516,17386
0,0.0516,806898
0,0.0517,11164
0,0.0517,12170
0,0.0517,114715
0,0.0518,10336
0,0.0519,16878
0,0.0519,22080
0,0.0520,12493
0,0.0520,519296
0,0.0521,12777
0,0.0521,801785
0,0.0522,513970
0,0.0523,18616
0,0.0524,24880
0,0.0524,26441
0,0.0525,10241
0,0.0525,28332
0,0.0526,23826
0,0.0526,319204020
0,0.0527,11048
0,0.0527,11290
0,0.0527,16221
0,0.0527,20473
0,0.0527,26284
0,0.0528,811652
0,0.0528,879469321
0,0.0529,13178
0,0.0529,905170
0,0.0531,10329
0,0.0531,13004
0,0.0531,15140
0,0.0531,19631
0,0.0531,19640
0,0.0532,12180
0,0.0533,10072
0,0.0533,10184
0,0.0533,12173
0,0.0533,12497
0,0.0533,21581
0,0.0534,10078
0,0.0534,10482
0,0.0534,11352
0,0.0534,12093
0,0.0534,20652
0,0.0534,805190
0,0.0535,10011
0,0.0535,19268
0,0.0535,19946
0,0.0535,800256
0,0.0535,800685
0,0.0536,10608
0,0.0536,11260
0,0.0536,427967297
0,0.0537,10203
0,0.0537,12894
0,0.0537,524190
0,0.0537,879469321
0,0.0538,10692
0,0.0538,11751
0,0.0538,14278
0,0.0538,16098
0,0.0538,800061
0,0.0538,800174
0,0.0539,32413
0,0.0539,801824
0,0.0539,803041
0,0.0539,906719
0,0.0540,10046
0,0.0540,10260
0,0.0540,14098
0,0.0541,10088
0,0.0541,10740
0,0.0541,520816
0,0.0542,10165
0,0.0542,10314
0,0.0542,10627
0,0.0542,19664
0,0.0543,10383
0,0.0543,11241
0,0.0543,122112
0,0.0543,800258
0,0.0543,807177
0,0.0544,10202
0,0.0544,12402
0,0.0544,12787
0,0.0545,36541
0,0.0546,10222
0,0.0546,10428
0,0.0546,15825
0,0.0546,16370
0,0.0546,20788
0,0.0546,800115
0,0.0546,800863
0,0.0546,903366
0,0.0547,12595
0,0.0547,18278
0,0.0547,930012
0,0.0548,10107
0,0.0548,11764
0,0.0548,18940
0,0.0548,22596
0,0.0549,13179
0,0.0549,13364
0,0.0549,14113
0,0.0549,24961
0,0.0549,521675
0,0.0549,801173
0,0.0550,10255
0,0.0550,12089
0,0.0550,12158
0,0.0550,544361
0,0.0550,807020
0,0.0551,11231
0,0.0551,49246
0,0.0551,174810
0,0.0551,801890
0,0.0551,803321
0,0.0552,39880
0,0.0552,522975
0,0.0552,801283
0,0.0553,12490
0,0.0553,12818
0,0.0553,20743
0,0.0553,21668
0,0.0553,555759
0,0.0553,903834
0,0.0554,11445
0,0.0554,818789
0,0.0554,374296357
0,0.0555,10101
0,0.0555,10265
0,0.0555,12092
0,0.0555,12141
0,0.0555,19441
0,0.0555,39102
0,0.0555,902491
0,0.0556,10269
0,0.0556,800051
0,0.0557,10830
0,0.0557,11188
0,0.0557,11312
0,0.0557,12123
0,0.0557,13624
0,0.0557,14306
0,0.0557,531434
0,0.0557,800860
0,0.0557,600700832
0,0.0558,10839
0,0.0558,802072
0,0.0559,10531
0,0.0559,10751
0,0.0559,10787
0,0.0559,10845
0,0.0559,12251
0,0.0559,12902
0,0.0559,14213
0,0.0559,30777
0,0.0559,800041
0,0.0560,10322
0,0.0560,10330
0,0.0560,10480
0,0.0560,10612
0,0.0560,12693
0,0.0560,13079
0,0.0560,22128
0,0.0560,537032
0,0.0560,800288
0,0.0560,809317
0,0.0561,10204
0,0.0561,10856
0,0.0561,11006
0,0.0561,11375
0,0.0561,12734
0,0.0561,12904
0,0.0561,14486
0,0.0561,23893
0,0.0561,1055278121
0,0.0562,11485
0,0.0562,11947
0,0.0562,12590
0,0.0562,23628
0,0.0563,10282
0,0.0563,11029
0,0.0563,11156
0,0.0563,12631
0,0.0563,12642
0,0.0563,907315
0,0.0564,10242
0,0.0564,10414
0,0.0564,10863
0,0.0564,10917
0,0.0564,11403
0,0.0564,801027
0,0.0564,804941
0,0.0565,12622
0,0.0565,13539
0,0.0565,801909
0,0.0565,902982
0,0.0566,10011
0,0.0566,10040
0,0.0566,10060
0,0.0566,10119
0,0.0566,10318
0,0.0566,12140
0,0.0566,13499
0,0.0566,19084
0,0.0566,40773
0,0.0566,522465
0,0.0567,10072
0,0.0567,14075
0,0.0567,800747
0,0.0568,10490
0,0.0568,800116
0,0.0569,10682
0,0.0569,10831
0,0.0569,11354
0,0.0569,11979
0,0.0569,524363
0,0.0569,801725
0,0.0569,805501
0,0.0570,12976
0,0.0570,14299
0,0.0570,16079
0,0.0571,10251
0,0.0571,11155
0,0.0571,11234
0,0.0571,14537
0,0.0571,16878
0,0.0571,18265
0,0.0571,28332
0,0.0571,83661
0,0.0571,520862
0,0.0571,521358
0,0.0571,802151
0,0.0572,15148
0,0.0572,244400
0,0.0572,800153
0,0.0572,804647
0,0.0572,821933
0,0.0573,10485
0,0.0573,11316
0,0.0573,11718
0,0.0573,12170
0,0.0573,15925
0,0.0573,242405
0,0.0573,802605
0,0.0574,10114
0,0.0574,10587
0,0.0574,482128
0,0.0574,801469
0,0.0575,10872
0,0.0575,12493
0,0.0575,16741
0,0.0575,512165
0,0.0575,805598
0,0.0576,10699
0,0.0576,12906
0,0.0576,13099
0,0.0576,15310
0,0.0576,15503
0,0.0576,20473
0,0.0576,904708
0,0.0577,10190
0,0.0577,16069
0,0.0577,800150
0,0.0577,906299
0,0.0577,600700832
0,0.0578,10754
0,0.0578,11352
0,0.0578,15719
0,0.0578,15790
0,0.0578,21624
0,0.0578,22085
0,0.0578,523062
0,0.0578,903573
0,0.0579,17386
0,0.0579,24619
0,0.0579,326964
0,0.0579,557215
0,0.0579,813845
0,0.0579,919509
0,0.0580,10302
0,0.0580,12159
0,0.0580,12497
0,0.0580,55021
0,0.0580,520122
0,0.0580,521306
0,0.0580,801382
0,0.0581,10554
0,0.0581,16645
0,0.0581,16948
0,0.0581,18616
0,0.0581,22151
0,0.0581,192306
0,0.0581,800353
0,0.0581,903116
0,0.0581,841372881
0,0.0582,11410
0,0.0582,12901
0,0.0582,15653
0,0.0582,16117
0,0.0582,19363
0,0.0582,21644
0,0.0582,22190
0,0.0582,516820
0,0.0582,801144
0,0.0582,803750
0,0.0583,10627
0,0.0583,11085
0,0.0583,11406
0,0.0583,12169
0,0.0583,13877
0,0.0583,22564
0,0.0583,82663
0,0.0583,519365
0,0.0583,556449
0,0.0583,800053
0,0.0583,801918
0,0.0583,903653
0,0.0584,10085
0,0.0584,10488
0,0.0584,10807
0,0.0584,13313
0,0.0584,14385
0,0.0584,17694
0,0.0584,17892
0,0.0584,800072
0,0.0584,800135
0,0.0584,802152
0,0.0585,10203
0,0.0585,10226
0,0.0585,10271
0,0.0585,10272
0,0.0585,10312
0,0.0585,10825
0,0.0585,10950
0,0.0585,12307
0,0.0585,12520
0,0.0585,13492
0,0.0585,14909
0,0.0585,16955
0,0.0585,19224
0,0.0585,19998
0,0.0585,800256
0,0.0585,903720
0,0.0586,10093
0,0.0586,10687
0,0.0586,11027
0,0.0586,14563
0,0.0586,904280
0,0.0587,10051
0,0.0587,11146
0,0.0587,13622
0,0.0587,515140
0,0.0587,800562
0,0.0587,801214
0,0.0587,913441
0,0.0588,10935
0,0.0588,11932
0,0.0588,14130
0,0.0588,801006
0,0.0588,806317
0,0.0589,10132
0,0.0589,10658
0,0.0589,14098
0,0.0589,16150
0,0.0589,20319
0,0.0589,516060
0,0.0589,906817
0,0.0590,10156
0,0.0590,10959
0,0.0590,11109
0,0.0590,14973
0,0.0590,18118
0,0.0590,20102
0,0.0590,20129
0,0.0590,20288
0,0.0591,10170
0,0.0591,10740
0,0.0591,13079
0,0.0591,16172
0,0.0591,19306
0,0.0591,513930
0,0.0591,800061
0,0.0592,10276
0,0.0592,10323
0,0.0592,10365
0,0.0592,10499
0,0.0592,13178
0,0.0592,13475
0,0.0592,19253
0,0.0592,514092
0,0.0592,522909
0,0.0592,801386
0,0.0592,812878
0,0.0593,10611
0,0.0593,12858
0,0.0593,13103
0,0.0593,13553
0,0.0593,14140
0,0.0593,16221
0,0.0593,16689
0,0.0593,46011
0,0.0593,513405
0,0.0593,812511
0,0.0594,10394
0,0.0594,13445
0,0.0594,18997
0,0.0594,537032
0,0.0594,800371
0,0.0594,800687
0,0.0594,904589
0,0.0595,10052
0,0.0595,10215
0,0.0595,11377
0,0.0595,12710
0,0.0595,13073
0,0.0595,14486
0,0.0595,21806
0,0.0595,511797
0,0.0595,800344
0,0.0595,813658
0,0.0595,902453
0,0.0596,10101
0,0.0596,11419
0,0.0596,12657
0,0.0596,14278
0,0.0596,23960
0,0.0596,40463
0,0.0596,519658
0,0.0596,800173
0,0.0597,22474
0,0.0597,31825
0,0.0597,489781
0,0.0597,519947
0,0.0597,570132
0,0.0597,800224
0,0.0597,902262
0,0.0597,904707
0,0.0597,701647131
0,0.0598,10336
0,0.0598,11164
0,0.0598,11265
0,0.0598,12209
0,0.0598,12631
0,0.0598,513970
0,0.0598,520816
0,0.0598,530101
0,0.0598,801824
0,0.0599,12724
0,0.0599,17245
0,0.0599,515278
0,0.0599,519630
0,0.0599,800536
0,0.0599,815344
0,0.0600,10222
0,0.0600,11156
0,0.0600,12622
0,0.0600,16764
0,0.0600,20652
0,0.0600,20886
0,0.0600,35345
0,0.0600,514758
0,0.0600,524190
0,0.0600,800596
0,0.0600,808800
0,0.0600,903216
0,0.0600,903574
0,0.0600,909451
0,0.0601,10941
0,0.0601,11113
0,0.0601,11375
0,0.0601,11484
0,0.0601,11595
0,0.0601,11947
0,0.0601,13295
0,0.0601,22033
0,0.0601,24540
0,0.0601,26764
0,0.0602,10314
0,0.0602,10358
0,0.0602,10428
0,0.0602,11260
0,0.0602,11357
0,0.0602,12251
0,0.0602,12583
0,0.0602,44836
0,0.0602,521650
0,0.0602,523636
0,0.0602,556450
0,0.0602,802236
0,0.0602,905003
0,0.0602,933913
0,0.0603,11241
0,0.0603,13402
0,0.0603,13624
0,0.0603,26441
0,0.0603,802306
0,0.0603,804129
0,0.0603,904657
0,0.0603,904685
0,0.0604,12092
0,0.0604,22414
0,0.0604,23654
0,0.0604,67384
0,0.0604,521537
0,0.0604,802407
0,0.0604,802555
0,0.0604,802780
0,0.0604,905170
0,0.0605,10102
0,0.0605,10107
0,0.0605,10164
0,0.0605,10255
0,0.0605,12093
0,0.0605,18180
0,0.0605,22080
0,0.0605,36541
0,0.0605,521624
0,0.0605,800141
0,0.0605,800636
0,0.0605,802046
0,0.0605,814091
0,0.0605,814625
0,0.0605,919551
0,0.0605,926154
0,0.0606,10383
0,0.0606,10608
0,0.0606,10827
0,0.0606,12670
0,0.0606,19850
0,0.0606,800335
0,0.0606,906476
0,0.0607,13004
0,0.0607,14892
0,0.0607,15689
0,0.0607,16643
0,0.0607,19110
0,0.0607,41598
0,0.0607,800236
0,0.0607,932684
0,0.0608,10011
0,0.0608,12650
0,0.0608,13182
0,0.0608,13857
0,0.0608,17218
0,0.0608,17861
0,0.0608,24880
0,0.0608,515110
0,0.0608,520691
0,0.0608,800269
0,0.0609,10731
0,0.0609,11764
0,0.0609,11787
0,0.0609,13578
0,0.0609,15440
0,0.0609,16473
0,0.0609,38926
0,0.0609,513499
0,0.0609,800226
0,0.0609,806898
0,0.0610,10088
0,0.0610,10294
0,0.0610,11961
0,0.0610,12894
0,0.0610,19268
0,0.0610,39382
0,0.0610,525959
0,0.0610,800759
0,0.0610,801902
0,0.0610,803740
0,0.0610,811652
0,0.0611,11401
0,0.0611,19246
0,0.0611,19919
0,0.0611,39852
0,0.0611,45311
0,0.0611,800838
0,0.0611,801060
0,0.0611,805745
0,0.0611,904022
0,0.0611,911054
0,0.0611,374296357
0,0.0612,10551
0,0.0612,12787
0,0.0612,15602
0,0.0612,17663
0,0.0612,19946
0,0.0612,523744
0,0.0612,800392
0,0.0613,10418
0,0.0613,11242
0,0.0613,11751
0,0.0613,12595
0,0.0613,15140
0,0.0613,16098
0,0.0613,16707
0,0.0613,21823
0,0.0613,36691
0,0.0613,40773
0,0.0613,530154
0,0.0613,800233
0,0.0613,803718
0,0.0613,908315
0,0.0614,15285
0,0.0614,15510
0,0.0614,17115
0,0.0614,512456
0,0.0614,521444
0,0.0614,801183
0,0.0614,805992
0,0.0615,12141
0,0.0615,14624
0,0.0615,527588
0,0.0615,800694
0,0.0616,10338
0,0.0616,19081
0,0.0616,19348
0,0.0616,19455
0,0.0616,19655
0,0.0616,28332
0,0.0616,519724
0,0.0616,524156
0,0.0616,801493
0,0.0616,802232
0,0.0616,906329
0,0.0617,10072
0,0.0617,10448
0,0.0617,11048
0,0.0617,11520
0,0.0617,14213
0,0.0617,19214
0,0.0617,19541
0,0.0617,63923
0,0.0617,522715
0,0.0617,524254
0,0.0617,525530
0,0.0618,11445
0,0.0618,12232
0,0.0618,12768
0,0.0618,15808
0,0.0618,518386
0,0.0619,11506
0,0.0619,20705
0,0.0619,524608
0,0.0619,800438
0,0.0619,800702
0,0.0619,801494
0,0.0619,803433
0,0.0619,805477
0,0.0620,10167
0,0.0620,10531
0,0.0620,10570
0,0.0620,10612
0,0.0620,12068
0,0.0620,20873
0,0.0620,802072
0,0.0620,803829
0,0.0620,903652
0,0.0620,903689
0,0.0621,14978
0,0.0621,16493
0,0.0621,21581
0,0.0621,21750
0,0.0621,800115
0,0.0621,801231
0,0.0621,904236
0,0.0622,10692
0,0.0622,10939
0,0.0622,11414
0,0.0622,11659
0,0.0622,18120
0,0.0622,517852
0,0.0622,800217
0,0.0622,810535
0,0.0623,11029
0,0.0623,12123
0,0.0623,12590
0,0.0623,25078
0,0.0623,805451
0,0.0624,10203
0,0.0624,11405
0,0.0624,12170
0,0.0624,12497
0,0.0624,12812
0,0.0624,12822
0,0.0624,13364
0,0.0624,14997
0,0.0624,19191
0,0.0624,22596
0,0.0624,512390
0,0.0624,524363
0,0.0624,800052
0,0.0624,800143
0,0.0624,317223538
0,0.0625,14306
0,0.0625,25180
0,0.0625,36379
0,0.0625,516634
0,0.0625,520862
0,0.0625,800118
0,0.0625,803041
0,0.0625,807277
0,0.0626,10482
0,0.0626,14024
0,0.0626,17504
0,0.0626,23540
0,0.0626,24885
0,0.0626,32413
0,0.0626,800140
0,0.0626,801755
0,0.0626,813796
0,0.0627,10078
0,0.0627,10243
0,0.0627,10451
0,0.0627,10676
0,0.0627,10763
0,0.0627,12028
0,0.0627,12206
0,0.0627,12601
0,0.0627,800256
0,0.0627,800827
0,0.0627,802181
0,0.0627,805190
0,0.0627,809979
0,0.0627,814110
0,0.0627,903091
0,0.0627,903545
0,0.0628,10165
0,0.0628,11095
0,0.0628,11288
0,0.0628,14664
0,0.0628,15680
0,0.0628,17939
0,0.0628,22757
0,0.0628,521306
0,0.0628,800116
0,0.0628,800863
0,0.0628,903819
0,0.0628,904838
0,0.0629,10374
0,0.0629,10443
0,0.0629,11175
0,0.0629,11352
0,0.0629,25985
0,0.0629,26619
0,0.0629,30164
0,0.0629,523657
0,0.0629,802781
0,0.0629,807702
0,0.0630,14113
0,0.0630,18278
0,0.0630,520641
0,0.0630,800088
0,0.0630,801283
0,0.0630,803176
0,0.0630,930012
0,0.0631,11023
0,0.0631,11332
0,0.0631,11485
0,0.0631,12947
0,0.0631,13854
0,0.0631,17525
0,0.0631,286259
0,0.0631,513222
0,0.0631,522763
0,0.0631,800415
0,0.0631,800430
0,0.0631,803384
0,0.0631,928274
0,0.0632,11403
0,0.0632,12140
0,0.0632,12813
0,0.0632,13022
0,0.0632,13178
0,0.0632,15004
0,0.0632,19631
0,0.0632,23826
0,0.0632,511989
0,0.0632,523772
0,0.0632,800041
0,0.0632,801022
0,0.0632,801173
0,0.0633,10202
0,0.0633,10242
0,0.0633,10411
0,0.0633,11038
0,0.0633,12065
0,0.0633,12252
0,0.0633,12348
0,0.0633,13201
0,0.0633,19613
0,0.0633,21849
0,0.0633,512077
0,0.0633,514766
0,0.0633,801002
0,0.0633,905090
0,0.0634,10362
0,0.0634,10415
0,0.0634,10960
0,0.0634,11602
0,0.0634,12642
0,0.0634,12693
0,0.0634,13079
0,0.0634,16639
0,0.0634,23954
0,0.0634,24743
0,0.0634,25038
0,0.0634,26284
0,0.0634,26932
0,0.0634,46013
0,0.0634,122112
0,0.0634,530635
0,0.0634,533196
0,0.0634,544361
0,0.0634,800213
0,0.0634,805051
0,0.0635,10109
0,0.0635,10184
0,0.0635,10279
0,0.0635,11982
0,0.0635,12173
0,0.0635,13539
0,0.0635,14075
0,0.0635,23575
0,0.0635,34820
0,0.0635,39880
0,0.0635,810586
0,0.0635,902773
0,0.0636,10751
0,0.0636,14299
0,0.0636,15071
0,0.0636,16079
0,0.0636,18265
0,0.0636,434199
0,0.0636,531367
0,0.0636,555342
0,0.0636,802252
0,0.0636,811487
0,0.0636,900035
0,0.0636,905945
0,0.0637,10040
0,0.0637,11054
0,0.0637,11410
0,0.0637,12830
0,0.0637,16370
0,0.0637,17322
0,0.0637,18123
0,0.0637,20656
0,0.0638,10414
0,0.0638,12039
0,0.0638,12734
0,0.0638,14486
0,0.0638,63287
0,0.0638,555726
0,0.0638,800184
0,0.0638,800330
0,0.0638,810639
0,0.0638,902491
0,0.0638,902672
0,0.0638,934091
0,0.0639,10825
0,0.0639,10830
0,0.0639,12144
0,0.0639,12976
0,0.0639,13007
0,0.0639,15925
0,0.0639,17706
0,0.0639,19084
0,0.0639,20788
0,0.0639,24961
0,0.0639,29590
0,0.0639,46691
0,0.0639,520386
0,0.0639,523716
0,0.0639,525960
0,0.0640,10282
0,0.0640,10285
0,0.0640,10687
0,0.0640,10738
0,0.0640,10863
0,0.0640,10872
0,0.0640,12089
0,0.0640,12169
0,0.0640,36070
0,0.0640,50622
0,0.0640,800757
0,0.0640,806586
0,0.0641,10119
0,0.0641,10856
0,0.0641,11006
0,0.0641,12904
0,0.0641,14098
0,0.0641,33586
0,0.0641,153028
0,0.0641,805362
0,0.0642,10226
0,0.0642,10587
0,0.0642,10831
0,0.0642,10967
0,0.0642,11081
0,0.0642,20756
0,0.0642,22058
0,0.0642,26786
0,0.0642,511797
0,0.0642,800655
0,0.0642,1050111955
0,0.0643,10251
0,0.0643,10658
0,0.0643,11455
0,0.0643,12086
0,0.0643,43682
0,0.0643,516170
0,0.0643,558854
0,0.0643,808506
0,0.0643,818789
0,0.0644,11723
0,0.0644,13179
0,0.0644,15212
0,0.0644,515457
0,0.0644,800928
0,0.0644,801491
0,0.0644,802132
0,0.0645,13135
0,0.0645,15719
0,0.0645,22128
0,0.0645,38650
0,0.0645,520883
0,0.0645,530836
0,0.0645,800566
0,0.0645,904743
0,0.0645,841372881
0,0.0646,10215
0,0.0646,10537
0,0.0646,11979
0,0.0646,13771
0,0.0646,15825
0,0.0646,22085
0,0.0646,24619
0,0.0646,199633
0,0.0646,537032
0,0.0646,800506
0,0.0646,802810
0,0.0647,10060
0,0.0647,10265
0,0.0647,10436
0,0.0647,10499
0,0.0647,11066
0,0.0647,11231
0,0.0647,12771
0,0.0647,13084
0,0.0647,13622
0,0.0647,15653
0,0.0647,17535
0,0.0647,18022
0,0.0647,29637
0,0.0647,800497
0,0.0647,802137
0,0.0647,804941
0,0.0647,903519
0,0.0647,934591
0,0.0648,10101
0,0.0648,13310
0,0.0648,14278
0,0.0648,15503
0,0.0648,15790
0,0.0648,16878
0,0.0648,17588
0,0.0648,22090
0,0.0648,50965
0,0.0648,434199
0,0.0648,801192
0,0.0648,801675
0,0.0648,803070
0,0.0648,803241
0,0.0649,10740
0,0.0649,27983
0,0.0649,520117
0,0.0649,800271
0,0.0649,802914
0,0.0649,811975
0,0.0650,10080
0,0.0650,10178
0,0.0650,10318
0,0.0650,11497
0,0.0650,12136
0,0.0650,13984
0,0.0650,19441
0,0.0650,21644
0,0.0650,512060
0,0.0650,519367
0,0.0650,531434
0,0.0650,557215
0,0.0650,801453
0,0.0650,801890
0,0.0650,801946
0,0.0650,801975
0,0.0650,802315
0,0.0650,903567
0,0.0651,10269
0,0.0651,13754
0,0.0651,17878
0,0.0651,23688
0,0.0651,227102
0,0.0651,529571
0,0.0651,832490
0,0.0652,10471
0,0.0652,10696
0,0.0652,11310
0,0.0652,15110
0,0.0652,27111
0,0.0652,555501
0,0.0652,801082
0,0.0652,904826
0,0.0653,11028
0,0.0653,11234
0,0.0653,14034
0,0.0653,16069
0,0.0653,16408
0,0.0653,22151
0,0.0653,25273
0,0.0653,34680
0,0.0653,242405
0,0.0653,512118
0,0.0653,555458
0,0.0653,800135
0,0.0653,800539
0,0.0653,904280
0,0.0654,10480
0,0.0654,14048
0,0.0654,14207
0,0.0654,15148
0,0.0654,15891
0,0.0654,16645
0,0.0654,16948
0,0.0654,22579
0,0.0654,519818
0,0.0654,800696
0,0.0654,804647
0,0.0655,10663
0,0.0655,11634
0,0.0655,18321
0,0.0655,24254
0,0.0655,27339
0,0.0655,83661
0,0.0655,519365
0,0.0655,520388
0,0.0655,521624
0,0.0655,523636
0,0.0655,800258
0,0.0655,803340
0,0.0656,11156
0,0.0656,16221
0,0.0656,28093
0,0.0656,30416
0,0.0656,31633
0,0.0656,802453
0,0.0656,902501
0,0.0656,906661
0,0.0657,10308
0,0.0657,16061
0,0.0657,16117
0,0.0657,19363
0,0.0657,20129
0,0.0657,24451
0,0.0657,519132
0,0.0657,805689
0,0.0658,10278
0,0.0658,11312
0,0.0658,12610
0,0.0658,23628
0,0.0658,800212
0,0.0658,800304
0,0.0658,801094
0,0.0659,13428
0,0.0659,14259
0,0.0659,15494
0,0.0659,31653
0,0.0659,515520
0,0.0659,519705
0,0.0659,801382
0,0.0660,10050
0,0.0660,11327
0,0.0660,11934
0,0.0660,13885
0,0.0660,16955
0,0.0660,17694
0,0.0660,19175
0,0.0660,30950
0,0.0660,523331
0,0.0660,547701
0,0.0660,800061
0,0.0660,800646
0,0.0661,10839
0,0.0661,21646
0,0.0661,31227
0,0.0661,811700
0,0.0662,11188
0,0.0662,12906
0,0.0662,16864
0,0.0662,17386
0,0.0662,21527
0,0.0662,71940
0,0.0662,513711
0,0.0662,519131
0,0.0662,801214
0,0.0662,801909
0,0.0662,803762
0,0.0662,902278
0,0.0663,11155
0,0.0663,11419
0,0.0663,13501
0,0.0663,15562
0,0.0663,18118
0,0.0663,22190
0,0.0663,22474
0,0.0663,23701
0,0.0663,29107
0,0.0663,70088
0,0.0663,800311
0,0.0663,800743
0,0.0663,801246
0,0.0663,801469
0,0.0663,802151
0,0.0664,10322
0,0.0664,12493
0,0.0664,35058
0,0.0664,521675
0,0.0664,533748
0,0.0664,800809
0,0.0664,903484
0,0.0664,904983
0,0.0664,913736
0,0.0664,936773
0,0.0664,605725659
0,0.0665,11193
0,0.0665,12724
0,0.0665,12901
0,0.0665,14973
0,0.0665,17892
0,0.0665,18303
0,0.0665,20473
0,0.0665,520816
0,0.0665,800008
0,0.0665,800262
0,0.0665,800771
0,0.0665,801730
0,0.0665,902313
0,0.0666,10555
0,0.0666,10845
0,0.0666,11009
0,0.0666,12278
0,0.0666,13405
0,0.0666,13492
0,0.0666,15858
0,0.0666,16172
0,0.0666,18564
0,0.0666,18743
0,0.0666,802354
0,0.0666,912122
0,0.0667,10460
0,0.0667,11719
0,0.0667,12159
0,0.0667,15412
0,0.0667,16538
0,0.0667,19664
0,0.0667,511926
0,0.0667,513174
0,0.0667,800217
0,0.0667,802923
0,0.0667,803177
0,0.0668,13628
0,0.0668,14160
0,0.0668,15243
0,0.0668,18712
0,0.0668,19224
0,0.0668,19240
0,0.0668,20288
0,0.0668,21554
0,0.0668,40773
0,0.0668,801085
0,0.0668,803748
0,0.0668,902552
0,0.0669,17799
0,0.0669,18616
0,0.0669,18940
0,0.0669,20010
0,0.0669,21783
0,0.0669,26605
0,0.0669,30761
0,0.0669,524668
0,0.0669,800897
0,0.0669,802028
0,0.0669,805598
0,0.0669,701647131
0,0.0670,11027
0,0.0670,11075
0,0.0670,11931
0,0.0670,13182
0,0.0670,20319
0,0.0670,547689
0,0.0670,800020
0,0.0670,800141
0,0.0670,822749
0,0.0671,11241
0,0.0671,11618
0,0.0671,12092
0,0.0671,14227
0,0.0671,16274
0,0.0671,16827
0,0.0671,19003
0,0.0671,555827
0,0.0671,801027
0,0.0671,802312
0,0.0671,808511
0,0.0671,906719
0,0.0672,10606
0,0.0672,11264
0,0.0672,12631
0,0.0672,17274
0,0.0672,22047
0,0.0672,30051
0,0.0672,512887
0,0.0672,519865
0,0.0672,800315
0,0.0672,800654
0,0.0672,809394
0,0.0672,812511
0,0.0673,10204
0,0.0673,11428
0,0.0673,13289
0,0.0673,14563
0,0.0673,17420
0,0.0673,38847
0,0.0673,801153
0,0.0673,801455
0,0.0673,803047
0,0.0673,904707
0,0.0673,427967297
0,0.0674,13402
0,0.0674,13878
0,0.0674,14263
0,0.0674,16150
0,0.0674,16465
0,0.0674,18496
0,0.0674,18889
0,0.0674,517754
0,0.0674,525958
0,0.0674,800230
0,0.0674,801785
0,0.0674,813845
0,0.0675,10203
0,0.0675,10488
0,0.0675,11900
0,0.0675,15308
0,0.0675,18206
0,0.0675,18215
0,0.0675,27341
0,0.0675,800153
0,0.0675,801113
0,0.0675,802662
0,0.0675,919509
0,0.0676,10489
0,0.0676,13624
0,0.0676,16850
0,0.0676,17909
0,0.0676,18953
0,0.0676,55021
0,0.0676,62207
0,0.0676,800330
0,0.0676,801007
0,0.0676,801670
0,0.0676,814625
0,0.0677,10271
0,0.0677,10310
0,0.0677,10497
0,0.0677,10935
0,0.0677,12622
0,0.0677,13079
0,0.0677,18391
0,0.0677,19612
0,0.0677,20102
0,0.0677,800259
0,0.0677,800344
0,0.0677,800849
0,0.0677,802621
0,0.0677,815344
0,0.0677,904101
0,0.0678,10190
0,0.0678,10302
0,0.0678,10807
0,0.0678,11352
0,0.0678,15905
0,0.0678,16862
0,0.0678,18956
0,0.0678,20714
0,0.0678,515110
0,0.0678,516060
0,0.0678,801500
0,0.0678,802734
0,0.0678,802768
0,0.0678,907978
0,0.0679,10554
0,0.0679,10738
0,0.0679,16260
0,0.0679,19306
0,0.0679,525959
0,0.0679,801718
0,0.0679,804760
0,0.0680,13475
0,0.0680,16781
0,0.0680,20652
0,0.0680,515015
0,0.0680,521306
0,0.0680,524883
0,0.0680,801616
0,0.0680,801813
0,0.0680,903834
0,0.0681,10428
0,0.0681,12657
0,0.0681,13236
0,0.0681,14486
0,0.0681,19253
0,0.0681,20743
0,0.0681,28332
0,0.0681,33892
0,0.0681,524363
0,0.0681,800150
0,0.0681,801715
0,0.0682,10490
0,0.0682,10559
0,0.0682,11109
0,0.0682,11403
0,0.0682,14435
0,0.0682,14694
0,0.0682,18997
0,0.0682,514489
0,0.0682,800720
0,0.0682,801088
0,0.0683,10101
0,0.0683,10338
0,0.0683,10499
0,0.0683,10932
0,0.0683,11085
0,0.0683,11102
0,0.0683,12093
0,0.0683,13553
0,0.0683,15829
0,0.0683,18951
0,0.0683,47922
0,0.0683,529029
0,0.0683,534301
0,0.0683,801673
0,0.0683,903520
0,0.0684,10255
0,0.0684,10336
0,0.0684,11164
0,0.0684,21637
0,0.0684,522909
0,0.0684,801617
0,0.0684,801828
0,0.0684,815678
0,0.0684,908561
0,0.0685,10072
0,0.0685,10699
0,0.0685,10950
0,0.0685,11113
0,0.0685,11402
0,0.0685,12595
0,0.0685,14903
0,0.0685,15094
0,0.0685,26441
0,0.0685,44847
0,0.0685,523482
0,0.0685,801676
0,0.0685,903366
0,0.0685,600700832
0,0.0686,10794
0,0.0686,11354
0,0.0686,12787
0,0.0686,13141
0,0.0686,16184
0,0.0686,18226
0,0.0686,800256
0,0.0686,801195
0,0.0686,802951
0,0.0687,10959
0,0.0687,14255
0,0.0687,16689
0,0.0687,17301
0,0.0687,19457
0,0.0687,434199
0,0.0687,555759
0,0.0688,11288
0,0.0688,12141
0,0.0688,12251
0,0.0688,15127
0,0.0688,15281
0,0.0688,15440
0,0.0688,16741
0,0.0688,41801
0,0.0688,532334
0,0.0688,814489
0,0.0688,906354
0,0.0689,10114
0,0.0689,10312
0,0.0689,10704
0,0.0689,11770
0,0.0689,13445
0,0.0689,16382
0,0.0689,21624
0,0.0689,513970
0,0.0689,800116
0,0.0689,800125
0,0.0689,800430
0,0.0689,800685
0,0.0690,10411
0,0.0690,11146
0,0.0690,12043
0,0.0690,16986
0,0.0690,18915
0,0.0690,22825
0,0.0690,53821
0,0.0690,514092
0,0.0691,10205
0,0.0691,11375
0,0.0691,11440
0,0.0691,11447
0,0.0691,11751
0,0.0691,13295
0,0.0691,16429
0,0.0691,16600
0,0.0691,17695
0,0.0691,803321
0,0.0691,812183
0,0.0692,10253
0,0.0692,10330
0,0.0692,11377
0,0.0692,11947
0,0.0692,14098
0,0.0692,14697
0,0.0692,22564
0,0.0692,24880
0,0.0692,519228
0,0.0692,530101
0,0.0692,530154
0,0.0692,803228
0,0.0693,14234
0,0.0693,14664
0,0.0693,17244
0,0.0693,18587
0,0.0693,19290
0,0.0693,520862
0,0.0693,802046
0,0.0693,802461
0,0.0693,802960
0,0.0694,10189
0,0.0694,17354
0,0.0694,58481
0,0.0694,802638
0,0.0694,903903
0,0.0694,926518
0,0.0694,374296357
0,0.0695,10365
0,0.0695,10740
0,0.0695,12830
0,0.0695,16457
0,0.0695,16597
0,0.0695,19618
0,0.0695,800226
0,0.0695,807312
0,0.0696,14290
0,0.0696,22080
0,0.0696,54440
0,0.0696,99329
0,0.0696,803147
0,0.0696,806923
0,0.0697,10052
0,0.0697,10751
0,0.0697,10863
0,0.0697,12170
0,0.0697,800876
0,0.0697,801173
0,0.0697,811652
0,0.0697,903533
0,0.0698,10138
0,0.0698,10540
0,0.0698,11670
0,0.0698,14864
0,0.0698,15140
0,0.0698,800687
0,0.0698,801899
0,0.0698,907315
0,0.0698,914445
0,0.0698,934092
0,0.0699,11156
0,0.0699,13178
0,0.0699,13854
0,0.0699,14213
0,0.0699,14537
0,0.0699,16002
0,0.0699,326964
0,0.0699,801824
0,0.0700,11406
0,0.0700,14869
0,0.0700,18265
0,0.0700,800288
0,0.0700,800742
0,0.0700,801362
0,0.0700,811316
0,0.0701,10069
0,0.0701,10170
0,0.0701,10827
0,0.0701,10960
0,0.0701,12173
0,0.0701,16098
0,0.0701,16764
0,0.0701,19268
0,0.0701,22033
0,0.0701,23960
0,0.0701,534534
0,0.0701,803933
0,0.0702,10676
0,0.0702,12497
0,0.0702,42095
0,0.0702,516680
0,0.0702,800021
0,0.0702,903573
0,0.0703,12872
0,0.0703,13622
0,0.0703,21937
0,0.0703,31719
0,0.0703,516796
0,0.0703,802390
0,0.0703,802500
0,0.0703,803979
0,0.0703,804997
0,0.0703,905170
0,0.0704,10202
0,0.0704,10394
0,0.0704,12710
0,0.0704,33232
0,0.0704,36704
0,0.0704,434199
0,0.0704,515289
0,0.0704,906235
0,0.0705,10294
0,0.0705,17086
0,0.0705,17185
0,0.0705,19616
0,0.0705,21668
0,0.0705,30016
0,0.0705,823168
0,0.0706,10107
0,0.0706,12307
0,0.0706,19946
0,0.0706,23437
0,0.0706,40463
0,0.0707,12158
0,0.0707,14306
0,0.0707,15041
0,0.0707,27893
0,0.0707,29436
0,0.0707,40045
0,0.0707,43732
0,0.0707,520115
0,0.0707,531708
0,0.0708,14385
0,0.0708,15423
0,0.0708,16643
0,0.0708,29322
0,0.0708,36894
0,0.0708,800213
0,0.0708,803433
0,0.0708,807464
0,0.0709,10908
0,0.0709,13347
0,0.0709,13364
0,0.0709,15653
0,0.0709,31198
0,0.0709,46380
0,0.0709,47277
0,0.0709,520122
0,0.0709,804919
0,0.0709,812134
0,0.0709,903091
0,0.0709,904280
0,0.0710,12092
0,0.0710,512199
0,0.0710,516981
0,0.0710,521466
0,0.0710,556450
0,0.0710,802072
0,0.0710,802959
0,0.0711,11048
0,0.0711,12976
0,0.0711,13860
0,0.0711,14192
0,0.0711,14278
0,0.0711,15182
0,0.0711,15441
0,0.0711,17276
0,0.0711,20072
0,0.0711,20129
0,0.0711,30233
0,0.0711,520117
0,0.0711,803072
0,0.0711,803684
0,0.0711,808685
0,0.0711,319204020
0,0.0712,10078
0,0.0712,10264
0,0.0712,10512
0,0.0712,13004
0,0.0712,13190
0,0.0712,22596
0,0.0712,67864
0,0.0712,156076
0,0.0712,537032
0,0.0712,804826
0,0.0713,13539
0,0.0713,14140
0,0.0713,32185
0,0.0713,32413
0,0.0713,37125
0,0.0713,39687
0,0.0713,511989
0,0.0713,513930
0,0.0713,800173
0,0.0713,805501
0,0.0713,812878
0,0.0713,879469321
0,0.0714,10011
0,0.0714,10870
0,0.0714,32762
0,0.0714,37709
0,0.0714,519658
0,0.0714,533470
0,0.0714,904061
0,0.0714,841372881
0,0.0715,10627
0,0.0715,10776
0,0.0715,10816
0,0.0715,11539
0,0.0715,17076
0,0.0715,36199
0,0.0715,122112
0,0.0715,800586
0,0.0715,807638
0,0.0716,10289
0,0.0716,10323
0,0.0716,10933
0,0.0716,11208
0,0.0716,14075
0,0.0716,15503
0,0.0716,519817
0,0.0716,523455
0,0.0717,10088
0,0.0717,17939
0,0.0717,20441
0,0.0717,31575
0,0.0717,800422
0,0.0717,801397
0,0.0717,804797
0,0.0717,807174
0,0.0718,13760
0,0.0718,16878
0,0.0718,79634
0,0.0718,802864
0,0.0718,808664
0,0.0719,10272
0,0.0719,10796
0,0.0719,12590
0,0.0719,15510
0,0.0719,800578
0,0.0719,801304
0,0.0719,801469
0,0.0719,801752
0,0.0719,902453
0,0.0720,11701
0,0.0720,12973
0,0.0720,521028
0,0.0720,570132
0,0.0720,800372
0,0.0720,800762
0,0.0720,801492
0,0.0720,801918
0,0.0721,10488
0,0.0721,11979
0,0.0721,800183
0,0.0721,803041
0,0.0721,904708
0,0.0722,11955
0,0.0722,12601
0,0.0722,16587
0,0.0722,18539
0,0.0722,22641
0,0.0723,10271
0,0.0723,10663
0,0.0723,11234
0,0.0723,20062
0,0.0723,804078
0,0.0723,806898
0,0.0724,10807
0,0.0724,14539
0,0.0724,19084
0,0.0724,22474
0,0.0724,24961
0,0.0724,30132
0,0.0724,32119
0,0.0724,33032
0,0.0724,38413
0,0.0724,40773
0,0.0724,100006
0,0.0724,521406
0,0.0725,10531
0,0.0725,12734
0,0.0725,15666
0,0.0725,22058
0,0.0725,38316
0,0.0725,70167
0,0.0725,544361
0,0.0725,800257
0,0.0725,803141
0,0.0725,804129
0,0.0726,12622
0,0.0726,14018
0,0.0726,15189
0,0.0726,37330
0,0.0726,514758
0,0.0726,802099
0,0.0726,813866
0,0.0727,12650
0,0.0727,14779
0,0.0727,16370
0,0.0727,23453
0,0.0727,28602
0,0.0727,29093
0,0.0727,30352
0,0.0727,515410
0,0.0727,523017
0,0.0727,809317
0,0.0727,906520
0,0.0728,16226
0,0.0728,24619
0,0.0728,25517
0,0.0728,32772
0,0.0728,33444
0,0.0728,36492
0,0.0728,41958
0,0.0728,244400
0,0.0728,800650
0,0.0729,14414
0,0.0729,30935
0,0.0729,34690
0,0.0729,44917
0,0.0729,800241
0,0.0729,800304
0,0.0729,801002
0,0.0729,801611
0,0.0729,803165
0,0.0729,817640
0,0.0729,903280
0,0.0729,909451
0,0.0730,10101
0,0.0730,10203
0,0.0730,11241
0,0.0730,11247
0,0.0730,12910
0,0.0730,17386
0,0.0730,19441
0,0.0730,20594
0,0.0730,57776
0,0.0730,905068
0,0.0731,10097
0,0.0731,22757
0,0.0731,28332
0,0.0731,32462
0,0.0731,35464
0,0.0731,807177
0,0.0732,19631
0,0.0732,511797
0,0.0732,800959
0,0.0732,801283
0,0.0732,802450
0,0.0732,803813
0,0.0732,807020
0,0.0732,902519
0,0.0733,10794
0,0.0733,10950
0,0.0733,12089
0,0.0733,19214
0,0.0733,20473
0,0.0733,524190
0,0.0733,801836
0,0.0734,10249
0,0.0734,11260
0,0.0734,12140
0,0.0734,12906
0,0.0734,15237
0,0.0734,15852
0,0.0734,18559
0,0.0734,18688
0,0.0734,20652
0,0.0734,29655
0,0.0734,37735
0,0.0734,37981
0,0.0734,800061
0,0.0734,800559
0,0.0734,801017
0,0.0735,12642
0,0.0735,12894
0,0.0735,17115
0,0.0735,17218
0,0.0735,31330
0,0.0735,512060
0,0.0735,520862
0,0.0735,524883
0,0.0735,903284
0,0.0736,10845
0,0.0736,11182
0,0.0736,11220
0,0.0736,11764
0,0.0736,13492
0,0.0736,13578
0,0.0736,22128
0,0.0736,34402
0,0.0736,512662
0,0.0736,801909
0,0.0736,805190
0,0.0737,10132
0,0.0737,11188
0,0.0737,11485
0,0.0737,18088
0,0.0737,23705
0,0.0737,26495
0,0.0737,39880
0,0.0737,800256
0,0.0737,800596
0,0.0737,802977
0,0.0737,806109
0,0.0737,806317
0,0.0737,955658695
0,0.0738,10480
0,0.0738,10587
0,0.0738,10839
0,0.0738,11295
0,0.0738,11312
0,0.0738,15530
0,0.0738,17015
0,0.0738,17861
0,0.0738,18413
0,0.0738,18616
0,0.0738,39399
0,0.0738,801710
0,0.0739,10222
0,0.0739,10242
0,0.0739,10330
0,0.0739,11577
0,0.0739,11915
0,0.0739,12251
0,0.0739,12493
0,0.0739,13084
0,0.0739,18170
0,0.0739,33962
0,0.0739,800116
0,0.0739,801144
0,0.0739,319204020
0,0.0739,1055278121
0,0.0740,10040
0,0.0740,10080
0,0.0740,10166
0,0.0740,15262
0,0.0740,17525
0,0.0740,23893
0,0.0740,35233
0,0.0740,519946
0,0.0740,521306
0,0.0740,524363
0,0.0740,524415
0,0.0740,800115
0,0.0740,802328
0,0.0740,808539
0,0.0741,14449
0,0.0741,33562
0,0.0741,520341
0,0.0741,904676
0,0.0742,10469
0,0.0742,10658
0,0.0742,10856
0,0.0742,20788
0,0.0742,24357
0,0.0742,26862
0,0.0742,48527
0,0.0742,242405
0,0.0742,803857
0,0.0742,804941
0,0.0742,815456
0,0.0742,904183
0,0.0743,10072
0,0.0743,11131
0,0.0743,11445
0,0.0743,12583
0,0.0743,16517
0,0.0743,17117
0,0.0743,21702
0,0.0743,520618
0,0.0743,802729
0,0.0743,853504
0,0.0743,903216
0,0.0743,930012
0,0.0744,10414
0,0.0744,10608
0,0.0744,10887
0,0.0744,12657
0,0.0744,13406
0,0.0744,13751
0,0.0744,15071
0,0.0744,16573
0,0.0744,16989
0,0.0744,19455
0,0.0744,36541
0,0.0744,41534
0,0.0744,517193
0,0.0744,801138
0,0.0744,802145
0,0.0744,811395
0,0.0744,902518
0,0.0744,906299
0,0.0745,12595
0,0.0745,14239
0,0.0745,519211
0,0.0745,522971
0,0.0745,800863
0,0.0746,10555
0,0.0746,10787
0,0.0746,515110
0,0.0746,516557
0,0.0746,522975
0,0.0746,535102
0,0.0746,800636
0,0.0746,802160
0,0.0746,902672
0,0.0747,10226
0,0.0747,12395
0,0.0747,30119
0,0.0747,516070
0,0.0747,522335
0,0.0747,800894
0,0.0747,803566
0,0.0747,805992
0,0.0748,10251
0,0.0748,11006
0,0.0748,13428
0,0.0748,18180
0,0.0748,512357
0,0.0748,555837
0,0.0748,804647
0,0.0748,811400
0,0.0748,821933
0,0.0749,10269
0,0.0749,12497
0,0.0749,12631
0,0.0749,12727
0,0.0749,18277
0,0.0749,22190
0,0.0749,513405
0,0.0749,513831
0,0.0749,801884
0,0.0749,801890
0,0.0749,810473
0,0.0749,909409
0,0.0750,10087
0,0.0750,10499
0,0.0750,14973
0,0.0750,800041
0,0.0750,800167
0,0.0751,10699
0,0.0751,12788
0,0.0751,13475
0,0.0751,17474
0,0.0751,83661
0,0.0751,525958
0,0.0751,806412
0,0.0751,811684
0,0.0751,1050011487
0,0.0752,12301
0,0.0752,531434
0,0.0752,533431
0,0.0752,556586
0,0.0752,818789
0,0.0752,902796
0,0.0753,10827
0,0.0753,11742
0,0.0753,14135
0,0.0753,14644
0,0.0753,14827
0,0.0753,15190
0,0.0753,17663
0,0.0753,23628
0,0.0753,524254
0,0.0753,533804
0,0.0753,555437
0,0.0753,555472
0,0.0753,800353
0,0.0753,800409
0,0.0753,800685
0,0.0753,902491
0,0.0753,904624
0,0.0754,10282
0,0.0754,10740
0,0.0754,10825
0,0.0754,14098
0,0.0754,20202
0,0.0754,20288
0,0.0754,21581
0,0.0754,515575
0,0.0754,801386
0,0.0754,802306
0,0.0754,814091
0,0.0754,903720
0,0.0755,10748
0,0.0755,11354
0,0.0755,12159
0,0.0755,46691
0,0.0755,88651
0,0.0755,905928
0,0.0755,906460
0,0.0755,928274
0,0.0756,10119
0,0.0756,10184
0,0.0756,10612
0,0.0756,11156
0,0.0756,11164
0,0.0756,15680
0,0.0756,37842
0,0.0756,82663
0,0.0756,800221
0,0.0757,10190
0,0.0757,10265
0,0.0757,11972
0,0.0757,13622
0,0.0757,803740
0,0.0758,10672
0,0.0758,32127
0,0.0758,519901
0,0.0758,939958
0,0.0759,10060
0,0.0759,10370
0,0.0759,10831
0,0.0759,11122
0,0.0759,11375
0,0.0759,13896
0,0.0759,30873
0,0.0759,520386
0,0.0759,521317
0,0.0759,801580
0,0.0760,11352
0,0.0760,11947
0,0.0760,12693
0,0.0760,13962
0,0.0760,14892
0,0.0760,17902
0,0.0760,24614
0,0.0760,26412
0,0.0760,489781
0,0.0760,514766
0,0.0760,800153
0,0.0760,800698
0,0.0760,800928
0,0.0760,801508
0,0.0761,10687
0,0.0761,10941
0,0.0761,17905
0,0.0761,18265
0,0.0761,21991
0,0.0761,25905
0,0.0761,515140
0,0.0761,519365
0,0.0761,525400
0,0.0761,800184
0,0.0761,801632
0,0.0761,841372881
0,0.0762,10696
0,0.0762,11189
0,0.0762,12376
0,0.0762,16172
0,0.0762,22080
0,0.0762,32825
0,0.0762,37929
0,0.0762,556773
0,0.0762,800696
0,0.0762,802835
0,0.0762,903366
0,0.0762,903545
0,0.0762,906817
0,0.0763,10314
0,0.0763,10322
0,0.0763,10531
0,0.0763,13179
0,0.0763,13444
0,0.0763,13700
0,0.0763,13857
0,0.0763,13858
0,0.0763,14553
0,0.0763,26441
0,0.0763,28999
0,0.0763,521444
0,0.0763,800747
0,0.0763,802506
0,0.0763,811986
0,0.0764,10204
0,0.0764,10336
0,0.0764,11484
0,0.0764,11618
0,0.0764,11838
0,0.0764,24684
0,0.0764,800622
0,0.0764,800762
0,0.0764,802507
0,0.0764,819612
0,0.0764,905005
0,0.0765,11266
0,0.0765,11916
0,0.0765,13454
0,0.0765,20212
0,0.0765,27649
0,0.0765,523017
0,0.0765,525408
0,0.0765,800743
0,0.0765,801725
0,0.0766,10428
0,0.0766,12067
0,0.0766,13730
0,0.0766,16639
0,0.0766,29106
0,0.0766,29957
0,0.0766,514620
0,0.0766,801261
0,0.0766,803197
0,0.0766,931203
0,0.0766,879469321
0,0.0767,10554
0,0.0767,11403
0,0.0767,13079
0,0.0767,13754
0,0.0767,15140
0,0.0767,16602
0,0.0767,17966
0,0.0767,23882
0,0.0767,36253
0,0.0767,801113
0,0.0767,801173
0,0.0767,801824
0,0.0768,10011
0,0.0768,10488
0,0.0768,14113
0,0.0768,801304
0,0.0768,801676
0,0.0768,808492
0,0.0768,856359
0,0.0769,10050
0,0.0769,10167
0,0.0769,11718
0,0.0769,13364
0,0.0769,13938
0,0.0769,14486
0,0.0769,14997
0,0.0769,24880
0,0.0769,61766
0,0.0769,800252
0,0.0769,801382
0,0.0769,903945
0,0.0769,926154
0,0.0770,10271
0,0.0770,10676
0,0.0770,11180
0,0.0770,11485
0,0.0770,12025
0,0.0770,12046
0,0.0770,12173
0,0.0770,14673
0,0.0770,15808
0,0.0770,16746
0,0.0770,27135
0,0.0770,489781
0,0.0770,537032
0,0.0770,801263
0,0.0770,805689
0,0.0770,812088
0,0.0771,14024
0,0.0771,27490
0,0.0771,36918
0,0.0771,489781
0,0.0771,512165
0,0.0771,521358
0,0.0771,521763
0,0.0771,803521
0,0.0771,811763
0,0.0772,14278
0,0.0772,16758
0,0.0772,18278
0,0.0772,25532
0,0.0772,38926
0,0.0773,10286
0,0.0773,11540
0,0.0773,12093
0,0.0773,14873
0,0.0773,35345
0,0.0773,36691
0,0.0773,40015
0,0.0773,94422
0,0.0773,511759
0,0.0773,520439
0,0.0773,919509
0,0.0774,10276
0,0.0774,10799
0,0.0774,10807
0,0.0774,10950
0,0.0774,11357
0,0.0774,12140
0,0.0774,13659
0,0.0774,17504
0,0.0774,26284
0,0.0774,40798
0,0.0774,524608
0,0.0774,556719
0,0.0774,801404
0,0.0774,803756
0,0.0775,10114
0,0.0775,10278
0,0.0775,10627
0,0.0775,10912
0,0.0775,11260
0,0.0775,12388
0,0.0775,12875
0,0.0775,15828
0,0.0775,16098
0,0.0775,20418
0,0.0775,22033
0,0.0775,39432
0,0.0775,801469
0,0.0775,805453
0,0.0775,813845
0,0.0776,10872
0,0.0776,19365
0,0.0776,20674
0,0.0776,811914
0,0.0776,815344
0,0.0776,924901
0,0.0777,10928
0,0.0777,11932
0,0.0777,12065
0,0.0777,13151
0,0.0777,13255
0,0.0777,13991
0,0.0777,524806
0,0.0777,800216
0,0.0777,802072
0,0.0777,802654
0,0.0777,905174
0,0.0777,906520
0,0.0778,10312
0,0.0778,13205
0,0.0778,23826
0,0.0778,31825
0,0.0778,812595
0,0.0778,812721
0,0.0779,11146
0,0.0779,12092
0,0.0779,13854
0,0.0779,17074
0,0.0779,520816
0,0.0779,800374
0,0.0779,808800
0,0.0780,10302
0,0.0780,11023
0,0.0780,11048
0,0.0780,12169
0,0.0780,14523
0,0.0780,15004
0,0.0780,17177
0,0.0780,46011
0,0.0780,807880
0,0.0781,11029
0,0.0781,11428
0,0.0781,12901
0,0.0781,14032
0,0.0781,14213
0,0.0781,16811
0,0.0781,17593
0,0.0781,520862
0,0.0781,800343
0,0.0781,802806
0,0.0782,13178
0,0.0782,14133
0,0.0782,16743
0,0.0782,18966
0,0.0782,24517
0,0.0782,802960
0,0.0782,805362
0,0.0783,12904
0,0.0783,14299
0,0.0783,18595
0,0.0783,801273
0,0.0784,10202
0,0.0784,14613
0,0.0784,15888
0,0.0784,20538
0,0.0784,24558
0,0.0784,800088
0,0.0784,807480
0,0.0784,813658
0,0.0785,12336
0,0.0785,12590
0,0.0785,15148
0,0.0785,16079
0,0.0785,16689
0,0.0785,559335
0,0.0785,806245
0,0.0786,10255
0,0.0786,10323
0,0.0786,12825
0,0.0786,13743
0,0.0786,14537
0,0.0786,14899
0,0.0786,15332
0,0.0786,19810
0,0.0786,20102
0,0.0786,27478
0,0.0786,28892
0,0.0786,800061
0,0.0786,800291
0,0.0786,803813
0,0.0787,10107
0,0.0787,10460
0,0.0787,10555
0,0.0787,15825
0,0.0787,23960
0,0.0787,55021
0,0.0787,434199
0,0.0787,556450
0,0.0787,800377
0,0.0787,802181
0,0.0787,600700832
0,0.0788,10683
0,0.0788,11085
0,0.0788,11934
0,0.0788,13295
0,0.0788,16369
0,0.0788,17576
0,0.0788,24463
0,0.0788,28095
0,0.0788,46013
0,0.0788,513711
0,0.0788,800965
0,0.0789,11751
0,0.0789,11806
0,0.0789,12622
0,0.0789,29969
0,0.0789,522763
0,0.0789,524604
0,0.0789,800536
0,0.0789,801141
0,0.0790,10253
0,0.0790,10612
0,0.0790,10735
0,0.0790,11709
0,0.0790,15988
0,0.0790,18288
0,0.0790,20652
0,0.0790,24699
0,0.0790,26619
0,0.0790,39880
0,0.0790,513499
0,0.0790,520122
0,0.0790,521698
0,0.0790,904707
0,0.0791,10175
0,0.0791,13624
0,0.0791,14694
0,0.0791,15653
0,0.0791,15925
0,0.0791,512881
0,0.0791,575669
0,0.0791,801019
0,0.0792,10035
0,0.0792,10299
0,0.0792,10318
0,0.0792,10394
0,0.0792,10587
0,0.0792,10856
0,0.0792,13402
0,0.0792,513057
0,0.0792,513460
0,0.0792,519514
0,0.0793,16741
0,0.0793,18022
0,0.0793,22085
0,0.0793,521369
0,0.0793,802500
0,0.0793,804901
0,0.0793,903574
0,0.0793,905068
0,0.0794,10052
0,0.0794,10959
0,0.0794,10967
0,0.0794,11005
0,0.0794,15719
0,0.0794,20158
0,0.0794,512307
0,0.0794,519946
0,0.0794,811652
0,0.0795,10168
0,0.0795,10368
0,0.0795,10503
0,0.0795,31273
0,0.0795,557215
0,0.0796,10109
0,0.0796,11406
0,0.0796,12251
0,0.0796,15790
0,0.0796,16069
0,0.0796,521306
0,0.0796,802638
0,0.0797,10203
0,0.0797,10677
0,0.0797,13698
0,0.0797,14896
0,0.0797,242405
0,0.0797,512273
0,0.0798,10414
0,0.0798,11234
0,0.0798,12170
0,0.0798,12183
0,0.0798,12452
0,0.0798,13022
0,0.0798,16948
0,0.0798,20996
0,0.0798,21644
0,0.0798,25180
0,0.0798,523010
0,0.0798,555501
0,0.0798,800236
0,0.0798,800842
0,0.0798,820668
0,0.0799,10170
0,0.0799,11053
0,0.0799,11241
0,0.0799,13445
0,0.0799,16645
0,0.0799,19363
0,0.0799,20886
0,0.0799,30891
0,0.0799,114715
0,0.0799,520899
0,0.0799,800008
0,0.0799,800041
0,0.0799,801902
0,0.0799,907515
0,0.0800,10072
0,0.0800,12688
0,0.0800,12734
0,0.0800,16370
0,0.0800,16653
0,0.0800,18123
0,0.0800,800330
0,0.0800,807702
0,0.0800,807972
0,0.0801,10819
0,0.0801,10852
0,0.0801,10935
0,0.0801,11131
0,0.0801,12497
0,0.0801,12595
0,0.0801,15473
0,0.0801,16864
0,0.0801,17694
0,0.0801,19619
0,0.0801,39026
0,0.0801,77693
0,0.0801,515289
0,0.0801,813291
0,0.0801,374296357
0,0.0802,11028
0,0.0802,14886
0,0.0802,20129
0,0.0802,22151
0,0.0802,537899
0,0.0803,10531
0,0.0803,12455
0,0.0803,12710
0,0.0803,19348
0,0.0803,21806
0,0.0803,520883
0,0.0803,800655
0,0.0803,801414
0,0.0803,803750
0,0.0803,807640
0,0.0804,10738
0,0.0804,12976
0,0.0804,16117
0,0.0804,508595
0,0.0804,905004
0,0.0805,10599
0,0.0805,11231
0,0.0805,15243
0,0.0805,19224
0,0.0805,20656
0,0.0805,22596
0,0.0805,31906
0,0.0805,75647
0,0.0805,809979
0,0.0805,810639
0,0.0806,10178
0,0.0806,10385
0,0.0806,10418
0,0.0806,10740
0,0.0806,11375
0,0.0806,14075
0,0.0806,16955
0,0.0806,17386
0,0.0806,18118
0,0.0806,21624
0,0.0806,33488
0,0.0806,54465
0,0.0806,74183
0,0.0806,524363
0,0.0806,803469
0,0.0807,10078
0,0.0807,10411
0,0.0807,11006
0,0.0807,11947
0,0.0807,15127
0,0.0807,17245
0,0.0807,23025
0,0.0807,40773
0,0.0807,800504
0,0.0807,904280
0,0.0807,904639
0,0.0808,11242
0,0.0808,11582
0,0.0808,13004
0,0.0808,14140
0,0.0808,17892
0,0.0808,19246
0,0.0808,19268
0,0.0808,26772
0,0.0808,32413
0,0.0808,522465
0,0.0808,537840
0,0.0808,812511
0,0.0809,10069
0,0.0809,10165
0,0.0809,10294
0,0.0809,15440
0,0.0809,20319
0,0.0809,21783
0,0.0809,35620
0,0.0809,556836
0,0.0809,804679
0,0.0809,805451
0,0.0810,10101
0,0.0810,10692
0,0.0810,10914
0,0.0810,11561
0,0.0810,11893
0,0.0810,13360
0,0.0810,18616
0,0.0810,47267
0,0.0810,521266
0,0.0810,580323
0,0.0810,800257
0,0.0810,905170
0,0.0810,934091
0,0.0811,10088
0,0.0811,10205
0,0.0811,11081
0,0.0811,14098
0,0.0811,16878
0,0.0811,19919
0,0.0811,30641
0,0.0811,326964
0,0.0811,489781
0,0.0811,512314
0,0.0811,519131
0,0.0811,555759
0,0.0811,800809
0,0.0812,11027
0,0.0812,11155
0,0.0812,14563
0,0.0812,14828
0,0.0812,15503
0,0.0812,17274
0,0.0812,24126
0,0.0812,28332
0,0.0812,519940
0,0.0812,802755
0,0.0813,10290
0,0.0813,11245
0,0.0813,12123
0,0.0813,12768
0,0.0813,12787
0,0.0813,12906
0,0.0813,13492
0,0.0813,15674
0,0.0813,22414
0,0.0813,555238
0,0.0813,801746
0,0.0813,805598
0,0.0813,908088
0,0.0814,10365
0,0.0814,16657
0,0.0814,54514
0,0.0814,801189
0,0.0814,934595
0,0.0815,10471
0,0.0815,10794
0,0.0815,12333
0,0.0815,12706
0,0.0815,13539
0,0.0815,16150
0,0.0815,18940
0,0.0815,19081
0,0.0815,20756
0,0.0815,24619
0,0.0815,31749
0,0.0815,43682
0,0.0815,523744
0,0.0815,820881
0,0.0816,10562
0,0.0816,11321
0,0.0816,11377
0,0.0816,11520
0,0.0816,14412
0,0.0816,15250
0,0.0816,516634
0,0.0816,522828
0,0.0817,10011
0,0.0817,11010
0,0.0817,11585
0,0.0817,13079
0,0.0817,13969
0,0.0817,14978
0,0.0817,15891
0,0.0817,515457
0,0.0817,520691
0,0.0817,800258
0,0.0818,10289
0,0.0818,10336
0,0.0818,10663
0,0.0818,11260
0,0.0818,16096
0,0.0818,22474
0,0.0818,520862
0,0.0818,521675
0,0.0818,525530
0,0.0818,555827
0,0.0818,570859
0,0.0818,810072
0,0.0818,810586
0,0.0818,701647131
0,0.0819,10080
0,0.0819,10097
0,0.0819,10499
0,0.0819,11426
0,0.0819,12583
0,0.0819,12698
0,0.0819,13642
0,0.0819,14624
0,0.0819,523037
0,0.0819,580970
0,0.0819,906520
0,0.0819,931656
0,0.0820,10185
0,0.0820,11071
0,0.0820,11764
0,0.0820,12159
0,0.0820,12217
0,0.0820,12493
0,0.0820,12777
0,0.0820,19110
0,0.0820,20234
0,0.0820,24136
0,0.0820,57240
0,0.0820,520529
0,0.0820,524190
0,0.0820,549098
0,0.0820,555473
0,0.0820,801561
0,0.0820,802236
0,0.0820,813796
0,0.0821,10825
0,0.0821,12642
0,0.0821,22090
0,0.0821,22564
0,0.0821,37313
0,0.0821,513222
0,0.0821,516060
0,0.0821,520526
0,0.0821,800301
0,0.0822,10436
0,0.0822,10658
0,0.0822,10707
0,0.0822,11109
0,0.0822,11156
0,0.0822,11164
0,0.0822,12532
0,0.0822,12657
0,0.0822,12813
0,0.0822,13475
0,0.0822,40701
0,0.0822,533748
0,0.0822,809401
0,0.0823,10222
0,0.0823,12068
0,0.0823,14486
0,0.0823,18120
0,0.0823,19306
0,0.0823,47102
0,0.0824,10114
0,0.0824,10138
0,0.0824,10269
0,0.0824,10314
0,0.0824,10448
0,0.0824,10551
0,0.0824,10939
0,0.0824,10981
0,0.0824,12092
0,0.0824,13307
0,0.0824,16700
0,0.0824,20873
0,0.0824,30419
0,0.0824,63027
0,0.0824,75881
0,0.0824,801785
0,0.0825,10608
0,0.0825,11403
0,0.0825,13553
0,0.0825,19253
0,0.0825,32616
0,0.0825,57243
0,0.0825,522354
0,0.0825,841372881
0,0.0826,11988
0,0.0826,12327
0,0.0826,18997
0,0.0826,19441
0,0.0826,21750
0,0.0826,23575
0,0.0826,35430
0,0.0826,800417
0,0.0826,802809
0,0.0826,900035
0,0.0826,903693
0,0.0827,11175
0,0.0827,32918
0,0.0827,44903
0,0.0827,122112
0,0.0827,537032
0,0.0827,555340
0,0.0827,801909
0,0.0828,10687
0,0.0828,10748
0,0.0828,11312
0,0.0828,18787
0,0.0828,34715
0,0.0828,35168
0,0.0828,512581
0,0.0828,513655
0,0.0828,513970
0,0.0828,527588
0,0.0828,530101
0,0.0828,531367
0,0.0829,10699
0,0.0829,10731
0,0.0829,11445
0,0.0829,12028
0,0.0829,19946
0,0.0829,20473
0,0.0829,25078
0,0.0829,25598
0,0.0829,33969
0,0.0829,77377
0,0.0829,520468
0,0.0829,544361
0,0.0830,10379
0,0.0830,10845
0,0.0830,12822
0,0.0830,14385
0,0.0830,15117
0,0.0830,514092
0,0.0830,555342
0,0.0830,806898
0,0.0831,10308
0,0.0831,10839
0,0.0831,11188
0,0.0831,12084
0,0.0831,12730
0,0.0831,13622
0,0.0831,14993
0,0.0831,15877
0,0.0831,20288
0,0.0831,40463
0,0.0831,44325
0,0.0831,530635
0,0.0831,806110
0,0.0831,807277
0,0.0832,10672
0,0.0832,11295
0,0.0832,11657
0,0.0832,12846
0,0.0832,188933
0,0.0832,512720
0,0.0832,530836
0,0.0832,800153
0,0.0832,803176
0,0.0832,810535
0,0.0832,905420
0,0.0833,10226
0,0.0833,10242
0,0.0833,10265
0,0.0833,11017
0,0.0833,12307
0,0.0833,12650
0,0.0833,41534
0,0.0833,43756
0,0.0833,286259
0,0.0833,511757
0,0.0833,515110
0,0.0833,802987
0,0.0833,803339
0,0.0834,10040
0,0.0834,10282
0,0.0834,10322
0,0.0834,10480
0,0.0834,11247
0,0.0834,13057
0,0.0834,13498
0,0.0834,13507
0,0.0834,30540
0,0.0834,83661
0,0.0834,434199
0,0.0834,512060
0,0.0834,523636
0,0.0834,800967
0,0.0834,801007
0,0.0835,10196
0,0.0835,11030
0,0.0835,11208
0,0.0835,12894
0,0.0835,13516
0,0.0835,14278
0,0.0835,39102
0,0.0835,516599
0,0.0835,801173
0,0.0836,10119
0,0.0836,10490
0,0.0836,10710
0,0.0836,14939
0,0.0836,48527
0,0.0836,513405
0,0.0836,518330
0,0.0836,522909
0,0.0836,904983
0,0.0837,11915
0,0.0837,16764
0,0.0837,24885
0,0.0837,43368
0,0.0837,513235
0,0.0837,523017
0,0.0837,524883
0,0.0837,906329
0,0.0838,11375
0,0.0838,11947
0,0.0838,15494
0,0.0838,521028
0,0.0839,10272
0,0.0839,10374
0,0.0839,11602
0,0.0839,12301
0,0.0839,12902
0,0.0839,29578
0,0.0839,533196
0,0.0839,919551
0,0.0840,10279
0,0.0840,10330
0,0.0840,10985
0,0.0840,11485
0,0.0840,12140
0,0.0840,13746
0,0.0840,14461
0,0.0840,18491
0,0.0840,20780
0,0.0840,24743
0,0.0840,26284
0,0.0840,26862
0,0.0840,521210
0,0.0840,521763
0,0.0840,522975
0,0.0840,529512
0,0.0840,800587
0,0.0840,319204020
0,0.0841,12472
0,0.0841,12697
0,0.0841,21122
0,0.0841,23540
0,0.0841,26441
0,0.0841,41598
0,0.0841,801918
0,0.0841,803041
0,0.0842,10612
0,0.0842,10856
0,0.0842,12093
0,0.0842,14306
0,0.0842,16408
0,0.0842,23411
0,0.0842,224753
0,0.0842,519365
0,0.0842,523372
0,0.0843,10187
0,0.0843,10531
0,0.0843,11742
0,0.0843,12817
0,0.0843,14141
0,0.0843,15602
0,0.0843,19613
0,0.0843,19655
0,0.0843,24961
0,0.0843,515578
0,0.0843,521092
0,0.0843,523657
0,0.0843,804825
0,0.0843,903834
0,0.0844,10166
0,0.0844,10251
0,0.0844,22080
0,0.0844,26932
0,0.0844,520016
0,0.0844,800353
0,0.0844,801220
0,0.0844,905945
0,0.0845,10204
0,0.0845,10285
0,0.0845,10428
0,0.0845,10489
0,0.0845,11013
0,0.0845,11029
0,0.0845,17322
0,0.0845,21227
0,0.0845,29639
0,0.0845,74781
0,0.0845,521256
0,0.0845,521317
0,0.0845,803384
0,0.0845,810487
0,0.0846,10060
0,0.0846,10568
0,0.0846,13310
0,0.0846,14752
0,0.0846,15783
0,0.0846,17455
0,0.0846,18265
0,0.0846,21646
0,0.0846,23688
0,0.0846,33038
0,0.0846,34359
0,0.0846,517464
0,0.0846,547701
0,0.0846,555472
0,0.0846,802072
0,0.0846,902672
0,0.0846,906719
0,0.0847,10414
0,0.0847,12500
0,0.0847,13007
0,0.0847,15562
0,0.0847,15997
0,0.0847,16673
0,0.0847,17346
0,0.0847,22128
0,0.0847,47523
0,0.0847,800560
0,0.0848,11886
0,0.0848,12046
0,0.0848,12656
0,0.0848,12693
0,0.0848,12696
0,0.0848,16643
0,0.0848,16910
0,0.0848,19240
0,0.0848,30962
0,0.0848,36423
0,0.0848,84901
0,0.0848,166528
0,0.0848,514758
0,0.0848,517202
0,0.0848,570132
0,0.0849,10203
0,0.0849,10324
0,0.0849,10457
0,0.0849,11166
0,0.0849,11410
0,0.0849,13210
0,0.0849,15310
0,0.0849,15393
0,0.0849,16061
0,0.0849,16827
0,0.0849,23954
0,0.0849,26786
0,0.0849,29590
0,0.0849,519132
0,0.0849,801283
0,0.0850,10243
0,0.0850,15412
0,0.0850,24540
0,0.0850,33075
0,0.0850,523806
0,0.0851,10132
0,0.0851,10302
0,0.0851,10661
0,0.0851,11352
0,0.0851,11433
0,0.0851,12670
0,0.0851,14423
0,0.0851,16098
0,0.0851,16538
0,0.0851,17535
0,0.0851,19084
0,0.0851,20007
0,0.0851,489781
0,0.0851,513283
0,0.0851,516557
0,0.0851,519630
0,0.0851,932684
0,0.0851,427967297
0,0.0852,10434
0,0.0852,11189
0,0.0852,11266
0,0.0852,11974
0,0.0852,12115
0,0.0852,13405
0,0.0852,18180
0,0.0852,23826
0,0.0852,512750
0,0.0852,801890
0,0.0852,812134
0,0.0853,11234
0,0.0853,12497
0,0.0853,14018
0,0.0853,20788
0,0.0853,26443
0,0.0853,519050
0,0.0853,521466
0,0.0853,521624
0,0.0853,523807
0,0.0853,903339
0,0.0853,903366
0,0.0853,903573
0,0.0854,10740
0,0.0854,10776
0,0.0854,10872
0,0.0854,11241
0,0.0854,11307
0,0.0854,12336
0,0.0854,15685
0,0.0854,15858
0,0.0854,16051
0,0.0854,18712
0,0.0854,27262
0,0.0854,34593
0,0.0854,513930
0,0.0854,518386
0,0.0854,522973
0,0.0854,804919
0,0.0855,13079
0,0.0855,14207
0,0.0855,16172
0,0.0855,17588
0,0.0855,21719
0,0.0855,25273
0,0.0855,25330
0,0.0855,40047
0,0.0855,76194
0,0.0855,800220
0,0.0856,12101
0,0.0856,12788
0,0.0856,13628
0,0.0856,14213
0,0.0856,17663
0,0.0856,18743
0,0.0856,19802
0,0.0856,23524
0,0.0856,39753
0,0.0856,81159
0,0.0856,519658
0,0.0856,803147
0,0.0856,812191
0,0.0857,10190
0,0.0857,12209
0,0.0857,14299
0,0.0857,14567
0,0.0857,17218
0,0.0857,17623
0,0.0857,19327
0,0.0857,20418
0,0.0857,22190
0,0.0857,24817
0,0.0857,36299
0,0.0857,317223538
0,0.0858,11751
0,0.0858,11972
0,0.0858,13151
0,0.0858,16334
0,0.0858,17861
0,0.0858,19191
0,0.0858,26604
0,0.0858,511862
0,0.0858,517754
0,0.0858,520575
0,0.0858,523329
0,0.0859,10184
0,0.0859,11723
0,0.0859,12638
0,0.0859,15680
0,0.0859,16465
0,0.0859,22747
0,0.0859,23701
0,0.0859,26422
0,0.0859,516796
0,0.0859,521206
0,0.0859,547689
0,0.0859,804494
0,0.0860,10278
0,0.0860,10751
0,0.0860,10827
0,0.0860,11770
0,0.0860,13740
0,0.0860,15510
0,0.0860,18564
0,0.0860,22120
0,0.0860,79943
0,0.0860,575760
0,0.0860,804941
0,0.0860,812878
0,0.0860,902790
0,0.0861,10286
0,0.0861,11428
0,0.0861,12358
0,0.0861,12622
0,0.0861,14973
0,0.0861,18779
0,0.0861,21581
0,0.0861,37195
0,0.0861,42059
0,0.0861,520560
0,0.0861,521306
0,0.0861,804129
0,0.0861,908561
0,0.0862,10256
0,0.0862,10735
0,0.0862,13178
0,0.0862,13281
0,0.0862,14864
0,0.0862,15182
0,0.0862,18889
0,0.0862,22757
0,0.0862,32463
0,0.0862,45969
0,0.0862,512199
0,0.0862,800061
0,0.0862,905003
0,0.0863,10807
0,0.0863,15140
0,0.0863,15888
0,0.0863,15925
0,0.0863,46691
0,0.0863,100809
0,0.0863,801469
0,0.0863,802107
0,0.0863,805689
0,0.0864,10185
0,0.0864,11085
0,0.0864,12706
0,0.0864,12901
0,0.0864,15924
0,0.0864,18504
0,0.0864,18953
0,0.0864,521814
0,0.0864,531434
0,0.0865,10488
0,0.0865,10816
0,0.0865,10950
0,0.0865,14227
0,0.0865,15308
0,0.0865,16260
0,0.0865,17115
0,0.0865,19642
0,0.0865,20652
0,0.0865,20818
0,0.0865,58834
0,0.0865,511989
0,0.0865,522335
0,0.0865,533470
0,0.0866,10080
0,0.0866,10271
0,0.0866,11987
0,0.0866,12089
0,0.0866,12621
0,0.0866,12947
0,0.0866,12978
0,0.0866,13849
0,0.0866,14552
0,0.0866,16184
0,0.0866,20715
0,0.0866,34820
0,0.0866,63287
0,0.0866,513935
0,0.0866,521813
0,0.0866,535347
0,0.0866,800842
0,0.0866,811700
0,0.0867,10100
0,0.0867,10854
0,0.0867,11006
0,0.0867,14871
0,0.0867,22033
0,0.0867,28211
0,0.0867,36070
0,0.0867,37546
0,0.0867,513463
0,0.0867,517193
0,0.0867,522440
0,0.0867,800381
0,0.0867,801824
0,0.0867,317223538
0,0.0868,10052
0,0.0868,10072
0,0.0868,10120
0,0.0868,10253
0,0.0868,10312
0,0.0868,10852
0,0.0868,11146
0,0.0868,12679
0,0.0868,14098
0,0.0868,14903
0,0.0868,15281
0,0.0868,15829
0,0.0868,34187
0,0.0869,10003
0,0.0869,10510
0,0.0869,11934
0,0.0869,11969
0,0.0869,13444
0,0.0869,23628
0,0.0869,88342
0,0.0869,174810
0,0.0869,512513
0,0.0869,513831
0,0.0869,514405
0,0.0869,524073
0,0.0869,526548
0,0.0869,536211
0,0.0869,801273
0,0.0869,814489
0,0.0869,904826
0,0.0870,10202
0,0.0870,11048
0,0.0870,12631
0,0.0870,15105
0,0.0870,15719
0,0.0870,20202
0,0.0870,22085
0,0.0870,27649
0,0.0870,34188
0,0.0870,38650
0,0.0870,46073
0,0.0870,294178
0,0.0870,514620
0,0.0870,519454
0,0.0870,520367
0,0.0870,520581
0,0.0870,537017
0,0.0870,537899
0,0.0870,801675
0,0.0870,902453
0,0.0871,10539
0,0.0871,11512
0,0.0871,11718
0,0.0871,13217
0,0.0871,14727
0,0.0871,18838
0,0.0871,22086
0,0.0871,33842
0,0.0871,51159
0,0.0871,84735
0,0.0871,92188
0,0.0871,511797
0,0.0871,512514
0,0.0871,513284
0,0.0871,513517
0,0.0871,523772
0,0.0871,524363
0,0.0871,800573
0,0.0872,10050
0,0.0872,11368
0,0.0872,13492
0,0.0872,15304
0,0.0872,15616
0,0.0872,19214
0,0.0872,21554
0,0.0872,45427
0,0.0872,46764
0,0.0872,84758
0,0.0872,131313
0,0.0872,512928
0,0.0872,519140
0,0.0872,523786
0,0.0873,10796
0,0.0873,12151
0,0.0873,14200
0,0.0873,14387
0,0.0873,18032
0,0.0873,18419
0,0.0873,22084
0,0.0873,51555
0,0.0873,115176
0,0.0873,511778
0,0.0873,513202
0,0.0873,519328
0,0.0873,519941
0,0.0873,520812
0,0.0873,529029
0,0.0873,374296357
0,0.0874,10887
0,0.0874,11874
0,0.0874,15666
0,0.0874,16429
0,0.0874,16597
0,0.0874,18278
0,0.0874,22877
0,0.0874,23212
0,0.0874,24880
0,0.0874,25503
0,0.0874,25552
0,0.0874,61845
0,0.0874,80808
0,0.0874,512927
0,0.0874,520818
0,0.0874,556347
0,0.0874,801855
0,0.0874,804647
0,0.0875,10526
0,0.0875,10969
0,0.0875,11989
0,0.0875,13559
0,0.0875,14446
0,0.0875,15790
0,0.0875,17386
0,0.0875,17816
0,0.0875,19125
0,0.0875,20129
0,0.0875,21644
0,0.0875,28332
0,0.0875,29713
0,0.0875,39413
0,0.0875,71547
0,0.0875,513702
0,0.0875,519144
0,0.0875,520817
0,0.0875,522815
0,0.0875,525062
0,0.0875,556346
0,0.0875,805190
0,0.0876,10011
0,0.0876,10691
0,0.0876,11357
0,0.0876,12405
0,0.0876,13051
0,0.0876,14263
0,0.0876,17820
0,0.0876,18364
0,0.0876,18951
0,0.0876,19100
0,0.0876,29046
0,0.0876,32615
0,0.0876,513033
0,0.0876,514126
0,0.0876,517763
0,0.0876,522992
0,0.0876,529516
0,0.0876,557215
0,0.0876,800637
0,0.0877,10057
0,0.0877,10222
0,0.0877,10371
0,0.0877,10819
0,0.0877,16360
0,0.0877,16948
0,0.0877,17525
0,0.0877,23090
0,0.0877,27547
0,0.0877,70167
0,0.0877,513520
0,0.0877,805647
0,0.0877,811652
0,0.0878,10035
0,0.0878,10101
0,0.0878,10114
0,0.0878,10447
0,0.0878,10497
0,0.0878,10652
0,0.0878,11156
0,0.0878,13254
0,0.0878,14113
0,0.0878,14435
0,0.0878,15713
0,0.0878,21637
0,0.0878,37630
0,0.0878,61590
0,0.0878,520862
0,0.0878,524470
0,0.0878,526521
0,0.0878,533946
0,0.0879,12067
0,0.0879,12449
0,0.0879,13179
0,0.0879,13854
0,0.0879,15071
0,0.0879,16689
0,0.0879,18587
0,0.0879,19189
0,0.0879,19455
0,0.0879,19602
0,0.0879,20520
0,0.0879,23305
0,0.0879,32718
0,0.0879,34924
0,0.0879,39880
0,0.0879,51382
0,0.0879,107195
0,0.0879,512362
0,0.0879,515192
0,0.0879,524254
0,0.0879,804386
0,0.0879,811487
0,0.0879,818789
0,0.0879,906819
0,0.0880,10299
0,0.0880,10323
0,0.0880,12590
0,0.0880,12710
0,0.0880,13363
0,0.0880,16645
0,0.0880,16781
0,0.0880,17061
0,0.0880,17185
0,0.0880,17938
0,0.0880,17939
0,0.0880,18744
0,0.0880,18915
0,0.0880,19363
0,0.0880,19825
0,0.0880,20714
0,0.0880,22151
0,0.0880,34949
0,0.0880,36541
0,0.0880,40768
0,0.0880,512305
0,0.0880,517603
0,0.0880,520468
0,0.0880,520816
0,0.0880,527318
0,0.0880,904108
0,0.0881,10215
0,0.0881,10555
0,0.0881,12092
0,0.0881,12493
0,0.0881,12529
0,0.0881,14694
0,0.0881,16069
0,0.0881,17419
0,0.0881,27246
0,0.0881,31541
0,0.0881,33034
0,0.0881,512319
0,0.0881,515675
0,0.0881,516110
0,0.0881,517548
0,0.0881,530339
0,0.0881,907315
0,0.0882,10167
0,0.0882,10499
0,0.0882,10959
0,0.0882,11503
0,0.0882,11961
0,0.0882,13364
0,0.0882,13475
0,0.0882,13932
0,0.0882,14239
0,0.0882,14464
0,0.0882,15503
0,0.0882,15850
0,0.0882,19290
0,0.0882,24619
0,0.0882,31656
0,0.0882,32675
0,0.0882,40558
0,0.0882,48956
0,0.0882,513464
0,0.0882,514045
0,0.0882,523482
0,0.0882,800256
0,0.0883,10175
0,0.0883,14434
0,0.0883,14507
0,0.0883,20087
0,0.0883,21693
0,0.0883,22926
0,0.0883,27109
0,0.0883,27296
0,0.0883,27903
0,0.0883,36947
0,0.0883,54912
0,0.0883,521812
0,0.0883,522759
0,0.0883,802907
0,0.0883,803327
0,0.0883,374296357
0,0.0884,10514
0,0.0884,10941
0,0.0884,12298
0,0.0884,14061
0,0.0884,16672
0,0.0884,21614
0,0.0884,27052
0,0.0884,30592
0,0.0884,36631
0,0.0884,43039
0,0.0884,521409
0,0.0884,524156
0,0.0884,804260
0,0.0884,908687
0,0.0884,934595
0,0.0885,10290
0,0.0885,11038
0,0.0885,11131
0,0.0885,11403
0,0.0885,11979
0,0.0885,13004
0,0.0885,13065
0,0.0885,13417
0,0.0885,17454
0,0.0885,18226
0,0.0885,27454
0,0.0885,30653
0,0.0885,42739
0,0.0885,521698
0,0.0885,524876
0,0.0885,536057
0,0.0886,10368
0,0.0886,10554
0,0.0886,10908
0,0.0886,11515
0,0.0886,12292
0,0.0886,13858
0,0.0886,17694
0,0.0886,20514
0,0.0886,22001
0,0.0886,30676
0,0.0886,39798
0,0.0886,114715
0,0.0886,806628
0,0.0887,10967
0,0.0887,12059
0,0.0887,12506
0,0.0887,13624
0,0.0887,18616
0,0.0887,22579
0,0.0887,23601
0,0.0887,29177
0,0.0887,45284
0,0.0887,47464
0,0.0887,489781
0,0.0887,512273
0,0.0887,514766
0,0.0887,519766
0,0.0887,521584
0,0.0887,523017
0,0.0887,802624
0,0.0888,11540
0,0.0888,11819
0,0.0888,13698
0,0.0888,14644
0,0.0888,15440
0,0.0888,16741
0,0.0888,30206
0,0.0888,34038
0,0.0888,35641
0,0.0888,41688
0,0.0888,48318
0,0.0888,512793
0,0.0888,521745
0,0.0888,581219
0,0.0889,10099
0,0.0889,10394
0,0.0889,10432
0,0.0889,10830
0,0.0889,10960
0,0.0889,14593
0,0.0889,14963
0,0.0889,18633
0,0.0889,26665
0,0.0889,30674
0,0.0889,49378
0,0.0889,533103
0,0.0890,10033
0,0.0890,10799
0,0.0890,10914
0,0.0890,12999
0,0.0890,13877
0,0.0890,15808
0,0.0890,16008
0,0.0890,19615
0,0.0890,26204
0,0.0890,31263
0,0.0890,34725
0,0.0890,35912
0,0.0890,44909
0,0.0890,47859
0,0.0890,53821
0,0.0890,88802
0,0.0890,107008
0,0.0890,513934
0,0.0890,522806
0,0.0890,525400
0,0.0890,527297
0,0.0890,536207
0,0.0890,556773
0,0.0890,568502
0,0.0891,10043
0,0.0891,12170
0,0.0891,12817
0,0.0891,13984
0,0.0891,15325
0,0.0891,15674
0,0.0891,18118
0,0.0891,19564
0,0.0891,25329
0,0.0891,111080
0,0.0891,513379
0,0.0891,521528
0,0.0891,521534
0,0.0891,521535
0,0.0891,533804
0,0.0891,812511
0,0.0891,919509
0,0.0892,10168
0,0.0892,10627
0,0.0892,10738
0,0.0892,11005
0,0.0892,11332
0,0.0892,14063
0,0.0892,16117
0,0.0892,19072
0,0.0892,20062
0,0.0892,23325
0,0.0892,23882
0,0.0892,25792
0,0.0892,27336
0,0.0892,32393
0,0.0892,33589
0,0.0892,40773
0,0.0892,44005
0,0.0892,511844
0,0.0892,514957
0,0.0892,804826
0,0.0892,808105
0,0.0892,809977
0,0.0892,909451
0,0.0893,10170
0,0.0893,14284
0,0.0893,14334
0,0.0893,15483
0,0.0893,15955
0,0.0893,16758
0,0.0893,16955
0,0.0893,17078
0,0.0893,17593
0,0.0893,20026
0,0.0893,28248
0,0.0893,30371
0,0.0893,31684
0,0.0893,37142
0,0.0893,44127
0,0.0893,53086
0,0.0893,512608
0,0.0893,512911
0,0.0893,516513
0,0.0893,524068
0,0.0893,529330
0,0.0893,556286
0,0.0893,811975
0,0.0894,12734
0,0.0894,13432
0,0.0894,16639
0,0.0894,16800
0,0.0894,17504
0,0.0894,19486
0,0.0894,27790
0,0.0894,37758
0,0.0894,40390
0,0.0894,47036
0,0.0894,106269
0,0.0894,512881
0,0.0894,515221
0,0.0894,515289
0,0.0894,516944
0,0.0894,524654
0,0.0894,543506
0,0.0894,800041
0,0.0894,800288
0,0.0894,801173
0,0.0894,802261
0,0.0895,10324
0,0.0895,10748
0,0.0895,11053
0,0.0895,11184
0,0.0895,11886
0,0.0895,12104
0,0.0895,12333
0,0.0895,12656
0,0.0895,12948
0,0.0895,15362
0,0.0895,15409
0,0.0895,17892
0,0.0895,30178
0,0.0895,30825
0,0.0895,31681
0,0.0895,35743
0,0.0895,527150
0,0.0895,537032
0,0.0895,800115
0,0.0895,815454
0,0.0896,10264
0,0.0896,10469
0,0.0896,10570
0,0.0896,11164
0,0.0896,11433
0,0.0896,12159
0,0.0896,12623
0,0.0896,13539
0,0.0896,14523
0,0.0896,14881
0,0.0896,16553
0,0.0896,17171
0,0.0896,19118
0,0.0896,19871
0,0.0896,22692
0,0.0896,23762
0,0.0896,25205
0,0.0896,27269
0,0.0896,30522
0,0.0896,81710
0,0.0896,515575
0,0.0896,520390
0,0.0896,544496
0,0.0896,555342
0,0.0897,10203
0,0.0897,10289
0,0.0897,11012
0,0.0897,11440
0,0.0897,11605
0,0.0897,13434
0,0.0897,13700
0,0.0897,14093
0,0.0897,14160
0,0.0897,14509
0,0.0897,15399
0,0.0897,15495
0,0.0897,15654
0,0.0897,15839
0,0.0897,15904
0,0.0897,26287
0,0.0897,43212
0,0.0897,44830
0,0.0897,45311
0,0.0897,530154
0,0.0897,533725
0,0.0897,801280
0,0.0897,806481
0,0.0897,806923
0,0.0898,10018
0,0.0898,10294
0,0.0898,10453
0,0.0898,10692
0,0.0898,12083
0,0.0898,12802
0,0.0898,14816
0,0.0898,15110
0,0.0898,16540
0,0.0898,17753
0,0.0898,17804
0,0.0898,19619
0,0.0898,20781
0,0.0898,38706
0,0.0898,41090
0,0.0898,45839
0,0.0898,63782
0,0.0898,434891
0,0.0898,515294
0,0.0898,518686
0,0.0898,522972
0,0.0898,522994
0,0.0898,529349
0,0.0898,568155
0,0.0898,801479
0,0.0899,10513
0,0.0899,10763
0,0.0899,10847
0,0.0899,11326
0,0.0899,11806
0,0.0899,12595
0,0.0899,14552
0,0.0899,14806
0,0.0899,16134
0,0.0899,16180
0,0.0899,17024
0,0.0899,19930
0,0.0899,20704
0,0.0899,22596
0,0.0899,22884
0,0.0899,23180
0,0.0899,23779
0,0.0899,25939
0,0.0899,511841
0,0.0899,515933
0,0.0899,517417
0,0.0899,520337
0,0.0899,804357
0,0.0899,813440
0,0.0900,10027
0,0.0900,11307
0,0.0900,11340
0,0.0900,12334
0,0.0900,12777
0,0.0900,13402
0,0.0900,13985
0,0.0900,14009
0,0.0900,14308
0,0.0900,15837
0,0.0900,15851
0,0.0900,16412
0,0.0900,16885
0,0.0900,17978
0,0.0900,18639
0,0.0900,19367
0,0.0900,23281
0,0.0900,31627
0,0.0900,32278
0,0.0900,32413
0,0.0900,37437
0,0.0900,38306
0,0.0900,42374
0,0.0900,53618
0,0.0900,59994
0,0.0900,454614
0,0.0900,512255
0,0.0900,515760
0,0.0900,519331
0,0.0900,519616
0,0.0900,521092
0,0.0900,521444
0,0.0900,522763
0,0.0900,522993
0,0.0900,524596
0,0.0900,525061
0,0.0900,529318
0,0.0900,803575
0,0.0900,907980
0,0.0901,10385
0,0.0901,10624
0,0.0901,10794
0,0.0901,13622
0,0.0901,13650
0,0.0901,16110
0,0.0901,16440
0,0.0901,16476
0,0.0901,16862
0,0.0901,16869
0,0.0901,17726
0,0.0901,17991
0,0.0901,18568
0,0.0901,18670
0,0.0901,20715
0,0.0901,22644
0,0.0901,22657
0,0.0901,23167
0,0.0901,23960
0,0.0901,24366
0,0.0901,24671
0,0.0901,28767
0,0.0901,31786
0,0.0901,34607
0,0.0901,58834
0,0.0901,59969
0,0.0901,76194
0,0.0901,77014
0,0.0901,512124
0,0.0901,515234
0,0.0901,515961
0,0.0901,516820
0,0.0901,516919
0,0.0901,517512
0,0.0901,519347
0,0.0901,522706
0,0.0901,532800
0,0.0901,536051
0,0.0901,810916
0,0.0901,813845
0,0.0902,10677
0,0.0902,11663
0,0.0902,12797
0,0.0902,12830
0,0.0902,13395
0,0.0902,14482
0,0.0902,14828
0,0.0902,15212
0,0.0902,15398
0,0.0902,16274
0,0.0902,17143
0,0.0902,17379
0,0.0902,18823
0,0.0902,23846
0,0.0902,24153
0,0.0902,25038
0,0.0902,25549
0,0.0902,29791
0,0.0902,30068
0,0.0902,35324
0,0.0902,513283
0,0.0902,519332
0,0.0902,520338
0,0.0902,524074
0,0.0902,527653
0,0.0902,555837
0,0.0902,804351
0,0.0902,804984
0,0.0902,807174
0,0.0902,904280
0,0.0903,11242
0,0.0903,11288
0,0.0903,13938
0,0.0903,15782
0,0.0903,16234
0,0.0903,17402
0,0.0903,17801
0,0.0903,19740
0,0.0903,21664
0,0.0903,25176
0,0.0903,25494
0,0.0903,44256
0,0.0903,52041
0,0.0903,518830
0,0.0903,531708
0,0.0903,814110
0,0.0904,10189
0,0.0904,10336
0,0.0904,11387
0,0.0904,12564
0,0.0904,12906
0,0.0904,13305
0,0.0904,17591
0,0.0904,17671
0,0.0904,19080
0,0.0904,22461
0,0.0904,22689
0,0.0904,23315
0,0.0904,23812
0,0.0904,27331
0,0.0904,28701
0,0.0904,37817
0,0.0904,46262
0,0.0904,63027
0,0.0904,521635
0,0.0904,531009
0,0.0904,532079
0,0.0904,555473
0,0.0904,811723
0,0.0905,10683
0,0.0905,11370
0,0.0905,12173
0,0.0905,13295
0,0.0905,13857
0,0.0905,13991
0,0.0905,15924
0,0.0905,20077
0,0.0905,24184
0,0.0905,25137
0,0.0905,27425
0,0.0905,32053
0,0.0905,37710
0,0.0905,49869
0,0.0905,55630
0,0.0905,58561
0,0.0905,98388
0,0.0905,514184
0,0.0905,515130
0,0.0905,519865
0,0.0905,800809
0,0.0905,802461
0,0.0905,808506
0,0.0906,10069
0,0.0906,10078
0,0.0906,10165
0,0.0906,10872
0,0.0906,11327
0,0.0906,13094
0,0.0906,14137
0,0.0906,14278
0,0.0906,16214
0,0.0906,16370
0,0.0906,18156
0,0.0906,18496
0,0.0906,19003
0,0.0906,19224
0,0.0906,19760
0,0.0906,20319
0,0.0906,20777
0,0.0906,21204
0,0.0906,21624
0,0.0906,25024
0,0.0906,25797
0,0.0906,30181
0,0.0906,30443
0,0.0906,42975
0,0.0906,44903
0,0.0906,45134
0,0.0906,79615
0,0.0906,137459
0,0.0906,515232
0,0.0906,518220
0,0.0906,800262
0,0.0907,10109
0,0.0907,11932
0,0.0907,12657
0,0.0907,12976
0,0.0907,13760
0,0.0907,13771
0,0.0907,14075
0,0.0907,15653
0,0.0907,16878
0,0.0907,19104
0,0.0907,19215
0,0.0907,515321
0,0.0907,520386
0,0.0907,523715
0,0.0907,527475
0,0.0907,529385
0,0.0907,555238
0,0.0907,800088
0,0.0907,801557
0,0.0907,906092
0,0.0908,10122
0,0.0908,10278
0,0.0908,11997
0,0.0908,12497
0,0.0908,14276
0,0.0908,14664
0,0.0908,15905
0,0.0908,16343
0,0.0908,21018
0,0.0908,21932
0,0.0908,23520
0,0.0908,26242
0,0.0908,31911
0,0.0908,33298
0,0.0908,33598
0,0.0908,36059
0,0.0908,43756
0,0.0908,55021
0,0.0908,67167
0,0.0908,69064
0,0.0908,122112
0,0.0908,516663
0,0.0908,802399
0,0.0909,10293
0,0.0909,10831
0,0.0909,12610
0,0.0909,12809
0,0.0909,13892
0,0.0909,15351
0,0.0909,17472
0,0.0909,17835
0,0.0909,19323
0,0.0909,20882
0,0.0909,22240
0,0.0909,23232
0,0.0909,24122
0,0.0909,24314
0,0.0909,25359
0,0.0909,27133
0,0.0909,27478
0,0.0909,28146
0,0.0909,38454
0,0.0909,90224
0,0.0909,512106
0,0.0909,519365
0,0.0909,529569
0,0.0909,531755
0,0.0909,803365
0,0.0909,806317
0,0.0909,814091
0,0.0910,10663
0,0.0910,11155
0,0.0910,12093
0,0.0910,12181
0,0.0910,12272
0,0.0910,15149
0,0.0910,15176
0,0.0910,16087
0,0.0910,16818
0,0.0910,20404
0,0.0910,20945
0,0.0910,21645
0,0.0910,23359
0,0.0910,23874
0,0.0910,24088
0,0.0910,24382
0,0.0910,24963
0,0.0910,27106
0,0.0910,39813
0,0.0910,48096
0,0.0910,54443
0,0.0910,88014
0,0.0910,89191
0,0.0910,512042
0,0.0910,522465
0,0.0910,539328
0,0.0910,805487
0,0.0910,808511
0,0.0910,905905
0,0.0911,10414
0,0.0911,11142
0,0.0911,11915
0,0.0911,13724
0,0.0911,15535
0,0.0911,16079
0,0.0911,16303
0,0.0911,18779
0,0.0911,18932
0,0.0911,19410
0,0.0911,23619
0,0.0911,25036
0,0.0911,25328
0,0.0911,27210
0,0.0911,33293
0,0.0911,39503
0,0.0911,41715
0,0.0911,43398
0,0.0911,45024
0,0.0911,46657
0,0.0911,513518
0,0.0911,514180
0,0.0911,516886
0,0.0911,524608
0,0.0911,525354
0,0.0911,533223
0,0.0911,801382
0,0.0912,10969
0,0.0912,13732
0,0.0912,21058
0,0.0912,27119
0,0.0912,27806
0,0.0912,36470
0,0.0912,38084
0,0.0912,50327
0,0.0912,59108
0,0.0912,63923
0,0.0912,524351
0,0.0912,529603
0,0.0912,536264
0,0.0912,800155
0,0.0912,801141
0,0.0912,802793
0,0.0912,803241
0,0.0912,803339
0,0.0912,804555
0,0.0913,11241
0,0.0913,13914
0,0.0913,14997
0,0.0913,16659
0,0.0913,19341
0,0.0913,19616
0,0.0913,20233
0,0.0913,33072
0,0.0913,53755
0,0.0913,67864
0,0.0913,69704
0,0.0913,73853
0,0.0913,518194
0,0.0913,522991
0,0.0913,523564
0,0.0913,524363
0,0.0914,10097
0,0.0914,10107
0,0.0914,10457
0,0.0914,10672
0,0.0914,10740
0,0.0914,11023
0,0.0914,11145
0,0.0914,11933
0,0.0914,12248
0,0.0914,12358
0,0.0914,14140
0,0.0914,15245
0,0.0914,20288
0,0.0914,23273
0,0.0914,24459
0,0.0914,27983
0,0.0914,28339
0,0.0914,29648
0,0.0914,32451
0,0.0914,36379
0,0.0914,42231
0,0.0914,50888
0,0.0914,51658
0,0.0914,52191
0,0.0914,56542
0,0.0914,222154
0,0.0914,326964
0,0.0914,517264
0,0.0914,520817
0,0.0914,521814
0,0.0914,523636
0,0.0914,541755
0,0.0914,556450
0,0.0914,805992
0,0.0914,812445
0,0.0914,812926
0,0.0914,904708
0,0.0914,934092
0,0.0915,10138
0,0.0915,10460
0,0.0915,10494
0,0.0915,10719
0,0.0915,12875
0,0.0915,13969
0,0.0915,18504
0,0.0915,19998
0,0.0915,20473
0,0.0915,23858
0,0.0915,26443
0,0.0915,30310
0,0.0915,34576
0,0.0915,49002
0,0.0915,53745
0,0.0915,519817
0,0.0915,520115
0,0.0915,520117
0,0.0915,521306
0,0.0915,523776
0,0.0915,529207
0,0.0915,800250
0,0.0915,801895
0,0.0915,803070
0,0.0915,810917
0,0.0916,10825
0,0.0916,11520
0,0.0916,12357
0,0.0916,13360
0,0.0916,19737
0,0.0916,19791
0,0.0916,20102
0,0.0916,20818
0,0.0916,23080
0,0.0916,28791
0,0.0916,59288
0,0.0916,61553
0,0.0916,82613
0,0.0916,512607
0,0.0916,524795
0,0.0916,529142
0,0.0916,533431
0,0.0916,801295
0,0.0916,803740
0,0.0916,928274
0,0.0917,10255
0,0.0917,11220
0,0.0917,13428
0,0.0917,19425
0,0.0917,19569
0,0.0917,20653
0,0.0917,21179
0,0.0917,23083
0,0.0917,23197
0,0.0917,23654
0,0.0917,26064
0,0.0917,27326
0,0.0917,28782
0,0.0917,29135
0,0.0917,40565
0,0.0917,49288
0,0.0917,70088
0,0.0917,123422
0,0.0917,512179
0,0.0917,802306
0,0.0917,906476
0,0.0918,10587
0,0.0918,10664
0,0.0918,11255
0,0.0918,11742
0,0.0918,13418
0,0.0918,15444
0,0.0918,15888
0,0.0918,17958
0,0.0918,18733
0,0.0918,19366
0,0.0918,22414
0,0.0918,24684
0,0.0918,24879
0,0.0918,26962
0,0.0918,30164
0,0.0918,35058
0,0.0918,35450
0,0.0918,38526
0,0.0918,43881
0,0.0918,51764
0,0.0918,511846
0,0.0918,512927
0,0.0918,520641
0,0.0918,522745
0,0.0918,801909
0,0.0918,803321
0,0.0919,10044
0,0.0919,10050
0,0.0919,10415
0,0.0919,10750
0,0.0919,10939
0,0.0919,12532
0,0.0919,18586
0,0.0919,22277
0,0.0919,26619
0,0.0919,27371
0,0.0919,29637
0,0.0919,30807
0,0.0919,33552
0,0.0919,47271
0,0.0919,514405
0,0.0919,517602
0,0.0919,533667
0,0.0920,10374
0,0.0920,10404
0,0.0920,10658
0,0.0920,10669
0,0.0920,12453
0,0.0920,13754
0,0.0920,15689
0,0.0920,18437
0,0.0920,20980
0,0.0920,22446
0,0.0920,30504
0,0.0920,34155
0,0.0920,41743
0,0.0920,192306
0,0.0920,513711
0,0.0920,523379
0,0.0920,800153
0,0.0920,801970
0,0.0920,802152
0,0.0920,805362
0,0.0920,904639
0,0.0921,10514
0,0.0921,10696
0,0.0921,11974
0,0.0921,15065
0,0.0921,26417
0,0.0921,55361
0,0.0921,57240
0,0.0921,515110
0,0.0921,529127
0,0.0921,800353
0,0.0921,801561
0,0.0921,802765
0,0.0921,803605
0,0.0921,953574
0,0.0922,10338
0,0.0922,12763
0,0.0922,15360
0,0.0922,15789
0,0.0922,16517
0,0.0922,16864
0,0.0922,26227
0,0.0922,32258
0,0.0922,41598
0,0.0922,57384
0,0.0922,59853
0,0.0922,512041
0,0.0922,514489
0,0.0922,521637
0,0.0922,522828
0,0.0922,800890
0,0.0922,801974
0,0.0922,802120
0,0.0922,802541
0,0.0922,802891
0,0.0922,803469
0,0.0922,809979
0,0.0923,10101
0,0.0923,11175
0,0.0923,13559
0,0.0923,17245
0,0.0923,22474
0,0.0923,80867
0,0.0923,512314
0,0.0923,515460
0,0.0923,515811
0,0.0923,533946
0,0.0924,11295
0,0.0924,11600
0,0.0924,16707
0,0.0924,17846
0,0.0924,23165
0,0.0924,25210
0,0.0924,31735
0,0.0924,67174
0,0.0924,80750
0,0.0924,515193
0,0.0924,516666
0,0.0924,521763
0,0.0924,530449
0,0.0924,800699
0,0.0924,803316
0,0.0924,808354
0,0.0925,10080
0,0.0925,10088
0,0.0925,11883
0,0.0925,11900
0,0.0925,11982
0,0.0925,12670
0,0.0925,14840
0,0.0925,17902
0,0.0925,18419
0,0.0925,22838
0,0.0925,24136
0,0.0925,27296
0,0.0925,41054
0,0.0925,74075
0,0.0925,74917
0,0.0925,485278
0,0.0925,529512
0,0.0925,541855
0,0.0925,801491
0,0.0925,907674
0,0.0925,1050014552
0,0.0926,10185
0,0.0926,11030
0,0.0926,12046
0,0.0926,12259
0,0.0926,13018
0,0.0926,15117
0,0.0926,15667
0,0.0926,16473
0,0.0926,16537
0,0.0926,16700
0,0.0926,19195
0,0.0926,27926
0,0.0926,37313
0,0.0926,38835
0,0.0926,515761
0,0.0926,515966
0,0.0926,568471
0,0.0926,802181
0,0.0926,805229
0,0.0927,10041
0,0.0927,10110
0,0.0927,10617
0,0.0927,11321
0,0.0927,11659
0,0.0927,12872
0,0.0927,14213
0,0.0927,15063
0,0.0927,15151
0,0.0927,17454
0,0.0927,18508
0,0.0927,19443
0,0.0927,22083
0,0.0927,24254
0,0.0927,26441
0,0.0927,30051
0,0.0927,63655
0,0.0927,112103
0,0.0927,247112
0,0.0927,518690
0,0.0927,522354
0,0.0927,524883
0,0.0927,559335
0,0.0927,802809
0,0.0927,803041
0,0.0927,907558
0,0.0927,924901
0,0.0928,10276
0,0.0928,13872
0,0.0928,14892
0,0.0928,17878
0,0.0928,17946
0,0.0928,19115
0,0.0928,24961
0,0.0928,25045
0,0.0928,26429
0,0.0928,40300
0,0.0928,41534
0,0.0928,46341
0,0.0928,511757
0,0.0928,517500
0,0.0928,523455
0,0.0928,525069
0,0.0928,801884
0,0.0928,802810
0,0.0928,904868
0,0.0929,10249
0,0.0929,10446
0,0.0929,10704
0,0.0929,11192
0,0.0929,12217
0,0.0929,12301
0,0.0929,12506
0,0.0929,21783
0,0.0929,27323
0,0.0929,32315
0,0.0929,42509
0,0.0929,71503
0,0.0929,90661
0,0.0929,96320
0,0.0929,529129
0,0.0929,533748
0,0.0929,556586
0,0.0929,801386
0,0.0930,10687
0,0.0930,12086
0,0.0930,12251
0,0.0930,12650
0,0.0930,13255
0,0.0930,13307
0,0.0930,13878
0,0.0930,19135
0,0.0930,19268
0,0.0930,25184
0,0.0930,36423
0,0.0930,40463
0,0.0930,48491
0,0.0930,170407
0,0.0930,172666
0,0.0930,514045
0,0.0930,520122
0,0.0930,520217
0,0.0930,520727
0,0.0930,521317
0,0.0930,526085
0,0.0930,803013
0,0.0930,803048
0,0.0930,808539
0,0.0931,10365
0,0.0931,10699
0,0.0931,12327
0,0.0931,12692
0,0.0931,17291
0,0.0931,19631
0,0.0931,19999
0,0.0931,23327
0,0.0931,37842
0,0.0931,38268
0,0.0931,42793
0,0.0931,67303
0,0.0931,90574
0,0.0931,131748
0,0.0931,231168
0,0.0931,515140
0,0.0931,515578
0,0.0931,522714
0,0.0931,547267
0,0.0931,805488
0,0.0931,902262
0,0.0932,10099
0,0.0932,10999
0,0.0932,11402
0,0.0932,11873
0,0.0932,14060
0,0.0932,26284
0,0.0932,28999
0,0.0932,69319
0,0.0932,108860
0,0.0932,517548
0,0.0932,518831
0,0.0932,523578
0,0.0932,534870
0,0.0932,541572
0,0.0932,800968
0,0.0932,801617
0,0.0933,10072
0,0.0933,10468
0,0.0933,10480
0,0.0933,10827
0,0.0933,11252
0,0.0933,11489
0,0.0933,11768
0,0.0933,12123
0,0.0933,12787
0,0.0933,13392
0,0.0933,14034
0,0.0933,16158
0,0.0933,18265
0,0.0933,19189
0,0.0933,21937
0,0.0933,23601
0,0.0933,23826
0,0.0933,26907
0,0.0933,94433
0,0.0933,141161
0,0.0933,210670
0,0.0933,434199
0,0.0933,512060
0,0.0933,529519
0,0.0933,580329
0,0.0933,805501
0,0.0933,805803
0,0.0933,813658
0,0.0933,814038
0,0.0933,903216
0,0.0934,11071
0,0.0934,12583
0,0.0934,12622
0,0.0934,13017
0,0.0934,13475
0,0.0934,14434
0,0.0934,18744
0,0.0934,22080
0,0.0934,24274
0,0.0934,25554
0,0.0934,34680
0,0.0934,42588
0,0.0934,46013
0,0.0934,48638
0,0.0934,61398
0,0.0934,64414
0,0.0934,516110
0,0.0934,522971
0,0.0934,800256
0,0.0934,801350
0,0.0934,801785
0,0.0934,802072
0,0.0934,803865
0,0.0934,815478
0,0.0934,932684
0,0.0935,10823
0,0.0935,17452
0,0.0935,18559
0,0.0935,20007
0,0.0935,20594
0,0.0935,27111
0,0.0935,27490
0,0.0935,50965
0,0.0935,242405
0,0.0935,524190
0,0.0935,800917
0,0.0935,801283
0,0.0936,10226
0,0.0936,10499
0,0.0936,10879
0,0.0936,11010
0,0.0936,11955
0,0.0936,22641
0,0.0936,23703
0,0.0936,28022
0,0.0936,30212
0,0.0936,54572
0,0.0936,512258
0,0.0936,520341
0,0.0936,523017
0,0.0936,524067
0,0.0936,804411
0,0.0936,813410
0,0.0937,10011
0,0.0937,10453
0,0.0937,13084
0,0.0937,13492
0,0.0937,15458
0,0.0937,17419
0,0.0937,18123
0,0.0937,23325
0,0.0937,24340
0,0.0937,39095
0,0.0937,48952
0,0.0937,164863
0,0.0937,514195
0,0.0937,527588
0,0.0938,11208
0,0.0938,11764
0,0.0938,14993
0,0.0938,16172
0,0.0938,36384
0,0.0938,42241
0,0.0938,166976
0,0.0938,525731
0,0.0938,527048
0,0.0938,802860
0,0.0938,803566
0,0.0938,903395
0,0.0939,10114
0,0.0939,10175
0,0.0939,10568
0,0.0939,10680
0,0.0939,11532
0,0.0939,13442
0,0.0939,13642
0,0.0939,19498
0,0.0939,104366
0,0.0939,155188
0,0.0939,514596
0,0.0939,801998
0,0.0939,805096
0,0.0939,808664
0,0.0939,904707
0,0.0940,10510
0,0.0940,11210
0,0.0940,11403
0,0.0940,12104
0,0.0940,12194
0,0.0940,12493
0,0.0940,15768
0,0.0940,16002
0,0.0940,16811
0,0.0940,18376
0,0.0940,23809
0,0.0940,25723
0,0.0940,33586
0,0.0940,55527
0,0.0940,76829
0,0.0940,199633
0,0.0940,520862
0,0.0940,524717
0,0.0940,578855
0,0.0940,801144
0,0.0940,803821
0,0.0940,807832
0,0.0941,10608
0,0.0941,10735
0,0.0941,11377
0,0.0941,12788
0,0.0941,14674
0,0.0941,15997
0,0.0941,17060
0,0.0941,18069
0,0.0941,22033
0,0.0941,28681
0,0.0941,31967
0,0.0941,34949
0,0.0941,58730
0,0.0941,85527
0,0.0941,95935
0,0.0941,512581
0,0.0941,522974
0,0.0942,10811
0,0.0942,11312
0,0.0942,12395
0,0.0942,12654
0,0.0942,14385
0,0.0942,23437
0,0.0942,34972
0,0.0942,37058
0,0.0942,133601
0,0.0942,513376
0,0.0942,525958
0,0.0942,539227
0,0.0942,800216
0,0.0942,802566
0,0.0942,803340
0,0.0942,809894
0,0.0942,910588
0,0.0943,10362
0,0.0943,10428
0,0.0943,10540
0,0.0943,10738
0,0.0943,10852
0,0.0943,11234
0,0.0943,11711
0,0.0943,11877
0,0.0943,12333
0,0.0943,12823
0,0.0943,13151
0,0.0943,13317
0,0.0943,14881
0,0.0943,21823
0,0.0943,37190
0,0.0943,48527
0,0.0943,802719
0,0.0943,811211
0,0.0943,903852
0,0.0944,11734
0,0.0944,13411
0,0.0944,13982
0,0.0944,14412
0,0.0944,16075
0,0.0944,17131
0,0.0944,57935
0,0.0944,513499
0,0.0944,521236
0,0.0944,530880
0,0.0944,801718
0,0.0944,801828
0,0.0944,802137
0,0.0944,808362
0,0.0944,810626
0,0.0944,936773
0,0.0945,10289
0,0.0945,10820
0,0.0945,11188
0,0.0945,12083
0,0.0945,13498
0,0.0945,14420
0,0.0945,22006
0,0.0945,32062
0,0.0945,40773
0,0.0945,45745
0,0.0945,53086
0,0.0945,98544
0,0.0945,147927
0,0.0945,520210
0,0.0945,521063
0,0.0945,555340
0,0.0945,804747
0,0.0945,817206
0,0.0946,10168
0,0.0946,10202
0,0.0946,10330
0,0.0946,10839
0,0.0946,10910
0,0.0946,15243
0,0.0946,27146
0,0.0946,34826
0,0.0946,44909
0,0.0946,514125
0,0.0946,537899
0,0.0946,807312
0,0.0946,902519
0,0.0946,926518
0,0.0947,10137
0,0.0947,10286
0,0.0947,14316
0,0.0947,15140
0,0.0947,16193
0,0.0947,17576
0,0.0947,19336
0,0.0947,19460
0,0.0947,22092
0,0.0947,22870
0,0.0947,41428
0,0.0947,511759
0,0.0947,800967
0,0.0947,806894
0,0.0947,701647131
0,0.0948,10241
0,0.0948,10242
0,0.0948,10267
0,0.0948,10314
0,0.0948,10932
0,0.0948,11260
0,0.0948,11271
0,0.0948,11618
0,0.0948,13445
0,0.0948,16051
0,0.0948,16194
0,0.0948,16408
0,0.0948,28332
0,0.0948,31653
0,0.0948,38085
0,0.0948,68889
0,0.0948,98698
0,0.0948,522337
0,0.0948,801043
0,0.0948,808328
0,0.0948,810748
0,0.0949,10433
0,0.0949,10447
0,0.0949,11428
0,0.0949,11445
0,0.0949,13007
0,0.0949,13022
0,0.0949,14873
0,0.0949,15004
0,0.0949,17455
0,0.0949,18749
0,0.0949,25905
0,0.0949,25939
0,0.0949,54133
0,0.0949,162599
0,0.0949,184446
0,0.0949,522760
0,0.0949,524655
0,0.0949,805512
0,0.0949,807033
0,0.0950,10119
0,0.0950,10282
0,0.0950,11406
0,0.0950,11893
0,0.0950,12140
0,0.0950,12348
0,0.0950,16986
0,0.0950,20418
0,0.0950,39753
0,0.0950,54514
0,0.0950,83661
0,0.0950,530836
0,0.0950,802477
0,0.0950,811652
0,0.0950,904624
0,0.0951,10290
0,0.0951,10845
0,0.0951,10914
0,0.0951,11947
0,0.0951,12151
0,0.0951,12642
0,0.0951,14098
0,0.0951,14423
0,0.0951,19696
0,0.0951,26718
0,0.0951,43695
0,0.0951,46008
0,0.0951,517777
0,0.0951,521210
0,0.0951,800718
0,0.0951,804376
0,0.0951,804541
0,0.0952,10269
0,0.0952,10318
0,0.0952,10974
0,0.0952,11152
0,0.0952,11182
0,0.0952,11477
0,0.0952,14705
0,0.0952,15669
0,0.0952,18666
0,0.0952,22190
0,0.0952,43756
0,0.0952,48335
0,0.0952,517202
0,0.0952,522734
0,0.0952,522984
0,0.0952,525066
0,0.0952,800042
0,0.0952,800444
0,0.0952,801521
0,0.0952,802421
0,0.0952,802565
0,0.0952,804660
0,0.0952,809349
0,0.0952,810296
0,0.0953,10184
0,0.0953,10190
0,0.0953,10253
0,0.0953,10265
0,0.0953,10816
0,0.0953,13896
0,0.0953,16160
0,0.0953,18321
0,0.0953,23316
0,0.0953,28892
0,0.0953,52443
0,0.0953,511784
0,0.0953,512319
0,0.0953,516695
0,0.0953,521675
0,0.0953,802080
0,0.0953,804495
0,0.0953,810743
0,0.0954,10100
0,0.0954,10959
0,0.0954,11180
0,0.0954,11247
0,0.0954,11485
0,0.0954,13575
0,0.0954,15051
0,0.0954,29785
0,0.0954,38182
0,0.0954,72491
0,0.0954,104220
0,0.0954,136159
0,0.0954,519514
0,0.0954,520468
0,0.0954,521698
0,0.0954,524968
0,0.0954,931656
0,0.0955,10264
0,0.0955,10322
0,0.0955,10787
0,0.0955,10815
0,0.0955,12844
0,0.0955,13885
0,0.0955,14896
0,0.0955,16989
0,0.0955,18182
0,0.0955,27596
0,0.0955,44903
0,0.0955,65724
0,0.0955,113924
0,0.0955,520883
0,0.0955,800061
0,0.0955,803762
0,0.0955,805689
0,0.0955,807789
0,0.0956,10251
0,0.0956,10993
0,0.0956,12405
0,0.0956,14255
0,0.0956,14464
0,0.0956,17021
0,0.0956,20129
0,0.0956,146366
0,0.0956,555472
0,0.0956,800343
0,0.0956,805932
0,0.0956,808055
0,0.0957,10203
0,0.0957,11075
0,0.0957,11375
0,0.0957,12065
0,0.0957,13751
0,0.0957,17420
0,0.0957,18940
0,0.0957,22128
0,0.0957,26666
0,0.0957,37433
0,0.0957,45682
0,0.0957,46691
0,0.0957,55161
0,0.0957,65472
0,0.0957,521305
0,0.0957,800241
0,0.0957,800719
0,0.0957,802638
0,0.0957,809394
0,0.0957,904983
0,0.0957,910004
0,0.0958,10411
0,0.0958,10489
0,0.0958,10707
0,0.0958,13880
0,0.0958,14899
0,0.0958,16493
0,0.0958,17177
0,0.0958,17354
0,0.0958,27135
0,0.0958,52728
0,0.0958,122745
0,0.0958,515463
0,0.0958,533457
0,0.0958,802630
0,0.0958,805555
0,0.0958,806124
0,0.0958,812878
0,0.0959,10040
0,0.0959,10107
0,0.0959,10167
0,0.0959,10394
0,0.0959,11540
0,0.0959,12307
0,0.0959,12802
0,0.0959,22700
0,0.0959,25576
0,0.0959,29152
0,0.0959,30341
0,0.0959,36295
0,0.0959,75881
0,0.0959,812183
0,0.0959,906817
0,0.0959,916162
0,0.0960,10120
0,0.0960,10204
0,0.0960,10222
0,0.0960,10278
0,0.0960,11001
0,0.0960,12796
0,0.0960,13079
0,0.0960,13427
0,0.0960,14259
0,0.0960,14486
0,0.0960,14563
0,0.0960,18277
0,0.0960,20652
0,0.0960,29639
0,0.0960,30437
0,0.0960,38847
0,0.0960,66695
0,0.0960,79979
0,0.0960,85715
0,0.0960,104187
0,0.0960,154212
0,0.0960,381148
0,0.0960,519616
0,0.0960,537032
0,0.0960,800041
0,0.0960,801173
0,0.0960,803177
0,0.0960,805678
0,0.0960,908183
0,0.0960,910225
0,0.0961,10255
0,0.0961,10418
0,0.0961,10490
0,0.0961,10537
0,0.0961,12092
0,0.0961,13121
0,0.0961,14827
0,0.0961,15176
0,0.0961,16182
0,0.0961,16334
0,0.0961,25532
0,0.0961,26287
0,0.0961,36172
0,0.0961,36358
0,0.0961,518604
0,0.0961,555827
0,0.0961,801702
0,0.0961,914445
0,0.0962,10060
0,0.0962,10080
0,0.0962,10294
0,0.0962,10807
0,0.0962,10819
0,0.0962,13004
0,0.0962,19373
0,0.0962,23341
0,0.0962,24382
0,0.0962,26537
0,0.0962,30416
0,0.0962,126642
0,0.0962,145229
0,0.0962,512118
0,0.0962,513985
0,0.0962,517512
0,0.0962,804205
0,0.0962,914054
0,0.0963,10003
0,0.0963,10495
0,0.0963,10655
0,0.0963,11751
0,0.0963,14619
0,0.0963,15325
0,0.0963,16150
0,0.0963,16232
0,0.0963,21568
0,0.0963,28353
0,0.0963,29952
0,0.0963,30950
0,0.0963,513970
0,0.0963,514997
0,0.0963,534534
0,0.0963,802151
0,0.0963,805173
0,0.0964,10035
0,0.0964,10323
0,0.0964,10555
0,0.0964,10593
0,0.0964,12590
0,0.0964,13178
0,0.0964,13578
0,0.0964,13622
0,0.0964,15127
0,0.0964,16380
0,0.0964,18185
0,0.0964,22799
0,0.0964,30761
0,0.0964,33067
0,0.0964,35615
0,0.0964,38926
0,0.0964,40617
0,0.0964,513054
0,0.0964,515015
0,0.0964,519230
0,0.0964,802651
0,0.0964,804964
0,0.0964,807937
0,0.0964,810750
0,0.0964,905507
0,0.0965,10434
0,0.0965,10625
0,0.0965,11005
0,0.0965,11161
0,0.0965,11164
0,0.0965,11368
0,0.0965,12055
0,0.0965,12813
0,0.0965,13740
0,0.0965,16226
0,0.0965,16600
0,0.0965,24880
0,0.0965,35345
0,0.0965,148726
0,0.0965,513174
0,0.0965,513460
0,0.0965,523636
0,0.0965,533293
0,0.0965,537751
0,0.0965,801824
0,0.0965,801845
0,0.0965,802907
0,0.0965,808856
0,0.0965,907238
0,0.0965,934091
0,0.0966,10414
0,0.0966,12727
0,0.0966,13158
0,0.0966,18932
0,0.0966,23273
0,0.0966,25763
0,0.0966,35743
0,0.0966,521538
0,0.0966,526698
0,0.0966,529604
0,0.0966,803172
0,0.0967,10531
0,0.0967,10612
0,0.0967,10794
0,0.0967,10799
0,0.0967,12562
0,0.0967,12730
0,0.0967,15514
0,0.0967,16892
0,0.0967,18022
0,0.0967,23619
0,0.0967,23893
0,0.0967,38010
0,0.0967,125794
0,0.0967,514045
0,0.0967,522465
0,0.0967,801865
0,0.0967,805647
0,0.0968,10097
0,0.0968,10138
0,0.0968,10292
0,0.0968,10299
0,0.0968,10475
0,0.0968,10661
0,0.0968,11029
0,0.0968,11263
0,0.0968,11796
0,0.0968,12252
0,0.0968,12902
0,0.0968,13347
0,0.0968,18278
0,0.0968,22047
0,0.0968,76194
0,0.0968,159866
0,0.0968,514344
0,0.0968,521075
0,0.0968,523037
0,0.0968,523672
0,0.0968,524761
0,0.0968,801469
0,0.0968,803241
0,0.0968,807396
0,0.0968,811215
0,0.0968,605725659
0,0.0968,955658695
0,0.0969,10210
0,0.0969,12947
0,0.0969,15332
0,0.0969,18437
0,0.0969,18601
0,0.0969,18779
0,0.0969,24788
0,0.0969,29028
0,0.0969,37142
0,0.0969,39880
0,0.0969,77377
0,0.0969,125991
0,0.0969,518513
0,0.0969,803215
0,0.0969,805494
0,0.0969,810586
0,0.0969,815678
0,0.0969,902672
0,0.0970,10109
0,0.0970,10967
0,0.0970,11131
0,0.0970,11174
0,0.0970,18787
0,0.0970,38272
0,0.0970,47523
0,0.0970,115704
0,0.0970,523675
0,0.0970,524133
0,0.0970,524644
0,0.0970,525400
0,0.0970,530702
0,0.0970,802371
0,0.0970,804371
0,0.0970,804848
0,0.0970,810639
0,0.0970,905170
0,0.0971,10132
0,0.0971,10150
0,0.0971,10271
0,0.0971,10488
0,0.0971,11027
0,0.0971,11606
0,0.0971,11805
0,0.0971,12398
0,0.0971,12686
0,0.0971,12720
0,0.0971,13675
0,0.0971,14677
0,0.0971,16673
0,0.0971,17474
0,0.0971,17799
0,0.0971,18391
0,0.0971,19266
0,0.0971,20190
0,0.0971,23524
0,0.0971,34402
0,0.0971,50082
0,0.0971,511828
0,0.0971,515575
0,0.0971,530449
0,0.0971,800809
0,0.0971,813866
0,0.0971,823168
0,0.0971,919509
0,0.0972,10312
0,0.0972,10494
0,0.0972,10649
0,0.0972,11155
0,0.0972,12830
0,0.0972,13475
0,0.0972,17386
0,0.0972,18413
0,0.0972,19946
0,0.0972,20831
0,0.0972,21932
0,0.0972,23682
0,0.0972,25045
0,0.0972,31496
0,0.0972,31825
0,0.0972,52352
0,0.0972,518194
0,0.0972,519363
0,0.0972,521113
0,0.0972,522410
0,0.0972,523446
0,0.0972,804625
0,0.0972,902789
0,0.0972,904537
0,0.0972,905871
0,0.0972,913454
0,0.0973,10272
0,0.0973,11466
0,0.0973,13013
0,0.0973,15170
0,0.0973,15674
0,0.0973,16098
0,0.0973,19189
0,0.0973,19441
0,0.0973,26238
0,0.0973,28364
0,0.0973,34046
0,0.0973,38315
0,0.0973,39813
0,0.0973,79464
0,0.0973,512273
0,0.0973,517193
0,0.0973,517481
0,0.0973,520338
0,0.0973,520388
0,0.0973,520817
0,0.0973,521814
0,0.0973,532380
0,0.0973,536208
0,0.0973,800926
0,0.0973,803070
0,0.0973,813291
0,0.0974,10205
0,0.0974,10499
0,0.0974,10969
0,0.0974,12454
0,0.0974,15094
0,0.0974,17274
0,0.0974,18744
0,0.0974,25381
0,0.0974,27735
0,0.0974,28901
0,0.0974,34974
0,0.0974,511776
0,0.0974,512390
0,0.0974,517722
0,0.0974,521262
0,0.0974,801489
0,0.0974,802107
0,0.0974,805137
0,0.0975,10050
0,0.0975,10166
0,0.0975,10347
0,0.0975,14239
0,0.0975,17981
0,0.0975,24232
0,0.0975,46687
0,0.0975,52811
0,0.0975,521028
0,0.0975,800258
0,0.0975,805514
0,0.0975,903545
0,0.0975,904536
0,0.0976,10243
0,0.0976,10249
0,0.0976,10950
0,0.0976,11604
0,0.0976,12028
0,0.0976,12091
0,0.0976,12139
0,0.0976,12159
0,0.0976,13613
0,0.0976,13669
0,0.0976,13698
0,0.0976,14387
0,0.0976,14644
0,0.0976,15891
0,0.0976,18713
0,0.0976,19267
0,0.0976,22393
0,0.0976,25792
0,0.0976,27339
0,0.0976,27937
0,0.0976,512881
0,0.0976,512927
0,0.0976,516927
0,0.0976,557958
0,0.0976,575669
0,0.0976,800056
0,0.0976,801246
0,0.0976,803107
0,0.0976,808183
0,0.0977,10302
0,0.0977,10385
0,0.0977,10432
0,0.0977,11438
0,0.0977,11832
0,0.0977,12526
0,0.0977,14200
0,0.0977,18455
0,0.0977,20818
0,0.0977,21122
0,0.0977,21778
0,0.0977,26862
0,0.0977,27296
0,0.0977,30740
0,0.0977,37319
0,0.0977,61944
0,0.0977,268052
0,0.0977,511823
0,0.0977,513713
0,0.0977,521256
0,0.0977,521466
0,0.0977,523372
0,0.0977,526521
0,0.0977,568012
0,0.0977,574147
0,0.0977,800849
0,0.0977,802955
0,0.0977,905286
0,0.0978,10977
0,0.0978,11146
0,0.0978,14828
0,0.0978,20756
0,0.0978,32258
0,0.0978,32477
0,0.0978,34565
0,0.0978,34824
0,0.0978,34882
0,0.0978,53414
0,0.0978,88874
0,0.0978,108926
0,0.0978,516070
0,0.0978,805067
0,0.0978,806898
0,0.0978,810694
0,0.0978,812134
0,0.0979,10285
0,0.0979,10663
0,0.0979,10887
0,0.0979,12084
0,0.0979,12358
0,0.0979,12497
0,0.0979,12801
0,0.0979,13428
0,0.0979,19691
0,0.0979,20497
0,0.0979,20683
0,0.0979,24687
0,0.0979,26417
0,0.0979,29009
0,0.0979,34699
0,0.0979,38835
0,0.0979,39251
0,0.0979,529259
0,0.0979,534090
0,0.0979,801755
0,0.0979,805245
0,0.0979,806037
0,0.0979,809085
0,0.0979,813685
0,0.0979,940007
0,0.0980,10178
0,0.0980,10215
0,0.0980,10368
0,0.0980,11013
0,0.0980,11357
0,0.0980,12532
0,0.0980,13901
0,0.0980,14018
0,0.0980,14299
0,0.0980,18504
0,0.0980,19327
0,0.0980,20923
0,0.0980,27973
0,0.0980,37248
0,0.0980,37265
0,0.0980,48491
0,0.0980,114151
0,0.0980,131748
0,0.0980,514620
0,0.0980,526298
0,0.0980,555502
0,0.0980,801007
0,0.0980,802453
0,0.0980,932322
0,0.0981,10356
0,0.0981,10378
0,0.0981,10448
0,0.0981,10740
0,0.0981,11028
0,0.0981,11085
0,0.0981,12693
0,0.0981,12777
0,0.0981,14071
0,0.0981,17506
0,0.0981,18419
0,0.0981,20656
0,0.0981,22404
0,0.0981,28093
0,0.0981,29135
0,0.0981,29344
0,0.0981,30610
0,0.0981,30807
0,0.0981,40742
0,0.0981,41079
0,0.0981,41847
0,0.0981,44325
0,0.0981,44991
0,0.0981,112885
0,0.0981,114715
0,0.0981,511797
0,0.0981,512887
0,0.0981,513283
0,0.0981,518252
0,0.0981,520529
0,0.0981,520621
0,0.0981,520691
0,0.0981,536207
0,0.0981,544361
0,0.0981,555473
0,0.0981,556719
0,0.0981,801141
0,0.0981,814865
0,0.0981,906554
0,0.0981,910511
0,0.0981,934595
0,0.0982,10102
0,0.0982,10114
0,0.0982,10185
0,0.0982,11266
0,0.0982,11577
0,0.0982,11838
0,0.0982,14694
0,0.0982,17665
0,0.0982,20202
0,0.0982,24069
0,0.0982,24681
0,0.0982,32388
0,0.0982,33155
0,0.0982,35558
0,0.0982,36306
0,0.0982,37998
0,0.0982,38975
0,0.0982,42404
0,0.0982,66752
0,0.0982,235061
0,0.0982,516060
0,0.0982,519766
0,0.0982,521406
0,0.0982,802914
0,0.0982,804797
0,0.0983,10652
0,0.0983,11109
0,0.0983,11245
0,0.0983,11921
0,0.0983,12423
0,0.0983,15362
0,0.0983,17454
0,0.0983,24968
0,0.0983,27237
0,0.0983,27941
0,0.0983,28653
0,0.0983,31352
0,0.0983,34461
0,0.0983,60466
0,0.0983,520816
0,0.0983,534901
0,0.0983,580819
0,0.0983,802507
0,0.0983,903339
0,0.0984,10468
0,0.0984,11288
0,0.0984,13432
0,0.0984,19246
0,0.0984,20185
0,0.0984,22240
0,0.0984,22804
0,0.0984,29012
0,0.0984,31633
0,0.0984,32013
0,0.0984,33234
0,0.0984,34120
0,0.0984,35988
0,0.0984,37011
0,0.0984,41056
0,0.0984,511926
0,0.0984,515091
0,0.0984,517833
0,0.0984,522819
0,0.0984,522828
0,0.0984,522909
0,0.0984,523477
0,0.0984,523632
0,0.0984,549229
0,0.0984,555238
0,0.0984,555501
0,0.0984,801890
0,0.0984,803055
0,0.0984,803982
0,0.0984,805447
0,0.0984,809696
0,0.0984,905012
0,0.0985,10825
0,0.0985,10892
0,0.0985,12472
0,0.0985,13553
0,0.0985,15680
0,0.0985,15925
0,0.0985,16689
0,0.0985,17086
0,0.0985,18539
0,0.0985,19348
0,0.0985,21227
0,0.0985,23602
0,0.0985,26505
0,0.0985,28791
0,0.0985,31575
0,0.0985,37735
0,0.0985,41887
0,0.0985,58394
0,0.0985,513930
0,0.0985,515289
0,0.0985,516981
0,0.0985,519705
0,0.0985,801397
0,0.0985,802768
0,0.0985,903284
0,0.0985,903422
0,0.0986,10677
0,0.0986,11017
0,0.0986,12734
0,0.0986,14213
0,0.0986,15262
0,0.0986,18997
0,0.0986,20780
0,0.0986,24054
0,0.0986,30233
0,0.0986,30310
0,0.0986,30477
0,0.0986,33838
0,0.0986,34835
0,0.0986,74202
0,0.0986,514092
0,0.0986,519860
0,0.0986,521306
0,0.0986,523564
0,0.0986,523744
0,0.0986,800256
0,0.0986,801273
0,0.0986,801628
0,0.0986,804647
0,0.0986,906236
0,0.0987,10041
0,0.0987,10187
0,0.0987,10306
0,0.0987,10658
0,0.0987,10912
0,0.0987,11220
0,0.0987,11915
0,0.0987,13259
0,0.0987,13360
0,0.0987,15273
0,0.0987,15719
0,0.0987,16203
0,0.0987,16659
0,0.0987,17464
0,0.0987,19255
0,0.0987,19478
0,0.0987,19919
0,0.0987,25184
0,0.0987,35540
0,0.0987,42095
0,0.0987,56877
0,0.0987,57102
0,0.0987,57559
0,0.0987,63923
0,0.0987,80306
0,0.0987,84901
0,0.0987,532571
0,0.0987,903574
0,0.0987,904280
0,0.0987,841372881
0,0.0988,10175
0,0.0988,10672
0,0.0988,10687
0,0.0988,11189
0,0.0988,11318
0,0.0988,11742
0,0.0988,12232
0,0.0988,12426
0,0.0988,13363
0,0.0988,14886
0,0.0988,14948
0,0.0988,15698
0,0.0988,16599
0,0.0988,17726
0,0.0988,18491
0,0.0988,20441
0,0.0988,29322
0,0.0988,35063
0,0.0988,37709
0,0.0988,38706
0,0.0988,40390
0,0.0988,42753
0,0.0988,89621
0,0.0988,197252
0,0.0988,523017
0,0.0988,525530
0,0.0988,530101
0,0.0988,570132
0,0.0988,808551
0,0.0988,904538
0,0.0988,905303
0,0.0988,933202
0,0.0989,10011
0,0.0989,10110
0,0.0989,10847
0,0.0989,11113
0,0.0989,11241
0,0.0989,11426
0,0.0989,12955
0,0.0989,14542
0,0.0989,14978
0,0.0989,15473
0,0.0989,17378
0,0.0989,18217
0,0.0989,29234
0,0.0989,29806
0,0.0989,31045
0,0.0989,33038
0,0.0989,57522
0,0.0989,203146
0,0.0989,224753
0,0.0989,514405
0,0.0989,515760
0,0.0989,801102
0,0.0989,803339
0,0.0989,804156
0,0.0989,804384
0,0.0989,909612
0,0.0989,911978
0,0.0989,934908
0,0.0989,936810
0,0.0990,10776
0,0.0990,10872
0,0.0990,12183
0,0.0990,12631
0,0.0990,14881
0,0.0990,15226
0,0.0990,17402
0,0.0990,18911
0,0.0990,19081
0,0.0990,19084
0,0.0990,19747
0,0.0990,22120
0,0.0990,23031
0,0.0990,32463
0,0.0990,35725
0,0.0990,37125
0,0.0990,43732
0,0.0990,52756
0,0.0990,54534
0,0.0990,121084
0,0.0990,515933
0,0.0990,520900
0,0.0990,524156
0,0.0990,555437
0,0.0990,1050045395
0,0.0991,10303
0,0.0991,10642
0,0.0991,11048
0,0.0991,11295
0,0.0991,22085
0,0.0991,27491
0,0.0991,28123
0,0.0991,34185
0,0.0991,35168
0,0.0991,45024
0,0.0991,79943
0,0.0991,520367
0,0.0991,523049
0,0.0991,552318
0,0.0991,814489
0,0.0991,903366
0,0.0992,10069
0,0.0992,10101
0,0.0992,10226
0,0.0992,10719
0,0.0992,12894
0,0.0992,13444
0,0.0992,16573
0,0.0992,16764
0,0.0992,17326
0,0.0992,19619
0,0.0992,19742
0,0.0992,23705
0,0.0992,23875
0,0.0992,31029
0,0.0992,33869
0,0.0992,71260
0,0.0992,160440
0,0.0992,516634
0,0.0992,519365
0,0.0992,519454
0,0.0992,519658
0,0.0992,520016
0,0.0992,520533
0,0.0992,520646
0,0.0992,521745
0,0.0992,523455
0,0.0992,524224
0,0.0992,529571
0,0.0992,801855
0,0.0993,10072
0,0.0993,10278
0,0.0993,12067
0,0.0993,12913
0,0.0993,13448
0,0.0993,14306
0,0.0993,15274
0,0.0993,15790
0,0.0993,25939
0,0.0993,29500
0,0.0993,35557
0,0.0993,63027
0,0.0993,105709
0,0.0993,454614
0,0.0993,513405
0,0.0993,519347
0,0.0993,520641
0,0.0993,557215
0,0.0993,801304
0,0.0993,904830
0,0.0993,1050350155
0,0.0994,10159
0,0.0994,10168
0,0.0994,11671
0,0.0994,11699
0,0.0994,12817
0,0.0994,13559
0,0.0994,13932
0,0.0994,14624
0,0.0994,18156
0,0.0994,22560
0,0.0994,23434
0,0.0994,26284
0,0.0994,32262
0,0.0994,32413
0,0.0994,47760
0,0.0994,63124
0,0.0994,70651
0,0.0994,83143
0,0.0994,94433
0,0.0994,174420
0,0.0994,521092
0,0.0994,523776
0,0.0994,535964
0,0.0994,805776
0,0.0994,806646
0,0.0995,10856
0,0.0995,11122
0,0.0995,11321
0,0.0995,11447
0,0.0995,11485
0,0.0995,12250
0,0.0995,12706
0,0.0995,12880
0,0.0995,17301
0,0.0995,17751
0,0.0995,21400
0,0.0995,21692
0,0.0995,23325
0,0.0995,23601
0,0.0995,25180
0,0.0995,30589
0,0.0995,36199
0,0.0995,49726
0,0.0995,52417
0,0.0995,61320
0,0.0995,112902
0,0.0995,512662
0,0.0995,520895
0,0.0995,522352
0,0.0995,525154
0,0.0995,529835
0,0.0995,807676
0,0.0996,10052
0,0.0996,10170
0,0.0996,10683
0,0.0996,12046
0,0.0996,12104
0,0.0996,12131
0,0.0996,12710
0,0.0996,15964
0,0.0996,16069
0,0.0996,18456
0,0.0996,20774
0,0.0996,21644
0,0.0996,22151
0,0.0996,23453
0,0.0996,40241
0,0.0996,61206
0,0.0996,79740
0,0.0996,87837
0,0.0996,533368
0,0.0996,800371
0,0.0996,801189
0,0.0996,801280
0,0.0996,804556
0,0.0996,804760
0,0.0996,807465
0,0.0996,907274
0,0.0996,932796
0,0.0997,11358
0,0.0997,11849
0,0.0997,12030
0,0.0997,13771
0,0.0997,14434
0,0.0997,15782
0,0.0997,17174
0,0.0997,18088
0,0.0997,18152
0,0.0997,22931
0,0.0997,24619
0,0.0997,29310
0,0.0997,33232
0,0.0997,34072
0,0.0997,34135
0,0.0997,38430
0,0.0997,41125
0,0.0997,80682
0,0.0997,512187
0,0.0997,512307
0,0.0997,514758
0,0.0997,520034
0,0.0997,549805
0,0.0997,807924
0,0.0998,10289
0,0.0998,10515
0,0.0998,11888
0,0.0998,12101
0,0.0998,12140
0,0.0998,12650
0,0.0998,14919
0,0.0998,14939
0,0.0998,16827
0,0.0998,17861
0,0.0998,19253
0,0.0998,27649
0,0.0998,32119
0,0.0998,38316
0,0.0998,58481
0,0.0998,122112
0,0.0998,195264
0,0.0998,517548
0,0.0998,813104
0,0.0998,928349
0,0.0999,10169
0,0.0999,12506
0,0.0999,12815
0,0.0999,13462
0,0.0999,15850
0,0.0999,16117
0,0.0999,16643
0,0.0999,16948
0,0.0999,19760
0,0.0999,32762
0,0.0999,40047
0,0.0999,41598
0,0.0999,54440
0,0.0999,63204
0,0.0999,344038
0,0.0999,516369
0,0.0999,519841
0,0.0999,522763
0,0.0999,801561
0,0.0999,902790
0,0.1000,10133
0,0.1000,10376
0,0.1000,12696
0,0.1000,13991
0,0.1000,15883
0,0.1000,16105
0,0.1000,18153
0,0.1000,18180
0,0.1000,29445
0,0.1000,29625
0,0.1000,30371
0,0.1000,32185
0,0.1000,33034
0,0.1000,37546
0,0.1000,59776
0,0.1000,61243
0,0.1000,68183
0,0.1000,125973
0,0.1000,165025
0,0.1000,512543
0,0.1000,521206
0,0.1000,800845
0,0.1000,801404
0,0.1000,802887
0,0.1000,807799
0,0.1000,808845
0,0.1001,10099
0,0.1001,10562
0,0.1001,11193
0,0.1001,11199
0,0.1001,11375
0,0.1001,12999
0,0.1001,14686
0,0.1001,23854
0,0.1001,24640
0,0.1001,30132
0,0.1001,33168
0,0.1001,34949
0,0.1001,39446
0,0.1001,61398
0,0.1001,81710
0,0.1001,85527
0,0.1001,164190
0,0.1001,512746
0,0.1001,523060
0,0.1001,523349
0,0.1001,534477
0,0.1001,555176
0,0.1001,801295
0,0.1001,803750
0,0.1001,803869
0,0.1001,806869
0,0.1001,825991
0,0.1001,918582
0,0.1002,11947
0,0.1002,15059
0,0.1002,16440
0,0.1002,16645
0,0.1002,16955
0,0.1002,17325
0,0.1002,17686
0,0.1002,28058
0,0.1002,28266
0,0.1002,36894
0,0.1002,53727
0,0.1002,58999
0,0.1002,519456
0,0.1002,574357
0,0.1002,801085
0,0.1002,804941
0,0.1002,804982
0,0.1002,805165
0,0.1003,10863
0,0.1003,11166
0,0.1003,12134
0,0.1003,13021
0,0.1003,14482
0,0.1003,16077
0,0.1003,16430
0,0.1003,17694
0,0.1003,20648
0,0.1003,23826
0,0.1003,29535
0,0.1003,30352
0,0.1003,36947
0,0.1003,38413
0,0.1003,57797
0,0.1003,64709
0,0.1003,67889
0,0.1003,517512
0,0.1003,802855
0,0.1004,10637
0,0.1004,11087
0,0.1004,11590
0,0.1004,11674
0,0.1004,13969
0,0.1004,13985
0,0.1004,15510
0,0.1004,16274
0,0.1004,18016
0,0.1004,22166
0,0.1004,29578
0,0.1004,30933
0,0.1004,31681
0,0.1004,31719
0,0.1004,35196
0,0.1004,39687
0,0.1004,53129
0,0.1004,67384
0,0.1004,521027
0,0.1004,555340
0,0.1004,800116
0,0.1004,800890
0,0.1004,801125
0,0.1004,801970
0,0.1004,809401
0,0.1004,939958
0,0.1005,10108
0,0.1005,10809
0,0.1005,11006
0,0.1005,14140
0,0.1005,14278
0,0.1005,18118
0,0.1005,18288
0,0.1005,21806
0,0.1005,22243
0,0.1005,22276
0,0.1005,25100
0,0.1005,25503
0,0.1005,27031
0,0.1005,58730
0,0.1005,151050
0,0.1005,515410
0,0.1005,519787
0,0.1005,519817
0,0.1005,519865
0,0.1005,520439
0,0.1005,521763
0,0.1005,527048
0,0.1005,555759
0,0.1005,555837
0,0.1005,807661
0,0.1006,10831
0,0.1006,12797
0,0.1006,13395
0,0.1006,14075
0,0.1006,16821
0,0.1006,17218
0,0.1006,19224
0,0.1006,19363
0,0.1006,20288
0,0.1006,20402
0,0.1006,21637
0,0.1006,24134
0,0.1006,29436
0,0.1006,31198
0,0.1006,42692
0,0.1006,56193
0,0.1006,87338
0,0.1006,555769
0,0.1006,800718
0,0.1006,801455
0,0.1006,801491
0,0.1006,802145
0,0.1006,913939
0,0.1007,10018
0,0.1007,10738
0,0.1007,11255
0,0.1007,11302
0,0.1007,11440
0,0.1007,17835
0,0.1007,18723
0,0.1007,19767
0,0.1007,19921
0,0.1007,20319
0,0.1007,20581
0,0.1007,20777
0,0.1007,21567
0,0.1007,34470
0,0.1007,513630
0,0.1007,517401
0,0.1007,521929
0,0.1007,521938
0,0.1007,531999
0,0.1007,802541
0,0.1007,803599
0,0.1007,807269
0,0.1008,11603
0,0.1008,11908
0,0.1008,15494
0,0.1008,15955
0,0.1008,16956
0,0.1008,17115
0,0.1008,17892
0,0.1008,18726
0,0.1008,23882
0,0.1008,24885
0,0.1008,28406
0,0.1008,29589
0,0.1008,37330
0,0.1008,51887
0,0.1008,71999
0,0.1008,267437
0,0.1008,513202
0,0.1008,513434
0,0.1008,516796
0,0.1008,551294
0,0.1008,804386
0,0.1008,806302
0,0.1009,10100
0,0.1009,10202
0,0.1009,10286
0,0.1009,14640
0,0.1009,15423
0,0.1009,15905
0,0.1009,18165
0,0.1009,20072
0,0.1009,22774
0,0.1009,27547
0,0.1009,28602
0,0.1009,55729
0,0.1009,142802
0,0.1009,513238
0,0.1009,556773
0,0.1009,801909
0,0.1009,801949
0,0.1009,801998
0,0.1009,808805
0,0.1009,374296357
0,0.1010,11071
0,0.1010,11352
0,0.1010,11428
0,0.1010,11529
0,0.1010,11607
0,0.1010,12654
0,0.1010,13371
0,0.1010,13539
0,0.1010,14523
0,0.1010,15754
0,0.1010,16390
0,0.1010,17663
0,0.1010,19982
0,0.1010,21353
0,0.1010,22937
0,0.1010,24580
0,0.1010,28010
0,0.1010,32040
0,0.1010,32468
0,0.1010,37595
0,0.1010,51208
0,0.1010,123807
0,0.1010,512328
0,0.1010,521317
0,0.1010,529385
0,0.1010,559335
0,0.1010,800899
0,0.1010,801895
0,0.1011,10404
0,0.1011,11003
0,0.1011,11631
0,0.1011,12178
0,0.1011,13573
0,0.1011,13700
0,0.1011,15117
0,0.1011,15808
0,0.1011,17593
0,0.1011,18730
0,0.1011,18838
0,0.1011,20620
0,0.1011,33444
0,0.1011,49185
0,0.1011,261784
0,0.1011,520472
0,0.1011,520927
0,0.1011,521061
0,0.1011,523506
0,0.1011,524883
0,0.1011,802506
0,0.1012,10671
0,0.1012,10917
0,0.1012,11770
0,0.1012,11806
0,0.1012,16079
0,0.1012,17004
0,0.1012,27725
0,0.1012,28920
0,0.1012,32918
0,0.1012,38454
0,0.1012,38952
0,0.1012,39134
0,0.1012,49429
0,0.1012,51658
0,0.1012,66394
0,0.1012,512077
0,0.1012,513364
0,0.1012,514596
0,0.1012,520188
0,0.1012,530154
0,0.1012,801392
0,0.1012,802413
0,0.1012,802793
0,0.1012,802954
0,0.1012,804119
0,0.1012,813633
0,0.1012,905528
0,0.1012,905870
0,0.1012,906612
0,0.1012,932684
0,0.1012,1050074465
0,0.1013,10033
0,0.1013,11030
0,0.1013,12115
0,0.1013,12159
0,0.1013,12622
0,0.1013,14207
0,0.1013,18743
0,0.1013,24828
0,0.1013,26309
0,0.1013,26798
0,0.1013,30935
0,0.1013,40045
0,0.1013,51344
0,0.1013,57240
0,0.1013,511757
0,0.1013,523945
0,0.1013,537840
0,0.1013,800559
0,0.1013,802461
0,0.1013,803047
0,0.1013,804984
0,0.1013,374296357
0,0.1014,10180
0,0.1014,12336
0,0.1014,12610
0,0.1014,15041
0,0.1014,17076
0,0.1014,19189
0,0.1014,22733
0,0.1014,30540
0,0.1014,31829
0,0.1014,36734
0,0.1014,40798
0,0.1014,519940
0,0.1014,520053
0,0.1014,523939
0,0.1014,524363
0,0.1014,524717
0,0.1014,525354
0,0.1014,531367
0,0.1014,540077
0,0.1014,547701
0,0.1014,552858
0,0.1014,802544
0,0.1014,803197
0,0.1014,319204020
0,0.1015,10050
0,0.1015,10425
0,0.1015,10469
0,0.1015,11495
0,0.1015,12209
0,0.1015,14089
0,0.1015,18744
0,0.1015,19440
0,0.1015,21646
0,0.1015,23416
0,0.1015,25859
0,0.1015,29106
0,0.1015,46691
0,0.1015,53086
0,0.1015,56322
0,0.1015,73254
0,0.1015,98544
0,0.1015,515230
0,0.1015,521698
0,0.1015,524370
0,0.1015,525958
0,0.1015,805184
0,0.1015,806747
0,0.1015,809014
0,0.1016,10057
0,0.1016,10080
0,0.1016,10336
0,0.1016,11142
0,0.1016,12136
0,0.1016,12298
0,0.1016,12333
0,0.1016,12355
0,0.1016,13515
0,0.1016,14918
0,0.1016,15888
0,0.1016,16538
0,0.1016,16936
0,0.1016,16959
0,0.1016,18779
0,0.1016,18963
0,0.1016,20594
0,0.1016,20704
0,0.1016,35652
0,0.1016,37981
0,0.1016,73463
0,0.1016,516359
0,0.1016,521971
0,0.1016,555342
0,0.1016,556286
0,0.1016,558854
0,0.1016,801214
0,0.1016,801746
0,0.1016,804023
0,0.1016,807980
0,0.1016,811684
0,0.1016,818789
0,0.1016,904539
0,0.1017,10436
0,0.1017,10685
0,0.1017,10750
0,0.1017,10941
0,0.1017,11012
0,0.1017,11129
0,0.1017,11701
0,0.1017,12093
0,0.1017,12854
0,0.1017,13640
0,0.1017,15304
0,0.1017,15535
0,0.1017,15562
0,0.1017,15576
0,0.1017,16273
0,0.1017,17276
0,0.1017,17504
0,0.1017,19486
0,0.1017,19575
0,0.1017,20418
0,0.1017,20818
0,0.1017,21932
0,0.1017,23273
0,0.1017,80498
0,0.1017,521701
0,0.1017,531643
0,0.1017,802137
0,0.1017,803860
0,0.1017,807750
0,0.1017,903484
0,0.1018,10027
0,0.1018,10061
0,0.1018,10185
0,0.1018,11410
0,0.1018,11628
0,0.1018,12109
0,0.1018,12510
0,0.1018,12621
0,0.1018,12787
0,0.1018,15858
0,0.1018,15908
0,0.1018,19290
0,0.1018,19995
0,0.1018,27684
0,0.1018,71547
0,0.1018,96137
0,0.1018,511784
0,0.1018,512060
0,0.1018,513283
0,0.1018,513711
0,0.1018,521444
0,0.1018,521814
0,0.1018,533196
0,0.1018,800577
0,0.1018,801088
0,0.1018,803005
0,0.1018,803804
0,0.1018,1050014552
0,0.1019,10196
0,0.1019,10555
0,0.1019,10679
0,0.1019,10908
0,0.1019,11026
0,0.1019,12105
0,0.1019,12697
0,0.1019,14061
0,0.1019,14063
0,0.1019,15877
0,0.1019,16051
0,0.1019,18688
0,0.1019,19698
0,0.1019,21563
0,0.1019,24136
0,0.1019,24382
0,0.1019,28875
0,0.1019,35503
0,0.1019,39813
0,0.1019,43781
0,0.1019,62540
0,0.1019,125557
0,0.1019,133032
0,0.1019,512927
0,0.1019,514045
0,0.1019,516256
0,0.1019,533431
0,0.1019,548337
0,0.1019,802261
0,0.1019,809441
0,0.1019,811054
0,0.1020,10414
0,0.1020,12292
0,0.1020,12358
0,0.1020,13084
0,0.1020,13307
0,0.1020,13947
0,0.1020,14539
0,0.1020,14993
0,0.1020,15176
0,0.1020,15412
0,0.1020,16081
0,0.1020,16584
0,0.1020,16794
0,0.1020,18120
0,0.1020,18404
0,0.1020,18712
0,0.1020,19386
0,0.1020,27416
0,0.1020,30873
0,0.1020,45539
0,0.1020,53884
0,0.1020,92871
0,0.1020,517202
0,0.1020,519899
0,0.1020,530880
0,0.1020,547689
0,0.1020,800417
0,0.1020,805800
0,0.1020,809979
0,0.1020,910202
0,0.1021,10097
0,0.1021,10138
0,0.1021,10290
0,0.1021,16758
0,0.1021,18303
0,0.1021,18364
0,0.1021,18419
0,0.1021,19960
0,0.1021,24016
0,0.1021,33032
0,0.1021,56362
0,0.1021,60175
0,0.1021,68776
0,0.1021,80808
0,0.1021,138384
0,0.1021,537032
0,0.1021,801479
0,0.1021,802809
0,0.1022,10428
0,0.1022,13007
0,0.1022,13516
0,0.1022,14127
0,0.1022,14639
0,0.1022,17691
0,0.1022,32615
0,0.1022,34820
0,0.1022,37196
0,0.1022,45701
0,0.1022,54602
0,0.1022,76194
0,0.1022,98388
0,0.1022,101652
0,0.1022,512314
0,0.1022,516098
0,0.1022,520468
0,0.1022,523482
0,0.1022,523863
0,0.1022,543989
0,0.1022,801469
0,0.1022,806398
0,0.1023,10166
0,0.1023,10249
0,0.1023,10308
0,0.1023,10338
0,0.1023,10447
0,0.1023,10479
0,0.1023,11460
0,0.1023,12221
0,0.1023,14009
0,0.1023,16465
0,0.1023,16875
0,0.1023,19779
0,0.1023,24399
0,0.1023,24463
0,0.1023,25517
0,0.1023,35743
0,0.1023,46724
0,0.1023,53958
0,0.1023,57935
0,0.1023,61285
0,0.1023,68889
0,0.1023,515457
0,0.1023,518194
0,0.1023,519262
0,0.1023,524654
0,0.1023,529520
0,0.1023,548428
0,0.1023,555344
0,0.1023,800412
0,0.1023,803493
0,0.1023,812057
0,0.1024,10949
0,0.1024,11032
0,0.1024,11247
0,0.1024,12301
0,0.1024,12514
0,0.1024,13364
0,0.1024,13471
0,0.1024,18504
0,0.1024,27413
0,0.1024,32258
0,0.1024,36631
0,0.1024,49761
0,0.1024,59754
0,0.1024,524655
0,0.1024,802124
0,0.1024,802566
0,0.1024,802858
0,0.1024,902395
0,0.1025,10433
0,0.1025,10551
0,0.1025,11103
0,0.1025,12091
0,0.1025,12095
0,0.1025,12901
0,0.1025,13628
0,0.1025,14697
0,0.1025,14997
0,0.1025,18953
0,0.1025,21403
0,0.1025,22596
0,0.1025,35233
0,0.1025,37142
0,0.1025,96166
0,0.1025,289948
0,0.1025,515110
0,0.1025,532056
0,0.1025,536211
0,0.1026,10399
0,0.1026,10691
0,0.1026,12151
0,0.1026,12733
0,0.1026,14133
0,0.1026,15064
0,0.1026,15789
0,0.1026,26417
0,0.1026,48527
0,0.1026,513237
0,0.1026,517580
0,0.1026,530635
0,0.1026,803524
0,0.1026,806355
0,0.1026,924883
0,0.1027,10661
0,0.1027,11891
0,0.1027,11955
0,0.1027,12657
0,0.1027,12730
0,0.1027,14227
0,0.1027,23619
0,0.1027,64874
0,0.1027,521305
0,0.1027,529069
0,0.1027,555472
0,0.1027,805949
0,0.1027,806094
0,0.1027,808250
0,0.1027,919509
0,0.1028,10120
0,0.1028,10421
0,0.1028,10497
0,0.1028,10699
0,0.1028,12405
0,0.1028,13151
0,0.1028,14752
0,0.1028,16708
0,0.1028,17245
0,0.1028,22870
0,0.1028,25852
0,0.1028,28735
0,0.1028,31324
0,0.1028,57381
0,0.1028,104220
0,0.1028,521536
0,0.1028,801989
0,0.1028,803709
0,0.1028,806201
0,0.1029,10035
0,0.1029,10299
0,0.1029,10362
0,0.1029,11548
0,0.1029,11976
0,0.1029,12278
0,0.1029,13221
0,0.1029,13498
0,0.1029,13743
0,0.1029,14001
0,0.1029,15063
0,0.1029,16021
0,0.1029,21904
0,0.1029,22122
0,0.1029,25724
0,0.1029,25792
0,0.1029,27296
0,0.1029,55527
0,0.1029,519132
0,0.1029,520210
0,0.1029,560489
0,0.1029,805451
0,0.1029,905003
0,0.1030,10603
0,0.1030,10612
0,0.1030,10830
0,0.1030,12906
0,0.1030,13158
0,0.1030,13817
0,0.1030,14412
0,0.1030,14414
0,0.1030,16811
0,0.1030,18141
0,0.1030,18595
0,0.1030,18597
0,0.1030,19369
0,0.1030,22240
0,0.1030,22521
0,0.1030,23783
0,0.1030,24684
0,0.1030,30807
0,0.1030,40773
0,0.1030,46148
0,0.1030,120123
0,0.1030,133154
0,0.1030,513551
0,0.1030,801918
0,0.1030,805743
0,0.1030,841372881
0,0.1031,10707
0,0.1031,11021
0,0.1031,11600
0,0.1031,11717
0,0.1031,11977
0,0.1031,12395
0,0.1031,12596
0,0.1031,13065
0,0.1031,15163
0,0.1031,16039
0,0.1031,17938
0,0.1031,18932
0,0.1031,19850
0,0.1031,20144
0,0.1031,25403
0,0.1031,27478
0,0.1031,31100
0,0.1031,34224
0,0.1031,128995
0,0.1031,508595
0,0.1031,523821
0,0.1031,527588
0,0.1031,804555
0,0.1031,903679
0,0.1032,10471
0,0.1032,11618
0,0.1032,13287
0,0.1032,13598
0,0.1032,13858
0,0.1032,15393
0,0.1032,18170
0,0.1032,19110
0,0.1032,22706
0,0.1032,22747
0,0.1032,41534
0,0.1032,54597
0,0.1032,188933
0,0.1032,800061
0,0.1032,801394
0,0.1032,804679
0,0.1033,10041
0,0.1033,11156
0,0.1033,11466
0,0.1033,11819
0,0.1033,13040
0,0.1033,15458
0,0.1033,16671
0,0.1033,23025
0,0.1033,29083
0,0.1033,34576
0,0.1033,40390
0,0.1033,82376
0,0.1033,513935
0,0.1033,514266
0,0.1033,518604
0,0.1033,521529
0,0.1033,524470
0,0.1033,527318
0,0.1033,556038
0,0.1033,557801
0,0.1033,804398
0,0.1033,909451
0,0.1034,10110
0,0.1034,10203
0,0.1034,10531
0,0.1034,10815
0,0.1034,10959
0,0.1034,11637
0,0.1034,13456
0,0.1034,15587
0,0.1034,16880
0,0.1034,18778
0,0.1034,36745
0,0.1034,53639
0,0.1034,114378
0,0.1034,331721
0,0.1034,512106
0,0.1034,520440
0,0.1034,520862
0,0.1034,524755
0,0.1034,526612
0,0.1034,800637
0,0.1034,801173
0,0.1034,802019
0,0.1034,802181
0,0.1034,803433
0,0.1035,10295
0,0.1035,10365
0,0.1035,10494
0,0.1035,11540
0,0.1035,14263
0,0.1035,15997
0,0.1035,17454
0,0.1035,18616
0,0.1035,19452
0,0.1035,20272
0,0.1035,21519
0,0.1035,29135
0,0.1035,37313
0,0.1035,68841
0,0.1035,96238
0,0.1035,512581
0,0.1035,513145
0,0.1035,516886
0,0.1035,519866
0,0.1035,521028
0,0.1035,522974
0,0.1035,801820
0,0.1035,808670
0,0.1035,812884
0,0.1036,10293
0,0.1036,10432
0,0.1036,10434
0,0.1036,10816
0,0.1036,13760
0,0.1036,14215
0,0.1036,14747
0,0.1036,16754
0,0.1036,17391
0,0.1036,17603
0,0.1036,22414
0,0.1036,23575
0,0.1036,31121
0,0.1036,41939
0,0.1036,89201
0,0.1036,107008
0,0.1036,516513
0,0.1036,800213
0,0.1036,803516
0,0.1036,804384
0,0.1036,811914
0,0.1037,10332
0,0.1037,11203
0,0.1037,11361
0,0.1037,11982
0,0.1037,12055
0,0.1037,12086
0,0.1037,12088
0,0.1037,12902
0,0.1037,14259
0,0.1037,19104
0,0.1037,19930
0,0.1037,20631
0,0.1037,21613
0,0.1037,28332
0,0.1037,28791
0,0.1037,30310
0,0.1037,44313
0,0.1037,44903
0,0.1037,45311
0,0.1037,514125
0,0.1037,524902
0,0.1037,530449
0,0.1037,801557
0,0.1037,801816
0,0.1037,802072
0,0.1037,907558
0,0.1038,10278
0,0.1038,10412
0,0.1038,11023
0,0.1038,11690
0,0.1038,12564
0,0.1038,12768
0,0.1038,14553
0,0.1038,16743
0,0.1038,18915
0,0.1038,22709
0,0.1038,25045
0,0.1038,28678
0,0.1038,523636
0,0.1038,526297
0,0.1038,805488
0,0.1038,811652
0,0.1039,10101
0,0.1039,10394
0,0.1039,10819
0,0.1039,11131
0,0.1039,11515
0,0.1039,12327
0,0.1039,12646
0,0.1039,13342
0,0.1039,17061
0,0.1039,17082
0,0.1039,17199
0,0.1039,43760
0,0.1039,53384
0,0.1039,74781
0,0.1039,178990
0,0.1039,511857
0,0.1039,512791
0,0.1039,513217
0,0.1039,513402
0,0.1039,514028
0,0.1039,515578
0,0.1039,519720
0,0.1039,524361
0,0.1039,546546
0,0.1039,800926
0,0.1039,801137
0,0.1039,903573
0,0.1039,910865
0,0.1040,10086
0,0.1040,10107
0,0.1040,10255
0,0.1040,10967
0,0.1040,12698
0,0.1040,12830
0,0.1040,14098
0,0.1040,14881
0,0.1040,15586
0,0.1040,16641
0,0.1040,17685
0,0.1040,19497
0,0.1040,20873
0,0.1040,24142
0,0.1040,28758
0,0.1040,33224
0,0.1040,70088
0,0.1040,76930
0,0.1040,514405
0,0.1040,514442
0,0.1040,520698
0,0.1040,524167
0,0.1040,537027
0,0.1040,801336
0,0.1040,803007
0,0.1040,803070
0,0.1041,11106
0,0.1041,11723
0,0.1041,11932
0,0.1041,12259
0,0.1041,12947
0,0.1041,14093
0,0.1041,14137
0,0.1041,14387
0,0.1041,14714
0,0.1041,15140
0,0.1041,16819
0,0.1041,19215
0,0.1041,24126
0,0.1041,25750
0,0.1041,27336
0,0.1041,29202
0,0.1041,38272
0,0.1041,511862
0,0.1041,513153
0,0.1041,521815
0,0.1041,523657
0,0.1041,553194
0,0.1041,801282
0,0.1041,802580
0,0.1041,802806
0,0.1041,803241
0,0.1041,804132
0,0.1041,806481
0,0.1042,11181
0,0.1042,11245
0,0.1042,12285
0,0.1042,13877
0,0.1042,14832
0,0.1042,15932
0,0.1042,16672
0,0.1042,17455
0,0.1042,18568
0,0.1042,19118
0,0.1042,19871
0,0.1042,23960
0,0.1042,25184
0,0.1042,25939
0,0.1042,520529
0,0.1042,521374
0,0.1042,806620
0,0.1042,905405
0,0.1043,10514
0,0.1043,10676
0,0.1043,10794
0,0.1043,11327
0,0.1043,12500
0,0.1043,14134
0,0.1043,15716
0,0.1043,16822
0,0.1043,21296
0,0.1043,23829
0,0.1043,26412
0,0.1043,29093
0,0.1043,35464
0,0.1043,36235
0,0.1043,36492
0,0.1043,84735
0,0.1043,514766
0,0.1043,516599
0,0.1043,529125
0,0.1043,536057
0,0.1043,801199
0,0.1043,818234
0,0.1043,904537
0,0.1044,10371
0,0.1044,10914
0,0.1044,11231
0,0.1044,12123
0,0.1044,12584
0,0.1044,12907
0,0.1044,13642
0,0.1044,14446
0,0.1044,15543
0,0.1044,18437
0,0.1044,30169
0,0.1044,90602
0,0.1044,519444
0,0.1044,520817
0,0.1044,533946
0,0.1044,802987
0,0.1044,803129
0,0.1044,803575
0,0.1044,811763
0,0.1044,814625
0,0.1044,905871
0,0.1045,10269
0,0.1045,11403
0,0.1045,11969
0,0.1045,12089
0,0.1045,13289
0,0.1045,13295
0,0.1045,16537
0,0.1045,16816
0,0.1045,21750
0,0.1045,23325
0,0.1045,24450
0,0.1045,31070
0,0.1045,35978
0,0.1045,37195
0,0.1045,43756
0,0.1045,44005
0,0.1045,47438
0,0.1045,52478
0,0.1045,521147
0,0.1045,521466
0,0.1045,524136
0,0.1045,529349
0,0.1045,803384
0,0.1045,805015
0,0.1045,811999
0,0.1045,906513
0,0.1046,10099
0,0.1046,10205
0,0.1046,12104
0,0.1046,18069
0,0.1046,19327
0,0.1046,26705
0,0.1046,31735
0,0.1046,38914
0,0.1046,40289
0,0.1046,135801
0,0.1046,190319
0,0.1046,512720
0,0.1046,514917
0,0.1046,517512
0,0.1046,518578
0,0.1046,529515
0,0.1046,802837
0,0.1046,803013
0,0.1046,803048
0,0.1046,806900
0,0.1046,909003
0,0.1047,10114
0,0.1047,10285
0,0.1047,10969
0,0.1047,12217
0,0.1047,12334
0,0.1047,12948
0,0.1047,13698
0,0.1047,13872
0,0.1047,14694
0,0.1047,15364
0,0.1047,23762
0,0.1047,25529
0,0.1047,29205
0,0.1047,36115
0,0.1047,76420
0,0.1047,512273
0,0.1047,514997
0,0.1047,521306
0,0.1047,523772
0,0.1047,808800
0,0.1047,902842
0,0.1047,924901
0,0.1048,10137
0,0.1048,10323
0,0.1048,10820
0,0.1048,11053
0,0.1048,11155
0,0.1048,11489
0,0.1048,12240
0,0.1048,12272
0,0.1048,13184
0,0.1048,13569
0,0.1048,14449
0,0.1048,20051
0,0.1048,26636
0,0.1048,26981
0,0.1048,31871
0,0.1048,32315
0,0.1048,34725
0,0.1048,38847
0,0.1048,90224
0,0.1048,114715
0,0.1048,512881
0,0.1048,518220
0,0.1048,518777
0,0.1048,520340
0,0.1048,524133
0,0.1048,556767
0,0.1048,800153
0,0.1048,800809
0,0.1048,806095
0,0.1048,810694
0,0.1048,931656
0,0.1049,10294
0,0.1049,10879
0,0.1049,11401
0,0.1049,11768
0,0.1049,12855
0,0.1049,13559
0,0.1049,16781
0,0.1049,20145
0,0.1049,24184
0,0.1049,29340
0,0.1049,30981
0,0.1049,39382
0,0.1049,164031
0,0.1049,210670
0,0.1049,515015
0,0.1049,517548
0,0.1049,519000
0,0.1049,801395
0,0.1049,803327
0,0.1049,807560
0,0.1049,813076
0,0.1050,10385
0,0.1050,11171
0,0.1050,12181
0,0.1050,14021
0,0.1050,14434
0,0.1050,14907
0,0.1050,16587
0,0.1050,21581
0,0.1050,23167
0,0.1050,23601
0,0.1050,36423
0,0.1050,38835
0,0.1050,39095
0,0.1050,48491
0,0.1050,150489
0,0.1050,522387
0,0.1050,531862
0,0.1050,532946
0,0.1050,801824
0,0.1050,802889
0,0.1050,803469
0,0.1050,804180
0,0.1050,810038
0,0.1050,815454
0,0.1050,841372881
0,0.1051,10172
0,0.1051,10411
0,0.1051,10453
0,0.1051,11663
0,0.1051,15891
0,0.1051,16800
0,0.1051,17958
0,0.1051,19615
0,0.1051,38796
0,0.1051,60266
0,0.1051,131748
0,0.1051,515575
0,0.1051,519890
0,0.1051,801417
0,0.1051,805689
0,0.1051,812721
0,0.1051,904639
0,0.1051,701647131
0,0.1052,10490
0,0.1052,10510
0,0.1052,11157
0,0.1052,13229
0,0.1052,13854
0,0.1052,14200
0,0.1052,18980
0,0.1052,19760
0,0.1052,20100
0,0.1052,23809
0,0.1052,24614
0,0.1052,26287
0,0.1052,32016
0,0.1052,49243
0,0.1052,86750
0,0.1052,112404
0,0.1052,805616
0,0.1052,810726
0,0.1053,10276
0,0.1053,10568
0,0.1053,12506
0,0.1053,13255
0,0.1053,13773
0,0.1053,14499
0,0.1053,19341
0,0.1053,22692
0,0.1053,26604
0,0.1053,49464
0,0.1053,56017
0,0.1053,56660
0,0.1053,515289
0,0.1053,533748
0,0.1053,547267
0,0.1053,555383
0,0.1053,800256
0,0.1053,803566
0,0.1053,809221
0,0.1053,909232
0,0.1053,427967297
0,0.1054,10003
0,0.1054,10072
0,0.1054,11010
0,0.1054,11405
0,0.1054,11420
0,0.1054,11537
0,0.1054,12015
0,0.1054,12102
0,0.1054,14286
0,0.1054,16309
0,0.1054,19283
0,0.1054,19740
0,0.1054,21719
0,0.1054,22564
0,0.1054,23180
0,0.1054,26441
0,0.1054,26988
0,0.1054,27092
0,0.1054,27331
0,0.1054,36070
0,0.1054,81334
0,0.1054,88651
0,0.1054,94433
0,0.1054,529603
0,0.1054,805932
0,0.1054,902453
0,0.1054,904536
0,0.1054,906520
0,0.1055,10088
0,0.1055,10187
0,0.1055,25078
0,0.1055,29129
0,0.1055,29635
0,0.1055,30653
0,0.1055,34949
0,0.1055,36234
0,0.1055,42372
0,0.1055,70539
0,0.1055,513378
0,0.1055,514988
0,0.1055,520214
0,0.1055,521236
0,0.1055,802605
0,0.1055,802887
0,0.1055,812528
0,0.1055,815344
0,0.1055,815364
0,0.1055,910004
0,0.1056,10241
0,0.1056,10617
0,0.1056,10751
0,0.1056,11081
0,0.1056,13475
0,0.1056,14756
0,0.1056,16910
0,0.1056,18704
0,0.1056,19080
0,0.1056,20129
0,0.1056,39436
0,0.1056,54465
0,0.1056,86264
0,0.1056,801702
0,0.1056,803339
0,0.1056,813845
0,0.1057,10499
0,0.1057,10693
0,0.1057,11241
0,0.1057,11872
0,0.1057,11915
0,0.1057,12118
0,0.1057,13000
0,0.1057,13117
0,0.1057,14018
0,0.1057,15332
0,0.1057,16119
0,0.1057,16350
0,0.1057,17472
0,0.1057,18156
0,0.1057,22474
0,0.1057,26741
0,0.1057,30662
0,0.1057,41428
0,0.1057,42226
0,0.1057,45757
0,0.1057,48146
0,0.1057,63606
0,0.1057,64180
0,0.1057,517500
0,0.1057,522729
0,0.1057,529385
0,0.1057,804304
0,0.1057,805678
0,0.1057,811990
0,0.1057,905905
0,0.1058,10005
0,0.1058,10092
0,0.1058,11338
0,0.1058,13667
0,0.1058,15602
0,0.1058,15688
0,0.1058,22080
0,0.1058,22441
0,0.1058,38706
0,0.1058,56970
0,0.1058,65472
0,0.1058,135324
0,0.1058,515933
0,0.1058,520117
0,0.1058,522738
0,0.1058,526298
0,0.1058,529228
0,0.1058,531063
0,0.1058,555238
0,0.1058,575669
0,0.1058,800301
0,0.1058,801688
0,0.1058,802107
0,0.1058,806628
0,0.1058,807174
0,0.1058,317223538
0,0.1059,10175
0,0.1059,10185
0,0.1059,10368
0,0.1059,11005
0,0.1059,12777
0,0.1059,18139
0,0.1059,18777
0,0.1059,23165
0,0.1059,24517
0,0.1059,28938
0,0.1059,32062
0,0.1059,33289
0,0.1059,37045
0,0.1059,38650
0,0.1059,55361
0,0.1059,516820
0,0.1059,535523
0,0.1059,555342
0,0.1059,801530
0,0.1059,904108
0,0.1059,910225
0,0.1060,10545
0,0.1060,11764
0,0.1060,12493
0,0.1060,13360
0,0.1060,15820
0,0.1060,16172
0,0.1060,21702
0,0.1060,21747
0,0.1060,22689
0,0.1060,23524
0,0.1060,25498
0,0.1060,26862
0,0.1060,64301
0,0.1060,82727
0,0.1060,518073
0,0.1060,531425
0,0.1060,536207
0,0.1060,801785
0,0.1060,802651
0,0.1060,809678
0,0.1060,811321
0,0.1060,818329
0,0.1060,934595
0,0.1061,10652
0,0.1061,10740
0,0.1061,10852
0,0.1061,11784
0,0.1061,12565
0,0.1061,15714
0,0.1061,16093
0,0.1061,16673
0,0.1061,18754
0,0.1061,23316
0,0.1061,24690
0,0.1061,32161
0,0.1061,36137
0,0.1061,38326
0,0.1061,42469
0,0.1061,52728
0,0.1061,63027
0,0.1061,519399
0,0.1061,803605
0,0.1061,804264
0,0.1061,805572
0,0.1061,904036
0,0.1061,957716
0,0.1062,10011
0,0.1062,10672
0,0.1062,10677
0,0.1062,10687
0,0.1062,10825
0,0.1062,11447
0,0.1062,14461
0,0.1062,15046
0,0.1062,16369
0,0.1062,16795
0,0.1062,19189
0,0.1062,27083
0,0.1062,29930
0,0.1062,32772
0,0.1062,34187
0,0.1062,40888
0,0.1062,91663
0,0.1062,119230
0,0.1062,123422
0,0.1062,519616
0,0.1062,529029
0,0.1062,805503
0,0.1062,809538
0,0.1062,812702
0,0.1062,905420
0,0.1063,11623
0,0.1063,12228
0,0.1063,13121
0,0.1063,13305
0,0.1063,16659
0,0.1063,16700
0,0.1063,19061
0,0.1063,25763
0,0.1063,85527
0,0.1063,120929
0,0.1063,136326
0,0.1063,522354
0,0.1063,522763
0,0.1063,534301
0,0.1063,535668
0,0.1063,537138
0,0.1063,800241
0,0.1063,800842
0,0.1063,804195
0,0.1064,10658
0,0.1064,11054
0,0.1064,11377
0,0.1064,12976
0,0.1064,13442
0,0.1064,13932
0,0.1064,15316
0,0.1064,18779
0,0.1064,28579
0,0.1064,33788
0,0.1064,104366
0,0.1064,117568
0,0.1064,522828
0,0.1064,523564
0,0.1064,575760
0,0.1064,803589
0,0.1064,803992
0,0.1064,805190
0,0.1064,806281
0,0.1064,807269
0,0.1065,10041
0,0.1065,10799
0,0.1065,11440
0,0.1065,11577
0,0.1065,13108
0,0.1065,13551
0,0.1065,14840
0,0.1065,18744
0,0.1065,19036
0,0.1065,24382
0,0.1065,25723
0,0.1065,27925
0,0.1065,30119
0,0.1065,39399
0,0.1065,45722
0,0.1065,511839
0,0.1065,521814
0,0.1065,802944
0,0.1065,803172
0,0.1065,902554
0,0.1065,933202
0,0.1066,11164
0,0.1066,11796
0,0.1066,13317
0,0.1066,14545
0,0.1066,15245
0,0.1066,16175
0,0.1066,17630
0,0.1066,19613
0,0.1066,20818
0,0.1066,23273
0,0.1066,29458
0,0.1066,37929
0,0.1066,50349
0,0.1066,53086
0,0.1066,55021
0,0.1066,111777
0,0.1066,512927
0,0.1066,513283
0,0.1066,519865
0,0.1066,520143
0,0.1066,532909
0,0.1066,537135
0,0.1066,804847
0,0.1066,804994
0,0.1066,805229
0,0.1066,805241
0,0.1066,936827
0,0.1067,10110
0,0.1067,10537
0,0.1067,14765
0,0.1067,17177
0,0.1067,22791
0,0.1067,23761
0,0.1067,26666
0,0.1067,32825
0,0.1067,513077
0,0.1067,516616
0,0.1067,520217
0,0.1067,523776
0,0.1067,805021
0,0.1067,805926
0,0.1067,805992
0,0.1068,10457
0,0.1068,10735
0,0.1068,12358
0,0.1068,12718
0,0.1068,13013
0,0.1068,15176
0,0.1068,15362
0,0.1068,15850
0,0.1068,16274
0,0.1068,18351
0,0.1068,24632
0,0.1068,26793
0,0.1068,27021
0,0.1068,29918
0,0.1068,36702
0,0.1068,48638
0,0.1068,51764
0,0.1068,84917
0,0.1068,512750
0,0.1068,522465
0,0.1068,525400
0,0.1068,533103
0,0.1068,537899
0,0.1068,802405
0,0.1068,809143
0,0.1068,911978
0,0.1069,10680
0,0.1069,11357
0,0.1069,11402
0,0.1069,11699
0,0.1069,11908
0,0.1069,12532
0,0.1069,12796
0,0.1069,13751
0,0.1069,14899
0,0.1069,15568
0,0.1069,18817
0,0.1069,24558
0,0.1069,30108
0,0.1069,31967
0,0.1069,35908
0,0.1069,47922
0,0.1069,67864
0,0.1069,83932
0,0.1069,514045
0,0.1069,519895
0,0.1069,908181
0,0.1070,10100
0,0.1070,14034
0,0.1070,14330
0,0.1070,14486
0,0.1070,15674
0,0.1070,16836
0,0.1070,18419
0,0.1070,28589
0,0.1070,36076
0,0.1070,47830
0,0.1070,55385
0,0.1070,59994
0,0.1070,79516
0,0.1070,521126
0,0.1070,521745
0,0.1070,524254
0,0.1070,524717
0,0.1070,801141
0,0.1070,801902
0,0.1070,802714
0,0.1070,802884
0,0.1070,600700832
0,0.1071,10692
0,0.1071,10847
0,0.1071,12650
0,0.1071,14580
0,0.1071,16473
0,0.1071,18504
0,0.1071,19902
0,0.1071,22799
0,0.1071,42178
0,0.1071,58730
0,0.1071,61398
0,0.1071,513174
0,0.1071,513499
0,0.1071,514596
0,0.1071,516505
0,0.1071,518386
0,0.1071,531708
0,0.1071,800430
0,0.1071,809813
0,0.1071,936618
0,0.1072,10302
0,0.1072,12809
0,0.1072,15114
0,0.1072,16862
0,0.1072,16984
0,0.1072,18601
0,0.1072,19616
0,0.1072,53652
0,0.1072,96320
0,0.1072,140747
0,0.1072,514230
0,0.1072,518513
0,0.1072,520792
0,0.1072,800041
0,0.1072,801521
0,0.1072,806060
0,0.1072,809794
0,0.1073,10981
0,0.1073,12802
0,0.1073,13079
0,0.1073,13969
0,0.1073,14664
0,0.1073,16849
0,0.1073,19478
0,0.1073,20473
0,0.1073,31839
0,0.1073,76194
0,0.1073,519514
0,0.1073,520115
0,0.1073,522941
0,0.1073,555340
0,0.1073,800444
0,0.1073,801021
0,0.1073,801561
0,0.1073,805480
0,0.1073,810209
0,0.1074,11445
0,0.1074,15325
0,0.1074,20185
0,0.1074,26284
0,0.1074,51682
0,0.1074,56688
0,0.1074,98544
0,0.1074,519818
0,0.1074,525069
0,0.1074,800594
0,0.1074,802506
0,0.1074,802716
0,0.1075,10226
0,0.1075,11238
0,0.1075,11368
0,0.1075,12720
0,0.1075,15105
0,0.1075,19195
0,0.1075,21932
0,0.1075,24347
0,0.1075,27524
0,0.1075,28892
0,0.1075,39084
0,0.1075,41801
0,0.1075,42332
0,0.1075,61921
0,0.1075,63923
0,0.1075,514858
0,0.1075,527048
0,0.1075,562992
0,0.1075,802097
0,0.1075,811898
0,0.1075,904246
0,0.1075,910458
0,0.1076,10168
0,0.1076,10292
0,0.1076,10863
0,0.1076,11122
0,0.1076,11180
0,0.1076,13800
0,0.1076,13985
0,0.1076,19655
0,0.1076,24671
0,0.1076,38431
0,0.1076,45024
0,0.1076,63655
0,0.1076,83383
0,0.1076,520641
0,0.1076,522440
0,0.1076,526576
0,0.1076,812186
0,0.1077,10823
0,0.1077,11947
0,0.1077,12880
0,0.1077,14951
0,0.1077,16493
0,0.1077,26422
0,0.1077,34466
0,0.1077,35743
0,0.1077,40463
0,0.1077,52748
0,0.1077,102607
0,0.1077,800353
0,0.1077,800998
0,0.1077,801283
0,0.1077,804260
0,0.1077,903339
0,0.1078,10475
0,0.1078,10663
0,0.1078,11375
0,0.1078,12453
0,0.1078,13178
0,0.1078,14916
0,0.1078,16440
0,0.1078,16707
0,0.1078,19135
0,0.1078,26601
0,0.1078,34715
0,0.1078,57074
0,0.1078,512390
0,0.1078,518194
0,0.1078,800587
0,0.1079,10210
0,0.1079,10265
0,0.1079,11029
0,0.1079,13239
0,0.1079,14276
0,0.1079,14482
0,0.1079,15583
0,0.1079,29499
0,0.1079,32616
0,0.1079,39813
0,0.1079,48335
0,0.1079,519365
0,0.1079,800898
0,0.1079,801280
0,0.1079,903852
0,0.1080,10050
0,0.1080,10704
0,0.1080,12488
0,0.1080,15310
0,0.1080,20545
0,0.1080,31759
0,0.1080,33075
0,0.1080,33492
0,0.1080,33562
0,0.1080,40300
0,0.1080,173920
0,0.1080,516256
0,0.1080,524604
0,0.1080,801469
0,0.1080,805362
0,0.1080,805487
0,0.1080,807480
0,0.1080,906092
0,0.1081,10322
0,0.1081,11095
0,0.1081,12388
0,0.1081,13428
0,0.1081,14133
0,0.1081,15151
0,0.1081,19089
0,0.1081,19915
0,0.1081,23654
0,0.1081,25236
0,0.1081,25628
0,0.1081,33549
0,0.1081,41743
0,0.1081,41958
0,0.1081,64221
0,0.1081,512060
0,0.1081,516852
0,0.1081,520390
0,0.1081,522734
0,0.1081,523379
0,0.1081,531769
0,0.1081,534404
0,0.1081,537032
0,0.1081,905303
0,0.1082,11252
0,0.1082,11883
0,0.1082,12333
0,0.1082,12999
0,0.1082,13363
0,0.1082,14438
0,0.1082,16642
0,0.1082,17726
0,0.1082,20202
0,0.1082,22006
0,0.1082,25970
0,0.1082,32258
0,0.1082,520367
0,0.1082,801273
0,0.1082,802719
0,0.1082,813695
0,0.1082,907386
0,0.1082,911442
0,0.1082,928349
0,0.1083,10202
0,0.1083,10415
0,0.1083,11263
0,0.1083,11485
0,0.1083,12095
0,0.1083,12140
0,0.1083,12497
0,0.1083,13395
0,0.1083,13432
0,0.1083,13680
0,0.1083,14650
0,0.1083,15888
0,0.1083,15905
0,0.1083,20780
0,0.1083,28010
0,0.1083,29939
0,0.1083,33038
0,0.1083,34155
0,0.1083,38085
0,0.1083,485278
0,0.1083,511759
0,0.1083,523043
0,0.1083,523636
0,0.1083,555344
0,0.1083,571495
0,0.1083,800719
0,0.1083,811752
0,0.1083,908236
0,0.1084,10251
0,0.1084,10289
0,0.1084,10338
0,0.1084,10497
0,0.1084,10696
0,0.1084,10804
0,0.1084,11210
0,0.1084,11751
0,0.1084,12706
0,0.1084,24232
0,0.1084,26619
0,0.1084,27296
0,0.1084,31627
0,0.1084,32811
0,0.1084,37842
0,0.1084,80867
0,0.1084,512858
0,0.1084,516796
0,0.1084,522975
0,0.1084,536208
0,0.1084,800967
0,0.1084,806464
0,0.1084,812191
0,0.1084,907238
0,0.1084,912647
0,0.1085,10166
0,0.1085,17454
0,0.1085,30401
0,0.1085,37710
0,0.1085,98698
0,0.1085,515062
0,0.1085,525958
0,0.1085,530880
0,0.1085,806923
0,0.1085,810535
0,0.1085,810586
0,0.1085,814945
0,0.1086,10114
0,0.1086,10447
0,0.1086,10462
0,0.1086,13007
0,0.1086,17420
0,0.1086,28423
0,0.1086,39880
0,0.1086,47750
0,0.1086,138243
0,0.1086,434199
0,0.1086,512638
0,0.1086,513401
0,0.1086,514405
0,0.1086,527409
0,0.1086,530460
0,0.1086,801304
0,0.1086,805757
0,0.1086,807702
0,0.1086,810668
0,0.1086,812595
0,0.1087,10138
0,0.1087,10242
0,0.1087,10489
0,0.1087,10854
0,0.1087,11199
0,0.1087,11903
0,0.1087,12067
0,0.1087,12623
0,0.1087,15566
0,0.1087,17386
0,0.1087,17902
0,0.1087,18559
0,0.1087,22870
0,0.1087,23619
0,0.1087,61079
0,0.1087,122112
0,0.1087,222777
0,0.1087,247112
0,0.1087,434199
0,0.1087,520391
0,0.1087,529604
0,0.1087,530448
0,0.1087,555176
0,0.1087,801404
0,0.1087,801845
0,0.1087,804326
0,0.1087,923228
0,0.1088,10120
0,0.1088,10290
0,0.1088,11255
0,0.1088,11607
0,0.1088,11806
0,0.1088,12797
0,0.1088,13310
0,0.1088,13659
0,0.1088,13724
0,0.1088,16599
0,0.1088,19886
0,0.1088,20538
0,0.1088,22185
0,0.1088,26417
0,0.1088,59776
0,0.1088,69319
0,0.1088,521210
0,0.1088,524968
0,0.1088,529803
0,0.1088,802907
0,0.1088,805647
0,0.1089,10080
0,0.1089,10215
0,0.1089,11053
0,0.1089,11877
0,0.1089,13018
0,0.1089,16098
0,0.1089,18215
0,0.1089,22641
0,0.1089,29021
0,0.1089,29648
0,0.1089,37142
0,0.1089,42588
0,0.1089,57935
0,0.1089,60946
0,0.1089,68889
0,0.1089,515460
0,0.1089,521406
0,0.1089,529489
0,0.1089,1050014552
0,0.1090,10060
0,0.1090,10101
0,0.1090,10187
0,0.1090,10278
0,0.1090,10282
0,0.1090,10867
0,0.1090,11161
0,0.1090,12159
0,0.1090,13692
0,0.1090,14223
0,0.1090,14397
0,0.1090,15514
0,0.1090,15955
0,0.1090,17835
0,0.1090,19220
0,0.1090,24741
0,0.1090,29639
0,0.1090,58481
0,0.1090,84901
0,0.1090,511776
0,0.1090,808105
0,0.1090,932321
0,0.1091,10061
0,0.1091,10108
0,0.1091,10119
0,0.1091,10414
0,0.1091,10432
0,0.1091,11307
0,0.1091,11339
0,0.1091,12686
0,0.1091,14881
0,0.1091,15789
0,0.1091,18028
0,0.1091,18932
0,0.1091,19696
0,0.1091,20774
0,0.1091,30446
0,0.1091,30612
0,0.1091,30807
0,0.1091,36295
0,0.1091,41715
0,0.1091,104220
0,0.1091,800062
0,0.1091,802399
0,0.1091,803004
0,0.1091,701647131
0,0.1092,10097
0,0.1092,10997
0,0.1092,16075
0,0.1092,17156
0,0.1092,19982
0,0.1092,22240
0,0.1092,23281
0,0.1092,25792
0,0.1092,25939
0,0.1092,26927
0,0.1092,42700
0,0.1092,72491
0,0.1092,519363
0,0.1092,520341
0,0.1092,522410
0,0.1092,801895
0,0.1092,803197
0,0.1092,809059
0,0.1092,909612
0,0.1093,11849
0,0.1093,12817
0,0.1093,15051
0,0.1093,16438
0,0.1093,18054
0,0.1093,19290
0,0.1093,22122
0,0.1093,27596
0,0.1093,44127
0,0.1093,44690
0,0.1093,521536
0,0.1093,521584
0,0.1093,524655
0,0.1093,936838
0,0.1094,10150
0,0.1094,10664
0,0.1094,12398
0,0.1094,12506
0,0.1094,12601
0,0.1094,16504
0,0.1094,18599
0,0.1094,19334
0,0.1094,20715
0,0.1094,23325
0,0.1094,46429
0,0.1094,53190
0,0.1094,511828
0,0.1094,512930
0,0.1094,516883
0,0.1094,517512
0,0.1094,522706
0,0.1094,523675
0,0.1094,529411
0,0.1094,574147
0,0.1094,814010
0,0.1094,904624
0,0.1095,10099
0,0.1095,11428
0,0.1095,11709
0,0.1095,12396
0,0.1095,14029
0,0.1095,14673
0,0.1095,15371
0,0.1095,18128
0,0.1095,20831
0,0.1095,39753
0,0.1095,41913
0,0.1095,47523
0,0.1095,50960
0,0.1095,512509
0,0.1095,513460
0,0.1095,521698
0,0.1095,801350
0,0.1095,807277
0,0.1095,807759
0,0.1096,10027
0,0.1096,11155
0,0.1096,11302
0,0.1096,11419
0,0.1096,12151
0,0.1096,13559
0,0.1096,14434
0,0.1096,17008
0,0.1096,21693
0,0.1096,25275
0,0.1096,30504
0,0.1096,38454
0,0.1096,38854
0,0.1096,55013
0,0.1096,73712
0,0.1096,100294
0,0.1096,434199
0,0.1096,517548
0,0.1096,520210
0,0.1096,802765
0,0.1096,812134
0,0.1097,10404
0,0.1097,11648
0,0.1097,12104
0,0.1097,12405
0,0.1097,12590
0,0.1097,15890
0,0.1097,20994
0,0.1097,23601
0,0.1097,40565
0,0.1097,119860
0,0.1097,338369
0,0.1097,520817
0,0.1097,521444
0,0.1097,523626
0,0.1097,530449
0,0.1097,559554
0,0.1098,10078
0,0.1098,11814
0,0.1098,11974
0,0.1098,12255
0,0.1098,12345
0,0.1098,14542
0,0.1098,16380
0,0.1098,18985
0,0.1098,19042
0,0.1098,25045
0,0.1098,27478
0,0.1098,33072
0,0.1098,40390
0,0.1098,59231
0,0.1098,516369
0,0.1098,524761
0,0.1098,814367
0,0.1099,11254
0,0.1099,11634
0,0.1099,12877
0,0.1099,13146
0,0.1099,13205
0,0.1099,13984
0,0.1099,15110
0,0.1099,16986
0,0.1099,25254
0,0.1099,32335
0,0.1099,34223
0,0.1099,81201
0,0.1099,511823
0,0.1099,517202
0,0.1099,518604
0,0.1099,526612
0,0.1099,807638
0,0.1099,808183
0,0.1099,810916
0,0.1100,10204
0,0.1100,10294
0,0.1100,10612
0,0.1100,10872
0,0.1100,11027
0,0.1100,11152
0,0.1100,12730
0,0.1100,13730
0,0.1100,15163
0,0.1100,16639
0,0.1100,21568
0,0.1100,27597
0,0.1100,67174
0,0.1100,104187
0,0.1100,512328
0,0.1100,519705
0,0.1100,536264
0,0.1100,801295
0,0.1100,801918
0,0.1100,811700
0,0.1101,10288
0,0.1101,11921
0,0.1101,12327
0,0.1101,13035
0,0.1101,14444
0,0.1101,18156
0,0.1101,19618
0,0.1101,20777
0,0.1101,22419
0,0.1101,23197
0,0.1101,26607
0,0.1101,31681
0,0.1101,40549
0,0.1101,530435
0,0.1101,532079
0,0.1101,800890
0,0.1101,802887
0,0.1101,814783
0,0.1101,914445
0,0.1102,10222
0,0.1102,10671
0,0.1102,11221
0,0.1102,11893
0,0.1102,11902
0,0.1102,12109
0,0.1102,13134
0,0.1102,14949
0,0.1102,15997
0,0.1102,23602
0,0.1102,23845
0,0.1102,30212
0,0.1102,38706
0,0.1102,52352
0,0.1102,56032
0,0.1102,56542
0,0.1102,58394
0,0.1102,58834
0,0.1102,520464
0,0.1102,523863
0,0.1102,910115
0,0.1103,10040
0,0.1103,10879
0,0.1103,11103
0,0.1103,11234
0,0.1103,12149
0,0.1103,14247
0,0.1103,18889
0,0.1103,20158
0,0.1103,21884
0,0.1103,27135
0,0.1103,27371
0,0.1103,27538
0,0.1103,30437
0,0.1103,55527
0,0.1103,66895
0,0.1103,70779
0,0.1103,512459
0,0.1103,515933
0,0.1103,521675
0,0.1103,806433
0,0.1104,10018
0,0.1104,12679
0,0.1104,13273
0,0.1104,14717
0,0.1104,16457
0,0.1104,20007
0,0.1104,22066
0,0.1104,30371
0,0.1104,83621
0,0.1104,110194
0,0.1104,512314
0,0.1104,532905
0,0.1104,802080
0,0.1105,10185
0,0.1105,11618
0,0.1105,12973
0,0.1105,14733
0,0.1105,17244
0,0.1105,18940
0,0.1105,22128
0,0.1105,23882
0,0.1105,26665
0,0.1105,31424
0,0.1105,54514
0,0.1105,71503
0,0.1105,235061
0,0.1105,515293
0,0.1105,521206
0,0.1105,802955
0,0.1105,805173
0,0.1106,10555
0,0.1106,11318
0,0.1106,12033
0,0.1106,12125
0,0.1106,12134
0,0.1106,13695
0,0.1106,14959
0,0.1106,15440
0,0.1106,17691
0,0.1106,19760
0,0.1106,40983
0,0.1106,41688
0,0.1106,97863
0,0.1106,215209
0,0.1106,515278
0,0.1106,520188
0,0.1106,520816
0,0.1106,539227
0,0.1106,549229
0,0.1106,802072
0,0.1106,805657
0,0.1107,10514
0,0.1107,12252
0,0.1107,14828
0,0.1107,15351
0,0.1107,17930
0,0.1107,23359
0,0.1107,512236
0,0.1107,512278
0,0.1107,516695
0,0.1107,525497
0,0.1107,807312
0,0.1108,10072
0,0.1108,10255
0,0.1108,11094
0,0.1108,12978
0,0.1108,13272
0,0.1108,16087
0,0.1108,25312
0,0.1108,25892
0,0.1108,28791
0,0.1108,39446
0,0.1108,151896
0,0.1108,512095
0,0.1108,512940
0,0.1108,513238
0,0.1108,513425
0,0.1108,514362
0,0.1108,806463
0,0.1108,814958
0,0.1108,819096
0,0.1108,919509
0,0.1108,1050003044
0,0.1109,10052
0,0.1109,10969
0,0.1109,11030
0,0.1109,11319
0,0.1109,13151
0,0.1109,14638
0,0.1109,15094
0,0.1109,15360
0,0.1109,16579
0,0.1109,19619
0,0.1109,23826
0,0.1109,24016
0,0.1109,32545
0,0.1109,32967
0,0.1109,512077
0,0.1109,523807
0,0.1109,533946
0,0.1109,800171
0,0.1109,807464
0,0.1110,10428
0,0.1110,10719
0,0.1110,11540
0,0.1110,11604
0,0.1110,14255
0,0.1110,34949
0,0.1110,37433
0,0.1110,38190
0,0.1110,518252
0,0.1110,520337
0,0.1110,523806
0,0.1110,525731
0,0.1110,526521
0,0.1110,529385
0,0.1110,801261
0,0.1110,802507
0,0.1110,904280
0,0.1111,10887
0,0.1111,12654
0,0.1111,14989
0,0.1111,18437
0,0.1111,29908
0,0.1111,38272
0,0.1111,513054
0,0.1111,520468
0,0.1111,559335
0,0.1111,801974
0,0.1111,803500
0,0.1111,803950
0,0.1111,814430
0,0.1111,936810
0,0.1112,10302
0,0.1112,10932
0,0.1112,11170
0,0.1112,12375
0,0.1112,13141
0,0.1112,13880
0,0.1112,15273
0,0.1112,15886
0,0.1112,16134
0,0.1112,17378
0,0.1112,18508
0,0.1112,19189
0,0.1112,19999
0,0.1112,27725
0,0.1112,42509
0,0.1112,514344
0,0.1112,800262
0,0.1112,803999
0,0.1113,10488
0,0.1113,10912
0,0.1113,11085
0,0.1113,12183
0,0.1113,24366
0,0.1113,24965
0,0.1113,30310
0,0.1113,35055
0,0.1113,41054
0,0.1113,523684
0,0.1113,555342
0,0.1113,800845
0,0.1113,804371
0,0.1113,806999
0,0.1113,814186
0,0.1113,374296357
0,0.1114,10094
0,0.1114,10448
0,0.1114,10531
0,0.1114,10677
0,0.1114,10816
0,0.1114,11688
0,0.1114,12561
0,0.1114,17119
0,0.1114,22092
0,0.1114,22278
0,0.1114,25184
0,0.1114,42051
0,0.1114,52191
0,0.1114,70651
0,0.1114,112103
0,0.1114,514997
0,0.1114,520034
0,0.1114,521635
0,0.1114,558854
0,0.1114,801998
0,0.1114,813725
0,0.1114,903634
0,0.1114,916162
0,0.1115,10107
0,0.1115,10224
0,0.1115,10269
0,0.1115,10271
0,0.1115,10614
0,0.1115,10807
0,0.1115,10914
0,0.1115,12232
0,0.1115,12423
0,0.1115,14362
0,0.1115,14523
0,0.1115,15274
0,0.1115,16506
0,0.1115,18744
0,0.1115,18779
0,0.1115,23273
0,0.1115,25176
0,0.1115,29135
0,0.1115,47896
0,0.1115,48491
0,0.1115,131748
0,0.1115,579911
0,0.1115,802566
0,0.1115,804671
0,0.1115,805860
0,0.1116,10168
0,0.1116,10494
0,0.1116,11013
0,0.1116,14644
0,0.1116,17799
0,0.1116,20592
0,0.1116,20818
0,0.1116,23341
0,0.1116,53138
0,0.1116,174420
0,0.1116,195264
0,0.1116,512927
0,0.1116,514125
0,0.1116,519766
0,0.1116,521814
0,0.1116,804351
0,0.1117,10205
0,0.1117,11220
0,0.1117,11638
0,0.1117,11665
0,0.1117,12358
0,0.1117,13158
0,0.1117,13259
0,0.1117,13371
0,0.1117,14954
0,0.1117,16254
0,0.1117,16551
0,0.1117,17272
0,0.1117,19068
0,0.1117,24382
0,0.1117,25532
0,0.1117,27731
0,0.1117,102545
0,0.1117,513283
0,0.1117,521075
0,0.1117,522337
0,0.1117,522352
0,0.1117,531583
0,0.1117,801824
0,0.1117,801855
0,0.1117,905726
0,0.1117,600700832
0,0.1118,10950
0,0.1118,13380
0,0.1118,24848
0,0.1118,24880
0,0.1118,27425
0,0.1118,40835
0,0.1118,50575
0,0.1118,148579
0,0.1118,800718
0,0.1118,801173
0,0.1118,806898
0,0.1118,809085
0,0.1118,913454
0,0.1119,10100
0,0.1119,11071
0,0.1119,11740
0,0.1119,13306
0,0.1119,15250
0,0.1119,22931
0,0.1119,29116
0,0.1119,30477
0,0.1119,53078
0,0.1119,94433
0,0.1119,520182
0,0.1119,521414
0,0.1119,549508
0,0.1119,803107
0,0.1119,807288
0,0.1119,809001
0,0.1120,10303
0,0.1120,10532
0,0.1120,11017
0,0.1120,11585
0,0.1120,14853
0,0.1120,15458
0,0.1120,18204
0,0.1120,18419
0,0.1120,41887
0,0.1120,62156
0,0.1120,85527
0,0.1120,530702
0,0.1120,813076
0,0.1120,813104
0,0.1121,10137
0,0.1121,10750
0,0.1121,11460
0,0.1121,13740
0,0.1121,14550
0,0.1121,14820
0,0.1121,24379
0,0.1121,53086
0,0.1121,58405
0,0.1121,81159
0,0.1121,166528
0,0.1121,511788
0,0.1121,523506
0,0.1121,523564
0,0.1121,539330
0,0.1121,557801
0,0.1121,805932
0,0.1121,807072
0,0.1121,1050350155
0,0.1122,10190
0,0.1122,12535
0,0.1122,13026
0,0.1122,15176
0,0.1122,15783
0,0.1122,15924
0,0.1122,18504
0,0.1122,29795
0,0.1122,32257
0,0.1122,38835
0,0.1122,512534
0,0.1122,555796
0,0.1122,556450
0,0.1122,804941
0,0.1122,814115
0,0.1123,12584
0,0.1123,14190
0,0.1123,14651
0,0.1123,15932
0,0.1123,16659
0,0.1123,18604
0,0.1123,20544
0,0.1123,26329
0,0.1123,42270
0,0.1123,72481
0,0.1123,514043
0,0.1123,514045
0,0.1123,521292
0,0.1123,802882
0,0.1123,802891
0,0.1123,902790
0,0.1123,904707
0,0.1123,934091
0,0.1124,12131
0,0.1124,13303
0,0.1124,13347
0,0.1124,16811
0,0.1124,20781
0,0.1124,26718
0,0.1124,32258
0,0.1124,39813
0,0.1124,44903
0,0.1124,517359
0,0.1124,521594
0,0.1124,522974
0,0.1124,524292
0,0.1124,574357
0,0.1124,800719
0,0.1124,804848
0,0.1124,807789
0,0.1124,818563
0,0.1125,10466
0,0.1125,10839
0,0.1125,12298
0,0.1125,17525
0,0.1125,36059
0,0.1125,48914
0,0.1125,71547
0,0.1125,71991
0,0.1125,76194
0,0.1125,105436
0,0.1125,258715
0,0.1125,523022
0,0.1125,523640
0,0.1125,524717
0,0.1125,804625
0,0.1125,910004
0,0.1126,11174
0,0.1126,11188
0,0.1126,11312
0,0.1126,11375
0,0.1126,11947
0,0.1126,15071
0,0.1126,16734
0,0.1126,18426
0,0.1126,21174
0,0.1126,21932
0,0.1126,22884
0,0.1126,28999
0,0.1126,35635
0,0.1126,61226
0,0.1126,63122
0,0.1126,515289
0,0.1126,534534
0,0.1126,801489
0,0.1126,811652
0,0.1126,907674
0,0.1127,10011
0,0.1127,10480
0,0.1127,11003
0,0.1127,16600
0,0.1127,19463
0,0.1127,25038
0,0.1127,57759
0,0.1127,66209
0,0.1127,75129
0,0.1127,513339
0,0.1127,518194
0,0.1127,519230
0,0.1127,555502
0,0.1127,806601
0,0.1127,905286
0,0.1128,10241
0,0.1128,10845
0,0.1128,10965
0,0.1128,13147
0,0.1128,16182
0,0.1128,17356
0,0.1128,17477
0,0.1128,18704
0,0.1128,22737
0,0.1128,23659
0,0.1128,24708
0,0.1128,42083
0,0.1128,58146
0,0.1128,87111
0,0.1128,519050
0,0.1128,521236
0,0.1128,522387
0,0.1128,539704
0,0.1128,805494
0,0.1129,16127
0,0.1129,16194
0,0.1129,16875
0,0.1129,18278
0,0.1129,19488
0,0.1129,20359
0,0.1129,35036
0,0.1129,168670
0,0.1129,514195
0,0.1129,517105
0,0.1129,520560
0,0.1129,802152
0,0.1129,902672
0,0.1130,10175
0,0.1130,10285
0,0.1130,11455
0,0.1130,13305
0,0.1130,13475
0,0.1130,14093
0,0.1130,15170
0,0.1130,16910
0,0.1130,27682
0,0.1130,57797
0,0.1130,66912
0,0.1130,223967
0,0.1130,512390
0,0.1130,519132
0,0.1130,533293
0,0.1130,800500
0,0.1131,10050
0,0.1131,10967
0,0.1131,10986
0,0.1131,12176
0,0.1131,12955
0,0.1131,13669
0,0.1131,13872
0,0.1131,15667
0,0.1131,16260
0,0.1131,27615
0,0.1131,45969
0,0.1131,84256
0,0.1131,174810
0,0.1131,521092
0,0.1131,524133
0,0.1131,801618
0,0.1131,805245
0,0.1131,811215
0,0.1131,900035
0,0.1132,10172
0,0.1132,10646
0,0.1132,11008
0,0.1132,11485
0,0.1132,11805
0,0.1132,13442
0,0.1132,23619
0,0.1132,30164
0,0.1132,35743
0,0.1132,91333
0,0.1132,803215
0,0.1133,11005
0,0.1133,11113
0,0.1133,13640
0,0.1133,15287
0,0.1133,15680
0,0.1133,15829
0,0.1133,27296
0,0.1133,35430
0,0.1133,35912
0,0.1133,37345
0,0.1133,49947
0,0.1133,525354
0,0.1133,537027
0,0.1133,549098
0,0.1133,570859
0,0.1133,800061
0,0.1133,800903
0,0.1133,803210
0,0.1133,810750
0,0.1133,701647131
0,0.1134,10180
0,0.1134,10272
0,0.1134,10453
0,0.1134,10820
0,0.1134,11477
0,0.1134,11606
0,0.1134,11976
0,0.1134,12046
0,0.1134,12710
0,0.1134,14892
0,0.1134,19564
0,0.1134,20514
0,0.1134,25598
0,0.1134,33681
0,0.1134,33969
0,0.1134,41746
0,0.1134,55630
0,0.1134,56362
0,0.1135,10003
0,0.1135,10041
0,0.1135,10658
0,0.1135,10687
0,0.1135,10825
0,0.1135,11131
0,0.1135,12140
0,0.1135,14213
0,0.1135,14871
0,0.1135,15707
0,0.1135,30891
0,0.1135,37265
0,0.1135,42515
0,0.1135,61398
0,0.1135,515015
0,0.1135,537032
0,0.1135,580970
0,0.1136,10358
0,0.1136,16800
0,0.1136,16934
0,0.1136,17978
0,0.1136,21687
0,0.1136,26636
0,0.1136,33962
0,0.1136,144787
0,0.1136,519328
0,0.1136,525408
0,0.1136,803041
0,0.1136,805598
0,0.1137,10114
0,0.1137,10312
0,0.1137,10627
0,0.1137,11723
0,0.1137,14705
0,0.1137,15436
0,0.1137,19327
0,0.1137,61243
0,0.1137,98544
0,0.1137,514677
0,0.1137,524608
0,0.1137,531009
0,0.1137,924167
0,0.1138,10603
0,0.1138,12734
0,0.1138,14263
0,0.1138,15281
0,0.1138,17751
0,0.1138,18321
0,0.1138,18838
0,0.1138,21277
0,0.1138,31263
0,0.1138,37942
0,0.1138,49318
0,0.1138,197252
0,0.1138,802793
0,0.1138,824223
0,0.1139,12065
0,0.1139,12455
0,0.1139,13402
0,0.1139,15473
0,0.1139,23236
0,0.1139,26238
0,0.1139,26772
0,0.1139,27903
0,0.1139,29583
0,0.1139,32393
0,0.1139,41048
0,0.1139,57243
0,0.1139,58730
0,0.1139,521662
0,0.1139,522828
0,0.1139,527048
0,0.1139,800115
0,0.1139,829527
0,0.1140,10226
0,0.1140,11383
0,0.1140,11907
0,0.1140,16381
0,0.1140,17454
0,0.1140,17981
0,0.1140,26443
0,0.1140,28332
0,0.1140,30653
0,0.1140,33488
0,0.1140,35620
0,0.1140,54133
0,0.1140,514405
0,0.1140,524644
0,0.1140,809055
0,0.1140,810024
0,0.1141,10099
0,0.1141,10101
0,0.1141,10319
0,0.1141,10451
0,0.1141,12259
0,0.1141,13317
0,0.1141,15237
0,0.1141,15325
0,0.1141,25137
0,0.1141,28782
0,0.1141,33038
0,0.1141,63939
0,0.1141,512255
0,0.1141,520817
0,0.1141,521266
0,0.1141,523821
0,0.1141,801746
0,0.1141,802541
0,0.1141,804384
0,0.1141,931656
0,0.1142,10170
0,0.1142,12240
0,0.1142,16527
0,0.1142,17367
0,0.1142,35058
0,0.1142,98157
0,0.1142,515091
0,0.1142,523775
0,0.1142,800926
0,0.1142,815281
0,0.1143,14881
0,0.1143,16754
0,0.1143,19084
0,0.1143,24699
0,0.1143,26287
0,0.1143,32040
0,0.1143,34690
0,0.1143,39432
0,0.1143,42896
0,0.1143,47267
0,0.1143,71649
0,0.1143,146588
0,0.1143,513174
0,0.1143,518330
0,0.1143,520575
0,0.1143,521241
0,0.1143,523776
0,0.1143,543506
0,0.1144,10370
0,0.1144,12092
0,0.1144,13121
0,0.1144,14643
0,0.1144,23325
0,0.1144,25792
0,0.1144,25939
0,0.1144,29969
0,0.1144,33316
0,0.1144,34445
0,0.1144,39556
0,0.1144,40015
0,0.1144,40216
0,0.1144,46691
0,0.1144,132121
0,0.1144,515026
0,0.1144,517512
0,0.1144,519751
0,0.1144,521813
0,0.1144,808551
0,0.1144,817458
0,0.1145,10097
0,0.1145,11307
0,0.1145,12506
0,0.1145,13087
0,0.1145,14903
0,0.1145,14997
0,0.1145,16051
0,0.1145,16641
0,0.1145,18226
0,0.1145,21637
0,0.1145,23180
0,0.1145,30178
0,0.1145,30419
0,0.1145,30674
0,0.1145,40768
0,0.1145,522973
0,0.1145,800762
0,0.1146,10499
0,0.1146,11146
0,0.1146,11717
0,0.1146,14259
0,0.1146,15674
0,0.1146,17759
0,0.1146,21257
0,0.1146,31749
0,0.1146,32783
0,0.1146,36253
0,0.1146,49627
0,0.1146,519144
0,0.1146,521538
0,0.1146,522329
0,0.1146,544496
0,0.1146,801479
0,0.1147,10322
0,0.1147,10799
0,0.1147,12055
0,0.1147,12104
0,0.1147,14227
0,0.1147,16642
0,0.1147,25503
0,0.1147,27983
0,0.1147,34680
0,0.1147,43756
0,0.1147,61285
0,0.1147,79464
0,0.1147,520016
0,0.1147,527350
0,0.1147,533811
0,0.1147,555176
0,0.1147,800042
0,0.1147,815205
0,0.1148,13210
0,0.1148,14327
0,0.1148,15888
0,0.1148,17958
0,0.1148,19218
0,0.1148,27111
0,0.1148,38706
0,0.1148,88342
0,0.1148,294178
0,0.1148,515221
0,0.1148,515933
0,0.1148,521227
0,0.1148,526548
0,0.1148,803750
0,0.1148,812884
0,0.1149,10185
0,0.1149,10443
0,0.1149,12413
0,0.1149,13360
0,0.1149,14315
0,0.1149,14434
0,0.1149,16940
0,0.1149,20185
0,0.1149,29382
0,0.1149,29637
0,0.1149,54440
0,0.1149,517548
0,0.1149,519862
0,0.1149,524767
0,0.1149,802809
0,0.1149,427967297
0,0.1150,10652
0,0.1150,11053
0,0.1150,11311
0,0.1150,12493
0,0.1150,13559
0,0.1150,13628
0,0.1150,14194
0,0.1150,14387
0,0.1150,18156
0,0.1150,19486
0,0.1150,32462
0,0.1150,43398
0,0.1150,136401
0,0.1150,521063
0,0.1150,524068
0,0.1150,805067
0,0.1151,10110
0,0.1151,10969
0,0.1151,12333
0,0.1151,14311
0,0.1151,14507
0,0.1151,14727
0,0.1151,16119
0,0.1151,23601
0,0.1151,27269
0,0.1151,83143
0,0.1151,530880
0,0.1151,805137
0,0.1151,813291
0,0.1152,12917
0,0.1152,14766
0,0.1152,16885
0,0.1152,21520
0,0.1152,23858
0,0.1152,42059
0,0.1152,141250
0,0.1152,527599
0,0.1152,565814
0,0.1152,805678
0,0.1153,17354
0,0.1153,18932
0,0.1153,23469
0,0.1153,28894
0,0.1153,58834
0,0.1153,803365
0,0.1153,919509
0,0.1154,10278
0,0.1154,10414
0,0.1154,11442
0,0.1154,14299
0,0.1154,14907
0,0.1154,19760
0,0.1154,19963
0,0.1154,20715
0,0.1154,519454
0,0.1154,529125
0,0.1154,910225
0,0.1155,10295
0,0.1155,10371
0,0.1155,10974
0,0.1155,13013
0,0.1155,13217
0,0.1155,13613
0,0.1155,14840
0,0.1155,16173
0,0.1155,25859
0,0.1155,30181
0,0.1155,45024
0,0.1155,51555
0,0.1155,57935
0,0.1155,104220
0,0.1155,512513
0,0.1155,524073
0,0.1155,524136
0,0.1155,803955
0,0.1156,10639
0,0.1156,11806
0,0.1156,14686
0,0.1156,16493
0,0.1156,17177
0,0.1156,18391
0,0.1156,26485
0,0.1156,33298
0,0.1156,35503
0,0.1156,79979
0,0.1156,520812
0,0.1156,556539
0,0.1157,10568
0,0.1157,10661
0,0.1157,11245
0,0.1157,12248
0,0.1157,13058
0,0.1157,14939
0,0.1157,17715
0,0.1157,22240
0,0.1157,25330
0,0.1157,33589
0,0.1157,40390
0,0.1157,70486
0,0.1157,516098
0,0.1157,521409
0,0.1157,524655
0,0.1157,558846
0,0.1157,584085
0,0.1158,10018
0,0.1158,13793
0,0.1158,18601
0,0.1158,21568
0,0.1158,29957
0,0.1158,59368
0,0.1158,520210
0,0.1158,532800
0,0.1158,800353
0,0.1158,801137
0,0.1158,801263
0,0.1158,802174
0,0.1159,10290
0,0.1159,10497
0,0.1159,14667
0,0.1159,15423
0,0.1159,16795
0,0.1159,34683
0,0.1159,64555
0,0.1159,512305
0,0.1159,514596
0,0.1159,521104
0,0.1159,801530
0,0.1160,10306
0,0.1160,12532
0,0.1160,26242
0,0.1160,31906
0,0.1160,50965
0,0.1160,513033
0,0.1160,802407
0,0.1160,319204020
0,0.1161,10693
0,0.1161,12902
0,0.1161,13428
0,0.1161,14207
0,0.1161,19290
0,0.1161,19320
0,0.1161,30933
0,0.1161,31735
0,0.1161,57591
0,0.1161,68889
0,0.1161,523600
0,0.1161,818428
0,0.1162,13080
0,0.1162,13255
0,0.1162,14105
0,0.1162,15494
0,0.1162,21296
0,0.1162,25045
0,0.1162,46764
0,0.1162,518604
0,0.1162,520581
0,0.1163,10514
0,0.1163,12571
0,0.1163,15891
0,0.1163,18170
0,0.1163,23153
0,0.1163,31034
0,0.1163,511757
0,0.1163,519046
0,0.1163,526298
0,0.1163,529385
0,0.1163,803013
0,0.1164,11095
0,0.1164,13991
0,0.1164,26417
0,0.1164,34949
0,0.1164,42374
0,0.1164,513463
0,0.1164,521698
0,0.1164,530449
0,0.1164,535347
0,0.1164,807750
0,0.1165,10102
0,0.1165,11426
0,0.1165,13084
0,0.1165,15514
0,0.1165,16781
0,0.1165,21692
0,0.1165,23273
0,0.1165,23702
0,0.1165,23703
0,0.1165,27413
0,0.1165,34359
0,0.1165,190319
0,0.1166,10852
0,0.1166,13442
0,0.1166,14993
0,0.1166,17173
0,0.1166,18779
0,0.1166,19189
0,0.1166,19274
0,0.1166,19802
0,0.1166,28791
0,0.1166,29207
0,0.1166,36947
0,0.1166,59425
0,0.1166,245794
0,0.1166,247112
0,0.1166,520646
0,0.1166,521763
0,0.1166,521814
0,0.1166,533946
0,0.1166,800446
0,0.1166,801469
0,0.1166,814010
0,0.1167,10150
0,0.1167,10624
0,0.1167,11590
0,0.1167,12398
0,0.1167,16429
0,0.1167,24382
0,0.1167,25382
0,0.1167,105709
0,0.1167,512927
0,0.1167,519365
0,0.1167,523786
0,0.1167,800056
0,0.1167,800256
0,0.1167,800654
0,0.1168,11254
0,0.1168,14449
0,0.1168,15041
0,0.1168,25184
0,0.1168,30807
0,0.1168,45730
0,0.1168,511828
0,0.1168,512514
0,0.1168,512793
0,0.1168,523675
0,0.1168,807002
0,0.1168,813695
0,0.1169,10330
0,0.1169,10692
0,0.1169,11495
0,0.1169,12159
0,0.1169,15361
0,0.1169,18436
0,0.1169,20818
0,0.1169,20831
0,0.1169,23602
0,0.1169,46615
0,0.1169,800747
0,0.1169,814783
0,0.1170,10564
0,0.1170,13456
0,0.1170,16075
0,0.1170,16175
0,0.1170,21646
0,0.1170,22463
0,0.1170,61273
0,0.1170,521102
0,0.1170,555342
0,0.1170,803682
0,0.1171,10138
0,0.1171,10187
0,0.1171,12358
0,0.1171,12706
0,0.1171,13498
0,0.1171,14567
0,0.1171,16538
0,0.1171,16708
0,0.1171,18744
0,0.1171,20087
0,0.1171,20189
0,0.1171,20468
0,0.1171,21918
0,0.1171,24134
0,0.1171,150335
0,0.1171,513283
0,0.1171,513376
0,0.1171,517059
0,0.1171,522387
0,0.1171,524654
0,0.1171,559506
0,0.1171,808183
0,0.1172,10203
0,0.1172,11742
0,0.1172,13418
0,0.1172,14552
0,0.1172,16802
0,0.1172,26284
0,0.1172,26689
0,0.1172,76412
0,0.1172,513517
0,0.1172,513520
0,0.1172,520439
0,0.1172,524761
0,0.1172,525066
0,0.1172,527132
0,0.1172,818387
0,0.1173,10494
0,0.1173,11087
0,0.1173,12872
0,0.1173,13525
0,0.1173,15176
0,0.1173,16399
0,0.1173,21460
0,0.1173,23080
0,0.1173,84758
0,0.1173,287884
0,0.1173,533103
0,0.1174,10099
0,0.1174,10879
0,0.1174,11387
0,0.1174,12802
0,0.1174,14412
0,0.1174,15562
0,0.1174,19215
0,0.1174,19825
0,0.1174,20619
0,0.1174,23232
0,0.1174,24671
0,0.1174,41949
0,0.1174,55527
0,0.1174,100809
0,0.1174,511823
0,0.1174,514125
0,0.1174,516110
0,0.1174,521256
0,0.1174,522815
0,0.1174,806253
0,0.1175,10162
0,0.1175,11255
0,0.1175,11933
0,0.1175,12341
0,0.1175,12797
0,0.1175,15412
0,0.1175,18288
0,0.1175,19930
0,0.1175,24232
0,0.1175,36524
0,0.1175,56560
0,0.1175,68387
0,0.1175,70088
0,0.1175,522706
0,0.1175,555344
0,0.1175,568155
0,0.1175,800606
0,0.1175,904537
0,0.1176,10555
0,0.1176,11157
0,0.1176,15059
0,0.1176,17237
0,0.1176,17419
0,0.1176,18437
0,0.1176,18504
0,0.1176,18712
0,0.1176,18953
0,0.1176,19498
0,0.1176,39095
0,0.1176,42914
0,0.1176,58394
0,0.1176,519720
0,0.1176,519941
0,0.1176,535378
0,0.1176,905871
0,0.1177,10479
0,0.1177,10847
0,0.1177,14694
0,0.1177,14756
0,0.1177,15858
0,0.1177,18911
0,0.1177,32315
0,0.1177,39753
0,0.1177,131313
0,0.1177,520115
0,0.1177,520641
0,0.1177,521126
0,0.1177,810241
0,0.1178,12733
0,0.1178,13650
0,0.1178,15616
0,0.1178,16105
0,0.1178,16465
0,0.1178,21204
0,0.1178,47107
0,0.1178,50952
0,0.1178,514045
0,0.1178,519140
0,0.1178,810694
0,0.1179,10120
0,0.1179,10302
0,0.1179,10663
0,0.1179,11210
0,0.1179,11618
0,0.1179,12500
0,0.1179,12506
0,0.1179,16659
0,0.1179,18419
0,0.1179,30955
0,0.1179,31681
0,0.1179,48491
0,0.1179,58481
0,0.1179,63923
0,0.1179,513284
0,0.1179,515294
0,0.1179,516663
0,0.1179,523482
0,0.1179,547701
0,0.1179,805932
0,0.1179,814367
0,0.1179,904983
0,0.1180,10052
0,0.1180,10108
0,0.1180,11199
0,0.1180,15362
0,0.1180,19478
0,0.1180,22870
0,0.1180,29135
0,0.1180,30310
0,0.1180,66752
0,0.1180,131748
0,0.1180,235061
0,0.1180,512928
0,0.1180,517417
0,0.1180,520817
0,0.1180,531708
0,0.1180,536208
0,0.1180,549229
0,0.1180,555498
0,0.1180,802955
0,0.1180,910004
0,0.1180,317223538
0,0.1181,11326
0,0.1181,12067
0,0.1181,15713
0,0.1181,18743
0,0.1181,513340
0,0.1181,518194
0,0.1181,520818
0,0.1181,522745
0,0.1181,805488
0,0.1182,10539
0,0.1182,11532
0,0.1182,11874
0,0.1182,12088
0,0.1182,13406
0,0.1182,13969
0,0.1182,14205
0,0.1182,15110
0,0.1182,17726
0,0.1182,21624
0,0.1182,25036
0,0.1182,32258
0,0.1182,76194
0,0.1182,92188
0,0.1182,123422
0,0.1182,513378
0,0.1182,522994
0,0.1182,802652
0,0.1183,12830
0,0.1183,14482
0,0.1183,14816
0,0.1183,17835
0,0.1183,18670
0,0.1183,20300
0,0.1183,21932
0,0.1183,23619
0,0.1183,28520
0,0.1183,52728
0,0.1183,79615
0,0.1183,94433
0,0.1183,524732
0,0.1183,559087
0,0.1183,936810
0,0.1184,10041
0,0.1184,10044
0,0.1184,12091
0,0.1184,13622
0,0.1184,13667
0,0.1184,15851
0,0.1184,17024
0,0.1184,17053
0,0.1184,18109
0,0.1184,21543
0,0.1184,24879
0,0.1184,31591
0,0.1184,34801
0,0.1184,52662
0,0.1184,53086
0,0.1184,81710
0,0.1184,195264
0,0.1184,326964
0,0.1185,10050
0,0.1185,10094
0,0.1185,10432
0,0.1185,11699
0,0.1185,17804
0,0.1185,18639
0,0.1185,19616
0,0.1185,20007
0,0.1185,20653
0,0.1185,22084
0,0.1185,25100
0,0.1185,56877
0,0.1185,85527
0,0.1185,904536
0,0.1185,912647
0,0.1186,10033
0,0.1186,11125
0,0.1186,12654
0,0.1186,16081
0,0.1186,16476
0,0.1186,16880
0,0.1186,17514
0,0.1186,18915
0,0.1186,19452
0,0.1186,20144
0,0.1186,23281
0,0.1186,27296
0,0.1186,35743
0,0.1186,38272
0,0.1186,67864
0,0.1186,70651
0,0.1186,89621
0,0.1186,172666
0,0.1186,517202
0,0.1186,519132
0,0.1186,529318
0,0.1186,806561
0,0.1187,10428
0,0.1187,10863
0,0.1187,10969
0,0.1187,13395
0,0.1187,17753
0,0.1187,19737
0,0.1187,20545
0,0.1187,38835
0,0.1187,39413
0,0.1187,45427
0,0.1187,77014
0,0.1187,174420
0,0.1187,521059
0,0.1187,523636
0,0.1187,801391
0,0.1188,10107
0,0.1188,12083
0,0.1188,13984
0,0.1188,16180
0,0.1188,16869
0,0.1188,17379
0,0.1188,20774
0,0.1188,40164
0,0.1188,48335
0,0.1188,51159
0,0.1188,59776
0,0.1188,63874
0,0.1188,514997
0,0.1188,515961
0,0.1188,524902
0,0.1188,529519
0,0.1189,10185
0,0.1189,10196
0,0.1189,10468
0,0.1189,13229
0,0.1189,15117
0,0.1189,26741
0,0.1189,44005
0,0.1189,47802
0,0.1189,521025
0,0.1189,521812
0,0.1189,524074
0,0.1189,806257
0,0.1189,813104
0,0.1190,10122
0,0.1190,10959
0,0.1190,12095
0,0.1190,14200
0,0.1190,14806
0,0.1190,15325
0,0.1190,18221
0,0.1190,18823
0,0.1190,29806
0,0.1190,39813
0,0.1190,521444
0,0.1190,523807
0,0.1190,537899
0,0.1190,574357
0,0.1190,800536
0,0.1190,830847
0,0.1191,10168
0,0.1191,10175
0,0.1191,10447
0,0.1191,10513
0,0.1191,10735
0,0.1191,10816
0,0.1191,11030
0,0.1191,13317
0,0.1191,14486
0,0.1191,14572
0,0.1191,14881
0,0.1191,15458
0,0.1191,16412
0,0.1191,16553
0,0.1191,23325
0,0.1192,10072
0,0.1192,10289
0,0.1192,11503
0,0.1192,12429
0,0.1192,13985
0,0.1192,14716
0,0.1192,15398
0,0.1192,64301
0,0.1192,67384
0,0.1192,513552
0,0.1192,515811
0,0.1192,521813
0,0.1192,532334
0,0.1192,571495
0,0.1192,801918
0,0.1192,809401
0,0.1193,10100
0,0.1193,11671
0,0.1193,12993
0,0.1193,14640
0,0.1193,14871
0,0.1193,17156
0,0.1193,24507
0,0.1193,25939
0,0.1193,31911
0,0.1193,35324
0,0.1193,40213
0,0.1193,104033
0,0.1193,513274
0,0.1193,519399
0,0.1193,547689
0,0.1193,803732
0,0.1193,808456
0,0.1193,813076
0,0.1194,10285
0,0.1194,10488
0,0.1194,10566
0,0.1194,11053
0,0.1194,12104
0,0.1194,12943
0,0.1194,15839
0,0.1194,16110
0,0.1194,30371
0,0.1194,210670
0,0.1194,513222
0,0.1194,522827
0,0.1194,524717
0,0.1194,803007
0,0.1194,803860
0,0.1194,804186
0,0.1194,807269
0,0.1195,10271
0,0.1195,13800
0,0.1195,14918
0,0.1195,15273
0,0.1195,25763
0,0.1195,26287
0,0.1195,26309
0,0.1195,33224
0,0.1195,58909
0,0.1195,511839
0,0.1195,519817
0,0.1195,529498
0,0.1196,11433
0,0.1196,14137
0,0.1196,15046
0,0.1196,15654
0,0.1196,15904
0,0.1196,15955
0,0.1196,16008
0,0.1196,16540
0,0.1196,26798
0,0.1196,30716
0,0.1196,46073
0,0.1196,514405
0,0.1196,520773
0,0.1196,523564
0,0.1196,533591
0,0.1196,904736
0,0.1197,12181
0,0.1197,13559
0,0.1197,14509
0,0.1197,16098
0,0.1197,16153
0,0.1197,25255
0,0.1197,85715
0,0.1197,511841
0,0.1197,517548
0,0.1197,519658
0,0.1197,522763
0,0.1197,522992
0,0.1197,800269
0,0.1198,11032
0,0.1198,11142
0,0.1198,11321
0,0.1198,12151
0,0.1198,12606
0,0.1198,12962
0,0.1198,13397
0,0.1198,14434
0,0.1198,15495
0,0.1198,22884
0,0.1198,25773
0,0.1198,26666
0,0.1198,28251
0,0.1198,434891
0,0.1198,519144
0,0.1198,536264
0,0.1198,547267
0,0.1199,11987
0,0.1199,12907
0,0.1199,16360
0,0.1199,19982
0,0.1199,22240
0,0.1199,29080
0,0.1199,33079
0,0.1199,61398
0,0.1199,523806
0,0.1199,530668
0,0.1199,556346
0,0.1199,800566
0,0.1199,801974
0,0.1200,10011
0,0.1200,10365
0,0.1200,10794
0,0.1200,11520
0,0.1200,12006
0,0.1200,12037
0,0.1200,12686
0,0.1200,14276
0,0.1200,14772
0,0.1200,18068
0,0.1200,20715
0,0.1200,23601
0,0.1200,517512
0,0.1200,519331
0,0.1200,541572
0,0.1200,818234
0,0.1201,10910
0,0.1201,11586
0,0.1201,12297
0,0.1201,15789
0,0.1201,15837
0,0.1201,16816
0,0.1201,48638
0,0.1201,58834
0,0.1201,222777
0,0.1201,512314
0,0.1201,512750
0,0.1201,522974
0,0.1202,11161
0,0.1202,11166
0,0.1202,13539
0,0.1202,14976
0,0.1202,18588
0,0.1202,45969
0,0.1202,60624
0,0.1202,63998
0,0.1202,98544
0,0.1202,294178
0,0.1202,512319
0,0.1202,519332
0,0.1202,527048
0,0.1202,533725
0,0.1203,12622
0,0.1203,12671
0,0.1203,13018
0,0.1203,24702
0,0.1203,41715
0,0.1203,71611
0,0.1203,511759
0,0.1203,513174
0,0.1203,513464
0,0.1203,522734
0,0.1203,800438
0,0.1204,10110
0,0.1204,10917
0,0.1204,13158
0,0.1204,14464
0,0.1204,15393
0,0.1204,15399
0,0.1204,15905
0,0.1204,19760
0,0.1204,28248
0,0.1204,28614
0,0.1204,29419
0,0.1204,43096
0,0.1204,58730
0,0.1204,513930
0,0.1204,514988
0,0.1204,519456
0,0.1204,555340
0,0.1205,15182
0,0.1205,15451
0,0.1205,16758
0,0.1205,18054
0,0.1205,19615
0,0.1205,21227
0,0.1205,30641
0,0.1205,215209
0,0.1205,800288
0,0.1205,802781
0,0.1205,802837
0,0.1205,806689
0,0.1206,10099
0,0.1206,10744
0,0.1206,11155
0,0.1206,12183
0,0.1206,12999
0,0.1206,15496
0,0.1206,15510
0,0.1206,21563
0,0.1206,25723
0,0.1206,27191
0,0.1206,70317
0,0.1207,10356
0,0.1207,11402
0,0.1207,14093
0,0.1207,14330
0,0.1207,18156
0,0.1207,19441
0,0.1207,23167
0,0.1207,38706
0,0.1207,523349
0,0.1207,525400
0,0.1207,533470
0,0.1208,10061
0,0.1208,11112
0,0.1208,29535
0,0.1208,33586
0,0.1208,40390
0,0.1208,520575
0,0.1208,522410
0,0.1208,533431
0,0.1209,10404
0,0.1209,10495
0,0.1209,12732
0,0.1209,14206
0,0.1209,16689
0,0.1209,25792
0,0.1209,37142
0,0.1209,38454
0,0.1209,39739
0,0.1209,522477
0,0.1209,537027
0,0.1209,574147
0,0.1209,800816
0,0.1210,11192
0,0.1210,11280
0,0.1210,12411
0,0.1210,13773
0,0.1210,14477
0,0.1210,19104
0,0.1210,19255
0,0.1210,24088
0,0.1210,147617
0,0.1210,511939
0,0.1210,519865
0,0.1210,520435
0,0.1210,524078
0,0.1211,10027
0,0.1211,10819
0,0.1211,11001
0,0.1211,12796
0,0.1211,15680
0,0.1211,16862
0,0.1211,18297
0,0.1211,21904
0,0.1211,512199
0,0.1211,516886
0,0.1211,911737
0,0.1212,10981
0,0.1212,11419
0,0.1212,12228
0,0.1212,12815
0,0.1212,13307
0,0.1212,13450
0,0.1212,16274
0,0.1212,16350
0,0.1212,22706
0,0.1212,78002
0,0.1212,512328
0,0.1212,513354
0,0.1212,513550
0,0.1212,516796
0,0.1212,559335
0,0.1213,14461
0,0.1213,27725
0,0.1213,33075
0,0.1213,46764
0,0.1213,49869
0,0.1213,51658
0,0.1213,104220
0,0.1213,141016
0,0.1213,522789
0,0.1213,523010
0,0.1213,523776
0,0.1213,559141
0,0.1213,807288
0,0.1213,809538
0,0.1214,10224
0,0.1214,10993
0,0.1214,12575
0,0.1214,12768
0,0.1214,13442
0,0.1214,17454
0,0.1214,512390
0,0.1214,514180
0,0.1214,515015
0,0.1214,515933
0,0.1214,520210
0,0.1214,800845
0,0.1215,10097
0,0.1215,11263
0,0.1215,13371
0,0.1215,15997
0,0.1215,17175
0,0.1215,21353
0,0.1215,27596
0,0.1215,45134
0,0.1215,54462
0,0.1215,512607
0,0.1215,529207
0,0.1215,532909
0,0.1215,802399
0,0.1216,10807
0,0.1216,13643
0,0.1216,14616
0,0.1216,16706
0,0.1216,17342
0,0.1216,18778
0,0.1216,31642
0,0.1216,64180
0,0.1216,199633
0,0.1216,522760
0,0.1216,803589
0,0.1217,11012
0,0.1217,12506
0,0.1217,13121
0,0.1217,13342
0,0.1217,17685
0,0.1217,18238
0,0.1217,18504
0,0.1217,24866
0,0.1217,27524
0,0.1217,29713
0,0.1217,38085
0,0.1217,49002
0,0.1217,53745
0,0.1217,71547
0,0.1217,522738
0,0.1217,530880
0,0.1218,10241
0,0.1218,10669
0,0.1218,10839
0,0.1218,14255
0,0.1218,16430
0,0.1218,18779
0,0.1218,20664
0,0.1218,126216
0,0.1218,519616
0,0.1218,530435
0,0.1218,801702
0,0.1218,819096
0,0.1219,10685
0,0.1219,11802
0,0.1219,15730
0,0.1219,16659
0,0.1219,23273
0,0.1219,28095
0,0.1219,80867
0,0.1219,106593
0,0.1219,513283
0,0.1219,521075
0,0.1219,521536
0,0.1219,521814
0,0.1219,525958
0,0.1219,556347
0,0.1219,905303
0,0.1220,11428
0,0.1220,12854
0,0.1220,13872
0,0.1220,18419
0,0.1220,21719
0,0.1220,22122
0,0.1220,22644
0,0.1220,25191
0,0.1220,28123
0,0.1220,57935
0,0.1220,67789
0,0.1220,71157
0,0.1220,76486
0,0.1220,512927
0,0.1220,514045
0,0.1220,531732
0,0.1220,537032
0,0.1220,814989
0,0.1221,10080
0,0.1221,10332
0,0.1221,10469
0,0.1221,10969
0,0.1221,11631
0,0.1221,12358
0,0.1221,18932
0,0.1221,19036
0,0.1221,24016
0,0.1221,25709
0,0.1221,27818
0,0.1221,39368
0,0.1221,53086
0,0.1221,54465
0,0.1221,511844
0,0.1221,512932
0,0.1221,517602
0,0.1221,517722
0,0.1221,531769
0,0.1221,912677
0,0.1222,10497
0,0.1222,10599
0,0.1222,11607
0,0.1222,12472
0,0.1222,12809
0,0.1222,13079
0,0.1222,15151
0,0.1222,34187
0,0.1222,46262
0,0.1222,524655
0,0.1222,549638
0,0.1223,10137
0,0.1223,10347
0,0.1223,10399
0,0.1223,12454
0,0.1223,13287
0,0.1223,15290
0,0.1223,18744
0,0.1223,19308
0,0.1223,20185
0,0.1223,27296
0,0.1223,34949
0,0.1223,39503
0,0.1223,76194
0,0.1223,512858
0,0.1223,520817
0,0.1223,529129
0,0.1223,533946
0,0.1223,536058
0,0.1223,540077
0,0.1223,800926
0,0.1223,807676
0,0.1224,10855
0,0.1224,13740
0,0.1224,16781
0,0.1224,16879
0,0.1224,18351
0,0.1224,19189
0,0.1224,21692
0,0.1224,27806
0,0.1224,35743
0,0.1224,47271
0,0.1224,58258
0,0.1224,344038
0,0.1224,489781
0,0.1224,515110
0,0.1224,517777
0,0.1225,10514
0,0.1225,11214
0,0.1225,11701
0,0.1225,16537
0,0.1225,17861
0,0.1225,19720
0,0.1225,20818
0,0.1225,24684
0,0.1225,34452
0,0.1225,67174
0,0.1225,514195
0,0.1225,531768
0,0.1225,805015
0,0.1226,10820
0,0.1226,11819
0,0.1226,12336
0,0.1226,16380
0,0.1226,18980
0,0.1226,19334
0,0.1226,21637
0,0.1226,25318
0,0.1226,33038
0,0.1226,33307
0,0.1226,34188
0,0.1226,41428
0,0.1226,44648
0,0.1226,92871
0,0.1226,114151
0,0.1226,200284
0,0.1226,515578
0,0.1226,518513
0,0.1226,518604
0,0.1226,530449
0,0.1227,10138
0,0.1227,10564
0,0.1227,11318
0,0.1227,11338
0,0.1227,11915
0,0.1227,13551
0,0.1227,14188
0,0.1227,19290
0,0.1227,28701
0,0.1227,34900
0,0.1227,44903
0,0.1227,69319
0,0.1227,515761
0,0.1227,911978
0,0.1227,933202
0,0.1228,10658
0,0.1228,11805
0,0.1228,11989
0,0.1228,25045
0,0.1228,26417
0,0.1228,524167
0,0.1228,555259
0,0.1228,804384
0,0.1229,10147
0,0.1229,10243
0,0.1229,10414
0,0.1229,14098
0,0.1229,14552
0,0.1229,15535
0,0.1229,16506
0,0.1229,18070
0,0.1229,21609
0,0.1229,23619
0,0.1229,24382
0,0.1229,38268
0,0.1229,801144
0,0.1229,802543
0,0.1230,10278
0,0.1230,10494
0,0.1230,10914
0,0.1230,15226
0,0.1230,15506
0,0.1230,53618
0,0.1230,521241
0,0.1230,524894
0,0.1230,556719
0,0.1230,802651
0,0.1230,818329
0,0.1231,10078
0,0.1231,11152
0,0.1231,11324
0,0.1231,15514
0,0.1231,27106
0,0.1231,43695
0,0.1231,48914
0,0.1231,54572
0,0.1231,515575
0,0.1231,520119
0,0.1231,520468
0,0.1231,903574
0,0.1232,10612
0,0.1232,10748
0,0.1232,10845
0,0.1232,12327
0,0.1232,14580
0,0.1232,24656
0,0.1232,28791
0,0.1232,29648
0,0.1232,36459
0,0.1232,38306
0,0.1232,42310
0,0.1232,54440
0,0.1232,56542
0,0.1232,63923
0,0.1232,152496
0,0.1232,514766
0,0.1232,802072
0,0.1232,802461
0,0.1233,10041
0,0.1233,12259
0,0.1233,14463
0,0.1233,25494
0,0.1233,70298
0,0.1233,518194
0,0.1233,520034
0,0.1234,10187
0,0.1234,10949
0,0.1234,10950
0,0.1234,11103
0,0.1234,12252
0,0.1234,14705
0,0.1234,14727
0,0.1234,68889
0,0.1234,76711
0,0.1234,519363
0,0.1235,10202
0,0.1235,13613
0,0.1235,19827
0,0.1235,36245
0,0.1235,46409
0,0.1235,48982
0,0.1235,522828
0,0.1236,10150
0,0.1236,11375
0,0.1236,11947
0,0.1236,12106
0,0.1236,12388
0,0.1236,12398
0,0.1236,12730
0,0.1236,15666
0,0.1236,20831
0,0.1236,58481
0,0.1236,174810
0,0.1236,521092
0,0.1236,525354
0,0.1236,568441
0,0.1236,701647131
0,0.1236,841372881
0,0.1237,10294
0,0.1237,10593
0,0.1237,10683
0,0.1237,11307
0,0.1237,13317
0,0.1237,14790
0,0.1237,19118
0,0.1237,25176
0,0.1237,229544
0,0.1237,511828
0,0.1237,800353
0,0.1237,808183
0,0.1238,11770
0,0.1238,11877
0,0.1238,12497
0,0.1238,16986
0,0.1238,20780
0,0.1238,23809
0,0.1238,27133
0,0.1238,184704
0,0.1238,520641
0,0.1238,524596
0,0.1238,802232
0,0.1238,600700832
0,0.1239,10050
0,0.1239,10185
0,0.1239,10453
0,0.1239,13456
0,0.1239,30981
0,0.1239,32258
0,0.1239,40888
0,0.1239,511823
0,0.1239,512459
0,0.1239,523675
0,0.1239,533914
0,0.1239,800224
0,0.1240,10691
0,0.1240,11466
0,0.1240,11540
0,0.1240,11779
0,0.1240,13007
0,0.1240,15163
0,0.1240,19742
0,0.1240,23325
0,0.1240,29458
0,0.1240,42241
0,0.1240,42700
0,0.1240,70167
0,0.1240,98698
0,0.1240,511778
0,0.1240,531862
0,0.1240,802887
0,0.1240,814430
0,0.1241,10269
0,0.1241,10825
0,0.1241,15782
0,0.1241,16700
0,0.1241,19283
0,0.1241,22338
0,0.1241,514596
0,0.1241,515652
0,0.1241,801386
0,0.1241,801768
0,0.1241,808159
0,0.1241,879469321
0,0.1242,10120
0,0.1242,11923
0,0.1242,12727
0,0.1242,13026
0,0.1242,13403
0,0.1242,14259
0,0.1242,14311
0,0.1242,18437
0,0.1242,20648
0,0.1242,21664
0,0.1242,46152
0,0.1242,168586
0,0.1243,10226
0,0.1243,11606
0,0.1243,12109
0,0.1243,14881
0,0.1243,15361
0,0.1243,16051
0,0.1243,19850
0,0.1243,48491
0,0.1243,58394
0,0.1243,72274
0,0.1243,521027
0,0.1243,521236
0,0.1243,523863
0,0.1243,524968
0,0.1243,803829
0,0.1243,936838
0,0.1243,841372881
0,0.1244,10172
0,0.1244,11495
0,0.1244,11628
0,0.1244,12104
0,0.1244,16148
0,0.1244,17156
0,0.1244,19696
0,0.1244,22799
0,0.1244,25939
0,0.1244,26731
0,0.1244,70325
0,0.1244,131748
0,0.1244,526612
0,0.1244,800030
0,0.1244,801261
0,0.1244,903216
0,0.1244,319204020
0,0.1245,10293
0,0.1245,11025
0,0.1245,11061
0,0.1245,11929
0,0.1245,12650
0,0.1245,12654
0,0.1245,45024
0,0.1245,45427
0,0.1245,520188
0,0.1245,531708
0,0.1245,805678
0,0.1245,916162
0,0.1245,928349
0,0.1246,11608
0,0.1246,12532
0,0.1246,14828
0,0.1246,15332
0,0.1246,22521
0,0.1246,24232
0,0.1246,36235
0,0.1246,57381
0,0.1246,235061
0,0.1246,515234
0,0.1246,524761
0,0.1246,556286
0,0.1246,803683
0,0.1246,811898
0,0.1246,374296357
0,0.1247,10479
0,0.1247,10638
0,0.1247,11785
0,0.1247,15351
0,0.1247,30541
0,0.1247,50228
0,0.1247,515091
0,0.1247,518721
0,0.1247,536207
0,0.1247,903561
0,0.1248,10099
0,0.1248,10119
0,0.1248,11977
0,0.1248,15176
0,0.1248,15209
0,0.1248,15319
0,0.1248,32463
0,0.1248,60254
0,0.1248,180085
0,0.1248,489781
0,0.1248,531999
0,0.1248,549229
0,0.1248,555176
0,0.1248,800589
0,0.1248,802884
0,0.1248,907515
0,0.1249,11312
0,0.1249,13305
0,0.1249,16636
0,0.1249,44830
0,0.1249,50397
0,0.1249,94433
0,0.1249,517763
0,0.1249,519720
0,0.1249,520338
0,0.1249,523506
0,0.1249,526298
0,0.1249,904537
0,0.1249,905871
0,0.1249,936810
0,0.1250,10285
0,0.1250,11188
0,0.1250,13151
0,0.1250,14434
0,0.1250,15284
0,0.1250,18937
0,0.1250,24728
0,0.1250,29364
0,0.1250,40300
0,0.1250,48301
0,0.1250,516110
0,0.1250,517548
0,0.1250,520155
0,0.1250,524432
0,0.1250,802955
0,0.1251,10554
0,0.1251,13559
0,0.1251,17131
0,0.1251,23601
0,0.1251,38706
0,0.1251,85527
0,0.1251,568502
0,0.1251,812884
0,0.1251,902554
0,0.1251,600700832
0,0.1252,10100
0,0.1252,10677
0,0.1252,10815
0,0.1252,10932
0,0.1252,12067
0,0.1252,13444
0,0.1252,19274
0,0.1252,21645
0,0.1252,21932
0,0.1252,43756
0,0.1252,51555
0,0.1252,80498
0,0.1252,81417
0,0.1252,517512
0,0.1253,10531
0,0.1253,10687
0,0.1253,11252
0,0.1253,12817
0,0.1253,12947
0,0.1253,16087
0,0.1253,22870
0,0.1253,29340
0,0.1253,31839
0,0.1253,51159
0,0.1253,116555
0,0.1253,512305
0,0.1253,512513
0,0.1253,529349
0,0.1253,807269
0,0.1254,10421
0,0.1254,10432
0,0.1254,11005
0,0.1254,11368
0,0.1254,12948
0,0.1254,13427
0,0.1254,30522
0,0.1254,43040
0,0.1254,63204
0,0.1254,99882
0,0.1255,10018
0,0.1255,10303
0,0.1255,10671
0,0.1255,10839
0,0.1255,13005
0,0.1255,13217
0,0.1255,15482
0,0.1255,17115
0,0.1255,18033
0,0.1255,18156
0,0.1255,21235
0,0.1255,57559
0,0.1255,195264
0,0.1255,814115
0,0.1255,826175
0,0.1255,905003
0,0.1255,906476
0,0.1256,10175
0,0.1256,10738
0,0.1256,11245
0,0.1256,16193
0,0.1256,16643
0,0.1256,21296
0,0.1256,29129
0,0.1256,35440
0,0.1256,38338
0,0.1256,38835
0,0.1256,42997
0,0.1256,61896
0,0.1256,515933
0,0.1256,520820
0,0.1256,521063
0,0.1256,524361
0,0.1256,527297
0,0.1257,10378
0,0.1257,10480
0,0.1257,11903
0,0.1257,13273
0,0.1257,17408
0,0.1257,24741
0,0.1257,32413
0,0.1257,33589
0,0.1257,36295
0,0.1257,36730
0,0.1257,64874
0,0.1257,65472
0,0.1257,70651
0,0.1257,512521
0,0.1258,10255
0,0.1258,10545
0,0.1258,16334
0,0.1258,16440
0,0.1258,18564
0,0.1258,50888
0,0.1258,93110
0,0.1258,515289
0,0.1258,516565
0,0.1258,519132
0,0.1258,520812
0,0.1259,10330
0,0.1259,10447
0,0.1259,11199
0,0.1259,14523
0,0.1259,14765
0,0.1259,15362
0,0.1259,20253
0,0.1259,23121
0,0.1259,26220
0,0.1259,27025
0,0.1259,72491
0,0.1259,523372
0,0.1259,524470
0,0.1259,527653
0,0.1259,804914
0,0.1260,10088
0,0.1260,10555
0,0.1260,10661
0,0.1260,10799
0,0.1260,15964
0,0.1260,16558
0,0.1260,29445
0,0.1260,31735
0,0.1260,36384
0,0.1260,71042
0,0.1260,71503
0,0.1260,529603
0,0.1260,530460
0,0.1261,10072
0,0.1261,17218
0,0.1261,19425
0,0.1261,23602
0,0.1261,31541
0,0.1261,34671
0,0.1261,39382
0,0.1261,40773
0,0.1261,71260
0,0.1261,801909
0,0.1262,10282
0,0.1262,10847
0,0.1262,12706
0,0.1262,13442
0,0.1262,13985
0,0.1262,20272
0,0.1262,22084
0,0.1262,22120
0,0.1262,23359
0,0.1262,30068
0,0.1262,520115
0,0.1262,522759
0,0.1262,523049
0,0.1262,555837
0,0.1263,10168
0,0.1263,11440
0,0.1263,11665
0,0.1263,12155
0,0.1263,12347
0,0.1263,15212
0,0.1263,29582
0,0.1263,39608
0,0.1263,513147
0,0.1263,515757
0,0.1263,521126
0,0.1263,521147
0,0.1263,805097
0,0.1264,10114
0,0.1264,10852
0,0.1264,10997
0,0.1264,12046
0,0.1264,13353
0,0.1264,13428
0,0.1264,14194
0,0.1264,14397
0,0.1264,17726
0,0.1264,53639
0,0.1264,76219
0,0.1264,513630
0,0.1264,519890
0,0.1264,523684
0,0.1264,907672
0,0.1265,10190
0,0.1265,10302
0,0.1265,10562
0,0.1265,10707
0,0.1265,11699
0,0.1265,11886
0,0.1265,13360
0,0.1265,15458
0,0.1265,16875
0,0.1265,18508
0,0.1265,27425
0,0.1265,33492
0,0.1265,34576
0,0.1265,38272
0,0.1265,521409
0,0.1265,529385
0,0.1265,537899
0,0.1266,10510
0,0.1266,11302
0,0.1266,11674
0,0.1266,11836
0,0.1266,14954
0,0.1266,15966
0,0.1266,18779
0,0.1266,27929
0,0.1266,30310
0,0.1266,30404
0,0.1266,45839
0,0.1266,512608
0,0.1266,513238
0,0.1266,521814
0,0.1267,10222
0,0.1267,10663
0,0.1267,11210
0,0.1267,11497
0,0.1267,14714
0,0.1267,17691
0,0.1267,18415
0,0.1267,19569
0,0.1267,29116
0,0.1267,512927
0,0.1267,513283
0,0.1267,514997
0,0.1267,801822
0,0.1268,10011
0,0.1268,10110
0,0.1268,10205
0,0.1268,10428
0,0.1268,11361
0,0.1268,12028
0,0.1268,12033
0,0.1268,12333
0,0.1268,12423
0,0.1268,12506
0,0.1268,12656
0,0.1268,14869
0,0.1268,15042
0,0.1268,15304
0,0.1268,15360
0,0.1268,16275
0,0.1268,16794
0,0.1268,18504
0,0.1268,19065
0,0.1268,19089
0,0.1268,23273
0,0.1268,31923
0,0.1268,37110
0,0.1268,46691
0,0.1268,61398
0,0.1268,537751
0,0.1269,10040
0,0.1269,10265
0,0.1269,10974
0,0.1269,11271
0,0.1269,11420
0,0.1269,11937
0,0.1269,12151
0,0.1269,13259
0,0.1269,13707
0,0.1269,18109
0,0.1269,19886
0,0.1269,23281
0,0.1269,24640
0,0.1269,25780
0,0.1269,26322
0,0.1269,30443
0,0.1269,98544
0,0.1269,514045
0,0.1269,530339
0,0.1270,10107
0,0.1270,11485
0,0.1270,12137
0,0.1270,12140
0,0.1270,13947
0,0.1270,14093
0,0.1270,17454
0,0.1270,18180
0,0.1270,22240
0,0.1270,30190
0,0.1270,49464
0,0.1270,58730
0,0.1270,101652
0,0.1270,512314
0,0.1270,519399
0,0.1270,520390
0,0.1270,521256
0,0.1270,523379
0,0.1270,534870
0,0.1271,10725
0,0.1271,11363
0,0.1271,12358
0,0.1271,17801
0,0.1271,17835
0,0.1271,18185
0,0.1271,18419
0,0.1271,18932
0,0.1271,21263
0,0.1271,36905
0,0.1271,37265
0,0.1271,40390
0,0.1271,41743
0,0.1271,56017
0,0.1271,59018
0,0.1271,158774
0,0.1271,522387
0,0.1272,10080
0,0.1272,10312
0,0.1272,10318
0,0.1272,14539
0,0.1272,17326
0,0.1272,18744
0,0.1272,20818
0,0.1272,28469
0,0.1272,29635
0,0.1272,32805
0,0.1272,76194
0,0.1272,96692
0,0.1272,102359
0,0.1272,129234
0,0.1272,513054
0,0.1272,514405
0,0.1272,527048
0,0.1272,531557
0,0.1272,553194
0,0.1273,10050
0,0.1273,10278
0,0.1273,10290
0,0.1273,10969
0,0.1273,11416
0,0.1273,11433
0,0.1273,12298
0,0.1273,15444
0,0.1273,17419
0,0.1273,19498
0,0.1273,22126
0,0.1273,26238
0,0.1273,27100
0,0.1273,27296
0,0.1273,514988
0,0.1273,522706
0,0.1273,523564
0,0.1273,801530
0,0.1274,11242
0,0.1274,11460
0,0.1274,11618
0,0.1274,11893
0,0.1274,12102
0,0.1274,15914
0,0.1274,17173
0,0.1274,17180
0,0.1274,19189
0,0.1274,19369
0,0.1274,39813
0,0.1274,519866
0,0.1274,521538
0,0.1274,534534
0,0.1275,10242
0,0.1275,10649
0,0.1275,10652
0,0.1275,10809
0,0.1275,11070
0,0.1275,11831
0,0.1275,14387
0,0.1275,15325
0,0.1275,16493
0,0.1275,16642
0,0.1275,17751
0,0.1275,19327
0,0.1275,19760
0,0.1275,24382
0,0.1275,30331
0,0.1275,35743
0,0.1275,39446
0,0.1275,82205
0,0.1275,520817
0,0.1275,527525
0,0.1275,532909
0,0.1276,10070
0,0.1276,10394
0,0.1276,11174
0,0.1276,11254
0,0.1276,12405
0,0.1276,15635
0,0.1276,16274
0,0.1276,16579
0,0.1276,18170
0,0.1276,18838
0,0.1276,29939
0,0.1276,53086
0,0.1276,104220
0,0.1276,521584
0,0.1276,807560
0,0.1277,10822
0,0.1277,11255
0,0.1277,12159
0,0.1277,14486
0,0.1277,15273
0,0.1277,16599
0,0.1277,17825
0,0.1277,18601
0,0.1277,26417
0,0.1277,27454
0,0.1277,511955
0,0.1277,519865
0,0.1278,10185
0,0.1278,10209
0,0.1278,10289
0,0.1278,10295
0,0.1278,10912
0,0.1278,11017
0,0.1278,11638
0,0.1278,11719
0,0.1278,11955
0,0.1278,14563
0,0.1278,15274
0,0.1278,15576
0,0.1278,16862
0,0.1278,17930
0,0.1278,17991
0,0.1278,20592
0,0.1278,23619
0,0.1278,25184
0,0.1278,25554
0,0.1278,25792
0,0.1278,30405
0,0.1278,30807
0,0.1278,35196
0,0.1278,67167
0,0.1278,174420
0,0.1278,512750
0,0.1278,516919
0,0.1278,518194
0,0.1278,519371
0,0.1278,519616
0,0.1278,536057
0,0.1278,810694
0,0.1279,10041
0,0.1279,10475
0,0.1279,10624
0,0.1279,11146
0,0.1279,12491
0,0.1279,15905
0,0.1279,16659
0,0.1279,18016
0,0.1279,18749
0,0.1279,19616
0,0.1279,20402
0,0.1279,23524
0,0.1279,26843
0,0.1279,125794
0,0.1279,517202
0,0.1279,523776
0,0.1279,524717
0,0.1279,801785
0,0.1280,10514
0,0.1280,10693
0,0.1280,11401
0,0.1280,12896
0,0.1280,14951
0,0.1280,15371
0,0.1280,15514
0,0.1280,15888
0,0.1280,17086
0,0.1280,17174
0,0.1280,17480
0,0.1280,19767
0,0.1280,19921
0,0.1280,20581
0,0.1280,22276
0,0.1280,23365
0,0.1280,34949
0,0.1280,48752
0,0.1280,51887
0,0.1280,57522
0,0.1280,59969
0,0.1280,77821
0,0.1280,512746
0,0.1280,519230
0,0.1280,521698
0,0.1280,522815
0,0.1280,530880
0,0.1281,10797
0,0.1281,11806
0,0.1281,12809
0,0.1281,12813
0,0.1281,12901
0,0.1281,13874
0,0.1281,18123
0,0.1281,18726
0,0.1281,22166
0,0.1281,22185
0,0.1281,22243
0,0.1281,27790
0,0.1281,28406
0,0.1281,43781
0,0.1281,67864
0,0.1281,142802
0,0.1281,519242
0,0.1281,522819
0,0.1281,529519
0,0.1281,557801
0,0.1282,10497
0,0.1282,15243
0,0.1282,18165
0,0.1282,20620
0,0.1282,21567
0,0.1282,26619
0,0.1282,30421
0,0.1282,35109
0,0.1282,47922
0,0.1282,52728
0,0.1282,73254
0,0.1282,515460
0,0.1282,527409
0,0.1282,535668
0,0.1282,551294
0,0.1282,813076
0,0.1282,907866
0,0.1283,10488
0,0.1283,11155
0,0.1283,11603
0,0.1283,11634
0,0.1283,12297
0,0.1283,13659
0,0.1283,16175
0,0.1283,17061
0,0.1283,17244
0,0.1283,21692
0,0.1283,26537
0,0.1283,518604
0,0.1283,521059
0,0.1283,574357
0,0.1283,805992
0,0.1284,10097
0,0.1284,11768
0,0.1284,12008
0,0.1284,12015
0,0.1284,13724
0,0.1284,18730
0,0.1284,24828
0,0.1284,26287
0,0.1284,28791
0,0.1284,38858
0,0.1284,41144
0,0.1284,44217
0,0.1284,63655
0,0.1284,90224
0,0.1284,96137
0,0.1284,529228
0,0.1284,530789
0,0.1284,802615
0,0.1284,813104
0,0.1285,10119
0,0.1285,10169
0,0.1285,10271
0,0.1285,11921
0,0.1285,14717
0,0.1285,16781
0,0.1285,17846
0,0.1285,19486
0,0.1285,19488
0,0.1285,26718
0,0.1285,31070
0,0.1285,37142
0,0.1285,46724
0,0.1285,267437
0,0.1285,520217
0,0.1285,521240
0,0.1285,533946
0,0.1286,10099
0,0.1286,10133
0,0.1286,10376
0,0.1286,11326
0,0.1286,12178
0,0.1286,12437
0,0.1286,13079
0,0.1286,13773
0,0.1286,13991
0,0.1286,17474
0,0.1286,19982
0,0.1286,20468
0,0.1286,26991
0,0.1286,27157
0,0.1286,30504
0,0.1286,31681
0,0.1286,38870
0,0.1286,39462
0,0.1286,48335
0,0.1286,57935
0,0.1286,512106
0,0.1286,555383
0,0.1286,924901
0,0.1286,879469321
0,0.1287,13640
0,0.1287,14871
0,0.1287,16734
0,0.1287,17696
0,0.1287,17981
0,0.1287,19618
0,0.1287,27146
0,0.1287,35912
0,0.1287,42975
0,0.1287,59057
0,0.1287,142743
0,0.1287,517724
0,0.1288,10180
0,0.1288,10272
0,0.1288,10436
0,0.1288,10735
0,0.1288,13018
0,0.1288,16984
0,0.1288,18128
0,0.1288,20653
0,0.1288,21822
0,0.1288,23325
0,0.1288,28010
0,0.1288,37196
0,0.1288,41801
0,0.1288,96320
0,0.1288,130279
0,0.1288,512734
0,0.1288,521241
0,0.1288,521406
0,0.1288,524655
0,0.1288,537032
0,0.1289,10251
0,0.1289,11026
0,0.1289,11338
0,0.1289,11556
0,0.1289,12606
0,0.1289,13158
0,0.1289,13864
0,0.1289,14747
0,0.1289,16673
0,0.1289,19036
0,0.1289,20497
0,0.1289,24879
0,0.1289,25237
0,0.1289,27416
0,0.1289,27614
0,0.1289,29135
0,0.1289,32258
0,0.1289,71547
0,0.1289,521113
0,0.1289,522909
0,0.1289,522974
0,0.1289,530668
0,0.1289,539954
0,0.1289,556037
0,0.1289,803860
0,0.1289,810086
0,0.1290,10515
0,0.1290,11027
0,0.1290,11263
0,0.1290,13255
0,0.1290,13317
0,0.1290,15114
0,0.1290,15308
0,0.1290,20774
0,0.1290,42509
0,0.1290,66246
0,0.1291,10138
0,0.1291,10525
0,0.1291,11003
0,0.1291,11109
0,0.1291,11142
0,0.1291,14756
0,0.1291,16150
0,0.1291,21468
0,0.1291,22519
0,0.1291,26402
0,0.1291,32062
0,0.1291,34265
0,0.1291,34820
0,0.1291,141161
0,0.1291,172666
0,0.1291,516981
0,0.1291,520691
0,0.1291,521745
0,0.1291,521763
0,0.1291,524883
0,0.1291,533103
0,0.1291,803469
0,0.1291,926154
0,0.1292,10178
0,0.1292,10950
0,0.1292,11883
0,0.1292,12104
0,0.1292,14694
0,0.1292,15693
0,0.1292,17175
0,0.1292,34683
0,0.1292,38316
0,0.1292,44781
0,0.1292,511821
0,0.1292,524073
0,0.1292,536211
0,0.1292,555827
0,0.1292,801021
0,0.1293,10212
0,0.1293,11022
0,0.1293,11428
0,0.1293,11849
0,0.1293,12093
0,0.1293,12872
0,0.1293,13628
0,0.1293,15674
0,0.1293,25045
0,0.1293,27043
0,0.1293,30206
0,0.1293,36070
0,0.1293,154726
0,0.1293,513463
0,0.1293,515015
0,0.1293,515130
0,0.1293,516060
0,0.1293,520182
0,0.1293,523037
0,0.1293,570132
0,0.1293,800809
0,0.1294,10362
0,0.1294,10807
0,0.1294,10898
0,0.1294,12091
0,0.1294,12802
0,0.1294,14545
0,0.1294,14892
0,0.1294,14963
0,0.1294,18633
0,0.1294,19930
0,0.1294,22884
0,0.1294,23453
0,0.1294,25503
0,0.1294,31171
0,0.1294,44690
0,0.1294,515760
0,0.1294,521227
0,0.1294,530449
0,0.1295,11399
0,0.1295,11788
0,0.1295,11856
0,0.1295,12334
0,0.1295,12902
0,0.1295,13553
0,0.1295,15719
0,0.1295,15808
0,0.1295,25905
0,0.1295,25970
0,0.1295,31653
0,0.1295,32315
0,0.1295,37546
0,0.1295,519454
0,0.1295,520468
0,0.1295,523636
0,0.1296,10120
0,0.1296,10322
0,0.1296,10494
0,0.1296,10658
0,0.1296,10750
0,0.1296,11013
0,0.1296,11030
0,0.1296,14276
0,0.1296,14881
0,0.1296,15117
0,0.1296,17301
0,0.1296,18597
0,0.1296,25939
0,0.1296,27413
0,0.1296,28525
0,0.1296,29537
0,0.1296,30371
0,0.1296,40558
0,0.1296,42095
0,0.1296,127571
0,0.1296,519365
0,0.1296,520581
0,0.1297,10060
0,0.1297,11623
0,0.1297,13563
0,0.1297,14315
0,0.1297,18704
0,0.1297,18997
0,0.1297,23688
0,0.1297,30653
0,0.1297,39253
0,0.1297,222777
0,0.1297,514092
0,0.1297,524732
0,0.1297,532000
0,0.1297,800353
0,0.1297,815281
0,0.1298,10687
0,0.1298,10825
0,0.1298,11053
0,0.1298,11688
0,0.1298,14434
0,0.1298,17535
0,0.1298,20715
0,0.1298,21690
0,0.1298,38190
0,0.1298,47830
0,0.1298,49318
0,0.1298,145530
0,0.1298,514579
0,0.1298,517548
0,0.1298,519144
0,0.1298,522828
0,0.1298,802296
0,0.1299,10204
0,0.1299,10457
0,0.1299,10555
0,0.1299,13559
0,0.1299,16061
0,0.1299,16273
0,0.1299,17465
0,0.1299,18911
0,0.1299,19393
0,0.1299,23601
0,0.1299,23842
0,0.1299,31967
0,0.1299,35503
0,0.1299,41054
0,0.1299,53290
0,0.1299,55385
0,0.1299,68889
0,0.1299,77481
0,0.1299,147927
0,0.1299,231168
0,0.1299,294178
0,0.1299,513033
0,0.1299,514125
0,0.1299,517754
0,0.1299,518220
0,0.1299,559335
0,0.1299,800147
0,0.1299,605725659
0,0.1300,10414
0,0.1300,10466
0,0.1300,11503
0,0.1300,12059
0,0.1300,12746
0,0.1300,12763
0,0.1300,13363
0,0.1300,13969
0,0.1300,19478
0,0.1300,20756
0,0.1300,21637
0,0.1300,24016
0,0.1300,33400
0,0.1300,50575
0,0.1300,512390
0,0.1300,804384
0,0.1301,11021
0,0.1301,11090
0,0.1301,11125
0,0.1301,11466
0,0.1301,12396
0,0.1301,12938
0,0.1301,14223
0,0.1301,14961
0,0.1301,15127
0,0.1301,16184
0,0.1301,18587
0,0.1301,45682
0,0.1301,54912
0,0.1301,59776
0,0.1301,112897
0,0.1301,511757
0,0.1301,580329
0,0.1302,10057
0,0.1302,11605
0,0.1302,11997
0,0.1302,12125
0,0.1302,13327
0,0.1302,18413
0,0.1302,29795
0,0.1302,36115
0,0.1302,37735
0,0.1302,170407
0,0.1302,515675
0,0.1302,516944
0,0.1302,519328
0,0.1302,524733
0,0.1303,11085
0,0.1303,11221
0,0.1303,12646
0,0.1303,13134
0,0.1303,13872
0,0.1303,14137
0,0.1303,14997
0,0.1303,16182
0,0.1303,22001
0,0.1303,23659
0,0.1303,24227
0,0.1303,41688
0,0.1303,50687
0,0.1303,58481
0,0.1303,61079
0,0.1303,63124
0,0.1303,522354
0,0.1303,556773
0,0.1303,912294
0,0.1304,10468
0,0.1304,11029
0,0.1304,11959
0,0.1304,14552
0,0.1304,16936
0,0.1304,17185
0,0.1304,46073
0,0.1304,83621
0,0.1304,522763
0,0.1304,524596
0,0.1304,529803
0,0.1305,10043
0,0.1305,10448
0,0.1305,12088
0,0.1305,13302
0,0.1305,14206
0,0.1305,15616
0,0.1305,17504
0,0.1305,19068
0,0.1305,19737
0,0.1305,23197
0,0.1305,24340
0,0.1305,29806
0,0.1305,30132
0,0.1305,44005
0,0.1305,52016
0,0.1305,53652
0,0.1305,54440
0,0.1305,112493
0,0.1305,164863
0,0.1305,555259
0,0.1305,900035
0,0.1306,10003
0,0.1306,10226
0,0.1306,11532
0,0.1306,13301
0,0.1306,15244
0,0.1306,16910
0,0.1306,18745
0,0.1306,26242
0,0.1306,29106
0,0.1306,38084
0,0.1306,39095
0,0.1306,48491
0,0.1306,58704
0,0.1306,60685
0,0.1306,63923
0,0.1306,516098
0,0.1306,520210
0,0.1306,530101
0,0.1306,555176
0,0.1307,10241
0,0.1307,10612
0,0.1307,11445
0,0.1307,12006
0,0.1307,12194
0,0.1307,12283
0,0.1307,12398
0,0.1307,14263
0,0.1307,14766
0,0.1307,19215
0,0.1307,19240
0,0.1307,22084
0,0.1307,26495
0,0.1307,38706
0,0.1307,39798
0,0.1307,51764
0,0.1307,57102
0,0.1307,97863
0,0.1307,134610
0,0.1307,224753
0,0.1307,514758
0,0.1307,520016
0,0.1307,520034
0,0.1307,521535
0,0.1307,600700832
0,0.1308,10150
0,0.1308,10820
0,0.1308,10879
0,0.1308,11181
0,0.1308,11311
0,0.1308,11321
0,0.1308,11670
0,0.1308,11838
0,0.1308,12115
0,0.1308,14624
0,0.1308,16975
0,0.1308,17588
0,0.1308,18437
0,0.1308,20026
0,0.1308,26284
0,0.1308,32185
0,0.1308,34607
0,0.1308,37709
0,0.1308,94433
0,0.1308,131748
0,0.1308,162599
0,0.1308,515735
0,0.1308,517512
0,0.1308,523675
0,0.1308,523786
0,0.1308,529498
0,0.1308,544496
0,0.1309,10288
0,0.1309,10531
0,0.1309,15237
0,0.1309,17156
0,0.1309,33038
0,0.1309,36894
0,0.1309,44250
0,0.1309,45722
0,0.1309,48956
0,0.1309,72632
0,0.1309,511828
0,0.1309,514277
0,0.1309,516070
0,0.1309,555340
0,0.1310,10100
0,0.1310,13800
0,0.1310,13863
0,0.1310,14686
0,0.1310,16764
0,0.1310,18054
0,0.1310,19837
0,0.1310,20831
0,0.1310,23416
0,0.1310,31777
0,0.1310,43116
0,0.1310,55527
0,0.1310,60421
0,0.1310,164466
0,0.1310,513460
0,0.1310,520641
0,0.1310,521528
0,0.1310,524761
0,0.1310,533196
0,0.1310,802399
0,0.1311,11171
0,0.1311,11199
0,0.1311,11318
0,0.1311,11723
0,0.1311,12067
0,0.1311,12443
0,0.1311,14939
0,0.1311,16069
0,0.1311,19594
0,0.1311,20144
0,0.1311,22066
0,0.1311,30950
0,0.1311,43732
0,0.1311,184446
0,0.1311,210670
0,0.1311,517603
0,0.1311,800241
0,0.1311,800256
0,0.1311,800354
0,0.1312,11489
0,0.1312,11947
0,0.1312,15176
0,0.1312,17903
0,0.1312,18364
0,0.1312,18559
0,0.1312,20755
0,0.1312,32119
0,0.1312,32545
0,0.1312,46788
0,0.1312,85527
0,0.1312,215209
0,0.1312,514596
0,0.1312,520440
0,0.1312,800497
0,0.1313,10175
0,0.1313,11072
0,0.1313,11220
0,0.1313,11308
0,0.1313,11375
0,0.1313,11671
0,0.1313,12217
0,0.1313,12351
0,0.1313,16811
0,0.1313,18604
0,0.1313,19274
0,0.1313,24064
0,0.1313,24885
0,0.1313,26665
0,0.1313,30933
0,0.1313,80175
0,0.1313,200284
0,0.1313,512185
0,0.1313,521292
0,0.1313,523821
0,0.1313,531009
0,0.1313,546129
0,0.1313,808183
0,0.1314,10033
0,0.1314,10072
0,0.1314,10185
0,0.1314,13442
0,0.1314,15502
0,0.1314,18779
0,0.1314,24126
0,0.1314,31198
0,0.1314,35643
0,0.1314,38388
0,0.1314,38650
0,0.1314,50303
0,0.1314,51159
0,0.1314,52832
0,0.1314,98388
0,0.1314,190421
0,0.1314,512927
0,0.1314,521814
0,0.1315,10137
0,0.1315,10432
0,0.1315,10914
0,0.1315,11614
0,0.1315,12943
0,0.1315,13680
0,0.1315,13901
0,0.1315,17105
0,0.1315,24671
0,0.1315,30416
0,0.1315,30801
0,0.1315,31786
0,0.1315,44903
0,0.1315,56322
0,0.1315,59994
0,0.1315,511823
0,0.1315,800926
0,0.1315,802174
0,0.1316,11344
0,0.1316,11654
0,0.1316,11903
0,0.1316,12368
0,0.1316,12455
0,0.1316,15004
0,0.1316,16105
0,0.1316,16597
0,0.1316,17274
0,0.1316,17663
0,0.1316,19440
0,0.1316,25517
0,0.1316,27478
0,0.1316,30962
0,0.1316,31627
0,0.1316,36199
0,0.1316,42997
0,0.1316,58394
0,0.1316,511839
0,0.1316,515091
0,0.1316,515410
0,0.1316,807750
0,0.1317,10110
0,0.1317,10371
0,0.1317,10698
0,0.1317,11071
0,0.1317,12733
0,0.1317,15955
0,0.1317,16758
0,0.1317,18951
0,0.1317,19334
0,0.1317,25021
0,0.1317,37330
0,0.1317,134100
0,0.1317,145229
0,0.1317,331721
0,0.1317,512194
0,0.1317,524470
0,0.1317,800061
0,0.1317,803979
0,0.1318,10041
0,0.1318,10306
0,0.1318,10599
0,0.1318,10845
0,0.1318,13692
0,0.1318,20359
0,0.1318,23025
0,0.1318,27903
0,0.1318,51382
0,0.1318,155188
0,0.1318,513930
0,0.1318,525530
0,0.1318,530136
0,0.1318,800171
0,0.1318,800226
0,0.1318,802955
0,0.1318,813264
0,0.1318,906520
0,0.1319,10108
0,0.1319,10170
0,0.1319,10969
0,0.1319,11426
0,0.1319,12181
0,0.1319,12248
0,0.1319,12327
0,0.1319,18932
0,0.1319,19348
0,0.1319,20594
0,0.1319,22937
0,0.1319,31575
0,0.1319,40390
0,0.1319,178990
0,0.1319,208976
0,0.1319,512236
0,0.1319,512858
0,0.1319,513283
0,0.1319,514045
0,0.1319,514917
0,0.1319,802506
0,0.1319,904536
0,0.1320,10308
0,0.1320,10868
0,0.1320,11156
0,0.1320,12565
0,0.1320,12596
0,0.1320,13217
0,0.1320,13305
0,0.1320,14993
0,0.1320,17799
0,0.1320,18156
0,0.1320,19246
0,0.1320,21932
0,0.1320,22641
0,0.1320,23826
0,0.1320,24382
0,0.1320,50593
0,0.1320,58426
0,0.1320,84735
0,0.1320,137777
0,0.1320,166976
0,0.1320,557215
0,0.1320,559141
0,0.1320,903159
0,0.1321,10447
0,0.1321,10794
0,0.1321,12358
0,0.1321,12506
0,0.1321,13347
0,0.1321,16600
0,0.1321,17593
0,0.1321,18022
0,0.1321,20818
0,0.1321,26786
0,0.1321,38835
0,0.1321,46200
0,0.1321,63798
0,0.1321,76194
0,0.1321,235061
0,0.1321,521210
0,0.1321,524133
0,0.1321,529603
0,0.1321,532750
0,0.1322,10052
0,0.1322,10099
0,0.1322,10490
0,0.1322,10677
0,0.1322,11012
0,0.1322,11189
0,0.1322,11241
0,0.1322,14227
0,0.1322,14978
0,0.1322,16323
0,0.1322,16584
0,0.1322,18419
0,0.1322,18650
0,0.1322,22240
0,0.1322,22870
0,0.1322,23273
0,0.1322,23619
0,0.1322,23761
0,0.1322,26422
0,0.1322,27296
0,0.1322,42753
0,0.1322,514405
0,0.1322,515933
0,0.1322,519892
0,0.1322,521075
0,0.1322,529489
0,0.1322,801173
0,0.1322,810570
0,0.1322,811415
0,0.1322,818234
0,0.1323,11495
0,0.1323,16039
0,0.1323,19189
0,0.1323,19308
0,0.1323,29046
0,0.1323,31121
0,0.1323,89545
0,0.1323,518194
0,0.1323,522410
0,0.1323,523744
0,0.1323,532079
0,0.1323,805244
0,0.1324,10027
0,0.1324,10061
0,0.1324,11164
0,0.1324,11387
0,0.1324,11463
0,0.1324,11893
0,0.1324,15680
0,0.1324,16800
0,0.1324,17407
0,0.1324,18215
0,0.1324,18504
0,0.1324,18744
0,0.1324,19760
0,0.1324,23325
0,0.1324,28248
0,0.1324,30761
0,0.1324,38272
0,0.1324,87338
0,0.1324,190319
0,0.1324,519658
0,0.1324,526298
0,0.1324,526576
0,0.1324,549229
0,0.1324,936810
0,0.1325,10269
0,0.1325,12341
0,0.1325,13205
0,0.1325,16641
0,0.1325,17134
0,0.1325,17773
0,0.1325,20007
0,0.1325,24687
0,0.1325,27339
0,0.1325,33316
0,0.1325,35372
0,0.1325,38657
0,0.1325,88157
0,0.1325,88528
0,0.1325,516634
0,0.1325,520727
0,0.1325,537027
0,0.1326,10224
0,0.1326,10302
0,0.1326,13000
0,0.1326,14247
0,0.1326,14294
0,0.1326,15458
0,0.1326,17454
0,0.1326,22852
0,0.1326,24690
0,0.1326,26417
0,0.1326,27794
0,0.1326,32474
0,0.1326,35743
0,0.1326,48318
0,0.1326,77709
0,0.1326,515457
0,0.1326,516927
0,0.1326,801824
0,0.1327,10950
0,0.1327,11764
0,0.1327,11915
0,0.1327,13219
0,0.1327,14719
0,0.1327,15046
0,0.1327,15124
0,0.1327,15891
0,0.1327,18595
0,0.1327,25792
0,0.1327,34046
0,0.1327,50228
0,0.1327,63640
0,0.1327,517256
0,0.1327,521092
0,0.1327,522941
0,0.1327,523392
0,0.1327,525066
0,0.1327,531769
0,0.1327,800564
0,0.1328,10488
0,0.1328,12561
0,0.1328,12762
0,0.1328,12817
0,0.1328,12917
0,0.1328,12999
0,0.1328,13371
0,0.1328,13817
0,0.1328,15828
0,0.1328,15925
0,0.1328,24866
0,0.1328,32258
0,0.1328,39813
0,0.1328,516110
0,0.1328,522352
0,0.1328,803007
0,0.1329,10105
0,0.1329,10469
0,0.1329,10673
0,0.1329,11967
0,0.1329,12105
0,0.1329,16099
0,0.1329,16507
0,0.1329,19564
0,0.1329,21058
0,0.1329,39687
0,0.1329,41171
0,0.1329,66804
0,0.1329,76486
0,0.1329,521466
0,0.1329,529385
0,0.1330,12065
0,0.1330,14673
0,0.1330,15024
0,0.1330,15071
0,0.1330,19452
0,0.1330,19999
0,0.1330,20714
0,0.1330,22151
0,0.1330,24134
0,0.1330,26741
0,0.1330,37142
0,0.1330,53300
0,0.1330,61285
0,0.1330,61398
0,0.1330,64180
0,0.1330,70088
0,0.1330,95935
0,0.1330,98544
0,0.1330,514677
0,0.1330,555344
0,0.1330,810639
0,0.1331,10172
0,0.1331,10421
0,0.1331,10842
0,0.1331,11802
0,0.1331,12151
0,0.1331,12252
0,0.1331,12488
0,0.1331,14705
0,0.1331,22692
0,0.1331,27872
0,0.1331,53086
0,0.1331,58730
0,0.1331,90835
0,0.1331,110194
0,0.1331,515578
0,0.1331,517257
0,0.1331,529604
0,0.1332,10011
0,0.1332,10294
0,0.1332,11618
0,0.1332,13273
0,0.1332,14047
0,0.1332,14482
0,0.1332,15494
0,0.1332,17402
0,0.1332,19061
0,0.1332,20656
0,0.1332,25184
0,0.1332,32854
0,0.1332,34949
0,0.1332,47859
0,0.1332,70651
0,0.1332,195264
0,0.1332,524644
0,0.1332,524902
0,0.1332,819096
0,0.1332,904280
0,0.1332,931656
0,0.1333,10428
0,0.1333,10453
0,0.1333,10495
0,0.1333,10663
0,0.1333,12796
0,0.1333,12906
0,0.1333,13613
0,0.1333,15408
0,0.1333,15514
0,0.1333,18585
0,0.1333,34466
0,0.1333,37921
0,0.1333,88651
0,0.1333,520817
0,0.1333,524717
0,0.1333,575760
0,0.1333,801736
0,0.1334,10271
0,0.1334,10847
0,0.1334,13307
0,0.1334,13317
0,0.1334,13751
0,0.1334,15495
0,0.1334,25176
0,0.1334,30310
0,0.1334,30807
0,0.1334,39753
0,0.1334,45539
0,0.1334,46429
0,0.1334,517359
0,0.1334,519944
0,0.1334,527048
0,0.1335,10168
0,0.1335,10593
0,0.1335,12510
0,0.1335,15362
0,0.1335,15790
0,0.1335,15997
0,0.1335,17685
0,0.1335,24463
0,0.1335,516599
0,0.1335,516666
0,0.1335,532909
0,0.1335,556450
0,0.1336,10399
0,0.1336,10434
0,0.1336,10479
0,0.1336,11805
0,0.1336,12295
0,0.1336,12933
0,0.1336,14869
0,0.1336,15094
0,0.1336,20185
0,0.1336,30537
0,0.1336,38454
0,0.1336,41887
0,0.1336,104220
0,0.1336,247112
0,0.1336,289948
0,0.1336,489781
0,0.1336,512199
0,0.1336,530435
0,0.1336,536208
0,0.1336,537899
0,0.1336,574147
0,0.1336,802455
0,0.1337,10114
0,0.1337,10819
0,0.1337,11161
0,0.1337,11888
0,0.1337,12698
0,0.1337,13026
0,0.1337,13730
0,0.1337,14664
0,0.1337,15182
0,0.1337,15251
0,0.1337,15496
0,0.1337,19919
0,0.1337,28791
0,0.1337,33075
0,0.1337,33549
0,0.1337,42700
0,0.1337,43756
0,0.1337,44313
0,0.1337,45024
0,0.1337,139961
0,0.1337,511955
0,0.1337,517193
0,0.1337,522738
0,0.1337,531862
0,0.1337,532751
0,0.1337,800077
0,0.1337,815205
0,0.1337,701647131
0,0.1338,10278
0,0.1338,10671
0,0.1338,12240
0,0.1338,12345
0,0.1338,12395
0,0.1338,12710
0,0.1338,12907
0,0.1338,13121
0,0.1338,18953
0,0.1338,21033
0,0.1338,38085
0,0.1338,521536
0,0.1338,523349
0,0.1338,530880
0,0.1338,531367
0,0.1338,800845
0,0.1338,914445
0,0.1339,10050
0,0.1339,13115
0,0.1339,16254
0,0.1339,16493
0,0.1339,16538
0,0.1339,17272
0,0.1339,25723
0,0.1339,29713
0,0.1339,40463
0,0.1339,74551
0,0.1339,512305
0,0.1339,514582
0,0.1339,518604
0,0.1339,800085
0,0.1339,801497
0,0.1339,818329
0,0.1339,902672
0,0.1340,10092
0,0.1340,10285
0,0.1340,12297
0,0.1340,12718
0,0.1340,14820
0,0.1340,16743
0,0.1340,19286
0,0.1340,21296
0,0.1340,21719
0,0.1340,23259
0,0.1340,23809
0,0.1340,32174
0,0.1340,34187
0,0.1340,516513
0,0.1340,521813
0,0.1340,903852
0,0.1341,10187
0,0.1341,13013
0,0.1341,13456
0,0.1341,15713
0,0.1341,16440
0,0.1341,16639
0,0.1341,19463
0,0.1341,21277
0,0.1341,27806
0,0.1341,32786
0,0.1341,47107
0,0.1341,50960
0,0.1341,71649
0,0.1341,513464
0,0.1341,519895
0,0.1341,531708
0,0.1341,537032
0,0.1342,10107
0,0.1342,11266
0,0.1342,12104
0,0.1342,12472
0,0.1342,12815
0,0.1342,13148
0,0.1342,15325
0,0.1342,15562
0,0.1342,15839
0,0.1342,16380
0,0.1342,16642
0,0.1342,20212
0,0.1342,27725
0,0.1342,30108
0,0.1342,40289
0,0.1342,71877
0,0.1342,124495
0,0.1342,520812
0,0.1342,523736
0,0.1342,800212
0,0.1342,802652
0,0.1343,10986
0,0.1343,13710
0,0.1343,18743
0,0.1343,20072
0,0.1343,29021
0,0.1343,32016
0,0.1343,38854
0,0.1343,63122
0,0.1343,76412
0,0.1343,83932
0,0.1343,100478
0,0.1343,105436
0,0.1343,526612
0,0.1343,555502
0,0.1343,558854
0,0.1344,10293
0,0.1344,11943
0,0.1344,13760
0,0.1344,13985
0,0.1344,14040
0,0.1344,14643
0,0.1344,16829
0,0.1344,17525
0,0.1344,18739
0,0.1344,19081
0,0.1344,24232
0,0.1344,26798
0,0.1344,56970
0,0.1344,511975
0,0.1344,513284
0,0.1344,519818
0,0.1344,520115
0,0.1344,521633
0,0.1344,525354
0,0.1344,801320
0,0.1344,841372881
0,0.1345,10514
0,0.1345,10539
0,0.1345,11423
0,0.1345,11945
0,0.1345,12091
0,0.1345,13740
0,0.1345,15890
0,0.1345,16110
0,0.1345,17909
0,0.1345,19720
0,0.1345,21400
0,0.1345,22791
0,0.1345,25773
0,0.1345,26136
0,0.1345,53078
0,0.1345,60624
0,0.1345,520792
0,0.1345,521635
0,0.1345,522809
0,0.1345,527588
0,0.1345,533470
0,0.1345,800392
0,0.1345,802028
0,0.1345,902874
0,0.1346,10855
0,0.1346,13450
0,0.1346,14434
0,0.1346,17389
0,0.1346,17532
0,0.1346,18217
0,0.1346,19327
0,0.1346,22122
0,0.1346,27524
0,0.1346,512314
0,0.1346,512513
0,0.1346,518513
0,0.1346,521409
0,0.1346,527350
0,0.1346,801193
0,0.1346,600700832
0,0.1347,10222
0,0.1347,16659
0,0.1347,18599
0,0.1347,23601
0,0.1347,24817
0,0.1347,27522
0,0.1347,164031
0,0.1347,515289
0,0.1347,523626
0,0.1347,523863
0,0.1347,525400
0,0.1347,533293
0,0.1347,801141
0,0.1347,904707
0,0.1347,374296357
0,0.1348,13428
0,0.1348,13559
0,0.1348,14881
0,0.1348,17726
0,0.1348,22899
0,0.1348,25210
0,0.1348,434891
0,0.1348,512750
0,0.1348,514997
0,0.1348,517548
0,0.1348,519050
0,0.1348,800041
0,0.1349,10661
0,0.1349,11416
0,0.1349,13551
0,0.1349,14509
0,0.1349,15059
0,0.1349,15510
0,0.1349,16127
0,0.1349,16689
0,0.1349,18712
0,0.1349,25137
0,0.1349,25939
0,0.1349,27341
0,0.1349,30477
0,0.1349,52191
0,0.1349,57935
0,0.1349,60466
0,0.1349,102545
0,0.1349,512928
0,0.1349,924883
0,0.1350,10433
0,0.1350,12333
0,0.1350,12854
0,0.1350,13498
0,0.1350,15304
0,0.1350,15904
0,0.1350,17835
0,0.1350,22463
0,0.1350,26666
0,0.1350,39503
0,0.1350,60946
0,0.1350,524655
0,0.1350,556502
0,0.1350,800606
0,0.1350,809737
0,0.1351,12621
0,0.1351,13080
0,0.1351,13982
0,0.1351,15539
0,0.1351,15858
0,0.1351,17420
0,0.1351,18915
0,0.1351,21646
0,0.1351,23009
0,0.1351,46159
0,0.1351,517512
0,0.1351,531583
0,0.1351,547701
0,0.1351,556347
0,0.1351,800022
0,0.1352,10138
0,0.1352,11113
0,0.1352,13151
0,0.1352,14224
0,0.1352,15398
0,0.1352,17386
0,0.1352,35978
0,0.1352,37942
0,0.1352,38706
0,0.1352,141016
0,0.1352,512319
0,0.1352,520439
0,0.1352,522734
0,0.1352,525510
0,0.1352,533946
0,0.1352,555342
0,0.1352,812884
0,0.1352,904537
0,0.1353,10852
0,0.1353,11699
0,0.1353,13406
0,0.1353,13669
0,0.1353,14089
0,0.1353,15393
0,0.1353,16506
0,0.1353,19224
0,0.1353,25381
0,0.1353,25763
0,0.1353,108860
0,0.1353,166528
0,0.1353,174420
0,0.1353,512328
0,0.1353,522974
0,0.1353,536264
0,0.1353,802566
0,0.1353,802887
0,0.1354,10959
0,0.1354,11371
0,0.1354,13158
0,0.1354,13301
0,0.1354,14385
0,0.1354,22441
0,0.1354,29908
0,0.1354,40983
0,0.1354,43445
0,0.1354,128709
0,0.1354,519144
0,0.1354,523564
0,0.1354,529411
0,0.1354,801137
0,0.1354,813104
0,0.1355,11005
0,0.1355,11064
0,0.1355,11607
0,0.1355,12500
0,0.1355,13303
0,0.1355,18120
0,0.1355,19255
0,0.1355,26287
0,0.1355,34223
0,0.1355,48125
0,0.1355,81228
0,0.1355,512903
0,0.1355,515966
0,0.1355,516695
0,0.1355,801164
0,0.1355,805532
0,0.1355,813076
0,0.1355,905871
0,0.1356,10150
0,0.1356,10185
0,0.1356,10617
0,0.1356,11634
0,0.1356,11785
0,0.1356,12083
0,0.1356,12398
0,0.1356,13475
0,0.1356,14009
0,0.1356,14299
0,0.1356,15436
0,0.1356,18109
0,0.1356,18980
0,0.1356,22084
0,0.1356,35450
0,0.1356,54597
0,0.1356,80808
0,0.1356,518777
0,0.1356,519132
0,0.1356,519705
0,0.1356,523675
0,0.1356,523786
0,0.1356,530449
0,0.1356,531557
0,0.1356,574357
0,0.1356,800183
0,0.1356,801210
0,0.1356,802860
0,0.1357,11199
0,0.1357,11254
0,0.1357,12547
0,0.1357,14223
0,0.1357,19283
0,0.1357,25045
0,0.1357,27331
0,0.1357,37842
0,0.1357,511828
0,0.1357,515675
0,0.1357,519363
0,0.1357,520034
0,0.1357,520581
0,0.1357,524073
0,0.1357,524968
0,0.1357,801401
0,0.1358,10816
0,0.1358,11053
0,0.1358,11214
0,0.1358,11806
0,0.1358,13442
0,0.1358,14255
0,0.1358,31735
0,0.1358,84758
0,0.1358,515575
0,0.1358,519331
0,0.1358,800269
0,0.1358,810694
0,0.1359,10249
0,0.1359,11540
0,0.1359,11563
0,0.1359,12429
0,0.1359,12923
0,0.1359,14093
0,0.1359,14327
0,0.1359,15440
0,0.1359,23382
0,0.1359,29364
0,0.1359,34801
0,0.1359,41746
0,0.1359,116166
0,0.1359,520533
0,0.1359,521126
0,0.1359,521814
0,0.1359,523600
0,0.1359,533667
0,0.1360,10494
0,0.1360,11338
0,0.1360,11586
0,0.1360,11819
0,0.1360,14610
0,0.1360,16399
0,0.1360,18779
0,0.1360,29535
0,0.1360,40213
0,0.1360,63923
0,0.1360,68889
0,0.1360,511857
0,0.1360,512927
0,0.1360,514230
0,0.1360,519332
0,0.1360,801125
0,0.1360,801267
0,0.1360,805227
0,0.1361,10041
0,0.1361,10110
0,0.1361,11631
0,0.1361,13237
0,0.1361,14397
0,0.1361,14414
0,0.1361,16029
0,0.1361,16880
0,0.1361,21687
0,0.1361,56449
0,0.1361,64301
0,0.1361,66209
0,0.1361,149390
0,0.1361,513499
0,0.1361,513551
0,0.1361,514045
0,0.1361,515811
0,0.1361,518690
0,0.1361,519328
0,0.1361,519365
0,0.1361,519514
0,0.1361,521129
0,0.1362,10202
0,0.1362,10307
0,0.1362,12742
0,0.1362,14523
0,0.1362,15616
0,0.1362,31788
0,0.1362,32967
0,0.1362,83968
0,0.1362,521236
0,0.1362,800344
0,0.1362,803195
0,0.1362,815445
0,0.1363,10133
0,0.1363,10614
0,0.1363,12506
0,0.1363,14412
0,0.1363,14954
0,0.1363,14989
0,0.1363,15176
0,0.1363,15361
0,0.1363,18688
0,0.1363,22113
0,0.1363,41715
0,0.1363,46687
0,0.1363,78630
0,0.1363,511816
0,0.1363,514952
0,0.1363,515026
0,0.1363,519715
0,0.1363,521352
0,0.1363,800335
0,0.1363,800747
0,0.1363,811204
0,0.1363,427967297
0,0.1364,10376
0,0.1364,11180
0,0.1364,11238
0,0.1364,13312
0,0.1364,15273
0,0.1364,15888
0,0.1364,16051
0,0.1364,16794
0,0.1364,17220
0,0.1364,20062
0,0.1364,20418
0,0.1364,23513
0,0.1364,24843
0,0.1364,29135
0,0.1364,30313
0,0.1364,154212
0,0.1364,513463
0,0.1364,519399
0,0.1364,520560
0,0.1364,531768
0,0.1364,800132
0,0.1364,800398
0,0.1364,800546
0,0.1364,802166
0,0.1364,802613
0,0.1364,803873
0,0.1364,939958
0,0.1365,10099
0,0.1365,10180
0,0.1365,10243
0,0.1365,10414
0,0.1365,10513
0,0.1365,12347
0,0.1365,12781
0,0.1365,14424
0,0.1365,15423
0,0.1365,17173
0,0.1365,20545
0,0.1365,42083
0,0.1365,45427
0,0.1365,48491
0,0.1365,511841
0,0.1365,519230
0,0.1365,521241
0,0.1365,523533
0,0.1365,556346
0,0.1365,809085
0,0.1366,11485
0,0.1366,12696
0,0.1366,12730
0,0.1366,13815
0,0.1366,16438
0,0.1366,22419
0,0.1366,23762
0,0.1366,122745
0,0.1366,146366
0,0.1366,514988
0,0.1366,801002
0,0.1367,10365
0,0.1367,11908
0,0.1367,13397
0,0.1367,14330
0,0.1367,14461
0,0.1367,14507
0,0.1367,16180
0,0.1367,16579
0,0.1367,22446
0,0.1367,22706
0,0.1367,23167
0,0.1367,24702
0,0.1367,28093
0,0.1367,30233
0,0.1367,33638
0,0.1367,48914
0,0.1367,58999
0,0.1367,69319
0,0.1367,113924
0,0.1367,152496
0,0.1367,513283
0,0.1367,522828
0,0.1367,523776
0,0.1367,534301
0,0.1367,941298
0,0.1368,10175
0,0.1368,10515
0,0.1368,11303
0,0.1368,12239
0,0.1368,13310
0,0.1368,14190
0,0.1368,19253
0,0.1368,24788
0,0.1368,136159
0,0.1368,519398
0,0.1368,520367
0,0.1368,520641
0,0.1368,524518
0,0.1368,803210
0,0.1369,10447
0,0.1369,10969
0,0.1369,12140
0,0.1369,12358
0,0.1369,12812
0,0.1369,15412
0,0.1369,18932
0,0.1369,20818
0,0.1369,20923
0,0.1369,32675
0,0.1369,32762
0,0.1369,38858
0,0.1369,39294
0,0.1369,168670
0,0.1369,513354
0,0.1369,513649
0,0.1369,521256
0,0.1369,521444
0,0.1369,556286
0,0.1369,800042
0,0.1369,800062
0,0.1369,879469321
0,0.1370,10799
0,0.1370,10868
0,0.1370,10879
0,0.1370,12108
0,0.1370,17276
0,0.1370,19189
0,0.1370,23325
0,0.1370,24184
0,0.1370,25713
0,0.1370,28160
0,0.1370,29322
0,0.1370,31719
0,0.1370,53618
0,0.1370,94433
0,0.1370,512459
0,0.1370,519140
0,0.1370,520341
0,0.1371,10100
0,0.1371,10499
0,0.1371,10691
0,0.1371,11142
0,0.1371,11701
0,0.1371,11937
0,0.1371,13229
0,0.1371,13289
0,0.1371,16553
0,0.1371,16687
0,0.1371,18419
0,0.1371,18823
0,0.1371,23703
0,0.1371,27596
0,0.1371,35324
0,0.1371,37125
0,0.1371,513033
0,0.1371,513376
0,0.1371,515757
0,0.1371,516886
0,0.1371,519720
0,0.1371,522387
0,0.1371,524361
0,0.1371,802891
0,0.1371,803160
0,0.1372,10776
0,0.1372,11103
0,0.1372,11217
0,0.1372,12355
0,0.1372,12635
0,0.1372,14499
0,0.1372,15224
0,0.1372,16540
0,0.1372,18883
0,0.1372,30935
0,0.1372,36947
0,0.1372,51159
0,0.1372,56877
0,0.1372,70486
0,0.1372,72491
0,0.1372,80867
0,0.1372,123422
0,0.1372,173920
0,0.1372,515844
0,0.1372,520573
0,0.1372,525408
0,0.1372,527585
0,0.1372,800446
0,0.1372,926154
0,0.1373,10264
0,0.1373,11447
0,0.1373,11503
0,0.1373,12606
0,0.1373,12670
0,0.1373,13778
0,0.1373,13880
0,0.1373,18226
0,0.1373,21932
0,0.1373,23273
0,0.1373,25859
0,0.1373,30955
0,0.1373,38413
0,0.1373,40045
0,0.1373,46073
0,0.1373,85527
0,0.1373,86750
0,0.1373,119860
0,0.1373,131748
0,0.1373,519461
0,0.1373,523482
0,0.1373,547689
0,0.1373,801970
0,0.1373,802097
0,0.1373,904736
0,0.1373,319204020
0,0.1374,10184
0,0.1374,10356
0,0.1374,10432
0,0.1374,10748
0,0.1374,11061
0,0.1374,11155
0,0.1374,11425
0,0.1374,12008
0,0.1374,12657
0,0.1374,14311
0,0.1374,14542
0,0.1374,16072
0,0.1374,16465
0,0.1374,16819
0,0.1374,18069
0,0.1374,18744
0,0.1374,19104
0,0.1374,31633
0,0.1374,40390
0,0.1374,50132
0,0.1374,55013
0,0.1374,137459
0,0.1374,489781
0,0.1374,520188
0,0.1374,520210
0,0.1374,523506
0,0.1374,524483
0,0.1375,10078
0,0.1375,11373
0,0.1375,12037
0,0.1375,12336
0,0.1375,15939
0,0.1375,16671
0,0.1375,18437
0,0.1375,18508
0,0.1375,18838
0,0.1375,19036
0,0.1375,19290
0,0.1375,25403
0,0.1375,33232
0,0.1375,35532
0,0.1375,35558
0,0.1375,514344
0,0.1375,803732
0,0.1375,804835
0,0.1375,916162
0,0.1376,11021
0,0.1376,11152
0,0.1376,11750
0,0.1376,11795
0,0.1376,11874
0,0.1376,12067
0,0.1376,14640
0,0.1376,22092
0,0.1376,22884
0,0.1376,25312
0,0.1376,76194
0,0.1376,222611
0,0.1376,515357
0,0.1376,515950
0,0.1376,529641
0,0.1376,530874
0,0.1376,571495
0,0.1376,801239
0,0.1377,10497
0,0.1377,11600
0,0.1377,13537
0,0.1377,13969
0,0.1377,14023
0,0.1377,14727
0,0.1377,15163
0,0.1377,16986
0,0.1377,17454
0,0.1377,18156
0,0.1377,19760
0,0.1377,43096
0,0.1377,50424
0,0.1377,53086
0,0.1377,803193
0,0.1377,932322
0,0.1377,936838
0,0.1378,10303
0,0.1378,10314
0,0.1378,11048
0,0.1378,11832
0,0.1378,12232
0,0.1378,15578
0,0.1378,16599
0,0.1378,17485
0,0.1378,21053
0,0.1378,21366
0,0.1378,33038
0,0.1378,36524
0,0.1378,38835
0,0.1378,162461
0,0.1378,516110
0,0.1378,517601
0,0.1378,520817
0,0.1378,529385
0,0.1378,800030
0,0.1378,800184
0,0.1378,804274
0,0.1378,814430
0,0.1379,10072
0,0.1379,10187
0,0.1379,11192
0,0.1379,11326
0,0.1379,11664
0,0.1379,13317
0,0.1379,14304
0,0.1379,19478
0,0.1379,20831
0,0.1379,25100
0,0.1379,34949
0,0.1379,42332
0,0.1379,51506
0,0.1379,98157
0,0.1379,512042
0,0.1379,520338
0,0.1379,520895
0,0.1379,531425
0,0.1379,533368
0,0.1379,559554
0,0.1380,10289
0,0.1380,10295
0,0.1380,10370
0,0.1380,10658
0,0.1380,10683
0,0.1380,10735
0,0.1380,11495
0,0.1380,11614
0,0.1380,11896
0,0.1380,13219
0,0.1380,16360
0,0.1380,17938
0,0.1380,35743
0,0.1380,40888
0,0.1380,44217
0,0.1380,92871
0,0.1380,513401
0,0.1380,514125
0,0.1380,514405
0,0.1380,801530
0,0.1381,10462
0,0.1381,10825
0,0.1381,11075
0,0.1381,11663
0,0.1381,11846
0,0.1381,12532
0,0.1381,13872
0,0.1381,14188
0,0.1381,15399
0,0.1381,17639
0,0.1381,18504
0,0.1381,18678
0,0.1381,22870
0,0.1381,25792
0,0.1381,30504
0,0.1381,37142
0,0.1381,38272
0,0.1381,513550
0,0.1381,514596
0,0.1381,520900
0,0.1381,800536
0,0.1381,801404
0,0.1381,808183
0,0.1381,904983
0,0.1382,10120
0,0.1382,10652
0,0.1382,10820
0,0.1382,11507
0,0.1382,13287
0,0.1382,14464
0,0.1382,15212
0,0.1382,23281
0,0.1382,24382
0,0.1382,52528
0,0.1382,81710
0,0.1382,114715
0,0.1382,511823
0,0.1382,525062
0,0.1382,800703
0,0.1382,801895
0,0.1382,908747
0,0.1383,10241
0,0.1383,10510
0,0.1383,11255
0,0.1383,12298
0,0.1383,12855
0,0.1383,13221
0,0.1383,13363
0,0.1383,18054
0,0.1383,20007
0,0.1383,22185
0,0.1383,26417
0,0.1383,27296
0,0.1383,28010
0,0.1383,29445
0,0.1383,32258
0,0.1383,68183
0,0.1383,86523
0,0.1383,518220
0,0.1383,521360
0,0.1383,532909
0,0.1383,800594
0,0.1383,805489
0,0.1383,814115
0,0.1383,905303
0,0.1384,10236
0,0.1384,10252
0,0.1384,10687
0,0.1384,11690
0,0.1384,12900
0,0.1384,13218
0,0.1384,14976
0,0.1384,16537
0,0.1384,18125
0,0.1384,19982
0,0.1384,30446
0,0.1384,36423
0,0.1384,37474
0,0.1384,50975
0,0.1384,64607
0,0.1384,194213
0,0.1384,200284
0,0.1384,303314
0,0.1384,524136
0,0.1384,559141
0,0.1384,802385
0,0.1384,903561
0,0.1385,10290
0,0.1385,10299
0,0.1385,12225
0,0.1385,12388
0,0.1385,12817
0,0.1385,13007
0,0.1385,14790
0,0.1385,15635
0,0.1385,17825
0,0.1385,21671
0,0.1385,22799
0,0.1385,27372
0,0.1385,30310
0,0.1385,37433
0,0.1385,40768
0,0.1385,40798
0,0.1385,99346
0,0.1385,107008
0,0.1385,148515
0,0.1385,513646
0,0.1385,518578
0,0.1385,520435
0,0.1385,531732
0,0.1385,902294
0,0.1386,10057
0,0.1386,11186
0,0.1386,11311
0,0.1386,14472
0,0.1386,17354
0,0.1386,28791
0,0.1386,29205
0,0.1386,33842
0,0.1386,37630
0,0.1386,38914
0,0.1386,45192
0,0.1386,58394
0,0.1386,72274
0,0.1386,83052
0,0.1386,105709
0,0.1386,512390
0,0.1386,515933
0,0.1386,535347
0,0.1386,801609
0,0.1386,805165
0,0.1386,902492
0,0.1387,10147
0,0.1387,11022
0,0.1387,12993
0,0.1387,13259
0,0.1387,16587
0,0.1387,16781
0,0.1387,17630
0,0.1387,19118
0,0.1387,23249
0,0.1387,29458
0,0.1387,32262
0,0.1387,34628
0,0.1387,34826
0,0.1387,37265
0,0.1387,40617
0,0.1387,56362
0,0.1387,67889
0,0.1387,88944
0,0.1387,511821
0,0.1387,512077
0,0.1387,512858
0,0.1387,514324
0,0.1387,521459
0,0.1387,522992
0,0.1387,523636
0,0.1387,801452
0,0.1387,801459
0,0.1388,10101
0,0.1388,10210
0,0.1388,11779
0,0.1388,12423
0,0.1388,12503
0,0.1388,13167
0,0.1388,13707
0,0.1388,15768
0,0.1388,16402
0,0.1388,16959
0,0.1388,37859
0,0.1388,44903
0,0.1388,60175
0,0.1388,515230
0,0.1388,521059
0,0.1388,533431
0,0.1388,802402
0,0.1388,902275
0,0.1388,906612
0,0.1389,10548
0,0.1389,10997
0,0.1389,11013
0,0.1389,11319
0,0.1389,11466
0,0.1389,12802
0,0.1389,13327
0,0.1389,13585
0,0.1389,23619
0,0.1389,25236
0,0.1389,30164
0,0.1389,33444
0,0.1389,36492
0,0.1389,42588
0,0.1389,71547
0,0.1389,89191
0,0.1389,137497
0,0.1389,146588
0,0.1389,148726
0,0.1389,235061
0,0.1389,519000
0,0.1389,524761
0,0.1389,533103
0,0.1389,800073
0,0.1389,803048
0,0.1389,905792
0,0.1390,10318
0,0.1390,10368
0,0.1390,10624
0,0.1390,11577
0,0.1390,11665
0,0.1390,12104
0,0.1390,13991
0,0.1390,16493
0,0.1390,17751
0,0.1390,27937
0,0.1390,29116
0,0.1390,30873
0,0.1390,39753
0,0.1390,533590
0,0.1390,549229
0,0.1390,800911
0,0.1390,932796
0,0.1391,10226
0,0.1391,11423
0,0.1391,12033
0,0.1391,12055
0,0.1391,12747
0,0.1391,12933
0,0.1391,13773
0,0.1391,14756
0,0.1391,14840
0,0.1391,17958
0,0.1391,19334
0,0.1391,19569
0,0.1391,32053
0,0.1391,39880
0,0.1391,48638
0,0.1391,58730
0,0.1391,61398
0,0.1391,98544
0,0.1391,512513
0,0.1391,801998
0,0.1391,1050014552
0,0.1392,10255
0,0.1392,10323
0,0.1392,10566
0,0.1392,10677
0,0.1392,11302
0,0.1392,11529
0,0.1392,11717
0,0.1392,12109
0,0.1392,12319
0,0.1392,14766
0,0.1392,15250
0,0.1392,16706
0,0.1392,21416
0,0.1392,25255
0,0.1392,29952
0,0.1392,41598
0,0.1392,58834
0,0.1392,71503
0,0.1392,518194
0,0.1392,530460
0,0.1392,800056
0,0.1392,804158
0,0.1392,936810
0,0.1393,11280
0,0.1393,12327
0,0.1393,16309
0,0.1393,17177
0,0.1393,20774
0,0.1393,21353
0,0.1393,24142
0,0.1393,37511
0,0.1393,67789
0,0.1393,69544
0,0.1393,519131
0,0.1393,522815
0,0.1393,529419
0,0.1393,531137
0,0.1393,802955
0,0.1393,803860
0,0.1393,803982
0,0.1393,806387
0,0.1393,600700832
0,0.1394,10278
0,0.1394,10887
0,0.1394,11312
0,0.1394,11893
0,0.1394,15458
0,0.1394,16659
0,0.1394,17156
0,0.1394,19135
0,0.1394,20468
0,0.1394,25038
0,0.1394,33224
0,0.1394,38315
0,0.1394,516256
0,0.1394,518721
0,0.1394,519616
0,0.1394,524604
0,0.1394,524717
0,0.1394,800696
0,0.1394,801976
0,0.1394,813201
0,0.1395,10050
0,0.1395,10639
0,0.1395,11030
0,0.1395,12046
0,0.1395,12151
0,0.1395,12654
0,0.1395,13217
0,0.1395,14871
0,0.1395,16754
0,0.1395,17065
0,0.1395,17477
0,0.1395,17861
0,0.1395,29436
0,0.1395,32257
0,0.1395,32825
0,0.1395,33598
0,0.1395,42483
0,0.1395,222777
0,0.1395,513769
0,0.1395,522762
0,0.1395,523379
0,0.1395,543506
0,0.1395,801684
0,0.1395,801816
0,0.1396,10080
0,0.1396,10550
0,0.1396,11497
0,0.1396,11784
0,0.1396,12811
0,0.1396,13428
0,0.1396,15674
0,0.1396,16554
0,0.1396,16734
0,0.1396,16879
0,0.1396,24741
0,0.1396,31681
0,0.1396,35503
0,0.1396,49672
0,0.1396,51682
0,0.1396,98698
0,0.1396,512307
0,0.1396,514547
0,0.1396,514708
0,0.1396,519129
0,0.1396,519262
0,0.1396,519454
0,0.1396,800838
0,0.1396,803215
0,0.1396,805925
0,0.1397,10914
0,0.1397,13607
0,0.1397,13667
0,0.1397,14765
0,0.1397,14881
0,0.1397,17024
0,0.1397,19274
0,0.1397,19616
0,0.1397,20715
0,0.1397,22240
0,0.1397,25939
0,0.1397,27893
0,0.1397,29713
0,0.1397,32393
0,0.1397,800157
0,0.1397,800718
0,0.1398,10035
0,0.1398,10099
0,0.1398,10531
0,0.1398,10839
0,0.1398,11131
0,0.1398,11508
0,0.1398,11585
0,0.1398,12259
0,0.1398,12506
0,0.1398,12809
0,0.1398,14686
0,0.1398,14827
0,0.1398,15514
0,0.1398,17175
0,0.1398,18601
0,0.1398,22080
0,0.1398,24874
0,0.1398,27210
0,0.1398,51555
0,0.1398,52443
0,0.1398,88342
0,0.1398,511999
0,0.1398,512930
0,0.1398,524755
0,0.1398,533748
0,0.1398,557904
0,0.1398,559506
0,0.1398,581422
0,0.1398,801295
0,0.1399,10107
0,0.1399,10612
0,0.1399,11029
0,0.1399,11252
0,0.1399,11673
0,0.1399,12411
0,0.1399,12510
0,0.1399,13877
0,0.1399,14552
0,0.1399,14611
0,0.1399,18020
0,0.1399,23479
0,0.1399,36295
0,0.1399,37981
0,0.1399,42372
0,0.1399,49947
0,0.1399,61273
0,0.1399,513464
0,0.1399,526298
0,0.1399,527653
0,0.1399,800203
0,0.1399,903026
0,0.1400,11017
0,0.1400,11188
0,0.1400,11671
0,0.1400,11688
0,0.1400,11849
0,0.1400,11877
0,0.1400,12455
0,0.1400,13450
0,0.1400,20158
0,0.1400,21904
0,0.1400,23602
0,0.1400,24608
0,0.1400,27767
0,0.1400,30371
0,0.1400,32315
0,0.1400,34452
0,0.1400,52728
0,0.1400,516369
0,0.1400,521234
0,0.1400,521536
0,0.1400,530880
0,0.1400,531862
0,0.1400,534477
0,0.1401,10011
0,0.1401,10168
0,0.1401,10967
0,0.1401,11318
0,0.1401,11375
0,0.1401,11947
0,0.1401,13559
0,0.1401,14434
0,0.1401,14463
0,0.1401,14869
0,0.1401,15170
0,0.1401,20945
0,0.1401,24450
0,0.1401,28816
0,0.1401,40047
0,0.1401,48335
0,0.1401,67174
0,0.1401,517548
0,0.1401,523564
0,0.1401,527048
0,0.1401,803013
0,0.1401,805244
0,0.1401,811898
0,0.1402,10265
0,0.1402,10480
0,0.1402,10539
0,0.1402,10603
0,0.1402,10974
0,0.1402,13724
0,0.1402,14362
0,0.1402,15028
0,0.1402,17691
0,0.1402,23601
0,0.1402,27682
0,0.1402,36704
0,0.1402,44851
0,0.1402,54534
0,0.1402,59776
0,0.1402,517512
0,0.1402,518604
0,0.1402,519046
0,0.1402,521092
0,0.1402,527588
0,0.1402,532056
0,0.1402,800412
0,0.1402,800890
0,0.1402,802461
0,0.1402,834861
0,0.1402,155143464
0,0.1403,10189
0,0.1403,10190
0,0.1403,10725
0,0.1403,11989
0,0.1403,13442
0,0.1403,13698
0,0.1403,13794
0,0.1403,16910
0,0.1403,17356
0,0.1403,17379
0,0.1403,20538
0,0.1403,25638
0,0.1403,44816
0,0.1403,61243
0,0.1403,512319
0,0.1403,513364
0,0.1403,515015
0,0.1403,517202
0,0.1403,519371
0,0.1403,527599
0,0.1403,529318
0,0.1403,802884
0,0.1403,808456
0,0.1403,906412
0,0.1403,908183
0,0.1404,10446
0,0.1404,10917
0,0.1404,12159
0,0.1404,13864
0,0.1404,14449
0,0.1404,16175
0,0.1404,17419
0,0.1404,21122
0,0.1404,22085
0,0.1404,23232
0,0.1404,25184
0,0.1404,27132
0,0.1404,38706
0,0.1404,41428
0,0.1404,78782
0,0.1404,101652
0,0.1404,489781
0,0.1404,513284
0,0.1404,515760
0,0.1404,517059
0,0.1404,532079
0,0.1404,555837
0,0.1404,801677
0,0.1404,801755
0,0.1404,807924
0,0.1405,10845
0,0.1405,12405
0,0.1405,12720
0,0.1405,15616
0,0.1405,15789
0,0.1405,16275
0,0.1405,16645
0,0.1405,18182
0,0.1405,18246
0,0.1405,21554
0,0.1405,25314
0,0.1405,41913
0,0.1405,47271
0,0.1405,97311
0,0.1405,514696
0,0.1405,529841
0,0.1405,807799
0,0.1405,814010
0,0.1405,905003
0,0.1405,932684
0,0.1406,10041
0,0.1406,10394
0,0.1406,10696
0,0.1406,11012
0,0.1406,11944
0,0.1406,12144
0,0.1406,13985
0,0.1406,14200
0,0.1406,14387
0,0.1406,14733
0,0.1406,15886
0,0.1406,15924
0,0.1406,15997
0,0.1406,16260
0,0.1406,16350
0,0.1406,16440
0,0.1406,17931
0,0.1406,21644
0,0.1406,22291
0,0.1406,27983
0,0.1406,33050
0,0.1406,36384
0,0.1406,45628
0,0.1406,69938
0,0.1406,87111
0,0.1406,512273
0,0.1406,514045
0,0.1406,532800
0,0.1406,800605
0,0.1406,909612
0,0.1407,10102
0,0.1407,10110
0,0.1407,10138
0,0.1407,13087
0,0.1407,14137
0,0.1407,14140
0,0.1407,16432
0,0.1407,16948
0,0.1407,19751
0,0.1407,21568
0,0.1407,25328
0,0.1407,34900
0,0.1407,50952
0,0.1407,83143
0,0.1407,104220
0,0.1407,383941
0,0.1407,512314
0,0.1407,514546
0,0.1407,520812
0,0.1407,537032
0,0.1407,540077
0,0.1407,803599
0,0.1408,10949
0,0.1408,11618
0,0.1408,11723
0,0.1408,11802
0,0.1408,12318
0,0.1408,12584
0,0.1408,12777
0,0.1408,13013
0,0.1408,13360
0,0.1408,15226
0,0.1408,15713
0,0.1408,19999
0,0.1408,32392
0,0.1408,32959
0,0.1408,511778
0,0.1408,512927
0,0.1408,513460
0,0.1408,514863
0,0.1408,515091
0,0.1408,521374
0,0.1408,521763
0,0.1408,521814
0,0.1408,800816
0,0.1408,801193
0,0.1408,811652
0,0.1409,10121
0,0.1409,10385
0,0.1409,11036
0,0.1409,12333
0,0.1409,12443
0,0.1409,13157
0,0.1409,16117
0,0.1409,18779
0,0.1409,23325
0,0.1409,511882
0,0.1409,512928
0,0.1409,558854
0,0.1409,802544
0,0.1409,903570
0,0.1409,1050045395
0,0.1410,10428
0,0.1410,11027
0,0.1410,11710
0,0.1410,11796
0,0.1410,11902
0,0.1410,12272
0,0.1410,12902
0,0.1410,15495
0,0.1410,17902
0,0.1410,18391
0,0.1410,21204
0,0.1410,43756
0,0.1410,58481
0,0.1410,84942
0,0.1410,114858
0,0.1410,521626
0,0.1410,530702
0,0.1410,902501
0,0.1411,10167
0,0.1411,10169
0,0.1411,10332
0,0.1411,10387
0,0.1411,13115
0,0.1411,13760
0,0.1411,15041
0,0.1411,15117
0,0.1411,23701
0,0.1411,31911
0,0.1411,46409
0,0.1411,64399
0,0.1411,71991
0,0.1411,516359
0,0.1411,520817
0,0.1411,524470
0,0.1411,529603
0,0.1411,841372881
0,0.1412,10033
0,0.1412,10172
0,0.1412,10495
0,0.1412,10638
0,0.1412,11270
0,0.1412,11969
0,0.1412,13079
0,0.1412,13117
0,0.1412,13830
0,0.1412,14486
0,0.1412,16339
0,0.1412,16430
0,0.1412,16673
0,0.1412,16794
0,0.1412,18321
0,0.1412,28123
0,0.1412,34715
0,0.1412,41054
0,0.1412,512534
0,0.1412,520390
0,0.1412,521745
0,0.1412,524655
0,0.1412,530635
0,0.1412,800244
0,0.1412,802543
0,0.1412,803129
0,0.1413,10312
0,0.1413,10663
0,0.1413,10693
0,0.1413,10969
0,0.1413,11021
0,0.1413,11368
0,0.1413,11836
0,0.1413,13184
0,0.1413,14294
0,0.1413,14399
0,0.1413,15110
0,0.1413,15274
0,0.1413,15351
0,0.1413,16323
0,0.1413,16989
0,0.1413,20185
0,0.1413,24708
0,0.1413,29637
0,0.1413,33168
0,0.1413,57935
0,0.1413,516565
0,0.1413,519862
0,0.1413,808106
0,0.1413,932321
0,0.1414,10330
0,0.1414,11768
0,0.1414,14194
0,0.1414,14918
0,0.1414,15932
0,0.1414,25045
0,0.1414,30792
0,0.1414,66752
0,0.1414,88874
0,0.1414,519347
0,0.1414,522752
0,0.1414,522753
0,0.1414,800307
0,0.1414,800438
0,0.1414,801350
0,0.1414,934899
0,0.1415,10114
0,0.1415,10232
0,0.1415,10322
0,0.1415,10834
0,0.1415,11900
0,0.1415,12088
0,0.1415,14736
0,0.1415,15362
0,0.1415,28681
0,0.1415,42404
0,0.1415,91333
0,0.1415,111004
0,0.1415,513283
0,0.1415,515167
0,0.1415,520621
0,0.1415,520820
0,0.1415,524067
0,0.1415,524643
0,0.1415,548337
0,0.1415,806153
0,0.1415,807148
0,0.1415,725764894
0,0.1416,13432
0,0.1416,14127
0,0.1416,15310
0,0.1416,16273
0,0.1416,16955
0,0.1416,20664
0,0.1416,21688
0,0.1416,22440
0,0.1416,23197
0,0.1416,24580
0,0.1416,25273
0,0.1416,27111
0,0.1416,30181
0,0.1416,64180
0,0.1416,73397
0,0.1416,521409
0,0.1416,531768
0,0.1416,534361
0,0.1416,555340
0,0.1416,556347
0,0.1416,801453
0,0.1417,10707
0,0.1417,13860
0,0.1417,14207
0,0.1417,15364
0,0.1417,16194
0,0.1417,18937
0,0.1417,100294
0,0.1417,523372
0,0.1417,555342
0,0.1417,800112
0,0.1417,803592
0,0.1417,806303
0,0.1417,818234
0,0.1418,11420
0,0.1418,16008
0,0.1418,19827
0,0.1418,20319
0,0.1418,21702
0,0.1418,33067
0,0.1418,33562
0,0.1418,45745
0,0.1418,45839
0,0.1418,45969
0,0.1418,53190
0,0.1418,126642
0,0.1418,195264
0,0.1418,806760
0,0.1418,808130
0,0.1418,317223538
0,0.1419,11094
0,0.1419,11146
0,0.1419,11402
0,0.1419,12095
0,0.1419,16087
0,0.1419,18419
0,0.1419,19486
0,0.1419,20818
0,0.1419,55630
0,0.1419,56032
0,0.1419,57514
0,0.1419,125991
0,0.1419,511757
0,0.1419,512608
0,0.1419,801061
0,0.1419,801189
0,0.1419,804556
0,0.1420,10222
0,0.1420,13984
0,0.1420,15290
0,0.1420,15704
0,0.1420,23212
0,0.1420,24558
0,0.1420,30401
0,0.1420,30807
0,0.1420,35058
0,0.1420,38975
0,0.1420,53414
0,0.1420,70651
0,0.1420,154359
0,0.1420,522465
0,0.1421,10003
0,0.1421,10108
0,0.1421,10338
0,0.1421,10642
0,0.1421,11856
0,0.1421,11967
0,0.1421,12358
0,0.1421,13371
0,0.1421,13650
0,0.1421,14276
0,0.1421,15021
0,0.1421,17180
0,0.1421,19760
0,0.1421,50397
0,0.1421,112103
0,0.1421,174420
0,0.1421,515578
0,0.1421,800411
0,0.1421,801102
0,0.1422,10294
0,0.1422,10912
0,0.1422,11170
0,0.1422,11532
0,0.1422,11638
0,0.1422,14259
0,0.1422,15587
0,0.1422,18118
0,0.1422,21128
0,0.1422,24382
0,0.1422,49464
0,0.1422,68889
0,0.1422,69072
0,0.1422,71611
0,0.1422,514997
0,0.1422,522974
0,0.1422,530449
0,0.1422,801210
0,0.1423,10027
0,0.1423,10807
0,0.1423,11208
0,0.1423,11908
0,0.1423,12158
0,0.1423,12947
0,0.1423,13025
0,0.1423,13628
0,0.1423,16075
0,0.1423,18911
0,0.1423,19189
0,0.1423,21191
0,0.1423,21563
0,0.1423,24136
0,0.1423,34680
0,0.1423,40390
0,0.1423,45024
0,0.1423,48491
0,0.1423,54440
0,0.1423,520115
0,0.1423,802315
0,0.1424,10204
0,0.1424,10468
0,0.1424,10537
0,0.1424,10822
0,0.1424,11070
0,0.1424,11199
0,0.1424,11806
0,0.1424,11982
0,0.1424,12091
0,0.1424,12413
0,0.1424,14215
0,0.1424,15176
0,0.1424,16129
0,0.1424,16579
0,0.1424,17245
0,0.1424,23273
0,0.1424,38216
0,0.1424,38268
0,0.1424,39813
0,0.1424,49627
0,0.1424,77014
0,0.1424,519895
0,0.1424,520217
0,0.1424,521240
0,0.1424,523923
0,0.1424,529259
0,0.1424,529385
0,0.1424,805606
0,0.1424,806667
0,0.1425,10150
0,0.1425,10448
0,0.1425,10545
0,0.1425,12650
0,0.1425,13307
0,0.1425,17086
0,0.1425,17726
0,0.1425,21296
0,0.1425,23575
0,0.1425,26287
0,0.1425,29340
0,0.1425,36234
0,0.1425,53384
0,0.1425,62156
0,0.1425,96106
0,0.1425,518386
0,0.1425,519443
0,0.1425,807808
0,0.1425,906554
0,0.1426,10061
0,0.1426,10094
0,0.1426,10205
0,0.1426,10371
0,0.1426,10981
0,0.1426,14438
0,0.1426,15765
0,0.1426,15925
0,0.1426,17892
0,0.1426,19036
0,0.1426,19191
0,0.1426,29207
0,0.1426,30641
0,0.1426,32258
0,0.1426,48096
0,0.1426,512236
0,0.1426,517602
0,0.1426,529349
0,0.1426,800254
0,0.1426,802224
0,0.1426,802421
0,0.1426,805639
0,0.1427,10109
0,0.1427,12493
0,0.1427,13317
0,0.1427,15891
0,0.1427,16139
0,0.1427,16687
0,0.1427,19308
0,0.1427,26417
0,0.1427,35912
0,0.1427,36751
0,0.1427,36918
0,0.1427,55527
0,0.1427,144787
0,0.1427,511828
0,0.1427,515460
0,0.1427,519818
0,0.1427,523349
0,0.1427,524968
0,0.1427,805447
0,0.1428,10826
0,0.1428,11003
0,0.1428,12813
0,0.1428,12943
0,0.1428,15273
0,0.1428,17408
0,0.1428,24597
0,0.1428,24656
0,0.1428,25797
0,0.1428,35474
0,0.1428,45722
0,0.1428,76194
0,0.1428,522387
0,0.1428,523657
0,0.1428,523675
0,0.1428,574147
0,0.1428,802252
0,0.1429,10932
0,0.1429,12398
0,0.1429,15494
0,0.1429,15602
0,0.1429,17790
0,0.1429,18044
0,0.1429,18744
0,0.1429,18932
0,0.1429,19158
0,0.1429,22006
0,0.1429,24542
0,0.1429,32616
0,0.1429,39399
0,0.1429,46341
0,0.1429,59387
0,0.1429,115704
0,0.1429,520087
0,0.1429,520182
0,0.1429,525306
0,0.1429,533751
0,0.1429,801085
0,0.1429,803757
0,0.1430,10099
0,0.1430,10269
0,0.1430,10341
0,0.1430,10646
0,0.1430,11929
0,0.1430,12139
0,0.1430,12506
0,0.1430,12565
0,0.1430,12686
0,0.1430,12854
0,0.1430,13568
0,0.1430,15051
0,0.1430,16761
0,0.1430,17143
0,0.1430,17909
0,0.1430,19452
0,0.1430,24232
0,0.1430,24614
0,0.1430,31839
0,0.1430,33032
0,0.1430,35128
0,0.1430,42374
0,0.1430,94433
0,0.1430,215209
0,0.1430,516110
0,0.1430,524074
0,0.1430,524902
0,0.1430,555383
0,0.1430,804435
0,0.1431,10414
0,0.1431,10553
0,0.1431,11825
0,0.1431,13026
0,0.1431,13640
0,0.1431,16643
0,0.1431,19110
0,0.1431,29093
0,0.1431,36470
0,0.1431,42997
0,0.1431,50228
0,0.1431,50965
0,0.1431,54572
0,0.1431,57240
0,0.1431,63939
0,0.1431,175572
0,0.1431,512887
0,0.1431,521241
0,0.1431,521538
0,0.1431,523863
0,0.1431,805596
0,0.1432,10100
0,0.1432,11163
0,0.1432,11699
0,0.1432,12131
0,0.1432,12228
0,0.1432,14461
0,0.1432,15680
0,0.1432,21527
0,0.1432,37929
0,0.1432,43398
0,0.1432,810209
0,0.1433,12181
0,0.1433,14912
0,0.1433,15457
0,0.1433,18963
0,0.1433,25970
0,0.1433,26412
0,0.1433,26607
0,0.1433,35635
0,0.1433,57797
0,0.1433,517256
0,0.1433,522746
0,0.1433,555259
0,0.1433,802681
0,0.1433,600700832
0,0.1434,11142
0,0.1434,11351
0,0.1434,12006
0,0.1434,15719
0,0.1434,18325
0,0.1434,23341
0,0.1434,24634
0,0.1434,24681
0,0.1434,27341
0,0.1434,28469
0,0.1434,29939
0,0.1434,32772
0,0.1434,36137
0,0.1434,125550
0,0.1434,209688
0,0.1434,507633
0,0.1434,514028
0,0.1434,521236
0,0.1434,549508
0,0.1434,555498
0,0.1434,806898
0,0.1435,10185
0,0.1435,11495
0,0.1435,11903
0,0.1435,12718
0,0.1435,17694
0,0.1435,19718
0,0.1435,21263
0,0.1435,21921
0,0.1435,30352
0,0.1435,35743
0,0.1435,39253
0,0.1435,42241
0,0.1435,49002
0,0.1435,95057
0,0.1435,537135
0,0.1435,802232
0,0.1435,815281
0,0.1435,818329
0,0.1436,10097
0,0.1436,11005
0,0.1436,13305
0,0.1436,15325
0,0.1436,18109
0,0.1436,20144
0,0.1436,25628
0,0.1436,26576
0,0.1436,34683
0,0.1436,40742
0,0.1436,45288
0,0.1436,45311
0,0.1436,512663
0,0.1436,521025
0,0.1436,803829
0,0.1437,10816
0,0.1437,11361
0,0.1437,11896
0,0.1437,12104
0,0.1437,12900
0,0.1437,14206
0,0.1437,19765
0,0.1437,23812
0,0.1437,27413
0,0.1437,29379
0,0.1437,32278
0,0.1437,34185
0,0.1437,43866
0,0.1437,53086
0,0.1437,55385
0,0.1437,79615
0,0.1437,81228
0,0.1437,511776
0,0.1437,517257
0,0.1437,529641
0,0.1437,803007
0,0.1438,13373
0,0.1438,15786
0,0.1438,16822
0,0.1438,18180
0,0.1438,30825
0,0.1438,59853
0,0.1438,520210
0,0.1438,526612
0,0.1438,530151
0,0.1438,539704
0,0.1438,556346
0,0.1438,800752
0,0.1438,807560
0,0.1439,10447
0,0.1439,10986
0,0.1439,11085
0,0.1439,11129
0,0.1439,11490
0,0.1439,12240
0,0.1439,12727
0,0.1439,12872
0,0.1439,13258
0,0.1439,16110
0,0.1439,17464
0,0.1439,17835
0,0.1439,18504
0,0.1439,21932
0,0.1439,24866
0,0.1439,29009
0,0.1439,29129
0,0.1439,32388
0,0.1439,54133
0,0.1439,58517
0,0.1439,85527
0,0.1439,518513
0,0.1439,523049
0,0.1439,529835
0,0.1439,557215
0,0.1439,800589
0,0.1439,801998
0,0.1439,805532
0,0.1439,923228
0,0.1440,10137
0,0.1440,10432
0,0.1440,12876
0,0.1440,14299
0,0.1440,27296
0,0.1440,35532
0,0.1440,44005
0,0.1440,199633
0,0.1440,515289
0,0.1440,548428
0,0.1440,807353
0,0.1441,10271
0,0.1441,10920
0,0.1441,12028
0,0.1441,12183
0,0.1441,14040
0,0.1441,14464
0,0.1441,16105
0,0.1441,16150
0,0.1441,18491
0,0.1441,19720
0,0.1441,22414
0,0.1441,24227
0,0.1441,25792
0,0.1441,35540
0,0.1441,35937
0,0.1441,58331
0,0.1441,79464
0,0.1441,131748
0,0.1441,200001
0,0.1441,800084
0,0.1442,10072
0,0.1442,10671
0,0.1442,11416
0,0.1442,12055
0,0.1442,12716
0,0.1442,12992
0,0.1442,13710
0,0.1442,13892
0,0.1442,13932
0,0.1442,14997
0,0.1442,18507
0,0.1442,24088
0,0.1442,26619
0,0.1442,30891
0,0.1442,39095
0,0.1442,45427
0,0.1442,84901
0,0.1442,512793
0,0.1442,513463
0,0.1442,515950
0,0.1442,537899
0,0.1442,801895
0,0.1442,812884
0,0.1442,1050014552
0,0.1442,1051479717
0,0.1443,10209
0,0.1443,10302
0,0.1443,10658
0,0.1443,10825
0,0.1443,11915
0,0.1443,14316
0,0.1443,26718
0,0.1443,32468
0,0.1443,38835
0,0.1443,514405
0,0.1443,522738
0,0.1443,522841
0,0.1443,523786
0,0.1443,529029
0,0.1443,802784
0,0.1444,10202
0,0.1444,10210
0,0.1444,10376
0,0.1444,10969
0,0.1444,11058
0,0.1444,11155
0,0.1444,11200
0,0.1444,11819
0,0.1444,12748
0,0.1444,13969
0,0.1444,14223
0,0.1444,15502
0,0.1444,15568
0,0.1444,16182
0,0.1444,21174
0,0.1444,22521
0,0.1444,33586
0,0.1444,34835
0,0.1444,75129
0,0.1444,513054
0,0.1444,520188
0,0.1444,523477
0,0.1444,523821
0,0.1444,801970
0,0.1445,10687
0,0.1445,11053
0,0.1445,11711
0,0.1445,11878
0,0.1445,13456
0,0.1445,16689
0,0.1445,18437
0,0.1445,19586
0,0.1445,22870
0,0.1445,35464
0,0.1445,38454
0,0.1445,121578
0,0.1445,489781
0,0.1445,511881
0,0.1445,514230
0,0.1445,518461
0,0.1445,520391
0,0.1445,529489
0,0.1445,532125
0,0.1445,564864
0,0.1445,800595
0,0.1445,800718
0,0.1445,800809
0,0.1446,10011
0,0.1446,11977
0,0.1446,13167
0,0.1446,13357
0,0.1446,14881
0,0.1446,15562
0,0.1446,17218
0,0.1446,17454
0,0.1446,21227
0,0.1446,26741
0,0.1446,30310
0,0.1446,31642
0,0.1446,37190
0,0.1446,169003
0,0.1446,512305
0,0.1446,513594
0,0.1446,514125
0,0.1446,520817
0,0.1446,522354
0,0.1446,801295
0,0.1446,801855
0,0.1446,813104
0,0.1446,924901
0,0.1447,11216
0,0.1447,11635
0,0.1447,14415
0,0.1447,14563
0,0.1447,14993
0,0.1447,16506
0,0.1447,17979
0,0.1447,20715
0,0.1447,21369
0,0.1447,28353
0,0.1447,29135
0,0.1447,30003
0,0.1447,33838
0,0.1447,34593
0,0.1447,38010
0,0.1447,46073
0,0.1447,489781
0,0.1447,520773
0,0.1447,524894
0,0.1447,574357
0,0.1447,801021
0,0.1447,805491
0,0.1447,808159
0,0.1448,10488
0,0.1448,11327
0,0.1448,13771
0,0.1448,14289
0,0.1448,14716
0,0.1448,14928
0,0.1448,15046
0,0.1448,15955
0,0.1448,25939
0,0.1448,26284
0,0.1448,29590
0,0.1448,31496
0,0.1448,35430
0,0.1448,36734
0,0.1448,44690
0,0.1448,56554
0,0.1448,531557
0,0.1448,571495
0,0.1448,803048
0,0.1448,807176
0,0.1448,813076
0,0.1449,10224
0,0.1449,11607
0,0.1449,13442
0,0.1449,14224
0,0.1449,15514
0,0.1449,15693
0,0.1449,16203
0,0.1449,17342
0,0.1449,20545
0,0.1449,20831
0,0.1449,34824
0,0.1449,44630
0,0.1449,61398
0,0.1449,84356
0,0.1449,140519
0,0.1449,512328
0,0.1449,517255
0,0.1449,519399
0,0.1449,521206
0,0.1449,532905
0,0.1449,533667
0,0.1449,568471
0,0.1449,802072
0,0.1449,427967297
0,0.1450,10047
0,0.1450,10830
0,0.1450,12176
0,0.1450,12606
0,0.1450,12644
0,0.1450,13559
0,0.1450,17397
0,0.1450,19575
0,0.1450,22601
0,0.1450,23325
0,0.1450,24968
0,0.1450,27031
0,0.1450,27106
0,0.1450,27929
0,0.1450,41056
0,0.1450,82205
0,0.1450,517512
0,0.1450,803566
0,0.1450,701647131
0,0.1451,11387
0,0.1451,11485
0,0.1451,12140
0,0.1451,15698
0,0.1451,15914
0,0.1451,16157
0,0.1451,18068
0,0.1451,22792
0,0.1451,22937
0,0.1451,39251
0,0.1451,54462
0,0.1451,61285
0,0.1451,521075
0,0.1451,524761
0,0.1451,529498
0,0.1451,801982
0,0.1452,10041
0,0.1452,10110
0,0.1452,10354
0,0.1452,10475
0,0.1452,11373
0,0.1452,12168
0,0.1452,12564
0,0.1452,13121
0,0.1452,14434
0,0.1452,15535
0,0.1452,16125
0,0.1452,18823
0,0.1452,19612
0,0.1452,22122
0,0.1452,35557
0,0.1452,50444
0,0.1452,190319
0,0.1452,517548
0,0.1452,521059
0,0.1452,531769
0,0.1452,552318
0,0.1452,800890
0,0.1452,802507
0,0.1452,808183
0,0.1452,819096
0,0.1452,319204020
0,0.1453,12067
0,0.1453,14424
0,0.1453,15284
0,0.1453,15484
0,0.1453,17061
0,0.1453,21322
0,0.1453,33106
0,0.1453,33316
0,0.1453,41958
0,0.1453,44865
0,0.1453,53290
0,0.1453,123503
0,0.1453,512662
0,0.1453,515933
0,0.1453,517913
0,0.1453,521928
0,0.1453,522428
0,0.1453,522828
0,0.1453,524767
0,0.1453,539226
0,0.1453,555713
0,0.1454,10080
0,0.1454,10652
0,0.1454,11363
0,0.1454,13065
0,0.1454,15398
0,0.1454,15790
0,0.1454,16642
0,0.1454,17115
0,0.1454,17173
0,0.1454,23601
0,0.1454,23619
0,0.1454,27827
0,0.1454,27973
0,0.1454,32477
0,0.1454,63027
0,0.1454,97863
0,0.1454,523776
0,0.1455,10133
0,0.1455,11341
0,0.1455,14286
0,0.1455,14643
0,0.1455,17849
0,0.1455,19215
0,0.1455,19266
0,0.1455,24965
0,0.1455,34461
0,0.1455,98544
0,0.1455,129368
0,0.1455,210670
0,0.1455,511823
0,0.1455,512241
0,0.1455,513644
0,0.1455,518194
0,0.1455,532380
0,0.1455,580970
0,0.1456,12221
0,0.1456,12811
0,0.1456,13158
0,0.1456,13516
0,0.1456,14509
0,0.1456,16039
0,0.1456,17156
0,0.1456,42483
0,0.1456,434891
0,0.1456,514265
0,0.1456,525393
0,0.1456,561653
0,0.1457,11338
0,0.1457,12762
0,0.1457,13255
0,0.1457,15094
0,0.1457,15837
0,0.1457,16180
0,0.1457,18548
0,0.1457,18585
0,0.1457,19619
0,0.1457,33962
0,0.1457,58730
0,0.1457,530101
0,0.1457,800190
0,0.1457,803013
0,0.1457,805227
0,0.1457,813291
0,0.1458,10166
0,0.1458,10226
0,0.1458,11463
0,0.1458,12151
0,0.1458,12206
0,0.1458,12927
0,0.1458,16754
0,0.1458,16811
0,0.1458,16836
0,0.1458,40300
0,0.1458,46152
0,0.1458,142743
0,0.1458,520646
0,0.1459,11717
0,0.1459,11719
0,0.1459,11883
0,0.1459,13034
0,0.1459,13586
0,0.1459,16794
0,0.1459,17420
0,0.1459,18743
0,0.1459,19042
0,0.1459,22791
0,0.1459,24016
0,0.1459,24963
0,0.1459,28520
0,0.1459,58394
0,0.1459,512086
0,0.1459,516060
0,0.1459,518112
0,0.1459,521256
0,0.1459,801746
0,0.1459,802955
0,0.1459,932322
0,0.1460,10255
0,0.1460,10669
0,0.1460,12746
0,0.1460,13553
0,0.1460,17322
0,0.1460,30498
0,0.1460,33298
0,0.1460,38706
0,0.1460,44991
0,0.1460,111660
0,0.1460,512319
0,0.1460,513146
0,0.1460,518604
0,0.1460,519144
0,0.1460,521374
0,0.1460,802566
0,0.1461,10704
0,0.1461,11021
0,0.1461,11618
0,0.1461,12105
0,0.1461,13537
0,0.1461,14247
0,0.1461,16659
0,0.1461,17759
0,0.1461,19327
0,0.1461,21637
0,0.1461,21849
0,0.1461,174810
0,0.1461,235061
0,0.1461,556038
0,0.1462,10735
0,0.1462,11109
0,0.1462,12710
0,0.1462,18997
0,0.1462,19696
0,0.1462,19802
0,0.1462,23524
0,0.1462,26862
0,0.1462,35620
0,0.1462,68658
0,0.1462,70298
0,0.1462,247112
0,0.1462,520341
0,0.1462,532000
0,0.1462,532751
0,0.1462,800606
0,0.1462,801491
0,0.1463,10168
0,0.1463,10362
0,0.1463,10513
0,0.1463,10555
0,0.1463,11945
0,0.1463,13219
0,0.1463,15491
0,0.1463,17696
0,0.1463,18170
0,0.1463,24741
0,0.1463,27157
0,0.1463,28674
0,0.1463,28791
0,0.1463,37595
0,0.1463,125111
0,0.1463,519692
0,0.1463,520236
0,0.1463,549229
0,0.1463,555342
0,0.1463,559335
0,0.1463,936810
0,0.1464,10289
0,0.1464,11590
0,0.1464,11772
0,0.1464,12054
0,0.1464,12730
0,0.1464,15612
0,0.1464,16390
0,0.1464,18686
0,0.1464,36253
0,0.1464,45255
0,0.1464,52246
0,0.1464,100006
0,0.1464,514092
0,0.1464,514596
0,0.1464,807368
0,0.1464,824223
0,0.1465,10799
0,0.1465,10910
0,0.1465,10950
0,0.1465,11671
0,0.1465,13800
0,0.1465,14523
0,0.1465,15473
0,0.1465,16538
0,0.1465,16540
0,0.1465,25503
0,0.1465,33488
0,0.1465,34949
0,0.1465,37710
0,0.1465,258715
0,0.1465,512947
0,0.1465,522754
0,0.1465,800056
0,0.1465,800553
0,0.1466,10852
0,0.1466,12938
0,0.1466,13428
0,0.1466,27684
0,0.1466,27818
0,0.1466,32062
0,0.1466,35962
0,0.1466,37142
0,0.1466,46466
0,0.1466,50524
0,0.1466,199331
0,0.1466,513238
0,0.1466,513284
0,0.1466,517630
0,0.1466,519705
0,0.1466,523564
0,0.1466,527048
0,0.1466,530880
0,0.1466,803241
0,0.1466,805015
0,0.1466,903484
0,0.1466,908143
0,0.1467,11604
0,0.1467,16069
0,0.1467,23513
0,0.1467,512077
0,0.1467,803318
0,0.1468,10170
0,0.1468,10306
0,0.1468,11025
0,0.1468,14064
0,0.1468,33690
0,0.1468,56017
0,0.1468,147617
0,0.1468,802544
0,0.1468,932796
0,0.1469,10748
0,0.1469,13460
0,0.1469,15132
0,0.1469,17442
0,0.1469,18779
0,0.1469,30540
0,0.1469,45172
0,0.1469,65458
0,0.1469,76194
0,0.1469,77245
0,0.1469,84758
0,0.1469,85590
0,0.1469,512927
0,0.1469,537032
0,0.1469,556449
0,0.1469,800917
0,0.1469,806636
0,0.1470,10603
0,0.1470,10959
0,0.1470,14011
0,0.1470,14026
0,0.1470,14029
0,0.1470,14717
0,0.1470,21822
0,0.1470,25330
0,0.1470,516820
0,0.1470,519363
0,0.1470,521814
0,0.1470,522330
0,0.1470,522809
0,0.1470,906612
0,0.1470,912379
0,0.1471,10099
0,0.1471,12060
0,0.1471,12506
0,0.1471,12605
0,0.1471,12796
0,0.1471,12923
0,0.1471,13667
0,0.1471,13901
0,0.1471,15042
0,0.1471,19982
0,0.1471,21700
0,0.1471,38847
0,0.1471,41640
0,0.1471,43116
0,0.1471,51159
0,0.1471,104220
0,0.1471,522734
0,0.1471,530435
0,0.1471,800241
0,0.1471,805137
0,0.1472,10278
0,0.1472,10914
0,0.1472,11428
0,0.1472,11628
0,0.1472,12101
0,0.1472,14611
0,0.1472,63798
0,0.1472,150335
0,0.1472,524610
0,0.1472,532909
0,0.1472,805165
0,0.1472,319204020
0,0.1473,10050
0,0.1473,10052
0,0.1473,10114
0,0.1473,11008
0,0.1473,11375
0,0.1473,11402
0,0.1473,12572
0,0.1473,13471
0,0.1473,15964
0,0.1473,16266
0,0.1473,17715
0,0.1473,18597
0,0.1473,20202
0,0.1473,21468
0,0.1473,36070
0,0.1473,38272
0,0.1473,44250
0,0.1473,46871
0,0.1473,511821
0,0.1473,513283
0,0.1473,515221
0,0.1473,520581
0,0.1473,522706
0,0.1474,10539
0,0.1474,10960
0,0.1474,11253
0,0.1474,11302
0,0.1474,11947
0,0.1474,12319
0,0.1474,13317
0,0.1474,14694
0,0.1474,15616
0,0.1474,16600
0,0.1474,16875
0,0.1474,19089
0,0.1474,21903
0,0.1474,512390
0,0.1474,524167
0,0.1474,802731
0,0.1474,803070
0,0.1474,903700
0,0.1475,10074
0,0.1475,10175
0,0.1475,10185
0,0.1475,10908
0,0.1475,15713
0,0.1475,17593
0,0.1475,18744
0,0.1475,21609
0,0.1475,28010
0,0.1475,37921
0,0.1475,39657
0,0.1475,512581
0,0.1475,512928
0,0.1475,801137
0,0.1476,10290
0,0.1476,10414
0,0.1476,11709
0,0.1476,14954
0,0.1476,25045
0,0.1476,59776
0,0.1476,83621
0,0.1476,117741
0,0.1476,512199
0,0.1476,519720
0,0.1476,800412
0,0.1476,801164
0,0.1477,10661
0,0.1477,12159
0,0.1477,15458
0,0.1477,16493
0,0.1477,64874
0,0.1477,114378
0,0.1477,519347
0,0.1477,521536
0,0.1477,524156
0,0.1477,544476
0,0.1477,801816
0,0.1478,10243
0,0.1478,10691
0,0.1478,12065
0,0.1478,12423
0,0.1478,14018
0,0.1478,17301
0,0.1478,17667
0,0.1478,18054
0,0.1478,20818
0,0.1478,30610
0,0.1478,53086
0,0.1478,522909
0,0.1478,524655
0,0.1478,801469
0,0.1478,908747
0,0.1479,10187
0,0.1479,10546
0,0.1479,11438
0,0.1479,11723
0,0.1479,15534
0,0.1479,16473
0,0.1479,17691
0,0.1479,18953
0,0.1479,20087
0,0.1479,22240
0,0.1479,24382
0,0.1479,34699
0,0.1479,107241
0,0.1479,514045
0,0.1479,514579
0,0.1479,519818
0,0.1479,534534
0,0.1479,803720
0,0.1480,11614
0,0.1480,11943
0,0.1480,12125
0,0.1480,14227
0,0.1480,14263
0,0.1480,17878
0,0.1480,18125
0,0.1480,18419
0,0.1480,40015
0,0.1480,42019
0,0.1480,70779
0,0.1480,85686
0,0.1480,138243
0,0.1480,803860
0,0.1480,905303
0,0.1481,11161
0,0.1481,12651
0,0.1481,13659
0,0.1481,16687
0,0.1481,18932
0,0.1481,22884
0,0.1481,24699
0,0.1481,46691
0,0.1481,50159
0,0.1481,522815
0,0.1481,526298
0,0.1482,10288
0,0.1482,11805
0,0.1482,13228
0,0.1482,13692
0,0.1482,14075
0,0.1482,20068
0,0.1482,22084
0,0.1482,26309
0,0.1482,31589
0,0.1482,57935
0,0.1482,67337
0,0.1482,76930
0,0.1482,79788
0,0.1482,512106
0,0.1482,513646
0,0.1483,10466
0,0.1483,10819
0,0.1483,12358
0,0.1483,13134
0,0.1483,14727
0,0.1483,15932
0,0.1483,16984
0,0.1483,17174
0,0.1483,20007
0,0.1483,29445
0,0.1483,33087
0,0.1483,34565
0,0.1483,303314
0,0.1483,535668
0,0.1484,11032
0,0.1484,11199
0,0.1484,11989
0,0.1484,12532
0,0.1484,15997
0,0.1484,18156
0,0.1484,20678
0,0.1484,34820
0,0.1484,37378
0,0.1484,41847
0,0.1484,54514
0,0.1484,64607
0,0.1484,287884
0,0.1484,514547
0,0.1484,522761
0,0.1484,523506
0,0.1484,533470
0,0.1484,553194
0,0.1485,10107
0,0.1485,10879
0,0.1485,12733
0,0.1485,13515
0,0.1485,15789
0,0.1485,23087
0,0.1485,130455
0,0.1485,489781
0,0.1485,512795
0,0.1485,515029
0,0.1485,530449
0,0.1485,802137
0,0.1485,826175
0,0.1486,10360
0,0.1486,10677
0,0.1486,12343
0,0.1486,14871
0,0.1486,14948
0,0.1486,29957
0,0.1486,40046
0,0.1486,41171
0,0.1486,44816
0,0.1486,48491
0,0.1486,50526
0,0.1486,184704
0,0.1486,517601
0,0.1486,522762
0,0.1486,530460
0,0.1486,701647131
0,0.1487,10606
0,0.1487,10855
0,0.1487,11201
0,0.1487,11351
0,0.1487,13498
0,0.1487,13872
0,0.1487,18504
0,0.1487,18704
0,0.1487,34120
0,0.1487,35743
0,0.1487,80175
0,0.1487,222777
0,0.1487,512514
0,0.1487,514361
0,0.1487,903852
0,0.1488,11896
0,0.1488,11982
0,0.1488,12104
0,0.1488,12900
0,0.1488,13151
0,0.1488,13217
0,0.1488,14063
0,0.1488,16373
0,0.1488,18838
0,0.1488,19189
0,0.1488,27025
0,0.1488,37319
0,0.1488,42185
0,0.1488,69544
0,0.1488,556539
0,0.1489,15245
0,0.1489,20185
0,0.1489,27296
0,0.1489,30419
0,0.1489,36730
0,0.1489,256844
0,0.1489,555344
0,0.1489,805489
0,0.1490,11125
0,0.1490,12398
0,0.1490,12706
0,0.1490,19760
0,0.1490,21449
0,0.1490,29969
0,0.1490,35109
0,0.1490,36306
0,0.1490,53639
0,0.1490,55124
0,0.1490,70088
0,0.1490,174420
0,0.1490,520468
0,0.1490,521815
0,0.1490,803821
0,0.1490,803982
0,0.1491,10031
0,0.1491,11254
0,0.1491,11455
0,0.1491,12083
0,0.1491,15176
0,0.1491,16343
0,0.1491,18980
0,0.1491,19274
0,0.1491,19355
0,0.1491,37058
0,0.1491,70651
0,0.1491,94433
0,0.1491,511778
0,0.1491,511828
0,0.1491,519132
0,0.1491,523716
0,0.1491,525062
0,0.1491,549098
0,0.1491,801014
0,0.1491,801768
0,0.1492,10295
0,0.1492,10820
0,0.1492,11419
0,0.1492,12264
0,0.1492,13117
0,0.1492,17175
0,0.1492,18712
0,0.1492,19935
0,0.1492,30537
0,0.1492,195264
0,0.1492,524717
0,0.1492,802553
0,0.1492,805244
0,0.1493,11255
0,0.1493,12596
0,0.1493,27725
0,0.1493,39753
0,0.1493,77213
0,0.1493,125973
0,0.1493,137497
0,0.1493,516256
0,0.1493,523675
0,0.1493,558854
0,0.1493,559141
0,0.1493,903545
0,0.1494,10150
0,0.1494,10517
0,0.1494,10750
0,0.1494,11497
0,0.1494,11586
0,0.1494,14552
0,0.1494,15576
0,0.1494,23281
0,0.1494,31852
0,0.1494,33969
0,0.1494,36812
0,0.1494,38858
0,0.1494,112562
0,0.1494,513033
0,0.1494,514405
0,0.1494,834861
0,0.1495,10754
0,0.1495,11821
0,0.1495,11874
0,0.1495,14736
0,0.1495,15182
0,0.1495,15304
0,0.1495,16734
0,0.1495,18601
0,0.1495,19011
0,0.1495,26772
0,0.1495,27941
0,0.1495,34359
0,0.1495,68889
0,0.1495,94555
0,0.1495,511955
0,0.1495,522992
0,0.1495,529385
0,0.1496,10100
0,0.1496,10969
0,0.1496,11166
0,0.1496,11445
0,0.1496,17799
0,0.1496,21645
0,0.1496,34607
0,0.1496,47107
0,0.1496,86264
0,0.1496,516098
0,0.1496,805132
0,0.1497,10494
0,0.1497,13877
0,0.1497,16360
0,0.1497,17726
0,0.1497,25792
0,0.1497,27371
0,0.1497,31967
0,0.1497,32258
0,0.1497,37998
0,0.1497,62778
0,0.1497,511839
0,0.1497,516110
0,0.1497,518309
0,0.1497,520812
0,0.1497,520817
0,0.1497,522387
0,0.1497,547701
0,0.1498,12355
0,0.1498,13115
0,0.1498,13740
0,0.1498,14223
0,0.1498,20774
0,0.1498,23325
0,0.1498,37196
0,0.1498,37465
0,0.1498,41743
0,0.1498,43695
0,0.1498,43781
0,0.1498,511926
0,0.1498,515091
0,0.1498,521210
0,0.1498,521409
0,0.1498,555340
0,0.1498,800183
0,0.1498,803500
0,0.1499,10160
0,0.1499,10205
0,0.1499,10676
0,0.1499,10993
0,0.1499,11900
0,0.1499,11908
0,0.1499,12206
0,0.1499,13287
0,0.1499,14686
0,0.1499,14697
0,0.1499,16517
0,0.1499,18915
0,0.1499,21277
0,0.1499,22657
0,0.1499,23230
0,0.1499,24684
0,0.1499,25763
0,0.1499,26417
0,0.1499,26666
0,0.1499,28248
0,0.1499,32161
0,0.1499,46615
0,0.1499,522763
0,0.1499,523317
0,0.1499,556346
0,0.1499,800132
0,0.1500,10097
0,0.1500,13860
0,0.1500,15362
0,0.1500,18343
0,0.1500,519365
0,0.1500,523600
0,0.1500,533618
0,0.1500,803129
0,0.1501,10537
0,0.1501,11171
0,0.1501,13442
0,0.1501,14912
0,0.1501,14947
0,0.1501,16579
0,0.1501,20780
0,0.1501,25709
0,0.1501,26137
0,0.1501,85527
0,0.1501,514952
0,0.1501,532747
0,0.1501,556347
0,0.1501,800847
0,0.1501,902923
0,0.1502,12252
0,0.1502,12488
0,0.1502,15244
0,0.1502,16093
0,0.1502,21568
0,0.1502,21646
0,0.1502,42509
0,0.1502,53437
0,0.1502,71547
0,0.1502,75971
0,0.1502,81442
0,0.1503,10110
0,0.1503,10138
0,0.1503,10550
0,0.1503,12747
0,0.1503,13985
0,0.1503,14881
0,0.1503,15059
0,0.1503,16380
0,0.1503,17685
0,0.1503,17931
0,0.1503,21400
0,0.1503,26505
0,0.1503,31735
0,0.1503,33038
0,0.1503,36704
0,0.1503,41144
0,0.1503,513274
0,0.1503,515015
0,0.1503,523786
0,0.1503,802184
0,0.1504,10172
0,0.1504,11403
0,0.1504,11457
0,0.1504,12445
0,0.1504,15325
0,0.1504,15441
0,0.1504,23315
0,0.1504,25598
0,0.1504,27237
0,0.1504,27302
0,0.1504,29635
0,0.1504,30371
0,0.1504,34690
0,0.1504,38085
0,0.1504,38650
0,0.1504,40888
0,0.1504,94391
0,0.1504,167848
0,0.1504,511841
0,0.1504,513111
0,0.1504,543158
0,0.1505,10555
0,0.1505,14127
0,0.1505,14766
0,0.1505,16051
0,0.1505,16794
0,0.1505,30310
0,0.1505,40289
0,0.1505,46073
0,0.1505,123422
0,0.1505,131748
0,0.1505,525354
0,0.1505,533590
0,0.1505,549805
0,0.1506,10041
0,0.1506,11021
0,0.1506,11326
0,0.1506,13559
0,0.1506,14034
0,0.1506,15212
0,0.1506,15904
0,0.1506,16026
0,0.1506,16764
0,0.1506,17380
0,0.1506,17825
0,0.1506,25939
0,0.1506,29625
0,0.1506,31681
0,0.1506,32994
0,0.1506,89801
0,0.1507,10617
0,0.1507,10624
0,0.1507,10663
0,0.1507,10986
0,0.1507,11806
0,0.1507,13727
0,0.1507,14434
0,0.1507,15839
0,0.1507,23601
0,0.1507,27491
0,0.1507,41887
0,0.1507,513463
0,0.1507,514546
0,0.1507,521813
0,0.1507,539151
0,0.1508,10566
0,0.1508,12248
0,0.1508,12276
0,0.1508,12506
0,0.1508,14190
0,0.1508,15051
0,0.1508,15163
0,0.1508,15273
0,0.1508,18238
0,0.1508,22338
0,0.1508,23273
0,0.1508,26287
0,0.1508,40390
0,0.1508,54602
0,0.1508,56970
0,0.1508,515760
0,0.1508,517548
0,0.1508,519715
0,0.1508,522974
0,0.1509,10099
0,0.1509,10303
0,0.1509,10307
0,0.1509,10453
0,0.1509,12109
0,0.1509,13013
0,0.1509,28625
0,0.1509,30740
0,0.1509,33155
0,0.1509,38835
0,0.1509,46013
0,0.1509,46200
0,0.1509,517512
0,0.1509,519331
0,0.1509,522789
0,0.1509,579911
0,0.1509,904236
0,0.1509,155143464
0,0.1510,10101
0,0.1510,11103
0,0.1510,11142
0,0.1510,11997
0,0.1510,13258
0,0.1510,14664
0,0.1510,21664
0,0.1510,28791
0,0.1510,32462
0,0.1510,102689
0,0.1510,519890
0,0.1510,533946
0,0.1510,555342
0,0.1511,10399
0,0.1511,11891
0,0.1511,12095
0,0.1511,34576
0,0.1511,58834
0,0.1511,519722
0,0.1511,520194
0,0.1511,521236
0,0.1511,522828
0,0.1511,529422
0,0.1511,530151
0,0.1511,579728
0,0.1511,803704
0,0.1511,841372881
0,0.1512,11495
0,0.1512,23619
0,0.1512,31749
0,0.1512,36235
0,0.1512,45024
0,0.1512,71877
0,0.1512,512513
0,0.1512,514416
0,0.1512,515679
0,0.1512,800845
0,0.1513,11463
0,0.1513,12437
0,0.1513,19541
0,0.1513,21780
0,0.1513,27133
0,0.1513,61921
0,0.1513,76194
0,0.1513,512305
0,0.1513,512927
0,0.1513,518194
0,0.1513,801998
0,0.1514,11200
0,0.1514,11802
0,0.1514,12318
0,0.1514,13274
0,0.1514,16399
0,0.1514,22014
0,0.1514,34135
0,0.1514,60774
0,0.1514,61398
0,0.1514,100809
0,0.1514,172666
0,0.1514,434199
0,0.1514,513464
0,0.1514,517202
0,0.1514,521814
0,0.1514,801335
0,0.1514,904161
0,0.1515,10165
0,0.1515,11618
0,0.1515,12178
0,0.1515,12817
0,0.1515,14459
0,0.1515,17402
0,0.1515,20715
0,0.1515,22870
0,0.1515,30933
0,0.1515,42270
0,0.1515,49869
0,0.1515,57243
0,0.1515,107195
0,0.1515,513174
0,0.1515,519332
0,0.1515,525400
0,0.1516,10114
0,0.1516,11053
0,0.1516,11280
0,0.1516,12787
0,0.1516,13404
0,0.1516,14289
0,0.1516,15514
0,0.1516,16440
0,0.1516,18779
0,0.1516,30653
0,0.1516,44830
0,0.1516,64180
0,0.1516,69319
0,0.1516,800262
0,0.1516,936838
0,0.1517,10241
0,0.1517,11699
0,0.1517,12055
0,0.1517,12295
0,0.1517,16986
0,0.1517,18437
0,0.1517,23654
0,0.1517,26242
0,0.1517,54636
0,0.1517,71157
0,0.1517,520016
0,0.1517,524254
0,0.1517,905618
0,0.1517,907803
0,0.1518,10514
0,0.1518,12155
0,0.1518,14424
0,0.1518,14840
0,0.1518,23602
0,0.1518,513147
0,0.1518,513499
0,0.1518,514045
0,0.1518,515026
0,0.1518,531299
0,0.1518,543989
0,0.1518,801730
0,0.1518,802080
0,0.1518,701647131
0,0.1519,10035
0,0.1519,10278
0,0.1519,10692
0,0.1519,11426
0,0.1519,12716
0,0.1519,12809
0,0.1519,15674
0,0.1519,16599
0,0.1519,20705
0,0.1519,40768
0,0.1519,51159
0,0.1519,98544
0,0.1519,513284
0,0.1519,565814
0,0.1519,814430
0,0.1519,600700832
0,0.1520,11030
0,0.1520,12137
0,0.1520,12584
0,0.1520,15548
0,0.1520,53618
0,0.1520,513378
0,0.1520,514605
0,0.1520,520581
0,0.1520,521266
0,0.1520,800827
0,0.1520,814989
0,0.1520,901888
0,0.1521,10603
0,0.1521,10794
0,0.1521,10816
0,0.1521,10863
0,0.1521,11402
0,0.1521,12503
0,0.1521,13079
0,0.1521,13324
0,0.1521,13418
0,0.1521,16210
0,0.1521,17681
0,0.1521,19827
0,0.1521,32315
0,0.1521,38706
0,0.1521,65845
0,0.1521,522715
0,0.1521,529603
0,0.1521,802174
0,0.1521,814115
0,0.1522,10658
0,0.1522,11710
0,0.1522,13826
0,0.1522,14486
0,0.1522,15361
0,0.1522,19068
0,0.1522,20831
0,0.1522,30522
0,0.1522,42226
0,0.1522,53745
0,0.1522,512319
0,0.1522,513283
0,0.1522,514988
0,0.1522,515293
0,0.1522,531732
0,0.1522,570859
0,0.1522,801895
0,0.1523,11170
0,0.1523,12067
0,0.1523,12487
0,0.1523,12900
0,0.1523,21296
0,0.1523,22706
0,0.1523,24382
0,0.1523,27486
0,0.1523,29918
0,0.1523,33053
0,0.1523,33492
0,0.1523,515578
0,0.1523,521698
0,0.1523,529228
0,0.1523,808183
0,0.1523,1050014552
0,0.1524,10108
0,0.1524,10432
0,0.1524,11131
0,0.1524,11896
0,0.1524,15024
0,0.1524,15364
0,0.1524,15496
0,0.1524,27425
0,0.1524,30178
0,0.1524,33589
0,0.1524,47802
0,0.1524,53190
0,0.1524,58561
0,0.1524,60651
0,0.1524,511823
0,0.1524,512930
0,0.1524,515933
0,0.1524,815205
0,0.1525,10368
0,0.1525,12993
0,0.1525,13259
0,0.1525,15393
0,0.1525,15495
0,0.1525,84758
0,0.1525,91391
0,0.1525,518220
0,0.1525,522757
0,0.1525,525061
0,0.1525,529604
0,0.1526,10704
0,0.1526,13153
0,0.1526,13317
0,0.1526,13858
0,0.1526,14194
0,0.1526,14276
0,0.1526,15001
0,0.1526,20818
0,0.1526,46724
0,0.1526,54104
0,0.1526,57102
0,0.1526,518604
0,0.1526,518690
0,0.1527,10531
0,0.1527,10967
0,0.1527,12411
0,0.1527,13371
0,0.1527,14232
0,0.1527,36059
0,0.1527,47267
0,0.1527,51764
0,0.1527,434891
0,0.1527,512793
0,0.1527,515289
0,0.1527,521240
0,0.1527,803047
0,0.1527,805532
0,0.1528,10291
0,0.1528,13969
0,0.1528,15332
0,0.1528,15820
0,0.1528,21932
0,0.1528,25532
0,0.1528,35532
0,0.1528,58730
0,0.1528,72644
0,0.1528,535347
0,0.1529,11634
0,0.1529,12718
0,0.1529,12825
0,0.1529,12933
0,0.1529,13167
0,0.1529,13428
0,0.1529,14011
0,0.1529,14461
0,0.1529,14828
0,0.1529,16540
0,0.1529,34265
0,0.1529,102359
0,0.1529,512662
0,0.1529,517256
0,0.1529,517257
0,0.1529,523863
0,0.1529,549024
0,0.1530,12158
0,0.1530,13158
0,0.1530,14001
0,0.1530,18419
0,0.1530,18932
0,0.1530,22240
0,0.1530,26901
0,0.1530,58394
0,0.1530,530880
0,0.1530,801249
0,0.1530,801295
0,0.1531,13302
0,0.1531,15932
0,0.1531,19902
0,0.1531,37221
0,0.1531,42483
0,0.1531,524429
0,0.1531,524761
0,0.1531,536208
0,0.1531,800757
0,0.1531,801970
0,0.1532,10513
0,0.1532,12569
0,0.1532,16754
0,0.1532,19615
0,0.1532,25184
0,0.1532,29908
0,0.1532,30477
0,0.1532,46262
0,0.1532,59175
0,0.1532,235061
0,0.1532,527048
0,0.1532,800718
0,0.1533,10305
0,0.1533,13836
0,0.1533,31408
0,0.1533,36642
0,0.1533,58532
0,0.1533,178990
0,0.1533,521406
0,0.1533,534361
0,0.1533,427967297
0,0.1534,11311
0,0.1534,12358
0,0.1534,12606
0,0.1534,16506
0,0.1534,17981
0,0.1534,18744
0,0.1534,18921
0,0.1534,20144
0,0.1534,25176
0,0.1534,31942
0,0.1534,39813
0,0.1534,53086
0,0.1534,55527
0,0.1534,81741
0,0.1534,514997
0,0.1534,516643
0,0.1534,519461
0,0.1534,522352
0,0.1534,549229
0,0.1534,936810
0,0.1534,941319
0,0.1534,1050045395
0,0.1535,11878
0,0.1535,12006
0,0.1535,12565
0,0.1535,13035
0,0.1535,14188
0,0.1535,25045
0,0.1535,26665
0,0.1535,30592
0,0.1535,52728
0,0.1535,94239
0,0.1535,104220
0,0.1535,139178
0,0.1535,523776
0,0.1535,803599
0,0.1535,812884
0,0.1536,10044
0,0.1536,10137
0,0.1536,10365
0,0.1536,10457
0,0.1536,11221
0,0.1536,12104
0,0.1536,12327
0,0.1536,12595
0,0.1536,13121
0,0.1536,18204
0,0.1536,19452
0,0.1536,21731
0,0.1536,22799
0,0.1536,24671
0,0.1536,61079
0,0.1536,81417
0,0.1536,514596
0,0.1536,518461
0,0.1536,529385
0,0.1536,531643
0,0.1536,807924
0,0.1537,11717
0,0.1537,16180
0,0.1537,81228
0,0.1537,107903
0,0.1537,512608
0,0.1537,520210
0,0.1537,529498
0,0.1537,802955
0,0.1537,932321
0,0.1538,10693
0,0.1538,10997
0,0.1538,11455
0,0.1538,11893
0,0.1538,12033
0,0.1538,14464
0,0.1538,19189
0,0.1538,22519
0,0.1538,29046
0,0.1538,32258
0,0.1538,72491
0,0.1538,514043
0,0.1538,514125
0,0.1538,800890
0,0.1538,807799
0,0.1538,905009
0,0.1539,12046
0,0.1539,12108
0,0.1539,12811
0,0.1539,15399
0,0.1539,24922
0,0.1539,512077
0,0.1539,516739
0,0.1540,10815
0,0.1540,10974
0,0.1540,12506
0,0.1540,14509
0,0.1540,15890
0,0.1540,17751
0,0.1540,17855
0,0.1540,18790
0,0.1540,31923
0,0.1540,521203
0,0.1540,524902
0,0.1540,802652
0,0.1540,805072
0,0.1540,807534
0,0.1541,10683
0,0.1541,10691
0,0.1541,12671
0,0.1541,12730
0,0.1541,13182
0,0.1541,15398
0,0.1541,15458
0,0.1541,15768
0,0.1541,15837
0,0.1541,17454
0,0.1541,23325
0,0.1541,123858
0,0.1541,520214
0,0.1541,522354
0,0.1541,555238
0,0.1541,813104
0,0.1542,10468
0,0.1542,10969
0,0.1542,11318
0,0.1542,16430
0,0.1542,17419
0,0.1542,18697
0,0.1542,28614
0,0.1542,35743
0,0.1542,520817
0,0.1542,522706
0,0.1542,524968
0,0.1542,556038
0,0.1542,803048
0,0.1543,11638
0,0.1543,13295
0,0.1543,20468
0,0.1543,44005
0,0.1543,47438
0,0.1543,520087
0,0.1543,521675
0,0.1543,523550
0,0.1543,524655
0,0.1543,571508
0,0.1543,803013
0,0.1544,10050
0,0.1544,10099
0,0.1544,10447
0,0.1544,10599
0,0.1544,11199
0,0.1544,17143
0,0.1544,18823
0,0.1544,19760
0,0.1544,25191
0,0.1544,28674
0,0.1544,64399
0,0.1544,121067
0,0.1544,511882
0,0.1544,515234
0,0.1544,801530
0,0.1544,813076
0,0.1545,10265
0,0.1545,10515
0,0.1545,14881
0,0.1545,16153
0,0.1545,29135
0,0.1545,37921
0,0.1545,521241
0,0.1545,521444
0,0.1545,550497
0,0.1545,574357
0,0.1545,904983
0,0.1546,10018
0,0.1546,10150
0,0.1546,10180
0,0.1546,11668
0,0.1546,12319
0,0.1546,12398
0,0.1546,13342
0,0.1546,13669
0,0.1546,15451
0,0.1546,17173
0,0.1546,25939
0,0.1546,27296
0,0.1546,28254
0,0.1546,38268
0,0.1546,532750
0,0.1547,10047
0,0.1547,12239
0,0.1547,14566
0,0.1547,16175
0,0.1547,48335
0,0.1547,48491
0,0.1547,48638
0,0.1547,67174
0,0.1547,114715
0,0.1547,511828
0,0.1547,523675
0,0.1547,523716
0,0.1548,11825
0,0.1548,12943
0,0.1548,13115
0,0.1548,13442
0,0.1548,14137
0,0.1548,14206
0,0.1548,25723
0,0.1548,26741
0,0.1548,30498
0,0.1548,45427
0,0.1548,81710
0,0.1548,511881
0,0.1548,515950
0,0.1548,522984
0,0.1548,527653
0,0.1548,555502
0,0.1549,14611
0,0.1549,32474
0,0.1549,38389
0,0.1549,559335
0,0.1550,10041
0,0.1550,10539
0,0.1550,11764
0,0.1550,16110
0,0.1550,20545
0,0.1550,45722
0,0.1550,154359
0,0.1550,530449
0,0.1550,571495
0,0.1550,932322
0,0.1551,15319
0,0.1551,33224
0,0.1551,34252
0,0.1551,44785
0,0.1551,522752
0,0.1551,802296
0,0.1551,805227
0,0.1552,10011
0,0.1552,10185
0,0.1552,20007
0,0.1552,22084
0,0.1552,26607
0,0.1552,30807
0,0.1552,80867
0,0.1552,158774
0,0.1552,209688
0,0.1552,516110
0,0.1552,524717
0,0.1553,10638
0,0.1553,12395
0,0.1553,13537
0,0.1553,13773
0,0.1553,14434
0,0.1553,14869
0,0.1553,15534
0,0.1553,15616
0,0.1553,16827
0,0.1553,18504
0,0.1553,26417
0,0.1553,57935
0,0.1553,104033
0,0.1553,114858
0,0.1553,525066
0,0.1553,555293
0,0.1554,10110
0,0.1554,12088
0,0.1554,12151
0,0.1554,14224
0,0.1554,14286
0,0.1554,16659
0,0.1554,16687
0,0.1554,23703
0,0.1554,29116
0,0.1554,58753
0,0.1554,152496
0,0.1554,512390
0,0.1554,521374
0,0.1554,521928
0,0.1554,522992
0,0.1554,555342
0,0.1555,10169
0,0.1555,10243
0,0.1555,10290
0,0.1555,11888
0,0.1555,13031
0,0.1555,13559
0,0.1555,13751
0,0.1555,16907
0,0.1555,17790
0,0.1555,18585
0,0.1555,19886
0,0.1555,21252
0,0.1555,37142
0,0.1555,519890
0,0.1555,555259
0,0.1556,10285
0,0.1556,10537
0,0.1556,11021
0,0.1556,12443
0,0.1556,12976
0,0.1556,23601
0,0.1556,30310
0,0.1556,38272
0,0.1556,38847
0,0.1556,39753
0,0.1556,63701
0,0.1556,92871
0,0.1556,94433
0,0.1556,514413
0,0.1556,517913
0,0.1556,519371
0,0.1556,558854
0,0.1556,802544
0,0.1557,12176
0,0.1557,12651
0,0.1557,16794
0,0.1557,20418
0,0.1557,25684
0,0.1557,31757
0,0.1557,34949
0,0.1557,513146
0,0.1557,515757
0,0.1557,517512
0,0.1557,517548
0,0.1557,519144
0,0.1557,520790
0,0.1557,522853
0,0.1557,531862
0,0.1558,10725
0,0.1558,11495
0,0.1558,13070
0,0.1558,14255
0,0.1558,15997
0,0.1558,17156
0,0.1558,22122
0,0.1558,46178
0,0.1558,71940
0,0.1558,518541
0,0.1558,521633
0,0.1558,800745
0,0.1559,13018
0,0.1559,15713
0,0.1559,21366
0,0.1559,35503
0,0.1559,68889
0,0.1559,70486
0,0.1559,85395
0,0.1559,215209
0,0.1559,512236
0,0.1559,521813
0,0.1559,524136
0,0.1559,531768
0,0.1559,800056
0,0.1559,800217
0,0.1560,11142
0,0.1560,11673
0,0.1560,18613
0,0.1560,35912
0,0.1560,36384
0,0.1560,512932
0,0.1561,10184
0,0.1561,10564
0,0.1561,11982
0,0.1561,13151
0,0.1561,24232
0,0.1561,38771
0,0.1561,41428
0,0.1561,48146
0,0.1561,149882
0,0.1561,879469321
0,0.1562,11200
0,0.1562,26485
0,0.1562,46429
0,0.1562,520182
0,0.1562,801261
0,0.1563,12060
0,0.1563,12902
0,0.1563,14131
0,0.1563,15290
0,0.1563,19362
0,0.1563,23513
0,0.1563,25797
0,0.1563,68489
0,0.1563,70539
0,0.1563,434199
0,0.1564,10120
0,0.1564,11784
0,0.1564,13258
0,0.1564,14315
0,0.1564,14736
0,0.1564,59776
0,0.1564,71503
0,0.1564,512927
0,0.1564,514405
0,0.1564,532909
0,0.1564,558460
0,0.1565,10088
0,0.1565,11344
0,0.1565,19036
0,0.1565,26064
0,0.1565,518513
0,0.1565,530136
0,0.1565,547267
0,0.1566,18125
0,0.1566,18170
0,0.1566,24701
0,0.1566,63122
0,0.1566,70651
0,0.1566,85527
0,0.1566,174420
0,0.1566,195264
0,0.1566,522746
0,0.1566,523060
0,0.1566,529519
0,0.1566,801816
0,0.1567,12947
0,0.1567,15514
0,0.1567,17878
0,0.1567,19982
0,0.1567,21174
0,0.1567,57007
0,0.1567,555176
0,0.1568,11671
0,0.1568,28010
0,0.1568,57522
0,0.1568,58517
0,0.1568,95057
0,0.1568,512314
0,0.1568,521814
0,0.1568,522387
0,0.1568,574147
0,0.1569,10825
0,0.1569,11038
0,0.1569,11152
0,0.1569,12054
0,0.1569,17901
0,0.1569,25792
0,0.1569,29379
0,0.1569,38835
0,0.1569,42700
0,0.1569,42997
0,0.1569,76194
0,0.1569,131748
0,0.1569,511788
0,0.1569,516369
0,0.1569,521059
0,0.1569,555270
0,0.1570,10072
0,0.1570,10100
0,0.1570,14912
0,0.1570,15731
0,0.1570,16457
0,0.1570,18911
0,0.1570,28184
0,0.1570,50444
0,0.1570,515015
0,0.1570,521662
0,0.1570,924883
0,0.1570,932796
0,0.1571,10830
0,0.1571,11663
0,0.1571,12095
0,0.1571,12297
0,0.1571,13317
0,0.1571,18288
0,0.1571,19488
0,0.1571,25359
0,0.1571,96106
0,0.1571,514045
0,0.1571,519878
0,0.1571,819096
0,0.1572,10687
0,0.1572,12941
0,0.1572,13595
0,0.1572,16527
0,0.1572,17835
0,0.1572,18779
0,0.1572,19274
0,0.1572,20185
0,0.1572,23273
0,0.1572,23809
0,0.1572,28791
0,0.1572,48096
0,0.1572,555256
0,0.1572,570132
0,0.1572,800412
0,0.1572,805097
0,0.1573,11665
0,0.1573,11896
0,0.1573,12900
0,0.1573,20818
0,0.1573,29021
0,0.1573,46073
0,0.1573,55630
0,0.1573,132121
0,0.1573,519363
0,0.1573,520646
0,0.1573,526612
0,0.1573,802461
0,0.1573,427967297
0,0.1574,10362
0,0.1574,11944
0,0.1574,14497
0,0.1574,16862
0,0.1574,18054
0,0.1574,18937
0,0.1574,29939
0,0.1574,42083
0,0.1574,77014
0,0.1574,512947
0,0.1574,513283
0,0.1575,10965
0,0.1575,12843
0,0.1575,15955
0,0.1575,16781
0,0.1575,19215
0,0.1575,19239
0,0.1575,29129
0,0.1575,58834
0,0.1575,59387
0,0.1575,516256
0,0.1575,517601
0,0.1575,519705
0,0.1575,524596
0,0.1575,536264
0,0.1575,567101
0,0.1576,10133
0,0.1576,12401
0,0.1576,12716
0,0.1576,17491
0,0.1576,19369
0,0.1576,27725
0,0.1576,28123
0,0.1576,32258
0,0.1576,43113
0,0.1576,49002
0,0.1576,98544
0,0.1576,526298
0,0.1576,801976
0,0.1577,10497
0,0.1577,11688
0,0.1577,11967
0,0.1577,15612
0,0.1577,18351
0,0.1577,19189
0,0.1577,24382
0,0.1577,56362
0,0.1577,61311
0,0.1577,83143
0,0.1577,175572
0,0.1577,485278
0,0.1577,522428
0,0.1577,522841
0,0.1577,523626
0,0.1577,529489
0,0.1578,10969
0,0.1578,11719
0,0.1578,12506
0,0.1578,12923
0,0.1578,13007
0,0.1578,14727
0,0.1578,16910
0,0.1578,24634
0,0.1578,61243
0,0.1578,303314
0,0.1578,513463
0,0.1578,513646
0,0.1578,518194
0,0.1578,520641
0,0.1578,522753
0,0.1578,800273
0,0.1578,815281
0,0.1578,324178811
0,0.1579,10035
0,0.1579,10514
0,0.1579,11497
0,0.1579,12107
0,0.1579,12240
0,0.1579,14294
0,0.1579,17801
0,0.1579,17938
0,0.1579,22884
0,0.1579,23619
0,0.1579,32475
0,0.1579,58331
0,0.1579,61398
0,0.1579,512328
0,0.1579,520817
0,0.1579,522465
0,0.1579,522815
0,0.1579,556286
0,0.1579,908747
0,0.1580,10553
0,0.1580,10844
0,0.1580,11606
0,0.1580,11856
0,0.1580,13444
0,0.1580,15782
0,0.1580,25255
0,0.1580,37265
0,0.1580,57559
0,0.1580,65472
0,0.1580,67889
0,0.1580,520581
0,0.1580,520789
0,0.1581,10099
0,0.1581,10299
0,0.1581,12248
0,0.1581,13460
0,0.1581,13586
0,0.1581,14011
0,0.1581,15905
0,0.1581,19283
0,0.1581,23167
0,0.1581,24690
0,0.1581,59969
0,0.1581,523379
0,0.1581,524755
0,0.1582,10414
0,0.1582,10606
0,0.1582,12532
0,0.1582,18437
0,0.1582,21797
0,0.1582,30504
0,0.1582,36812
0,0.1582,38706
0,0.1582,48667
0,0.1582,50228
0,0.1582,64607
0,0.1582,142802
0,0.1582,514125
0,0.1583,10288
0,0.1583,11085
0,0.1583,11087
0,0.1583,12104
0,0.1583,13079
0,0.1583,15310
0,0.1583,16536
0,0.1583,16836
0,0.1583,18109
0,0.1583,18419
0,0.1583,33289
0,0.1583,38454
0,0.1583,82899
0,0.1583,222777
0,0.1583,512513
0,0.1583,522734
0,0.1583,522807
0,0.1583,523786
0,0.1583,527588
0,0.1583,805244
0,0.1584,17402
0,0.1584,24016
0,0.1584,25763
0,0.1584,514547
0,0.1584,518721
0,0.1584,522410
0,0.1584,522738
0,0.1584,800171
0,0.1585,10003
0,0.1585,11238
0,0.1585,11338
0,0.1585,13026
0,0.1585,14486
0,0.1585,15176
0,0.1585,32967
0,0.1585,36704
0,0.1585,36947
0,0.1585,522974
0,0.1585,801998
0,0.1586,10272
0,0.1586,10740
0,0.1586,10847
0,0.1586,11061
0,0.1586,11810
0,0.1586,12368
0,0.1586,14643
0,0.1586,22852
0,0.1586,39134
0,0.1586,41640
0,0.1586,44816
0,0.1586,47257
0,0.1586,74551
0,0.1586,107195
0,0.1586,511955
0,0.1586,518375
0,0.1586,521126
0,0.1586,521236
0,0.1586,522762
0,0.1586,533946
0,0.1586,800846
0,0.1586,801561
0,0.1586,319204020
0,0.1587,11302
0,0.1587,12159
0,0.1587,14766
0,0.1587,16641
0,0.1587,17726
0,0.1587,512273
0,0.1587,520435
0,0.1587,529125
0,0.1588,10462
0,0.1588,12358
0,0.1588,16868
0,0.1588,17454
0,0.1588,19327
0,0.1588,26832
0,0.1588,30068
0,0.1588,34767
0,0.1588,52016
0,0.1588,141161
0,0.1588,512928
0,0.1588,555713
0,0.1589,10242
0,0.1589,10285
0,0.1589,10494
0,0.1589,11785
0,0.1589,15210
0,0.1589,16440
0,0.1589,22870
0,0.1589,23325
0,0.1589,35111
0,0.1589,53086
0,0.1589,69544
0,0.1589,90224
0,0.1589,137497
0,0.1589,513174
0,0.1589,518604
0,0.1590,10323
0,0.1590,10551
0,0.1590,10612
0,0.1590,10822
0,0.1590,11634
0,0.1590,11710
0,0.1590,12318
0,0.1590,13698
0,0.1590,15484
0,0.1590,17043
0,0.1590,18156
0,0.1590,20592
0,0.1590,27596
0,0.1590,519399
0,0.1590,519692
0,0.1590,523564
0,0.1590,803732
0,0.1590,374296357
0,0.1591,10109
0,0.1591,13217
0,0.1591,15325
0,0.1591,17623
0,0.1591,20831
0,0.1591,21932
0,0.1591,25362
0,0.1591,27106
0,0.1591,34683
0,0.1591,54440
0,0.1591,54465
0,0.1591,58730
0,0.1591,138585
0,0.1591,489781
0,0.1591,800085
0,0.1591,803210
0,0.1592,11210
0,0.1592,12105
0,0.1592,12809
0,0.1592,14714
0,0.1592,15674
0,0.1592,15939
0,0.1592,21692
0,0.1592,26718
0,0.1592,30108
0,0.1592,40046
0,0.1592,98157
0,0.1592,912111327
0,0.1593,10119
0,0.1593,13167
0,0.1593,13874
0,0.1593,18463
0,0.1593,24134
0,0.1593,26211
0,0.1593,27413
0,0.1593,63923
0,0.1593,106593
0,0.1593,513284
0,0.1593,524073
0,0.1593,524610
0,0.1594,11214
0,0.1594,11614
0,0.1594,11772
0,0.1594,12194
0,0.1594,12811
0,0.1594,13568
0,0.1594,18744
0,0.1594,44648
0,0.1594,64301
0,0.1594,521698
0,0.1594,524761
0,0.1594,527585
0,0.1594,530880
0,0.1594,802139
0,0.1595,11027
0,0.1595,11254
0,0.1595,13013
0,0.1595,13442
0,0.1595,16493
0,0.1595,19616
0,0.1595,23659
0,0.1595,26287
0,0.1595,45969
0,0.1595,519443
0,0.1595,556346
0,0.1595,802385
0,0.1595,834861
0,0.1596,11070
0,0.1596,11131
0,0.1596,11255
0,0.1596,11849
0,0.1596,12777
0,0.1596,14790
0,0.1596,14954
0,0.1596,16198
0,0.1596,18601
0,0.1596,20774
0,0.1596,26666
0,0.1596,42310
0,0.1596,50593
0,0.1596,521025
0,0.1596,555727
0,0.1596,555796
0,0.1596,808183
0,0.1597,10040
0,0.1597,10251
0,0.1597,10453
0,0.1597,10855
0,0.1597,11155
0,0.1597,11712
0,0.1597,14733
0,0.1597,14881
0,0.1597,26284
0,0.1597,47922
0,0.1597,58481
0,0.1597,511823
0,0.1597,519365
0,0.1597,523636
0,0.1597,529603
0,0.1597,530151
0,0.1597,805489
0,0.1598,10282
0,0.1598,10368
0,0.1598,10624
0,0.1598,11199
0,0.1598,13872
0,0.1598,14259
0,0.1598,15891
0,0.1598,27308
0,0.1598,104220
0,0.1598,513188
0,0.1598,537032
0,0.1599,10436
0,0.1599,13607
0,0.1599,15362
0,0.1599,16473
0,0.1599,16794
0,0.1599,20715
0,0.1599,25045
0,0.1599,34392
0,0.1599,511975
0,0.1599,520115
0,0.1599,525408
0,0.1599,902789
0,0.1600,10078
0,0.1600,11021
0,0.1600,12131
0,0.1600,12455
0,0.1600,13640
0,0.1600,14289
0,0.1600,16039
0,0.1600,25985
0,0.1600,54443
0,0.1600,114715
0,0.1600,512319
0,0.1600,513033
0,0.1600,518443
0,0.1600,521536
0,0.1600,530435
0,0.1600,801895
0,0.1601,10165
0,0.1601,11163
0,0.1601,11194
0,0.1601,11821
0,0.1601,12605
0,0.1601,13158
0,0.1601,13969
0,0.1601,520573
0,0.1601,547689
0,0.1601,801684
0,0.1602,10432
0,0.1602,11532
0,0.1602,13585
0,0.1602,15170
0,0.1602,18932
0,0.1602,19760
0,0.1602,25939
0,0.1602,58394
0,0.1602,520888
0,0.1602,521409
0,0.1602,539620
0,0.1602,800062
0,0.1603,10241
0,0.1603,22084
0,0.1603,23281
0,0.1603,39095
0,0.1603,45288
0,0.1603,99095
0,0.1603,140519
0,0.1603,489781
0,0.1603,521256
0,0.1603,553194
0,0.1603,802955
0,0.1604,10187
0,0.1604,12178
0,0.1604,31681
0,0.1604,35532
0,0.1604,514863
0,0.1604,527048
0,0.1604,801459
0,0.1604,803339
0,0.1604,427967297
0,0.1605,10269
0,0.1605,11900
0,0.1605,11921
0,0.1605,12732
0,0.1605,13306
0,0.1605,18327
0,0.1605,29806
0,0.1605,30371
0,0.1605,51159
0,0.1605,200001
0,0.1605,235061
0,0.1605,512795
0,0.1606,10061
0,0.1606,10428
0,0.1606,10691
0,0.1606,11419
0,0.1606,11457
0,0.1606,11846
0,0.1606,12067
0,0.1606,15494
0,0.1606,16707
0,0.1606,20381
0,0.1606,23009
0,0.1606,23073
0,0.1606,27296
0,0.1606,27302
0,0.1606,60056
0,0.1606,125794
0,0.1606,513930
0,0.1606,523482
0,0.1606,531732
0,0.1606,549229
0,0.1606,801282
0,0.1606,803007
0,0.1607,11369
0,0.1607,15051
0,0.1607,34452
0,0.1607,35743
0,0.1607,40390
0,0.1607,515933
0,0.1607,519514
0,0.1607,521241
0,0.1607,555342
0,0.1607,936810
0,0.1608,10168
0,0.1608,10202
0,0.1608,10840
0,0.1608,10917
0,0.1608,11363
0,0.1608,14194
0,0.1608,14899
0,0.1608,16380
0,0.1608,17419
0,0.1608,31871
0,0.1608,803129
0,0.1609,10820
0,0.1609,10879
0,0.1609,11253
0,0.1609,11326
0,0.1609,11607
0,0.1609,15535
0,0.1609,16093
0,0.1609,21687
0,0.1609,26402
0,0.1609,520337
0,0.1609,543158
0,0.1609,802615
0,0.1609,904022
0,0.1609,1050014552
0,0.1610,10278
0,0.1610,11064
0,0.1610,11170
0,0.1610,11508
0,0.1610,16553
0,0.1610,17931
0,0.1610,20559
0,0.1610,36524
0,0.1610,48491
0,0.1610,50575
0,0.1610,231168
0,0.1610,517202
0,0.1610,519658
0,0.1610,555340
0,0.1610,802402
0,0.1611,10236
0,0.1611,12109
0,0.1611,12506
0,0.1611,13307
0,0.1611,22240
0,0.1611,28674
0,0.1611,519840
0,0.1611,580329
0,0.1611,800157
0,0.1611,801970
0,0.1611,807893
0,0.1611,906612
0,0.1611,909612
0,0.1612,10060
0,0.1612,10293
0,0.1612,10356
0,0.1612,10967
0,0.1612,11969
0,0.1612,12137
0,0.1612,14434
0,0.1612,15371
0,0.1612,17685
0,0.1612,23601
0,0.1612,28469
0,0.1612,36295
0,0.1612,41801
0,0.1612,81442
0,0.1612,96320
0,0.1612,512927
0,0.1612,515072
0,0.1612,516110
0,0.1612,521444
0,0.1612,800344
0,0.1612,800438
0,0.1613,10027
0,0.1613,10114
0,0.1613,11874
0,0.1613,12606
0,0.1613,12917
0,0.1613,13428
0,0.1613,42483
0,0.1613,170407
0,0.1613,514362
0,0.1613,519720
0,0.1613,524655
0,0.1613,801295
0,0.1614,10041
0,0.1614,11252
0,0.1614,11445
0,0.1614,14705
0,0.1614,14772
0,0.1614,14853
0,0.1614,15924
0,0.1614,16125
0,0.1614,17173
0,0.1614,18415
0,0.1614,20945
0,0.1614,22521
0,0.1614,27937
0,0.1614,99882
0,0.1614,517548
0,0.1614,517722
0,0.1614,523349
0,0.1614,530449
0,0.1614,800546
0,0.1615,10099
0,0.1615,11201
0,0.1615,13228
0,0.1615,13559
0,0.1615,14464
0,0.1615,15458
0,0.1615,18766
0,0.1615,21277
0,0.1615,24866
0,0.1615,34187
0,0.1615,521444
0,0.1615,556539
0,0.1615,800392
0,0.1615,803305
0,0.1615,813104
0,0.1615,909363
0,0.1616,10175
0,0.1616,10457
0,0.1616,11423
0,0.1616,11902
0,0.1616,11933
0,0.1616,13363
0,0.1616,22626
0,0.1616,46466
0,0.1616,64180
0,0.1616,153028
0,0.1616,514410
0,0.1616,520390
0,0.1616,525959
0,0.1616,800247
0,0.1616,800269
0,0.1616,800718
0,0.1616,800784
0,0.1616,804657
0,0.1616,807088
0,0.1616,941298
0,0.1617,10150
0,0.1617,10537
0,0.1617,10797
0,0.1617,11618
0,0.1617,12907
0,0.1617,14716
0,0.1617,16087
0,0.1617,18504
0,0.1617,19740
0,0.1617,25709
0,0.1617,85715
0,0.1617,164031
0,0.1617,172666
0,0.1617,511828
0,0.1617,517255
0,0.1617,529385
0,0.1617,800687
0,0.1617,805165
0,0.1618,10120
0,0.1618,11280
0,0.1618,12398
0,0.1618,24382
0,0.1618,62207
0,0.1618,514596
0,0.1618,520034
0,0.1618,522745
0,0.1618,800203
0,0.1618,801497
0,0.1618,805578
0,0.1618,810086
0,0.1618,427967297
0,0.1619,11013
0,0.1619,15412
0,0.1619,17691
0,0.1619,18343
0,0.1619,30310
0,0.1619,47754
0,0.1619,55656
0,0.1619,71547
0,0.1619,147927
0,0.1619,521075
0,0.1619,902501
0,0.1619,908183
0,0.1619,924167
0,0.1620,10294
0,0.1620,10539
0,0.1620,10969
0,0.1620,11341
0,0.1620,12651
0,0.1620,13186
0,0.1620,13317
0,0.1620,42241
0,0.1620,168586
0,0.1620,514579
0,0.1620,520642
0,0.1620,534301
0,0.1620,801210
0,0.1620,801822
0,0.1620,803340
0,0.1621,10295
0,0.1621,10593
0,0.1621,11327
0,0.1621,12006
0,0.1621,15117
0,0.1621,19189
0,0.1621,35372
0,0.1621,66752
0,0.1621,517257
0,0.1621,523675
0,0.1621,806297
0,0.1621,374296357
0,0.1622,10744
0,0.1622,10807
0,0.1622,10994
0,0.1622,14765
0,0.1622,16465
0,0.1622,17244
0,0.1622,42332
0,0.1622,64689
0,0.1622,68889
0,0.1622,94433
0,0.1622,515679
0,0.1622,517256
0,0.1622,518194
0,0.1622,800042
0,0.1622,808456
0,0.1623,10110
0,0.1623,10385
0,0.1623,10663
0,0.1623,10839
0,0.1623,10845
0,0.1623,11010
0,0.1623,11312
0,0.1623,14105
0,0.1623,14509
0,0.1623,16687
0,0.1623,18419
0,0.1623,18585
0,0.1623,32463
0,0.1623,81201
0,0.1623,515575
0,0.1623,555176
0,0.1623,905984
0,0.1624,10707
0,0.1624,11188
0,0.1624,12405
0,0.1624,12654
0,0.1624,14686
0,0.1624,18823
0,0.1624,19569
0,0.1624,29207
0,0.1624,35558
0,0.1624,520194
0,0.1624,520442
0,0.1624,521814
0,0.1624,800143
0,0.1624,804435
0,0.1624,804556
0,0.1625,10190
0,0.1625,10226
0,0.1625,10319
0,0.1625,10480
0,0.1625,11516
0,0.1625,12396
0,0.1625,14424
0,0.1625,32258
0,0.1625,49378
0,0.1625,63798
0,0.1625,98698
0,0.1625,513146
0,0.1625,514405
0,0.1625,519616
0,0.1625,520817
0,0.1625,523863
0,0.1625,541412
0,0.1625,555259
0,0.1625,800120
0,0.1625,807252
0,0.1626,10637
0,0.1626,11947
0,0.1626,12297
0,0.1626,12358
0,0.1626,14756
0,0.1626,15351
0,0.1626,17143
0,0.1626,17369
0,0.1626,18728
0,0.1626,19618
0,0.1626,26417
0,0.1626,27524
0,0.1626,37921
0,0.1626,60946
0,0.1626,61285
0,0.1626,102689
0,0.1626,511778
0,0.1626,513283
0,0.1626,514045
0,0.1626,519140
0,0.1626,519705
0,0.1626,531708
0,0.1626,800354
0,0.1626,800931
0,0.1626,805925
0,0.1627,10255
0,0.1627,11053
0,0.1627,11375
0,0.1627,15273
0,0.1627,17175
0,0.1627,18125
0,0.1627,18779
0,0.1627,20359
0,0.1627,21613
0,0.1627,25403
0,0.1627,57935
0,0.1627,81228
0,0.1627,800564
0,0.1627,805491
0,0.1627,805532
0,0.1627,418840426
0,0.1628,11764
0,0.1628,15616
0,0.1628,16180
0,0.1628,32302
0,0.1628,383941
0,0.1628,534361
0,0.1628,802081
0,0.1628,804158
0,0.1628,804386
0,0.1628,805469
0,0.1629,10302
0,0.1629,10497
0,0.1629,11723
0,0.1629,14206
0,0.1629,20664
0,0.1629,22900
0,0.1629,23249
0,0.1629,53086
0,0.1629,76194
0,0.1629,515950
0,0.1629,525062
0,0.1629,800335
0,0.1629,806434
0,0.1630,10243
0,0.1630,11180
0,0.1630,12815
0,0.1630,17420
0,0.1630,21849
0,0.1630,22066
0,0.1630,40983
0,0.1630,85527
0,0.1630,289948
0,0.1630,523776
0,0.1630,806387
0,0.1630,906222
0,0.1631,10185
0,0.1631,10495
0,0.1631,11402
0,0.1631,11802
0,0.1631,12252
0,0.1631,12259
0,0.1631,12704
0,0.1631,15398
0,0.1631,19478
0,0.1631,20818
0,0.1631,21416
0,0.1631,28791
0,0.1631,45024
0,0.1631,49672
0,0.1631,512041
0,0.1631,514988
0,0.1631,518309
0,0.1631,803982
0,0.1631,812884
0,0.1632,10704
0,0.1632,10816
0,0.1632,13692
0,0.1632,15568
0,0.1632,15997
0,0.1632,17342
0,0.1632,17554
0,0.1632,19956
0,0.1632,25184
0,0.1632,44313
0,0.1632,531009
0,0.1632,533667
0,0.1632,536058
0,0.1632,800213
0,0.1632,800745
0,0.1632,801164
0,0.1632,936838
0,0.1633,10330
0,0.1633,12411
0,0.1633,13258
0,0.1633,14912
0,0.1633,17060
0,0.1633,23416
0,0.1633,23619
0,0.1633,25792
0,0.1633,57797
0,0.1633,131748
0,0.1633,164863
0,0.1633,511757
0,0.1633,511881
0,0.1633,512185
0,0.1633,521745
0,0.1633,539704
0,0.1633,806170
0,0.1633,600700832
0,0.1634,10950
0,0.1634,11699
0,0.1634,11836
0,0.1634,13613
0,0.1634,15905
0,0.1634,16105
0,0.1634,16249
0,0.1634,23209
0,0.1634,23602
0,0.1634,518540
0,0.1634,529318
0,0.1634,801193
0,0.1634,803074
0,0.1635,10050
0,0.1635,10097
0,0.1635,11663
0,0.1635,12454
0,0.1635,12503
0,0.1635,12762
0,0.1635,12838
0,0.1635,14697
0,0.1635,23162
0,0.1635,38835
0,0.1635,58405
0,0.1635,60774
0,0.1635,67864
0,0.1635,144334
0,0.1635,513827
0,0.1635,519715
0,0.1635,800307
0,0.1635,801085
0,0.1635,904736
0,0.1636,10468
0,0.1636,11200
0,0.1636,11893
0,0.1636,14330
0,0.1636,15436
0,0.1636,16659
0,0.1636,23273
0,0.1636,29135
0,0.1636,174420
0,0.1636,514125
0,0.1636,523017
0,0.1636,905303
0,0.1637,10376
0,0.1637,10488
0,0.1637,10677
0,0.1637,10981
0,0.1637,11585
0,0.1637,11943
0,0.1637,12104
0,0.1637,12520
0,0.1637,13305
0,0.1637,16110
0,0.1637,16734
0,0.1637,17024
0,0.1637,17454
0,0.1637,24702
0,0.1637,26293
0,0.1637,59983
0,0.1637,70651
0,0.1637,520087
0,0.1637,521063
0,0.1637,527318
0,0.1637,555837
0,0.1637,905929
0,0.1638,10184
0,0.1638,10652
0,0.1638,12374
0,0.1638,12565
0,0.1638,13877
0,0.1638,15514
0,0.1638,16275
0,0.1638,17156
0,0.1638,17367
0,0.1638,21637
0,0.1638,30537
0,0.1638,114151
0,0.1638,195264
0,0.1638,515844
0,0.1638,521815
0,0.1638,524133
0,0.1638,800446
0,0.1638,800890
0,0.1638,804835
0,0.1638,905812
0,0.1639,10107
0,0.1639,10322
0,0.1639,11460
0,0.1639,15028
0,0.1639,15680
0,0.1639,16175
0,0.1639,21932
0,0.1639,23325
0,0.1639,39253
0,0.1639,39462
0,0.1639,57505
0,0.1639,73397
0,0.1639,514546
0,0.1639,521701
0,0.1639,574357
0,0.1639,800618
0,0.1639,801267
0,0.1639,813076
0,0.1639,914445
0,0.1640,10044
0,0.1640,10072
0,0.1640,11032
0,0.1640,11497
0,0.1640,11959
0,0.1640,12107
0,0.1640,14523
0,0.1640,16026
0,0.1640,19498
0,0.1640,24232
0,0.1640,24708
0,0.1640,26798
0,0.1640,38272
0,0.1640,111660
0,0.1640,489781
0,0.1640,526311
0,0.1641,10669
0,0.1641,13121
0,0.1641,16862
0,0.1641,17379
0,0.1641,98544
0,0.1641,511841
0,0.1641,513644
0,0.1641,518461
0,0.1641,520621
0,0.1641,521527
0,0.1641,524717
0,0.1641,802544
0,0.1641,904070
0,0.1641,912379
0,0.1641,940712
0,0.1642,10122
0,0.1642,11008
0,0.1642,12228
0,0.1642,12514
0,0.1642,14023
0,0.1642,14029
0,0.1642,22641
0,0.1642,34900
0,0.1642,519722
0,0.1642,522840
0,0.1642,529408
0,0.1642,531999
0,0.1642,800082
0,0.1642,801998
0,0.1642,806636
0,0.1643,10169
0,0.1643,10271
0,0.1643,10312
0,0.1643,13863
0,0.1643,15914
0,0.1643,16700
0,0.1643,16735
0,0.1643,17790
0,0.1643,25554
0,0.1643,47107
0,0.1643,513111
0,0.1643,515015
0,0.1643,555344
0,0.1643,556347
0,0.1643,800702
0,0.1643,803048
0,0.1643,933913
0,0.1644,10207
0,0.1644,10378
0,0.1644,10692
0,0.1644,12730
0,0.1644,13442
0,0.1644,22463
0,0.1644,31735
0,0.1644,40213
0,0.1644,70779
0,0.1644,119860
0,0.1644,531769
0,0.1644,800773
0,0.1644,802543
0,0.1644,803013
0,0.1644,814430
0,0.1644,155143464
0,0.1645,11318
0,0.1645,14011
0,0.1645,14137
0,0.1645,14224
0,0.1645,16360
0,0.1645,16554
0,0.1645,16986
0,0.1645,108860
0,0.1645,537135
0,0.1645,801609
0,0.1645,814115
0,0.1645,904093
0,0.1646,11021
0,0.1646,11896
0,0.1646,13537
0,0.1646,24136
0,0.1646,27893
0,0.1646,64399
0,0.1646,155188
0,0.1646,515760
0,0.1646,531299
0,0.1646,906554
0,0.1646,912073
0,0.1647,10133
0,0.1647,11977
0,0.1647,12319
0,0.1647,12445
0,0.1647,16781
0,0.1647,19327
0,0.1647,30981
0,0.1647,61398
0,0.1647,68658
0,0.1647,71649
0,0.1647,434891
0,0.1647,523716
0,0.1647,903090
0,0.1647,319204020
0,0.1648,12264
0,0.1648,14869
0,0.1648,14881
0,0.1648,16540
0,0.1648,16794
0,0.1648,18749
0,0.1648,44669
0,0.1648,52728
0,0.1648,58146
0,0.1648,94555
0,0.1648,511882
0,0.1648,517723
0,0.1648,519144
0,0.1648,805227
0,0.1649,12091
0,0.1649,13826
0,0.1649,71611
0,0.1649,84758
0,0.1649,154359
0,0.1649,513339
0,0.1649,520155
0,0.1649,800022
0,0.1649,800056
0,0.1650,10887
0,0.1650,11181
0,0.1650,11311
0,0.1650,13005
0,0.1650,13115
0,0.1650,14935
0,0.1650,17878
0,0.1650,18437
0,0.1650,19274
0,0.1650,21263
0,0.1650,21296
0,0.1650,24922
0,0.1650,34801
0,0.1650,800343
0,0.1650,830847
0,0.1651,10447
0,0.1651,10531
0,0.1651,10658
0,0.1651,12506
0,0.1651,123422
0,0.1651,190319
0,0.1652,10719
0,0.1652,13281
0,0.1652,520641
0,0.1652,561653
0,0.1652,800757
0,0.1652,803169
0,0.1652,804707
0,0.1653,10011
0,0.1653,10137
0,0.1653,10479
0,0.1653,12086
0,0.1653,15163
0,0.1653,15502
0,0.1653,15789
0,0.1653,24776
0,0.1653,88528
0,0.1653,117741
0,0.1653,513340
0,0.1653,515675
0,0.1653,517512
0,0.1653,522428
0,0.1653,522828
0,0.1653,524732
0,0.1653,532909
0,0.1653,559141
0,0.1653,800217
0,0.1653,800827
0,0.1653,801895
0,0.1653,804887
0,0.1653,903026
0,0.1654,10099
0,0.1654,10404
0,0.1654,11146
0,0.1654,11166
0,0.1654,11485
0,0.1654,14766
0,0.1654,16506
0,0.1654,16599
0,0.1654,21609
0,0.1654,41171
0,0.1654,63923
0,0.1654,516072
0,0.1654,517881
0,0.1654,518604
0,0.1654,800041
0,0.1654,801295
0,0.1655,10165
0,0.1655,10606
0,0.1655,11199
0,0.1655,11806
0,0.1655,12140
0,0.1655,12151
0,0.1655,13773
0,0.1655,16671
0,0.1655,19594
0,0.1655,25939
0,0.1655,32393
0,0.1655,47802
0,0.1655,57381
0,0.1655,61840
0,0.1655,69319
0,0.1655,85395
0,0.1655,125111
0,0.1655,520812
0,0.1655,526298
0,0.1655,530880
0,0.1655,800412
0,0.1655,1050014552
0,0.1656,10003
0,0.1656,10224
0,0.1656,10847
0,0.1656,14093
0,0.1656,25312
0,0.1656,34949
0,0.1656,512927
0,0.1656,521059
0,0.1656,522752
0,0.1656,932322
0,0.1656,932796
0,0.1657,10170
0,0.1657,10204
0,0.1657,10222
0,0.1657,12159
0,0.1657,12733
0,0.1657,13229
0,0.1657,15495
0,0.1657,16254
0,0.1657,17706
0,0.1657,20144
0,0.1657,38190
0,0.1657,46013
0,0.1657,58730
0,0.1657,800719
0,0.1657,802174
0,0.1657,803195
0,0.1657,803599
0,0.1658,10306
0,0.1658,12742
0,0.1658,12900
0,0.1658,13018
0,0.1658,14434
0,0.1658,15170
0,0.1658,23826
0,0.1658,25970
0,0.1658,39657
0,0.1658,522715
0,0.1658,522815
0,0.1658,533293
0,0.1658,537027
0,0.1658,555238
0,0.1658,800718
0,0.1658,801970
0,0.1658,374296357
0,0.1659,10371
0,0.1659,10515
0,0.1659,11365
0,0.1659,11989
0,0.1659,15612
0,0.1659,18185
0,0.1659,37142
0,0.1659,46152
0,0.1659,512513
0,0.1659,512928
0,0.1659,513376
0,0.1659,521292
0,0.1659,803860
0,0.1659,808205
0,0.1660,15713
0,0.1660,18504
0,0.1660,18814
0,0.1660,22567
0,0.1660,22870
0,0.1660,23197
0,0.1660,25045
0,0.1660,27737
0,0.1660,35635
0,0.1660,40768
0,0.1660,49464
0,0.1660,58532
0,0.1660,517548
0,0.1660,521236
0,0.1660,525354
0,0.1660,801663
0,0.1660,801816
0,0.1660,804663
0,0.1660,806326
0,0.1661,12811
0,0.1661,13013
0,0.1661,13371
0,0.1661,18744
0,0.1661,21692
0,0.1661,23601
0,0.1661,42997
0,0.1661,512581
0,0.1661,515933
0,0.1661,520691
0,0.1661,214700177
0,0.1661,600700832
0,0.1662,10114
0,0.1662,10539
0,0.1662,13932
0,0.1662,14736
0,0.1662,14892
0,0.1662,14918
0,0.1662,15693
0,0.1662,18351
0,0.1662,27252
0,0.1662,53078
0,0.1662,53290
0,0.1662,57240
0,0.1662,104220
0,0.1662,519866
0,0.1662,521814
0,0.1662,523786
0,0.1662,529519
0,0.1662,531862
0,0.1662,537032
0,0.1663,11874
0,0.1663,12796
0,0.1663,13559
0,0.1663,13985
0,0.1663,15451
0,0.1663,18779
0,0.1663,19427
0,0.1663,25684
0,0.1663,35743
0,0.1663,54465
0,0.1663,518777
0,0.1663,519818
0,0.1663,527350
0,0.1664,10564
0,0.1664,10638
0,0.1664,11903
0,0.1664,12318
0,0.1664,19036
0,0.1664,19189
0,0.1664,19921
0,0.1664,20831
0,0.1664,34191
0,0.1664,38268
0,0.1664,512314
0,0.1664,514045
0,0.1664,520210
0,0.1664,520581
0,0.1664,527588
0,0.1664,529422
0,0.1664,531557
0,0.1664,807353
0,0.1664,932321
0,0.1665,10285
0,0.1665,11608
0,0.1665,15510
0,0.1665,16399
0,0.1665,17663
0,0.1665,24382
0,0.1665,39813
0,0.1665,513284
0,0.1665,549638
0,0.1666,15829
0,0.1666,39753
0,0.1666,41887
0,0.1666,95462
0,0.1666,514605
0,0.1666,549508
0,0.1666,802652
0,0.1667,10494
0,0.1667,11030
0,0.1667,11324
0,0.1667,13217
0,0.1667,15808
0,0.1667,19290
0,0.1667,530460
0,0.1667,808183
0,0.1667,814010
0,0.1667,908747
0,0.1667,1050045395
0,0.1668,10052
0,0.1668,10807
0,0.1668,11701
0,0.1668,13317
0,0.1668,15176
0,0.1668,15635
0,0.1668,22276
0,0.1668,28254
0,0.1668,38706
0,0.1668,42483
0,0.1668,49220
0,0.1668,57102
0,0.1668,59198
0,0.1668,60241
0,0.1668,76194
0,0.1668,511823
0,0.1668,512305
0,0.1668,514405
0,0.1668,518194
0,0.1668,527653
0,0.1668,535668
0,0.1668,556346
0,0.1669,10302
0,0.1669,10687
0,0.1669,11457
0,0.1669,12054
0,0.1669,12542
0,0.1669,13360
0,0.1669,14640
0,0.1669,15243
0,0.1669,16641
0,0.1669,16899
0,0.1669,18426
0,0.1669,27296
0,0.1669,30310
0,0.1669,34576
0,0.1669,35196
0,0.1669,35532
0,0.1669,513463
0,0.1669,518513
0,0.1669,805244
0,0.1669,805286
0,0.1669,807924
0,0.1669,904185
0,0.1670,10100
0,0.1670,11131
0,0.1670,11568
0,0.1670,12572
0,0.1670,14593
0,0.1670,15440
0,0.1670,16438
0,0.1670,18123
0,0.1670,18932
0,0.1670,28559
0,0.1670,35474
0,0.1670,516643
0,0.1670,524968
0,0.1670,530668
0,0.1671,10428
0,0.1671,10825
0,0.1671,10920
0,0.1671,11915
0,0.1671,12194
0,0.1671,12395
0,0.1671,30807
0,0.1671,42509
0,0.1671,70088
0,0.1671,126216
0,0.1671,434199
0,0.1671,515460
0,0.1671,517601
0,0.1672,10446
0,0.1672,10611
0,0.1672,12155
0,0.1672,13515
0,0.1672,13551
0,0.1672,13643
0,0.1672,14727
0,0.1672,15071
0,0.1672,23513
0,0.1672,23854
0,0.1672,29535
0,0.1672,35698
0,0.1672,43695
0,0.1672,48914
0,0.1672,215209
0,0.1672,513655
0,0.1672,516739
0,0.1672,518112
0,0.1672,519461
0,0.1672,522974
0,0.1672,522992
0,0.1672,574147
0,0.1673,10748
0,0.1673,11221
0,0.1673,11900
0,0.1673,12388
0,0.1673,12993
0,0.1673,13864
0,0.1673,15441
0,0.1673,16260
0,0.1673,35588
0,0.1673,40300
0,0.1673,58394
0,0.1673,303314
0,0.1673,515026
0,0.1673,522754
0,0.1673,903570
0,0.1674,11529
0,0.1674,14464
0,0.1674,18419
0,0.1674,63122
0,0.1674,64607
0,0.1674,70167
0,0.1674,209688
0,0.1674,519365
0,0.1674,521241
0,0.1674,527048
0,0.1674,529385
0,0.1674,807799
0,0.1675,10041
0,0.1675,10545
0,0.1675,11934
0,0.1675,12135
0,0.1675,17525
0,0.1675,18559
0,0.1675,22461
0,0.1675,27486
0,0.1675,44250
0,0.1675,44865
0,0.1675,48491
0,0.1675,53639
0,0.1675,59387
0,0.1675,513283
0,0.1675,524361
0,0.1675,524761
0,0.1675,529498
0,0.1675,530449
0,0.1675,800605
0,0.1676,11631
0,0.1676,12104
0,0.1676,13740
0,0.1676,15114
0,0.1676,15666
0,0.1676,17825
0,0.1676,17931
0,0.1676,19760
0,0.1676,21214
0,0.1676,32258
0,0.1676,35261
0,0.1676,44816
0,0.1676,55124
0,0.1676,235061
0,0.1676,512319
0,0.1676,519371
0,0.1676,519399
0,0.1676,552262
0,0.1677,10661
0,0.1677,13158
0,0.1677,15534
0,0.1677,18238
0,0.1677,19995
0,0.1677,21527
0,0.1677,26417
0,0.1677,40289
0,0.1677,40888
0,0.1677,137497
0,0.1677,517913
0,0.1677,522761
0,0.1677,532187
0,0.1677,549229
0,0.1678,12181
0,0.1678,12358
0,0.1678,15408
0,0.1678,16907
0,0.1678,19025
0,0.1678,21719
0,0.1678,23325
0,0.1678,44931
0,0.1678,48335
0,0.1678,58517
0,0.1678,513646
0,0.1678,514547
0,0.1678,524655
0,0.1678,559554
0,0.1678,936810
0,0.1679,10110
0,0.1679,10691
0,0.1679,11945
0,0.1679,14939
0,0.1679,15212
0,0.1679,17325
0,0.1679,20818
0,0.1679,168670
0,0.1679,222777
0,0.1679,529603
0,0.1679,802955
0,0.1680,10612
0,0.1680,11965
0,0.1680,16440
0,0.1680,16636
0,0.1680,17696
0,0.1680,17861
0,0.1680,28791
0,0.1680,35109
0,0.1680,50228
0,0.1680,64874
0,0.1680,94433
0,0.1680,514416
0,0.1680,519363
0,0.1680,522762
0,0.1680,530151
0,0.1681,10969
0,0.1681,11603
0,0.1681,11877
0,0.1681,12487
0,0.1681,13294
0,0.1681,13625
0,0.1681,14552
0,0.1681,18156
0,0.1681,19633
0,0.1681,19767
0,0.1681,24741
0,0.1681,56970
0,0.1681,69544
0,0.1681,71877
0,0.1681,519132
0,0.1681,520367
0,0.1681,523821
0,0.1681,802909
0,0.1682,10844
0,0.1682,11497
0,0.1682,12088
0,0.1682,12343
0,0.1682,12506
0,0.1682,13347
0,0.1682,17389
0,0.1682,17930
0,0.1682,519717
0,0.1682,803129
0,0.1683,10099
0,0.1683,11503
0,0.1683,12654
0,0.1683,15237
0,0.1683,23273
0,0.1683,27025
0,0.1683,29713
0,0.1683,53086
0,0.1683,101652
0,0.1683,515757
0,0.1683,520817
0,0.1684,10414
0,0.1684,12060
0,0.1684,14903
0,0.1684,22122
0,0.1684,38914
0,0.1684,48638
0,0.1684,51159
0,0.1684,105436
0,0.1684,512947
0,0.1684,513630
0,0.1684,514997
0,0.1684,516098
0,0.1684,521240
0,0.1684,800093
0,0.1685,10412
0,0.1685,10513
0,0.1685,11200
0,0.1685,11338
0,0.1685,12802
0,0.1685,12809
0,0.1685,14871
0,0.1685,15362
0,0.1685,17274
0,0.1685,17419
0,0.1685,17938
0,0.1685,18109
0,0.1685,20272
0,0.1685,22240
0,0.1685,23619
0,0.1685,32315
0,0.1685,514125
0,0.1685,516110
0,0.1685,521444
0,0.1686,10108
0,0.1686,10209
0,0.1686,10376
0,0.1686,11586
0,0.1686,11710
0,0.1686,11712
0,0.1686,12398
0,0.1686,13628
0,0.1686,15127
0,0.1686,15325
0,0.1686,17272
0,0.1686,21932
0,0.1686,23703
0,0.1686,61273
0,0.1686,107241
0,0.1686,130455
0,0.1686,154544
0,0.1686,173462
0,0.1686,512859
0,0.1686,521409
0,0.1687,10120
0,0.1687,10172
0,0.1687,11085
0,0.1687,13258
0,0.1687,14566
0,0.1687,25184
0,0.1687,26665
0,0.1687,54602
0,0.1687,68889
0,0.1687,511828
0,0.1687,813104
0,0.1688,10187
0,0.1688,11210
0,0.1688,11255
0,0.1688,12716
0,0.1688,15904
0,0.1688,16517
0,0.1688,20468
0,0.1688,20755
0,0.1688,21688
0,0.1688,35978
0,0.1688,36751
0,0.1688,175572
0,0.1688,520646
0,0.1688,523636
0,0.1689,10150
0,0.1689,11094
0,0.1689,13969
0,0.1689,14997
0,0.1689,22884
0,0.1689,30716
0,0.1689,97863
0,0.1689,519332
0,0.1689,519454
0,0.1689,519862
0,0.1689,523675
0,0.1689,532000
0,0.1690,14686
0,0.1690,14881
0,0.1690,15514
0,0.1690,19218
0,0.1690,22709
0,0.1690,39504
0,0.1690,46073
0,0.1690,48667
0,0.1690,521813
0,0.1690,521928
0,0.1690,524717
0,0.1690,529125
0,0.1691,10202
0,0.1691,16689
0,0.1691,17131
0,0.1691,26576
0,0.1691,36812
0,0.1691,58834
0,0.1691,70325
0,0.1691,72491
0,0.1691,454614
0,0.1691,519331
0,0.1691,521203
0,0.1692,10205
0,0.1692,10356
0,0.1692,10369
0,0.1692,11021
0,0.1692,11084
0,0.1692,12651
0,0.1692,12710
0,0.1692,13428
0,0.1692,13442
0,0.1692,15458
0,0.1692,16794
0,0.1692,18022
0,0.1692,21904
0,0.1692,24701
0,0.1692,25638
0,0.1692,32016
0,0.1692,37105
0,0.1692,39847
0,0.1692,40390
0,0.1692,49318
0,0.1692,57935
0,0.1692,114858
0,0.1692,519140
0,0.1693,11618
0,0.1693,20715
0,0.1693,23812
0,0.1693,25792
0,0.1693,513033
0,0.1693,519003
0,0.1693,819096
0,0.1693,906612
0,0.1693,908143
0,0.1694,10914
0,0.1694,11012
0,0.1694,14954
0,0.1694,15024
0,0.1694,15308
0,0.1694,15937
0,0.1694,17726
0,0.1694,18226
0,0.1694,18980
0,0.1694,19255
0,0.1694,20398
0,0.1694,85527
0,0.1694,512199
0,0.1694,517512
0,0.1694,523564
0,0.1694,533529
0,0.1694,811204
0,0.1695,10136
0,0.1695,10289
0,0.1695,11053
0,0.1695,11174
0,0.1695,13456
0,0.1695,16139
0,0.1695,16473
0,0.1695,16537
0,0.1695,22084
0,0.1695,22585
0,0.1695,28131
0,0.1695,33775
0,0.1695,55527
0,0.1695,66976
0,0.1695,89801
0,0.1695,512927
0,0.1695,522734
0,0.1695,918582
0,0.1696,13138
0,0.1696,13434
0,0.1696,16099
0,0.1696,17177
0,0.1696,17474
0,0.1696,18054
0,0.1696,22799
0,0.1696,29419
0,0.1696,83621
0,0.1696,511778
0,0.1696,520895
0,0.1696,521027
0,0.1696,555713
0,0.1697,10138
0,0.1697,10185
0,0.1697,13830
0,0.1697,15382
0,0.1697,15399
0,0.1697,15605
0,0.1697,15782
0,0.1697,17454
0,0.1697,25939
0,0.1697,28123
0,0.1697,29340
0,0.1697,512795
0,0.1697,519616
0,0.1698,10593
0,0.1698,10627
0,0.1698,10852
0,0.1698,10863
0,0.1698,11170
0,0.1698,11220
0,0.1698,11540
0,0.1698,12561
0,0.1698,12606
0,0.1698,15858
0,0.1698,38835
0,0.1698,115198
0,0.1698,131748
0,0.1698,517763
0,0.1698,555342
0,0.1698,803160
0,0.1698,805489
0,0.1699,10288
0,0.1699,11184
0,0.1699,13228
0,0.1699,14207
0,0.1699,14259
0,0.1699,15182
0,0.1699,15484
0,0.1699,18779
0,0.1699,23602
0,0.1699,60685
0,0.1699,61921
0,0.1699,513464
0,0.1699,521206
0,0.1699,524167
0,0.1700,10147
0,0.1700,10497
0,0.1700,11888
0,0.1700,13167
0,0.1700,13947
0,0.1700,27725
0,0.1700,62207
0,0.1700,75379
0,0.1700,77821
0,0.1700,80674
0,0.1700,84758
0,0.1700,513146
0,0.1700,513378
0,0.1700,519144
0,0.1700,521814
0,0.1700,537899
0,0.1700,879469321
0,0.1701,11896
0,0.1701,16862
0,0.1701,17491
0,0.1701,18921
0,0.1701,21822
0,0.1701,67174
0,0.1701,512328
0,0.1701,529803
0,0.1701,533470
0,0.1702,10061
0,0.1702,10932
0,0.1702,11668
0,0.1702,12125
0,0.1702,12811
0,0.1702,15616
0,0.1702,17402
0,0.1702,19616
0,0.1702,22441
0,0.1702,29493
0,0.1702,58481
0,0.1702,95057
0,0.1702,514596
0,0.1702,536208
0,0.1702,800845
0,0.1703,10617
0,0.1703,10704
0,0.1703,11494
0,0.1703,13613
0,0.1703,13989
0,0.1703,14289
0,0.1703,15839
0,0.1703,15905
0,0.1703,18504
0,0.1703,19982
0,0.1703,21731
0,0.1703,23025
0,0.1703,26284
0,0.1703,30181
0,0.1703,50952
0,0.1703,50960
0,0.1703,92871
0,0.1703,512928
0,0.1703,515091
0,0.1703,519878
0,0.1703,521536
0,0.1703,802704
0,0.1703,805165
0,0.1703,900035
0,0.1704,10226
0,0.1704,10537
0,0.1704,12926
0,0.1704,13872
0,0.1704,14434
0,0.1704,15535
0,0.1704,16781
0,0.1704,16910
0,0.1704,17175
0,0.1704,23281
0,0.1704,45427
0,0.1704,65472
0,0.1704,514988
0,0.1704,520115
0,0.1704,555796
0,0.1704,807288
0,0.1705,10332
0,0.1705,10553
0,0.1705,10735
0,0.1705,11017
0,0.1705,11061
0,0.1705,11717
0,0.1705,11878
0,0.1705,12067
0,0.1705,17782
0,0.1705,19902
0,0.1705,20185
0,0.1705,24634
0,0.1705,25236
0,0.1705,31839
0,0.1705,50444
0,0.1705,59776
0,0.1705,67789
0,0.1705,98544
0,0.1705,522338
0,0.1705,801949
0,0.1706,10378
0,0.1706,12510
0,0.1706,14011
0,0.1706,21637
0,0.1706,80867
0,0.1706,512307
0,0.1706,515950
0,0.1706,516369
0,0.1706,518541
0,0.1706,523550
0,0.1706,523786
0,0.1707,10448
0,0.1707,11402
0,0.1707,14912
0,0.1707,18125
0,0.1707,18585
0,0.1707,30498
0,0.1707,34392
0,0.1707,514045
0,0.1707,529604
0,0.1707,550221
0,0.1708,12646
0,0.1708,12902
0,0.1708,16110
0,0.1708,16540
0,0.1708,17671
0,0.1708,26287
0,0.1708,29379
0,0.1708,35743
0,0.1708,61398
0,0.1708,96586
0,0.1708,102689
0,0.1708,195264
0,0.1708,534008
0,0.1708,555259
0,0.1708,801849
0,0.1709,10820
0,0.1709,12532
0,0.1709,21252
0,0.1709,21353
0,0.1709,28674
0,0.1709,40046
0,0.1709,166528
0,0.1709,194213
0,0.1709,555340
0,0.1709,802046
0,0.1710,19452
0,0.1710,53652
0,0.1710,70651
0,0.1710,105709
0,0.1710,174420
0,0.1710,523684
0,0.1710,526612
0,0.1710,532909
0,0.1710,580802
0,0.1710,800890
0,0.1711,10269
0,0.1711,10816
0,0.1711,12006
0,0.1711,12644
0,0.1711,18940
0,0.1711,18953
0,0.1711,31681
0,0.1711,39368
0,0.1711,54440
0,0.1711,511955
0,0.1711,514230
0,0.1711,530435
0,0.1712,11606
0,0.1712,14205
0,0.1712,16360
0,0.1712,17354
0,0.1712,17835
0,0.1712,18437
0,0.1712,38389
0,0.1712,517256
0,0.1712,517548
0,0.1712,533618
0,0.1712,555727
0,0.1712,803605
0,0.1713,10175
0,0.1713,10548
0,0.1713,11003
0,0.1713,14869
0,0.1713,15226
0,0.1713,16180
0,0.1713,16538
0,0.1713,16706
0,0.1713,26901
0,0.1713,33316
0,0.1713,36384
0,0.1713,46388
0,0.1713,76486
0,0.1713,116555
0,0.1713,517202
0,0.1713,522753
0,0.1713,523776
0,0.1713,808159
0,0.1714,11064
0,0.1714,11420
0,0.1714,12319
0,0.1714,13317
0,0.1714,24382
0,0.1714,38272
0,0.1714,79979
0,0.1714,256844
0,0.1714,434199
0,0.1714,517257
0,0.1714,525959
0,0.1714,574357
0,0.1714,813076
0,0.1715,11005
0,0.1715,15051
0,0.1715,17408
0,0.1715,18823
0,0.1715,23601
0,0.1715,38338
0,0.1715,38454
0,0.1715,434891
0,0.1715,515578
0,0.1715,520812
0,0.1715,815205
0,0.1715,834861
0,0.1715,600700832
0,0.1716,10447
0,0.1716,10777
0,0.1716,10840
0,0.1716,11614
0,0.1716,11846
0,0.1716,13559
0,0.1716,13901
0,0.1716,15997
0,0.1716,16579
0,0.1716,30371
0,0.1716,81228
0,0.1716,87338
0,0.1716,512357
0,0.1716,515675
0,0.1716,519230
0,0.1716,534361
0,0.1717,10290
0,0.1717,10475
0,0.1717,13306
0,0.1717,15955
0,0.1717,20402
0,0.1717,26136
0,0.1717,51682
0,0.1717,247112
0,0.1717,512513
0,0.1717,513537
0,0.1717,522746
0,0.1718,10099
0,0.1718,10800
0,0.1718,11874
0,0.1718,12565
0,0.1718,13836
0,0.1718,15713
0,0.1718,16175
0,0.1718,17156
0,0.1718,20818
0,0.1718,44005
0,0.1718,45024
0,0.1718,55630
0,0.1718,71547
0,0.1718,99882
0,0.1718,512002
0,0.1718,521126
0,0.1718,521538
0,0.1718,522410
0,0.1718,522738
0,0.1718,530880
0,0.1719,10278
0,0.1719,10624
0,0.1719,11699
0,0.1719,11750
0,0.1719,13007
0,0.1719,16978
0,0.1719,17379
0,0.1719,19189
0,0.1719,27413
0,0.1719,29135
0,0.1719,44690
0,0.1719,515140
0,0.1719,518604
0,0.1719,521633
0,0.1719,531708
0,0.1719,802544
0,0.1720,10323
0,0.1720,12817
0,0.1720,13018
0,0.1720,14276
0,0.1720,14625
0,0.1720,17901
0,0.1720,18604
0,0.1720,19290
0,0.1720,27296
0,0.1720,27416
0,0.1720,28010
0,0.1720,33536
0,0.1720,34683
0,0.1720,70486
0,0.1720,73753
0,0.1720,76194
0,0.1720,77709
0,0.1720,518690
0,0.1721,10167
0,0.1721,10917
0,0.1721,10974
0,0.1721,11152
0,0.1721,11673
0,0.1721,12232
0,0.1721,12358
0,0.1721,12506
0,0.1721,13760
0,0.1721,14206
0,0.1721,14424
0,0.1721,19274
0,0.1721,20072
0,0.1721,25045
0,0.1721,29116
0,0.1721,34949
0,0.1721,42483
0,0.1721,48982
0,0.1721,54462
0,0.1721,58730
0,0.1721,71503
0,0.1721,511841
0,0.1721,533411
0,0.1721,815281
0,0.1722,10109
0,0.1722,11802
0,0.1722,12900
0,0.1722,15612
0,0.1722,24016
0,0.1722,24828
0,0.1722,33224
0,0.1722,53086
0,0.1722,61896
0,0.1722,294178
0,0.1722,511881
0,0.1722,514405
0,0.1722,518707
0,0.1722,524136
0,0.1723,10047
0,0.1723,10187
0,0.1723,10241
0,0.1723,10255
0,0.1723,11038
0,0.1723,11361
0,0.1723,13307
0,0.1723,14705
0,0.1723,15562
0,0.1723,20774
0,0.1723,21227
0,0.1723,23273
0,0.1723,27893
0,0.1723,37921
0,0.1723,49627
0,0.1723,67864
0,0.1723,81442
0,0.1723,519460
0,0.1723,801998
0,0.1724,10050
0,0.1724,10515
0,0.1724,10965
0,0.1724,11103
0,0.1724,13121
0,0.1724,15457
0,0.1724,15495
0,0.1724,16380
0,0.1724,18165
0,0.1724,18730
0,0.1724,23325
0,0.1724,30421
0,0.1724,58331
0,0.1724,518194
0,0.1724,812884
0,0.1725,10072
0,0.1725,10294
0,0.1725,10949
0,0.1725,11925
0,0.1725,12355
0,0.1725,12941
0,0.1725,13013
0,0.1725,15351
0,0.1725,15398
0,0.1725,15837
0,0.1725,26843
0,0.1725,42095
0,0.1725,85580
0,0.1725,112997
0,0.1725,123858
0,0.1725,520210
0,0.1725,526298
0,0.1725,801530
0,0.1725,805532
0,0.1726,11161
0,0.1726,12104
0,0.1726,16687
0,0.1726,18743
0,0.1726,18777
0,0.1726,18932
0,0.1726,27302
0,0.1726,28190
0,0.1726,62778
0,0.1726,489781
0,0.1726,512514
0,0.1726,523349
0,0.1726,524902
0,0.1726,800254
0,0.1726,427967297
0,0.1727,10133
0,0.1727,10370
0,0.1727,10847
0,0.1727,11665
0,0.1727,12176
0,0.1727,12730
0,0.1727,14114
0,0.1727,17554
0,0.1727,18744
0,0.1727,20620
0,0.1727,22185
0,0.1727,22597
0,0.1727,39503
0,0.1727,49002
0,0.1727,81710
0,0.1727,100809
0,0.1727,104220
0,0.1727,512236
0,0.1727,514546
0,0.1727,517464
0,0.1727,520817
0,0.1727,521587
0,0.1727,530667
0,0.1728,10169
0,0.1728,11711
0,0.1728,11795
0,0.1728,12151
0,0.1728,14194
0,0.1728,14227
0,0.1728,21646
0,0.1728,24232
0,0.1728,37142
0,0.1728,48096
0,0.1728,59983
0,0.1728,152496
0,0.1728,512608
0,0.1728,512793
0,0.1728,513174
0,0.1728,520888
0,0.1728,521059
0,0.1728,522841
0,0.1728,522983
0,0.1728,916162
0,0.1729,10107
0,0.1729,10184
0,0.1729,10376
0,0.1729,10638
0,0.1729,12491
0,0.1729,12584
0,0.1729,15284
0,0.1729,18170
0,0.1729,18915
0,0.1729,25628
0,0.1729,34607
0,0.1729,41144
0,0.1729,41640
0,0.1729,48301
0,0.1729,512607
0,0.1729,521092
0,0.1729,529318
0,0.1730,10606
0,0.1730,11155
0,0.1730,11772
0,0.1730,15209
0,0.1730,18588
0,0.1730,18712
0,0.1730,20418
0,0.1730,23854
0,0.1730,56308
0,0.1730,61079
0,0.1730,96692
0,0.1730,513283
0,0.1730,518719
0,0.1730,523863
0,0.1730,427967297
0,0.1731,10033
0,0.1731,10041
0,0.1731,10057
0,0.1731,10539
0,0.1731,11607
0,0.1731,13650
0,0.1731,14438
0,0.1731,18419
0,0.1731,18745
0,0.1731,19036
0,0.1731,36245
0,0.1731,124495
0,0.1731,514125
0,0.1731,520820
0,0.1731,524073
0,0.1731,317223538
0,0.1732,10011
0,0.1732,10420
0,0.1732,12398
0,0.1732,13259
0,0.1732,15117
0,0.1732,15423
0,0.1732,16087
0,0.1732,16129
0,0.1732,16940
0,0.1732,17325
0,0.1732,20007
0,0.1732,22870
0,0.1732,24093
0,0.1732,26666
0,0.1732,27806
0,0.1732,35532
0,0.1732,45134
0,0.1732,46341
0,0.1732,67889
0,0.1732,79464
0,0.1732,517723
0,0.1732,521075
0,0.1732,826175
0,0.1733,10830
0,0.1733,10969
0,0.1733,11319
0,0.1733,11764
0,0.1733,11849
0,0.1733,13134
0,0.1733,13287
0,0.1733,13913
0,0.1733,15072
0,0.1733,18343
0,0.1733,19760
0,0.1733,64301
0,0.1733,135681
0,0.1733,514015
0,0.1733,514053
0,0.1733,516256
0,0.1733,520182
0,0.1733,520236
0,0.1733,521444
0,0.1733,815445
0,0.1734,10027
0,0.1734,10092
0,0.1734,10719
0,0.1734,10846
0,0.1734,11188
0,0.1734,11458
0,0.1734,12605
0,0.1734,19615
0,0.1734,24122
0,0.1734,25763
0,0.1734,26417
0,0.1734,43096
0,0.1734,91359
0,0.1734,522428
0,0.1734,556286
0,0.1735,10110
0,0.1735,10285
0,0.1735,10839
0,0.1735,11201
0,0.1735,11326
0,0.1735,19720
0,0.1735,24126
0,0.1735,28525
0,0.1735,44010
0,0.1735,511828
0,0.1735,513284
0,0.1735,515933
0,0.1735,520087
0,0.1735,556038
0,0.1735,571508
0,0.1736,10510
0,0.1736,10738
0,0.1736,11194
0,0.1736,11445
0,0.1736,12454
0,0.1736,16735
0,0.1736,17790
0,0.1736,36704
0,0.1736,38847
0,0.1736,46262
0,0.1736,94980
0,0.1736,524432
0,0.1736,530449
0,0.1736,530789
0,0.1736,532946
0,0.1736,801933
0,0.1736,803732
0,0.1736,600700832
0,0.1737,11021
0,0.1737,11603
0,0.1737,11806
0,0.1737,11908
0,0.1737,12654
0,0.1737,14899
0,0.1737,16794
0,0.1737,19569
0,0.1737,20831
0,0.1737,21692
0,0.1737,22276
0,0.1737,515877
0,0.1737,519131
0,0.1737,522354
0,0.1737,529207
0,0.1738,10421
0,0.1738,10658
0,0.1738,13406
0,0.1738,13427
0,0.1738,13442
0,0.1738,17691
0,0.1738,18601
0,0.1738,19767
0,0.1738,19827
0,0.1738,23619
0,0.1738,35196
0,0.1738,142802
0,0.1738,197252
0,0.1738,517722
0,0.1738,522815
0,0.1738,524761
0,0.1739,10165
0,0.1739,10172
0,0.1739,10302
0,0.1739,10566
0,0.1739,11688
0,0.1739,12105
0,0.1739,12732
0,0.1739,19921
0,0.1739,30310
0,0.1739,38085
0,0.1739,39813
0,0.1739,48491
0,0.1739,48846
0,0.1739,54104
0,0.1739,64180
0,0.1739,130279
0,0.1739,519132
0,0.1739,519692
0,0.1739,524429
0,0.1739,532747
0,0.1739,800077
0,0.1740,10185
0,0.1740,11651
0,0.1740,11723
0,0.1740,13058
0,0.1740,14224
0,0.1740,15042
0,0.1740,15964
0,0.1740,18325
0,0.1740,29806
0,0.1740,74551
0,0.1740,523372
0,0.1740,527048
0,0.1740,808183
0,0.1741,10243
0,0.1741,10468
0,0.1741,10529
0,0.1741,12065
0,0.1741,12411
0,0.1741,14093
0,0.1741,14223
0,0.1741,14263
0,0.1741,14327
0,0.1741,14509
0,0.1741,14896
0,0.1741,16527
0,0.1741,20945
0,0.1741,21918
0,0.1741,25359
0,0.1741,32258
0,0.1741,39095
0,0.1741,44669
0,0.1741,63798
0,0.1741,94239
0,0.1741,522828
0,0.1741,531862
0,0.1741,803310
0,0.1742,10120
0,0.1742,10315
0,0.1742,10677
0,0.1742,11406
0,0.1742,11710
0,0.1742,12333
0,0.1742,14499
0,0.1742,14539
0,0.1742,14881
0,0.1742,27850
0,0.1742,36459
0,0.1742,94433
0,0.1742,511823
0,0.1742,514180
0,0.1742,520439
0,0.1742,521763
0,0.1742,524655
0,0.1742,527588
0,0.1743,10855
0,0.1743,11072
0,0.1743,11638
0,0.1743,12255
0,0.1743,22446
0,0.1743,28791
0,0.1743,94391
0,0.1743,517724
0,0.1743,518461
0,0.1743,521527
0,0.1743,525062
0,0.1743,529385
0,0.1743,909612
0,0.1744,10432
0,0.1744,15360
0,0.1744,16659
0,0.1744,16754
0,0.1744,18122
0,0.1744,21277
0,0.1744,21932
0,0.1744,22240
0,0.1744,23080
0,0.1744,26619
0,0.1744,52728
0,0.1744,512521
0,0.1744,904983
0,0.1744,701647131
0,0.1745,10265
0,0.1745,10845
0,0.1745,13537
0,0.1745,17024
0,0.1745,17981
0,0.1745,22014
0,0.1745,23513
0,0.1745,25792
0,0.1745,51764
0,0.1745,512903
0,0.1745,521236
0,0.1745,535347
0,0.1746,10341
0,0.1746,10555
0,0.1746,11318
0,0.1746,12037
0,0.1746,14871
0,0.1746,20664
0,0.1746,25773
0,0.1746,30416
0,0.1746,53618
0,0.1746,58394
0,0.1746,60774
0,0.1746,63441
0,0.1746,102545
0,0.1746,512927
0,0.1746,519720
0,0.1746,522465
0,0.1746,522974
0,0.1746,524610
0,0.1746,533368
0,0.1746,543158
0,0.1746,802955
0,0.1746,805227
0,0.1746,1050014552
0,0.1747,10997
0,0.1747,11460
0,0.1747,12055
0,0.1747,12178
0,0.1747,12811
0,0.1747,14023
0,0.1747,14643
0,0.1747,16311
0,0.1747,17190
0,0.1747,20189
0,0.1747,30477
0,0.1747,38316
0,0.1747,42997
0,0.1747,46409
0,0.1747,115666
0,0.1747,516981
0,0.1747,518309
0,0.1747,520034
0,0.1747,521241
0,0.1747,800606
0,0.1747,804388
0,0.1748,10494
0,0.1748,11036
0,0.1748,11243
0,0.1748,11896
0,0.1748,12503
0,0.1748,13295
0,0.1748,16105
0,0.1748,17019
0,0.1748,19215
0,0.1748,25038
0,0.1748,38388
0,0.1748,43866
0,0.1748,58909
0,0.1748,383941
0,0.1748,517059
0,0.1748,519895
0,0.1749,10282
0,0.1749,10299
0,0.1749,10369
0,0.1749,10564
0,0.1749,11856
0,0.1749,12787
0,0.1749,14486
0,0.1749,15110
0,0.1749,15290
0,0.1749,19239
0,0.1749,21797
0,0.1749,23453
0,0.1749,84256
0,0.1749,235061
0,0.1749,513812
0,0.1749,527509
0,0.1749,533914
0,0.1749,549229
0,0.1749,564864
0,0.1749,801970
0,0.1749,805825
0,0.1750,13033
0,0.1750,15176
0,0.1750,16125
0,0.1750,16275
0,0.1750,17485
0,0.1750,21191
0,0.1750,27929
0,0.1750,28254
0,0.1750,520789
0,0.1750,521814
0,0.1750,555827
0,0.1750,801459
0,0.1750,804128
0,0.1750,906228
0,0.1750,936810
0,0.1750,879469321
0,0.1751,10035
0,0.1751,10967
0,0.1751,11457
0,0.1751,11933
0,0.1751,12137
0,0.1751,12259
0,0.1751,12318
0,0.1751,14192
0,0.1751,15950
0,0.1751,25939
0,0.1751,30164
0,0.1751,51658
0,0.1751,60466
0,0.1751,68889
0,0.1751,514997
0,0.1751,522352
0,0.1751,523716
0,0.1751,531732
0,0.1751,800056
0,0.1751,801976
0,0.1752,10354
0,0.1752,10537
0,0.1752,11199
0,0.1752,11254
0,0.1752,11440
0,0.1752,15170
0,0.1752,21296
0,0.1752,31735
0,0.1752,32161
0,0.1752,37735
0,0.1752,44648
0,0.1752,49839
0,0.1752,56362
0,0.1752,514696
0,0.1752,527599
0,0.1752,537032
0,0.1752,605725659
0,0.1753,10100
0,0.1753,10119
0,0.1753,11189
0,0.1753,11354
0,0.1753,11768
0,0.1753,15506
0,0.1753,15514
0,0.1753,16008
0,0.1753,16051
0,0.1753,16879
0,0.1753,18937
0,0.1753,22084
0,0.1753,27615
0,0.1753,29713
0,0.1753,31113
0,0.1753,31871
0,0.1753,37709
0,0.1753,45969
0,0.1753,60241
0,0.1753,100420
0,0.1753,511857
0,0.1753,514410
0,0.1753,539704
0,0.1753,802308
0,0.1753,803007
0,0.1754,10114
0,0.1754,10180
0,0.1754,10295
0,0.1754,10879
0,0.1754,11200
0,0.1754,13079
0,0.1754,13258
0,0.1754,13428
0,0.1754,13743
0,0.1754,15793
0,0.1754,21645
0,0.1754,25709
0,0.1754,56017
0,0.1754,57935
0,0.1754,58834
0,0.1754,520792
0,0.1755,10138
0,0.1755,10676
0,0.1755,10691
0,0.1755,10799
0,0.1755,10831
0,0.1755,11030
0,0.1755,11327
0,0.1755,12319
0,0.1755,12992
0,0.1755,14736
0,0.1755,17109
0,0.1755,18351
0,0.1755,18779
0,0.1755,20131
0,0.1755,24227
0,0.1755,24866
0,0.1755,26601
0,0.1755,27522
0,0.1755,54285
0,0.1755,79759
0,0.1755,516110
0,0.1755,801295
0,0.1755,803982
0,0.1756,10168
0,0.1756,10368
0,0.1756,12547
0,0.1756,13698
0,0.1756,13860
0,0.1756,31653
0,0.1756,38706
0,0.1756,44827
0,0.1756,48667
0,0.1756,142743
0,0.1756,512077
0,0.1756,513401
0,0.1756,519946
0,0.1756,802461
0,0.1756,804328
0,0.1757,10303
0,0.1757,10603
0,0.1757,10898
0,0.1757,11485
0,0.1757,13984
0,0.1757,18436
0,0.1757,27339
0,0.1757,30761
0,0.1757,41428
0,0.1757,55269
0,0.1757,147617
0,0.1757,801895
0,0.1757,936838
0,0.1758,10338
0,0.1758,11947
0,0.1758,12109
0,0.1758,14610
0,0.1758,16553
0,0.1758,19837
0,0.1758,24382
0,0.1758,31198
0,0.1758,34896
0,0.1758,46073
0,0.1758,77481
0,0.1758,85527
0,0.1758,514045
0,0.1758,515547
0,0.1758,517601
0,0.1758,521675
0,0.1758,529603
0,0.1758,549024
0,0.1758,813104
0,0.1758,908747
0,0.1758,932322
0,0.1758,701647131
0,0.1759,10097
0,0.1759,10099
0,0.1759,11070
0,0.1759,11375
0,0.1759,12140
0,0.1759,12341
0,0.1759,12368
0,0.1759,14434
0,0.1759,14542
0,0.1759,16198
0,0.1759,16816
0,0.1759,18704
0,0.1759,26238
0,0.1759,27115
0,0.1759,104187
0,0.1759,139178
0,0.1759,520337
0,0.1759,521466
0,0.1759,553194
0,0.1759,810570
0,0.1760,10150
0,0.1760,12506
0,0.1760,12802
0,0.1760,13317
0,0.1760,13563
0,0.1760,14552
0,0.1760,15059
0,0.1760,25403
0,0.1760,28559
0,0.1760,36929
0,0.1760,38835
0,0.1760,43732
0,0.1760,59057
0,0.1760,93240
0,0.1760,303314
0,0.1760,512273
0,0.1760,512390
0,0.1760,513646
0,0.1760,524717
0,0.1760,527653
0,0.1760,555257
0,0.1761,10834
0,0.1761,11112
0,0.1761,11497
0,0.1761,11500
0,0.1761,11674
0,0.1761,12396
0,0.1761,13305
0,0.1761,16493
0,0.1761,22461
0,0.1761,23165
0,0.1761,25517
0,0.1761,26537
0,0.1761,36499
0,0.1761,36780
0,0.1761,38315
0,0.1761,61243
0,0.1761,131748
0,0.1761,517548
0,0.1761,523636
0,0.1761,524767
0,0.1761,529411
0,0.1761,556539
0,0.1761,800030
0,0.1762,10132
0,0.1762,10207
0,0.1762,10224
0,0.1762,10414
0,0.1762,10495
0,0.1762,10781
0,0.1762,11087
0,0.1762,12606
0,0.1762,13117
0,0.1762,15325
0,0.1762,15382
0,0.1762,17902
0,0.1762,19802
0,0.1762,25730
0,0.1762,30132
0,0.1762,33053
0,0.1762,39753
0,0.1762,111660
0,0.1762,520155
0,0.1762,521129
0,0.1762,523379
0,0.1762,555502
0,0.1762,559506
0,0.1762,805244
0,0.1763,10663
0,0.1763,10981
0,0.1763,11131
0,0.1763,11495
0,0.1763,11585
0,0.1763,12733
0,0.1763,15458
0,0.1763,16506
0,0.1763,18321
0,0.1763,19696
0,0.1763,20780
0,0.1763,29106
0,0.1763,41598
0,0.1763,56554
0,0.1763,64607
0,0.1763,200001
0,0.1763,511778
0,0.1763,522789
0,0.1763,523675
0,0.1763,916091
0,0.1763,932684
0,0.1764,11142
0,0.1764,11423
0,0.1764,12777
0,0.1764,13403
0,0.1764,15273
0,0.1764,15274
0,0.1764,15932
0,0.1764,19283
0,0.1764,29918
0,0.1764,37265
0,0.1764,62207
0,0.1764,513354
0,0.1764,514952
0,0.1764,515410
0,0.1764,517512
0,0.1764,532909
0,0.1764,555259
0,0.1764,903561
0,0.1765,10371
0,0.1765,10497
0,0.1765,10639
0,0.1765,12651
0,0.1765,12809
0,0.1765,13158
0,0.1765,13302
0,0.1765,14673
0,0.1765,21609
0,0.1765,37196
0,0.1765,88207
0,0.1765,168492
0,0.1765,222611
0,0.1765,514489
0,0.1765,521745
0,0.1765,533103
0,0.1765,800718
0,0.1765,803860
0,0.1765,932796
0,0.1765,841372881
0,0.1766,12500
0,0.1766,13994
0,0.1766,15362
0,0.1766,17825
0,0.1766,30313
0,0.1766,35743
0,0.1766,47438
0,0.1766,48146
0,0.1766,83143
0,0.1766,514579
0,0.1766,517359
0,0.1766,520816
0,0.1766,140334446
0,0.1767,12159
0,0.1767,12762
0,0.1767,12872
0,0.1767,13113
0,0.1767,13312
0,0.1767,13717
0,0.1767,14752
0,0.1767,14912
0,0.1767,16781
0,0.1767,20818
0,0.1767,21058
0,0.1767,25780
0,0.1767,28469
0,0.1767,33549
0,0.1767,36894
0,0.1767,39608
0,0.1767,40390
0,0.1767,41171
0,0.1767,63027
0,0.1767,146588
0,0.1767,513463
0,0.1767,519000
0,0.1767,523533
0,0.1767,701647131
0,0.1768,10735
0,0.1768,10959
0,0.1768,10969
0,0.1768,11750
0,0.1768,12696
0,0.1768,14137
0,0.1768,15888
0,0.1768,17143
0,0.1768,18068
0,0.1768,18504
0,0.1768,19474
0,0.1768,23273
0,0.1768,23601
0,0.1768,30950
0,0.1768,32062
0,0.1768,32185
0,0.1768,37330
0,0.1768,807534
0,0.1769,10692
0,0.1769,12358
0,0.1769,13559
0,0.1769,18156
0,0.1769,18778
0,0.1769,19189
0,0.1769,20890
0,0.1769,22852
0,0.1769,44816
0,0.1769,54465
0,0.1769,98544
0,0.1769,114715
0,0.1769,121067
0,0.1769,519399
0,0.1769,522757
0,0.1769,800412
0,0.1769,801982
0,0.1770,10205
0,0.1770,11604
0,0.1770,12006
0,0.1770,13101
0,0.1770,13124
0,0.1770,15001
0,0.1770,17402
0,0.1770,18109
0,0.1770,22092
0,0.1770,23602
0,0.1770,40396
0,0.1770,61398
0,0.1770,86661
0,0.1770,434199
0,0.1770,515950
0,0.1770,520642
0,0.1770,531768
0,0.1770,803013
0,0.1771,10222
0,0.1771,10852
0,0.1771,12194
0,0.1771,13371
0,0.1771,13667
0,0.1771,13991
0,0.1771,15566
0,0.1771,16273
0,0.1771,18128
0,0.1771,38854
0,0.1771,46200
0,0.1771,513283
0,0.1771,519616
0,0.1771,521444
0,0.1771,556591
0,0.1771,801816
0,0.1772,10447
0,0.1772,10652
0,0.1772,11368
0,0.1772,11784
0,0.1772,12283
0,0.1772,13115
0,0.1772,13826
0,0.1772,14387
0,0.1772,14611
0,0.1772,14976
0,0.1772,26287
0,0.1772,28010
0,0.1772,35123
0,0.1772,36295
0,0.1772,45311
0,0.1772,511882
0,0.1772,519705
0,0.1772,803048
0,0.1773,10362
0,0.1773,10669
0,0.1773,11363
0,0.1773,14206
0,0.1773,15361
0,0.1773,18125
0,0.1773,19760
0,0.1773,27682
0,0.1773,34466
0,0.1773,80175
0,0.1773,137497
0,0.1773,521256
0,0.1773,580736
0,0.1773,800724
0,0.1773,801861
0,0.1774,10040
0,0.1774,11280
0,0.1774,15163
0,0.1774,15820
0,0.1774,16907
0,0.1774,17419
0,0.1774,17878
0,0.1774,18419
0,0.1774,18437
0,0.1774,23325
0,0.1774,24690
0,0.1774,30807
0,0.1774,31777
0,0.1774,50228
0,0.1774,53086
0,0.1774,53190
0,0.1774,61285
0,0.1774,64399
0,0.1774,65193
0,0.1774,69544
0,0.1774,76194
0,0.1774,222777
0,0.1774,512042
0,0.1774,519900
0,0.1774,520641
0,0.1774,524732
0,0.1774,537899
0,0.1775,10137
0,0.1775,10236
0,0.1775,11341
0,0.1775,11900
0,0.1775,15441
0,0.1775,17175
0,0.1775,18744
0,0.1775,22185
0,0.1775,28622
0,0.1775,140519
0,0.1775,512858
0,0.1775,514547
0,0.1775,523564
0,0.1775,524133
0,0.1775,526864
0,0.1775,805072
0,0.1776,10051
0,0.1776,10920
0,0.1776,11025
0,0.1776,11238
0,0.1776,11402
0,0.1776,11466
0,0.1776,11671
0,0.1776,12104
0,0.1776,12747
0,0.1776,12978
0,0.1776,13969
0,0.1776,14011
0,0.1776,14362
0,0.1776,18585
0,0.1776,26417
0,0.1776,27296
0,0.1776,29065
0,0.1776,36199
0,0.1776,37433
0,0.1776,39442
0,0.1776,42191
0,0.1776,102689
0,0.1776,515735
0,0.1776,522762
0,0.1776,555176
0,0.1776,579728
0,0.1776,805491
0,0.1777,10054
0,0.1777,10285
0,0.1777,10356
0,0.1777,11516
0,0.1777,11577
0,0.1777,12298
0,0.1777,14881
0,0.1777,19522
0,0.1777,20185
0,0.1777,25936
0,0.1777,39253
0,0.1777,42241
0,0.1777,46687
0,0.1777,76219
0,0.1777,126963
0,0.1777,512319
0,0.1777,513146
0,0.1777,559335
0,0.1777,912379
0,0.1778,10844
0,0.1778,10854
0,0.1778,11214
0,0.1778,11618
0,0.1778,11663
0,0.1778,12716
0,0.1778,12923
0,0.1778,15828
0,0.1778,15890
0,0.1778,17156
0,0.1778,21671
0,0.1778,25328
0,0.1778,144787
0,0.1778,530151
0,0.1778,534301
0,0.1778,805822
0,0.1778,600700832
0,0.1779,10385
0,0.1779,10428
0,0.1779,10671
0,0.1779,10914
0,0.1779,10986
0,0.1779,11255
0,0.1779,11365
0,0.1779,11893
0,0.1779,12131
0,0.1779,13432
0,0.1779,14464
0,0.1779,16836
0,0.1779,22126
0,0.1779,23212
0,0.1779,25318
0,0.1779,26485
0,0.1779,33289
0,0.1779,63923
0,0.1779,87111
0,0.1779,88157
0,0.1779,195264
0,0.1779,522992
0,0.1779,529498
0,0.1779,529519
0,0.1779,555340
0,0.1779,555342
0,0.1779,574147
0,0.1779,814115
0,0.1780,10041
0,0.1780,10110
0,0.1780,11712
0,0.1780,12398
0,0.1780,12907
0,0.1780,13692
0,0.1780,17105
0,0.1780,26718
0,0.1780,29493
0,0.1780,49672
0,0.1780,61531
0,0.1780,516666
0,0.1780,516886
0,0.1780,520210
0,0.1780,555344
0,0.1780,802224
0,0.1781,10319
0,0.1781,11085
0,0.1781,11832
0,0.1781,12095
0,0.1781,12297
0,0.1781,13228
0,0.1781,14869
0,0.1781,23167
0,0.1781,25045
0,0.1781,25184
0,0.1781,30331
0,0.1781,42700
0,0.1781,77245
0,0.1781,514125
0,0.1781,518604
0,0.1781,523600
0,0.1781,530460
0,0.1781,532125
0,0.1781,805647
0,0.1781,904161
0,0.1782,10255
0,0.1782,10661
0,0.1782,11338
0,0.1782,12445
0,0.1782,12727
0,0.1782,13760
0,0.1782,16473
0,0.1782,16734
0,0.1782,21688
0,0.1782,26607
0,0.1782,58730
0,0.1782,59776
0,0.1782,512930
0,0.1782,519443
0,0.1782,559141
0,0.1783,10952
0,0.1783,11802
0,0.1783,12569
0,0.1783,14259
0,0.1783,17938
0,0.1783,28184
0,0.1783,40888
0,0.1783,44903
0,0.1783,52016
0,0.1783,68489
0,0.1783,81741
0,0.1783,515797
0,0.1783,530880
0,0.1784,10689
0,0.1784,10704
0,0.1784,12135
0,0.1784,12225
0,0.1784,13080
0,0.1784,16794
0,0.1784,21929
0,0.1784,34625
0,0.1784,58481
0,0.1784,62156
0,0.1784,71877
0,0.1784,215209
0,0.1784,258715
0,0.1784,514028
0,0.1784,519371
0,0.1784,522752
0,0.1784,814430
0,0.1784,902923
0,0.1785,10574
0,0.1785,11021
0,0.1785,11210
0,0.1785,11532
0,0.1785,12686
0,0.1785,12720
0,0.1785,13151
0,0.1785,13442
0,0.1785,14105
0,0.1785,14114
0,0.1785,15244
0,0.1785,15657
0,0.1785,15680
0,0.1785,17821
0,0.1785,512071
0,0.1785,513111
0,0.1785,513499
0,0.1785,518513
0,0.1785,521783
0,0.1785,530668
0,0.1785,531708
0,0.1785,540077
0,0.1785,806537
0,0.1785,932321
0,0.1785,879469321
0,0.1786,10072
0,0.1786,13751
0,0.1786,18790
0,0.1786,21563
0,0.1786,26749
0,0.1786,27893
0,0.1786,34949
0,0.1786,36730
0,0.1786,154359
0,0.1786,203133
0,0.1786,512314
0,0.1786,515760
0,0.1786,523776
0,0.1786,531299
0,0.1786,555727
0,0.1786,802384
0,0.1786,803129
0,0.1786,879469321
0,0.1787,10553
0,0.1787,12679
0,0.1787,14026
0,0.1787,15731
0,0.1787,18044
0,0.1787,42890
0,0.1787,54440
0,0.1787,60175
0,0.1787,92871
0,0.1787,529419
0,0.1787,550221
0,0.1787,555238
0,0.1787,802296
0,0.1788,11836
0,0.1788,12718
0,0.1788,14766
0,0.1788,15939
0,0.1788,16862
0,0.1788,18766
0,0.1788,19334
0,0.1788,22884
0,0.1788,67864
0,0.1788,73397
0,0.1788,95758
0,0.1788,146366
0,0.1788,511797
0,0.1788,515221
0,0.1788,515234
0,0.1788,517255
0,0.1788,519818
0,0.1788,521240
0,0.1788,803318
0,0.1788,803599
0,0.1788,906003
0,0.1789,11373
0,0.1789,11915
0,0.1789,12564
0,0.1789,13026
0,0.1789,14286
0,0.1789,21664
0,0.1789,22072
0,0.1789,27031
0,0.1789,30537
0,0.1789,33075
0,0.1789,45288
0,0.1789,47369
0,0.1789,53290
0,0.1789,58532
0,0.1789,59018
0,0.1789,119692
0,0.1789,519363
0,0.1789,520817
0,0.1789,523930
0,0.1789,526298
0,0.1789,805489
0,0.1789,155143464
0,0.1790,10242
0,0.1790,11311
0,0.1790,11908
0,0.1790,13087
0,0.1790,14424
0,0.1790,15999
0,0.1790,24134
0,0.1790,30981
0,0.1790,66246
0,0.1790,71042
0,0.1790,79892
0,0.1790,104220
0,0.1790,515933
0,0.1790,523863
0,0.1790,800518
0,0.1790,813291
0,0.1791,10226
0,0.1791,10888
0,0.1791,11903
0,0.1791,12108
0,0.1791,12151
0,0.1791,12510
0,0.1791,14289
0,0.1791,15234
0,0.1791,16636
0,0.1791,19982
0,0.1791,84356
0,0.1791,514596
0,0.1791,514988
0,0.1791,558854
0,0.1792,10003
0,0.1792,10537
0,0.1792,10638
0,0.1792,12748
0,0.1792,12900
0,0.1792,13613
0,0.1792,17931
0,0.1792,19274
0,0.1792,21322
0,0.1792,27372
0,0.1792,32854
0,0.1792,48638
0,0.1792,123422
0,0.1792,199331
0,0.1792,209688
0,0.1792,533748
0,0.1792,319204020
0,0.1792,1052002184
0,0.1793,10825
0,0.1793,11013
0,0.1793,13255
0,0.1793,14399
0,0.1793,15602
0,0.1793,15929
0,0.1793,20755
0,0.1793,25684
0,0.1793,28674
0,0.1793,28914
0,0.1793,30190
0,0.1793,63998
0,0.1793,77014
0,0.1793,113924
0,0.1793,192306
0,0.1793,515289
0,0.1793,517193
0,0.1793,520390
0,0.1793,804399
0,0.1794,11628
0,0.1794,11699
0,0.1794,12088
0,0.1794,13896
0,0.1794,16579
0,0.1794,38272
0,0.1794,63701
0,0.1794,521409
0,0.1794,800890
0,0.1794,802907
0,0.1794,805657
0,0.1795,10687
0,0.1795,10816
0,0.1795,10864
0,0.1795,11568
0,0.1795,11710
0,0.1795,14223
0,0.1795,15616
0,0.1795,15905
0,0.1795,16026
0,0.1795,16673
0,0.1795,17454
0,0.1795,17691
0,0.1795,19036
0,0.1795,21637
0,0.1795,24776
0,0.1795,25552
0,0.1795,37842
0,0.1795,48335
0,0.1795,86264
0,0.1795,114607
0,0.1795,519460
0,0.1795,520194
0,0.1795,520621
0,0.1795,800203
0,0.1795,902294
0,0.1796,12060
0,0.1796,12107
0,0.1796,16244
0,0.1796,16266
0,0.1796,19616
0,0.1796,20468
0,0.1796,30039
0,0.1796,30401
0,0.1796,31575
0,0.1796,32258
0,0.1796,42083
0,0.1796,145530
0,0.1796,520115
0,0.1796,909643
0,0.1797,10399
0,0.1797,11221
0,0.1797,11764
0,0.1797,11896
0,0.1797,13167
0,0.1797,14232
0,0.1797,14311
0,0.1797,16274
0,0.1797,16951
0,0.1797,17685
0,0.1797,18932
0,0.1797,23619
0,0.1797,32119
0,0.1797,36070
0,0.1797,37142
0,0.1797,97678
0,0.1797,512305
0,0.1797,517050
0,0.1797,519132
0,0.1797,520773
0,0.1797,520790
0,0.1797,522984
0,0.1798,10099
0,0.1798,10293
0,0.1798,11795
0,0.1798,11825
0,0.1798,12054
0,0.1798,12654
0,0.1798,13773
0,0.1798,14694
0,0.1798,16659
0,0.1798,19327
0,0.1798,28190
0,0.1798,29135
0,0.1798,57381
0,0.1798,98698
0,0.1798,489781
0,0.1798,530449
0,0.1798,556346
0,0.1799,10061
0,0.1799,10289
0,0.1799,10612
0,0.1799,11445
0,0.1799,15393
0,0.1799,16641
0,0.1799,21263
0,0.1799,21932
0,0.1799,25635
0,0.1799,25939
0,0.1799,31911
0,0.1799,39066
0,0.1799,47867
0,0.1799,56970
0,0.1799,70651
0,0.1799,85686
0,0.1799,96137
0,0.1799,174420
0,0.1799,516643
0,0.1799,517913
0,0.1799,518194
0,0.1799,522428
0,0.1799,522706
0,0.1799,529031
0,0.1799,801491
0,0.1799,805447
0,0.1799,904915
0,0.1799,931656
0,0.1800,10204
0,0.1800,10466
0,0.1800,12067
0,0.1800,12506
0,0.1800,12642
0,0.1800,12796
0,0.1800,13864
0,0.1800,15997
0,0.1800,19341
0,0.1800,27725
0,0.1800,29458
0,0.1800,37921
0,0.1800,40768
0,0.1800,43445
0,0.1800,47922
0,0.1800,50575
0,0.1800,90201
0,0.1800,122745
0,0.1800,512461
0,0.1800,514045
0,0.1800,515110
0,0.1800,519896
0,0.1800,533751
0,0.1800,568012
0,0.1801,12240
0,0.1801,13217
0,0.1801,13877
0,0.1801,15149
0,0.1801,18504
0,0.1801,18597
0,0.1801,18777
0,0.1801,27983
0,0.1801,34265
0,0.1801,43398
0,0.1801,48491
0,0.1801,58517
0,0.1801,59983
0,0.1801,94797
0,0.1801,105406
0,0.1801,512357
0,0.1801,519878
0,0.1801,521113
0,0.1801,803241
0,0.1802,10269
0,0.1802,10294
0,0.1802,10754
0,0.1802,11079
0,0.1802,11316
0,0.1802,11929
0,0.1802,11945
0,0.1802,14434
0,0.1802,15534
0,0.1802,16708
0,0.1802,20715
0,0.1802,22327
0,0.1802,22870
0,0.1802,26741
0,0.1802,33586
0,0.1802,34820
0,0.1802,35058
0,0.1802,48342
0,0.1802,69319
0,0.1802,121578
0,0.1802,124469
0,0.1802,512328
0,0.1802,517548
0,0.1802,521814
0,0.1802,531583
0,0.1802,555498
0,0.1802,805362
0,0.1802,906222
0,0.1803,10027
0,0.1803,10593
0,0.1803,10800
0,0.1803,11032
0,0.1803,12374
0,0.1803,13013
0,0.1803,13018
0,0.1803,13450
0,0.1803,15568
0,0.1803,18779
0,0.1803,31790
0,0.1803,34900
0,0.1803,38706
0,0.1803,42374
0,0.1803,44250
0,0.1803,56560
0,0.1803,76420
0,0.1803,512927
0,0.1803,519865
0,0.1803,529603
0,0.1803,555256
0,0.1803,902874
0,0.1804,12272
0,0.1804,12423
0,0.1804,14276
0,0.1804,15514
0,0.1804,16075
0,0.1804,23654
0,0.1804,29637
0,0.1804,94433
0,0.1804,521292
0,0.1804,523716
0,0.1804,523786
0,0.1804,524655
0,0.1804,531425
0,0.1804,800132
0,0.1805,11253
0,0.1805,11806
0,0.1805,12811
0,0.1805,13307
0,0.1805,14686
0,0.1805,15028
0,0.1805,15612
0,0.1805,18054
0,0.1805,18688
0,0.1805,20818
0,0.1805,20831
0,0.1805,21452
0,0.1805,25254
0,0.1805,33232
0,0.1805,35532
0,0.1805,35743
0,0.1805,184704
0,0.1805,517256
0,0.1805,529385
0,0.1805,802544
0,0.1806,10109
0,0.1806,10725
0,0.1806,12091
0,0.1806,12159
0,0.1806,14716
0,0.1806,15310
0,0.1806,15782
0,0.1806,16093
0,0.1806,17823
0,0.1806,23479
0,0.1806,30108
0,0.1806,31942
0,0.1806,34680
0,0.1806,36235
0,0.1806,152687
0,0.1806,514405
0,0.1806,574357
0,0.1806,819096
0,0.1807,11192
0,0.1807,12141
0,0.1807,12183
0,0.1807,12358
0,0.1807,13507
0,0.1807,14414
0,0.1807,17421
0,0.1807,18686
0,0.1807,21904
0,0.1807,33038
0,0.1807,39687
0,0.1807,43116
0,0.1807,50687
0,0.1807,76899
0,0.1807,77213
0,0.1807,134610
0,0.1807,511828
0,0.1807,517257
0,0.1807,525066
0,0.1807,539675
0,0.1807,808112
0,0.1808,10011
0,0.1808,10834
0,0.1808,11005
0,0.1808,14192
0,0.1808,17508
0,0.1808,19189
0,0.1808,31408
0,0.1808,38650
0,0.1808,44005
0,0.1808,47257
0,0.1808,55178
0,0.1808,76412
0,0.1808,85395
0,0.1808,190319
0,0.1808,511823
0,0.1808,522828
0,0.1808,522840
0,0.1808,808183
0,0.1809,10205
0,0.1809,10322
0,0.1809,10627
0,0.1809,10950
0,0.1809,12252
0,0.1809,12455
0,0.1809,13317
0,0.1809,13771
0,0.1809,14409
0,0.1809,22799
0,0.1809,28254
0,0.1809,31786
0,0.1809,40046
0,0.1809,57102
0,0.1809,70088
0,0.1809,81228
0,0.1809,98157
0,0.1809,513284
0,0.1809,513644
0,0.1809,519046
0,0.1809,531769
0,0.1809,800809
0,0.1809,813076
0,0.1809,814989
0,0.1810,10065
0,0.1810,10108
0,0.1810,11324
0,0.1810,13517
0,0.1810,17726
0,0.1810,17991
0,0.1810,21568
0,0.1810,41801
0,0.1810,44669
0,0.1810,50965
0,0.1810,59434
0,0.1810,521406
0,0.1810,807924
0,0.1811,10185
0,0.1811,10807
0,0.1811,11053
0,0.1811,11200
0,0.1811,11497
0,0.1811,13258
0,0.1811,13585
0,0.1811,13872
0,0.1811,16210
0,0.1811,16517
0,0.1811,17173
0,0.1811,17790
0,0.1811,17903
0,0.1811,27111
0,0.1811,28093
0,0.1811,34506
0,0.1811,47107
0,0.1811,48125
0,0.1811,59853
0,0.1811,76506
0,0.1811,94555
0,0.1811,199633
0,0.1811,511955
0,0.1811,555713
0,0.1811,801845
0,0.1811,807560
0,0.1812,10080
0,0.1812,11891
0,0.1812,11925
0,0.1812,12333
0,0.1812,13568
0,0.1812,13788
0,0.1812,15364
0,0.1812,16986
0,0.1812,19452
0,0.1812,24232
0,0.1812,25107
0,0.1812,26832
0,0.1812,38413
0,0.1812,75129
0,0.1812,513283
0,0.1812,519624
0,0.1812,533529
0,0.1812,534361
0,0.1812,555796
0,0.1812,803070
0,0.1812,317223538
0,0.1813,10479
0,0.1813,11723
0,0.1813,12319
0,0.1813,13360
0,0.1813,13526
0,0.1813,13858
0,0.1813,14255
0,0.1813,14727
0,0.1813,14765
0,0.1813,15502
0,0.1813,15924
0,0.1813,19118
0,0.1813,22291
0,0.1813,25792
0,0.1813,29129
0,0.1813,29292
0,0.1813,42483
0,0.1813,59429
0,0.1813,520888
0,0.1813,527048
0,0.1813,556449
0,0.1813,801998
0,0.1814,10243
0,0.1814,10308
0,0.1814,11846
0,0.1814,12730
0,0.1814,13428
0,0.1814,15484
0,0.1814,17420
0,0.1814,17835
0,0.1814,18814
0,0.1814,22122
0,0.1814,22240
0,0.1814,22338
0,0.1814,23162
0,0.1814,23273
0,0.1814,24382
0,0.1814,31719
0,0.1814,34252
0,0.1814,37125
0,0.1814,58394
0,0.1814,136159
0,0.1814,512750
0,0.1814,521241
0,0.1814,537032
0,0.1814,539151
0,0.1814,539226
0,0.1814,801684
0,0.1814,805790
0,0.1814,806561
0,0.1814,841372881
0,0.1814,1050045395
0,0.1815,10097
0,0.1815,10820
0,0.1815,12651
0,0.1815,13640
0,0.1815,15451
0,0.1815,16430
0,0.1815,32762
0,0.1815,35503
0,0.1815,57935
0,0.1815,91391
0,0.1815,112493
0,0.1815,125550
0,0.1815,513649
0,0.1815,515048
0,0.1815,517512
0,0.1815,524761
0,0.1815,537027
0,0.1815,556038
0,0.1815,908183
0,0.1816,10041
0,0.1816,10047
0,0.1816,10110
0,0.1816,10202
0,0.1816,10497
0,0.1816,11075
0,0.1816,11805
0,0.1816,12055
0,0.1816,13444
0,0.1816,14756
0,0.1816,15145
0,0.1816,20144
0,0.1816,29207
0,0.1816,40045
0,0.1816,41233
0,0.1816,45024
0,0.1816,68889
0,0.1816,132121
0,0.1816,512795
0,0.1816,512947
0,0.1816,801295
0,0.1816,805532
0,0.1816,939958
0,0.1817,10603
0,0.1817,11419
0,0.1817,12472
0,0.1817,13607
0,0.1817,13852
0,0.1817,14954
0,0.1817,15768
0,0.1817,16537
0,0.1817,21692
0,0.1817,42019
0,0.1817,49630
0,0.1817,62207
0,0.1817,235061
0,0.1817,532909
0,0.1817,549229
0,0.1817,800595
0,0.1817,909840
0,0.1817,924883
0,0.1817,924901
0,0.1818,10288
0,0.1818,10658
0,0.1818,11261
0,0.1818,13186
0,0.1818,15117
0,0.1818,19995
0,0.1818,21242
0,0.1818,29908
0,0.1818,38657
0,0.1818,523060
0,0.1818,526311
0,0.1818,800594
0,0.1818,802092
0,0.1818,807088
0,0.1818,914445
0,0.1819,10088
0,0.1819,10394
0,0.1819,10707
0,0.1819,11199
0,0.1819,15674
0,0.1819,15789
0,0.1819,16781
0,0.1819,25970
0,0.1819,27252
0,0.1819,41887
0,0.1819,55527
0,0.1819,514605
0,0.1819,516256
0,0.1819,521059
0,0.1819,526612
0,0.1819,802371
0,0.1819,806161
0,0.1820,10107
0,0.1820,10165
0,0.1820,10531
0,0.1820,11155
0,0.1820,13019
0,0.1820,13854
0,0.1820,19290
0,0.1820,31324
0,0.1820,40390
0,0.1820,63939
0,0.1820,84735
0,0.1820,116799
0,0.1820,520646
0,0.1820,521087
0,0.1820,527427
0,0.1820,936810
0,0.1821,10376
0,0.1821,10863
0,0.1821,12933
0,0.1821,13824
0,0.1821,14523
0,0.1821,15176
0,0.1821,16381
0,0.1821,17603
0,0.1821,24016
0,0.1821,26987
0,0.1821,28791
0,0.1821,32967
0,0.1821,33316
0,0.1821,36492
0,0.1821,55105
0,0.1821,84901
0,0.1821,85527
0,0.1821,519399
0,0.1821,524156
0,0.1821,801970
0,0.1821,802107
0,0.1821,802137
0,0.1821,802258
0,0.1821,802882
0,0.1821,802955
0,0.1821,805132
0,0.1821,1050014552
0,0.1822,10515
0,0.1822,10830
0,0.1822,11312
0,0.1822,12993
0,0.1822,13205
0,0.1822,13730
0,0.1822,15496
0,0.1822,23236
0,0.1822,27413
0,0.1822,30498
0,0.1822,31906
0,0.1822,32474
0,0.1822,38454
0,0.1822,38835
0,0.1822,39813
0,0.1822,47035
0,0.1822,101652
0,0.1822,131748
0,0.1822,137597
0,0.1822,514546
0,0.1822,524717
0,0.1822,533667
0,0.1822,555342
0,0.1822,800737
0,0.1822,805992
0,0.1822,812884
0,0.1822,906612
0,0.1823,10169
0,0.1823,10255
0,0.1823,12443
0,0.1823,13559
0,0.1823,14736
0,0.1823,17244
0,0.1823,18889
0,0.1823,19886
0,0.1823,20418
0,0.1823,21053
0,0.1823,36812
0,0.1823,37058
0,0.1823,37110
0,0.1823,39432
0,0.1823,65465
0,0.1823,88651
0,0.1823,91983
0,0.1823,137777
0,0.1823,514265
0,0.1823,514863
0,0.1823,522738
0,0.1823,525958
0,0.1823,534419
0,0.1823,536208
0,0.1823,805757
0,0.1823,903484
0,0.1824,10222
0,0.1824,10378
0,0.1824,12155
0,0.1824,15041
0,0.1824,16127
0,0.1824,16700
0,0.1824,19011
0,0.1824,30310
0,0.1824,46875
0,0.1824,48667
0,0.1824,101032
0,0.1824,514410
0,0.1824,515679
0,0.1824,525400
0,0.1824,801089
0,0.1824,801895
0,0.1824,804386
0,0.1824,317223538
0,0.1825,10133
0,0.1825,11750
0,0.1825,12532
0,0.1825,12575
0,0.1825,13295
0,0.1825,13595
0,0.1825,13667
0,0.1825,14041
0,0.1825,14089
0,0.1825,15535
0,0.1825,17369
0,0.1825,23325
0,0.1825,23601
0,0.1825,24848
0,0.1825,55124
0,0.1825,127702
0,0.1825,164466
0,0.1825,547701
0,0.1825,810937
0,0.1825,940009
0,0.1826,10156
0,0.1826,11252
0,0.1826,11586
0,0.1826,12104
0,0.1826,15932
0,0.1826,17174
0,0.1826,19618
0,0.1826,19963
0,0.1826,27308
0,0.1826,28559
0,0.1826,31642
0,0.1826,516098
0,0.1826,522354
0,0.1826,879469321
0,0.1827,10302
0,0.1827,10917
0,0.1827,11280
0,0.1827,11606
0,0.1827,12318
0,0.1827,12401
0,0.1827,13115
0,0.1827,14029
0,0.1827,14664
0,0.1827,15494
0,0.1827,16687
0,0.1827,16794
0,0.1827,23281
0,0.1827,32315
0,0.1827,33224
0,0.1827,43756
0,0.1827,70779
0,0.1827,514413
0,0.1827,519866
0,0.1827,520581
0,0.1827,541412
0,0.1827,800022
0,0.1827,802385
0,0.1828,10078
0,0.1828,10100
0,0.1828,10539
0,0.1828,12520
0,0.1828,15304
0,0.1828,18156
0,0.1828,26137
0,0.1828,29021
0,0.1828,29322
0,0.1828,31681
0,0.1828,33298
0,0.1828,40213
0,0.1828,65657
0,0.1828,114858
0,0.1828,164031
0,0.1828,383941
0,0.1828,511881
0,0.1828,513033
0,0.1828,519144
0,0.1828,531643
0,0.1828,559410
0,0.1828,802566
0,0.1828,808456
0,0.1828,814468
0,0.1829,10057
0,0.1829,10114
0,0.1829,10138
0,0.1829,10150
0,0.1829,11578
0,0.1829,12345
0,0.1829,12398
0,0.1829,12815
0,0.1829,13210
0,0.1829,13456
0,0.1829,13625
0,0.1829,14772
0,0.1829,15891
0,0.1829,16284
0,0.1829,17764
0,0.1829,22185
0,0.1829,22463
0,0.1829,24634
0,0.1829,27119
0,0.1829,35109
0,0.1829,41715
0,0.1829,59387
0,0.1829,72491
0,0.1829,90885
0,0.1829,521236
0,0.1829,521536
0,0.1829,522974
0,0.1829,523626
0,0.1829,523675
0,0.1829,529568
0,0.1829,531999
0,0.1829,802809
0,0.1829,834861
0,0.1830,10852
0,0.1830,11194
0,0.1830,11426
0,0.1830,12565
0,0.1830,12802
0,0.1830,13860
0,0.1830,14881
0,0.1830,15163
0,0.1830,15325
0,0.1830,26284
0,0.1830,29676
0,0.1830,32475
0,0.1830,38268
0,0.1830,46073
0,0.1830,48914
0,0.1830,129234
0,0.1830,513846
0,0.1830,518112
0,0.1830,807312
0,0.1830,909612
0,0.1831,10052
0,0.1831,10462
0,0.1831,10513
0,0.1831,13442
0,0.1831,14093
0,0.1831,14224
0,0.1831,14961
0,0.1831,15114
0,0.1831,16862
0,0.1831,17220
0,0.1831,21687
0,0.1831,25275
0,0.1831,26798
0,0.1831,43152
0,0.1831,47802
0,0.1831,49839
0,0.1831,70924
0,0.1831,512187
0,0.1831,512928
0,0.1831,806014
0,0.1832,11021
0,0.1832,11085
0,0.1832,11458
0,0.1832,15237
0,0.1832,17801
0,0.1832,18562
0,0.1832,19760
0,0.1832,27596
0,0.1832,29436
0,0.1832,30933
0,0.1832,34671
0,0.1832,38847
0,0.1832,53858
0,0.1832,55258
0,0.1832,64874
0,0.1832,84758
0,0.1832,515575
0,0.1832,520188
0,0.1832,523939
0,0.1832,524606
0,0.1832,545611
0,0.1832,556700
0,0.1832,800564
0,0.1832,803195
0,0.1832,807799
0,0.1832,324178811
0,0.1833,10160
0,0.1833,10501
0,0.1833,10735
0,0.1833,11027
0,0.1833,11874
0,0.1833,14745
0,0.1833,18419
0,0.1833,25284
0,0.1833,26417
0,0.1833,28010
0,0.1833,30068
0,0.1833,45722
0,0.1833,82136
0,0.1833,98544
0,0.1833,514582
0,0.1833,516739
0,0.1833,519140
0,0.1833,520817
0,0.1833,520822
0,0.1833,522823
0,0.1833,527588
0,0.1833,800622
0,0.1833,802455
0,0.1833,806689
0,0.1834,10099
0,0.1834,10447
0,0.1834,12221
0,0.1834,12343
0,0.1834,13272
0,0.1834,15955
0,0.1834,23009
0,0.1834,40289
0,0.1834,43113
0,0.1834,44690
0,0.1834,50406
0,0.1834,53384
0,0.1834,67789
0,0.1834,136904
0,0.1834,172666
0,0.1834,519616
0,0.1834,521126
0,0.1834,522734
0,0.1834,533411
0,0.1834,535668
0,0.1834,905415
0,0.1835,10323
0,0.1835,11772
0,0.1835,11796
0,0.1835,12635
0,0.1835,14552
0,0.1835,17456
0,0.1835,21543
0,0.1835,29650
0,0.1835,30371
0,0.1835,35372
0,0.1835,40300
0,0.1835,61398
0,0.1835,64180
0,0.1835,65472
0,0.1835,150335
0,0.1835,434199
0,0.1835,520367
0,0.1835,520641
0,0.1835,521203
0,0.1835,521813
0,0.1835,522815
0,0.1835,525510
0,0.1835,555383
0,0.1835,805227
0,0.1836,11485
0,0.1836,11623
0,0.1836,11717
0,0.1836,11856
0,0.1836,12710
0,0.1836,12813
0,0.1836,13353
0,0.1836,15051
0,0.1836,17060
0,0.1836,21460
0,0.1836,23513
0,0.1836,24687
0,0.1836,34992
0,0.1836,43695
0,0.1836,54764
0,0.1836,70325
0,0.1836,88339
0,0.1836,88944
0,0.1836,102689
0,0.1836,512390
0,0.1836,514997
0,0.1836,516369
0,0.1836,519230
0,0.1836,521147
0,0.1836,523349
0,0.1836,523816
0,0.1836,524073
0,0.1836,524968
0,0.1836,527585
0,0.1836,529520
0,0.1836,903063
0,0.1837,10414
0,0.1837,12297
0,0.1837,12506
0,0.1837,13463
0,0.1837,13471
0,0.1837,14449
0,0.1837,21296
0,0.1837,23703
0,0.1837,27486
0,0.1837,42332
0,0.1837,48752
0,0.1837,105436
0,0.1837,112897
0,0.1837,123503
0,0.1837,513594
0,0.1837,524902
0,0.1837,534534
0,0.1837,800474
0,0.1838,10691
0,0.1838,10969
0,0.1838,11428
0,0.1838,12327
0,0.1838,12844
0,0.1838,13551
0,0.1838,14040
0,0.1838,14067
0,0.1838,15713
0,0.1838,16178
0,0.1838,17554
0,0.1838,22427
0,0.1838,23659
0,0.1838,24834
0,0.1838,25939
0,0.1838,26576
0,0.1838,29535
0,0.1838,30935
0,0.1838,37859
0,0.1838,63122
0,0.1838,117741
0,0.1838,129368
0,0.1838,175572
0,0.1838,515026
0,0.1838,523372
0,0.1838,524604
0,0.1838,533811
0,0.1838,800056
0,0.1838,802080
0,0.1838,803821
0,0.1838,805165
0,0.1838,918582
0,0.1839,10290
0,0.1839,10490
0,0.1839,10564
0,0.1839,10676
0,0.1839,10846
0,0.1839,11338
0,0.1839,12140
0,0.1839,13121
0,0.1839,13158
0,0.1839,13434
0,0.1839,14997
0,0.1839,15950
0,0.1839,16493
0,0.1839,20774
0,0.1839,22084
0,0.1839,34715
0,0.1839,54597
0,0.1839,56308
0,0.1839,512513
0,0.1839,519132
0,0.1839,521027
0,0.1839,523633
0,0.1839,529488
0,0.1839,532905
0,0.1839,800084
0,0.1839,805243
0,0.1839,805338
0,0.1840,10282
0,0.1840,11495
0,0.1840,12767
0,0.1840,13628
0,0.1840,14415
0,0.1840,14810
0,0.1840,15210
0,0.1840,16360
0,0.1840,24656
0,0.1840,27191
0,0.1840,56494
0,0.1840,63124
0,0.1840,125111
0,0.1840,511778
0,0.1840,518464
0,0.1840,521409
0,0.1841,10040
0,0.1841,10119
0,0.1841,10242
0,0.1841,10295
0,0.1841,10617
0,0.1841,11503
0,0.1841,11734
0,0.1841,11967
0,0.1841,11982
0,0.1841,12105
0,0.1841,12405
0,0.1841,12503
0,0.1841,16139
0,0.1841,18437
0,0.1841,21719
0,0.1841,31352
0,0.1841,33492
0,0.1841,37714
0,0.1841,81417
0,0.1841,138056
0,0.1841,160441
0,0.1841,513463
0,0.1841,515757
0,0.1841,515933
0,0.1841,520812
0,0.1841,522715
0,0.1841,523049
0,0.1841,523506
0,0.1841,526786
0,0.1841,527349
0,0.1842,10306
0,0.1842,10368
0,0.1842,10537
0,0.1842,11486
0,0.1842,14619
0,0.1842,15351
0,0.1842,15888
0,0.1842,15937
0,0.1842,16039
0,0.1842,24614
0,0.1842,42997
0,0.1842,57522
0,0.1842,76194
0,0.1842,512305
0,0.1842,515029
0,0.1842,529707
0,0.1842,801116
0,0.1842,816236
0,0.1842,908482
0,0.1843,10203
0,0.1843,10265
0,0.1843,10299
0,0.1843,10510
0,0.1843,13537
0,0.1843,13985
0,0.1843,15693
0,0.1843,17325
0,0.1843,17696
0,0.1843,18601
0,0.1843,20520
0,0.1843,22521
0,0.1843,28123
0,0.1843,29493
0,0.1843,31633
0,0.1843,33444
0,0.1843,40798
0,0.1843,53086
0,0.1843,59969
0,0.1843,140134
0,0.1843,516919
0,0.1843,524254
0,0.1843,580948
0,0.1843,802650
0,0.1844,10272
0,0.1844,10553
0,0.1844,10836
0,0.1844,11171
0,0.1844,11607
0,0.1844,12606
0,0.1844,12855
0,0.1844,13030
0,0.1844,13035
0,0.1844,15458
0,0.1844,15616
0,0.1844,16457
0,0.1844,18568
0,0.1844,24671
0,0.1844,27524
0,0.1844,30873
0,0.1844,30962
0,0.1844,32718
0,0.1844,32825
0,0.1844,42509
0,0.1844,119860
0,0.1844,518604
0,0.1844,520560
0,0.1844,521745
0,0.1844,556346
0,0.1845,10035
0,0.1845,15499
0,0.1845,18744
0,0.1845,18932
0,0.1845,22708
0,0.1845,23854
0,0.1845,24558
0,0.1845,25210
0,0.1845,26287
0,0.1845,35196
0,0.1845,51159
0,0.1845,67167
0,0.1845,70298
0,0.1845,512077
0,0.1845,520642
0,0.1845,559141
0,0.1845,800718
0,0.1845,802308
0,0.1845,904800
0,0.1845,912111327
0,0.1846,10839
0,0.1846,11188
0,0.1846,11701
0,0.1846,11849
0,0.1846,12411
0,0.1846,12437
0,0.1846,13964
0,0.1846,13969
0,0.1846,14330
0,0.1846,14566
0,0.1846,14719
0,0.1846,14989
0,0.1846,17958
0,0.1846,18504
0,0.1846,18779
0,0.1846,27025
0,0.1846,27614
0,0.1846,28095
0,0.1846,29952
0,0.1846,30233
0,0.1846,34826
0,0.1846,35430
0,0.1846,53639
0,0.1846,81201
0,0.1846,81442
0,0.1846,286746
0,0.1846,512927
0,0.1846,514045
0,0.1846,515702
0,0.1846,516927
0,0.1846,517669
0,0.1846,518443
0,0.1846,519705
0,0.1846,519720
0,0.1846,521814
0,0.1846,522853
0,0.1846,524596
0,0.1846,529498
0,0.1846,543989
0,0.1846,555727
0,0.1846,802164
0,0.1847,10051
0,0.1847,10845
0,0.1847,11318
0,0.1847,11614
0,0.1847,12572
0,0.1847,14461
0,0.1847,17043
0,0.1847,17759
0,0.1847,21520
0,0.1847,22276
0,0.1847,23619
0,0.1847,25045
0,0.1847,32616
0,0.1847,37981
0,0.1847,40617
0,0.1847,58730
0,0.1847,114715
0,0.1847,434199
0,0.1847,514361
0,0.1847,515130
0,0.1847,515760
0,0.1847,517202
0,0.1847,520117
0,0.1847,529841
0,0.1847,556347
0,0.1847,556591
0,0.1847,581422
0,0.1847,926518
0,0.1847,1050687371
0,0.1848,10167
0,0.1848,10638
0,0.1848,10777
0,0.1848,11947
0,0.1848,14011
0,0.1848,14034
0,0.1848,16438
0,0.1848,19065
0,0.1848,25713
0,0.1848,26495
0,0.1848,28109
0,0.1848,30807
0,0.1848,35725
0,0.1848,37929
0,0.1848,39753
0,0.1848,50424
0,0.1848,52728
0,0.1848,57240
0,0.1848,107241
0,0.1848,130455
0,0.1848,512858
0,0.1848,515460
0,0.1848,518541
0,0.1848,519895
0,0.1848,520087
0,0.1848,531557
0,0.1848,802174
0,0.1848,803047
0,0.1848,805229
0,0.1849,10060
0,0.1849,10136
0,0.1849,10263
0,0.1849,10677
0,0.1849,11663
0,0.1849,13025
0,0.1849,17177
0,0.1849,19921
0,0.1849,21702
0,0.1849,25628
0,0.1849,27296
0,0.1849,29028
0,0.1849,32393
0,0.1849,34403
0,0.1849,34949
0,0.1849,46466
0,0.1849,51887
0,0.1849,57797
0,0.1849,514405
0,0.1849,514951
0,0.1849,514988
0,0.1849,516663
0,0.1850,10072
0,0.1850,10251
0,0.1850,11896
0,0.1850,14223
0,0.1850,14434
0,0.1850,16081
0,0.1850,18404
0,0.1850,19220
0,0.1850,19767
0,0.1850,24632
0,0.1850,24922
0,0.1850,25184
0,0.1850,32258
0,0.1850,32628
0,0.1850,35743
0,0.1850,38914
0,0.1850,58331
0,0.1850,71503
0,0.1850,95057
0,0.1850,195264
0,0.1850,511926
0,0.1850,513146
0,0.1850,518375
0,0.1850,519715
0,0.1850,524504
0,0.1850,524610
0,0.1850,537899
0,0.1850,559554
0,0.1850,800752
0,0.1850,802681
0,0.1850,803500
0,0.1851,10910
0,0.1851,11061
0,0.1851,11142
0,0.1851,11312
0,0.1851,11500
0,0.1851,11989
0,0.1851,12825
0,0.1851,12900
0,0.1851,13031
0,0.1851,13830
0,0.1851,15514
0,0.1851,20818
0,0.1851,26666
0,0.1851,27302
0,0.1851,29500
0,0.1851,30891
0,0.1851,38706
0,0.1851,40792
0,0.1851,49726
0,0.1851,54602
0,0.1851,515545
0,0.1851,518194
0,0.1851,518461
0,0.1851,520210
0,0.1851,521928
0,0.1851,530880
0,0.1851,555296
0,0.1851,580970
0,0.1851,802914
0,0.1851,808715
0,0.1851,910588
0,0.1851,319204020
0,0.1852,10952
0,0.1852,11934
0,0.1852,14063
0,0.1852,15495
0,0.1852,19218
0,0.1852,23259
0,0.1852,24382
0,0.1852,25763
0,0.1852,29379
0,0.1852,32772
0,0.1852,41958
0,0.1852,67174
0,0.1852,71547
0,0.1852,162599
0,0.1852,512581
0,0.1852,514125
0,0.1852,517548
0,0.1852,518708
0,0.1852,522761
0,0.1852,530435
0,0.1852,800618
0,0.1852,802999
0,0.1852,803048
0,0.1852,813104
0,0.1853,10475
0,0.1853,10525
0,0.1853,11070
0,0.1853,11375
0,0.1853,11603
0,0.1853,12654
0,0.1853,14130
0,0.1853,14563
0,0.1853,16087
0,0.1853,18109
0,0.1853,19089
0,0.1853,19376
0,0.1853,20715
0,0.1853,25547
0,0.1853,25792
0,0.1853,33598
0,0.1853,89545
0,0.1853,91663
0,0.1853,104220
0,0.1853,117568
0,0.1853,137459
0,0.1853,154212
0,0.1853,303314
0,0.1853,512273
0,0.1853,513646
0,0.1853,524167
0,0.1853,803310
0,0.1853,804556
0,0.1853,805244
0,0.1854,10190
0,0.1854,10480
0,0.1854,10914
0,0.1854,10974
0,0.1854,12809
0,0.1854,13630
0,0.1854,13877
0,0.1854,14894
0,0.1854,18463
0,0.1854,21932
0,0.1854,22240
0,0.1854,29135
0,0.1854,35908
0,0.1854,59994
0,0.1854,61311
0,0.1854,90224
0,0.1854,289948
0,0.1854,513401
0,0.1854,517601
0,0.1854,522746
0,0.1854,523017
0,0.1854,527653
0,0.1854,567101
0,0.1854,570859
0,0.1854,804371
0,0.1855,10365
0,0.1855,13317
0,0.1855,15170
0,0.1855,16579
0,0.1855,28681
0,0.1855,42270
0,0.1855,54010
0,0.1855,58834
0,0.1855,138243
0,0.1855,139961
0,0.1855,489781
0,0.1855,521256
0,0.1855,523564
0,0.1855,529385
0,0.1855,536058
0,0.1855,549098
0,0.1855,804797
0,0.1855,812262
0,0.1855,905303
0,0.1856,12487
0,0.1856,14697
0,0.1856,15362
0,0.1856,15398
0,0.1856,16180
0,0.1856,18226
0,0.1856,19104
0,0.1856,20780
0,0.1856,29116
0,0.1856,34576
0,0.1856,35111
0,0.1856,38430
0,0.1856,151041
0,0.1856,178990
0,0.1856,511841
0,0.1856,512938
0,0.1856,519460
0,0.1856,522387
0,0.1856,522753
0,0.1856,556539
0,0.1856,809862
0,0.1856,908747
0,0.1856,932322
0,0.1857,11053
0,0.1857,11423
0,0.1857,11900
0,0.1857,12027
0,0.1857,14194
0,0.1857,16110
0,0.1857,16506
0,0.1857,32477
0,0.1857,34882
0,0.1857,42404
0,0.1857,58146
0,0.1857,73897
0,0.1857,513274
0,0.1857,518220
0,0.1857,522754
0,0.1857,524733
0,0.1857,537135
0,0.1857,811352
0,0.1858,10271
0,0.1858,10799
0,0.1858,12716
0,0.1858,13659
0,0.1858,13836
0,0.1858,16953
0,0.1858,22884
0,0.1858,23153
0,0.1858,28058
0,0.1858,28190
0,0.1858,30589
0,0.1858,32013
0,0.1858,33838
0,0.1858,33962
0,0.1858,37142
0,0.1858,40374
0,0.1858,60946
0,0.1858,86666
0,0.1858,102359
0,0.1858,519331
0,0.1858,522992
0,0.1858,530449
0,0.1859,10356
0,0.1859,10781
0,0.1859,12239
0,0.1859,13168
0,0.1859,14137
0,0.1859,14705
0,0.1859,14790
0,0.1859,25773
0,0.1859,36524
0,0.1859,38010
0,0.1859,44313
0,0.1859,50349
0,0.1859,61079
0,0.1859,108738
0,0.1859,144334
0,0.1859,190421
0,0.1859,519692
0,0.1859,523776
0,0.1859,525595
0,0.1859,529550
0,0.1859,534301
0,0.1859,549508
0,0.1859,802652
0,0.1859,803339
0,0.1860,10184
0,0.1860,10545
0,0.1860,10624
0,0.1860,11802
0,0.1860,12358
0,0.1860,13274
0,0.1860,13698
0,0.1860,14061
0,0.1860,14509
0,0.1860,15904
0,0.1860,16399
0,0.1860,18170
0,0.1860,18823
0,0.1860,29009
0,0.1860,29344
0,0.1860,30352
0,0.1860,30446
0,0.1860,30716
0,0.1860,37011
0,0.1860,44816
0,0.1860,44940
0,0.1860,45745
0,0.1860,47369
0,0.1860,50975
0,0.1860,64607
0,0.1860,70486
0,0.1860,76787
0,0.1860,434891
0,0.1860,513283
0,0.1860,515091
0,0.1860,519896
0,0.1860,521763
0,0.1860,523786
0,0.1860,524074
0,0.1860,803013
0,0.1860,806253
0,0.1860,905507
0,0.1860,906684
0,0.1861,10241
0,0.1861,10370
0,0.1861,10855
0,0.1861,12107
0,0.1861,12742
0,0.1861,12923
0,0.1861,13692
0,0.1861,18790
0,0.1861,32675
0,0.1861,33562
0,0.1861,38272
0,0.1861,39102
0,0.1861,46152
0,0.1861,57243
0,0.1861,60624
0,0.1861,126216
0,0.1861,287884
0,0.1861,511955
0,0.1861,516110
0,0.1861,519332
0,0.1861,522762
0,0.1861,529031
0,0.1861,532000
0,0.1861,801561
0,0.1861,802543
0,0.1861,803160
0,0.1862,10226
0,0.1862,10285
0,0.1862,10457
0,0.1862,11902
0,0.1862,12095
0,0.1862,13033
0,0.1862,13613
0,0.1862,14463
0,0.1862,14939
0,0.1862,16553
0,0.1862,18728
0,0.1862,19189
0,0.1862,22870
0,0.1862,23273
0,0.1862,23602
0,0.1862,26901
0,0.1862,33969
0,0.1862,35620
0,0.1862,38975
0,0.1862,48301
0,0.1862,80867
0,0.1862,89542
0,0.1862,99882
0,0.1862,512887
0,0.1862,527350
0,0.1862,941319
0,0.1863,10330
0,0.1863,11354
0,0.1863,12133
0,0.1863,12605
0,0.1863,12622
0,0.1863,15887
0,0.1863,17143
0,0.1863,18585
0,0.1863,20007
0,0.1863,24136
0,0.1863,25598
0,0.1863,28584
0,0.1863,34187
0,0.1863,49947
0,0.1863,63798
0,0.1863,512241
0,0.1863,515950
0,0.1863,519664
0,0.1863,519944
0,0.1863,523863
0,0.1863,529516
0,0.1863,539620
0,0.1863,561653
0,0.1863,800606
0,0.1863,802134
0,0.1863,802402
0,0.1863,803982
0,0.1863,815281
0,0.1864,10692
0,0.1864,11326
0,0.1864,11420
0,0.1864,11497
0,0.1864,11943
0,0.1864,14871
0,0.1864,16473
0,0.1864,17156
0,0.1864,31923
0,0.1864,33067
0,0.1864,35464
0,0.1864,48491
0,0.1864,53129
0,0.1864,71649
0,0.1864,108860
0,0.1864,512307
0,0.1864,512357
0,0.1864,514043
0,0.1864,519840
0,0.1864,531829
0,0.1864,548337
0,0.1864,800262
0,0.1864,801828
0,0.1864,879469321
0,0.1865,10018
0,0.1865,10099
0,0.1865,11923
0,0.1865,13586
0,0.1865,14919
0,0.1865,15490
0,0.1865,16254
0,0.1865,18125
0,0.1865,20300
0,0.1865,26412
0,0.1865,34046
0,0.1865,35324
0,0.1865,59983
0,0.1865,83621
0,0.1865,141161
0,0.1865,511975
0,0.1865,512544
0,0.1865,514547
0,0.1865,516820
0,0.1865,525062
0,0.1865,531009
0,0.1865,801933
0,0.1865,802907
0,0.1866,10495
0,0.1866,11131
0,0.1866,11872
0,0.1866,16125
0,0.1866,16275
0,0.1866,16540
0,0.1866,19334
0,0.1866,24683
0,0.1866,25359
0,0.1866,27157
0,0.1866,31975
0,0.1866,33032
0,0.1866,33488
0,0.1866,34690
0,0.1866,40888
0,0.1866,45427
0,0.1866,58561
0,0.1866,63923
0,0.1866,94433
0,0.1866,97180
0,0.1866,100006
0,0.1866,137497
0,0.1866,184446
0,0.1866,222777
0,0.1866,513930
0,0.1866,518777
0,0.1866,519818
0,0.1866,529318
0,0.1866,555340
0,0.1866,800042
0,0.1866,800890
0,0.1866,801816
0,0.1866,803757
0,0.1866,805647
0,0.1867,10278
0,0.1867,10294
0,0.1867,10338
0,0.1867,10538
0,0.1867,12506
0,0.1867,17024
0,0.1867,17454
0,0.1867,19100
0,0.1867,36745
0,0.1867,39399
0,0.1867,44903
0,0.1867,46388
0,0.1867,53190
0,0.1867,71209
0,0.1867,120929
0,0.1867,145229
0,0.1867,513464
0,0.1867,529603
0,0.1867,800827
0,0.1868,10187
0,0.1868,11064
0,0.1868,11403
0,0.1868,11433
0,0.1868,11635
0,0.1868,13153
0,0.1868,13287
0,0.1868,16659
0,0.1868,17691
0,0.1868,21252
0,0.1868,24968
0,0.1868,28254
0,0.1868,30743
0,0.1868,41428
0,0.1868,42975
0,0.1868,76635
0,0.1868,125991
0,0.1868,174420
0,0.1868,231168
0,0.1868,513284
0,0.1868,521635
0,0.1868,522841
0,0.1868,523640
0,0.1868,526298
0,0.1868,580329
0,0.1868,803330
0,0.1869,10185
0,0.1869,10687
0,0.1869,10699
0,0.1869,11674
0,0.1869,11821
0,0.1869,13217
0,0.1869,13228
0,0.1869,14912
0,0.1869,23325
0,0.1869,69544
0,0.1869,75379
0,0.1869,489781
0,0.1869,512793
0,0.1869,513376
0,0.1869,515294
0,0.1869,520194
0,0.1869,524655
0,0.1869,525061
0,0.1869,531732
0,0.1869,555342
0,0.1869,800190
0,0.1870,10312
0,0.1870,10811
0,0.1870,10825
0,0.1870,11518
0,0.1870,12787
0,0.1870,13306
0,0.1870,13892
0,0.1870,14947
0,0.1870,15236
0,0.1870,15845
0,0.1870,17379
0,0.1870,18327
0,0.1870,18419
0,0.1870,29093
0,0.1870,30653
0,0.1870,39368
0,0.1870,48120
0,0.1870,60774
0,0.1870,511828
0,0.1870,520119
0,0.1870,521025
0,0.1870,529077
0,0.1870,537138
0,0.1870,800412
0,0.1871,10137
0,0.1871,10503
0,0.1871,11274
0,0.1871,11327
0,0.1871,11933
0,0.1871,12104
0,0.1871,14727
0,0.1871,17901
0,0.1871,19616
0,0.1871,23812
0,0.1871,30181
0,0.1871,34824
0,0.1871,36384
0,0.1871,39251
0,0.1871,46013
0,0.1871,56077
0,0.1871,81710
0,0.1871,97863
0,0.1871,106593
0,0.1871,166976
0,0.1871,537032
0,0.1871,803605
0,0.1871,806779
0,0.1872,10114
0,0.1872,10332
0,0.1872,10446
0,0.1872,10488
0,0.1872,10969
0,0.1872,13259
0,0.1872,14247
0,0.1872,14276
0,0.1872,14285
0,0.1872,14616
0,0.1872,15212
0,0.1872,16157
0,0.1872,16862
0,0.1872,20678
0,0.1872,23601
0,0.1872,24701
0,0.1872,25709
0,0.1872,28248
0,0.1872,29806
0,0.1872,40390
0,0.1872,59231
0,0.1872,70651
0,0.1872,158774
0,0.1872,247112
0,0.1872,515140
0,0.1872,531862
0,0.1872,555259
0,0.1872,803005
0,0.1872,806061
0,0.1872,903846
0,0.1872,905528
0,0.1872,932796
0,0.1873,10371
0,0.1873,12067
0,0.1873,16643
0,0.1873,16794
0,0.1873,17623
0,0.1873,18281
0,0.1873,18921
0,0.1873,23031
0,0.1873,26772
0,0.1873,34359
0,0.1873,35635
0,0.1873,36234
0,0.1873,41743
0,0.1873,116555
0,0.1873,126642
0,0.1873,170407
0,0.1873,514416
0,0.1873,519946
0,0.1873,543158
0,0.1873,574147
0,0.1873,802544
0,0.1874,10468
0,0.1874,10683
0,0.1874,10854
0,0.1874,11021
0,0.1874,11199
0,0.1874,11201
0,0.1874,11302
0,0.1874,11710
0,0.1874,13371
0,0.1874,13559
0,0.1874,14306
0,0.1874,15997
0,0.1874,16210
0,0.1874,16440
0,0.1874,17072
0,0.1874,18343
0,0.1874,18777
0,0.1874,19740
0,0.1874,25723
0,0.1874,29969
0,0.1874,31749
0,0.1874,35540
0,0.1874,45969
0,0.1874,137495
0,0.1874,164863
0,0.1874,511882
0,0.1874,513378
0,0.1874,519658
0,0.1874,520115
0,0.1874,521075
0,0.1874,527409
0,0.1874,529519
0,0.1874,532747
0,0.1874,536264
0,0.1874,801187
0,0.1874,801194
0,0.1874,810241
0,0.1874,811415
0,0.1875,10236
0,0.1875,10807
0,0.1875,10816
0,0.1875,11205
0,0.1875,12181
0,0.1875,13124
0,0.1875,14001
0,0.1875,14192
0,0.1875,14881
0,0.1875,16105
0,0.1875,16706
0,0.1875,17821
0,0.1875,20185
0,0.1875,21366
0,0.1875,22461
0,0.1875,26293
0,0.1875,27725
0,0.1875,30313
0,0.1875,34683
0,0.1875,50444
0,0.1875,99095
0,0.1875,124495
0,0.1875,513174
0,0.1875,517763
0,0.1875,804195
0,0.1876,12155
0,0.1876,12777
0,0.1876,15487
0,0.1876,16880
0,0.1876,17218
0,0.1876,18508
0,0.1876,19355
0,0.1876,19760
0,0.1876,20831
0,0.1876,29419
0,0.1876,79615
0,0.1876,100478
0,0.1876,512319
0,0.1876,519514
0,0.1876,531768
0,0.1876,802937
0,0.1876,810069
0,0.1876,810750
0,0.1877,10950
0,0.1877,11447
0,0.1877,11528
0,0.1877,11699
0,0.1877,12006
0,0.1877,12644
0,0.1877,14259
0,0.1877,16617
0,0.1877,18559
0,0.1877,18911
0,0.1877,19902
0,0.1877,26417
0,0.1877,26665
0,0.1877,28589
0,0.1877,28791
0,0.1877,31735
0,0.1877,39880
0,0.1877,40385
0,0.1877,43765
0,0.1877,45839
0,0.1877,100809
0,0.1877,147927
0,0.1877,514489
0,0.1877,521633
0,0.1877,524717
0,0.1877,533223
0,0.1877,536349
0,0.1877,805489
0,0.1878,10290
0,0.1878,10704
0,0.1878,11146
0,0.1878,12001
0,0.1878,13295
0,0.1878,15281
0,0.1878,15566
0,0.1878,45628
0,0.1878,68889
0,0.1878,514596
0,0.1878,515675
0,0.1878,521266
0,0.1878,524761
0,0.1878,525731
0,0.1878,530151
0,0.1878,802384
0,0.1879,12176
0,0.1879,12327
0,0.1879,13151
0,0.1879,13772
0,0.1879,17115
0,0.1879,19612
0,0.1879,40015
0,0.1879,86167
0,0.1879,511797
0,0.1879,512663
0,0.1879,521698
0,0.1879,531708
0,0.1879,532380
0,0.1879,556449
0,0.1879,800426
0,0.1879,802806
0,0.1879,803193
0,0.1879,902501
0,0.1880,10061
0,0.1880,10170
0,0.1880,10920
0,0.1880,10967
0,0.1880,11085
0,0.1880,13013
0,0.1880,13167
0,0.1880,13901
0,0.1880,13932
0,0.1880,14464
0,0.1880,14828
0,0.1880,17058
0,0.1880,17197
0,0.1880,17878
0,0.1880,17938
0,0.1880,18540
0,0.1880,19267
0,0.1880,20468
0,0.1880,31627
0,0.1880,182269
0,0.1880,516072
0,0.1880,518309
0,0.1880,519927
0,0.1880,802139
0,0.1880,808183
0,0.1881,10642
0,0.1881,10831
0,0.1881,11200
0,0.1881,11306
0,0.1881,11618
0,0.1881,12137
0,0.1881,12319
0,0.1881,13258
0,0.1881,14206
0,0.1881,14986
0,0.1881,19036
0,0.1881,21645
0,0.1881,23083
0,0.1881,25939
0,0.1881,294178
0,0.1881,434199
0,0.1881,512513
0,0.1881,514180
0,0.1881,517512
0,0.1881,535347
0,0.1881,801865
0,0.1882,10041
0,0.1882,10497
0,0.1882,11316
0,0.1882,11568
0,0.1882,11711
0,0.1882,11977
0,0.1882,12802
0,0.1882,13313
0,0.1882,13442
0,0.1882,14289
0,0.1882,15024
0,0.1882,15284
0,0.1882,21449
0,0.1882,35103
0,0.1882,47267
0,0.1882,511823
0,0.1882,512390
0,0.1882,515321
0,0.1882,517059
0,0.1882,520155
0,0.1882,520338
0,0.1882,521129
0,0.1882,545990
0,0.1882,904983
0,0.1883,10663
0,0.1883,10738
0,0.1883,11255
0,0.1883,12595
0,0.1883,12763
0,0.1883,12811
0,0.1883,14182
0,0.1883,14644
0,0.1883,15072
0,0.1883,16493
0,0.1883,17504
0,0.1883,18713
0,0.1883,20158
0,0.1883,23249
0,0.1883,39095
0,0.1883,44669
0,0.1883,55630
0,0.1883,57074
0,0.1883,517464
0,0.1883,518830
0,0.1883,521223
0,0.1883,523379
0,0.1883,523512
0,0.1883,529207
0,0.1883,529422
0,0.1884,10553
0,0.1884,11038
0,0.1884,11665
0,0.1884,16781
0,0.1884,18180
0,0.1884,23080
0,0.1884,24702
0,0.1884,28559
0,0.1884,61896
0,0.1884,85527
0,0.1884,383941
0,0.1884,513463
0,0.1884,514766
0,0.1884,520817
0,0.1884,533293
0,0.1884,803007
0,0.1884,811999
0,0.1885,10009
0,0.1885,10156
0,0.1885,11280
0,0.1885,15176
0,0.1885,15440
0,0.1885,17639
0,0.1885,21277
0,0.1885,24965
0,0.1885,34835
0,0.1885,35044
0,0.1885,40684
0,0.1885,57935
0,0.1885,71611
0,0.1885,520581
0,0.1885,523482
0,0.1885,532800
0,0.1886,10011
0,0.1886,12228
0,0.1886,12333
0,0.1886,14227
0,0.1886,21227
0,0.1886,22058
0,0.1886,22086
0,0.1886,22446
0,0.1886,23826
0,0.1886,28674
0,0.1886,32392
0,0.1886,35450
0,0.1886,38835
0,0.1886,42483
0,0.1886,48667
0,0.1886,53618
0,0.1886,67864
0,0.1886,105709
0,0.1886,107729
0,0.1886,801282
0,0.1886,809553
0,0.1886,906554
0,0.1887,10027
0,0.1887,11402
0,0.1887,12851
0,0.1887,14014
0,0.1887,15457
0,0.1887,16734
0,0.1887,16907
0,0.1887,21822
0,0.1887,21882
0,0.1887,37921
0,0.1887,42372
0,0.1887,52352
0,0.1887,58481
0,0.1887,62207
0,0.1887,64399
0,0.1887,98544
0,0.1887,519140
0,0.1887,522745
0,0.1887,525354
0,0.1887,568471
0,0.1887,802980
0,0.1887,806433
0,0.1887,810372
0,0.1887,814079
0,0.1888,10288
0,0.1888,10840
0,0.1888,10898
0,0.1888,11795
0,0.1888,12088
0,0.1888,13533
0,0.1888,13803
0,0.1888,13991
0,0.1888,16429
0,0.1888,19751
0,0.1888,21692
0,0.1888,21731
0,0.1888,24866
0,0.1888,24963
0,0.1888,27179
0,0.1888,30042
0,0.1888,58394
0,0.1888,235061
0,0.1888,512236
0,0.1888,523533
0,0.1888,524073
0,0.1888,527048
0,0.1888,801164
0,0.1888,802955
0,0.1888,805213
0,0.1888,936838
0,0.1889,10540
0,0.1889,11503
0,0.1889,11750
0,0.1889,12109
0,0.1889,12846
0,0.1889,13294
0,0.1889,13307
0,0.1889,13428
0,0.1889,17419
0,0.1889,19290
0,0.1889,23416
0,0.1889,29582
0,0.1889,30522
0,0.1889,131748
0,0.1889,142802
0,0.1889,511862
0,0.1889,513499
0,0.1889,520812
0,0.1889,523636
0,0.1889,924901
0,0.1890,10189
0,0.1890,10993
0,0.1890,12135
0,0.1890,12159
0,0.1890,14486
0,0.1890,14521
0,0.1890,14766
0,0.1890,16029
0,0.1890,16600
0,0.1890,17931
0,0.1890,22084
0,0.1890,26211
0,0.1890,89621
0,0.1890,148726
0,0.1890,151050
0,0.1890,160394
0,0.1890,553194
0,0.1890,557861
0,0.1890,803129
0,0.1890,813264
0,0.1890,936810
0,0.1891,10110
0,0.1891,10291
0,0.1891,10529
0,0.1891,10658
0,0.1891,11010
0,0.1891,12025
0,0.1891,12054
0,0.1891,12927
0,0.1891,13018
0,0.1891,13650
0,0.1891,16214
0,0.1891,17402
0,0.1891,20656
0,0.1891,21778
0,0.1891,22641
0,0.1891,40768
0,0.1891,43806
0,0.1891,50420
0,0.1891,76194
0,0.1891,141016
0,0.1891,513460
0,0.1891,522974
0,0.1891,524606
0,0.1891,524732
0,0.1891,555501
0,0.1891,801085
0,0.1891,804306
0,0.1891,905415
0,0.1892,11125
0,0.1892,24741
0,0.1892,25554
0,0.1892,26862
0,0.1892,40046
0,0.1892,46615
0,0.1892,51159
0,0.1892,62778
0,0.1892,514997
0,0.1892,515933
0,0.1892,524755
0,0.1892,524795
0,0.1892,533103
0,0.1892,549229
0,0.1892,800622
0,0.1893,10105
0,0.1893,15325
0,0.1893,15412
0,0.1893,17301
0,0.1893,19602
0,0.1893,30178
0,0.1893,61398
0,0.1893,511844
0,0.1893,512041
0,0.1893,512514
0,0.1893,512795
0,0.1893,512927
0,0.1893,517913
0,0.1893,530460
0,0.1894,10202
0,0.1894,10432
0,0.1894,11254
0,0.1894,11903
0,0.1894,12375
0,0.1894,12976
0,0.1894,13417
0,0.1894,17090
0,0.1894,17799
0,0.1894,19239
0,0.1894,25362
0,0.1894,37997
0,0.1894,76412
0,0.1894,102689
0,0.1894,134100
0,0.1894,520442
0,0.1894,521814
0,0.1894,533946
0,0.1894,555502
0,0.1894,558781
0,0.1894,800041
0,0.1894,802081
0,0.1895,10178
0,0.1895,10271
0,0.1895,11806
0,0.1895,12374
0,0.1895,12880
0,0.1895,17175
0,0.1895,18238
0,0.1895,18779
0,0.1895,18932
0,0.1895,20381
0,0.1895,21204
0,0.1895,24232
0,0.1895,31656
0,0.1895,35532
0,0.1895,36751
0,0.1895,512947
0,0.1895,517256
0,0.1895,520182
0,0.1895,529512
0,0.1895,529803
0,0.1895,529811
0,0.1895,808289
0,0.1896,12060
0,0.1896,15924
0,0.1896,22185
0,0.1896,29635
0,0.1896,34801
0,0.1896,54440
0,0.1896,60651
0,0.1896,63027
0,0.1896,174810
0,0.1896,351504
0,0.1896,514277
0,0.1896,515463
0,0.1896,517257
0,0.1896,521584
0,0.1896,523392
0,0.1896,523550
0,0.1896,903819
0,0.1896,934899
0,0.1897,10243
0,0.1897,11365
0,0.1897,12580
0,0.1897,13048
0,0.1897,13079
0,0.1897,14424
0,0.1897,18221
0,0.1897,22657
0,0.1897,26242
0,0.1897,42226
0,0.1897,44865
0,0.1897,55423
0,0.1897,60241
0,0.1897,514045
0,0.1897,516666
0,0.1897,521409
0,0.1897,524604
0,0.1897,527306
0,0.1897,812186
0,0.1897,908143
0,0.1898,10494
0,0.1898,10652
0,0.1898,11026
0,0.1898,11723
0,0.1898,11883
0,0.1898,12388
0,0.1898,12498
0,0.1898,16816
0,0.1898,19982
0,0.1898,22900
0,0.1898,23619
0,0.1898,24580
0,0.1898,25503
0,0.1898,27106
0,0.1898,58532
0,0.1898,79362
0,0.1898,137240
0,0.1898,517881
0,0.1898,523633
0,0.1898,530878
0,0.1898,811215
0,0.1898,909840
0,0.1899,10165
0,0.1899,10172
0,0.1899,10428
0,0.1899,10447
0,0.1899,12194
0,0.1899,12318
0,0.1899,12569
0,0.1899,14640
0,0.1899,14733
0,0.1899,14745
0,0.1899,15744
0,0.1899,16380
0,0.1899,16735
0,0.1899,17086
0,0.1899,22357
0,0.1899,27133
0,0.1899,32257
0,0.1899,33053
0,0.1899,34924
0,0.1899,53086
0,0.1899,81228
0,0.1899,515072
0,0.1899,515221
0,0.1899,800183
0,0.1899,807689
0,0.1899,814115
0,0.1900,10138
0,0.1900,13030
0,0.1900,14820
0,0.1900,19463
0,0.1900,20818
0,0.1900,30310
0,0.1900,46262
0,0.1900,65458
0,0.1900,68658
0,0.1900,511846
0,0.1900,519443
0,0.1900,529129
0,0.1900,530668
0,0.1900,800809
0,0.1900,801998
0,0.1901,10514
0,0.1901,10676
0,0.1901,10735
0,0.1901,11751
0,0.1901,12398
0,0.1901,12651
0,0.1901,17356
0,0.1901,18391
0,0.1901,18504
0,0.1901,18670
0,0.1901,22838
0,0.1901,26064
0,0.1901,35912
0,0.1901,39813
0,0.1901,88318
0,0.1901,200001
0,0.1901,521241
0,0.1901,574357
0,0.1901,809085
0,0.1902,10315
0,0.1902,10453
0,0.1902,11213
0,0.1902,11485
0,0.1902,12151
0,0.1902,15094
0,0.1902,19327
0,0.1902,23232
0,0.1902,32258
0,0.1902,45024
0,0.1902,51658
0,0.1902,61921
0,0.1902,71843
0,0.1902,107571
0,0.1902,517401
0,0.1902,522809
0,0.1902,527318
0,0.1902,547689
0,0.1902,580736
0,0.1902,806838
0,0.1902,807368
0,0.1903,10150
0,0.1903,10353
0,0.1903,11103
0,0.1903,12654
0,0.1903,15782
0,0.1903,15786
0,0.1903,17790
0,0.1903,18744
0,0.1903,27020
0,0.1903,30477
0,0.1903,37221
0,0.1903,48638
0,0.1903,58730
0,0.1903,72632
0,0.1903,99866
0,0.1903,123422
0,0.1903,149390
0,0.1903,517723
0,0.1903,518721
0,0.1903,520895
0,0.1903,521236
0,0.1903,534361
0,0.1903,813076
0,0.1904,10385
0,0.1904,11673
0,0.1904,11937
0,0.1904,12685
0,0.1904,13526
0,0.1904,14315
0,0.1904,15117
0,0.1904,15789
0,0.1904,16260
0,0.1904,18054
0,0.1904,18437
0,0.1904,20600
0,0.1904,24382
0,0.1904,25030
0,0.1904,33307
0,0.1904,43756
0,0.1904,514333
0,0.1904,532750
0,0.1904,815205
0,0.1905,12140
0,0.1905,13101
0,0.1905,14328
0,0.1905,15051
0,0.1905,15458
0,0.1905,15680
0,0.1905,16008
0,0.1905,16465
0,0.1905,24463
0,0.1905,27702
0,0.1905,29713
0,0.1905,58517
0,0.1905,519717
0,0.1905,520727
0,0.1905,529385
0,0.1905,555827
0,0.1905,800925
0,0.1905,801295
0,0.1905,801970
0,0.1905,1050014552
0,0.1906,10099
0,0.1906,10319
0,0.1906,10997
0,0.1906,12733
0,0.1906,13317
0,0.1906,14327
0,0.1906,18419
0,0.1906,19189
0,0.1906,19215
0,0.1906,19283
0,0.1906,24511
0,0.1906,25045
0,0.1906,26287
0,0.1906,28381
0,0.1906,44851
0,0.1906,47107
0,0.1906,517726
0,0.1906,523675
0,0.1906,902789
0,0.1906,374296357
0,0.1907,10072
0,0.1907,10448
0,0.1907,11311
0,0.1907,12065
0,0.1907,13142
0,0.1907,14869
0,0.1907,15905
0,0.1907,18953
0,0.1907,19274
0,0.1907,25328
0,0.1907,50228
0,0.1907,512071
0,0.1907,513147
0,0.1907,516110
0,0.1907,518604
0,0.1908,11087
0,0.1908,12368
0,0.1908,12488
0,0.1908,12506
0,0.1908,12575
0,0.1908,14011
0,0.1908,16538
0,0.1908,17685
0,0.1908,18595
0,0.1908,18743
0,0.1908,24153
0,0.1908,25634
0,0.1908,86750
0,0.1908,215209
0,0.1908,522815
0,0.1908,800718
0,0.1908,932321
0,0.1909,10205
0,0.1909,11466
0,0.1909,16184
0,0.1909,16671
0,0.1909,16689
0,0.1909,25176
0,0.1909,25330
0,0.1909,33168
0,0.1909,35743
0,0.1909,154893
0,0.1909,514362
0,0.1909,514405
0,0.1909,518194
0,0.1909,519616
0,0.1909,521240
0,0.1909,555238
0,0.1909,801895
0,0.1909,802461
0,0.1909,903602
0,0.1910,13692
0,0.1910,19956
0,0.1910,23281
0,0.1910,27191
0,0.1910,27296
0,0.1910,34896
0,0.1910,104033
0,0.1910,111660
0,0.1910,256844
0,0.1910,511881
0,0.1910,512002
0,0.1910,523060
0,0.1910,800241
0,0.1910,801199
0,0.1911,11155
0,0.1911,13121
0,0.1911,13760
0,0.1911,15042
0,0.1911,15140
0,0.1911,23273
0,0.1911,25021
0,0.1911,55656
0,0.1911,94555
0,0.1911,138585
0,0.1911,512326
0,0.1911,555342
0,0.1911,800782
0,0.1911,813201
0,0.1911,902962
0,0.1912,11166
0,0.1912,11497
0,0.1912,11638
0,0.1912,11900
0,0.1912,12248
0,0.1912,12259
0,0.1912,12796
0,0.1912,13347
0,0.1912,14215
0,0.1912,14903
0,0.1912,15163
0,0.1912,15441
0,0.1912,15510
0,0.1912,15562
0,0.1912,15829
0,0.1912,15836
0,0.1912,16175
0,0.1912,22706
0,0.1912,23359
0,0.1912,49839
0,0.1912,66804
0,0.1912,514546
0,0.1912,516643
0,0.1912,519460
0,0.1912,530880
0,0.1912,544496
0,0.1912,803599
0,0.1913,10003
0,0.1913,10844
0,0.1913,11030
0,0.1913,11344
0,0.1913,12358
0,0.1913,16244
0,0.1913,22519
0,0.1913,25236
0,0.1913,27117
0,0.1913,27937
0,0.1913,50952
0,0.1913,57559
0,0.1913,59776
0,0.1913,517548
0,0.1913,522715
0,0.1913,532909
0,0.1913,800335
0,0.1913,800745
0,0.1913,801179
0,0.1913,907256
0,0.1914,11341
0,0.1914,11896
0,0.1914,15290
0,0.1914,15612
0,0.1914,18563
0,0.1914,20520
0,0.1914,29493
0,0.1914,32016
0,0.1914,53652
0,0.1914,92871
0,0.1914,338369
0,0.1914,512362
0,0.1914,513217
0,0.1914,513283
0,0.1914,523769
0,0.1914,803860
0,0.1914,805532
0,0.1914,940009
0,0.1915,10564
0,0.1915,10852
0,0.1915,11495
0,0.1915,12762
0,0.1915,13310
0,0.1915,14224
0,0.1915,14892
0,0.1915,16194
0,0.1915,17454
0,0.1915,21242
0,0.1915,29939
0,0.1915,34949
0,0.1915,36470
0,0.1915,48335
0,0.1915,104220
0,0.1915,512086
0,0.1915,515950
0,0.1915,522734
0,0.1915,807924
0,0.1915,904022
0,0.1915,905514
0,0.1915,916091
0,0.1915,418840426
0,0.1916,10414
0,0.1916,11142
0,0.1916,12809
0,0.1916,12900
0,0.1916,13418
0,0.1916,14158
0,0.1916,15124
0,0.1916,17491
0,0.1916,19488
0,0.1916,35474
0,0.1916,41913
0,0.1916,43040
0,0.1916,512106
0,0.1916,800553
0,0.1917,10185
0,0.1917,10740
0,0.1917,10932
0,0.1917,12028
0,0.1917,12377
0,0.1917,12732
0,0.1917,13397
0,0.1917,13864
0,0.1917,25792
0,0.1917,38389
0,0.1917,44005
0,0.1917,54462
0,0.1917,56362
0,0.1917,56542
0,0.1917,79464
0,0.1917,104620
0,0.1917,518513
0,0.1917,521529
0,0.1917,527475
0,0.1917,530449
0,0.1917,565814
0,0.1917,802046
0,0.1917,802308
0,0.1917,807148
0,0.1918,10100
0,0.1918,10969
0,0.1918,15145
0,0.1918,15768
0,0.1918,16687
0,0.1918,18156
0,0.1918,30443
0,0.1918,35128
0,0.1918,36295
0,0.1918,42467
0,0.1918,49288
0,0.1918,78782
0,0.1918,512328
0,0.1918,519363
0,0.1918,801976
0,0.1918,810086
0,0.1918,812884
0,0.1918,155143464
0,0.1919,11221
0,0.1919,11532
0,0.1919,12532
0,0.1919,13863
0,0.1919,14434
0,0.1919,15530
0,0.1919,15534
0,0.1919,16597
0,0.1919,17861
0,0.1919,22870
0,0.1919,23325
0,0.1919,42793
0,0.1919,47348
0,0.1919,48491
0,0.1919,97678
0,0.1919,515062
0,0.1919,522428
0,0.1919,522752
0,0.1919,522857
0,0.1919,529603
0,0.1919,801210
0,0.1919,903643
0,0.1920,10540
0,0.1920,10964
0,0.1920,11198
0,0.1920,12581
0,0.1920,13969
0,0.1920,14686
0,0.1920,15576
0,0.1920,15914
0,0.1920,18165
0,0.1920,28123
0,0.1920,30371
0,0.1920,31681
0,0.1920,34191
0,0.1920,42028
0,0.1920,42739
0,0.1920,46159
0,0.1920,49630
0,0.1920,77481
0,0.1920,113924
0,0.1920,512156
0,0.1920,512319
0,0.1920,513769
0,0.1920,520386
0,0.1920,522354
0,0.1920,800056
0,0.1920,800490
0,0.1920,801347
0,0.1920,806303
0,0.1921,10612
0,0.1921,12104
0,0.1921,14552
0,0.1921,14780
0,0.1921,15605
0,0.1921,17508
0,0.1921,17820
0,0.1921,18436
0,0.1921,18712
0,0.1921,21646
0,0.1921,24088
0,0.1921,28190
0,0.1921,32718
0,0.1921,34452
0,0.1921,115704
0,0.1921,512077
0,0.1921,519144
0,0.1921,531755
0,0.1921,800167
0,0.1921,800594
0,0.1921,906612
0,0.1922,11194
0,0.1922,11327
0,0.1922,11458
0,0.1922,12811
0,0.1922,13576
0,0.1922,13872
0,0.1922,18937
0,0.1922,20062
0,0.1922,46073
0,0.1922,89191
0,0.1922,146366
0,0.1922,152496
0,0.1922,209688
0,0.1922,513146
0,0.1922,522789
0,0.1922,800737
0,0.1922,800890
0,0.1922,801843
0,0.1922,811141
0,0.1923,10203
0,0.1923,12319
0,0.1923,15382
0,0.1923,15674
0,0.1923,17630
0,0.1923,17726
0,0.1923,18869
0,0.1923,18915
0,0.1923,19158
0,0.1923,19367
0,0.1923,21932
0,0.1923,22536
0,0.1923,25773
0,0.1923,41949
0,0.1923,46303
0,0.1923,103779
0,0.1923,195264
0,0.1923,530874
0,0.1924,10255
0,0.1924,10817
0,0.1924,12083
0,0.1924,12445
0,0.1924,13058
0,0.1924,13799
0,0.1924,14225
0,0.1924,16794
0,0.1924,21353
0,0.1924,25318
0,0.1924,519050
0,0.1924,522352
0,0.1924,800716
0,0.1924,903642
0,0.1925,10295
0,0.1925,12276
0,0.1925,14954
0,0.1925,15059
0,0.1925,17276
0,0.1925,18766
0,0.1925,19720
0,0.1925,26741
0,0.1925,27210
0,0.1925,27737
0,0.1925,80750
0,0.1925,514988
0,0.1925,519878
0,0.1925,800757
0,0.1925,801335
0,0.1925,903558
0,0.1926,11021
0,0.1926,11764
0,0.1926,11805
0,0.1926,14157
0,0.1926,14817
0,0.1926,14881
0,0.1926,15484
0,0.1926,15937
0,0.1926,16641
0,0.1926,37196
0,0.1926,46657
0,0.1926,60056
0,0.1926,69319
0,0.1926,511828
0,0.1926,519230
0,0.1926,520817
0,0.1926,524655
0,0.1926,802615
0,0.1927,10566
0,0.1927,10800
0,0.1927,11318
0,0.1927,11712
0,0.1927,11734
0,0.1927,14192
0,0.1927,15514
0,0.1927,23513
0,0.1927,26284
0,0.1927,26619
0,0.1927,28254
0,0.1927,42285
0,0.1927,42997
0,0.1927,44648
0,0.1927,47369
0,0.1927,522744
0,0.1927,543506
0,0.1927,802544
0,0.1927,803013
0,0.1928,11074
0,0.1928,11688
0,0.1928,11915
0,0.1928,12159
0,0.1928,13559
0,0.1928,15731
0,0.1928,16975
0,0.1928,20831
0,0.1928,23601
0,0.1928,24708
0,0.1928,33298
0,0.1928,35558
0,0.1928,45906
0,0.1928,48096
0,0.1928,56308
0,0.1928,94433
0,0.1928,513111
0,0.1928,805165
0,0.1929,11772
0,0.1929,17173
0,0.1929,17380
0,0.1929,18823
0,0.1929,31839
0,0.1929,36245
0,0.1929,122745
0,0.1929,512513
0,0.1929,513134
0,0.1929,517763
0,0.1929,524000
0,0.1929,800747
0,0.1929,802145
0,0.1929,814430
0,0.1929,819096
0,0.1930,10816
0,0.1930,11445
0,0.1930,12180
0,0.1930,13442
0,0.1930,14912
0,0.1930,15713
0,0.1930,17825
0,0.1930,18109
0,0.1930,18125
0,0.1930,23090
0,0.1930,30981
0,0.1930,38272
0,0.1930,54642
0,0.1930,129936
0,0.1930,512459
0,0.1930,531299
0,0.1930,539704
0,0.1930,912379
0,0.1931,11923
0,0.1931,13258
0,0.1931,13537
0,0.1931,15362
0,0.1931,15929
0,0.1931,17185
0,0.1931,18585
0,0.1931,35919
0,0.1931,41640
0,0.1931,53290
0,0.1931,63923
0,0.1931,67373
0,0.1931,146404
0,0.1931,172666
0,0.1931,196622
0,0.1931,519140
0,0.1931,520210
0,0.1931,521813
0,0.1931,531769
0,0.1932,11402
0,0.1932,16659
0,0.1932,21568
0,0.1932,22530
0,0.1932,67889
0,0.1932,523038
0,0.1932,909612
0,0.1933,10241
0,0.1933,10539
0,0.1933,11131
0,0.1933,11654
0,0.1933,12802
0,0.1933,13860
0,0.1933,14093
0,0.1933,24225
0,0.1933,25403
0,0.1933,29340
0,0.1933,38569
0,0.1933,38847
0,0.1933,39253
0,0.1933,48982
0,0.1933,75688
0,0.1933,268258
0,0.1933,514605
0,0.1933,520188
0,0.1933,520816
0,0.1933,529515
0,0.1933,800760
0,0.1933,807560
0,0.1934,11200
0,0.1934,11406
0,0.1934,11484
0,0.1934,13272
0,0.1934,14133
0,0.1934,15150
0,0.1934,15535
0,0.1934,16537
0,0.1934,23846
0,0.1934,25939
0,0.1934,46358
0,0.1934,513033
0,0.1934,519371
0,0.1934,529488
0,0.1934,810117
0,0.1935,10436
0,0.1935,10677
0,0.1935,11802
0,0.1935,12606
0,0.1935,12993
0,0.1935,13854
0,0.1935,21053
0,0.1935,22240
0,0.1935,517512
0,0.1935,519131
0,0.1935,519399
0,0.1935,526298
0,0.1935,533590
0,0.1936,10646
0,0.1936,11965
0,0.1936,12565
0,0.1936,13115
0,0.1936,14263
0,0.1936,14408
0,0.1936,14714
0,0.1936,16553
0,0.1936,18604
0,0.1936,18704
0,0.1936,20774
0,0.1936,31664
0,0.1936,39376
0,0.1936,57102
0,0.1936,68889
0,0.1936,148515
0,0.1936,511756
0,0.1936,515294
0,0.1936,520117
0,0.1936,521203
0,0.1936,531643
0,0.1936,802929
0,0.1937,10362
0,0.1937,10637
0,0.1937,10839
0,0.1937,10879
0,0.1937,12341
0,0.1937,13008
0,0.1937,13033
0,0.1937,13773
0,0.1937,17024
0,0.1937,17835
0,0.1937,20652
0,0.1937,21609
0,0.1937,21690
0,0.1937,22728
0,0.1937,25312
0,0.1937,28999
0,0.1937,37719
0,0.1937,38835
0,0.1937,41401
0,0.1937,511790
0,0.1937,512305
0,0.1937,514853
0,0.1937,518920
0,0.1937,519818
0,0.1937,523552
0,0.1937,524429
0,0.1937,529318
0,0.1937,540383
0,0.1937,805227
0,0.1937,905415
0,0.1938,10102
0,0.1938,11012
0,0.1938,11061
0,0.1938,12298
0,0.1938,12503
0,0.1938,13158
0,0.1938,13403
0,0.1938,14223
0,0.1938,17156
0,0.1938,17379
0,0.1938,18980
0,0.1938,27524
0,0.1938,85527
0,0.1938,140519
0,0.1938,157614
0,0.1938,519896
0,0.1938,520646
0,0.1938,903689
0,0.1939,12992
0,0.1939,14137
0,0.1939,16430
0,0.1939,31786
0,0.1939,33289
0,0.1939,121084
0,0.1939,518830
0,0.1939,529604
0,0.1939,800132
0,0.1939,800203
0,0.1939,801616
0,0.1940,10704
0,0.1940,11188
0,0.1940,11210
0,0.1940,11338
0,0.1940,15176
0,0.1940,15616
0,0.1940,16191
0,0.1940,16343
0,0.1940,16931
0,0.1940,21145
0,0.1940,32315
0,0.1940,36812
0,0.1940,59983
0,0.1940,142743
0,0.1940,489781
0,0.1940,515048
0,0.1940,515844
0,0.1940,558344
0,0.1940,800343
0,0.1941,10147
0,0.1941,10167
0,0.1941,10323
0,0.1941,11375
0,0.1941,11588
0,0.1941,12131
0,0.1941,12902
0,0.1941,13856
0,0.1941,17554
0,0.1941,38190
0,0.1941,57935
0,0.1941,74024
0,0.1941,90835
0,0.1941,101552
0,0.1941,136159
0,0.1941,520338
0,0.1941,520888
0,0.1941,523776
0,0.1941,524767
0,0.1942,10108
0,0.1942,10513
0,0.1942,10820
0,0.1942,11053
0,0.1942,11947
0,0.1942,15273
0,0.1942,16754
0,0.1942,20492
0,0.1942,25352
0,0.1942,33552
0,0.1942,42059
0,0.1942,42483
0,0.1942,43191
0,0.1942,91333
0,0.1942,131748
0,0.1942,154359
0,0.1942,517601
0,0.1942,520390
0,0.1942,529029
0,0.1942,804625
0,0.1943,11361
0,0.1943,11618
0,0.1943,16984
0,0.1943,24683
0,0.1943,55527
0,0.1943,80175
0,0.1943,174420
0,0.1943,210670
0,0.1943,517202
0,0.1943,520581
0,0.1943,521059
0,0.1943,521662
0,0.1943,531009
0,0.1943,550497
0,0.1943,953627
0,0.1944,10914
0,0.1944,14464
0,0.1944,14918
0,0.1944,16075
0,0.1944,16360
0,0.1944,23602
0,0.1944,98698
0,0.1944,518540
0,0.1944,520435
0,0.1945,10094
0,0.1945,10977
0,0.1945,11607
0,0.1945,15325
0,0.1945,16986
0,0.1945,24671
0,0.1945,30313
0,0.1945,33598
0,0.1945,37130
0,0.1945,39462
0,0.1945,72274
0,0.1945,95935
0,0.1945,105291
0,0.1945,123858
0,0.1945,515757
0,0.1945,515760
0,0.1945,520087
0,0.1945,527048
0,0.1945,533618
0,0.1945,800208
0,0.1945,806326
0,0.1946,10187
0,0.1946,10289
0,0.1946,11671
0,0.1946,14509
0,0.1946,14643
0,0.1946,14816
0,0.1946,16390
0,0.1946,17109
0,0.1946,17876
0,0.1946,45427
0,0.1946,70651
0,0.1946,85395
0,0.1946,85715
0,0.1946,124222
0,0.1946,512927
0,0.1946,513174
0,0.1946,513646
0,0.1946,518690
0,0.1946,537899
0,0.1946,556346
0,0.1946,800413
0,0.1946,802134
0,0.1946,924901
0,0.1947,10593
0,0.1947,10781
0,0.1947,10917
0,0.1947,11586
0,0.1947,12726
0,0.1947,13217
0,0.1947,13428
0,0.1947,17849
0,0.1947,18779
0,0.1947,22644
0,0.1947,521814
0,0.1947,800307
0,0.1947,800838
0,0.1947,802367
0,0.1947,802521
0,0.1947,904785
0,0.1948,10263
0,0.1948,10285
0,0.1948,11029
0,0.1948,11710
0,0.1948,11968
0,0.1948,12411
0,0.1948,14094
0,0.1948,15209
0,0.1948,15839
0,0.1948,16110
0,0.1948,16180
0,0.1948,16198
0,0.1948,22014
0,0.1948,89966
0,0.1948,96692
0,0.1948,303314
0,0.1948,515675
0,0.1948,521292
0,0.1948,800622
0,0.1948,803524
0,0.1948,903570
0,0.1948,701647131
0,0.1949,10132
0,0.1949,10495
0,0.1949,12109
0,0.1949,12335
0,0.1949,14729
0,0.1949,16026
0,0.1949,17931
0,0.1949,19440
0,0.1949,19612
0,0.1949,22084
0,0.1949,28469
0,0.1949,30164
0,0.1949,44816
0,0.1949,47754
0,0.1949,68489
0,0.1949,87077
0,0.1949,512534
0,0.1949,519761
0,0.1949,520812
0,0.1949,902276
0,0.1950,10420
0,0.1950,11932
0,0.1950,12006
0,0.1950,13317
0,0.1950,14387
0,0.1950,15127
0,0.1950,19443
0,0.1950,37265
0,0.1950,59387
0,0.1950,521126
0,0.1950,806636
0,0.1950,813104
0,0.1951,10099
0,0.1951,10162
0,0.1951,10692
0,0.1951,10867
0,0.1951,11699
0,0.1951,11893
0,0.1951,12355
0,0.1951,12398
0,0.1951,15398
0,0.1951,15451
0,0.1951,16303
0,0.1951,18713
0,0.1951,19267
0,0.1951,26481
0,0.1951,31627
0,0.1951,38454
0,0.1951,47564
0,0.1951,76194
0,0.1951,102607
0,0.1951,514547
0,0.1951,524073
0,0.1951,530445
0,0.1952,10184
0,0.1952,10845
0,0.1952,11170
0,0.1952,11540
0,0.1952,12423
0,0.1952,12933
0,0.1952,15904
0,0.1952,15997
0,0.1952,16087
0,0.1952,16879
0,0.1952,17981
0,0.1952,18932
0,0.1952,19189
0,0.1952,30405
0,0.1952,37142
0,0.1952,49627
0,0.1952,56830
0,0.1952,61398
0,0.1952,98544
0,0.1952,512185
0,0.1952,513463
0,0.1952,515961
0,0.1952,526375
0,0.1952,529572
0,0.1952,572057
0,0.1952,800426
0,0.1952,908747
0,0.1952,932322
0,0.1953,10294
0,0.1953,10377
0,0.1953,10638
0,0.1953,11503
0,0.1953,18419
0,0.1953,19760
0,0.1953,22899
0,0.1953,27179
0,0.1953,39753
0,0.1953,39847
0,0.1953,40390
0,0.1953,64416
0,0.1953,106355
0,0.1953,521635
0,0.1953,529516
0,0.1953,803048
0,0.1953,808183
0,0.1953,932796
0,0.1953,1050045395
0,0.1954,11252
0,0.1954,12162
0,0.1954,12506
0,0.1954,13360
0,0.1954,24094
0,0.1954,35743
0,0.1954,38085
0,0.1954,57591
0,0.1954,72491
0,0.1954,94391
0,0.1954,126900
0,0.1954,247112
0,0.1954,511823
0,0.1954,512542
0,0.1954,520081
0,0.1954,520789
0,0.1954,521675
0,0.1954,522762
0,0.1954,800461
0,0.1954,803959
0,0.1954,902504
0,0.1955,10041
0,0.1955,10574
0,0.1955,10597
0,0.1955,13698
0,0.1955,14105
0,0.1955,18415
0,0.1955,20818
0,0.1955,27296
0,0.1955,31915
0,0.1955,43126
0,0.1955,44250
0,0.1955,44830
0,0.1955,46153
0,0.1955,513827
0,0.1955,517268
0,0.1955,522387
0,0.1955,800412
0,0.1955,801002
0,0.1955,801552
0,0.1955,802455
0,0.1955,427967297
0,0.1956,10114
0,0.1956,10376
0,0.1956,11896
0,0.1956,12900
0,0.1956,14871
0,0.1956,26417
0,0.1956,90574
0,0.1956,514045
0,0.1956,521360
0,0.1956,555713
0,0.1956,806072
0,0.1956,905896
0,0.1956,907256
0,0.1957,10959
0,0.1957,11668
0,0.1957,12037
0,0.1957,18940
0,0.1957,20545
0,0.1957,25045
0,0.1957,28184
0,0.1957,29135
0,0.1957,39504
0,0.1957,58394
0,0.1957,224471
0,0.1957,514230
0,0.1957,514405
0,0.1957,514579
0,0.1957,520034
0,0.1957,534301
0,0.1957,800511
0,0.1957,800773
0,0.1957,800907
0,0.1957,805244
0,0.1957,909840
0,0.1958,13985
0,0.1958,14259
0,0.1958,14375
0,0.1958,22291
0,0.1958,31757
0,0.1958,70337
0,0.1958,148749
0,0.1958,454614
0,0.1958,513283
0,0.1958,516663
0,0.1958,800452
0,0.1959,10185
0,0.1959,10553
0,0.1959,11253
0,0.1959,12067
0,0.1959,13568
0,0.1959,14716
0,0.1959,22066
0,0.1959,24382
0,0.1959,28791
0,0.1959,32062
0,0.1959,109149
0,0.1959,520083
0,0.1959,530872
0,0.1959,531732
0,0.1959,574147
0,0.1959,802384
0,0.1959,803344
0,0.1959,901888
0,0.1960,10110
0,0.1960,10202
0,0.1960,10276
0,0.1960,10847
0,0.1960,11365
0,0.1960,12358
0,0.1960,12716
0,0.1960,13768
0,0.1960,14174
0,0.1960,14182
0,0.1960,14482
0,0.1960,16093
0,0.1960,18020
0,0.1960,18504
0,0.1960,22386
0,0.1960,28559
0,0.1960,28782
0,0.1960,59288
0,0.1960,64607
0,0.1960,86523
0,0.1960,137497
0,0.1960,151777
0,0.1960,524761
0,0.1960,800363
0,0.1960,805362
0,0.1960,904624
0,0.1960,319204020
0,0.1961,10136
0,0.1961,10537
0,0.1961,14194
0,0.1961,15693
0,0.1961,21058
0,0.1961,23619
0,0.1961,41887
0,0.1961,56695
0,0.1961,75379
0,0.1961,235061
0,0.1961,511778
0,0.1961,530875
0,0.1961,804025
0,0.1961,936810
0,0.1962,10840
0,0.1962,14206
0,0.1962,15888
0,0.1962,16493
0,0.1962,17402
0,0.1962,45197
0,0.1962,48667
0,0.1962,58730
0,0.1962,168586
0,0.1962,512390
0,0.1962,549229
0,0.1963,14127
0,0.1963,14966
0,0.1963,17878
0,0.1963,21797
0,0.1963,33307
0,0.1963,81910
0,0.1963,190319
0,0.1963,512932
0,0.1963,524894
0,0.1964,10165
0,0.1964,10551
0,0.1964,14756
0,0.1964,14899
0,0.1964,16761
0,0.1964,17477
0,0.1964,18744
0,0.1964,20185
0,0.1964,27191
0,0.1964,29648
0,0.1964,222777
0,0.1964,514125
0,0.1964,518604
0,0.1964,521928
0,0.1964,522410
0,0.1964,537032
0,0.1964,803732
0,0.1964,803828
0,0.1964,826175
0,0.1965,10169
0,0.1965,22585
0,0.1965,26485
0,0.1965,294178
0,0.1965,511797
0,0.1965,520817
0,0.1965,527525
0,0.1965,800300
0,0.1965,800722
0,0.1965,801816
0,0.1965,802955
0,0.1965,804371
0,0.1965,804884
0,0.1966,10719
0,0.1966,12858
0,0.1966,34607
0,0.1966,34949
0,0.1966,39413
0,0.1966,53086
0,0.1966,116303
0,0.1966,516110
0,0.1966,523636
0,0.1966,801761
0,0.1966,807799
0,0.1966,808159
0,0.1967,14727
0,0.1967,16636
0,0.1967,17177
0,0.1967,17454
0,0.1967,173725
0,0.1967,523863
0,0.1967,524606
0,0.1967,800213
0,0.1967,809401
0,0.1967,834861
0,0.1968,10109
0,0.1968,10133
0,0.1968,10515
0,0.1968,10960
0,0.1968,11064
0,0.1968,11255
0,0.1968,13030
0,0.1968,21637
0,0.1968,30181
0,0.1968,32258
0,0.1968,154759
0,0.1968,512514
0,0.1968,800356
0,0.1968,800827
0,0.1968,802124
0,0.1969,13270
0,0.1969,13434
0,0.1969,14011
0,0.1969,17131
0,0.1969,17194
0,0.1969,18437
0,0.1969,18670
0,0.1969,20007
0,0.1969,21932
0,0.1969,22006
0,0.1969,22884
0,0.1969,23167
0,0.1969,28248
0,0.1969,45969
0,0.1969,63612
0,0.1969,71547
0,0.1969,71877
0,0.1969,512662
0,0.1969,513464
0,0.1969,517548
0,0.1969,521374
0,0.1969,522432
0,0.1969,801380
0,0.1969,802181
0,0.1969,814079
0,0.1970,10691
0,0.1970,11908
0,0.1970,14283
0,0.1970,15602
0,0.1970,17419
0,0.1970,19498
0,0.1970,20620
0,0.1970,24776
0,0.1970,38706
0,0.1970,515460
0,0.1970,522974
0,0.1970,531999
0,0.1971,10269
0,0.1971,10468
0,0.1971,10479
0,0.1971,13018
0,0.1971,13442
0,0.1971,13728
0,0.1971,16127
0,0.1971,16794
0,0.1971,16953
0,0.1971,19616
0,0.1971,20402
0,0.1971,38268
0,0.1971,84758
0,0.1971,518194
0,0.1971,519347
0,0.1971,519660
0,0.1971,521063
0,0.1971,521940
0,0.1971,525061
0,0.1972,10150
0,0.1972,11874
0,0.1972,12767
0,0.1972,13080
0,0.1972,14434
0,0.1972,15436
0,0.1972,15789
0,0.1972,18730
0,0.1972,21263
0,0.1972,24828
0,0.1972,25396
0,0.1972,33075
0,0.1972,79146
0,0.1972,512911
0,0.1972,513056
0,0.1972,516256
0,0.1972,523675
0,0.1972,530880
0,0.1972,533761
0,0.1972,574357
0,0.1972,804333
0,0.1973,11784
0,0.1973,12091
0,0.1973,16579
0,0.1973,16910
0,0.1973,23325
0,0.1973,81442
0,0.1973,110756
0,0.1973,520115
0,0.1973,532010
0,0.1973,801865
0,0.1973,802806
0,0.1973,508788865
0,0.1974,11433
0,0.1974,13295
0,0.1974,13559
0,0.1974,18749
0,0.1974,22072
0,0.1974,23703
0,0.1974,27416
0,0.1974,30421
0,0.1974,47035
0,0.1974,102689
0,0.1974,512319
0,0.1974,519866
0,0.1974,521241
0,0.1974,522992
0,0.1974,524361
0,0.1974,527427
0,0.1974,529385
0,0.1974,800217
0,0.1974,805248
0,0.1974,805647
0,0.1974,319204020
0,0.1975,11214
0,0.1975,12055
0,0.1975,12104
0,0.1975,12158
0,0.1975,13124
0,0.1975,16275
0,0.1975,23601
0,0.1975,33316
0,0.1975,44903
0,0.1975,59275
0,0.1975,555176
0,0.1976,10120
0,0.1976,10679
0,0.1976,13865
0,0.1976,15310
0,0.1976,23273
0,0.1976,29713
0,0.1976,78630
0,0.1976,126350
0,0.1976,801193
0,0.1976,801626
0,0.1976,802490
0,0.1976,805489
0,0.1976,815281
0,0.1977,10974
0,0.1977,11021
0,0.1977,12097
0,0.1977,14881
0,0.1977,15955
0,0.1977,20715
0,0.1977,23826
0,0.1977,48491
0,0.1977,53078
0,0.1977,58244
0,0.1977,63798
0,0.1977,70088
0,0.1977,175572
0,0.1977,514596
0,0.1977,514997
0,0.1977,520236
0,0.1977,522815
0,0.1977,801638
0,0.1977,810995
0,0.1978,10138
0,0.1978,11363
0,0.1978,11628
0,0.1978,13228
0,0.1978,14289
0,0.1978,17342
0,0.1978,22379
0,0.1978,28674
0,0.1978,29493
0,0.1978,513284
0,0.1978,515933
0,0.1978,519368
0,0.1978,521409
0,0.1978,521444
0,0.1978,556347
0,0.1978,802543
0,0.1978,802731
0,0.1978,905984
0,0.1979,10011
0,0.1979,10949
0,0.1979,11017
0,0.1979,11326
0,0.1979,12730
0,0.1979,12809
0,0.1979,17408
0,0.1979,21527
0,0.1979,21613
0,0.1979,24016
0,0.1979,25763
0,0.1979,27486
0,0.1979,28146
0,0.1979,40994
0,0.1979,44669
0,0.1979,57381
0,0.1979,72133
0,0.1979,521152
0,0.1979,524610
0,0.1979,800347
0,0.1979,802652
0,0.1979,802704
0,0.1980,10018
0,0.1980,10226
0,0.1980,10432
0,0.1980,10510
0,0.1980,10825
0,0.1980,12838
0,0.1980,13490
0,0.1980,21296
0,0.1980,32475
0,0.1980,69544
0,0.1980,79615
0,0.1980,519722
0,0.1980,801510
0,0.1980,802174
0,0.1980,802907
0,0.1980,803982
0,0.1980,813695
0,0.1980,814010
0,0.1981,10078
0,0.1981,10658
0,0.1981,10725
0,0.1981,11008
0,0.1981,11608
0,0.1981,12083
0,0.1981,12651
0,0.1981,15845
0,0.1981,17751
0,0.1981,19366
0,0.1981,24227
0,0.1981,25137
0,0.1981,28010
0,0.1981,32302
0,0.1981,39739
0,0.1981,51159
0,0.1981,521236
0,0.1981,800214
0,0.1981,801598
0,0.1981,802795
0,0.1981,805639
0,0.1981,805992
0,0.1981,809397
0,0.1981,811952
0,0.1982,10624
0,0.1982,10777
0,0.1982,11982
0,0.1982,12401
0,0.1982,16517
0,0.1982,19274
0,0.1982,23197
0,0.1982,25684
0,0.1982,40289
0,0.1982,137084
0,0.1982,529520
0,0.1982,536208
0,0.1982,802562
0,0.1982,811406
0,0.1983,10285
0,0.1983,12126
0,0.1983,13877
0,0.1983,17858
0,0.1983,35912
0,0.1983,58561
0,0.1983,87338
0,0.1983,114715
0,0.1983,519705
0,0.1983,519720
0,0.1983,520217
0,0.1983,530449
0,0.1983,530608
0,0.1983,530790
0,0.1983,800769
0,0.1983,812633
0,0.1984,11112
0,0.1984,13517
0,0.1984,17902
0,0.1984,25773
0,0.1984,25939
0,0.1984,42241
0,0.1984,91391
0,0.1984,121794
0,0.1984,145879
0,0.1984,163351
0,0.1984,511821
0,0.1984,512928
0,0.1984,519228
0,0.1984,524074
0,0.1984,527653
0,0.1984,555259
0,0.1984,802624
0,0.1984,814989
0,0.1985,11634
0,0.1985,12395
0,0.1985,23854
0,0.1985,26798
0,0.1985,28943
0,0.1985,30310
0,0.1985,36059
0,0.1985,43756
0,0.1985,52016
0,0.1985,95758
0,0.1985,104220
0,0.1985,801580
0,0.1985,935161
0,0.1986,10137
0,0.1986,10735
0,0.1986,11802
0,0.1986,14029
0,0.1986,26916
0,0.1986,42083
0,0.1986,92188
0,0.1986,114858
0,0.1986,512273
0,0.1986,524654
0,0.1986,800477
0,0.1986,801166
0,0.1986,802625
0,0.1986,811554
0,0.1986,814367
0,0.1986,904868
0,0.1986,905928
0,0.1987,10371
0,0.1987,11311
0,0.1987,11485
0,0.1987,12140
0,0.1987,12180
0,0.1987,13113
0,0.1987,16536
0,0.1987,46341
0,0.1987,52191
0,0.1987,94433
0,0.1987,512077
0,0.1987,512513
0,0.1987,519144
0,0.1988,10494
0,0.1988,11005
0,0.1988,14096
0,0.1988,20359
0,0.1988,35324
0,0.1988,38853
0,0.1988,154893
0,0.1988,511881
0,0.1988,801242
0,0.1988,803566
0,0.1989,10497
0,0.1989,11836
0,0.1989,11900
0,0.1989,11994
0,0.1989,14894
0,0.1989,18790
0,0.1989,24634
0,0.1989,58834
0,0.1989,434891
0,0.1989,530435
0,0.1989,531583
0,0.1989,555344
0,0.1989,804625
0,0.1989,807288
0,0.1989,814106
0,0.1990,10224
0,0.1990,10303
0,0.1990,10564
0,0.1990,10852
0,0.1990,12333
0,0.1990,27725
0,0.1990,31735
0,0.1990,32020
0,0.1990,258715
0,0.1990,517512
0,0.1990,521444
0,0.1990,800127
0,0.1990,800999
0,0.1990,803007
0,0.1990,806999
0,0.1991,10065
0,0.1991,10072
0,0.1991,10099
0,0.1991,10707
0,0.1991,12572
0,0.1991,13121
0,0.1991,15163
0,0.1991,15514
0,0.1991,16818
0,0.1991,20144
0,0.1991,24134
0,0.1991,52728
0,0.1991,54104
0,0.1991,59776
0,0.1991,514265
0,0.1991,524655
0,0.1991,580802
0,0.1991,807072
0,0.1992,10969
0,0.1992,11455
0,0.1992,11879
0,0.1992,12802
0,0.1992,15905
0,0.1992,19036
0,0.1992,21191
0,0.1992,40983
0,0.1992,41171
0,0.1992,74551
0,0.1992,125531
0,0.1992,195264
0,0.1992,512930
0,0.1992,522443
0,0.1992,801497
0,0.1992,809492
0,0.1992,905259
0,0.1992,905313
0,0.1992,905514
0,0.1993,10044
0,0.1993,10977
0,0.1993,12506
0,0.1993,12753
0,0.1993,14464
0,0.1993,14765
0,0.1993,17946
0,0.1993,18156
0,0.1993,19827
0,0.1993,26287
0,0.1993,38272
0,0.1993,42509
0,0.1993,55178
0,0.1993,61285
0,0.1993,531985
0,0.1994,10222
0,0.1994,10368
0,0.1994,10514
0,0.1994,15458
0,0.1994,17175
0,0.1994,20831
0,0.1994,22240
0,0.1994,23779
0,0.1994,26666
0,0.1994,37921
0,0.1994,62207
0,0.1994,101593
0,0.1994,511828
0,0.1994,517256
0,0.1994,800306
0,0.1994,800618
0,0.1994,805491
0,0.1994,813076
0,0.1994,814430
0,0.1995,11873
0,0.1995,12088
0,0.1995,12151
0,0.1995,12605
0,0.1995,13892
0,0.1995,16836
0,0.1995,24146
0,0.1995,25797
0,0.1995,39798
0,0.1995,59176
0,0.1995,95057
0,0.1995,138056
0,0.1995,512305
0,0.1995,513217
0,0.1995,519003
0,0.1995,521535
0,0.1995,521814
0,0.1995,523786
0,0.1995,524351
0,0.1995,556038
0,0.1995,556539
0,0.1995,800406
0,0.1995,805850
0,0.1995,806172
0,0.1995,903602
0,0.1996,10172
0,0.1996,11324
0,0.1996,13094
0,0.1996,13317
0,0.1996,15495
0,0.1996,15924
0,0.1996,19025
0,0.1996,25792
0,0.1996,40300
0,0.1996,81228
0,0.1996,515289
0,0.1996,517257
0,0.1996,519140
0,0.1996,519895
0,0.1996,555342
0,0.1996,559141
0,0.1996,815205
0,0.1997,10041
0,0.1997,10356
0,0.1997,10447
0,0.1997,10603
0,0.1997,11155
0,0.1997,11605
0,0.1997,13281
0,0.1997,13595
0,0.1997,15176
0,0.1997,16249
0,0.1997,16687
0,0.1997,18601
0,0.1997,18779
0,0.1997,19696
0,0.1997,22870
0,0.1997,32393
0,0.1997,43096
0,0.1997,46073
0,0.1997,49672
0,0.1997,512927
0,0.1997,513296
0,0.1997,517255
0,0.1997,534361
0,0.1997,571495
0,0.1997,579728
0,0.1997,800167
0,0.1997,903947
0,0.1998,10043
0,0.1998,10243
0,0.1998,12255
0,0.1998,12733
0,0.1998,12844
0,0.1998,12846
0,0.1998,13153
0,0.1998,13943
0,0.1998,14041
0,0.1998,14853
0,0.1998,15635
0,0.1998,23281
0,0.1998,28254
0,0.1998,33079
0,0.1998,47257
0,0.1998,52304
0,0.1998,489781
0,0.1998,512607
0,0.1998,515026
0,0.1998,522465
0,0.1998,801678
0,0.1998,902304
0,0.1999,10110
0,0.1999,10205
0,0.1999,10302
0,0.1999,10866
0,0.1999,11030
0,0.1999,11312
0,0.1999,11568
0,0.1999,11614
0,0.1999,11711
0,0.1999,12343
0,0.1999,13800
0,0.1999,14766
0,0.1999,16506
0,0.1999,17367
0,0.1999,18777
0,0.1999,44931
0,0.1999,76194
0,0.1999,511846
0,0.1999,523349
0,0.1999,800716
0,0.1999,808926
0,0.1999,906622
0,0.2000,10404
0,0.2000,10879
0,0.2000,13056
0,0.2000,13371
0,0.2000,14424
0,0.2000,15932
0,0.2000,17143
0,0.2000,19189
0,0.2000,19850
0,0.2000,26564
0,0.2000,28767
0,0.2000,33038
0,0.2000,35978
0,0.2000,121377
0,0.2000,514045
0,0.2000,522746
0,0.2000,524902
0,0.2000,532909
0,0.2000,800114
0,0.2000,905312
0,0.2001,12654
0,0.2001,13575
0,0.2001,14093
0,0.2001,18351
0,0.2001,26718
0,0.2001,28622
0,0.2001,49002
0,0.2001,63441
0,0.2001,513376
0,0.2001,524717
0,0.2001,801998
0,0.2001,807534
0,0.2001,808289
0,0.2002,13754
0,0.2002,14939
0,0.2002,18419
0,0.2002,19902
0,0.2002,20818
0,0.2002,26607
0,0.2002,35743
0,0.2002,38835
0,0.2002,121578
0,0.2002,512858
0,0.2002,513283
0,0.2002,558781
0,0.2002,800422
0,0.2002,801970
0,0.2002,803422
0,0.2003,10209
0,0.2003,13456
0,0.2003,18504
0,0.2003,19104
0,0.2003,19452
0,0.2003,21277
0,0.2003,22446
0,0.2003,40580
0,0.2003,47922
0,0.2003,520210
0,0.2003,520817
0,0.2003,522428
0,0.2003,525354
0,0.2003,912122
0,0.2003,1050014552
0,0.2004,11188
0,0.2004,12006
0,0.2004,12248
0,0.2004,12358
0,0.2004,14552
0,0.2004,18932
0,0.2004,19594
0,0.2004,19760
0,0.2004,23619
0,0.2004,23963
0,0.2004,24232
0,0.2004,27296
0,0.2004,31911
0,0.2004,35109
0,0.2004,35532
0,0.2004,40768
0,0.2004,45427
0,0.2004,54440
0,0.2004,63998
0,0.2004,97678
0,0.2004,121067
0,0.2004,800809
0,0.2004,802296
0,0.2004,803129
0,0.2004,904652
0,0.2004,214700177
0,0.2005,10255
0,0.2005,10322
0,0.2005,10839
0,0.2005,10845
0,0.2005,10943
0,0.2005,11338
0,0.2005,12510
0,0.2005,13158
0,0.2005,13316
0,0.2005,13533
0,0.2005,16781
0,0.2005,27043
0,0.2005,42700
0,0.2005,71843
0,0.2005,100217
0,0.2005,511839
0,0.2005,516944
0,0.2005,517763
0,0.2005,522734
0,0.2005,522745
0,0.2005,529519
0,0.2005,533946
0,0.2005,580097
0,0.2005,801295
0,0.2005,813291
0,0.2006,10898
0,0.2006,11053
0,0.2006,15114
0,0.2006,15502
0,0.2006,25036
0,0.2006,25552
0,0.2006,27806
0,0.2006,58481
0,0.2006,84356
0,0.2006,85527
0,0.2006,512328
0,0.2006,514405
0,0.2006,520034
0,0.2006,801895
0,0.2006,812884
0,0.2007,10185
0,0.2007,10480
0,0.2007,11578
0,0.2007,13852
0,0.2007,16105
0,0.2007,16294
0,0.2007,18109
0,0.2007,19981
0,0.2007,30313
0,0.2007,37142
0,0.2007,49839
0,0.2007,60241
0,0.2007,80867
0,0.2007,519862
0,0.2007,521536
0,0.2007,527009
0,0.2007,800305
0,0.2007,800638
0,0.2007,803690
0,0.2008,10420
0,0.2008,10822
0,0.2008,11164
0,0.2008,13305
0,0.2008,18744
0,0.2008,22122
0,0.2008,27893
0,0.2008,28190
0,0.2008,42483
0,0.2008,513401
0,0.2008,514034
0,0.2008,518461
0,0.2008,519692
0,0.2009,10107
0,0.2009,10204
0,0.2009,10249
0,0.2009,10869
0,0.2009,13760
0,0.2009,14284
0,0.2009,16008
0,0.2009,17156
0,0.2009,24866
0,0.2009,26284
0,0.2009,27115
0,0.2009,27133
0,0.2009,32258
0,0.2009,39657
0,0.2009,40565
0,0.2009,55630
0,0.2009,131748
0,0.2009,136504
0,0.2009,221783
0,0.2009,511882
0,0.2009,516739
0,0.2009,523564
0,0.2009,523821
0,0.2009,801164
0,0.2009,803110
0,0.2009,805532
0,0.2010,10088
0,0.2010,10265
0,0.2010,10414
0,0.2010,10531
0,0.2010,10816
0,0.2010,12252
0,0.2010,12923
0,0.2010,13287
0,0.2010,15351
0,0.2010,19334
0,0.2010,26417
0,0.2010,30508
0,0.2010,38526
0,0.2010,39095
0,0.2010,60774
0,0.2010,68889
0,0.2010,105998
0,0.2010,515221
0,0.2010,526298
0,0.2010,527048
0,0.2010,530151
0,0.2010,800020
0,0.2010,810086
0,0.2011,11497
0,0.2011,11654
0,0.2011,12059
0,0.2011,13151
0,0.2011,15362
0,0.2011,16063
0,0.2011,17272
0,0.2011,17823
0,0.2011,18778
0,0.2011,19089
0,0.2011,23180
0,0.2011,49630
0,0.2011,52041
0,0.2011,73397
0,0.2011,164031
0,0.2011,174420
0,0.2011,514988
0,0.2011,522753
0,0.2011,529031
0,0.2012,10061
0,0.2012,10399
0,0.2012,10687
0,0.2012,10744
0,0.2012,11402
0,0.2012,16734
0,0.2012,17790
0,0.2012,18424
0,0.2012,22536
0,0.2012,44690
0,0.2012,56970
0,0.2012,800529
0,0.2012,909041
0,0.2012,936838
0,0.2013,11606
0,0.2013,12398
0,0.2013,12646
0,0.2013,15325
0,0.2013,19460
0,0.2013,24382
0,0.2013,40046
0,0.2013,41801
0,0.2013,57935
0,0.2013,514546
0,0.2013,515091
0,0.2013,517722
0,0.2013,518443
0,0.2013,519399
0,0.2013,902520
0,0.2014,10241
0,0.2014,10378
0,0.2014,14286
0,0.2014,14772
0,0.2014,21932
0,0.2014,27106
0,0.2014,27596
0,0.2014,40390
0,0.2014,45722
0,0.2014,82899
0,0.2014,127571
0,0.2014,520642
0,0.2014,800959
0,0.2014,804899
0,0.2015,10453
0,0.2015,10617
0,0.2015,11166
0,0.2015,11210
0,0.2015,12396
0,0.2015,13007
0,0.2015,16794
0,0.2015,17389
0,0.2015,17691
0,0.2015,21882
0,0.2015,26242
0,0.2015,34683
0,0.2015,37552
0,0.2015,61398
0,0.2015,62574
0,0.2015,130455
0,0.2015,247112
0,0.2015,515575
0,0.2015,523600
0,0.2015,549024
0,0.2015,879469321
0,0.2016,10285
0,0.2016,11419
0,0.2016,14215
0,0.2016,14521
0,0.2016,15496
0,0.2016,16504
0,0.2016,16735
0,0.2016,21688
0,0.2016,29379
0,0.2016,53086
0,0.2016,57555
0,0.2016,90051
0,0.2016,98544
0,0.2016,518831
0,0.2016,803352
0,0.2016,811204
0,0.2017,13640
0,0.2017,15234
0,0.2017,19124
0,0.2017,19290
0,0.2017,40625
0,0.2017,50967
0,0.2017,139178
0,0.2017,520021
0,0.2018,10187
0,0.2018,11712
0,0.2018,12259
0,0.2018,12606
0,0.2018,13418
0,0.2018,13628
0,0.2018,22852
0,0.2018,27413
0,0.2018,30537
0,0.2018,55385
0,0.2018,76412
0,0.2018,140609
0,0.2018,516098
0,0.2018,520393
0,0.2018,521059
0,0.2018,522828
0,0.2018,524761
0,0.2018,537032
0,0.2018,800143
0,0.2018,808464
0,0.2018,155143464
0,0.2019,10294
0,0.2019,10537
0,0.2019,12796
0,0.2019,17726
0,0.2019,17931
0,0.2019,18113
0,0.2019,22185
0,0.2019,29806
0,0.2019,30807
0,0.2019,48638
0,0.2019,50228
0,0.2019,53190
0,0.2019,58331
0,0.2019,512521
0,0.2019,520773
0,0.2019,521763
0,0.2019,522757
0,0.2019,555383
0,0.2019,802632
0,0.2019,806678
0,0.2020,11618
0,0.2020,12318
0,0.2020,13442
0,0.2020,16373
0,0.2020,18125
0,0.2020,18185
0,0.2020,19982
0,0.2020,23325
0,0.2020,28123
0,0.2020,67789
0,0.2020,70317
0,0.2020,555340
0,0.2020,800056
0,0.2020,808183
0,0.2021,11021
0,0.2021,11238
0,0.2021,11856
0,0.2021,11891
0,0.2021,12907
0,0.2021,13516
0,0.2021,13984
0,0.2021,14736
0,0.2021,15891
0,0.2021,17369
0,0.2021,18823
0,0.2021,34896
0,0.2021,46262
0,0.2021,67174
0,0.2021,513174
0,0.2021,514696
0,0.2021,515950
0,0.2021,519132
0,0.2021,521075
0,0.2021,800062
0,0.2022,10428
0,0.2022,10669
0,0.2022,11192
0,0.2022,12001
0,0.2022,12095
0,0.2022,13018
0,0.2022,14869
0,0.2022,17454
0,0.2022,18054
0,0.2022,18585
0,0.2022,20755
0,0.2022,21252
0,0.2022,25045
0,0.2022,37439
0,0.2022,38084
0,0.2022,38847
0,0.2022,42191
0,0.2022,64399
0,0.2022,145530
0,0.2022,511823
0,0.2022,802097
0,0.2022,803047
0,0.2022,808572
0,0.2022,905303
0,0.2023,10051
0,0.2023,10190
0,0.2023,11785
0,0.2023,12104
0,0.2023,12635
0,0.2023,14224
0,0.2023,14276
0,0.2023,15999
0,0.2023,16473
0,0.2023,34949
0,0.2023,42997
0,0.2023,61243
0,0.2023,62156
0,0.2023,154726
0,0.2023,215209
0,0.2023,514035
0,0.2023,800622
0,0.2023,800907
0,0.2023,801550
0,0.2024,10099
0,0.2024,11254
0,0.2024,15170
0,0.2024,15506
0,0.2024,15713
0,0.2024,15851
0,0.2024,16540
0,0.2024,17958
0,0.2024,18238
0,0.2024,18745
0,0.2024,19995
0,0.2024,21637
0,0.2024,21692
0,0.2024,27025
0,0.2024,30801
0,0.2024,59983
0,0.2024,100420
0,0.2024,511844
0,0.2024,512314
0,0.2024,522752
0,0.2024,523776
0,0.2024,525066
0,0.2024,814115
0,0.2025,10102
0,0.2025,10638
0,0.2025,10817
0,0.2025,11585
0,0.2025,11699
0,0.2025,14881
0,0.2025,16659
0,0.2025,17325
0,0.2025,37433
0,0.2025,45288
0,0.2025,67384
0,0.2025,83143
0,0.2025,147617
0,0.2025,521813
0,0.2025,522738
0,0.2025,802544
0,0.2026,10119
0,0.2026,10820
0,0.2026,11070
0,0.2026,11375
0,0.2026,11947
0,0.2026,12155
0,0.2026,16146
0,0.2026,22204
0,0.2026,27302
0,0.2026,30371
0,0.2026,67951
0,0.2026,71503
0,0.2026,517548
0,0.2026,522387
0,0.2026,802955
0,0.2026,904983
0,0.2026,905709
0,0.2027,10114
0,0.2027,10639
0,0.2027,11199
0,0.2027,11207
0,0.2027,11888
0,0.2027,13872
0,0.2027,16274
0,0.2027,20468
0,0.2027,25184
0,0.2027,28791
0,0.2027,38706
0,0.2027,57577
0,0.2027,58394
0,0.2027,59994
0,0.2027,512042
0,0.2027,800718
0,0.2027,805227
0,0.2027,912966
0,0.2028,10040
0,0.2028,10242
0,0.2028,11495
0,0.2028,11723
0,0.2028,13537
0,0.2028,14434
0,0.2028,29458
0,0.2028,32486
0,0.2028,45024
0,0.2028,46358
0,0.2028,48914
0,0.2028,117741
0,0.2028,519865
0,0.2028,800890
0,0.2028,803013
0,0.2028,805135
0,0.2029,10282
0,0.2029,10981
0,0.2029,13563
0,0.2029,13667
0,0.2029,14192
0,0.2029,15566
0,0.2029,15612
0,0.2029,15789
0,0.2029,17825
0,0.2029,23601
0,0.2029,24690
0,0.2029,25713
0,0.2029,27179
0,0.2029,61273
0,0.2029,64180
0,0.2029,200001
0,0.2029,522841
0,0.2029,523578
0,0.2030,10120
0,0.2030,10579
0,0.2030,11087
0,0.2030,11825
0,0.2030,12811
0,0.2030,14727
0,0.2030,16553
0,0.2030,17134
0,0.2030,18068
0,0.2030,21664
0,0.2030,53641
0,0.2030,57335
0,0.2030,517512
0,0.2030,800345
0,0.2030,800438
0,0.2030,908183
0,0.2031,10165
0,0.2031,10593
0,0.2031,10964
0,0.2031,11772
0,0.2031,11805
0,0.2031,13434
0,0.2031,15888
0,0.2031,21822
0,0.2031,25939
0,0.2031,31681
0,0.2031,36384
0,0.2031,40213
0,0.2031,42332
0,0.2031,56017
0,0.2031,235061
0,0.2031,513033
0,0.2031,518541
0,0.2031,549508
0,0.2031,561653
0,0.2031,812193
0,0.2032,10663
0,0.2032,11142
0,0.2032,12240
0,0.2032,14060
0,0.2032,17835
0,0.2032,31871
0,0.2032,40888
0,0.2032,58730
0,0.2032,174184
0,0.2032,524136
0,0.2032,529498
0,0.2032,806297
0,0.2032,936810
0,0.2033,10539
0,0.2033,11903
0,0.2033,13115
0,0.2033,13613
0,0.2033,13680
0,0.2033,14206
0,0.2033,14509
0,0.2033,15371
0,0.2033,15494
0,0.2033,16180
0,0.2033,17024
0,0.2033,17508
0,0.2033,19802
0,0.2033,24683
0,0.2033,29582
0,0.2033,30660
0,0.2033,50445
0,0.2033,54465
0,0.2033,86264
0,0.2033,520117
0,0.2033,549229
0,0.2034,11085
0,0.2034,12131
0,0.2034,12232
0,0.2034,12650
0,0.2034,12858
0,0.2034,13217
0,0.2034,13559
0,0.2034,14259
0,0.2034,15273
0,0.2034,17901
0,0.2034,19215
0,0.2034,49869
0,0.2034,518604
0,0.2034,530789
0,0.2034,580819
0,0.2034,802945
0,0.2034,879469321
0,0.2035,13526
0,0.2035,18182
0,0.2035,27929
0,0.2035,58517
0,0.2035,70651
0,0.2035,515933
0,0.2035,522715
0,0.2035,526612
0,0.2035,579919
0,0.2035,801429
0,0.2035,805938
0,0.2035,902962
0,0.2036,10133
0,0.2036,10302
0,0.2036,10362
0,0.2036,10603
0,0.2036,12055
0,0.2036,12319
0,0.2036,12506
0,0.2036,21227
0,0.2036,30498
0,0.2036,521240
0,0.2036,530880
0,0.2036,800677
0,0.2036,806278
0,0.2036,904161
0,0.2036,918582
0,0.2037,10041
0,0.2037,12487
0,0.2037,15028
0,0.2037,15163
0,0.2037,15398
0,0.2037,16599
0,0.2037,19767
0,0.2037,29535
0,0.2037,48491
0,0.2037,512608
0,0.2037,549638
0,0.2037,802160
0,0.2037,804136
0,0.2037,811406
0,0.2038,10652
0,0.2038,13991
0,0.2038,15514
0,0.2038,15836
0,0.2038,16380
0,0.2038,19921
0,0.2038,22276
0,0.2038,23602
0,0.2038,29116
0,0.2038,54275
0,0.2038,80674
0,0.2038,513146
0,0.2038,514125
0,0.2038,803863
0,0.2038,924883
0,0.2039,10027
0,0.2039,10052
0,0.2039,10110
0,0.2039,11171
0,0.2039,11280
0,0.2039,11590
0,0.2039,12718
0,0.2039,14294
0,0.2039,15244
0,0.2039,15616
0,0.2039,15657
0,0.2039,16641
0,0.2039,20923
0,0.2039,25038
0,0.2039,28010
0,0.2039,28584
0,0.2039,37190
0,0.2039,39253
0,0.2039,512390
0,0.2039,521814
0,0.2039,525400
0,0.2039,809397
0,0.2039,812633
0,0.2039,908747
0,0.2040,10914
0,0.2040,11200
0,0.2040,11201
0,0.2040,14997
0,0.2040,15782
0,0.2040,15904
0,0.2040,16493
0,0.2040,17491
0,0.2040,67864
0,0.2040,71991
0,0.2040,518112
0,0.2040,519347
0,0.2040,520621
0,0.2040,800553
0,0.2040,800911
0,0.2040,819096
0,0.2040,932322
0,0.2041,10150
0,0.2041,10251
0,0.2041,10295
0,0.2041,10699
0,0.2041,10799
0,0.2041,10956
0,0.2041,12491
0,0.2041,12532
0,0.2041,12710
0,0.2041,13167
0,0.2041,13258
0,0.2041,14223
0,0.2041,15939
0,0.2041,20545
0,0.2041,22799
0,0.2041,30955
0,0.2041,105436
0,0.2041,344038
0,0.2041,512927
0,0.2041,514596
0,0.2041,519144
0,0.2041,520194
0,0.2041,525958
0,0.2041,813104
0,0.2041,900035
0,0.2042,10168
0,0.2042,14542
0,0.2042,15919
0,0.2042,18779
0,0.2042,22126
0,0.2042,48667
0,0.2042,303314
0,0.2042,513646
0,0.2042,520115
0,0.2042,800158
0,0.2042,808456
0,0.2042,810414
0,0.2043,10169
0,0.2043,10677
0,0.2043,12054
0,0.2043,13090
0,0.2043,13273
0,0.2043,13317
0,0.2043,15360
0,0.2043,16642
0,0.2043,18437
0,0.2043,20185
0,0.2043,27339
0,0.2043,28559
0,0.2043,47802
0,0.2043,58258
0,0.2043,58532
0,0.2043,64607
0,0.2043,83621
0,0.2043,513339
0,0.2043,520641
0,0.2043,521241
0,0.2043,555342
0,0.2044,10072
0,0.2044,10855
0,0.2044,14011
0,0.2044,15001
0,0.2044,15117
0,0.2044,16110
0,0.2044,76194
0,0.2044,127702
0,0.2044,518194
0,0.2044,531708
0,0.2044,539704
0,0.2044,803524
0,0.2044,803979
0,0.2045,10226
0,0.2045,10332
0,0.2045,10513
0,0.2045,10658
0,0.2045,10864
0,0.2045,12716
0,0.2045,23209
0,0.2045,23513
0,0.2045,35196
0,0.2045,43781
0,0.2045,63122
0,0.2045,111660
0,0.2045,125111
0,0.2045,517913
0,0.2045,521546
0,0.2045,523675
0,0.2045,526311
0,0.2045,532715
0,0.2045,801478
0,0.2045,805244
0,0.2045,902262
0,0.2046,10497
0,0.2046,10545
0,0.2046,10825
0,0.2046,11603
0,0.2046,11717
0,0.2046,12181
0,0.2046,13428
0,0.2046,13585
0,0.2046,13836
0,0.2046,15226
0,0.2046,15423
0,0.2046,18156
0,0.2046,26832
0,0.2046,33536
0,0.2046,513284
0,0.2046,529385
0,0.2047,11369
0,0.2047,13877
0,0.2047,14194
0,0.2047,14486
0,0.2047,15674
0,0.2047,25024
0,0.2047,25210
0,0.2047,25970
0,0.2047,27191
0,0.2047,54443
0,0.2047,289948
0,0.2047,514045
0,0.2047,522974
0,0.2047,908088
0,0.2048,10415
0,0.2048,12429
0,0.2048,12585
0,0.2048,16579
0,0.2048,16862
0,0.2048,17554
0,0.2048,18170
0,0.2048,19073
0,0.2048,20518
0,0.2048,20774
0,0.2048,23273
0,0.2048,23453
0,0.2048,24741
0,0.2048,25792
0,0.2048,26136
0,0.2048,30108
0,0.2048,30416
0,0.2048,34392
0,0.2048,38454
0,0.2048,42975
0,0.2048,59198
0,0.2048,92696
0,0.2048,104220
0,0.2048,515679
0,0.2048,804675
0,0.2049,10272
0,0.2049,10338
0,0.2049,12651
0,0.2049,15068
0,0.2049,15768
0,0.2049,16708
0,0.2049,16781
0,0.2049,19189
0,0.2049,23212
0,0.2049,29135
0,0.2049,48335
0,0.2049,55527
0,0.2049,77014
0,0.2049,94433
0,0.2049,97863
0,0.2049,137497
0,0.2049,517601
0,0.2049,523636
0,0.2049,523863
0,0.2049,533411
0,0.2049,537899
0,0.2049,800391
0,0.2049,904121
0,0.2049,932321
0,0.2049,932796
0,0.2050,10289
0,0.2050,10735
0,0.2050,11670
0,0.2050,11821
0,0.2050,11896
0,0.2050,12060
0,0.2050,14643
0,0.2050,14986
0,0.2050,15110
0,0.2050,18165
0,0.2050,18321
0,0.2050,18504
0,0.2050,18932
0,0.2050,19616
0,0.2050,21645
0,0.2050,22240
0,0.2050,36459
0,0.2050,59170
0,0.2050,126216
0,0.2050,519332
0,0.2050,520817
0,0.2050,522754
0,0.2050,523506
0,0.2050,800134
0,0.2050,803599
0,0.2051,10515
0,0.2051,10852
0,0.2051,11302
0,0.2051,12900
0,0.2051,12993
0,0.2051,13228
0,0.2051,14912
0,0.2051,17244
0,0.2051,17671
0,0.2051,19760
0,0.2051,23619
0,0.2051,23854
0,0.2051,25773
0,0.2051,44816
0,0.2051,58585
0,0.2051,89801
0,0.2051,512795
0,0.2051,514547
0,0.2051,516256
0,0.2051,521027
0,0.2051,529408
0,0.2051,530449
0,0.2051,801453
0,0.2052,10376
0,0.2052,12454
0,0.2052,13969
0,0.2052,15176
0,0.2052,16584
0,0.2052,20818
0,0.2052,34820
0,0.2052,35503
0,0.2052,37709
0,0.2052,140790
0,0.2052,513283
0,0.2052,537027
0,0.2053,11485
0,0.2053,12405
0,0.2053,13079
0,0.2053,13307
0,0.2053,14137
0,0.2053,16940
0,0.2053,19274
0,0.2053,19478
0,0.2053,19618
0,0.2053,30664
0,0.2053,31591
0,0.2053,65472
0,0.2053,92871
0,0.2053,130279
0,0.2053,518309
0,0.2053,522762
0,0.2053,529318
0,0.2053,800412
0,0.2053,802461
0,0.2053,803048
0,0.2054,10080
0,0.2054,10278
0,0.2054,10847
0,0.2054,10986
0,0.2054,11057
0,0.2054,11900
0,0.2054,12109
0,0.2054,12140
0,0.2054,13799
0,0.2054,14664
0,0.2054,15487
0,0.2054,17173
0,0.2054,18419
0,0.2054,22521
0,0.2054,28525
0,0.2054,37735
0,0.2054,38657
0,0.2054,516643
0,0.2054,519371
0,0.2054,558460
0,0.2054,801998
0,0.2054,807924
0,0.2055,10354
0,0.2055,11368
0,0.2055,11806
0,0.2055,12358
0,0.2055,12809
0,0.2055,13896
0,0.2055,14497
0,0.2055,16794
0,0.2055,17177
0,0.2055,17696
0,0.2055,18790
0,0.2055,20402
0,0.2055,23162
0,0.2055,24382
0,0.2055,28674
0,0.2055,34120
0,0.2055,39608
0,0.2055,39813
0,0.2055,45969
0,0.2055,99882
0,0.2055,107241
0,0.2055,222777
0,0.2055,513111
0,0.2055,524655
0,0.2055,803501
0,0.2055,906612
0,0.2056,10781
0,0.2056,11497
0,0.2056,12345
0,0.2056,13259
0,0.2056,31653
0,0.2056,32258
0,0.2056,154212
0,0.2056,524717
0,0.2056,800226
0,0.2056,801346
0,0.2056,801816
0,0.2056,804556
0,0.2057,10236
0,0.2057,12159
0,0.2057,12183
0,0.2057,13962
0,0.2057,14127
0,0.2057,14976
0,0.2057,15535
0,0.2057,22900
0,0.2057,26417
0,0.2057,50575
0,0.2057,61079
0,0.2057,514997
0,0.2057,520210
0,0.2057,524596
0,0.2057,574147
0,0.2057,804914
0,0.2057,805165
0,0.2058,10175
0,0.2058,12178
0,0.2058,16175
0,0.2058,22870
0,0.2058,25517
0,0.2058,26741
0,0.2058,29207
0,0.2058,30761
0,0.2058,33307
0,0.2058,154359
0,0.2058,173968
0,0.2058,511821
0,0.2058,521317
0,0.2058,800845
0,0.2058,803690
0,0.2058,805528
0,0.2058,1050014552
0,0.2059,10099
0,0.2059,10475
0,0.2059,11079
0,0.2059,11710
0,0.2059,12176
0,0.2059,13201
0,0.2059,15905
0,0.2059,18730
0,0.2059,20945
0,0.2059,27296
0,0.2059,30310
0,0.2059,31642
0,0.2059,35743
0,0.2059,70325
0,0.2059,80175
0,0.2059,102689
0,0.2059,512947
0,0.2059,521059
0,0.2059,521374
0,0.2059,522815
0,0.2059,530460
0,0.2059,543158
0,0.2059,804663
0,0.2059,905313
0,0.2060,10011
0,0.2060,10185
0,0.2060,10917
0,0.2060,14435
0,0.2060,14954
0,0.2060,16907
0,0.2060,21932
0,0.2060,27725
0,0.2060,34625
0,0.2060,48301
0,0.2060,512077
0,0.2060,512513
0,0.2060,516981
0,0.2060,517059
0,0.2060,520155
0,0.2061,10555
0,0.2061,10965
0,0.2061,11846
0,0.2061,17354
0,0.2061,18744
0,0.2061,30419
0,0.2061,39753
0,0.2061,53290
0,0.2061,71877
0,0.2061,514405
0,0.2061,801231
0,0.2061,904022
0,0.2062,10447
0,0.2062,10537
0,0.2062,11021
0,0.2062,11420
0,0.2062,14728
0,0.2062,15890
0,0.2062,21296
0,0.2062,29021
0,0.2062,40390
0,0.2062,511828
0,0.2062,520888
0,0.2062,523379
0,0.2062,524512
0,0.2062,553194
0,0.2062,319204020
0,0.2063,10047
0,0.2063,11170
0,0.2063,11915
0,0.2063,11968
0,0.2063,12398
0,0.2063,14424
0,0.2063,14881
0,0.2063,18921
0,0.2063,21322
0,0.2063,26505
0,0.2063,28254
0,0.2063,36253
0,0.2063,38835
0,0.2063,40456
0,0.2063,61896
0,0.2063,513594
0,0.2063,518513
0,0.2063,520820
0,0.2063,521633
0,0.2063,574357
0,0.2063,801970
0,0.2063,809492
0,0.2063,904246
0,0.2064,10097
0,0.2064,11663
0,0.2064,12151
0,0.2064,14207
0,0.2064,14330
0,0.2064,15458
0,0.2064,20780
0,0.2064,24126
0,0.2064,63923
0,0.2064,135801
0,0.2064,167848
0,0.2064,514015
0,0.2064,518777
0,0.2064,520081
0,0.2064,520182
0,0.2064,522761
0,0.2064,524606
0,0.2064,529125
0,0.2064,905926
0,0.2064,427967297
0,0.2065,11174
0,0.2065,13138
0,0.2065,13817
0,0.2065,20831
0,0.2065,22084
0,0.2065,29129
0,0.2065,29918
0,0.2065,81710
0,0.2065,529229
0,0.2065,581239
0,0.2065,800426
0,0.2065,814106
0,0.2066,11103
0,0.2066,13363
0,0.2066,14289
0,0.2066,14640
0,0.2066,15858
0,0.2066,16617
0,0.2066,24016
0,0.2066,24828
0,0.2066,25254
0,0.2066,29957
0,0.2066,33075
0,0.2066,34187
0,0.2066,63798
0,0.2066,511881
0,0.2066,513565
0,0.2066,519363
0,0.2066,319204020
0,0.2066,841372881
0,0.2067,10553
0,0.2067,11665
0,0.2067,13442
0,0.2067,14255
0,0.2067,17930
0,0.2067,23325
0,0.2067,24306
0,0.2067,25628
0,0.2067,25939
0,0.2067,31610
0,0.2067,36730
0,0.2067,37921
0,0.2067,53086
0,0.2067,69319
0,0.2067,94555
0,0.2067,123422
0,0.2067,517202
0,0.2067,522387
0,0.2067,532747
0,0.2067,532909
0,0.2067,547701
0,0.2068,10679
0,0.2068,11318
0,0.2068,13864
0,0.2068,14227
0,0.2068,16311
0,0.2068,19036
0,0.2068,21449
0,0.2068,30168
0,0.2068,38272
0,0.2068,71649
0,0.2068,85527
0,0.2068,100809
0,0.2068,513463
0,0.2068,800130
0,0.2068,815445
0,0.2069,10114
0,0.2069,10319
0,0.2069,11532
0,0.2069,12503
0,0.2069,14040
0,0.2069,14966
0,0.2069,16875
0,0.2069,19011
0,0.2069,19522
0,0.2069,20620
0,0.2069,38338
0,0.2069,46466
0,0.2069,91351
0,0.2069,119860
0,0.2069,514416
0,0.2069,531299
0,0.2069,802072
0,0.2069,903642
0,0.2069,905259
0,0.2070,12104
0,0.2070,18343
0,0.2070,19886
0,0.2070,24699
0,0.2070,26309
0,0.2070,30068
0,0.2070,31198
0,0.2070,32974
0,0.2070,36704
0,0.2070,101652
0,0.2070,800856
0,0.2070,905077
0,0.2070,907803
0,0.2071,11327
0,0.2071,12730
0,0.2071,13607
0,0.2071,15361
0,0.2071,18204
0,0.2071,30313
0,0.2071,36812
0,0.2071,48982
0,0.2071,512928
0,0.2071,514413
0,0.2071,520581
0,0.2071,521146
0,0.2071,524902
0,0.2071,527585
0,0.2071,530151
0,0.2071,537032
0,0.2071,801895
0,0.2072,10060
0,0.2072,10136
0,0.2072,10802
0,0.2072,11642
0,0.2072,14093
0,0.2072,14463
0,0.2072,14673
0,0.2072,15484
0,0.2072,17105
0,0.2072,19720
0,0.2072,31408
0,0.2072,37105
0,0.2072,58481
0,0.2072,84758
0,0.2072,113924
0,0.2072,131748
0,0.2072,512750
0,0.2072,517723
0,0.2072,520087
0,0.2072,524073
0,0.2072,558854
0,0.2072,1050045395
0,0.2073,10830
0,0.2073,11447
0,0.2073,12125
0,0.2073,12506
0,0.2073,13013
0,0.2073,13360
0,0.2073,13760
0,0.2073,15680
0,0.2073,17156
0,0.2073,17878
0,0.2073,28481
0,0.2073,32718
0,0.2073,37142
0,0.2073,43732
0,0.2073,47369
0,0.2073,60685
0,0.2073,146366
0,0.2073,209688
0,0.2073,521409
0,0.2073,523626
0,0.2073,556346
0,0.2073,801295
0,0.2073,834861
0,0.2073,427967297
0,0.2073,841372881
0,0.2074,10050
0,0.2074,10494
0,0.2074,10514
0,0.2074,11402
0,0.2074,12088
0,0.2074,12445
0,0.2074,13692
0,0.2074,17175
0,0.2074,18508
0,0.2074,46073
0,0.2074,59387
0,0.2074,63701
0,0.2074,70924
0,0.2074,800857
0,0.2074,805489
0,0.2074,939961
0,0.2074,600700832
0,0.2074,879469321
0,0.2075,10501
0,0.2075,11815
0,0.2075,12388
0,0.2075,12802
0,0.2075,13121
0,0.2075,15042
0,0.2075,16910
0,0.2075,17821
0,0.2075,19452
0,0.2075,35532
0,0.2075,38706
0,0.2075,59776
0,0.2075,512514
0,0.2075,520337
0,0.2075,524733
0,0.2075,902501
0,0.2076,10564
0,0.2076,12644
0,0.2076,15997
0,0.2076,16087
0,0.2076,18686
0,0.2076,32315
0,0.2076,38650
0,0.2076,513378
0,0.2076,516072
0,0.2076,519840
0,0.2076,522992
0,0.2076,523786
0,0.2076,534534
0,0.2076,571495
0,0.2076,802544
0,0.2076,908561
0,0.2077,10138
0,0.2077,10205
0,0.2077,10323
0,0.2077,10538
0,0.2077,11363
0,0.2077,12067
0,0.2077,14061
0,0.2077,14694
0,0.2077,16754
0,0.2077,20007
0,0.2077,42059
0,0.2077,49464
0,0.2077,56542
0,0.2077,58834
0,0.2077,68889
0,0.2077,516110
0,0.2077,527048
0,0.2077,529603
0,0.2077,800167
0,0.2077,803129
0,0.2077,807799
0,0.2078,10467
0,0.2078,10704
0,0.2078,11874
0,0.2078,11921
0,0.2078,12685
0,0.2078,13005
0,0.2078,14523
0,0.2078,14810
0,0.2078,15616
0,0.2078,21731
0,0.2078,66209
0,0.2078,512305
0,0.2078,512793
0,0.2078,517464
0,0.2078,517512
0,0.2078,532000
0,0.2078,801058
0,0.2079,11254
0,0.2079,11255
0,0.2079,11428
0,0.2079,11779
0,0.2079,12985
0,0.2079,14434
0,0.2079,14619
0,0.2079,16360
0,0.2079,19956
0,0.2079,20418
0,0.2079,23659
0,0.2079,61775
0,0.2079,71547
0,0.2079,518461
0,0.2079,519140
0,0.2079,520214
0,0.2079,521203
0,0.2079,521406
0,0.2079,800217
0,0.2079,902420
0,0.2080,10997
0,0.2080,11701
0,0.2080,11967
0,0.2080,12411
0,0.2080,13751
0,0.2080,14232
0,0.2080,15534
0,0.2080,27524
0,0.2080,30933
0,0.2080,33053
0,0.2080,37074
0,0.2080,43695
0,0.2080,195264
0,0.2080,517256
0,0.2080,517548
0,0.2080,543506
0,0.2081,10100
0,0.2081,10288
0,0.2081,11274
0,0.2081,11381
0,0.2081,12696
0,0.2081,12811
0,0.2081,14756
0,0.2081,15929
0,0.2081,18937
0,0.2081,23601
0,0.2081,46691
0,0.2081,58909
0,0.2081,61398
0,0.2081,98544
0,0.2081,174420
0,0.2081,514605
0,0.2081,517257
0,0.2081,520812
0,0.2082,10167
0,0.2082,10638
0,0.2082,11025
0,0.2082,11152
0,0.2082,13217
0,0.2082,13432
0,0.2082,14469
0,0.2082,16636
0,0.2082,24701
0,0.2082,26238
0,0.2082,29493
0,0.2082,30807
0,0.2082,43765
0,0.2082,124495
0,0.2082,155188
0,0.2082,172666
0,0.2082,529142
0,0.2083,10018
0,0.2083,10404
0,0.2083,10612
0,0.2083,10967
0,0.2083,12095
0,0.2083,13860
0,0.2083,18728
0,0.2083,515029
0,0.2083,800564
0,0.2083,801057
0,0.2083,903643
0,0.2084,10539
0,0.2084,10969
0,0.2084,11311
0,0.2084,13559
0,0.2084,16275
0,0.2084,19308
0,0.2084,40046
0,0.2084,44903
0,0.2084,81228
0,0.2084,515933
0,0.2084,524167
0,0.2084,555259
0,0.2084,800262
0,0.2084,800335
0,0.2084,802101
0,0.2084,853504
0,0.2085,11849
0,0.2085,11902
0,0.2085,12762
0,0.2085,14686
0,0.2085,14727
0,0.2085,15284
0,0.2085,15602
0,0.2085,17790
0,0.2085,18125
0,0.2085,22338
0,0.2085,24776
0,0.2085,28791
0,0.2085,39134
0,0.2085,42483
0,0.2085,76930
0,0.2085,515675
0,0.2085,520169
0,0.2085,523816
0,0.2085,529811
0,0.2085,555713
0,0.2085,906554
0,0.2086,10172
0,0.2086,10285
0,0.2086,10394
0,0.2086,11200
0,0.2086,11586
0,0.2086,13168
0,0.2086,14387
0,0.2086,17420
0,0.2086,17454
0,0.2086,18585
0,0.2086,33050
0,0.2086,69544
0,0.2086,97678
0,0.2086,122745
0,0.2086,166528
0,0.2086,519720
0,0.2086,521928
0,0.2086,800056
0,0.2086,800816
0,0.2086,811796
0,0.2087,10041
0,0.2087,10137
0,0.2087,10202
0,0.2087,10420
0,0.2087,11131
0,0.2087,11403
0,0.2087,13568
0,0.2087,13740
0,0.2087,15514
0,0.2087,16659
0,0.2087,23524
0,0.2087,27252
0,0.2087,34949
0,0.2087,47107
0,0.2087,114378
0,0.2087,154544
0,0.2087,168670
0,0.2087,512903
0,0.2087,513033
0,0.2087,520390
0,0.2087,531334
0,0.2087,800896
0,0.2087,803982
0,0.2087,813076
0,0.2087,830514
0,0.2088,11155
0,0.2088,11263
0,0.2088,12006
0,0.2088,15051
0,0.2088,15212
0,0.2088,22884
0,0.2088,23273
0,0.2088,29340
0,0.2088,38085
0,0.2088,57935
0,0.2088,108860
0,0.2088,513188
0,0.2088,519616
0,0.2088,520817
0,0.2088,521814
0,0.2088,525062
0,0.2088,559554
0,0.2088,808464
0,0.2088,905210
0,0.2089,10109
0,0.2089,10165
0,0.2089,11030
0,0.2089,11061
0,0.2089,11540
0,0.2089,11711
0,0.2089,11723
0,0.2089,11896
0,0.2089,12327
0,0.2089,12606
0,0.2089,13305
0,0.2089,13317
0,0.2089,13643
0,0.2089,13746
0,0.2089,15578
0,0.2089,16978
0,0.2089,22122
0,0.2089,23025
0,0.2089,32545
0,0.2089,32675
0,0.2089,36235
0,0.2089,44005
0,0.2089,44669
0,0.2089,46152
0,0.2089,78573
0,0.2089,512927
0,0.2089,519818
0,0.2089,520188
0,0.2089,529385
0,0.2089,529422
0,0.2089,800269
0,0.2089,801497
0,0.2089,802099
0,0.2089,802566
0,0.2089,905312
0,0.2089,906622
0,0.2090,10110
0,0.2090,10307
0,0.2090,10887
0,0.2090,12319
0,0.2090,12605
0,0.2090,13258
0,0.2090,14247
0,0.2090,14263
0,0.2090,18678
0,0.2090,18779
0,0.2090,19760
0,0.2090,25045
0,0.2090,26537
0,0.2090,44008
0,0.2090,511823
0,0.2090,513146
0,0.2090,519365
0,0.2090,521444
0,0.2090,523550
0,0.2090,524133
0,0.2090,524610
0,0.2090,527132
0,0.2090,800718
0,0.2090,803118
0,0.2090,808183
0,0.2090,808572
0,0.2091,10241
0,0.2091,10312
0,0.2091,10414
0,0.2091,11161
0,0.2091,14011
0,0.2091,19189
0,0.2091,37265
0,0.2091,39413
0,0.2091,81741
0,0.2091,513284
0,0.2091,521126
0,0.2091,522828
0,0.2091,530874
0,0.2091,536058
0,0.2091,800784
0,0.2091,801976
0,0.2091,804158
0,0.2091,806496
0,0.2092,10243
0,0.2092,10692
0,0.2092,10777
0,0.2092,12358
0,0.2092,12926
0,0.2092,14736
0,0.2092,15451
0,0.2092,18932
0,0.2092,25552
0,0.2092,50444
0,0.2092,146588
0,0.2092,519144
0,0.2092,522428
0,0.2092,555257
0,0.2093,10290
0,0.2093,10468
0,0.2093,10807
0,0.2093,10994
0,0.2093,11146
0,0.2093,11188
0,0.2093,12443
0,0.2093,12872
0,0.2093,13115
0,0.2093,13272
0,0.2093,13985
0,0.2093,16565
0,0.2093,18601
0,0.2093,19239
0,0.2093,20818
0,0.2093,21797
0,0.2093,25328
0,0.2093,32967
0,0.2093,36295
0,0.2093,36918
0,0.2093,49318
0,0.2093,98698
0,0.2093,513174
0,0.2093,520646
0,0.2093,533155
0,0.2093,534361
0,0.2093,800170
0,0.2093,800212
0,0.2093,800214
0,0.2093,800724
0,0.2093,800890
0,0.2093,803210
0,0.2093,805926
0,0.2094,10979
0,0.2094,11618
0,0.2094,12318
0,0.2094,14206
0,0.2094,14790
0,0.2094,15713
0,0.2094,16542
0,0.2094,17402
0,0.2094,24634
0,0.2094,24922
0,0.2094,26402
0,0.2094,31735
0,0.2094,53437
0,0.2094,98157
0,0.2094,512319
0,0.2094,514125
0,0.2094,522715
0,0.2094,531009
0,0.2094,800127
0,0.2094,801193
0,0.2094,801242
0,0.2094,804899
0,0.2095,10120
0,0.2095,10147
0,0.2095,10661
0,0.2095,11795
0,0.2095,12933
0,0.2095,15612
0,0.2095,16642
0,0.2095,22240
0,0.2095,24382
0,0.2095,32258
0,0.2095,33038
0,0.2095,48146
0,0.2095,94239
0,0.2095,107903
0,0.2095,512236
0,0.2095,513283
0,0.2095,518194
0,0.2095,521745
0,0.2095,556347
0,0.2095,800501
0,0.2095,957328
0,0.2096,10099
0,0.2096,10271
0,0.2096,10839
0,0.2096,13302
0,0.2096,14223
0,0.2096,14539
0,0.2096,17931
0,0.2096,19255
0,0.2096,34265
0,0.2096,53639
0,0.2096,57505
0,0.2096,58394
0,0.2096,58730
0,0.2096,81442
0,0.2096,520790
0,0.2096,523633
0,0.2096,803013
0,0.2096,908143
0,0.2097,13007
0,0.2097,13371
0,0.2097,17379
0,0.2097,18419
0,0.2097,24834
0,0.2097,29908
0,0.2097,30421
0,0.2097,33549
0,0.2097,47922
0,0.2097,76194
0,0.2097,505338
0,0.2097,513464
0,0.2097,514045
0,0.2097,519443
0,0.2097,524761
0,0.2097,902304
0,0.2097,427967297
0,0.2098,10299
0,0.2098,10432
0,0.2098,12900
0,0.2098,12943
0,0.2098,13406
0,0.2098,15176
0,0.2098,15237
0,0.2098,16438
0,0.2098,16700
0,0.2098,22092
0,0.2098,23619
0,0.2098,44250
0,0.2098,85580
0,0.2098,523776
0,0.2098,530880
0,0.2098,531732
0,0.2098,904652
0,0.2099,10187
0,0.2099,10816
0,0.2099,10896
0,0.2099,11053
0,0.2099,11199
0,0.2099,11607
0,0.2099,12923
0,0.2099,13303
0,0.2099,20185
0,0.2099,22463
0,0.2099,26417
0,0.2099,27416
0,0.2099,34576
0,0.2099,79788
0,0.2099,513219
0,0.2099,514044
0,0.2099,522974
0,0.2099,549229
0,0.2099,802153
0,0.2099,803007
0,0.2099,805425
0,0.2099,906246
0,0.2100,10365
0,0.2100,11614
0,0.2100,12565
0,0.2100,13932
0,0.2100,14871
0,0.2100,16687
0,0.2100,16794
0,0.2100,18504
0,0.2100,24232
0,0.2100,25780
0,0.2100,25792
0,0.2100,37979
0,0.2100,39813
0,0.2100,49630
0,0.2100,56362
0,0.2100,77821
0,0.2100,235061
0,0.2100,511778
0,0.2100,515289
0,0.2100,519347
0,0.2100,521113
0,0.2100,524136
0,0.2100,800022
0,0.2100,800403
0,0.2101,11432
0,0.2101,12686
0,0.2101,15808
0,0.2101,22441
0,0.2101,27119
0,0.2101,27179
0,0.2101,30310
0,0.2101,31839
0,0.2101,35743
0,0.2101,38388
0,0.2101,48491
0,0.2101,55124
0,0.2101,57591
0,0.2101,115198
0,0.2101,524292
0,0.2101,536208
0,0.2101,555176
0,0.2101,559335
0,0.2101,800757
0,0.2101,812884
0,0.2101,936810
0,0.2102,10035
0,0.2102,10074
0,0.2102,10122
0,0.2102,10170
0,0.2102,10691
0,0.2102,10831
0,0.2102,11252
0,0.2102,11440
0,0.2102,11638
0,0.2102,12253
0,0.2102,15310
0,0.2102,15955
0,0.2102,16182
0,0.2102,27308
0,0.2102,111777
0,0.2102,511757
0,0.2102,802955
0,0.2102,912379
0,0.2103,10105
0,0.2103,12500
0,0.2103,12506
0,0.2103,14816
0,0.2103,16008
0,0.2103,16273
0,0.2103,16323
0,0.2103,29135
0,0.2103,141161
0,0.2103,518604
0,0.2103,530435
0,0.2103,800745
0,0.2103,805532
0,0.2103,907256
0,0.2104,10003
0,0.2104,10950
0,0.2104,11699
0,0.2104,11900
0,0.2104,13428
0,0.2104,14912
0,0.2104,15325
0,0.2104,15393
0,0.2104,17180
0,0.2104,18109
0,0.2104,19100
0,0.2104,20715
0,0.2104,26901
0,0.2104,27296
0,0.2104,59983
0,0.2104,94980
0,0.2104,102545
0,0.2104,170407
0,0.2104,511857
0,0.2104,511882
0,0.2104,518375
0,0.2104,519331
0,0.2104,521236
0,0.2104,524732
0,0.2104,529349
0,0.2104,555340
0,0.2104,800696
0,0.2105,11021
0,0.2105,11326
0,0.2105,12333
0,0.2105,13031
0,0.2105,13698
0,0.2105,16284
0,0.2105,19982
0,0.2105,20600
0,0.2105,22185
0,0.2105,23281
0,0.2105,28190
0,0.2105,32474
0,0.2105,47438
0,0.2105,51682
0,0.2105,51764
0,0.2105,70539
0,0.2105,190319
0,0.2105,231168
0,0.2105,517580
0,0.2105,517724
0,0.2105,524604
0,0.2105,533590
0,0.2105,571508
0,0.2106,10341
0,0.2106,10624
0,0.2106,11503
0,0.2106,11768
0,0.2106,12137
0,0.2106,12777
0,0.2106,14552
0,0.2106,14918
0,0.2106,23009
0,0.2106,26287
0,0.2106,48120
0,0.2106,194213
0,0.2106,511797
0,0.2106,514405
0,0.2106,523564
0,0.2106,559141
0,0.2106,800132
0,0.2106,801855
0,0.2106,803860
0,0.2107,10371
0,0.2107,10488
0,0.2107,10492
0,0.2107,10555
0,0.2107,11426
0,0.2107,11455
0,0.2107,12135
0,0.2107,12228
0,0.2107,15499
0,0.2107,18044
0,0.2107,21353
0,0.2107,29419
0,0.2107,29635
0,0.2107,31777
0,0.2107,54440
0,0.2107,70088
0,0.2107,77709
0,0.2107,135681
0,0.2107,521536
0,0.2107,522823
0,0.2107,530668
0,0.2107,537135
0,0.2107,555342
0,0.2107,800120
0,0.2107,801249
0,0.2107,805132
0,0.2108,11903
0,0.2108,11937
0,0.2108,14276
0,0.2108,18823
0,0.2108,21692
0,0.2108,21932
0,0.2108,25236
0,0.2108,29713
0,0.2108,43116
0,0.2108,526298
0,0.2109,10150
0,0.2109,10306
0,0.2109,10566
0,0.2109,10845
0,0.2109,11005
0,0.2109,11253
0,0.2109,11270
0,0.2109,14464
0,0.2109,15783
0,0.2109,25797
0,0.2109,54922
0,0.2109,60774
0,0.2109,67167
0,0.2109,70651
0,0.2109,512328
0,0.2109,521635
0,0.2109,522410
0,0.2109,523675
0,0.2109,802232
0,0.2110,11893
0,0.2110,12651
0,0.2110,15059
0,0.2110,15495
0,0.2110,18054
0,0.2110,18437
0,0.2110,25554
0,0.2110,68332
0,0.2110,69938
0,0.2110,511828
0,0.2110,513274
0,0.2110,519722
0,0.2110,521813
0,0.2110,800754
0,0.2110,803330
0,0.2111,10072
0,0.2111,11075
0,0.2111,11712
0,0.2111,11802
0,0.2111,12532
0,0.2111,13773
0,0.2111,14611
0,0.2111,16579
0,0.2111,16986
0,0.2111,19007
0,0.2111,33468
0,0.2111,50903
0,0.2111,51159
0,0.2111,55527
0,0.2111,114858
0,0.2111,512273
0,0.2111,514988
0,0.2111,521025
0,0.2111,913431
0,0.2112,10108
0,0.2112,14509
0,0.2112,15287
0,0.2112,15839
0,0.2112,16671
0,0.2112,17419
0,0.2112,20544
0,0.2112,22641
0,0.2112,24683
0,0.2112,112562
0,0.2112,247112
0,0.2112,511841
0,0.2112,511844
0,0.2112,519658
0,0.2112,520016
0,0.2112,521698
0,0.2112,524717
0,0.2112,555238
0,0.2112,801861
0,0.2112,801998
0,0.2113,10356
0,0.2113,10513
0,0.2113,10914
0,0.2113,11688
0,0.2113,11959
0,0.2113,16180
0,0.2113,17726
0,0.2113,24136
0,0.2113,24319
0,0.2113,35372
0,0.2113,41144
0,0.2113,48667
0,0.2113,175572
0,0.2113,489781
0,0.2113,519046
0,0.2113,803207
0,0.2114,10368
0,0.2114,11125
0,0.2114,11341
0,0.2114,12341
0,0.2114,14881
0,0.2114,16110
0,0.2114,18463
0,0.2114,19036
0,0.2114,21719
0,0.2114,23325
0,0.2114,104220
0,0.2114,152496
0,0.2114,434891
0,0.2114,521241
0,0.2114,529318
0,0.2114,941319
0,0.2115,10834
0,0.2115,10959
0,0.2115,11038
0,0.2115,15904
0,0.2115,17024
0,0.2115,18156
0,0.2115,18980
0,0.2115,21609
0,0.2115,23090
0,0.2115,27302
0,0.2115,28109
0,0.2115,28559
0,0.2115,60466
0,0.2115,512859
0,0.2115,515961
0,0.2115,519399
0,0.2115,522354
0,0.2115,524968
0,0.2115,800369
0,0.2115,802051
0,0.2115,905514
0,0.2116,11883
0,0.2116,11947
0,0.2116,12104
0,0.2116,12295
0,0.2116,12727
0,0.2116,13158
0,0.2116,14224
0,0.2116,16266
0,0.2116,25939
0,0.2116,40390
0,0.2116,60241
0,0.2116,256844
0,0.2116,515460
0,0.2116,520034
0,0.2116,522734
0,0.2116,559506
0,0.2116,800719
0,0.2116,802652
0,0.2116,1050014552
0,0.2117,10847
0,0.2117,12584
0,0.2117,12716
0,0.2117,13442
0,0.2117,13537
0,0.2117,13969
0,0.2117,14461
0,0.2117,15362
0,0.2117,15828
0,0.2117,16399
0,0.2117,16553
0,0.2117,17691
0,0.2117,18704
0,0.2117,37196
0,0.2117,42374
0,0.2117,52728
0,0.2117,72491
0,0.2117,94433
0,0.2117,530449
0,0.2117,532800
0,0.2117,556286
0,0.2117,905709
0,0.2118,11375
0,0.2118,11495
0,0.2118,11634
0,0.2118,15382
0,0.2118,15398
0,0.2118,25184
0,0.2118,29939
0,0.2118,34252
0,0.2118,45024
0,0.2118,95057
0,0.2118,140519
0,0.2118,154726
0,0.2118,184704
0,0.2118,511975
0,0.2118,514195
0,0.2118,514596
0,0.2118,515757
0,0.2118,515950
0,0.2118,520210
0,0.2118,521075
0,0.2118,537899
0,0.2118,568471
0,0.2119,10184
0,0.2119,10385
0,0.2119,10479
0,0.2119,10852
0,0.2119,12264
0,0.2119,12976
0,0.2119,13094
0,0.2119,14716
0,0.2119,16540
0,0.2119,19283
0,0.2119,30496
0,0.2119,42997
0,0.2119,49839
0,0.2119,95462
0,0.2119,512928
0,0.2119,524655
0,0.2119,564864
0,0.2119,800589
0,0.2119,800618
0,0.2119,803829
0,0.2120,11977
0,0.2120,13026
0,0.2120,13134
0,0.2120,15351
0,0.2120,16506
0,0.2120,16517
0,0.2120,16734
0,0.2120,18749
0,0.2120,18814
0,0.2120,173462
0,0.2120,513644
0,0.2120,800158
0,0.2120,801970
0,0.2120,804512
0,0.2120,805227
0,0.2121,11214
0,0.2121,12596
0,0.2121,13800
0,0.2121,17143
0,0.2121,17174
0,0.2121,23809
0,0.2121,45427
0,0.2121,519332
0,0.2121,522465
0,0.2121,522983
0,0.2121,524073
0,0.2121,527653
0,0.2121,541412
0,0.2121,805411
0,0.2121,805491
0,0.2122,10264
0,0.2122,10652
0,0.2122,10781
0,0.2122,10969
0,0.2122,11181
0,0.2122,11280
0,0.2122,11989
0,0.2122,12131
0,0.2122,15273
0,0.2122,17685
0,0.2122,19327
0,0.2122,19376
0,0.2122,38389
0,0.2122,38706
0,0.2122,84758
0,0.2122,512513
0,0.2122,517763
0,0.2122,519230
0,0.2122,522352
0,0.2122,804435
0,0.2122,912111327
0,0.2123,10224
0,0.2123,11943
0,0.2123,15319
0,0.2123,15693
0,0.2123,16075
0,0.2123,22084
0,0.2123,27191
0,0.2123,28469
0,0.2123,34466
0,0.2123,85395
0,0.2123,514546
0,0.2123,521129
0,0.2123,522746
0,0.2123,531829
0,0.2123,556346
0,0.2123,800516
0,0.2123,800809
0,0.2123,801933
0,0.2123,803048
0,0.2123,803910
0,0.2123,805072
0,0.2123,932322
0,0.2124,10269
0,0.2124,10462
0,0.2124,10537
0,0.2124,11166
0,0.2124,11563
0,0.2124,11651
0,0.2124,12395
0,0.2124,12401
0,0.2124,13018
0,0.2124,13872
0,0.2124,14023
0,0.2124,15616
0,0.2124,15635
0,0.2124,16105
0,0.2124,16473
0,0.2124,17903
0,0.2124,18559
0,0.2124,35450
0,0.2124,39382
0,0.2124,50228
0,0.2124,64874
0,0.2124,516110
0,0.2124,529519
0,0.2124,531862
0,0.2124,532909
0,0.2124,533103
0,0.2124,800638
0,0.2124,801116
0,0.2124,801466
0,0.2124,926154
0,0.2125,10750
0,0.2125,11671
0,0.2125,17571
0,0.2125,30808
0,0.2125,35532
0,0.2125,36499
0,0.2125,39753
0,0.2125,514952
0,0.2125,519692
0,0.2125,520581
0,0.2125,521240
0,0.2125,523533
0,0.2125,556038
0,0.2125,800553
0,0.2125,801213
0,0.2125,806326
0,0.2125,808926
0,0.2125,818556
0,0.2125,908747
0,0.2125,932796
0,0.2126,10817
0,0.2126,15458
0,0.2126,16198
0,0.2126,16214
0,0.2126,25723
0,0.2126,46073
0,0.2126,55258
0,0.2126,57240
0,0.2126,94391
0,0.2126,96106
0,0.2126,515294
0,0.2126,520792
0,0.2126,521409
0,0.2126,532751
0,0.2126,533914
0,0.2126,555262
0,0.2126,555344
0,0.2126,800041
0,0.2126,801356
0,0.2126,803318
0,0.2126,805469
0,0.2126,807916
0,0.2126,809029
0,0.2126,941298
0,0.2127,10421
0,0.2127,11402
0,0.2127,13444
0,0.2127,28074
0,0.2127,31681
0,0.2127,32393
0,0.2127,114715
0,0.2127,515091
0,0.2127,516654
0,0.2127,800082
0,0.2127,800527
0,0.2127,801895
0,0.2127,802174
0,0.2127,804881
0,0.2127,902962
0,0.2128,10677
0,0.2128,10820
0,0.2128,10956
0,0.2128,12091
0,0.2128,12802
0,0.2128,13146
0,0.2128,13830
0,0.2128,14434
0,0.2128,22870
0,0.2128,25773
0,0.2128,27486
0,0.2128,30498
0,0.2128,44495
0,0.2128,46724
0,0.2128,61311
0,0.2128,74551
0,0.2128,87982
0,0.2128,511839
0,0.2128,512734
0,0.2128,513463
0,0.2128,514579
0,0.2128,520812
0,0.2128,527350
0,0.2128,801295
0,0.2128,812193
0,0.2128,324178811
0,0.2129,10061
0,0.2129,10175
0,0.2129,10735
0,0.2129,11806
0,0.2129,12654
0,0.2129,16039
0,0.2129,20774
0,0.2129,31627
0,0.2129,32475
0,0.2129,35635
0,0.2129,46409
0,0.2129,54462
0,0.2129,62778
0,0.2129,512305
0,0.2129,514997
0,0.2129,519140
0,0.2129,520817
0,0.2129,800004
0,0.2129,801164
0,0.2129,803310
0,0.2129,936838
0,0.2130,10303
0,0.2130,13217
0,0.2130,16178
0,0.2130,17173
0,0.2130,18325
0,0.2130,26064
0,0.2130,37842
0,0.2130,38835
0,0.2130,77245
0,0.2130,513646
0,0.2130,535347
0,0.2130,801210
0,0.2131,12297
0,0.2131,17835
0,0.2131,24702
0,0.2131,28254
0,0.2131,29650
0,0.2131,37859
0,0.2131,40768
0,0.2131,59057
0,0.2131,64607
0,0.2131,81417
0,0.2131,303314
0,0.2131,512390
0,0.2131,808464
0,0.2131,903159
0,0.2132,10704
0,0.2132,10855
0,0.2132,13559
0,0.2132,14697
0,0.2132,18744
0,0.2132,19274
0,0.2132,20520
0,0.2132,21568
0,0.2132,38268
0,0.2132,46358
0,0.2132,68658
0,0.2132,85527
0,0.2132,102689
0,0.2132,131748
0,0.2132,517548
0,0.2132,523786
0,0.2132,905303
0,0.2133,12067
0,0.2133,13692
0,0.2133,17156
0,0.2133,21263
0,0.2133,21904
0,0.2133,23513
0,0.2133,24656
0,0.2133,26284
0,0.2133,26798
0,0.2133,48096
0,0.2133,131696
0,0.2133,512514
0,0.2133,519514
0,0.2133,556539
0,0.2133,800335
0,0.2133,800702
0,0.2133,800703
0,0.2134,10205
0,0.2134,10466
0,0.2134,12037
0,0.2134,13417
0,0.2134,21687
0,0.2134,25763
0,0.2134,28791
0,0.2134,34924
0,0.2134,42739
0,0.2134,102359
0,0.2134,521059
0,0.2134,521763
0,0.2134,531768
0,0.2134,800412
0,0.2134,800413
0,0.2134,805927
0,0.2135,10033
0,0.2135,10041
0,0.2135,10097
0,0.2135,10428
0,0.2135,10531
0,0.2135,13788
0,0.2135,14727
0,0.2135,15496
0,0.2135,15888
0,0.2135,16026
0,0.2135,18779
0,0.2135,20468
0,0.2135,23601
0,0.2135,137497
0,0.2135,512927
0,0.2135,518541
0,0.2135,521814
0,0.2135,529385
0,0.2135,539620
0,0.2135,555502
0,0.2135,804444
0,0.2135,809397
0,0.2136,10110
0,0.2136,10308
0,0.2136,10497
0,0.2136,10949
0,0.2136,14766
0,0.2136,18932
0,0.2136,20831
0,0.2136,23273
0,0.2136,23602
0,0.2136,26211
0,0.2136,30537
0,0.2136,48638
0,0.2136,49627
0,0.2136,88528
0,0.2136,800999
0,0.2136,801530
0,0.2136,806927
0,0.2136,813104
0,0.2137,10185
0,0.2137,11142
0,0.2137,12358
0,0.2137,12398
0,0.2137,13650
0,0.2137,14705
0,0.2137,16360
0,0.2137,26481
0,0.2137,26666
0,0.2137,30660
0,0.2137,39880
0,0.2137,85686
0,0.2137,144787
0,0.2137,520393
0,0.2137,800171
0,0.2137,800546
0,0.2137,802224
0,0.2137,808051
0,0.2138,19760
0,0.2138,44630
0,0.2138,77213
0,0.2138,537032
0,0.2138,555837
0,0.2138,801242
0,0.2138,802544
0,0.2138,804835
0,0.2139,10663
0,0.2139,11874
0,0.2139,13317
0,0.2139,15605
0,0.2139,18766
0,0.2139,20818
0,0.2139,21416
0,0.2139,22120
0,0.2139,26619
0,0.2139,27682
0,0.2139,30371
0,0.2139,38272
0,0.2139,46674
0,0.2139,57797
0,0.2139,61398
0,0.2139,96586
0,0.2139,98544
0,0.2139,164863
0,0.2139,519715
0,0.2139,808572
0,0.2140,10099
0,0.2140,10799
0,0.2140,11497
0,0.2140,12294
0,0.2140,15730
0,0.2140,16493
0,0.2140,18504
0,0.2140,19355
0,0.2140,20664
0,0.2140,25359
0,0.2140,29648
0,0.2140,52016
0,0.2140,58517
0,0.2140,58532
0,0.2140,515321
0,0.2140,537027
0,0.2140,800226
0,0.2141,10044
0,0.2141,10187
0,0.2141,10974
0,0.2141,11327
0,0.2141,12054
0,0.2141,13353
0,0.2141,13434
0,0.2141,15024
0,0.2141,16029
0,0.2141,17109
0,0.2141,18597
0,0.2141,25684
0,0.2141,25709
0,0.2141,30477
0,0.2141,34607
0,0.2141,41171
0,0.2141,43756
0,0.2141,44313
0,0.2141,47271
0,0.2141,50960
0,0.2141,58834
0,0.2141,294178
0,0.2141,512362
0,0.2141,519000
0,0.2141,521444
0,0.2141,805244
0,0.2142,10564
0,0.2142,11846
0,0.2142,13306
0,0.2142,14093
0,0.2142,14482
0,0.2142,23083
0,0.2142,29065
0,0.2142,36751
0,0.2142,42310
0,0.2142,516098
0,0.2142,527048
0,0.2142,802784
0,0.2142,805165
0,0.2142,935161
0,0.2143,11710
0,0.2143,12423
0,0.2143,13255
0,0.2143,15789
0,0.2143,24382
0,0.2143,30313
0,0.2143,53086
0,0.2143,54597
0,0.2143,64180
0,0.2143,88207
0,0.2143,513283
0,0.2143,517202
0,0.2143,520115
0,0.2143,522468
0,0.2143,523482
0,0.2143,574147
0,0.2143,800084
0,0.2143,800392
0,0.2143,800845
0,0.2143,807439
0,0.2143,906612
0,0.2144,12506
0,0.2144,12569
0,0.2144,12646
0,0.2144,13403
0,0.2144,15290
0,0.2144,18170
0,0.2144,19498
0,0.2144,21204
0,0.2144,25792
0,0.2144,31656
0,0.2144,35743
0,0.2144,39095
0,0.2144,517512
0,0.2144,518194
0,0.2144,521256
0,0.2144,523017
0,0.2144,527509
0,0.2144,533434
0,0.2144,558854
0,0.2144,802324
0,0.2144,808159
0,0.2145,10027
0,0.2145,10553
0,0.2145,12223
0,0.2145,14194
0,0.2145,15170
0,0.2145,15782
0,0.2145,16794
0,0.2145,17454
0,0.2145,19189
0,0.2145,19569
0,0.2145,23619
0,0.2145,30716
0,0.2145,41233
0,0.2145,55630
0,0.2145,58730
0,0.2145,64399
0,0.2145,79892
0,0.2145,84901
0,0.2145,258715
0,0.2145,514045
0,0.2145,516369
0,0.2145,522840
0,0.2145,805439
0,0.2146,11021
0,0.2146,11772
0,0.2146,12343
0,0.2146,14610
0,0.2146,14954
0,0.2146,17981
0,0.2146,18419
0,0.2146,23359
0,0.2146,32258
0,0.2146,35111
0,0.2146,37142
0,0.2146,38315
0,0.2146,76194
0,0.2146,454614
0,0.2146,514410
0,0.2146,519705
0,0.2146,522753
0,0.2146,801816
0,0.2146,803757
0,0.2146,155143464
0,0.2147,10114
0,0.2147,10295
0,0.2147,10302
0,0.2147,10529
0,0.2147,10539
0,0.2147,11856
0,0.2147,11888
0,0.2147,11896
0,0.2147,12355
0,0.2147,12809
0,0.2147,13307
0,0.2147,15149
0,0.2147,15163
0,0.2147,15924
0,0.2147,15933
0,0.2147,15997
0,0.2147,30981
0,0.2147,53745
0,0.2147,58481
0,0.2147,82205
0,0.2147,148713
0,0.2147,215209
0,0.2147,517601
0,0.2147,518690
0,0.2147,529207
0,0.2147,800389
0,0.2147,800495
0,0.2147,808146
0,0.2148,12239
0,0.2148,12572
0,0.2148,14011
0,0.2148,15117
0,0.2148,16537
0,0.2148,16781
0,0.2148,27522
0,0.2148,33307
0,0.2148,34949
0,0.2148,36524
0,0.2148,39847
0,0.2148,42241
0,0.2148,522752
0,0.2148,524361
0,0.2148,525408
0,0.2148,803195
0,0.2149,10018
0,0.2149,10707
0,0.2149,10725
0,0.2149,11201
0,0.2149,11373
0,0.2149,11785
0,0.2149,12009
0,0.2149,12547
0,0.2149,12733
0,0.2149,12900
0,0.2149,14733
0,0.2149,16880
0,0.2149,17175
0,0.2149,17823
0,0.2149,21366
0,0.2149,21468
0,0.2149,27296
0,0.2149,71503
0,0.2149,513033
0,0.2149,522815
0,0.2149,536264
0,0.2149,555176
0,0.2149,800718
0,0.2149,801296
0,0.2149,806636
0,0.2149,810863
0,0.2150,10378
0,0.2150,12815
0,0.2150,13551
0,0.2150,15731
0,0.2150,19720
0,0.2150,19935
0,0.2150,24741
0,0.2150,36947
0,0.2150,44648
0,0.2150,50952
0,0.2150,88651
0,0.2150,513217
0,0.2150,522706
0,0.2150,533618
0,0.2150,904282
0,0.2151,11210
0,0.2151,11419
0,0.2151,12105
0,0.2151,12811
0,0.2151,13035
0,0.2151,14463
0,0.2151,16953
0,0.2151,18351
0,0.2151,23703
0,0.2151,25045
0,0.2151,25362
0,0.2151,29493
0,0.2151,38926
0,0.2151,65054
0,0.2151,68889
0,0.2151,222777
0,0.2151,512858
0,0.2151,513174
0,0.2151,514405
0,0.2151,515735
0,0.2151,517255
0,0.2151,530136
0,0.2151,812633
0,0.2152,10050
0,0.2152,11717
0,0.2152,11726
0,0.2152,12109
0,0.2152,13305
0,0.2152,13901
0,0.2152,15444
0,0.2152,21564
0,0.2152,42700
0,0.2152,48689
0,0.2152,50397
0,0.2152,52112
0,0.2152,66976
0,0.2152,515933
0,0.2152,518830
0,0.2152,520642
0,0.2152,522738
0,0.2152,902304
0,0.2153,10447
0,0.2153,11070
0,0.2153,12396
0,0.2153,13707
0,0.2153,13760
0,0.2153,14464
0,0.2153,18911
0,0.2153,21527
0,0.2153,30181
0,0.2153,149501
0,0.2153,174420
0,0.2153,521189
0,0.2153,803599
0,0.2153,814106
0,0.2154,11466
0,0.2154,12104
0,0.2154,12902
0,0.2154,13121
0,0.2154,16051
0,0.2154,16139
0,0.2154,19602
0,0.2154,20007
0,0.2154,23325
0,0.2154,27157
0,0.2154,29379
0,0.2154,33298
0,0.2154,38847
0,0.2154,40289
0,0.2154,57935
0,0.2154,72957
0,0.2154,149882
0,0.2154,511881
0,0.2154,514547
0,0.2154,520641
0,0.2154,523684
0,0.2154,932321
0,0.2155,11623
0,0.2155,12060
0,0.2155,15210
0,0.2155,15502
0,0.2155,19334
0,0.2155,21277
0,0.2155,23167
0,0.2155,26417
0,0.2155,33598
0,0.2155,34801
0,0.2155,48914
0,0.2155,58426
0,0.2155,134100
0,0.2155,515675
0,0.2155,520440
0,0.2155,522984
0,0.2155,800157
0,0.2155,800183
0,0.2155,801282
0,0.2155,811406
0,0.2156,11665
0,0.2156,13256
0,0.2156,13427
0,0.2156,16659
0,0.2156,17419
0,0.2156,19215
0,0.2156,20144
0,0.2156,20559
0,0.2156,22086
0,0.2156,22709
0,0.2156,23232
0,0.2156,28782
0,0.2156,55143
0,0.2156,85590
0,0.2156,89545
0,0.2156,199331
0,0.2156,513284
0,0.2156,513340
0,0.2156,516739
0,0.2156,519144
0,0.2156,548428
0,0.2156,802025
0,0.2156,815281
0,0.2156,905313
0,0.2156,909612
0,0.2157,12155
0,0.2157,12455
0,0.2157,14289
0,0.2157,14871
0,0.2157,15325
0,0.2157,16430
0,0.2157,18508
0,0.2157,20704
0,0.2157,22014
0,0.2157,23259
0,0.2157,32718
0,0.2157,35588
0,0.2157,57102
0,0.2157,63923
0,0.2157,78573
0,0.2157,142743
0,0.2157,195264
0,0.2157,287884
0,0.2157,512947
0,0.2157,517602
0,0.2157,521360
0,0.2157,522387
0,0.2157,803064
0,0.2157,904121
0,0.2158,10323
0,0.2158,10404
0,0.2158,10969
0,0.2158,11836
0,0.2158,11877
0,0.2158,11923
0,0.2158,12651
0,0.2158,12854
0,0.2158,13586
0,0.2158,14765
0,0.2158,14869
0,0.2158,15514
0,0.2158,20272
0,0.2158,20678
0,0.2158,21296
0,0.2158,39504
0,0.2158,49869
0,0.2158,61273
0,0.2158,174810
0,0.2158,520039
0,0.2158,522992
0,0.2158,529498
0,0.2158,530880
0,0.2158,800056
0,0.2158,800130
0,0.2158,800743
0,0.2158,810345
0,0.2158,814430
0,0.2158,906228
0,0.2159,10120
0,0.2159,10165
0,0.2159,11199
0,0.2159,12159
0,0.2159,13428
0,0.2159,14205
0,0.2159,17825
0,0.2159,29116
0,0.2159,106555
0,0.2159,134390
0,0.2159,512581
0,0.2159,512750
0,0.2159,524512
0,0.2159,574357
0,0.2160,10212
0,0.2160,11087
0,0.2160,14552
0,0.2160,15535
0,0.2160,18125
0,0.2160,18585
0,0.2160,21053
0,0.2160,26287
0,0.2160,36384
0,0.2160,36704
0,0.2160,44669
0,0.2160,54764
0,0.2160,59776
0,0.2160,138107
0,0.2160,511828
0,0.2160,521701
0,0.2160,523675
0,0.2160,800438
0,0.2160,801097
0,0.2160,803129
0,0.2161,10150
0,0.2161,11032
0,0.2161,11064
0,0.2161,11604
0,0.2161,11967
0,0.2161,12796
0,0.2161,13151
0,0.2161,16687
0,0.2161,17820
0,0.2161,18604
0,0.2161,22058
0,0.2161,24866
0,0.2161,30178
0,0.2161,32062
0,0.2161,33224
0,0.2161,39253
0,0.2161,44903
0,0.2161,49015
0,0.2161,527475
0,0.2161,800344
0,0.2162,10172
0,0.2162,11255
0,0.2162,11821
0,0.2162,12732
0,0.2162,14259
0,0.2162,16625
0,0.2162,18156
0,0.2162,21563
0,0.2162,24843
0,0.2162,25275
0,0.2162,36205
0,0.2162,42509
0,0.2162,116166
0,0.2162,512319
0,0.2162,515221
0,0.2162,522762
0,0.2162,526085
0,0.2162,526612
0,0.2162,531755
0,0.2162,800069
0,0.2162,800077
0,0.2162,800605
0,0.2162,801292
0,0.2162,802443
0,0.2162,807924
0,0.2163,12259
0,0.2163,12405
0,0.2163,15304
0,0.2163,16951
0,0.2163,18670
0,0.2163,22706
0,0.2163,28123
0,0.2163,38454
0,0.2163,42483
0,0.2163,60946
0,0.2163,71959
0,0.2163,100809
0,0.2163,512307
0,0.2163,512314
0,0.2163,524761
0,0.2163,531009
0,0.2163,802139
0,0.2163,804914
0,0.2163,805097
0,0.2163,814115
0,0.2164,10285
0,0.2164,11340
0,0.2164,12606
0,0.2164,13115
0,0.2164,14026
0,0.2164,14881
0,0.2164,15408
0,0.2164,16275
0,0.2164,25503
0,0.2164,34683
0,0.2164,47369
0,0.2164,48491
0,0.2164,58331
0,0.2164,125550
0,0.2164,144334
0,0.2164,516502
0,0.2164,517913
0,0.2164,521633
0,0.2164,529803
0,0.2164,800184
0,0.2164,800896
0,0.2164,804128
0,0.2164,805578
0,0.2165,10299
0,0.2165,10548
0,0.2165,10748
0,0.2165,10981
0,0.2165,11302
0,0.2165,11402
0,0.2165,12083
0,0.2165,12685
0,0.2165,13442
0,0.2165,23479
0,0.2165,25939
0,0.2165,27372
0,0.2165,33552
0,0.2165,36059
0,0.2165,44816
0,0.2165,45969
0,0.2165,51159
0,0.2165,90634
0,0.2165,518604
0,0.2165,519454
0,0.2165,530151
0,0.2165,535668
0,0.2165,544476
0,0.2165,800053
0,0.2165,808183
0,0.2165,819096
0,0.2165,418840426
0,0.2166,10011
0,0.2166,10092
0,0.2166,10669
0,0.2166,10687
0,0.2166,11929
0,0.2166,11982
0,0.2166,12817
0,0.2166,14772
0,0.2166,15176
0,0.2166,16542
0,0.2166,16735
0,0.2166,22240
0,0.2166,28482
0,0.2166,35962
0,0.2166,51658
0,0.2166,99095
0,0.2166,130455
0,0.2166,511823
0,0.2166,515578
0,0.2166,517256
0,0.2166,521584
0,0.2166,523349
0,0.2166,525510
0,0.2166,533667
0,0.2166,800608
0,0.2166,800890
0,0.2166,801434
0,0.2166,805596
0,0.2166,901888
0,0.2166,914445
0,0.2167,10168
0,0.2167,10639
0,0.2167,12319
0,0.2167,19427
0,0.2167,25985
0,0.2167,28674
0,0.2167,31942
0,0.2167,64301
0,0.2167,519371
0,0.2167,801459
0,0.2167,809492
0,0.2167,810570
0,0.2168,10898
0,0.2168,11416
0,0.2168,12151
0,0.2168,12221
0,0.2168,16254
0,0.2168,23812
0,0.2168,25176
0,0.2168,28248
0,0.2168,30310
0,0.2168,33589
0,0.2168,38706
0,0.2168,512041
0,0.2168,515015
0,0.2168,517257
0,0.2168,519616
0,0.2168,519895
0,0.2168,521063
0,0.2168,523060
0,0.2168,531769
0,0.2168,581422
0,0.2168,801189
0,0.2168,801586
0,0.2168,801663
0,0.2168,805489
0,0.2168,807252
0,0.2168,905312
0,0.2169,10294
0,0.2169,10468
0,0.2169,11112
0,0.2169,11200
0,0.2169,12333
0,0.2169,13258
0,0.2169,13287
0,0.2169,14566
0,0.2169,19393
0,0.2169,27179
0,0.2169,32854
0,0.2169,37813
0,0.2169,44690
0,0.2169,49288
0,0.2169,63324
0,0.2169,97678
0,0.2169,511939
0,0.2169,520817
0,0.2169,522828
0,0.2169,523636
0,0.2169,523863
0,0.2169,524767
0,0.2169,524876
0,0.2169,539704
0,0.2169,801267
0,0.2169,805201
0,0.2169,701647131
0,0.2170,10243
0,0.2170,10704
0,0.2170,10840
0,0.2170,12388
0,0.2170,13640
0,0.2170,14424
0,0.2170,16579
0,0.2170,16910
0,0.2170,17325
0,0.2170,18185
0,0.2170,20497
0,0.2170,30068
0,0.2170,32463
0,0.2170,41887
0,0.2170,80867
0,0.2170,514125
0,0.2170,529489
0,0.2170,533946
0,0.2170,545990
0,0.2170,800606
0,0.2170,803169
0,0.2170,904022
0,0.2170,907866
0,0.2171,10138
0,0.2171,10322
0,0.2171,10638
0,0.2171,11606
0,0.2171,11723
0,0.2171,12088
0,0.2171,12943
0,0.2171,13312
0,0.2171,13576
0,0.2171,14434
0,0.2171,15484
0,0.2171,17272
0,0.2171,21932
0,0.2171,22122
0,0.2171,27109
0,0.2171,33075
0,0.2171,81228
0,0.2171,521747
0,0.2171,523723
0,0.2171,800042
0,0.2171,800167
0,0.2171,801022
0,0.2171,802296
0,0.2172,12318
0,0.2172,13018
0,0.2172,14294
0,0.2172,18437
0,0.2172,20715
0,0.2172,21692
0,0.2172,22884
0,0.2172,30522
0,0.2172,35474
0,0.2172,52191
0,0.2172,58394
0,0.2172,95249
0,0.2172,104220
0,0.2172,123858
0,0.2172,512077
0,0.2172,518443
0,0.2172,520367
0,0.2172,520888
0,0.2172,521241
0,0.2172,524655
0,0.2172,525061
0,0.2172,801491
0,0.2172,801684
0,0.2172,803352
0,0.2173,10604
0,0.2173,14206
0,0.2173,20185
0,0.2173,20398
0,0.2173,21242
0,0.2173,32675
0,0.2173,35109
0,0.2173,36988
0,0.2173,49672
0,0.2173,53290
0,0.2173,99882
0,0.2173,208976
0,0.2173,512795
0,0.2173,516110
0,0.2173,519365
0,0.2173,520727
0,0.2173,523930
0,0.2173,532747
0,0.2173,549508
0,0.2173,802955
0,0.2173,808926
0,0.2174,10080
0,0.2174,10099
0,0.2174,10167
0,0.2174,11585
0,0.2174,12006
0,0.2174,12747
0,0.2174,12802
0,0.2174,13007
0,0.2174,15657
0,0.2174,16110
0,0.2174,16642
0,0.2174,19042
0,0.2174,24963
0,0.2174,32805
0,0.2174,40046
0,0.2174,54465
0,0.2174,200001
0,0.2174,522974
0,0.2174,529519
0,0.2174,800127
0,0.2174,801148
0,0.2174,803563
0,0.2175,10593
0,0.2175,10920
0,0.2175,11306
0,0.2175,13456
0,0.2175,15768
0,0.2175,15904
0,0.2175,18226
0,0.2175,23846
0,0.2175,24683
0,0.2175,28146
0,0.2175,94433
0,0.2175,157037
0,0.2175,235061
0,0.2175,517548
0,0.2175,521236
0,0.2175,522763
0,0.2175,800085
0,0.2175,803160
0,0.2175,803982
0,0.2175,806999
0,0.2175,906622
0,0.2175,936810
0,0.2176,10513
0,0.2176,12377
0,0.2176,12454
0,0.2176,14485
0,0.2176,14686
0,0.2176,16180
0,0.2176,16907
0,0.2176,19478
0,0.2176,29806
0,0.2176,45311
0,0.2176,59983
0,0.2176,111660
0,0.2176,141295
0,0.2176,512608
0,0.2176,515072
0,0.2176,522428
0,0.2176,543989
0,0.2176,905259
0,0.2176,905709
0,0.2177,10180
0,0.2177,10376
0,0.2177,10479
0,0.2177,10692
0,0.2177,11318
0,0.2177,12252
0,0.2177,12565
0,0.2177,13559
0,0.2177,16641
0,0.2177,16673
0,0.2177,17759
0,0.2177,21252
0,0.2177,23180
0,0.2177,24511
0,0.2177,37921
0,0.2177,55574
0,0.2177,514230
0,0.2177,519132
0,0.2177,519862
0,0.2177,524429
0,0.2177,529330
0,0.2177,530449
0,0.2177,549229
0,0.2177,555259
0,0.2177,801346
0,0.2177,803013
0,0.2177,812503
0,0.2177,815205
0,0.2177,834861
0,0.2177,902923
0,0.2177,879469321
0,0.2178,10175
0,0.2178,10432
0,0.2178,10510
0,0.2178,10869
0,0.2178,11030
0,0.2178,11155
0,0.2178,11344
0,0.2178,12181
0,0.2178,14137
0,0.2178,14912
0,0.2178,15495
0,0.2178,15612
0,0.2178,18491
0,0.2178,21018
0,0.2178,23601
0,0.2178,27191
0,0.2178,56308
0,0.2178,126216
0,0.2178,147927
0,0.2178,801547
0,0.2178,801998
0,0.2179,10169
0,0.2179,11849
0,0.2179,12748
0,0.2179,12763
0,0.2179,12978
0,0.2179,12993
0,0.2179,14509
0,0.2179,18504
0,0.2179,24671
0,0.2179,28010
0,0.2179,30039
0,0.2179,31786
0,0.2179,41428
0,0.2179,49630
0,0.2179,51458
0,0.2179,52041
0,0.2179,56542
0,0.2179,158774
0,0.2179,222611
0,0.2179,247112
0,0.2179,513630
0,0.2179,514988
0,0.2179,520338
0,0.2179,521587
0,0.2179,522841
0,0.2179,529318
0,0.2179,800446
0,0.2179,804899
0,0.2180,10289
0,0.2180,11712
0,0.2180,15398
0,0.2180,17369
0,0.2180,18745
0,0.2180,26665
0,0.2180,33775
0,0.2180,60086
0,0.2180,69544
0,0.2180,79615
0,0.2180,512927
0,0.2180,517726
0,0.2180,803118
0,0.2180,808464
0,0.2180,812193
0,0.2180,903425
0,0.2180,913454
0,0.2181,10133
0,0.2181,10187
0,0.2181,10265
0,0.2181,10291
0,0.2181,15964
0,0.2181,16380
0,0.2181,16553
0,0.2181,17024
0,0.2181,28184
0,0.2181,34767
0,0.2181,45839
0,0.2181,63027
0,0.2181,90574
0,0.2181,514045
0,0.2181,516663
0,0.2181,517722
0,0.2181,521814
0,0.2181,522853
0,0.2181,523776
0,0.2181,524795
0,0.2181,524894
0,0.2181,531643
0,0.2181,800752
0,0.2181,800928
0,0.2181,803732
0,0.2181,809464
0,0.2182,10041
0,0.2182,10110
0,0.2182,10698
0,0.2182,10822
0,0.2182,11628
0,0.2182,12091
0,0.2182,13371
0,0.2182,13595
0,0.2182,16214
0,0.2182,22084
0,0.2182,25318
0,0.2182,27210
0,0.2182,27413
0,0.2182,34392
0,0.2182,35429
0,0.2182,35698
0,0.2182,40888
0,0.2182,48335
0,0.2182,63798
0,0.2182,75688
0,0.2182,434891
0,0.2182,513111
0,0.2182,513518
0,0.2182,515062
0,0.2182,515234
0,0.2182,516886
0,0.2182,524596
0,0.2182,545085
0,0.2182,805825
0,0.2182,807799
0,0.2183,11795
0,0.2183,13228
0,0.2183,14542
0,0.2183,14643
0,0.2183,19118
0,0.2183,28767
0,0.2183,30664
0,0.2183,41277
0,0.2183,70651
0,0.2183,89191
0,0.2183,512328
0,0.2183,518309
0,0.2183,521928
0,0.2183,534361
0,0.2183,559141
0,0.2183,800696
0,0.2183,802100
0,0.2183,805362
0,0.2183,933913
0,0.2184,11699
0,0.2184,12028
0,0.2184,12730
0,0.2184,12843
0,0.2184,12844
0,0.2184,12992
0,0.2184,13058
0,0.2184,15789
0,0.2184,17821
0,0.2184,17849
0,0.2184,18779
0,0.2184,18932
0,0.2184,19367
0,0.2184,19616
0,0.2184,24701
0,0.2184,31070
0,0.2184,33316
0,0.2184,47348
0,0.2184,67167
0,0.2184,71611
0,0.2184,76194
0,0.2184,203133
0,0.2184,512071
0,0.2184,515026
0,0.2184,516666
0,0.2184,516919
0,0.2184,521203
0,0.2184,521536
0,0.2184,522732
0,0.2184,524902
0,0.2184,525066
0,0.2184,531999
0,0.2184,533748
0,0.2184,543158
0,0.2184,800190
0,0.2184,802945
0,0.2184,806121
0,0.2184,811796
0,0.2184,1050045395
0,0.2185,11003
0,0.2185,12506
0,0.2185,15051
0,0.2185,15914
0,0.2185,16708
0,0.2185,17991
0,0.2185,19055
0,0.2185,28791
0,0.2185,29535
0,0.2185,80808
0,0.2185,91004
0,0.2185,136159
0,0.2185,520210
0,0.2185,524654
0,0.2185,525354
0,0.2185,547267
0,0.2185,800479
0,0.2185,802543
0,0.2185,808572
0,0.2186,10122
0,0.2186,10514
0,0.2186,12716
0,0.2186,12813
0,0.2186,13168
0,0.2186,15451
0,0.2186,15458
0,0.2186,19443
0,0.2186,19982
0,0.2186,22291
0,0.2186,23249
0,0.2186,23281
0,0.2186,35743
0,0.2186,38835
0,0.2186,42975
0,0.2186,54104
0,0.2186,54443
0,0.2186,61079
0,0.2186,61531
0,0.2186,96137
0,0.2186,533293
0,0.2186,805980
0,0.2186,813076
0,0.2186,905077
0,0.2187,10109
0,0.2187,10490
0,0.2187,10494
0,0.2187,10515
0,0.2187,11750
0,0.2187,16540
0,0.2187,19452
0,0.2187,22185
0,0.2187,22870
0,0.2187,27296
0,0.2187,28190
0,0.2187,36812
0,0.2187,43445
0,0.2187,125111
0,0.2187,513354
0,0.2187,524074
0,0.2187,529125
0,0.2187,801375
0,0.2187,809979
0,0.2187,879469321
0,0.2188,10100
0,0.2188,10204
0,0.2188,10371
0,0.2188,10428
0,0.2188,11614
0,0.2188,11896
0,0.2188,12900
0,0.2188,13184
0,0.2188,16093
0,0.2188,18823
0,0.2188,20818
0,0.2188,25137
0,0.2188,25792
0,0.2188,26242
0,0.2188,26322
0,0.2188,27106
0,0.2188,31923
0,0.2188,35532
0,0.2188,48667
0,0.2188,115666
0,0.2188,511846
0,0.2188,524610
0,0.2188,529411
0,0.2188,537027
0,0.2188,800217
0,0.2188,801090
0,0.2188,803347
0,0.2188,807072
0,0.2188,932684
0,0.2188,374296357
0,0.2188,1050014552
0,0.2189,10614
0,0.2189,11021
0,0.2189,11326
0,0.2189,11420
0,0.2189,13167
0,0.2189,13317
0,0.2189,14619
0,0.2189,15362
0,0.2189,15487
0,0.2189,15568
0,0.2189,16794
0,0.2189,17790
0,0.2189,19369
0,0.2189,24382
0,0.2189,26718
0,0.2189,27025
0,0.2189,47257
0,0.2189,85527
0,0.2189,531862
0,0.2189,533223
0,0.2189,802929
0,0.2189,803828
0,0.2189,879469321
0,0.2190,10617
0,0.2190,11460
0,0.2190,11921
0,0.2190,12811
0,0.2190,12923
0,0.2190,13751
0,0.2190,14105
0,0.2190,15576
0,0.2190,16309
0,0.2190,18588
0,0.2190,29713
0,0.2190,44495
0,0.2190,46657
0,0.2190,59288
0,0.2190,90224
0,0.2190,131748
0,0.2190,515298
0,0.2190,519363
0,0.2190,521444
0,0.2190,521635
0,0.2190,522354
0,0.2190,522734
0,0.2190,559410
0,0.2190,800754
0,0.2190,802795
0,0.2190,904652
0,0.2190,906003
0,0.2190,939961
0,0.2191,11915
0,0.2191,12345
0,0.2191,12358
0,0.2191,12503
0,0.2191,12532
0,0.2191,12654
0,0.2191,15028
0,0.2191,17244
0,0.2191,20076
0,0.2191,23273
0,0.2191,25547
0,0.2191,41598
0,0.2191,59387
0,0.2191,513283
0,0.2191,520615
0,0.2191,526298
0,0.2191,533103
0,0.2191,555344
0,0.2191,801466
0,0.2191,802403
0,0.2191,806496
0,0.2192,10072
0,0.2192,10202
0,0.2192,10624
0,0.2192,10652
0,0.2192,11308
0,0.2192,12605
0,0.2192,13864
0,0.2192,17060
0,0.2192,17156
0,0.2192,17931
0,0.2192,20755
0,0.2192,23080
0,0.2192,24088
0,0.2192,25635
0,0.2192,40300
0,0.2192,42332
0,0.2192,52112
0,0.2192,521444
0,0.2192,801497
0,0.2192,802137
0,0.2192,805041
0,0.2192,809397
0,0.2192,902304
0,0.2192,903026
0,0.2192,904070
0,0.2192,904736
0,0.2192,908183
0,0.2192,926154
0,0.2192,957328
0,0.2193,10097
0,0.2193,10917
0,0.2193,12297
0,0.2193,13463
0,0.2193,13517
0,0.2193,13863
0,0.2193,19189
0,0.2193,65657
0,0.2193,70486
0,0.2193,73397
0,0.2193,80750
0,0.2193,98544
0,0.2193,227102
0,0.2193,513146
0,0.2193,513376
0,0.2193,518220
0,0.2193,532800
0,0.2193,532909
0,0.2193,800335
0,0.2193,801242
0,0.2193,805532
0,0.2193,805682
0,0.2193,903492
0,0.2194,13947
0,0.2194,13969
0,0.2194,15209
0,0.2194,16818
0,0.2194,19308
0,0.2194,22446
0,0.2194,27133
0,0.2194,34187
0,0.2194,50575
0,0.2194,58561
0,0.2194,129772
0,0.2194,514997
0,0.2194,800140
0,0.2194,800271
0,0.2194,800518
0,0.2194,801164
0,0.2194,905929
0,0.2195,10852
0,0.2195,11806
0,0.2195,16158
0,0.2195,18109
0,0.2195,19274
0,0.2195,19618
0,0.2195,19760
0,0.2195,20402
0,0.2195,31627
0,0.2195,35912
0,0.2195,61398
0,0.2195,71547
0,0.2195,209688
0,0.2195,520087
0,0.2195,522993
0,0.2195,804380
0,0.2195,903250
0,0.2195,903288
0,0.2196,10018
0,0.2196,12809
0,0.2196,13124
0,0.2196,14029
0,0.2196,17801
0,0.2196,21918
0,0.2196,23197
0,0.2196,23854
0,0.2196,24153
0,0.2196,25773
0,0.2196,27614
0,0.2196,96692
0,0.2196,518461
0,0.2196,518513
0,0.2196,518707
0,0.2196,524351
0,0.2196,800082
0,0.2196,800212
0,0.2196,801210
0,0.2196,879469321
0,0.2197,10453
0,0.2197,10735
0,0.2197,13432
0,0.2197,13613
0,0.2197,14523
0,0.2197,16303
0,0.2197,18419
0,0.2197,21568
0,0.2197,24122
0,0.2197,30653
0,0.2197,36470
0,0.2197,41913
0,0.2197,42083
0,0.2197,47922
0,0.2197,148515
0,0.2197,514277
0,0.2197,800213
0,0.2197,801970
0,0.2197,814989
0,0.2197,903570
0,0.2198,10205
0,0.2198,12437
0,0.2198,12742
0,0.2198,13896
0,0.2198,14499
0,0.2198,16274
0,0.2198,18165
0,0.2198,18730
0,0.2198,23602
0,0.2198,41801
0,0.2198,57381
0,0.2198,76219
0,0.2198,76486
0,0.2198,123422
0,0.2198,521147
0,0.2198,527048
0,0.2198,531299
0,0.2198,800269
0,0.2198,800378
0,0.2198,801530
0,0.2199,10414
0,0.2199,11338
0,0.2199,12067
0,0.2199,12248
0,0.2199,12561
0,0.2199,13537
0,0.2199,14224
0,0.2199,24776
0,0.2199,25045
0,0.2199,25328
0,0.2199,26485
0,0.2199,45288
0,0.2199,51979
0,0.2199,59853
0,0.2199,154359
0,0.2199,521092
0,0.2199,800392
0,0.2199,801295
0,0.2199,803720
0,0.2199,807808
0,0.2200,10094
0,0.2200,11618
0,0.2200,14719
0,0.2200,16370
0,0.2200,22461
0,0.2200,26741
0,0.2200,31911
0,0.2200,32451
0,0.2200,40213
0,0.2200,53086
0,0.2200,92871
0,0.2200,110894
0,0.2200,515950
0,0.2200,519399
0,0.2200,520155
0,0.2200,523564
0,0.2200,801976
0,0.2200,803305
0,0.2200,826175
0,0.2200,924883
0,0.2201,10052
0,0.2201,10302
0,0.2201,15325
0,0.2201,16125
0,0.2201,16816
0,0.2201,18238
0,0.2201,18343
0,0.2201,23315
0,0.2201,40396
0,0.2201,59018
0,0.2201,77014
0,0.2201,77285
0,0.2201,164031
0,0.2201,170407
0,0.2201,556502
0,0.2201,800157
0,0.2201,801895
0,0.2201,802999
0,0.2201,941298
0,0.2202,10661
0,0.2202,11131
0,0.2202,11263
0,0.2202,11903
0,0.2202,12762
0,0.2202,13360
0,0.2202,13800
0,0.2202,13892
0,0.2202,14011
0,0.2202,14093
0,0.2202,14276
0,0.2202,15674
0,0.2202,19036
0,0.2202,20189
0,0.2202,21637
0,0.2202,21849
0,0.2202,24232
0,0.2202,38858
0,0.2202,40565
0,0.2202,42793
0,0.2202,513460
0,0.2202,517763
0,0.2202,520587
0,0.2202,520621
0,0.2202,523506
0,0.2202,529142
0,0.2202,800307
0,0.2202,812884
0,0.2203,10497
0,0.2203,10825
0,0.2203,10967
0,0.2203,12510
0,0.2203,13404
0,0.2203,17878
0,0.2203,19767
0,0.2203,22276
0,0.2203,23325
0,0.2203,23513
0,0.2203,27425
0,0.2203,70298
0,0.2203,71649
0,0.2203,87111
0,0.2203,150335
0,0.2203,512042
0,0.2203,513499
0,0.2203,514596
0,0.2203,522809
0,0.2203,530796
0,0.2203,814010
0,0.2203,913431
0,0.2204,10969
0,0.2204,11577
0,0.2204,12104
0,0.2204,12398
0,0.2204,12411
0,0.2204,15924
0,0.2204,16390
0,0.2204,16687
0,0.2204,16781
0,0.2204,17726
0,0.2204,18054
0,0.2204,24828
0,0.2204,27937
0,0.2204,55161
0,0.2204,77805
0,0.2204,78782
0,0.2204,106593
0,0.2204,519443
0,0.2204,519720
0,0.2204,520895
0,0.2204,540077
0,0.2204,580329
0,0.2204,800214
0,0.2204,805137
0,0.2204,808112
0,0.2205,10088
0,0.2205,10612
0,0.2205,10691
0,0.2205,12907
0,0.2205,13025
0,0.2205,14486
0,0.2205,18817
0,0.2205,21191
0,0.2205,22585
0,0.2205,23619
0,0.2205,28559
0,0.2205,32016
0,0.2205,52728
0,0.2205,60421
0,0.2205,61553
0,0.2205,142802
0,0.2205,520182
0,0.2205,527653
0,0.2205,531768
0,0.2205,536208
0,0.2205,801265
0,0.2205,807288
0,0.2205,902553
0,0.2205,912073
0,0.2206,10185
0,0.2206,10555
0,0.2206,10658
0,0.2206,11103
0,0.2206,11947
0,0.2206,12140
0,0.2206,12646
0,0.2206,13229
0,0.2206,14869
0,0.2206,16157
0,0.2206,17709
0,0.2206,17938
0,0.2206,18327
0,0.2206,19460
0,0.2206,23500
0,0.2206,23826
0,0.2206,30190
0,0.2206,36691
0,0.2206,45024
0,0.2206,54572
0,0.2206,54602
0,0.2206,59108
0,0.2206,513401
0,0.2206,514605
0,0.2206,518194
0,0.2206,519818
0,0.2206,519865
0,0.2206,520646
0,0.2206,529129
0,0.2206,548337
0,0.2206,555340
0,0.2206,800062
0,0.2206,802252
0,0.2206,905812
0,0.2206,906246
0,0.2207,11012
0,0.2207,11072
0,0.2207,11243
0,0.2207,11375
0,0.2207,11485
0,0.2207,11568
0,0.2207,11710
0,0.2207,13418
0,0.2207,14330
0,0.2207,16343
0,0.2207,21795
0,0.2207,30313
0,0.2207,35196
0,0.2207,36245
0,0.2207,67864
0,0.2207,166976
0,0.2207,172666
0,0.2207,383941
0,0.2207,521292
0,0.2207,559087
0,0.2207,941319
0,0.2208,10269
0,0.2208,10332
0,0.2208,11908
0,0.2208,13259
0,0.2208,13305
0,0.2208,13872
0,0.2208,14327
0,0.2208,14961
0,0.2208,15955
0,0.2208,17380
0,0.2208,21671
0,0.2208,21822
0,0.2208,22521
0,0.2208,22657
0,0.2208,31871
0,0.2208,32258
0,0.2208,42019
0,0.2208,117741
0,0.2208,162599
0,0.2208,511839
0,0.2208,515547
0,0.2208,520337
0,0.2208,531708
0,0.2208,542056
0,0.2208,800702
0,0.2208,801085
0,0.2208,802544
0,0.2209,11085
0,0.2209,11784
0,0.2209,13008
0,0.2209,13158
0,0.2209,13442
0,0.2209,15361
0,0.2209,19921
0,0.2209,20831
0,0.2209,30331
0,0.2209,30504
0,0.2209,46153
0,0.2209,60401
0,0.2209,105709
0,0.2209,141161
0,0.2209,523379
0,0.2209,523675
0,0.2209,579728
0,0.2209,800536
0,0.2209,906412
0,0.2210,10495
0,0.2210,11174
0,0.2210,12176
0,0.2210,13836
0,0.2210,15514
0,0.2210,18415
0,0.2210,25107
0,0.2210,35558
0,0.2210,42997
0,0.2210,49262
0,0.2210,58730
0,0.2210,67174
0,0.2210,101652
0,0.2210,145229
0,0.2210,511828
0,0.2210,518112
0,0.2210,518721
0,0.2210,800130
0,0.2210,800718
0,0.2210,800722
0,0.2210,800773
0,0.2210,800925
0,0.2210,801089
0,0.2210,804043
0,0.2210,804351
0,0.2210,810359
0,0.2210,904121
0,0.2211,10147
0,0.2211,10910
0,0.2211,10997
0,0.2211,11324
0,0.2211,11586
0,0.2211,12083
0,0.2211,13962
0,0.2211,14223
0,0.2211,14285
0,0.2211,14315
0,0.2211,17408
0,0.2211,17901
0,0.2211,18261
0,0.2211,19612
0,0.2211,20418
0,0.2211,35322
0,0.2211,41054
0,0.2211,46008
0,0.2211,70325
0,0.2211,434199
0,0.2211,524133
0,0.2211,526375
0,0.2211,555713
0,0.2211,935161
0,0.2211,427967297
0,0.2212,10649
0,0.2212,12159
0,0.2212,13026
0,0.2212,13568
0,0.2212,13585
0,0.2212,16659
0,0.2212,18601
0,0.2212,21664
0,0.2212,24134
0,0.2212,26417
0,0.2212,27737
0,0.2212,78573
0,0.2212,148726
0,0.2212,231168
0,0.2212,303314
0,0.2212,522754
0,0.2212,530789
0,0.2212,800203
0,0.2212,801626
0,0.2212,802831
0,0.2212,803048
0,0.2212,805227
0,0.2212,810573
0,0.2213,10537
0,0.2213,10646
0,0.2213,10677
0,0.2213,10820
0,0.2213,10914
0,0.2213,11005
0,0.2213,11161
0,0.2213,12805
0,0.2213,14756
0,0.2213,14989
0,0.2213,18436
0,0.2213,20077
0,0.2213,20620
0,0.2213,42345
0,0.2213,44992
0,0.2213,71877
0,0.2213,139436
0,0.2213,513646
0,0.2213,516256
0,0.2213,517601
0,0.2213,523578
0,0.2213,537899
0,0.2213,556286
0,0.2213,800343
0,0.2213,803241
0,0.2213,803607
0,0.2213,904674
0,0.2214,10114
0,0.2214,10356
0,0.2214,11638
0,0.2214,11701
0,0.2214,11711
0,0.2214,12085
0,0.2214,14716
0,0.2214,15888
0,0.2214,16193
0,0.2214,18749
0,0.2214,18953
0,0.2214,26999
0,0.2214,27794
0,0.2214,32020
0,0.2214,45722
0,0.2214,520435
0,0.2214,520816
0,0.2214,529604
0,0.2214,801280
0,0.2214,801713
0,0.2214,807534
0,0.2214,808836
0,0.2214,811406
0,0.2214,918582
0,0.2215,10099
0,0.2215,10817
0,0.2215,11053
0,0.2215,11312
0,0.2215,14387
0,0.2215,18125
0,0.2215,18426
0,0.2215,19850
0,0.2215,24634
0,0.2215,45172
0,0.2215,46466
0,0.2215,50228
0,0.2215,74742
0,0.2215,81710
0,0.2215,168492
0,0.2215,514028
0,0.2215,522789
0,0.2215,533946
0,0.2215,800163
0,0.2215,800326
0,0.2215,812633
0,0.2215,814206
0,0.2215,701647131
0,0.2216,10047
0,0.2216,14463
0,0.2216,15244
0,0.2216,16506
0,0.2216,16636
0,0.2216,17177
0,0.2216,19218
0,0.2216,28466
0,0.2216,54440
0,0.2216,58405
0,0.2216,81442
0,0.2216,102689
0,0.2216,512858
0,0.2216,517723
0,0.2216,520641
0,0.2216,529385
0,0.2216,529550
0,0.2216,559335
0,0.2216,800120
0,0.2216,803070
0,0.2216,803562
0,0.2216,903700
0,0.2217,10288
0,0.2217,10370
0,0.2217,13428
0,0.2217,16754
0,0.2217,22626
0,0.2217,25970
0,0.2217,27893
0,0.2217,30421
0,0.2217,32315
0,0.2217,35450
0,0.2217,38272
0,0.2217,55656
0,0.2217,56560
0,0.2217,57522
0,0.2217,68889
0,0.2217,184446
0,0.2217,519866
0,0.2217,529520
0,0.2217,800258
0,0.2217,801213
0,0.2217,802153
0,0.2217,803463
0,0.2217,803470
0,0.2217,806170
0,0.2217,905313
0,0.2218,11142
0,0.2218,14664
0,0.2218,15939
0,0.2218,16457
0,0.2218,17454
0,0.2218,19290
0,0.2218,27416
0,0.2218,30541
0,0.2218,33191
0,0.2218,35136
0,0.2218,56036
0,0.2218,63122
0,0.2218,63998
0,0.2218,88014
0,0.2218,95935
0,0.2218,523923
0,0.2218,802155
0,0.2218,803004
0,0.2218,809106
0,0.2218,814106
0,0.2218,908747
0,0.2219,10285
0,0.2219,10797
0,0.2219,12095
0,0.2219,14311
0,0.2219,16493
0,0.2219,17342
0,0.2219,18744
0,0.2219,20698
0,0.2219,21204
0,0.2219,26287
0,0.2219,48125
0,0.2219,48491
0,0.2219,57935
0,0.2219,104033
0,0.2219,121578
0,0.2219,516643
0,0.2219,517202
0,0.2219,518604
0,0.2219,530880
0,0.2219,537032
0,0.2219,557904
0,0.2219,807435
0,0.2220,10187
0,0.2220,11495
0,0.2220,11802
0,0.2220,12651
0,0.2220,13698
0,0.2220,14497
0,0.2220,14677
0,0.2220,15011
0,0.2220,22278
0,0.2220,27597
0,0.2220,29207
0,0.2220,42483
0,0.2220,63923
0,0.2220,64607
0,0.2220,100478
0,0.2220,804512
0,0.2220,907580
0,0.2221,10545
0,0.2221,10781
0,0.2221,11900
0,0.2221,14881
0,0.2221,15042
0,0.2221,15124
0,0.2221,15273
0,0.2221,15997
0,0.2221,16191
0,0.2221,18585
0,0.2221,19334
0,0.2221,26064
0,0.2221,33598
0,0.2221,54706
0,0.2221,61243
0,0.2221,90835
0,0.2221,92683
0,0.2221,132121
0,0.2221,159866
0,0.2221,177705
0,0.2221,511955
0,0.2221,514416
0,0.2221,520789
0,0.2221,800241
0,0.2221,801730
0,0.2221,805447
0,0.2221,902262
0,0.2221,427967297
0,0.2222,10224
0,0.2222,10447
0,0.2222,10553
0,0.2222,11341
0,0.2222,13760
0,0.2222,16538
0,0.2222,17876
0,0.2222,22799
0,0.2222,23162
0,0.2222,25939
0,0.2222,28254
0,0.2222,46073
0,0.2222,46159
0,0.2222,146366
0,0.2222,164863
0,0.2222,511797
0,0.2222,516820
0,0.2222,521059
0,0.2222,521675
0,0.2222,521745
0,0.2222,530460
0,0.2222,539675
0,0.2222,801686
0,0.2222,803709
0,0.2222,904983
0,0.2222,932322
0,0.2222,427967297
0,0.2223,10399
0,0.2223,10421
0,0.2223,10959
0,0.2223,19615
0,0.2223,27302
0,0.2223,58481
0,0.2223,69319
0,0.2223,88157
0,0.2223,800041
0,0.2223,800132
0,0.2223,800369
0,0.2223,140334446
0,0.2224,10282
0,0.2224,10815
0,0.2224,11058
0,0.2224,11252
0,0.2224,12131
0,0.2224,12240
0,0.2224,12355
0,0.2224,14013
0,0.2224,14434
0,0.2224,17910
0,0.2224,21227
0,0.2224,21496
0,0.2224,21613
0,0.2224,29493
0,0.2224,32055
0,0.2224,39462
0,0.2224,48982
0,0.2224,61285
0,0.2224,67337
0,0.2224,103278
0,0.2224,518831
0,0.2224,520115
0,0.2224,524968
0,0.2224,800745
0,0.2224,800917
0,0.2224,803340
0,0.2224,804556
0,0.2224,806590
0,0.2224,932796
0,0.2225,10061
0,0.2225,10119
0,0.2225,10242
0,0.2225,11505
0,0.2225,11997
0,0.2225,12718
0,0.2225,12973
0,0.2225,13018
0,0.2225,17175
0,0.2225,22379
0,0.2225,36070
0,0.2225,36374
0,0.2225,39368
0,0.2225,47107
0,0.2225,54285
0,0.2225,66142
0,0.2225,66446
0,0.2225,107571
0,0.2225,112956
0,0.2225,137497
0,0.2225,174420
0,0.2225,515091
0,0.2225,515289
0,0.2225,531425
0,0.2225,549638
0,0.2225,561653
0,0.2225,800757
0,0.2225,802461
0,0.2225,806372
0,0.2225,808572
0,0.2225,907986
0,0.2226,10040
0,0.2226,10041
0,0.2226,10436
0,0.2226,10529
0,0.2226,11607
0,0.2226,11764
0,0.2226,12710
0,0.2226,14461
0,0.2226,15176
0,0.2226,15562
0,0.2226,16175
0,0.2226,16706
0,0.2226,21780
0,0.2226,22852
0,0.2226,29648
0,0.2226,30498
0,0.2226,33492
0,0.2226,38706
0,0.2226,43191
0,0.2226,79464
0,0.2226,83143
0,0.2226,113924
0,0.2226,247112
0,0.2226,521783
0,0.2226,521814
0,0.2226,800143
0,0.2226,801491
0,0.2226,803592
0,0.2226,803910
0,0.2227,10110
0,0.2227,10777
0,0.2227,11027
0,0.2227,11585
0,0.2227,11688
0,0.2227,13115
0,0.2227,13991
0,0.2227,15237
0,0.2227,15351
0,0.2227,19486
0,0.2227,20545
0,0.2227,26991
0,0.2227,28186
0,0.2227,90905
0,0.2227,195264
0,0.2227,512544
0,0.2227,513174
0,0.2227,513217
0,0.2227,517183
0,0.2227,521126
0,0.2227,530668
0,0.2227,800412
0,0.2227,904108
0,0.2227,905709
0,0.2228,10319
0,0.2228,10981
0,0.2228,13273
0,0.2228,19963
0,0.2228,23236
0,0.2228,27714
0,0.2228,30108
0,0.2228,30181
0,0.2228,40390
0,0.2228,511882
0,0.2228,512930
0,0.2228,513054
0,0.2228,513134
0,0.2228,514045
0,0.2228,517512
0,0.2228,519616
0,0.2228,521240
0,0.2228,568471
0,0.2228,571495
0,0.2228,808464
0,0.2228,905259
0,0.2229,10241
0,0.2229,13771
0,0.2229,13860
0,0.2229,17787
0,0.2229,18779
0,0.2229,20774
0,0.2229,22327
0,0.2229,29021
0,0.2229,30933
0,0.2229,44250
0,0.2229,47754
0,0.2229,514324
0,0.2229,515966
0,0.2229,517359
0,0.2229,519132
0,0.2229,519944
0,0.2229,520367
0,0.2229,521406
0,0.2229,522465
0,0.2229,530435
0,0.2229,801629
0,0.2229,802907
0,0.2229,805411
0,0.2229,806398
0,0.2229,806646
0,0.2229,808702
0,0.2229,809492
0,0.2229,810086
0,0.2230,10078
0,0.2230,10136
0,0.2230,10137
0,0.2230,10394
0,0.2230,10950
0,0.2230,11805
0,0.2230,13317
0,0.2230,16381
0,0.2230,17389
0,0.2230,17835
0,0.2230,21719
0,0.2230,31735
0,0.2230,33038
0,0.2230,38854
0,0.2230,49464
0,0.2230,178990
0,0.2230,512513
0,0.2230,512521
0,0.2230,512927
0,0.2230,512928
0,0.2230,514546
0,0.2230,517548
0,0.2230,519003
0,0.2230,555342
0,0.2230,909363
0,0.2230,1050074465
0,0.2231,10138
0,0.2231,10150
0,0.2231,10184
0,0.2231,10226
0,0.2231,10378
0,0.2231,10564
0,0.2231,10637
0,0.2231,10692
0,0.2231,12283
0,0.2231,13456
0,0.2231,13994
0,0.2231,15170
0,0.2231,18838
0,0.2231,34106
0,0.2231,45539
0,0.2231,46788
0,0.2231,83621
0,0.2231,84296
0,0.2231,802473
0,0.2231,804654
0,0.2231,805244
0,0.2231,813104
0,0.2232,11663
0,0.2232,12933
0,0.2232,14362
0,0.2232,18504
0,0.2232,20339
0,0.2232,20780
0,0.2232,26284
0,0.2232,34949
0,0.2232,35440
0,0.2232,44827
0,0.2232,133601
0,0.2232,521241
0,0.2232,524732
0,0.2232,525306
0,0.2232,557861
0,0.2232,800606
0,0.2232,801670
0,0.2232,801761
0,0.2232,802107
0,0.2232,803094
0,0.2232,805241
0,0.2233,10689
0,0.2233,10807
0,0.2233,10819
0,0.2233,12584
0,0.2233,12606
0,0.2233,13013
0,0.2233,13179
0,0.2233,13563
0,0.2233,14705
0,0.2233,15114
0,0.2233,15616
0,0.2233,16579
0,0.2233,26353
0,0.2233,40385
0,0.2233,514863
0,0.2233,521075
0,0.2233,522387
0,0.2233,800455
0,0.2233,801894
0,0.2233,801998
0,0.2233,802757
0,0.2233,803912
0,0.2233,804899
0,0.2233,906622
0,0.2234,10120
0,0.2234,11008
0,0.2234,11036
0,0.2234,11893
0,0.2234,12976
0,0.2234,19015
0,0.2234,23369
0,0.2234,27818
0,0.2234,38657
0,0.2234,46358
0,0.2234,50444
0,0.2234,76194
0,0.2234,104187
0,0.2234,154212
0,0.2234,513147
0,0.2234,521256
0,0.2234,574357
0,0.2234,800056
0,0.2234,800602
0,0.2234,801158
0,0.2234,802945
0,0.2234,805647
0,0.2234,806037
0,0.2234,812193
0,0.2234,904652
0,0.2235,10165
0,0.2235,10816
0,0.2235,11578
0,0.2235,12151
0,0.2235,12295
0,0.2235,12298
0,0.2235,12374
0,0.2235,12777
0,0.2235,15436
0,0.2235,16734
0,0.2235,17554
0,0.2235,18712
0,0.2235,18743
0,0.2235,21460
0,0.2235,21646
0,0.2235,31788
0,0.2235,34896
0,0.2235,36322
0,0.2235,43695
0,0.2235,94433
0,0.2235,105436
0,0.2235,149390
0,0.2235,511823
0,0.2235,512236
0,0.2235,512390
0,0.2235,513378
0,0.2235,522815
0,0.2235,526612
0,0.2235,533751
0,0.2235,800004
0,0.2235,800479
0,0.2235,803118
0,0.2235,805992
0,0.2235,808183
0,0.2236,10302
0,0.2236,11819
0,0.2236,13877
0,0.2236,17420
0,0.2236,21543
0,0.2236,27296
0,0.2236,29799
0,0.2236,39880
0,0.2236,51365
0,0.2236,139178
0,0.2236,153028
0,0.2236,512932
0,0.2236,513930
0,0.2236,520119
0,0.2236,520188
0,0.2236,521027
0,0.2236,522738
0,0.2236,529603
0,0.2236,801816
0,0.2236,802405
0,0.2236,805776
0,0.2236,905312
0,0.2237,10175
0,0.2237,10251
0,0.2237,10831
0,0.2237,12125
0,0.2237,12194
0,0.2237,12232
0,0.2237,12413
0,0.2237,13121
0,0.2237,14459
0,0.2237,16794
0,0.2237,18437
0,0.2237,20468
0,0.2237,24848
0,0.2237,30664
0,0.2237,31681
0,0.2237,33168
0,0.2237,64180
0,0.2237,84320
0,0.2237,114858
0,0.2237,520820
0,0.2237,523636
0,0.2237,530449
0,0.2237,532079
0,0.2237,549024
0,0.2237,555238
0,0.2237,805860
0,0.2237,905077
0,0.2238,11938
0,0.2238,12443
0,0.2238,16105
0,0.2238,18156
0,0.2238,18351
0,0.2238,22597
0,0.2238,23073
0,0.2238,30203
0,0.2238,30743
0,0.2238,60056
0,0.2238,127571
0,0.2238,155188
0,0.2238,520236
0,0.2238,523626
0,0.2238,524156
0,0.2238,524655
0,0.2238,553194
0,0.2238,801346
0,0.2238,803800
0,0.2239,10514
0,0.2239,10579
0,0.2239,10671
0,0.2239,11021
0,0.2239,11170
0,0.2239,11361
0,0.2239,13299
0,0.2239,16087
0,0.2239,18915
0,0.2239,19837
0,0.2239,27615
0,0.2239,36730
0,0.2239,37142
0,0.2239,49839
0,0.2239,58517
0,0.2239,61921
0,0.2239,70126
0,0.2239,70337
0,0.2239,71042
0,0.2239,85395
0,0.2239,104220
0,0.2239,122745
0,0.2239,515989
0,0.2239,519692
0,0.2239,529498
0,0.2239,800724
0,0.2239,800890
0,0.2239,902304
0,0.2240,10180
0,0.2240,10368
0,0.2240,10385
0,0.2240,11532
0,0.2240,12802
0,0.2240,12943
0,0.2240,16111
0,0.2240,17691
0,0.2240,20185
0,0.2240,21124
0,0.2240,22047
0,0.2240,30405
0,0.2240,32302
0,0.2240,35743
0,0.2240,53190
0,0.2240,58394
0,0.2240,75129
0,0.2240,87077
0,0.2240,519230
0,0.2240,523600
0,0.2240,524717
0,0.2240,524761
0,0.2240,800250
0,0.2240,803804
0,0.2240,803895
0,0.2241,10531
0,0.2241,10846
0,0.2241,10855
0,0.2241,12565
0,0.2241,13773
0,0.2241,14482
0,0.2241,15117
0,0.2241,15304
0,0.2241,19104
0,0.2241,26832
0,0.2241,26987
0,0.2241,33400
0,0.2241,37997
0,0.2241,512273
0,0.2241,515760
0,0.2241,519460
0,0.2241,522410
0,0.2241,522974
0,0.2241,801194
0,0.2241,801242
0,0.2241,805173
0,0.2241,811796
0,0.2242,10168
0,0.2242,10299
0,0.2242,11238
0,0.2242,12445
0,0.2242,13079
0,0.2242,14259
0,0.2242,18921
0,0.2242,24382
0,0.2242,25085
0,0.2242,27179
0,0.2242,27872
0,0.2242,43756
0,0.2242,57559
0,0.2242,65458
0,0.2242,67789
0,0.2242,80415
0,0.2242,84356
0,0.2242,175572
0,0.2242,235061
0,0.2242,513284
0,0.2242,513463
0,0.2242,520194
0,0.2242,531732
0,0.2242,803700
0,0.2242,803946
0,0.2242,806817
0,0.2242,811139
0,0.2242,906550
0,0.2243,10432
0,0.2243,10494
0,0.2243,11210
0,0.2243,13307
0,0.2243,14954
0,0.2243,15789
0,0.2243,17072
0,0.2243,17173
0,0.2243,26666
0,0.2243,54465
0,0.2243,515877
0,0.2243,515933
0,0.2243,516286
0,0.2243,555827
0,0.2243,805338
0,0.2244,10018
0,0.2244,10294
0,0.2244,11188
0,0.2244,13117
0,0.2244,14289
0,0.2244,14899
0,0.2244,15491
0,0.2244,17491
0,0.2244,18563
0,0.2244,18932
0,0.2244,18980
0,0.2244,25792
0,0.2244,28957
0,0.2244,44495
0,0.2244,47170
0,0.2244,53652
0,0.2244,60774
0,0.2244,151050
0,0.2244,166057
0,0.2244,222777
0,0.2244,454614
0,0.2244,512750
0,0.2244,514405
0,0.2244,514582
0,0.2244,529519
0,0.2244,802081
0,0.2244,802181
0,0.2244,806281
0,0.2244,902789
0,0.2244,905905
0,0.2244,906554
0,0.2245,11402
0,0.2245,13087
0,0.2245,17623
0,0.2245,19720
0,0.2245,19751
0,0.2245,19802
0,0.2245,20818
0,0.2245,25780
0,0.2245,30508
0,0.2245,32959
0,0.2245,43113
0,0.2245,58146
0,0.2245,94555
0,0.2245,115704
0,0.2245,116555
0,0.2245,549229
0,0.2245,800719
0,0.2245,802914
0,0.2245,803747
0,0.2245,804180
0,0.2245,809317
0,0.2245,939961
0,0.2246,10290
0,0.2246,10468
0,0.2246,10479
0,0.2246,10887
0,0.2246,12054
0,0.2246,18814
0,0.2246,19255
0,0.2246,27252
0,0.2246,34628
0,0.2246,46961
0,0.2246,513594
0,0.2246,519705
0,0.2246,525958
0,0.2246,527318
0,0.2246,533835
0,0.2246,803395
0,0.2246,804984
0,0.2246,906612
0,0.2246,936838
0,0.2247,10365
0,0.2247,12358
0,0.2247,12472
0,0.2247,12733
0,0.2247,13559
0,0.2247,30310
0,0.2247,33053
0,0.2247,33298
0,0.2247,33307
0,0.2247,38835
0,0.2247,61896
0,0.2247,70088
0,0.2247,138056
0,0.2247,524361
0,0.2247,574147
0,0.2247,802955
0,0.2247,805165
0,0.2247,936810
0,0.2247,955682
0,0.2247,957328
0,0.2248,10839
0,0.2248,10845
0,0.2248,11302
0,0.2248,12060
0,0.2248,12654
0,0.2248,14063
0,0.2248,14435
0,0.2248,15782
0,0.2248,21692
0,0.2248,22122
0,0.2248,23601
0,0.2248,35503
0,0.2248,56970
0,0.2248,141420
0,0.2248,803129
0,0.2248,803235
0,0.2248,806620
0,0.2249,10338
0,0.2249,11155
0,0.2249,12091
0,0.2249,13217
0,0.2249,13692
0,0.2249,16642
0,0.2249,18937
0,0.2249,99108
0,0.2249,511881
0,0.2249,513283
0,0.2249,516098
0,0.2249,527409
0,0.2249,913431
0,0.2250,10303
0,0.2250,10704
0,0.2250,11982
0,0.2250,12506
0,0.2250,12570
0,0.2250,13432
0,0.2250,17325
0,0.2250,19189
0,0.2250,20300
0,0.2250,23273
0,0.2250,27725
0,0.2250,48301
0,0.2250,49947
0,0.2250,52112
0,0.2250,70651
0,0.2250,512077
0,0.2250,515460
0,0.2250,519144
0,0.2250,521236
0,0.2250,523017
0,0.2250,532909
0,0.2250,536058
0,0.2250,800301
0,0.2250,802080
0,0.2250,802251
0,0.2250,803013
0,0.2250,908471
0,0.2251,10323
0,0.2251,10371
0,0.2251,10707
0,0.2251,11603
0,0.2251,12398
0,0.2251,13551
0,0.2251,18419
0,0.2251,20715
0,0.2251,21731
0,0.2251,21932
0,0.2251,23206
0,0.2251,23826
0,0.2251,28791
0,0.2251,33075
0,0.2251,157614
0,0.2251,520210
0,0.2251,558665
0,0.2251,803342
0,0.2251,803599
0,0.2251,909612
0,0.2252,10295
0,0.2252,10497
0,0.2252,10949
0,0.2252,13035
0,0.2252,16781
0,0.2252,16836
0,0.2252,29333
0,0.2252,30807
0,0.2252,48914
0,0.2252,53384
0,0.2252,59776
0,0.2252,86523
0,0.2252,289948
0,0.2252,539704
0,0.2252,800845
0,0.2252,904812
0,0.2252,906669
0,0.2252,1050014552
0,0.2253,10504
0,0.2253,11171
0,0.2253,11254
0,0.2253,11312
0,0.2253,12259
0,0.2253,15274
0,0.2253,15393
0,0.2253,16099
0,0.2253,17696
0,0.2253,22870
0,0.2253,32258
0,0.2253,38190
0,0.2253,39608
0,0.2253,39813
0,0.2253,40580
0,0.2253,44669
0,0.2253,53086
0,0.2253,59983
0,0.2253,84758
0,0.2253,95057
0,0.2253,804636
0,0.2253,806124
0,0.2254,10190
0,0.2254,11199
0,0.2254,11671
0,0.2254,13274
0,0.2254,15163
0,0.2254,15932
0,0.2254,17402
0,0.2254,20270
0,0.2254,21637
0,0.2254,21688
0,0.2254,22963
0,0.2254,41144
0,0.2254,59994
0,0.2254,62156
0,0.2254,79362
0,0.2254,114715
0,0.2254,527599
0,0.2254,801258
0,0.2254,804398
0,0.2254,374296357
0,0.2254,600700832
0,0.2254,841372881
0,0.2255,11717
0,0.2255,13442
0,0.2255,16127
0,0.2255,16440
0,0.2255,22240
0,0.2255,22463
0,0.2255,23325
0,0.2255,24922
0,0.2255,27596
0,0.2255,42185
0,0.2255,130279
0,0.2255,215209
0,0.2255,515675
0,0.2255,520217
0,0.2255,520439
0,0.2255,521234
0,0.2255,521409
0,0.2255,522828
0,0.2255,533411
0,0.2255,804173
0,0.2255,805797
0,0.2255,807692
0,0.2256,10011
0,0.2256,10035
0,0.2256,11888
0,0.2256,16986
0,0.2256,18170
0,0.2256,19089
0,0.2256,24016
0,0.2256,514125
0,0.2256,515679
0,0.2256,531768
0,0.2256,801295
0,0.2256,801895
0,0.2256,802987
0,0.2256,807296
0,0.2257,10099
0,0.2257,10255
0,0.2257,10285
0,0.2257,10480
0,0.2257,12900
0,0.2257,13090
0,0.2257,13740
0,0.2257,14137
0,0.2257,15535
0,0.2257,16350
0,0.2257,19327
0,0.2257,19760
0,0.2257,19886
0,0.2257,21296
0,0.2257,22185
0,0.2257,24227
0,0.2257,26417
0,0.2257,26620
0,0.2257,55385
0,0.2257,85527
0,0.2257,107241
0,0.2257,154759
0,0.2257,522335
0,0.2257,523550
0,0.2257,903066
0,0.2258,10446
0,0.2258,10510
0,0.2258,11221
0,0.2258,12104
0,0.2258,12730
0,0.2258,15234
0,0.2258,15693
0,0.2258,16617
0,0.2258,19827
0,0.2258,26576
0,0.2258,29419
0,0.2258,34620
0,0.2258,37130
0,0.2258,55527
0,0.2258,124632
0,0.2258,514696
0,0.2258,517256
0,0.2258,805757
0,0.2258,809484
0,0.2259,11131
0,0.2259,11806
0,0.2259,11896
0,0.2259,12228
0,0.2259,12318
0,0.2259,13888
0,0.2259,14939
0,0.2259,16399
0,0.2259,16537
0,0.2259,25184
0,0.2259,25684
0,0.2259,58704
0,0.2259,67384
0,0.2259,76635
0,0.2259,114426
0,0.2259,513364
0,0.2259,524033
0,0.2259,524432
0,0.2259,529385
0,0.2259,532000
0,0.2259,533431
0,0.2259,803064
0,0.2260,10027
0,0.2260,10243
0,0.2260,10604
0,0.2260,12067
0,0.2260,12947
0,0.2260,13153
0,0.2260,14089
0,0.2260,14766
0,0.2260,15382
0,0.2260,19616
0,0.2260,28469
0,0.2260,48638
0,0.2260,62207
0,0.2260,83968
0,0.2260,89621
0,0.2260,98544
0,0.2260,131748
0,0.2260,137495
0,0.2260,515048
0,0.2260,517257
0,0.2260,520393
0,0.2260,522428
0,0.2260,522746
0,0.2260,530878
0,0.2260,531009
0,0.2260,805489
0,0.2260,932321
0,0.2261,10097
0,0.2261,12037
0,0.2261,15021
0,0.2261,15150
0,0.2261,15496
0,0.2261,16735
0,0.2261,22006
0,0.2261,23416
0,0.2261,25763
0,0.2261,36459
0,0.2261,38847
0,0.2261,77481
0,0.2261,86661
0,0.2261,513033
0,0.2261,515757
0,0.2261,530151
0,0.2261,532751
0,0.2261,556539
0,0.2261,801970
0,0.2261,804326
0,0.2261,807396
0,0.2262,10060
0,0.2262,11030
0,0.2262,12962
0,0.2262,13301
0,0.2262,13969
0,0.2262,15332
0,0.2262,15458
0,0.2262,19902
0,0.2262,29135
0,0.2262,30446
0,0.2262,39753
0,0.2262,44903
0,0.2262,519895
0,0.2262,522761
0,0.2262,801561
0,0.2263,10107
0,0.2263,10725
0,0.2263,10969
0,0.2263,11445
0,0.2263,11618
0,0.2263,13667
0,0.2263,14869
0,0.2263,16687
0,0.2263,17156
0,0.2263,21263
0,0.2263,22090
0,0.2263,26601
0,0.2263,28525
0,0.2263,81228
0,0.2263,514952
0,0.2263,534361
0,0.2263,800262
0,0.2263,803007
0,0.2263,803339
0,0.2263,806061
0,0.2263,806144
0,0.2264,11070
0,0.2264,11280
0,0.2264,11977
0,0.2264,12126
0,0.2264,15284
0,0.2264,21904
0,0.2264,23212
0,0.2264,121067
0,0.2264,133427
0,0.2264,136159
0,0.2264,556700
0,0.2264,802909
0,0.2265,10044
0,0.2265,10187
0,0.2265,12088
0,0.2265,12685
0,0.2265,22084
0,0.2265,35128
0,0.2265,38085
0,0.2265,61398
0,0.2265,67889
0,0.2265,85715
0,0.2265,91391
0,0.2265,143610
0,0.2265,532750
0,0.2265,545611
0,0.2265,802544
0,0.2265,907558
0,0.2266,10122
0,0.2266,10202
0,0.2266,10974
0,0.2266,11201
0,0.2266,11401
0,0.2266,12809
0,0.2266,13526
0,0.2266,17639
0,0.2266,25045
0,0.2266,42372
0,0.2266,46073
0,0.2266,89966
0,0.2266,519365
0,0.2266,800718
0,0.2266,801466
0,0.2266,801975
0,0.2266,805657
0,0.2267,11670
0,0.2267,12272
0,0.2267,12487
0,0.2267,14034
0,0.2267,15506
0,0.2267,16940
0,0.2267,17751
0,0.2267,17825
0,0.2267,23682
0,0.2267,28190
0,0.2267,38338
0,0.2267,41171
0,0.2267,44816
0,0.2267,95758
0,0.2267,511926
0,0.2267,514547
0,0.2267,518719
0,0.2267,521763
0,0.2267,522352
0,0.2267,806253
0,0.2268,10988
0,0.2268,11318
0,0.2268,11723
0,0.2268,12180
0,0.2268,12395
0,0.2268,12732
0,0.2268,13913
0,0.2268,15059
0,0.2268,15915
0,0.2268,16051
0,0.2268,17162
0,0.2268,17902
0,0.2268,18068
0,0.2268,44931
0,0.2268,63939
0,0.2268,521087
0,0.2268,527048
0,0.2268,801082
0,0.2268,902874
0,0.2269,10330
0,0.2269,12679
0,0.2269,13830
0,0.2269,15534
0,0.2269,16373
0,0.2269,18069
0,0.2269,21353
0,0.2269,27767
0,0.2269,30371
0,0.2269,75151
0,0.2269,76899
0,0.2269,556346
0,0.2269,558869
0,0.2269,806561
0,0.2269,903140
0,0.2270,10844
0,0.2270,11053
0,0.2270,11690
0,0.2270,12333
0,0.2270,12532
0,0.2270,13471
0,0.2270,14011
0,0.2270,14434
0,0.2270,55269
0,0.2270,58730
0,0.2270,58909
0,0.2270,72491
0,0.2270,93240
0,0.2270,512859
0,0.2270,514015
0,0.2270,523776
0,0.2270,532766
0,0.2270,800736
0,0.2270,803821
0,0.2270,807924
0,0.2270,808456
0,0.2271,10041
0,0.2271,10110
0,0.2271,11969
0,0.2271,13315
0,0.2271,17046
0,0.2271,23619
0,0.2271,28123
0,0.2271,29939
0,0.2271,36234
0,0.2271,46615
0,0.2271,48667
0,0.2271,52528
0,0.2271,71209
0,0.2271,190421
0,0.2271,514997
0,0.2271,515015
0,0.2271,525062
0,0.2271,529228
0,0.2271,802308
0,0.2271,802855
0,0.2271,804195
0,0.2271,804797
0,0.2271,807312
0,0.2271,808727
0,0.2272,11245
0,0.2272,11699
0,0.2272,13707
0,0.2272,14041
0,0.2272,14093
0,0.2272,14881
0,0.2272,15494
0,0.2272,15891
0,0.2272,18739
0,0.2272,22519
0,0.2272,35978
0,0.2272,36829
0,0.2272,83936
0,0.2272,522762
0,0.2272,803979
0,0.2273,10072
0,0.2273,10138
0,0.2273,10799
0,0.2273,10932
0,0.2273,10967
0,0.2273,11416
0,0.2273,11836
0,0.2273,14463
0,0.2273,14828
0,0.2273,15514
0,0.2273,16145
0,0.2273,16284
0,0.2273,43152
0,0.2273,44648
0,0.2273,46687
0,0.2273,63027
0,0.2273,517913
0,0.2273,518220
0,0.2273,531708
0,0.2273,532946
0,0.2273,804966
0,0.2273,805107
0,0.2273,806161
0,0.2273,918582
0,0.2273,879469321
0,0.2274,11200
0,0.2274,11406
0,0.2274,13760
0,0.2274,15310
0,0.2274,15612
0,0.2274,16493
0,0.2274,16659
0,0.2274,16868
0,0.2274,25939
0,0.2274,58834
0,0.2274,58999
0,0.2274,511756
0,0.2274,511828
0,0.2274,519715
0,0.2274,531557
0,0.2274,802164
0,0.2274,805743
0,0.2274,317223538
0,0.2275,11255
0,0.2275,11327
0,0.2275,12368
0,0.2275,12564
0,0.2275,14223
0,0.2275,14727
0,0.2275,27191
0,0.2275,27486
0,0.2275,28674
0,0.2275,32392
0,0.2275,32449
0,0.2275,46409
0,0.2275,50424
0,0.2275,58532
0,0.2275,514988
0,0.2275,518194
0,0.2275,519865
0,0.2275,529707
0,0.2275,531583
0,0.2275,912294
0,0.2275,934908
0,0.2275,841372881
0,0.2276,10593
0,0.2276,11194
0,0.2276,12298
0,0.2276,14192
0,0.2276,14486
0,0.2276,19283
0,0.2276,20831
0,0.2276,25628
0,0.2276,26901
0,0.2276,38706
0,0.2276,39442
0,0.2276,67864
0,0.2276,97678
0,0.2276,511821
0,0.2276,515293
0,0.2276,519862
0,0.2276,808159
0,0.2276,814430
0,0.2276,834861
0,0.2276,905415
0,0.2277,10539
0,0.2277,10830
0,0.2277,11375
0,0.2277,11485
0,0.2277,12503
0,0.2277,12569
0,0.2277,15441
0,0.2277,19068
0,0.2277,19274
0,0.2277,22187
0,0.2277,30981
0,0.2277,32475
0,0.2277,44005
0,0.2277,520641
0,0.2277,524136
0,0.2277,555342
0,0.2277,555727
0,0.2277,801845
0,0.2277,803062
0,0.2277,806427
0,0.2278,11947
0,0.2278,13168
0,0.2278,13258
0,0.2278,14158
0,0.2278,16360
0,0.2278,25021
0,0.2278,33072
0,0.2278,40983
0,0.2278,64399
0,0.2278,69544
0,0.2278,76506
0,0.2278,84735
0,0.2278,121084
0,0.2278,138585
0,0.2278,520817
0,0.2278,521814
0,0.2278,522706
0,0.2278,559554
0,0.2278,802477
0,0.2278,803982
0,0.2278,805213
0,0.2278,805229
0,0.2278,808009
0,0.2279,10236
0,0.2279,10566
0,0.2279,12140
0,0.2279,12405
0,0.2279,13317
0,0.2279,15176
0,0.2279,16370
0,0.2279,19290
0,0.2279,29340
0,0.2279,47830
0,0.2279,511955
0,0.2279,512927
0,0.2279,514045
0,0.2279,517512
0,0.2279,518708
0,0.2279,522992
0,0.2279,523675
0,0.2279,529419
0,0.2279,555259
0,0.2279,819096
0,0.2279,916091
0,0.2279,374296357
0,0.2280,10272
0,0.2280,11849
0,0.2280,19765
0,0.2280,22276
0,0.2280,25030
0,0.2280,37921
0,0.2280,43040
0,0.2280,45628
0,0.2280,56362
0,0.2280,92871
0,0.2280,434199
0,0.2280,517548
0,0.2280,519371
0,0.2280,519514
0,0.2280,527588
0,0.2280,556797
0,0.2280,803992
0,0.2280,813076
0,0.2280,879469321
0,0.2281,10669
0,0.2281,10912
0,0.2281,11365
0,0.2281,11710
0,0.2281,11874
0,0.2281,15499
0,0.2281,17131
0,0.2281,18728
0,0.2281,24382
0,0.2281,24741
0,0.2281,29537
0,0.2281,40390
0,0.2281,46152
0,0.2281,52352
0,0.2281,511757
0,0.2281,523684
0,0.2281,559141
0,0.2281,802690
0,0.2281,803407
0,0.2281,806837
0,0.2281,926518
0,0.2282,10051
0,0.2282,11112
0,0.2282,11540
0,0.2282,11965
0,0.2282,14912
0,0.2282,15905
0,0.2282,16430
0,0.2282,18779
0,0.2282,37265
0,0.2282,39657
0,0.2282,63923
0,0.2282,73897
0,0.2282,127702
0,0.2282,522752
0,0.2282,803166
0,0.2282,806689
0,0.2283,10100
0,0.2283,10210
0,0.2283,10356
0,0.2283,10687
0,0.2283,12815
0,0.2283,14523
0,0.2283,16311
0,0.2283,16936
0,0.2283,39382
0,0.2283,56308
0,0.2283,514362
0,0.2283,520021
0,0.2283,523392
0,0.2283,523863
0,0.2283,527585
0,0.2283,807649
0,0.2283,908143
0,0.2283,155143464
0,0.2283,879469321
0,0.2284,10265
0,0.2284,10312
0,0.2284,10488
0,0.2284,11032
0,0.2284,12716
0,0.2284,13115
0,0.2284,13287
0,0.2284,13865
0,0.2284,14276
0,0.2284,15440
0,0.2284,15713
0,0.2284,16689
0,0.2284,18932
0,0.2284,19982
0,0.2284,20418
0,0.2284,30716
0,0.2284,39253
0,0.2284,101593
0,0.2284,190319
0,0.2284,512352
0,0.2284,806943
0,0.2284,904161
0,0.2284,906513
0,0.2285,10315
0,0.2285,11021
0,0.2285,11324
0,0.2285,11772
0,0.2285,12107
0,0.2285,12297
0,0.2285,16266
0,0.2285,16794
0,0.2285,16879
0,0.2285,35196
0,0.2285,35532
0,0.2285,36235
0,0.2285,53639
0,0.2285,152687
0,0.2285,489781
0,0.2285,525400
0,0.2285,530880
0,0.2285,812633
0,0.2285,912379
0,0.2286,13184
0,0.2286,15051
0,0.2286,17685
0,0.2286,17790
0,0.2286,18508
0,0.2286,18823
0,0.2286,42191
0,0.2286,100420
0,0.2286,247112
0,0.2286,512314
0,0.2286,519616
0,0.2286,519818
0,0.2286,540383
0,0.2286,800030
0,0.2286,806902
0,0.2286,600700832
0,0.2287,10564
0,0.2287,10822
0,0.2287,11146
0,0.2287,11338
0,0.2287,12651
0,0.2287,13013
0,0.2287,14023
0,0.2287,14747
0,0.2287,15616
0,0.2287,25552
0,0.2287,40888
0,0.2287,46388
0,0.2287,57935
0,0.2287,71547
0,0.2287,512928
0,0.2287,525731
0,0.2287,531769
0,0.2287,534008
0,0.2287,550497
0,0.2287,803429
0,0.2288,10185
0,0.2288,10414
0,0.2288,10735
0,0.2288,11358
0,0.2288,11832
0,0.2288,13018
0,0.2288,14115
0,0.2288,14194
0,0.2288,15602
0,0.2288,21322
0,0.2288,27893
0,0.2288,30169
0,0.2288,48491
0,0.2288,60651
0,0.2288,86750
0,0.2288,515702
0,0.2288,518830
0,0.2288,520115
0,0.2288,526298
0,0.2288,800042
0,0.2288,924901
0,0.2288,1050045395
0,0.2289,10807
0,0.2289,11764
0,0.2289,11805
0,0.2289,12006
0,0.2289,12252
0,0.2289,13305
0,0.2289,13613
0,0.2289,16008
0,0.2289,16579
0,0.2289,16643
0,0.2289,17861
0,0.2289,18156
0,0.2289,21277
0,0.2289,25255
0,0.2289,44865
0,0.2289,76194
0,0.2289,81201
0,0.2289,518604
0,0.2289,801982
0,0.2289,805850
0,0.2289,814106
0,0.2289,914445
0,0.2290,10852
0,0.2290,10950
0,0.2290,12194
0,0.2290,12811
0,0.2290,13019
0,0.2290,13363
0,0.2290,14424
0,0.2290,14461
0,0.2290,14686
0,0.2290,18504
0,0.2290,20381
0,0.2290,28559
0,0.2290,40768
0,0.2290,45969
0,0.2290,79639
0,0.2290,89801
0,0.2290,119860
0,0.2290,512947
0,0.2290,519363
0,0.2290,524167
0,0.2290,532747
0,0.2290,537907
0,0.2290,802945
0,0.2290,803048
0,0.2290,805790
0,0.2290,805842
0,0.2291,10495
0,0.2291,10868
0,0.2291,11900
0,0.2291,11902
0,0.2291,12162
0,0.2291,12343
0,0.2291,13134
0,0.2291,15361
0,0.2291,17218
0,0.2291,19767
0,0.2291,23602
0,0.2291,24866
0,0.2291,27296
0,0.2291,30313
0,0.2291,42483
0,0.2291,43806
0,0.2291,54120
0,0.2291,512513
0,0.2291,512858
0,0.2291,515950
0,0.2291,517050
0,0.2291,521063
0,0.2291,523786
0,0.2292,10816
0,0.2292,13456
0,0.2292,13858
0,0.2292,14765
0,0.2292,15997
0,0.2292,19215
0,0.2292,24232
0,0.2292,59231
0,0.2292,68672
0,0.2292,69858
0,0.2292,512795
0,0.2292,513769
0,0.2292,514230
0,0.2292,519140
0,0.2292,523564
0,0.2292,807010
0,0.2292,807799
0,0.2292,811406
0,0.2293,12401
0,0.2293,12454
0,0.2293,14552
0,0.2293,14790
0,0.2293,15325
0,0.2293,15495
0,0.2293,18744
0,0.2293,25097
0,0.2293,26607
0,0.2293,47369
0,0.2293,47827
0,0.2293,174420
0,0.2293,514413
0,0.2293,518777
0,0.2293,519132
0,0.2293,520581
0,0.2293,524717
0,0.2293,806014
0,0.2293,812884
0,0.2294,10306
0,0.2294,10362
0,0.2294,13151
0,0.2294,13295
0,0.2294,13537
0,0.2294,16026
0,0.2294,16517
0,0.2294,17115
0,0.2294,17454
0,0.2294,18911
0,0.2294,19921
0,0.2294,23854
0,0.2294,29806
0,0.2294,31967
0,0.2294,102689
0,0.2294,511778
0,0.2294,512328
0,0.2294,513111
0,0.2294,513284
0,0.2294,519399
0,0.2294,525354
0,0.2294,800720
0,0.2294,808572
0,0.2294,809397
0,0.2295,10033
0,0.2295,10170
0,0.2295,10652
0,0.2295,12206
0,0.2295,12506
0,0.2295,16473
0,0.2295,18054
0,0.2295,18165
0,0.2295,19334
0,0.2295,20818
0,0.2295,23513
0,0.2295,28590
0,0.2295,35743
0,0.2295,49318
0,0.2295,58481
0,0.2295,69233
0,0.2295,100809
0,0.2295,522974
0,0.2295,526311
0,0.2295,803070
0,0.2295,805072
0,0.2295,806236
0,0.2295,908295
0,0.2296,10289
0,0.2296,10447
0,0.2296,10802
0,0.2296,10917
0,0.2296,11253
0,0.2296,11377
0,0.2296,15362
0,0.2296,17274
0,0.2296,18568
0,0.2296,20402
0,0.2296,48146
0,0.2296,54958
0,0.2296,521584
0,0.2296,800602
0,0.2296,879469321
0,0.2297,10404
0,0.2297,11402
0,0.2297,12065
0,0.2297,14224
0,0.2297,14294
0,0.2297,14892
0,0.2297,16438
0,0.2297,17322
0,0.2297,18181
0,0.2297,18185
0,0.2297,29493
0,0.2297,30310
0,0.2297,41512
0,0.2297,56877
0,0.2297,169003
0,0.2297,511841
0,0.2297,513174
0,0.2297,516369
0,0.2297,529519
0,0.2297,800784
0,0.2298,10271
0,0.2298,10376
0,0.2298,10663
0,0.2298,12993
0,0.2298,43756
0,0.2298,45134
0,0.2298,54010
0,0.2298,70317
0,0.2298,79759
0,0.2298,512305
0,0.2298,518541
0,0.2298,520087
0,0.2298,524733
0,0.2298,524902
0,0.2298,905528
0,0.2298,319204020
0,0.2299,10150
0,0.2299,11497
0,0.2299,12232
0,0.2299,12927
0,0.2299,13007
0,0.2299,16260
0,0.2299,17143
0,0.2299,18686
0,0.2299,18730
0,0.2299,23273
0,0.2299,63701
0,0.2299,68889
0,0.2299,108738
0,0.2299,434891
0,0.2299,513630
0,0.2299,521536
0,0.2299,527653
0,0.2299,802521
0,0.2299,803210
0,0.2299,807694
0,0.2300,10133
0,0.2300,12358
0,0.2300,12575
0,0.2300,14206
0,0.2300,17663
0,0.2300,19239
0,0.2300,20144
0,0.2300,22900
0,0.2300,25773
0,0.2300,25792
0,0.2300,26749
0,0.2300,97863
0,0.2300,513283
0,0.2300,514405
0,0.2300,537032
0,0.2300,537899
0,0.2300,808532
0,0.2300,808820
0,0.2301,11403
0,0.2301,11503
0,0.2301,12787
0,0.2301,12802
0,0.2301,13371
0,0.2301,13428
0,0.2301,14509
0,0.2301,15510
0,0.2301,16180
0,0.2301,16540
0,0.2301,16907
0,0.2301,17525
0,0.2301,20007
0,0.2301,23601
0,0.2301,28010
0,0.2301,34949
0,0.2301,45024
0,0.2301,68489
0,0.2301,105406
0,0.2301,513463
0,0.2301,519840
0,0.2301,529125
0,0.2301,800754
0,0.2301,800809
0,0.2301,802371
0,0.2301,805532
0,0.2301,812193
0,0.2302,10099
0,0.2302,12650
0,0.2302,13559
0,0.2302,14625
0,0.2302,19189
0,0.2302,22884
0,0.2302,29713
0,0.2302,102545
0,0.2302,512390
0,0.2302,512793
0,0.2302,513146
0,0.2302,517202
0,0.2302,520155
0,0.2302,523533
0,0.2302,524761
0,0.2302,530449
0,0.2302,565814
0,0.2302,800452
0,0.2302,801552
0,0.2302,801813
0,0.2302,804848
0,0.2302,908253
0,0.2303,10704
0,0.2303,13373
0,0.2303,13932
0,0.2303,14903
0,0.2303,15829
0,0.2303,16875
0,0.2303,18419
0,0.2303,20620
0,0.2303,22126
0,0.2303,22641
0,0.2303,40046
0,0.2303,53086
0,0.2303,55630
0,0.2303,94433
0,0.2303,517601
0,0.2303,520621
0,0.2303,524073
0,0.2303,543506
0,0.2303,558854
0,0.2303,567101
0,0.2303,801371
0,0.2303,801998
0,0.2304,10513
0,0.2304,10738
0,0.2304,10994
0,0.2304,11795
0,0.2304,11821
0,0.2304,13901
0,0.2304,15001
0,0.2304,15484
0,0.2304,15731
0,0.2304,15888
0,0.2304,16110
0,0.2304,16175
0,0.2304,17504
0,0.2304,19498
0,0.2304,19615
0,0.2304,29379
0,0.2304,33638
0,0.2304,152496
0,0.2304,519658
0,0.2304,533103
0,0.2304,808183
0,0.2304,814115
0,0.2305,10165
0,0.2305,10914
0,0.2305,11189
0,0.2305,11665
0,0.2305,11856
0,0.2305,12933
0,0.2305,13442
0,0.2305,13607
0,0.2305,15398
0,0.2305,15680
0,0.2305,16075
0,0.2305,18559
0,0.2305,19740
0,0.2305,23325
0,0.2305,28622
0,0.2305,32258
0,0.2305,33224
0,0.2305,42059
0,0.2305,68658
0,0.2305,104220
0,0.2305,126216
0,0.2305,150846
0,0.2305,520442
0,0.2305,531299
0,0.2305,800890
0,0.2305,807437
0,0.2305,815281
0,0.2306,11103
0,0.2306,14736
0,0.2306,20715
0,0.2306,25730
0,0.2306,29129
0,0.2306,36295
0,0.2306,37142
0,0.2306,44690
0,0.2306,63798
0,0.2306,80867
0,0.2306,383941
0,0.2306,514596
0,0.2306,524655
0,0.2306,804445
0,0.2307,10108
0,0.2307,10285
0,0.2307,10537
0,0.2307,12423
0,0.2307,13864
0,0.2307,15071
0,0.2307,16506
0,0.2307,17931
0,0.2307,18437
0,0.2307,19308
0,0.2307,27416
0,0.2307,34265
0,0.2307,45311
0,0.2307,60241
0,0.2307,140519
0,0.2307,511823
0,0.2307,511844
0,0.2307,519332
0,0.2307,522338
0,0.2307,523636
0,0.2307,531768
0,0.2307,555713
0,0.2307,801761
0,0.2307,802490
0,0.2307,214700177
0,0.2308,10299
0,0.2308,10863
0,0.2308,12104
0,0.2308,12159
0,0.2308,12319
0,0.2308,12900
0,0.2308,20272
0,0.2308,22338
0,0.2308,24828
0,0.2308,28791
0,0.2308,32393
0,0.2308,54058
0,0.2308,58331
0,0.2308,66804
0,0.2308,76486
0,0.2308,303314
0,0.2308,513464
0,0.2308,513646
0,0.2308,517722
0,0.2308,521241
0,0.2308,529385
0,0.2308,808926
0,0.2308,319204020
0,0.2309,10658
0,0.2309,10969
0,0.2309,11768
0,0.2309,11896
0,0.2309,12902
0,0.2309,30421
0,0.2309,33316
0,0.2309,38272
0,0.2309,66561
0,0.2309,99882
0,0.2309,200001
0,0.2309,513217
0,0.2309,514579
0,0.2309,529318
0,0.2309,532909
0,0.2309,556038
0,0.2309,802252
0,0.2309,904093
0,0.2309,904185
0,0.2309,940712
0,0.2310,10011
0,0.2310,10035
0,0.2310,10132
0,0.2310,10184
0,0.2310,10540
0,0.2310,10574
0,0.2310,10692
0,0.2310,17175
0,0.2310,18125
0,0.2310,18180
0,0.2310,21849
0,0.2310,21932
0,0.2310,22937
0,0.2310,29908
0,0.2310,31113
0,0.2310,57240
0,0.2310,522734
0,0.2310,555344
0,0.2311,10624
0,0.2311,12923
0,0.2311,15290
0,0.2311,15839
0,0.2311,16641
0,0.2311,18022
0,0.2311,24683
0,0.2311,26287
0,0.2311,37221
0,0.2311,83531
0,0.2311,119692
0,0.2311,147617
0,0.2311,511881
0,0.2311,804835
0,0.2311,905009
0,0.2312,10378
0,0.2312,11915
0,0.2312,11943
0,0.2312,19760
0,0.2312,28254
0,0.2312,30801
0,0.2312,36812
0,0.2312,39082
0,0.2312,39095
0,0.2312,57797
0,0.2312,58394
0,0.2312,64607
0,0.2312,70325
0,0.2312,522753
0,0.2312,524074
0,0.2312,530667
0,0.2312,802955
0,0.2312,802980
0,0.2312,908747
0,0.2313,10691
0,0.2313,10959
0,0.2313,11785
0,0.2313,15212
0,0.2313,16787
0,0.2313,17024
0,0.2313,18585
0,0.2313,18678
0,0.2313,19956
0,0.2313,22427
0,0.2313,25236
0,0.2313,27413
0,0.2313,29535
0,0.2313,38454
0,0.2313,66246
0,0.2313,98698
0,0.2313,111660
0,0.2313,126963
0,0.2313,518513
0,0.2313,519046
0,0.2313,519144
0,0.2313,521409
0,0.2313,521928
0,0.2313,523060
0,0.2313,801530
0,0.2313,803241
0,0.2314,10167
0,0.2314,11618
0,0.2314,12294
0,0.2314,12355
0,0.2314,13228
0,0.2314,14283
0,0.2314,29918
0,0.2314,31839
0,0.2314,38835
0,0.2314,51159
0,0.2314,84758
0,0.2314,235061
0,0.2314,515675
0,0.2314,518309
0,0.2314,523349
0,0.2314,906092
0,0.2314,936810
0,0.2315,11490
0,0.2315,12411
0,0.2315,13294
0,0.2315,13302
0,0.2315,14001
0,0.2315,14705
0,0.2315,20185
0,0.2315,21242
0,0.2315,23654
0,0.2315,27157
0,0.2315,136504
0,0.2315,512581
0,0.2315,513644
0,0.2315,520817
0,0.2316,10415
0,0.2316,11712
0,0.2316,11893
0,0.2316,12572
0,0.2316,13167
0,0.2316,13217
0,0.2316,15890
0,0.2316,18704
0,0.2316,24399
0,0.2316,32967
0,0.2316,44010
0,0.2316,49630
0,0.2316,84256
0,0.2316,101652
0,0.2316,515091
0,0.2316,517763
0,0.2316,520210
0,0.2316,549229
0,0.2316,556502
0,0.2316,803860
0,0.2317,10394
0,0.2317,11131
0,0.2317,13680
0,0.2317,14434
0,0.2317,16553
0,0.2317,22440
0,0.2317,26485
0,0.2317,41887
0,0.2317,88944
0,0.2317,515933
0,0.2317,521813
0,0.2317,556347
0,0.2317,805776
0,0.2317,808101
0,0.2317,932796
0,0.2318,10175
0,0.2318,10290
0,0.2318,10494
0,0.2318,15904
0,0.2318,19100
0,0.2318,23209
0,0.2318,24136
0,0.2318,24702
0,0.2318,26417
0,0.2318,45427
0,0.2318,46073
0,0.2318,64180
0,0.2318,71991
0,0.2318,195264
0,0.2318,513033
0,0.2318,520390
0,0.2318,523552
0,0.2318,530668
0,0.2318,533811
0,0.2319,11085
0,0.2319,12654
0,0.2319,15226
0,0.2319,16642
0,0.2319,17325
0,0.2319,17981
0,0.2319,18463
0,0.2319,24690
0,0.2319,27179
0,0.2319,27954
0,0.2319,31757
0,0.2319,53078
0,0.2319,62574
0,0.2319,74024
0,0.2319,145530
0,0.2319,520812
0,0.2319,522465
0,0.2319,523482
0,0.2319,806037
0,0.2319,905709
0,0.2319,932322
0,0.2320,10110
0,0.2320,13698
0,0.2320,14464
0,0.2320,17173
0,0.2320,18221
0,0.2320,37308
0,0.2320,44768
0,0.2320,54440
0,0.2320,57577
0,0.2320,173968
0,0.2320,517401
0,0.2320,521236
0,0.2320,805227
0,0.2321,10817
0,0.2321,12561
0,0.2321,14497
0,0.2321,14871
0,0.2321,15451
0,0.2321,15502
0,0.2321,18343
0,0.2321,22405
0,0.2321,23281
0,0.2321,25184
0,0.2321,26798
0,0.2321,32675
0,0.2321,57102
0,0.2321,512077
0,0.2321,556346
0,0.2321,801282
0,0.2321,803352
0,0.2321,806512
0,0.2322,11723
0,0.2322,11806
0,0.2322,11883
0,0.2322,11929
0,0.2322,14011
0,0.2322,15905
0,0.2322,17402
0,0.2322,25396
0,0.2322,47564
0,0.2322,49839
0,0.2322,58834
0,0.2322,59387
0,0.2322,61273
0,0.2322,70924
0,0.2322,72632
0,0.2322,137497
0,0.2322,515735
0,0.2322,521662
0,0.2322,525062
0,0.2322,804887
0,0.2323,11214
0,0.2323,11445
0,0.2323,13031
0,0.2323,14061
0,0.2323,15281
0,0.2323,26843
0,0.2323,59983
0,0.2323,69409
0,0.2323,70651
0,0.2323,137777
0,0.2323,256844
0,0.2323,514546
0,0.2323,520642
0,0.2323,529422
0,0.2323,531829
0,0.2323,544496
0,0.2323,814206
0,0.2324,10080
0,0.2324,10332
0,0.2324,10365
0,0.2324,12151
0,0.2324,13121
0,0.2324,14881
0,0.2324,15458
0,0.2324,15514
0,0.2324,20468
0,0.2324,20520
0,0.2324,21296
0,0.2324,27850
0,0.2324,29116
0,0.2324,36918
0,0.2324,44669
0,0.2324,52728
0,0.2324,54462
0,0.2324,101125
0,0.2324,518375
0,0.2324,519865
0,0.2324,522387
0,0.2324,524968
0,0.2324,533667
0,0.2324,812134
0,0.2324,813104
0,0.2325,10097
0,0.2325,10368
0,0.2325,11200
0,0.2325,14727
0,0.2325,18601
0,0.2325,21252
0,0.2325,22240
0,0.2325,22870
0,0.2325,25939
0,0.2325,46341
0,0.2325,57591
0,0.2325,85527
0,0.2325,529811
0,0.2325,556286
0,0.2325,574357
0,0.2325,802403
0,0.2326,10041
0,0.2326,10462
0,0.2326,11671
0,0.2326,13317
0,0.2326,16039
0,0.2326,16380
0,0.2326,17367
0,0.2326,17691
0,0.2326,18932
0,0.2326,23619
0,0.2326,39813
0,0.2326,42509
0,0.2326,512319
0,0.2326,517548
0,0.2326,518194
0,0.2326,800745
0,0.2326,809492
0,0.2327,10168
0,0.2327,10288
0,0.2327,11038
0,0.2327,12239
0,0.2327,12506
0,0.2327,15412
0,0.2327,15789
0,0.2327,16273
0,0.2327,16343
0,0.2327,19452
0,0.2327,27614
0,0.2327,44903
0,0.2327,46358
0,0.2327,62778
0,0.2327,98544
0,0.2327,513499
0,0.2327,536208
0,0.2327,555340
0,0.2327,804158
0,0.2327,806302
0,0.2328,10497
0,0.2328,10847
0,0.2328,11142
0,0.2328,11302
0,0.2328,12137
0,0.2328,12398
0,0.2328,16862
0,0.2328,19358
0,0.2328,20774
0,0.2328,22084
0,0.2328,32474
0,0.2328,38389
0,0.2328,131748
0,0.2328,160441
0,0.2328,196985
0,0.2328,511828
0,0.2328,515760
0,0.2328,516110
0,0.2328,522815
0,0.2328,537135
0,0.2328,808464
0,0.2328,905984
0,0.2329,10226
0,0.2329,10468
0,0.2329,11614
0,0.2329,11634
0,0.2329,11982
0,0.2329,12133
0,0.2329,12181
0,0.2329,12606
0,0.2329,13158
0,0.2329,13643
0,0.2329,15273
0,0.2329,16360
0,0.2329,16440
0,0.2329,17369
0,0.2329,19036
0,0.2329,19463
0,0.2329,23232
0,0.2329,51764
0,0.2329,59198
0,0.2329,74496
0,0.2329,75379
0,0.2329,511857
0,0.2329,511882
0,0.2329,512927
0,0.2329,521550
0,0.2329,521814
0,0.2329,535347
0,0.2329,558344
0,0.2329,800412
0,0.2329,811204
0,0.2330,10003
0,0.2330,10323
0,0.2330,10676
0,0.2330,10840
0,0.2330,10879
0,0.2330,11174
0,0.2330,11568
0,0.2330,13773
0,0.2330,13860
0,0.2330,16429
0,0.2330,16671
0,0.2330,17419
0,0.2330,24382
0,0.2330,26136
0,0.2330,38706
0,0.2330,49693
0,0.2330,57791
0,0.2330,71503
0,0.2330,512307
0,0.2330,513827
0,0.2330,800056
0,0.2330,801242
0,0.2330,932684
0,0.2331,10169
0,0.2331,10432
0,0.2331,10553
0,0.2331,11989
0,0.2331,18779
0,0.2331,19930
0,0.2331,39262
0,0.2331,39753
0,0.2331,61398
0,0.2331,73463
0,0.2331,78293
0,0.2331,81442
0,0.2331,512156
0,0.2331,512273
0,0.2331,519720
0,0.2331,520888
0,0.2331,521292
0,0.2331,543158
0,0.2331,803562
0,0.2332,10092
0,0.2332,10515
0,0.2332,11466
0,0.2332,13568
0,0.2332,14820
0,0.2332,15371
0,0.2332,16198
0,0.2332,34924
0,0.2332,41801
0,0.2332,48667
0,0.2332,96106
0,0.2332,142802
0,0.2332,517602
0,0.2332,527588
0,0.2332,529498
0,0.2332,910588
0,0.2333,10603
0,0.2333,10604
0,0.2333,11326
0,0.2333,11428
0,0.2333,11495
0,0.2333,12055
0,0.2333,12635
0,0.2333,13743
0,0.2333,14899
0,0.2333,15535
0,0.2333,15713
0,0.2333,15999
0,0.2333,16105
0,0.2333,16274
0,0.2333,17174
0,0.2333,25045
0,0.2333,31681
0,0.2333,33307
0,0.2333,56695
0,0.2333,154359
0,0.2333,514045
0,0.2333,522706
0,0.2333,800171
0,0.2333,802405
0,0.2333,806094
0,0.2334,11025
0,0.2334,11507
0,0.2334,14643
0,0.2334,15176
0,0.2334,17379
0,0.2334,19290
0,0.2334,25723
0,0.2334,32810
0,0.2334,140134
0,0.2334,512928
0,0.2334,533470
0,0.2334,800546
0,0.2335,10187
0,0.2335,10294
0,0.2335,10593
0,0.2335,12651
0,0.2335,16794
0,0.2335,20390
0,0.2335,40289
0,0.2335,124469
0,0.2335,521075
0,0.2335,522841
0,0.2335,524732
0,0.2335,527048
0,0.2335,529207
0,0.2335,800757
0,0.2335,1050014552
0,0.2336,10243
0,0.2336,10820
0,0.2336,11021
0,0.2336,11921
0,0.2336,12105
0,0.2336,12155
0,0.2336,13310
0,0.2336,14869
0,0.2336,15616
0,0.2336,15674
0,0.2336,18109
0,0.2336,20559
0,0.2336,28782
0,0.2336,58730
0,0.2336,66067
0,0.2336,515026
0,0.2336,517512
0,0.2336,519132
0,0.2336,521203
0,0.2337,10099
0,0.2337,10185
0,0.2337,11064
0,0.2337,11874
0,0.2337,12327
0,0.2337,17156
0,0.2337,17878
0,0.2337,20678
0,0.2337,21692
0,0.2337,31408
0,0.2337,47438
0,0.2337,47922
0,0.2337,49002
0,0.2337,57381
0,0.2337,69319
0,0.2337,94391
0,0.2337,107285
0,0.2337,517059
0,0.2338,10120
0,0.2338,10677
0,0.2338,11603
0,0.2338,12777
0,0.2338,13307
0,0.2338,14289
0,0.2338,14772
0,0.2338,16781
0,0.2338,34683
0,0.2338,35109
0,0.2338,42997
0,0.2338,43096
0,0.2338,65193
0,0.2338,151041
0,0.2338,454614
0,0.2338,489781
0,0.2338,505338
0,0.2338,511839
0,0.2338,549508
0,0.2339,10414
0,0.2339,10855
0,0.2339,10952
0,0.2339,10967
0,0.2339,13033
0,0.2339,13760
0,0.2339,13800
0,0.2339,13985
0,0.2339,14694
0,0.2339,16636
0,0.2339,20062
0,0.2339,30520
0,0.2339,36245
0,0.2339,70779
0,0.2339,80175
0,0.2339,123422
0,0.2339,512514
0,0.2339,519705
0,0.2339,529604
0,0.2339,902304
0,0.2339,905313
0,0.2340,10612
0,0.2340,11419
0,0.2340,11891
0,0.2340,13628
0,0.2340,15924
0,0.2340,23090
0,0.2340,26741
0,0.2340,30443
0,0.2340,63441
0,0.2340,168586
0,0.2340,209688
0,0.2340,222777
0,0.2340,512607
0,0.2340,521059
0,0.2340,526612
0,0.2340,531999
0,0.2340,533411
0,0.2340,802652
0,0.2340,935161
0,0.2341,10319
0,0.2341,11161
0,0.2341,11423
0,0.2341,12565
0,0.2341,12926
0,0.2341,18670
0,0.2341,21637
0,0.2341,37433
0,0.2341,114715
0,0.2341,514405
0,0.2341,516739
0,0.2341,518461
0,0.2341,519316
0,0.2341,521189
0,0.2341,522738
0,0.2341,523684
0,0.2341,555259
0,0.2341,580097
0,0.2342,11440
0,0.2342,11967
0,0.2342,13147
0,0.2342,14482
0,0.2342,15782
0,0.2342,20945
0,0.2342,34125
0,0.2342,35743
0,0.2342,36753
0,0.2342,39503
0,0.2342,53745
0,0.2342,67789
0,0.2342,522428
0,0.2342,555502
0,0.2342,574147
0,0.2342,805244
0,0.2342,701647131
0,0.2343,12054
0,0.2343,13969
0,0.2343,15612
0,0.2343,16275
0,0.2343,17342
0,0.2343,17356
0,0.2343,19011
0,0.2343,20818
0,0.2343,22386
0,0.2343,23083
0,0.2343,25792
0,0.2343,130455
0,0.2343,137597
0,0.2343,524610
0,0.2343,804707
0,0.2344,10061
0,0.2344,11199
0,0.2344,11606
0,0.2344,11784
0,0.2344,13258
0,0.2344,13417
0,0.2344,13427
0,0.2344,15955
0,0.2344,25552
0,0.2344,26402
0,0.2344,27191
0,0.2344,27302
0,0.2344,27806
0,0.2344,27929
0,0.2344,32062
0,0.2344,33775
0,0.2344,34671
0,0.2344,37196
0,0.2344,40550
0,0.2344,40994
0,0.2344,50228
0,0.2344,105709
0,0.2344,164466
0,0.2344,515575
0,0.2344,535668
0,0.2345,10781
0,0.2345,10960
0,0.2345,11638
0,0.2345,12067
0,0.2345,12221
0,0.2345,14697
0,0.2345,16687
0,0.2345,17726
0,0.2345,20418
0,0.2345,29458
0,0.2345,50687
0,0.2345,95015
0,0.2345,521633
0,0.2345,524767
0,0.2345,801816
0,0.2346,11373
0,0.2346,13101
0,0.2346,14896
0,0.2346,15182
0,0.2346,18030
0,0.2346,24634
0,0.2346,25554
0,0.2346,27296
0,0.2346,67864
0,0.2346,515844
0,0.2346,539448
0,0.2346,800217
0,0.2346,803804
0,0.2346,806355
0,0.2346,806671
0,0.2346,808208
0,0.2347,10322
0,0.2347,10371
0,0.2347,12333
0,0.2347,13444
0,0.2347,14387
0,0.2347,16554
0,0.2347,20068
0,0.2347,23073
0,0.2347,32315
0,0.2347,39504
0,0.2347,42739
0,0.2347,49869
0,0.2347,55178
0,0.2347,65657
0,0.2347,96692
0,0.2347,513934
0,0.2347,514125
0,0.2347,520034
0,0.2347,520646
0,0.2347,523675
0,0.2347,800344
0,0.2347,806817
0,0.2348,10150
0,0.2348,10555
0,0.2348,11433
0,0.2348,13360
0,0.2348,15117
0,0.2348,20831
0,0.2348,36524
0,0.2348,48096
0,0.2348,48491
0,0.2348,50975
0,0.2348,58517
0,0.2348,59776
0,0.2348,163279
0,0.2348,515460
0,0.2348,516072
0,0.2348,517105
0,0.2348,521635
0,0.2348,530880
0,0.2348,801970
0,0.2348,802544
0,0.2349,10138
0,0.2349,10241
0,0.2349,10898
0,0.2349,10965
0,0.2349,14259
0,0.2349,16579
0,0.2349,21645
0,0.2349,24874
0,0.2349,25359
0,0.2349,513283
0,0.2349,514605
0,0.2349,516256
0,0.2349,516643
0,0.2349,800718
0,0.2349,801295
0,0.2349,803342
0,0.2350,10133
0,0.2350,10224
0,0.2350,12396
0,0.2350,12943
0,0.2350,13442
0,0.2350,14399
0,0.2350,14671
0,0.2350,16430
0,0.2350,19189
0,0.2350,19355
0,0.2350,22709
0,0.2350,30039
0,0.2350,31735
0,0.2350,294178
0,0.2350,516820
0,0.2350,519866
0,0.2350,532000
0,0.2351,11933
0,0.2351,12358
0,0.2351,12686
0,0.2351,12730
0,0.2351,14223
0,0.2351,14286
0,0.2351,26137
0,0.2351,32258
0,0.2351,45839
0,0.2351,47257
0,0.2351,515289
0,0.2351,518604
0,0.2351,521444
0,0.2351,579919
0,0.2351,801193
0,0.2351,801895
0,0.2352,12109
0,0.2352,12405
0,0.2352,14463
0,0.2352,19569
0,0.2352,30807
0,0.2352,32718
0,0.2352,57935
0,0.2352,125479
0,0.2352,515221
0,0.2352,518540
0,0.2352,523776
0,0.2352,530151
0,0.2352,801828
0,0.2352,802174
0,0.2352,803013
0,0.2353,10376
0,0.2353,12158
0,0.2353,18419
0,0.2353,19274
0,0.2353,19760
0,0.2353,21687
0,0.2353,23315
0,0.2353,27725
0,0.2353,34046
0,0.2353,46200
0,0.2353,513364
0,0.2353,520817
0,0.2353,529408
0,0.2353,530435
0,0.2353,800827
0,0.2353,807681
0,0.2353,905303
0,0.2354,10202
0,0.2354,10867
0,0.2354,11908
0,0.2354,12060
0,0.2354,14997
0,0.2354,18204
0,0.2354,23273
0,0.2354,23602
0,0.2354,33536
0,0.2354,43781
0,0.2354,49220
0,0.2354,49627
0,0.2354,76194
0,0.2354,129234
0,0.2354,527525
0,0.2354,529803
0,0.2354,803129
0,0.2354,803563
0,0.2354,809238
0,0.2354,904868
0,0.2355,10137
0,0.2355,10825
0,0.2355,11263
0,0.2355,12796
0,0.2355,13281
0,0.2355,13428
0,0.2355,13872
0,0.2355,16139
0,0.2355,23325
0,0.2355,30190
0,0.2355,31524
0,0.2355,97946
0,0.2355,511853
0,0.2355,515578
0,0.2355,517256
0,0.2355,801586
0,0.2356,10114
0,0.2356,11458
0,0.2356,13026
0,0.2356,15768
0,0.2356,17244
0,0.2356,18749
0,0.2356,23601
0,0.2356,27893
0,0.2356,40300
0,0.2356,44851
0,0.2356,98157
0,0.2356,520182
0,0.2356,522763
0,0.2356,522789
0,0.2356,800226
0,0.2356,807144
0,0.2357,10421
0,0.2357,11181
0,0.2357,11210
0,0.2357,12104
0,0.2357,13559
0,0.2357,14227
0,0.2357,14619
0,0.2357,18766
0,0.2357,20402
0,0.2357,21452
0,0.2357,39847
0,0.2357,41688
0,0.2357,48335
0,0.2357,59434
0,0.2357,81228
0,0.2357,517255
0,0.2357,517257
0,0.2358,10047
0,0.2358,10100
0,0.2358,10172
0,0.2358,10816
0,0.2358,10986
0,0.2358,11070
0,0.2358,11846
0,0.2358,12295
0,0.2358,13947
0,0.2358,14093
0,0.2358,17109
0,0.2358,20545
0,0.2358,21468
0,0.2358,21609
0,0.2358,23854
0,0.2358,27372
0,0.2358,45682
0,0.2358,88578
0,0.2358,513174
0,0.2358,518488
0,0.2358,519331
0,0.2358,522410
0,0.2358,530449
0,0.2358,800269
0,0.2358,805491
0,0.2358,806667
0,0.2358,902501
0,0.2359,10661
0,0.2359,11327
0,0.2359,11607
0,0.2359,12176
0,0.2359,13710
0,0.2359,13836
0,0.2359,14716
0,0.2359,15496
0,0.2359,17835
0,0.2359,22899
0,0.2359,27522
0,0.2359,30181
0,0.2359,30313
0,0.2359,59887
0,0.2359,81741
0,0.2359,143387
0,0.2359,522828
0,0.2359,529385
0,0.2359,804435
0,0.2360,11886
0,0.2360,12718
0,0.2360,15929
0,0.2360,18730
0,0.2360,19327
0,0.2360,26284
0,0.2360,26666
0,0.2360,89542
0,0.2360,90201
0,0.2360,511975
0,0.2360,514547
0,0.2360,802945
0,0.2361,10447
0,0.2361,10652
0,0.2361,10744
0,0.2361,12083
0,0.2361,12135
0,0.2361,12318
0,0.2361,12656
0,0.2361,12802
0,0.2361,14002
0,0.2361,14542
0,0.2361,24016
0,0.2361,25970
0,0.2361,30477
0,0.2361,36704
0,0.2361,38847
0,0.2361,53290
0,0.2361,76412
0,0.2361,130279
0,0.2361,514997
0,0.2361,520016
0,0.2361,529603
0,0.2361,571495
0,0.2361,803690
0,0.2361,809397
0,0.2361,812633
0,0.2362,10777
0,0.2362,11012
0,0.2362,12259
0,0.2362,12506
0,0.2362,15072
0,0.2362,17901
0,0.2362,19616
0,0.2362,22530
0,0.2362,26417
0,0.2362,31790
0,0.2362,35635
0,0.2362,41743
0,0.2362,81710
0,0.2362,517724
0,0.2362,524717
0,0.2362,527009
0,0.2362,531708
0,0.2362,806999
0,0.2362,918582
0,0.2362,924167
0,0.2363,10404
0,0.2363,10831
0,0.2363,11518
0,0.2363,13877
0,0.2363,14434
0,0.2363,14881
0,0.2363,15506
0,0.2363,21797
0,0.2363,25939
0,0.2363,28248
0,0.2363,29583
0,0.2363,60774
0,0.2363,68889
0,0.2363,512662
0,0.2363,519443
0,0.2363,519616
0,0.2363,523379
0,0.2363,536264
0,0.2363,555238
0,0.2363,800062
0,0.2363,808572
0,0.2363,936838
0,0.2363,701647131
0,0.2364,10063
0,0.2364,10110
0,0.2364,10385
0,0.2364,10969
0,0.2364,11688
0,0.2364,15914
0,0.2364,18744
0,0.2364,19921
0,0.2364,24701
0,0.2364,25403
0,0.2364,39817
0,0.2364,59018
0,0.2364,118288
0,0.2364,136981
0,0.2364,512390
0,0.2364,519365
0,0.2364,522762
0,0.2364,524949
0,0.2364,531009
0,0.2364,800085
0,0.2365,10027
0,0.2365,10035
0,0.2365,10494
0,0.2365,11155
0,0.2365,11618
0,0.2365,13168
0,0.2365,13595
0,0.2365,13650
0,0.2365,15361
0,0.2365,17454
0,0.2365,25176
0,0.2365,25763
0,0.2365,25773
0,0.2365,33038
0,0.2365,53086
0,0.2365,63027
0,0.2365,64874
0,0.2365,174420
0,0.2365,520081
0,0.2365,522757
0,0.2365,524655
0,0.2365,803865
0,0.2365,808926
0,0.2365,811406
0,0.2366,10854
0,0.2366,11030
0,0.2366,11668
0,0.2366,11699
0,0.2366,12006
0,0.2366,13615
0,0.2366,14263
0,0.2366,15114
0,0.2366,21822
0,0.2366,30310
0,0.2366,31656
0,0.2366,261784
0,0.2366,522387
0,0.2366,524133
0,0.2366,525061
0,0.2366,527427
0,0.2366,533590
0,0.2366,802224
0,0.2366,810626
0,0.2367,11486
0,0.2367,12532
0,0.2367,14714
0,0.2367,15163
0,0.2367,19427
0,0.2367,19767
0,0.2367,20620
0,0.2367,22276
0,0.2367,24671
0,0.2367,24776
0,0.2367,25103
0,0.2367,25936
0,0.2367,43756
0,0.2367,54332
0,0.2367,92871
0,0.2367,94433
0,0.2367,118357
0,0.2367,522974
0,0.2367,526298
0,0.2367,580819
0,0.2368,10041
0,0.2368,10852
0,0.2368,11344
0,0.2368,11485
0,0.2368,11604
0,0.2368,13108
0,0.2368,13115
0,0.2368,16659
0,0.2368,17194
0,0.2368,19602
0,0.2368,22086
0,0.2368,32257
0,0.2368,56017
0,0.2368,58481
0,0.2368,138243
0,0.2368,164031
0,0.2368,521444
0,0.2368,800602
0,0.2368,801976
0,0.2368,802402
0,0.2368,803352
0,0.2369,10255
0,0.2369,11900
0,0.2369,15932
0,0.2369,18165
0,0.2369,23359
0,0.2369,33298
0,0.2369,38425
0,0.2369,63122
0,0.2369,96586
0,0.2369,97678
0,0.2369,104220
0,0.2369,520790
0,0.2369,521240
0,0.2369,521698
0,0.2369,531768
0,0.2369,802937
0,0.2370,10303
0,0.2370,13303
0,0.2370,13315
0,0.2370,16214
0,0.2370,21932
0,0.2370,28674
0,0.2370,35641
0,0.2370,44313
0,0.2370,48301
0,0.2370,79615
0,0.2370,151069
0,0.2370,903026
0,0.2371,10735
0,0.2371,12140
0,0.2371,12500
0,0.2371,13347
0,0.2371,15325
0,0.2371,15888
0,0.2371,17105
0,0.2371,17272
0,0.2371,18238
0,0.2371,18823
0,0.2371,19947
0,0.2371,21568
0,0.2371,23703
0,0.2371,28525
0,0.2371,38914
0,0.2371,49288
0,0.2371,49672
0,0.2371,52191
0,0.2371,71877
0,0.2371,532800
0,0.2371,539675
0,0.2371,701647131
0,0.2372,10299
0,0.2372,13259
0,0.2372,14206
0,0.2372,15024
0,0.2372,15824
0,0.2372,15997
0,0.2372,17820
0,0.2372,18437
0,0.2372,23812
0,0.2372,24399
0,0.2372,46466
0,0.2372,514596
0,0.2372,516666
0,0.2372,517548
0,0.2372,520115
0,0.2372,800479
0,0.2372,801491
0,0.2373,10282
0,0.2373,11053
0,0.2373,12095
0,0.2373,17554
0,0.2373,22463
0,0.2373,38835
0,0.2373,56542
0,0.2373,123858
0,0.2373,521241
0,0.2373,530460
0,0.2373,802565
0,0.2373,802793
0,0.2373,808183
0,0.2373,810647
0,0.2373,813076
0,0.2373,814106
0,0.2374,11802
0,0.2374,13305
0,0.2374,22441
0,0.2374,28146
0,0.2374,28254
0,0.2374,31642
0,0.2374,37142
0,0.2374,41428
0,0.2374,88157
0,0.2374,108860
0,0.2374,520773
0,0.2374,556539
0,0.2374,805165
0,0.2375,10368
0,0.2375,10646
0,0.2375,11087
0,0.2375,11406
0,0.2375,13058
0,0.2375,14449
0,0.2375,14552
0,0.2375,14640
0,0.2375,18504
0,0.2375,19618
0,0.2375,22926
0,0.2375,27308
0,0.2375,31911
0,0.2375,34252
0,0.2375,34576
0,0.2375,54176
0,0.2375,80674
0,0.2375,511823
0,0.2375,511862
0,0.2375,518830
0,0.2375,519399
0,0.2375,521113
0,0.2375,524876
0,0.2375,805489
0,0.2375,812503
0,0.2376,10847
0,0.2376,11311
0,0.2376,11420
0,0.2376,13698
0,0.2376,21157
0,0.2376,22838
0,0.2376,25713
0,0.2376,27109
0,0.2376,30371
0,0.2376,140609
0,0.2376,173920
0,0.2376,513376
0,0.2376,520338
0,0.2376,532909
0,0.2376,800157
0,0.2376,803007
0,0.2377,10341
0,0.2377,10974
0,0.2377,11849
0,0.2377,12255
0,0.2377,12923
0,0.2377,16178
0,0.2377,17790
0,0.2377,19158
0,0.2377,21688
0,0.2377,28190
0,0.2377,42483
0,0.2377,512255
0,0.2377,520210
0,0.2377,522354
0,0.2377,812193
0,0.2378,10119
0,0.2378,10707
0,0.2378,11318
0,0.2378,11416
0,0.2378,11701
0,0.2378,15820
0,0.2378,17931
0,0.2378,33598
0,0.2378,36059
0,0.2378,38268
0,0.2378,59429
0,0.2378,69544
0,0.2378,85527
0,0.2378,140937
0,0.2378,168670
0,0.2378,520435
0,0.2378,555176
0,0.2378,800474
0,0.2378,904121
0,0.2378,905709
0,0.2378,879469321
0,0.2379,10205
0,0.2379,10302
0,0.2379,14464
0,0.2379,14853
0,0.2379,15310
0,0.2379,16493
0,0.2379,17072
0,0.2379,18745
0,0.2379,20715
0,0.2379,22446
0,0.2379,25210
0,0.2379,25328
0,0.2379,28010
0,0.2379,37921
0,0.2379,41598
0,0.2379,91870
0,0.2379,516663
0,0.2379,555498
0,0.2379,559335
0,0.2379,800618
0,0.2379,801085
0,0.2380,10147
0,0.2380,10495
0,0.2380,10564
0,0.2380,10603
0,0.2380,10673
0,0.2380,11806
0,0.2380,12240
0,0.2380,12685
0,0.2380,12947
0,0.2380,12976
0,0.2380,13403
0,0.2380,14461
0,0.2380,28791
0,0.2380,34191
0,0.2380,35532
0,0.2380,58394
0,0.2380,60466
0,0.2380,74551
0,0.2380,215209
0,0.2380,519692
0,0.2380,524761
0,0.2380,806591
0,0.2380,906612
0,0.2381,12811
0,0.2381,13317
0,0.2381,17325
0,0.2381,18170
0,0.2381,19594
0,0.2381,28123
0,0.2381,36751
0,0.2381,38141
0,0.2381,38272
0,0.2381,58146
0,0.2381,114858
0,0.2381,175572
0,0.2381,517481
0,0.2381,518920
0,0.2381,536048
0,0.2381,556502
0,0.2381,800130
0,0.2381,801617
0,0.2381,802100
0,0.2381,910865
0,0.2382,10107
0,0.2382,10286
0,0.2382,10719
0,0.2382,11010
0,0.2382,13018
0,0.2382,13794
0,0.2382,15576
0,0.2382,18932
0,0.2382,25329
0,0.2382,34187
0,0.2382,34949
0,0.2382,59735
0,0.2382,131748
0,0.2382,182269
0,0.2382,235061
0,0.2382,247112
0,0.2382,512273
0,0.2382,512927
0,0.2382,514045
0,0.2382,523564
0,0.2382,531755
0,0.2382,800417
0,0.2382,803599
0,0.2382,809979
0,0.2383,16617
0,0.2383,19982
0,0.2383,45288
0,0.2383,132121
0,0.2383,519363
0,0.2383,520188
0,0.2383,549229
0,0.2383,834861
0,0.2384,10704
0,0.2384,11032
0,0.2384,11280
0,0.2384,11671
0,0.2384,14523
0,0.2384,16794
0,0.2384,22521
0,0.2384,553194
0,0.2384,800213
0,0.2384,800605
0,0.2384,802461
0,0.2384,802955
0,0.2384,804899
0,0.2384,936810
0,0.2385,11021
0,0.2385,11974
0,0.2385,12088
0,0.2385,12720
0,0.2385,14276
0,0.2385,19341
0,0.2385,20818
0,0.2385,22644
0,0.2385,26287
0,0.2385,27454
0,0.2385,521587
0,0.2385,521814
0,0.2385,555342
0,0.2385,812884
0,0.2386,10072
0,0.2386,10109
0,0.2386,11152
0,0.2386,12716
0,0.2386,16110
0,0.2386,16180
0,0.2386,24843
0,0.2386,34607
0,0.2386,44816
0,0.2386,63923
0,0.2386,109149
0,0.2386,142743
0,0.2386,522706
0,0.2386,522715
0,0.2386,527475
0,0.2386,534361
0,0.2386,800659
0,0.2386,809492
0,0.2386,374296357
0,0.2387,13079
0,0.2387,13860
0,0.2387,14686
0,0.2387,15616
0,0.2387,21563
0,0.2387,23846
0,0.2387,24382
0,0.2387,26242
0,0.2387,27682
0,0.2387,31627
0,0.2387,40390
0,0.2387,44830
0,0.2387,55124
0,0.2387,98544
0,0.2387,511881
0,0.2387,516502
0,0.2387,522734
0,0.2387,523863
0,0.2387,802704
0,0.2387,806281
0,0.2387,806636
0,0.2387,374296357
0,0.2388,10497
0,0.2388,12503
0,0.2388,14947
0,0.2388,15657
0,0.2388,15789
0,0.2388,17823
0,0.2388,17825
0,0.2388,18020
0,0.2388,21664
0,0.2388,22240
0,0.2388,22870
0,0.2388,27179
0,0.2388,41715
0,0.2388,44903
0,0.2388,51658
0,0.2388,57505
0,0.2388,86264
0,0.2388,512077
0,0.2388,517913
0,0.2388,559141
0,0.2389,11017
0,0.2389,11142
0,0.2389,11402
0,0.2389,11723
0,0.2389,12298
0,0.2389,12605
0,0.2389,13142
0,0.2389,13613
0,0.2389,15273
0,0.2389,15362
0,0.2389,18054
0,0.2389,18779
0,0.2389,22395
0,0.2389,23619
0,0.2389,30437
0,0.2389,52016
0,0.2389,58532
0,0.2389,61243
0,0.2389,513146
0,0.2389,520337
0,0.2389,531985
0,0.2389,800845
0,0.2390,10102
0,0.2390,10222
0,0.2390,10514
0,0.2390,11254
0,0.2390,11896
0,0.2390,12902
0,0.2390,15393
0,0.2390,20359
0,0.2390,25045
0,0.2390,30537
0,0.2390,512236
0,0.2390,513283
0,0.2390,514405
0,0.2390,516919
0,0.2390,520440
0,0.2390,520641
0,0.2390,533946
0,0.2391,11166
0,0.2391,13537
0,0.2391,13640
0,0.2391,14327
0,0.2391,16517
0,0.2391,27133
0,0.2391,31786
0,0.2391,50952
0,0.2391,61398
0,0.2391,287884
0,0.2391,511778
0,0.2391,514265
0,0.2391,515933
0,0.2391,517243
0,0.2391,518831
0,0.2391,803070
0,0.2392,10295
0,0.2392,10475
0,0.2392,10540
0,0.2392,10917
0,0.2392,11131
0,0.2392,11255
0,0.2392,12358
0,0.2392,16504
0,0.2392,17991
0,0.2392,19189
0,0.2392,21204
0,0.2392,23273
0,0.2392,43695
0,0.2392,83143
0,0.2392,511797
0,0.2392,514416
0,0.2392,517512
0,0.2392,529330
0,0.2392,568471
0,0.2392,800931
0,0.2392,802137
0,0.2392,806620
0,0.2393,10011
0,0.2393,10428
0,0.2393,11375
0,0.2393,12159
0,0.2393,16707
0,0.2393,17938
0,0.2393,18419
0,0.2393,19586
0,0.2393,23167
0,0.2393,24963
0,0.2393,26665
0,0.2393,27119
0,0.2393,27296
0,0.2393,47107
0,0.2393,47850
0,0.2393,58561
0,0.2393,71855
0,0.2393,195264
0,0.2393,512328
0,0.2393,512534
0,0.2393,520895
0,0.2393,524654
0,0.2393,529424
0,0.2393,941298
0,0.2393,319204020
0,0.2393,600700832
0,0.2394,11252
0,0.2394,11710
0,0.2394,11825
0,0.2394,11947
0,0.2394,12297
0,0.2394,15170
0,0.2394,16761
0,0.2394,17696
0,0.2394,19367
0,0.2394,20755
0,0.2394,25254
0,0.2394,28469
0,0.2394,29135
0,0.2394,32258
0,0.2394,35743
0,0.2394,39813
0,0.2394,65472
0,0.2394,149966
0,0.2394,517202
0,0.2394,521763
0,0.2394,524755
0,0.2394,801933
0,0.2394,806496
0,0.2395,10920
0,0.2395,12747
0,0.2395,12762
0,0.2395,14192
0,0.2395,14224
0,0.2395,14284
0,0.2395,14869
0,0.2395,14912
0,0.2395,19564
0,0.2395,22066
0,0.2395,22884
0,0.2395,25318
0,0.2395,25917
0,0.2395,512042
0,0.2395,529519
0,0.2395,808464
0,0.2396,10914
0,0.2396,10997
0,0.2396,11303
0,0.2396,11532
0,0.2396,12059
0,0.2396,12083
0,0.2396,12900
0,0.2396,13080
0,0.2396,17175
0,0.2396,19760
0,0.2396,29648
0,0.2396,35912
0,0.2396,42700
0,0.2396,46871
0,0.2396,70486
0,0.2396,513354
0,0.2397,10531
0,0.2397,10968
0,0.2397,11188
0,0.2397,13771
0,0.2397,14011
0,0.2397,18351
0,0.2397,22657
0,0.2397,23249
0,0.2397,24094
0,0.2397,26064
0,0.2397,37758
0,0.2397,59288
0,0.2397,64301
0,0.2397,105436
0,0.2397,518194
0,0.2397,527048
0,0.2397,800203
0,0.2397,801213
0,0.2397,802632
0,0.2397,803982
0,0.2397,804767
0,0.2398,10099
0,0.2398,13121
0,0.2398,13432
0,0.2398,16735
0,0.2398,21058
0,0.2398,21904
0,0.2398,24232
0,0.2398,25792
0,0.2398,27106
0,0.2398,30068
0,0.2398,35450
0,0.2398,46303
0,0.2398,46409
0,0.2398,58730
0,0.2398,516944
0,0.2398,520087
0,0.2398,521256
0,0.2398,524596
0,0.2398,533223
0,0.2398,555344
0,0.2398,808205
0,0.2398,906246
0,0.2398,1051479717
0,0.2399,10614
0,0.2399,12398
0,0.2399,12472
0,0.2399,12606
0,0.2399,12809
0,0.2399,13607
0,0.2399,14954
0,0.2399,15514
0,0.2399,16506
0,0.2399,17237
0,0.2399,17508
0,0.2399,28189
0,0.2399,47136
0,0.2399,48638
0,0.2399,79788
0,0.2399,116555
0,0.2399,511828
0,0.2399,519461
0,0.2399,523600
0,0.2399,564864
0,0.2399,802153
0,0.2399,904652
0,0.2400,10356
0,0.2400,10846
0,0.2400,11648
0,0.2400,12748
0,0.2400,12802
0,0.2400,13184
0,0.2400,14752
0,0.2400,16158
0,0.2400,16687
0,0.2400,18650
0,0.2400,22278
0,0.2400,64180
0,0.2400,89191
0,0.2400,516369
0,0.2400,802003
0,0.2400,803118
0,0.2401,10967
0,0.2401,13258
0,0.2401,13273
0,0.2401,16399
0,0.2401,17849
0,0.2401,19036
0,0.2401,26718
0,0.2401,27524
0,0.2401,46073
0,0.2401,102359
0,0.2401,511846
0,0.2401,521236
0,0.2401,522465
0,0.2401,524795
0,0.2401,556700
0,0.2401,905259
0,0.2401,905312
0,0.2402,10204
0,0.2402,10513
0,0.2402,11495
0,0.2402,12777
0,0.2402,15382
0,0.2402,16303
0,0.2402,16907
0,0.2402,17156
0,0.2402,35474
0,0.2402,39798
0,0.2402,61079
0,0.2402,64399
0,0.2402,90574
0,0.2402,95057
0,0.2402,117741
0,0.2402,123503
0,0.2402,514988
0,0.2402,906622
0,0.2403,10269
0,0.2403,10353
0,0.2403,11201
0,0.2403,15924
0,0.2403,16125
0,0.2403,24866
0,0.2403,99346
0,0.2403,146366
0,0.2403,223967
0,0.2403,258715
0,0.2403,512795
0,0.2403,515679
0,0.2403,520034
0,0.2403,523043
0,0.2403,523636
0,0.2403,531850
0,0.2403,533618
0,0.2403,547689
0,0.2403,802978
0,0.2403,819096
0,0.2403,935161
0,0.2404,10839
0,0.2404,11874
0,0.2404,13312
0,0.2404,14766
0,0.2404,15176
0,0.2404,16652
0,0.2404,17491
0,0.2404,18156
0,0.2404,18604
0,0.2404,20185
0,0.2404,27210
0,0.2404,28614
0,0.2404,48491
0,0.2404,56308
0,0.2404,70088
0,0.2404,512930
0,0.2404,515950
0,0.2404,521444
0,0.2404,581422
0,0.2404,807075
0,0.2404,905077
0,0.2404,905313
0,0.2404,932321
0,0.2404,374296357
0,0.2405,10080
0,0.2405,13830
0,0.2405,15458
0,0.2405,16700
0,0.2405,17671
0,0.2405,21921
0,0.2405,23513
0,0.2405,24088
0,0.2405,30206
0,0.2405,30653
0,0.2405,32451
0,0.2405,512314
0,0.2406,10289
0,0.2406,11338
0,0.2406,11341
0,0.2406,11605
0,0.2406,11634
0,0.2406,12445
0,0.2406,25024
0,0.2406,38526
0,0.2406,38706
0,0.2406,40565
0,0.2406,42332
0,0.2406,49630
0,0.2406,164050
0,0.2406,303314
0,0.2406,512928
0,0.2406,514361
0,0.2406,521535
0,0.2406,522840
0,0.2406,522983
0,0.2406,530880
0,0.2406,904983
0,0.2407,10299
0,0.2407,12105
0,0.2407,13007
0,0.2407,13013
0,0.2407,15351
0,0.2407,16249
0,0.2407,16537
0,0.2407,19089
0,0.2407,21174
0,0.2407,22122
0,0.2407,24708
0,0.2407,25184
0,0.2407,26130
0,0.2407,27132
0,0.2407,30498
0,0.2407,40888
0,0.2407,513646
0,0.2407,515966
0,0.2407,519454
0,0.2407,521075
0,0.2407,800077
0,0.2407,803310
0,0.2408,10035
0,0.2408,10043
0,0.2408,10466
0,0.2408,11061
0,0.2408,13559
0,0.2408,14063
0,0.2408,16836
0,0.2408,22001
0,0.2408,23180
0,0.2408,23601
0,0.2408,27416
0,0.2408,46657
0,0.2408,61553
0,0.2408,97180
0,0.2408,512542
0,0.2408,515091
0,0.2408,515463
0,0.2408,521027
0,0.2408,522815
0,0.2409,10453
0,0.2409,11426
0,0.2409,12333
0,0.2409,13442
0,0.2409,13772
0,0.2409,14223
0,0.2409,14727
0,0.2409,17759
0,0.2409,18125
0,0.2409,18601
0,0.2409,35503
0,0.2409,50397
0,0.2409,122745
0,0.2409,518112
0,0.2409,518604
0,0.2409,524351
0,0.2409,527318
0,0.2409,802296
0,0.2409,810296
0,0.2409,957328
0,0.2410,10097
0,0.2410,11578
0,0.2410,11712
0,0.2410,12907
0,0.2410,13751
0,0.2410,14034
0,0.2410,14963
0,0.2410,18704
0,0.2410,23325
0,0.2410,28184
0,0.2410,29582
0,0.2410,30181
0,0.2410,45024
0,0.2410,59853
0,0.2410,100217
0,0.2410,113924
0,0.2410,125111
0,0.2410,513284
0,0.2410,530449
0,0.2410,800120
0,0.2410,801453
0,0.2410,801609
0,0.2411,10185
0,0.2411,11005
0,0.2411,12104
0,0.2411,13363
0,0.2411,19497
0,0.2411,38454
0,0.2411,42270
0,0.2411,59994
0,0.2411,514125
0,0.2411,516098
0,0.2411,524156
0,0.2411,539620
0,0.2411,803241
0,0.2411,806646
0,0.2412,10003
0,0.2412,10981
0,0.2412,11663
0,0.2412,11674
0,0.2412,12264
0,0.2412,12844
0,0.2412,13892
0,0.2412,16105
0,0.2412,16473
0,0.2412,18585
0,0.2412,24153
0,0.2412,24227
0,0.2412,26211
0,0.2412,29713
0,0.2412,44909
0,0.2412,54465
0,0.2412,67174
0,0.2412,68332
0,0.2412,537899
0,0.2412,561653
0,0.2412,801346
0,0.2412,805822
0,0.2412,908747
0,0.2412,912111327
0,0.2413,11836
0,0.2413,11893
0,0.2413,11916
0,0.2413,12343
0,0.2413,12506
0,0.2413,17408
0,0.2413,18028
0,0.2413,30807
0,0.2413,39368
0,0.2413,39453
0,0.2413,53755
0,0.2413,513401
0,0.2413,522387
0,0.2413,523786
0,0.2413,539704
0,0.2413,800446
0,0.2413,904736
0,0.2413,908183
0,0.2413,939961
0,0.2414,10658
0,0.2414,10845
0,0.2414,11075
0,0.2414,11363
0,0.2414,12248
0,0.2414,12978
0,0.2414,13371
0,0.2414,13932
0,0.2414,16642
0,0.2414,19633
0,0.2414,42241
0,0.2414,48982
0,0.2414,53190
0,0.2414,57935
0,0.2414,64607
0,0.2414,136159
0,0.2414,148749
0,0.2414,519818
0,0.2414,537032
0,0.2414,800335
0,0.2414,805532
0,0.2415,10297
0,0.2415,10553
0,0.2415,10687
0,0.2415,11585
0,0.2415,16641
0,0.2415,22084
0,0.2415,25137
0,0.2415,39253
0,0.2415,61896
0,0.2415,67167
0,0.2415,512514
0,0.2415,512903
0,0.2415,524894
0,0.2415,541412
0,0.2415,555713
0,0.2416,10265
0,0.2416,10432
0,0.2416,11170
0,0.2416,12067
0,0.2416,14434
0,0.2416,15244
0,0.2416,17008
0,0.2416,18597
0,0.2416,18921
0,0.2416,24683
0,0.2416,43949
0,0.2416,77245
0,0.2416,210670
0,0.2416,525062
0,0.2416,531862
0,0.2416,800719
0,0.2416,808572
0,0.2416,913431
0,0.2416,427967297
0,0.2417,10207
0,0.2417,10691
0,0.2417,13969
0,0.2417,14881
0,0.2417,15713
0,0.2417,15939
0,0.2417,17060
0,0.2417,17177
0,0.2417,17213
0,0.2417,517601
0,0.2417,521059
0,0.2417,522746
0,0.2417,522754
0,0.2417,523017
0,0.2417,804411
0,0.2417,902789
0,0.2418,10110
0,0.2418,11200
0,0.2418,12423
0,0.2418,12455
0,0.2418,13124
0,0.2418,20600
0,0.2418,23479
0,0.2418,27486
0,0.2418,36470
0,0.2418,40046
0,0.2418,42285
0,0.2418,44690
0,0.2418,512006
0,0.2418,523578
0,0.2418,529127
0,0.2418,556286
0,0.2418,805132
0,0.2419,10226
0,0.2419,14509
0,0.2419,14664
0,0.2419,15237
0,0.2419,15441
0,0.2419,15568
0,0.2419,16706
0,0.2419,17420
0,0.2419,25939
0,0.2419,27025
0,0.2419,28248
0,0.2419,33224
0,0.2419,66428
0,0.2419,67107
0,0.2419,70651
0,0.2419,72491
0,0.2419,512513
0,0.2419,514863
0,0.2419,515545
0,0.2419,525958
0,0.2419,802543
0,0.2419,374296357
0,0.2420,10120
0,0.2420,10986
0,0.2420,12443
0,0.2420,12732
0,0.2420,13287
0,0.2420,13418
0,0.2420,13667
0,0.2420,14486
0,0.2420,19452
0,0.2420,21053
0,0.2420,26619
0,0.2420,27425
0,0.2420,35055
0,0.2420,36384
0,0.2420,45197
0,0.2420,45722
0,0.2420,137497
0,0.2420,803195
0,0.2420,374296357
0,0.2421,10184
0,0.2421,10468
0,0.2421,10825
0,0.2421,14137
0,0.2421,18980
0,0.2421,22852
0,0.2421,56970
0,0.2421,517548
0,0.2421,520820
0,0.2421,521536
0,0.2421,523349
0,0.2421,529142
0,0.2421,534404
0,0.2421,806537
0,0.2421,808159
0,0.2422,10041
0,0.2422,10187
0,0.2422,10490
0,0.2422,10685
0,0.2422,14194
0,0.2422,16157
0,0.2422,18504
0,0.2422,25275
0,0.2422,44495
0,0.2422,58834
0,0.2422,61311
0,0.2422,85395
0,0.2422,94433
0,0.2422,149390
0,0.2422,172666
0,0.2422,512947
0,0.2422,522984
0,0.2422,803207
0,0.2422,909612
0,0.2423,11563
0,0.2423,12131
0,0.2423,12487
0,0.2423,12547
0,0.2423,12650
0,0.2423,16951
0,0.2423,20545
0,0.2423,33293
0,0.2423,44648
0,0.2423,45311
0,0.2423,63798
0,0.2423,294178
0,0.2423,515221
0,0.2423,539954
0,0.2424,10414
0,0.2424,10539
0,0.2424,10969
0,0.2424,12151
0,0.2424,14717
0,0.2424,15028
0,0.2424,30310
0,0.2424,36812
0,0.2424,38338
0,0.2424,50903
0,0.2424,78630
0,0.2424,518513
0,0.2424,519132
0,0.2424,519895
0,0.2424,524968
0,0.2424,802051
0,0.2424,811796
0,0.2425,10864
0,0.2425,11877
0,0.2425,12512
0,0.2425,12651
0,0.2425,16360
0,0.2425,18744
0,0.2425,22092
0,0.2425,23083
0,0.2425,454614
0,0.2425,512106
0,0.2425,513378
0,0.2425,514546
0,0.2425,515193
0,0.2425,533431
0,0.2425,574357
0,0.2425,800968
0,0.2425,804660
0,0.2425,810859
0,0.2425,932684
0,0.2426,10052
0,0.2426,10168
0,0.2426,10175
0,0.2426,10447
0,0.2426,11614
0,0.2426,13471
0,0.2426,13824
0,0.2426,13985
0,0.2426,14061
0,0.2426,14424
0,0.2426,25503
0,0.2426,27834
0,0.2426,79892
0,0.2426,513518
0,0.2426,527350
0,0.2427,12228
0,0.2427,14232
0,0.2427,14259
0,0.2427,16816
0,0.2427,16986
0,0.2427,19274
0,0.2427,23232
0,0.2427,28844
0,0.2427,42997
0,0.2427,52041
0,0.2427,68889
0,0.2427,73397
0,0.2427,115198
0,0.2427,148726
0,0.2427,514410
0,0.2427,514952
0,0.2427,519890
0,0.2427,522752
0,0.2427,522974
0,0.2427,524655
0,0.2427,529498
0,0.2427,813104
0,0.2427,879469321
0,0.2428,10150
0,0.2428,10205
0,0.2428,10404
0,0.2428,11969
0,0.2428,13134
0,0.2428,13428
0,0.2428,17685
0,0.2428,20831
0,0.2428,41171
0,0.2428,76194
0,0.2428,154212
0,0.2428,516110
0,0.2428,527653
0,0.2428,530151
0,0.2428,800262
0,0.2428,802184
0,0.2428,802566
0,0.2428,807924
0,0.2428,903561
0,0.2428,155143464
0,0.2428,879469321
0,0.2429,10100
0,0.2429,11915
0,0.2429,12488
0,0.2429,13914
0,0.2429,16794
0,0.2429,16931
0,0.2429,26417
0,0.2429,28791
0,0.2429,31871
0,0.2429,71547
0,0.2429,104220
0,0.2429,511926
0,0.2429,512793
0,0.2429,513644
0,0.2429,514043
0,0.2429,514997
0,0.2429,515757
0,0.2429,521206
0,0.2429,523776
0,0.2429,529129
0,0.2429,555340
0,0.2429,803347
0,0.2430,10302
0,0.2430,10399
0,0.2430,10624
0,0.2430,13158
0,0.2430,14289
0,0.2430,21263
0,0.2430,33075
0,0.2430,42083
0,0.2430,85686
0,0.2430,94555
0,0.2430,190319
0,0.2430,512750
0,0.2430,513463
0,0.2430,518690
0,0.2430,520236
0,0.2430,520581
0,0.2430,571495
0,0.2430,801459
0,0.2430,802630
0,0.2430,317223538
0,0.2431,10677
0,0.2431,10817
0,0.2431,11021
0,0.2431,15495
0,0.2431,17691
0,0.2431,19266
0,0.2431,20774
0,0.2431,20780
0,0.2431,21227
0,0.2431,23197
0,0.2431,38085
0,0.2431,512927
0,0.2431,518461
0,0.2431,523675
0,0.2431,808183
0,0.2431,908285
0,0.2431,913454
0,0.2432,10514
0,0.2432,10663
0,0.2432,11085
0,0.2432,11654
0,0.2432,15839
0,0.2432,15850
0,0.2432,18932
0,0.2432,31942
0,0.2432,48846
0,0.2432,55527
0,0.2432,83621
0,0.2432,149501
0,0.2432,434199
0,0.2432,511823
0,0.2432,512041
0,0.2433,10099
0,0.2433,10537
0,0.2433,11053
0,0.2433,11419
0,0.2433,14482
0,0.2433,16910
0,0.2433,18109
0,0.2433,25362
0,0.2433,100809
0,0.2433,247112
0,0.2433,289948
0,0.2433,512390
0,0.2433,514045
0,0.2433,519705
0,0.2434,13317
0,0.2434,37859
0,0.2434,42975
0,0.2434,114715
0,0.2434,512581
0,0.2434,521635
0,0.2434,521814
0,0.2434,524902
0,0.2434,536208
0,0.2434,808715
0,0.2435,10545
0,0.2435,10868
0,0.2435,11254
0,0.2435,11586
0,0.2435,11711
0,0.2435,11896
0,0.2435,21932
0,0.2435,24382
0,0.2435,53086
0,0.2435,511882
0,0.2435,519332
0,0.2435,519399
0,0.2435,800890
0,0.2435,801530
0,0.2435,802080
0,0.2436,10385
0,0.2436,13692
0,0.2436,17454
0,0.2436,19215
0,0.2436,24136
0,0.2436,30955
0,0.2436,34801
0,0.2436,512319
0,0.2436,514413
0,0.2436,524717
0,0.2436,529385
0,0.2436,902294
0,0.2436,905507
0,0.2437,10040
0,0.2437,11977
0,0.2437,12710
0,0.2437,14552
0,0.2437,16493
0,0.2437,22240
0,0.2437,23619
0,0.2437,40213
0,0.2437,44250
0,0.2437,59776
0,0.2437,82205
0,0.2437,88014
0,0.2437,115704
0,0.2437,525497
0,0.2437,527588
0,0.2437,800809
0,0.2437,803318
0,0.2438,11013
0,0.2438,11856
0,0.2438,11883
0,0.2438,12109
0,0.2438,12704
0,0.2438,12900
0,0.2438,14454
0,0.2438,19386
0,0.2438,24922
0,0.2438,184704
0,0.2438,520210
0,0.2438,523626
0,0.2438,525066
0,0.2438,533946
0,0.2438,558854
0,0.2438,932796
0,0.2439,11238
0,0.2439,13586
0,0.2439,14011
0,0.2439,19522
0,0.2439,21731
0,0.2439,40390
0,0.2439,71611
0,0.2439,522352
0,0.2439,800564
0,0.2439,802809
0,0.2439,805469
0,0.2440,11280
0,0.2440,11608
0,0.2440,11723
0,0.2440,12054
0,0.2440,13306
0,0.2440,13896
0,0.2440,15612
0,0.2440,16465
0,0.2440,19760
0,0.2440,20818
0,0.2440,25792
0,0.2440,27191
0,0.2440,29065
0,0.2440,35743
0,0.2440,42793
0,0.2440,44005
0,0.2440,518541
0,0.2440,532909
0,0.2440,807560
0,0.2441,10072
0,0.2441,10094
0,0.2441,10137
0,0.2441,10370
0,0.2441,11340
0,0.2441,12194
0,0.2441,12377
0,0.2441,12405
0,0.2441,13526
0,0.2441,15534
0,0.2441,17639
0,0.2441,18343
0,0.2441,18779
0,0.2441,38835
0,0.2441,59387
0,0.2441,518194
0,0.2441,536058
0,0.2441,555238
0,0.2441,800056
0,0.2441,803339
0,0.2441,803860
0,0.2441,912122
0,0.2442,10323
0,0.2442,10669
0,0.2442,11103
0,0.2442,11997
0,0.2442,15398
0,0.2442,15616
0,0.2442,16862
0,0.2442,16953
0,0.2442,17931
0,0.2442,24741
0,0.2442,27725
0,0.2442,29129
0,0.2442,37265
0,0.2442,42483
0,0.2442,43866
0,0.2442,52728
0,0.2442,85527
0,0.2442,174420
0,0.2442,222777
0,0.2442,519140
0,0.2442,524610
0,0.2442,801684
0,0.2442,803330
0,0.2442,805227
0,0.2443,10548
0,0.2443,11710
0,0.2443,15041
0,0.2443,16275
0,0.2443,20144
0,0.2443,21568
0,0.2443,23602
0,0.2443,23659
0,0.2443,26293
0,0.2443,30108
0,0.2443,522428
0,0.2443,805184
0,0.2443,324178811
0,0.2444,12055
0,0.2444,13659
0,0.2444,14387
0,0.2444,16087
0,0.2444,18437
0,0.2444,18937
0,0.2444,23281
0,0.2444,512608
0,0.2444,520727
0,0.2444,521241
0,0.2444,533761
0,0.2444,574147
0,0.2444,804386
0,0.2445,10294
0,0.2445,12181
0,0.2445,12318
0,0.2445,13258
0,0.2445,13773
0,0.2445,13964
0,0.2445,14255
0,0.2445,15051
0,0.2445,15693
0,0.2445,16093
0,0.2445,18728
0,0.2445,18889
0,0.2445,21296
0,0.2445,25684
0,0.2445,34452
0,0.2445,37142
0,0.2445,38272
0,0.2445,52112
0,0.2445,59108
0,0.2445,119860
0,0.2445,519616
0,0.2445,806398
0,0.2446,10243
0,0.2446,10354
0,0.2446,10555
0,0.2446,10949
0,0.2446,11312
0,0.2446,13115
0,0.2446,13228
0,0.2446,14499
0,0.2446,15891
0,0.2446,15997
0,0.2446,42374
0,0.2446,46262
0,0.2446,57240
0,0.2446,513274
0,0.2446,547701
0,0.2446,556346
0,0.2446,801998
0,0.2446,802385
0,0.2446,805555
0,0.2446,807312
0,0.2446,904108
0,0.2447,10114
0,0.2447,10292
0,0.2447,10638
0,0.2447,11982
0,0.2447,12811
0,0.2447,13117
0,0.2447,15149
0,0.2447,15332
0,0.2447,15858
0,0.2447,19290
0,0.2447,23273
0,0.2447,24656
0,0.2447,25045
0,0.2447,41913
0,0.2447,54104
0,0.2447,71633
0,0.2447,94980
0,0.2447,434891
0,0.2447,489781
0,0.2447,801845
0,0.2447,805241
0,0.2447,826175
0,0.2447,926518
0,0.2448,10138
0,0.2448,10242
0,0.2448,10799
0,0.2448,10855
0,0.2448,12006
0,0.2448,14093
0,0.2448,14736
0,0.2448,15905
0,0.2448,17726
0,0.2448,50960
0,0.2448,123744
0,0.2448,124495
0,0.2448,512461
0,0.2448,513283
0,0.2448,529029
0,0.2448,555259
0,0.2448,801199
0,0.2448,803821
0,0.2448,902923
0,0.2448,904423
0,0.2449,10597
0,0.2449,11166
0,0.2449,12060
0,0.2449,12993
0,0.2449,14330
0,0.2449,15494
0,0.2449,16051
0,0.2449,17301
0,0.2449,17477
0,0.2449,27302
0,0.2449,27596
0,0.2449,30981
0,0.2449,61398
0,0.2449,131748
0,0.2449,511841
0,0.2449,513111
0,0.2449,543158
0,0.2449,802553
0,0.2449,806326
0,0.2449,807396
0,0.2449,905905
0,0.2449,907500
0,0.2450,10202
0,0.2450,10338
0,0.2450,11772
0,0.2450,11795
0,0.2450,12506
0,0.2450,12733
0,0.2450,12742
0,0.2450,13307
0,0.2450,15176
0,0.2450,15484
0,0.2450,15955
0,0.2450,16254
0,0.2450,21520
0,0.2450,32258
0,0.2450,77014
0,0.2450,79615
0,0.2450,517256
0,0.2450,804555
0,0.2450,805245
0,0.2451,10080
0,0.2451,10322
0,0.2451,10959
0,0.2451,11155
0,0.2451,12319
0,0.2451,12388
0,0.2451,14745
0,0.2451,16540
0,0.2451,17790
0,0.2451,17930
0,0.2451,39102
0,0.2451,81442
0,0.2451,82899
0,0.2451,512241
0,0.2451,522992
0,0.2451,523564
0,0.2451,801491
0,0.2451,802289
0,0.2451,805447
0,0.2451,932322
0,0.2452,11198
0,0.2452,13698
0,0.2452,14206
0,0.2452,17799
0,0.2452,20340
0,0.2452,21637
0,0.2452,154544
0,0.2452,517257
0,0.2452,521745
0,0.2452,523512
0,0.2452,531732
0,0.2452,801730
0,0.2452,802172
0,0.2452,814115
0,0.2452,914054
0,0.2453,10816
0,0.2453,16659
0,0.2453,17191
0,0.2453,18419
0,0.2453,19720
0,0.2453,23524
0,0.2453,43398
0,0.2453,519144
0,0.2453,524606
0,0.2453,529489
0,0.2453,531009
0,0.2453,801561
0,0.2453,809678
0,0.2454,10165
0,0.2454,10185
0,0.2454,10820
0,0.2454,11577
0,0.2454,12398
0,0.2454,13442
0,0.2454,14912
0,0.2454,16600
0,0.2454,16734
0,0.2454,22870
0,0.2454,34949
0,0.2454,67951
0,0.2454,147927
0,0.2454,518309
0,0.2454,522753
0,0.2454,533914
0,0.2454,537751
0,0.2454,801292
0,0.2454,803340
0,0.2455,10315
0,0.2455,10676
0,0.2455,11171
0,0.2455,11403
0,0.2455,11673
0,0.2455,14765
0,0.2455,15059
0,0.2455,15163
0,0.2455,15514
0,0.2455,22799
0,0.2455,27296
0,0.2455,31681
0,0.2455,41887
0,0.2455,50444
0,0.2455,511828
0,0.2455,518578
0,0.2455,520817
0,0.2455,800041
0,0.2455,801210
0,0.2455,804736
0,0.2455,805280
0,0.2455,813076
0,0.2456,10147
0,0.2456,10172
0,0.2456,10371
0,0.2456,12355
0,0.2456,13872
0,0.2456,15782
0,0.2456,17751
0,0.2456,17878
0,0.2456,23325
0,0.2456,24134
0,0.2456,30313
0,0.2456,39813
0,0.2456,43756
0,0.2456,58331
0,0.2456,81228
0,0.2456,513146
0,0.2456,521675
0,0.2456,524761
0,0.2456,901888
0,0.2456,934897
0,0.2457,10061
0,0.2457,10479
0,0.2457,11460
0,0.2457,11466
0,0.2457,12532
0,0.2457,35532
0,0.2457,98544
0,0.2457,200001
0,0.2457,496514
0,0.2457,517359
0,0.2457,521126
0,0.2457,522991
0,0.2457,531299
0,0.2457,802584
0,0.2457,805606
0,0.2457,811054
0,0.2458,10224
0,0.2458,12411
0,0.2458,12943
0,0.2458,13989
0,0.2458,15458
0,0.2458,16191
0,0.2458,19189
0,0.2458,19696
0,0.2458,19751
0,0.2458,27413
0,0.2458,33307
0,0.2458,36459
0,0.2458,40768
0,0.2458,514405
0,0.2458,517464
0,0.2458,522828
0,0.2458,523550
0,0.2458,555176
0,0.2458,571508
0,0.2458,802882
0,0.2459,10169
0,0.2459,10180
0,0.2459,10515
0,0.2459,10910
0,0.2459,11164
0,0.2459,12104
0,0.2459,12252
0,0.2459,13205
0,0.2459,18940
0,0.2459,18953
0,0.2459,29379
0,0.2459,46358
0,0.2459,63923
0,0.2459,69544
0,0.2459,804351
0,0.2459,924883
0,0.2460,10969
0,0.2460,11416
0,0.2460,11540
0,0.2460,12358
0,0.2460,12572
0,0.2460,14756
0,0.2460,18599
0,0.2460,23601
0,0.2460,37921
0,0.2460,42226
0,0.2460,111660
0,0.2460,511881
0,0.2460,515289
0,0.2460,517913
0,0.2460,527048
0,0.2460,529422
0,0.2460,534534
0,0.2460,549638
0,0.2460,802145
0,0.2460,805229
0,0.2460,701647131
0,0.2461,10107
0,0.2461,10136
0,0.2461,10428
0,0.2461,11274
0,0.2461,11989
0,0.2461,13730
0,0.2461,15786
0,0.2461,16457
0,0.2461,16538
0,0.2461,16579
0,0.2461,18170
0,0.2461,18670
0,0.2461,25498
0,0.2461,71042
0,0.2461,519944
0,0.2461,806297
0,0.2462,10088
0,0.2462,10593
0,0.2462,10863
0,0.2462,11205
0,0.2462,12716
0,0.2462,13295
0,0.2462,13360
0,0.2462,13559
0,0.2462,13877
0,0.2462,14434
0,0.2462,17143
0,0.2462,18743
0,0.2462,18911
0,0.2462,84758
0,0.2462,170407
0,0.2462,173462
0,0.2462,514596
0,0.2462,518777
0,0.2462,531769
0,0.2462,535347
0,0.2462,536264
0,0.2462,800244
0,0.2462,803070
0,0.2463,10011
0,0.2463,10110
0,0.2463,10222
0,0.2463,10494
0,0.2463,10852
0,0.2463,11802
0,0.2463,12642
0,0.2463,12730
0,0.2463,12787
0,0.2463,13740
0,0.2463,14497
0,0.2463,15117
0,0.2463,17380
0,0.2463,24511
0,0.2463,28674
0,0.2463,39880
0,0.2463,42019
0,0.2463,99095
0,0.2463,512795
0,0.2463,529125
0,0.2463,801895
0,0.2463,802914
0,0.2464,10097
0,0.2464,10286
0,0.2464,10290
0,0.2464,10735
0,0.2464,10819
0,0.2464,11142
0,0.2464,11821
0,0.2464,12992
0,0.2464,14881
0,0.2464,15904
0,0.2464,18226
0,0.2464,33053
0,0.2464,36524
0,0.2464,58394
0,0.2464,58730
0,0.2464,514547
0,0.2464,520888
0,0.2464,522761
0,0.2464,522972
0,0.2464,523863
0,0.2464,579728
0,0.2464,801688
0,0.2464,802955
0,0.2465,11030
0,0.2465,11199
0,0.2465,11618
0,0.2465,11688
0,0.2465,13272
0,0.2465,14616
0,0.2465,14939
0,0.2465,17173
0,0.2465,23826
0,0.2465,25939
0,0.2465,46687
0,0.2465,51159
0,0.2465,55258
0,0.2465,61840
0,0.2465,514579
0,0.2465,522762
0,0.2465,529603
0,0.2465,559410
0,0.2466,10365
0,0.2466,10378
0,0.2466,10432
0,0.2466,10612
0,0.2466,11428
0,0.2466,11568
0,0.2466,11764
0,0.2466,11806
0,0.2466,12091
0,0.2466,13167
0,0.2466,14643
0,0.2466,14694
0,0.2466,15535
0,0.2466,15680
0,0.2466,18238
0,0.2466,25184
0,0.2466,39462
0,0.2466,50228
0,0.2466,58517
0,0.2466,88651
0,0.2466,164863
0,0.2466,514125
0,0.2466,524604
0,0.2466,555342
0,0.2466,802137
0,0.2466,803160
0,0.2466,804797
0,0.2466,805244
0,0.2466,805860
0,0.2466,1050014552
0,0.2467,10448
0,0.2467,10538
0,0.2467,10797
0,0.2467,11036
0,0.2467,12654
0,0.2467,13048
0,0.2467,17354
0,0.2467,18568
0,0.2467,20158
0,0.2467,24979
0,0.2467,26287
0,0.2467,33298
0,0.2467,37058
0,0.2467,37105
0,0.2467,513033
0,0.2467,549229
0,0.2467,804195
0,0.2467,806124
0,0.2468,10822
0,0.2468,11891
0,0.2468,11903
0,0.2468,12158
0,0.2468,12817
0,0.2468,15562
0,0.2468,15964
0,0.2468,17858
0,0.2468,29135
0,0.2468,36295
0,0.2468,48491
0,0.2468,107241
0,0.2468,199331
0,0.2468,529520
0,0.2468,537032
0,0.2468,800718
0,0.2468,809862
0,0.2469,10027
0,0.2469,10063
0,0.2469,10099
0,0.2469,10553
0,0.2469,10777
0,0.2469,11017
0,0.2469,11326
0,0.2469,12046
0,0.2469,12232
0,0.2469,16781
0,0.2469,19036
0,0.2469,19443
0,0.2469,146588
0,0.2469,235061
0,0.2469,521409
0,0.2469,523636
0,0.2469,801072
0,0.2469,936810
0,0.2470,10394
0,0.2470,12606
0,0.2470,15399
0,0.2470,30310
0,0.2470,146091
0,0.2470,513284
0,0.2470,523939
0,0.2471,10041
0,0.2471,10661
0,0.2471,10738
0,0.2471,12028
0,0.2471,13630
0,0.2471,17835
0,0.2471,18068
0,0.2471,39753
0,0.2471,50159
0,0.2471,103779
0,0.2471,144334
0,0.2471,512086
0,0.2471,514230
0,0.2471,516643
0,0.2471,517548
0,0.2471,568012
0,0.2471,800343
0,0.2471,801861
0,0.2472,10781
0,0.2472,10830
0,0.2472,11896
0,0.2472,12125
0,0.2472,12900
0,0.2472,13121
0,0.2472,13219
0,0.2472,13274
0,0.2472,14523
0,0.2472,15273
0,0.2472,16642
0,0.2472,16687
0,0.2472,17156
0,0.2472,19355
0,0.2472,23009
0,0.2472,35372
0,0.2472,69319
0,0.2472,512911
0,0.2472,579911
0,0.2472,800412
0,0.2472,800594
0,0.2472,802371
0,0.2473,10539
0,0.2473,11634
0,0.2473,14224
0,0.2473,16794
0,0.2473,18712
0,0.2473,19886
0,0.2473,22563
0,0.2473,25628
0,0.2473,38388
0,0.2473,60685
0,0.2473,85580
0,0.2473,121084
0,0.2473,195264
0,0.2473,516256
0,0.2473,559506
0,0.2473,800022
0,0.2473,801970
0,0.2474,10751
0,0.2474,11021
0,0.2474,11892
0,0.2474,12259
0,0.2474,14918
0,0.2474,15362
0,0.2474,16558
0,0.2474,17389
0,0.2474,19220
0,0.2474,21645
0,0.2474,30042
0,0.2474,32486
0,0.2474,64689
0,0.2474,521928
0,0.2474,800925
0,0.2474,811215
0,0.2474,815445
0,0.2475,10692
0,0.2475,11255
0,0.2475,12283
0,0.2475,14362
0,0.2475,15284
0,0.2475,15325
0,0.2475,16390
0,0.2475,19488
0,0.2475,24634
0,0.2475,38706
0,0.2475,54572
0,0.2475,58834
0,0.2475,174810
0,0.2475,512858
0,0.2475,513499
0,0.2475,520646
0,0.2475,521236
0,0.2475,530880
0,0.2475,556449
0,0.2476,10108
0,0.2476,10288
0,0.2476,10896
0,0.2476,11072
0,0.2476,13800
0,0.2476,14727
0,0.2476,16490
0,0.2476,19334
0,0.2476,22884
0,0.2476,26832
0,0.2476,27705
0,0.2476,31735
0,0.2476,37842
0,0.2476,46073
0,0.2476,60774
0,0.2476,80175
0,0.2476,530789
0,0.2476,532747
0,0.2476,537027
0,0.2476,801479
0,0.2476,912379
0,0.2477,10740
0,0.2477,11131
0,0.2477,12095
0,0.2477,15382
0,0.2477,18463
0,0.2477,19569
0,0.2477,23162
0,0.2477,24232
0,0.2477,58426
0,0.2477,531643
0,0.2477,800132
0,0.2478,10150
0,0.2478,10376
0,0.2478,10566
0,0.2478,10914
0,0.2478,11253
0,0.2478,11665
0,0.2478,18585
0,0.2478,20831
0,0.2478,21690
0,0.2478,36730
0,0.2478,39062
0,0.2478,54133
0,0.2478,123422
0,0.2478,511839
0,0.2478,515933
0,0.2478,524167
0,0.2478,530435
0,0.2478,555257
0,0.2479,10159
0,0.2479,10293
0,0.2479,10617
0,0.2479,11263
0,0.2479,11699
0,0.2479,11947
0,0.2479,12813
0,0.2479,15789
0,0.2479,17175
0,0.2479,17821
0,0.2479,19239
0,0.2479,21613
0,0.2479,28010
0,0.2479,29021
0,0.2479,140519
0,0.2479,512663
0,0.2479,512927
0,0.2479,518604
0,0.2479,522337
0,0.2479,530449
0,0.2479,801295
0,0.2479,804914
0,0.2480,11375
0,0.2480,11485
0,0.2480,12503
0,0.2480,13035
0,0.2480,13317
0,0.2480,13669
0,0.2480,15212
0,0.2480,18125
0,0.2480,18504
0,0.2480,18666
0,0.2480,19982
0,0.2480,20185
0,0.2480,26607
0,0.2480,35111
0,0.2480,44903
0,0.2480,513339
0,0.2480,519363
0,0.2480,520581
0,0.2480,530460
0,0.2480,803193
0,0.2481,10167
0,0.2481,10282
0,0.2481,10302
0,0.2481,11874
0,0.2481,11933
0,0.2481,13087
0,0.2481,13217
0,0.2481,16700
0,0.2481,21849
0,0.2481,28381
0,0.2481,32315
0,0.2481,39095
0,0.2481,60624
0,0.2481,65472
0,0.2481,98698
0,0.2481,231168
0,0.2481,517202
0,0.2481,808456
0,0.2481,879469321
0,0.2482,10119
0,0.2482,10241
0,0.2482,10289
0,0.2482,10299
0,0.2482,10652
0,0.2482,11937
0,0.2482,12067
0,0.2482,12140
0,0.2482,13168
0,0.2482,14461
0,0.2482,21646
0,0.2482,24382
0,0.2482,26741
0,0.2482,51682
0,0.2482,76194
0,0.2482,167848
0,0.2482,512328
0,0.2482,521814
0,0.2482,526298
0,0.2482,556539
0,0.2482,559141
0,0.2482,801816
0,0.2482,909643
0,0.2483,10109
0,0.2483,12605
0,0.2483,12796
0,0.2483,14563
0,0.2483,15496
0,0.2483,17065
0,0.2483,18588
0,0.2483,19118
0,0.2483,20293
0,0.2483,22185
0,0.2483,24965
0,0.2483,25773
0,0.2483,28791
0,0.2483,29635
0,0.2483,46008
0,0.2483,48914
0,0.2483,57935
0,0.2483,513463
0,0.2483,519365
0,0.2483,522974
0,0.2483,523816
0,0.2483,524073
0,0.2483,533411
0,0.2483,800827
0,0.2484,10035
0,0.2484,10156
0,0.2484,10269
0,0.2484,11628
0,0.2484,11900
0,0.2484,13229
0,0.2484,13863
0,0.2484,18932
0,0.2484,22014
0,0.2484,27983
0,0.2484,46691
0,0.2484,84356
0,0.2484,102689
0,0.2484,141295
0,0.2484,512305
0,0.2484,513376
0,0.2484,514045
0,0.2484,520642
0,0.2484,533748
0,0.2484,540077
0,0.2484,810586
0,0.2485,10133
0,0.2485,10242
0,0.2485,10255
0,0.2485,10603
0,0.2485,10839
0,0.2485,10967
0,0.2485,11943
0,0.2485,12159
0,0.2485,12651
0,0.2485,13026
0,0.2485,14014
0,0.2485,14997
0,0.2485,16026
0,0.2485,18915
0,0.2485,26417
0,0.2485,29207
0,0.2485,30504
0,0.2485,33586
0,0.2485,35058
0,0.2485,43765
0,0.2485,45024
0,0.2485,141161
0,0.2485,517512
0,0.2485,519720
0,0.2485,520393
0,0.2485,520621
0,0.2485,522734
0,0.2485,523786
0,0.2485,559554
0,0.2485,800752
0,0.2485,801855
0,0.2485,936838
0,0.2486,10624
0,0.2486,11152
0,0.2486,11161
0,0.2486,11210
0,0.2486,12595
0,0.2486,14029
0,0.2486,15451
0,0.2486,17825
0,0.2486,21692
0,0.2486,27371
0,0.2486,35196
0,0.2486,50965
0,0.2486,53290
0,0.2486,94433
0,0.2486,515091
0,0.2486,517881
0,0.2486,521059
0,0.2486,537135
0,0.2486,810750
0,0.2487,10040
0,0.2487,14223
0,0.2487,14352
0,0.2487,19283
0,0.2487,24702
0,0.2487,27252
0,0.2487,30164
0,0.2487,35978
0,0.2487,46153
0,0.2487,71649
0,0.2487,88528
0,0.2487,209688
0,0.2487,383941
0,0.2487,512734
0,0.2487,514988
0,0.2487,515026
0,0.2487,521203
0,0.2487,523776
0,0.2487,807799
0,0.2488,10368
0,0.2488,11445
0,0.2488,11768
0,0.2488,11878
0,0.2488,12345
0,0.2488,13537
0,0.2488,14192
0,0.2488,16110
0,0.2488,16975
0,0.2488,18156
0,0.2488,20818
0,0.2488,34680
0,0.2488,37439
0,0.2488,42310
0,0.2488,523821
0,0.2488,524429
0,0.2488,802719
0,0.2489,10209
0,0.2489,11070
0,0.2489,11188
0,0.2489,11319
0,0.2489,11607
0,0.2489,12065
0,0.2489,12763
0,0.2489,12809
0,0.2489,13018
0,0.2489,14828
0,0.2489,14869
0,0.2489,16180
0,0.2489,17419
0,0.2489,17978
0,0.2489,18779
0,0.2489,23406
0,0.2489,34820
0,0.2489,91333
0,0.2489,512513
0,0.2489,520087
0,0.2489,526375
0,0.2489,802261
0,0.2489,802544
0,0.2489,804984
0,0.2489,374296357
0,0.2490,10047
0,0.2490,10637
0,0.2490,10658
0,0.2490,11053
0,0.2490,11338
0,0.2490,14093
0,0.2490,14464
0,0.2490,21191
0,0.2490,29918
0,0.2490,30371
0,0.2490,32161
0,0.2490,81710
0,0.2490,513283
0,0.2490,524361
0,0.2490,529318
0,0.2490,800972
0,0.2490,803129
0,0.2490,810570
0,0.2490,812884
0,0.2491,10236
0,0.2491,10510
0,0.2491,10627
0,0.2491,12685
0,0.2491,17325
0,0.2491,18054
0,0.2491,18419
0,0.2491,18823
0,0.2491,27179
0,0.2491,28123
0,0.2491,29637
0,0.2491,42095
0,0.2491,53086
0,0.2491,56362
0,0.2491,91391
0,0.2491,106593
0,0.2491,511844
0,0.2491,520115
0,0.2491,522738
0,0.2491,800084
0,0.2491,802164
0,0.2491,605725659
0,0.2492,10120
0,0.2492,10414
0,0.2492,10574
0,0.2492,18507
0,0.2492,27111
0,0.2492,27737
0,0.2492,67303
0,0.2492,126350
0,0.2492,192306
0,0.2492,199633
0,0.2492,511759
0,0.2492,512928
0,0.2492,521240
0,0.2492,802107
0,0.2493,10060
0,0.2493,10513
0,0.2493,10639
0,0.2493,10969
0,0.2493,11638
0,0.2493,12506
0,0.2493,19189
0,0.2493,19616
0,0.2493,31839
0,0.2493,138056
0,0.2493,511757
0,0.2493,514605
0,0.2493,805489
0,0.2494,10251
0,0.2494,10497
0,0.2494,11201
0,0.2494,12933
0,0.2494,16430
0,0.2494,16438
0,0.2494,16754
0,0.2494,22276
0,0.2494,23513
0,0.2494,27524
0,0.2494,38316
0,0.2494,55630
0,0.2494,89621
0,0.2494,104220
0,0.2494,513174
0,0.2494,513340
0,0.2494,514997
0,0.2494,515950
0,0.2494,531768
0,0.2494,537899
0,0.2494,803241
0,0.2495,11029
0,0.2495,11902
0,0.2495,12155
0,0.2495,12176
0,0.2495,13387
0,0.2495,13585
0,0.2495,13771
0,0.2495,14011
0,0.2495,18601
0,0.2495,18744
0,0.2495,19760
0,0.2495,19827
0,0.2495,25038
0,0.2495,50575
0,0.2495,54602
0,0.2495,154359
0,0.2495,523533
0,0.2495,523684
0,0.2495,524655
0,0.2495,524767
0,0.2495,529385
0,0.2495,800784
0,0.2496,10185
0,0.2496,10295
0,0.2496,12104
0,0.2496,13411
0,0.2496,14276
0,0.2496,16360
0,0.2496,18415
0,0.2496,24683
0,0.2496,34972
0,0.2496,43126
0,0.2496,45969
0,0.2496,57522
0,0.2496,914445
0,0.2497,10306
0,0.2497,10579
0,0.2497,13568
0,0.2497,15731
0,0.2497,17131
0,0.2497,19767
0,0.2497,19921
0,0.2497,22084
0,0.2497,23325
0,0.2497,33316
0,0.2497,34896
0,0.2497,35743
0,0.2497,36499
0,0.2497,38650
0,0.2497,48335
0,0.2497,49630
0,0.2497,70651
0,0.2497,489781
0,0.2497,512319
0,0.2497,513646
0,0.2498,10691
0,0.2498,11008
0,0.2498,11316
0,0.2498,12815
0,0.2498,14954
0,0.2498,19478
0,0.2498,23854
0,0.2498,24016
0,0.2498,42997
0,0.2498,139178
0,0.2498,512273
0,0.2498,516852
0,0.2498,523675
0,0.2498,526311
0,0.2498,549024
0,0.2498,801164
0,0.2498,801166
0,0.2498,803874
0,0.2498,813104
0,0.2499,10467
0,0.2499,10687
0,0.2499,10754
0,0.2499,13158
0,0.2499,15170
0,0.2499,15657
0,0.2499,16506
0,0.2499,16907
0,0.2499,38268
0,0.2499,39813
0,0.2499,48096
0,0.2499,247112
0,0.2499,525510
0,0.2499,526612
0,0.2499,574357
0,0.2499,800069
0,0.2499,806433
0,0.2500,10707
0,0.2500,11027
0,0.2500,11712
0,0.2500,12802
0,0.2500,13328
0,0.2500,20402
0,0.2500,22379
0,0.2500,29116
0,0.2500,29535
0,0.2500,33492
0,0.2500,33549
0,0.2500,68889
0,0.2500,71503
0,0.2500,141016
0,0.2500,513147
0,0.2500,803007
0,0.2500,906554
0,0.2500,841372881
0,0.2501,10385
0,0.2501,10529
0,0.2501,11341
0,0.2501,11495
0,0.2501,12151
0,0.2501,12162
0,0.2501,12609
0,0.2501,12947
0,0.2501,16198
0,0.2501,16232
0,0.2501,18109
0,0.2501,18409
0,0.2501,19802
0,0.2501,23273
0,0.2501,25792
0,0.2501,53639
0,0.2501,85527
0,0.2501,97678
0,0.2501,121578
0,0.2501,134610
0,0.2501,434199
0,0.2501,519003
0,0.2501,520817
0,0.2501,530608
0,0.2501,555713
0,0.2501,800042
0,0.2502,10825
0,0.2502,10974
0,0.2502,11402
0,0.2502,12976
0,0.2502,15713
0,0.2502,15768
0,0.2502,17454
0,0.2502,18165
0,0.2502,19376
0,0.2502,25359
0,0.2502,26991
0,0.2502,29106
0,0.2502,68658
0,0.2502,303314
0,0.2502,522706
0,0.2502,524717
0,0.2502,918582
0,0.2503,10169
0,0.2503,13442
0,0.2503,15110
0,0.2503,15436
0,0.2503,17024
0,0.2503,17043
0,0.2503,17554
0,0.2503,23281
0,0.2503,23619
0,0.2503,32258
0,0.2503,34949
0,0.2503,35109
0,0.2503,38835
0,0.2503,58532
0,0.2503,144787
0,0.2503,515015
0,0.2503,516110
0,0.2503,516820
0,0.2503,517601
0,0.2503,802139
0,0.2503,819096
0,0.2503,908747
0,0.2504,10099
0,0.2504,10226
0,0.2504,10725
0,0.2504,12718
0,0.2504,15890
0,0.2504,16659
0,0.2504,18321
0,0.2504,18730
0,0.2504,21054
0,0.2504,22338
0,0.2504,26481
0,0.2504,26666
0,0.2504,30933
0,0.2504,31575
0,0.2504,55527
0,0.2504,57797
0,0.2504,114715
0,0.2504,518194
0,0.2504,520182
0,0.2504,808183
0,0.2505,10187
0,0.2505,14482
0,0.2505,16536
0,0.2505,16940
0,0.2505,17369
0,0.2505,23259
0,0.2505,26284
0,0.2505,28093
0,0.2505,29939
0,0.2505,36070
0,0.2505,70539
0,0.2505,454614
0,0.2505,555238
0,0.2505,926154
0,0.2506,10555
0,0.2506,11318
0,0.2506,13151
0,0.2506,13563
0,0.2506,13760
0,0.2506,18766
0,0.2506,19218
0,0.2506,19274
0,0.2506,23703
0,0.2506,30950
0,0.2506,32475
0,0.2506,36894
0,0.2506,38315
0,0.2506,42483
0,0.2506,62778
0,0.2506,520217
0,0.2506,522715
0,0.2506,522909
0,0.2506,556347
0,0.2506,904915
0,0.2507,10604
0,0.2507,11005
0,0.2507,11497
0,0.2507,12358
0,0.2507,13146
0,0.2507,17981
0,0.2507,19025
0,0.2507,22122
0,0.2507,22240
0,0.2507,23761
0,0.2507,40300
0,0.2507,46152
0,0.2507,51887
0,0.2507,100809
0,0.2507,511823
0,0.2507,512077
0,0.2507,519331
0,0.2507,520812
0,0.2507,522387
0,0.2507,532909
0,0.2507,559335
0,0.2507,800214
0,0.2507,805362
0,0.2507,909041
0,0.2507,418840426
0,0.2508,10468
0,0.2508,10515
0,0.2508,10537
0,0.2508,11199
0,0.2508,12037
0,0.2508,12240
0,0.2508,13079
0,0.2508,16493
0,0.2508,17931
0,0.2508,17958
0,0.2508,20468
0,0.2508,20497
0,0.2508,21719
0,0.2508,22926
0,0.2508,30807
0,0.2508,36745
0,0.2508,37719
0,0.2508,121067
0,0.2508,513054
0,0.2508,519692
0,0.2508,521241
0,0.2508,800618
0,0.2508,802757
0,0.2508,805850
0,0.2509,14311
0,0.2509,16150
0,0.2509,20620
0,0.2509,29340
0,0.2509,32119
0,0.2509,36199
0,0.2509,154726
0,0.2509,516739
0,0.2509,521256
0,0.2509,530151
0,0.2509,555342
0,0.2510,10319
0,0.2510,10551
0,0.2510,11311
0,0.2510,12088
0,0.2510,12137
0,0.2510,12650
0,0.2510,13698
0,0.2510,16284
0,0.2510,18437
0,0.2510,27191
0,0.2510,28251
0,0.2510,34466
0,0.2510,37196
0,0.2510,40888
0,0.2510,49869
0,0.2510,64607
0,0.2510,80867
0,0.2510,522992
0,0.2510,800438
0,0.2510,805243
0,0.2511,10271
0,0.2511,11671
0,0.2511,12401
0,0.2511,13153
0,0.2511,13456
0,0.2511,13985
0,0.2511,14716
0,0.2511,15360
0,0.2511,16553
0,0.2511,21932
0,0.2511,24828
0,0.2511,29908
0,0.2511,521536
0,0.2511,549508
0,0.2511,555340
0,0.2511,800606
0,0.2512,10704
0,0.2512,10807
0,0.2512,11784
0,0.2512,12395
0,0.2512,14424
0,0.2512,20418
0,0.2512,29713
0,0.2512,32185
0,0.2512,72274
0,0.2512,87111
0,0.2512,131748
0,0.2512,152687
0,0.2512,513930
0,0.2512,514696
0,0.2512,519399
0,0.2512,521698
0,0.2512,527585
0,0.2513,10041
0,0.2513,10110
0,0.2513,10677
0,0.2513,10887
0,0.2513,11723
0,0.2513,11893
0,0.2513,12295
0,0.2513,12333
0,0.2513,14074
0,0.2513,14315
0,0.2513,15209
0,0.2513,15616
0,0.2513,20652
0,0.2513,25045
0,0.2513,34187
0,0.2513,85715
0,0.2513,520194
0,0.2513,521092
0,0.2513,531425
0,0.2513,532751
0,0.2513,800190
0,0.2513,807534
0,0.2514,11701
0,0.2514,13305
0,0.2514,14247
0,0.2514,14289
0,0.2514,15176
0,0.2514,17109
0,0.2514,19327
0,0.2514,20715
0,0.2514,39687
0,0.2514,55656
0,0.2514,61398
0,0.2514,97863
0,0.2514,222611
0,0.2514,520641
0,0.2514,522465
0,0.2515,10917
0,0.2515,14060
0,0.2515,14552
0,0.2515,17681
0,0.2515,26370
0,0.2515,27714
0,0.2515,33232
0,0.2515,38389
0,0.2515,174420
0,0.2515,512947
0,0.2515,518513
0,0.2515,519715
0,0.2515,520816
0,0.2515,522815
0,0.2515,530136
0,0.2515,555344
0,0.2515,800724
0,0.2515,801557
0,0.2515,805173
0,0.2515,701647131
0,0.2515,1050045395
0,0.2516,10044
0,0.2516,10072
0,0.2516,10539
0,0.2516,12297
0,0.2516,13090
0,0.2516,13969
0,0.2516,14414
0,0.2516,18838
0,0.2516,19850
0,0.2516,21918
0,0.2516,23809
0,0.2516,44816
0,0.2516,52352
0,0.2516,60946
0,0.2516,137497
0,0.2516,515410
0,0.2516,515675
0,0.2516,520210
0,0.2516,806689
0,0.2517,10303
0,0.2517,10488
0,0.2517,10932
0,0.2517,11603
0,0.2517,17342
0,0.2517,20189
0,0.2517,22626
0,0.2517,24126
0,0.2517,25767
0,0.2517,49464
0,0.2517,58834
0,0.2517,64180
0,0.2517,92871
0,0.2517,109837
0,0.2517,513111
0,0.2517,525062
0,0.2517,527653
0,0.2517,801489
0,0.2517,805532
0,0.2517,834861
0,0.2518,10052
0,0.2518,11606
0,0.2518,11802
0,0.2518,12083
0,0.2518,13836
0,0.2518,14790
0,0.2518,15042
0,0.2518,15423
0,0.2518,21322
0,0.2518,24776
0,0.2518,25763
0,0.2518,30132
0,0.2518,32393
0,0.2518,36812
0,0.2518,37142
0,0.2518,37433
0,0.2518,63939
0,0.2518,511862
0,0.2518,513812
0,0.2518,515760
0,0.2518,520390
0,0.2518,522841
0,0.2518,534361
0,0.2518,800845
0,0.2518,803961
0,0.2519,10531
0,0.2519,10638
0,0.2519,11061
0,0.2519,12001
0,0.2519,12900
0,0.2519,13013
0,0.2519,14881
0,0.2519,15514
0,0.2519,19286
0,0.2519,30416
0,0.2519,32762
0,0.2519,38454
0,0.2519,98544
0,0.2519,800745
0,0.2519,804556
0,0.2519,907558
0,0.2520,10950
0,0.2520,11654
0,0.2520,12131
0,0.2520,12646
0,0.2520,12777
0,0.2520,13302
0,0.2520,22870
0,0.2520,25939
0,0.2520,29322
0,0.2520,44785
0,0.2520,63124
0,0.2520,512927
0,0.2520,524133
0,0.2520,556502
0,0.2520,374296357
0,0.2521,10080
0,0.2521,10272
0,0.2521,10817
0,0.2521,10879
0,0.2521,10997
0,0.2521,11142
0,0.2521,15458
0,0.2521,17876
0,0.2521,23601
0,0.2521,48638
0,0.2521,50303
0,0.2521,64399
0,0.2521,77709
0,0.2521,215209
0,0.2521,521113
0,0.2521,803055
0,0.2522,10285
0,0.2522,11717
0,0.2522,11806
0,0.2522,16671
0,0.2522,17726
0,0.2522,37125
0,0.2522,37330
0,0.2522,38272
0,0.2522,61921
0,0.2522,511828
0,0.2522,513284
0,0.2522,800809
0,0.2522,903422
0,0.2523,10553
0,0.2523,10683
0,0.2523,11125
0,0.2523,12398
0,0.2523,13576
0,0.2523,18779
0,0.2523,30310
0,0.2523,30891
0,0.2523,36492
0,0.2523,38706
0,0.2523,41144
0,0.2523,57007
0,0.2523,94239
0,0.2523,514405
0,0.2523,515072
0,0.2523,518721
0,0.2523,521763
0,0.2523,522809
0,0.2523,524902
0,0.2523,555727
0,0.2523,803048
0,0.2523,902874
0,0.2524,11038
0,0.2524,11751
0,0.2524,12178
0,0.2524,15495
0,0.2524,19440
0,0.2524,19452
0,0.2524,27296
0,0.2524,27725
0,0.2524,34715
0,0.2524,39446
0,0.2524,87338
0,0.2524,130455
0,0.2524,517548
0,0.2524,520560
0,0.2524,571495
0,0.2524,807148
0,0.2524,904070
0,0.2525,11327
0,0.2525,11896
0,0.2525,12141
0,0.2525,12327
0,0.2525,13317
0,0.2525,14434
0,0.2525,20545
0,0.2525,25723
0,0.2525,40983
0,0.2525,512390
0,0.2525,519840
0,0.2525,521814
0,0.2525,522428
0,0.2525,531862
0,0.2525,803013
0,0.2525,905929
0,0.2526,10371
0,0.2526,15094
0,0.2526,16182
0,0.2526,17134
0,0.2526,17156
0,0.2526,22291
0,0.2526,40045
0,0.2526,71547
0,0.2526,76506
0,0.2526,511778
0,0.2526,512932
0,0.2526,513378
0,0.2526,516981
0,0.2526,521633
0,0.2526,525354
0,0.2526,800030
0,0.2526,800335
0,0.2526,808106
0,0.2526,939958
0,0.2527,11241
0,0.2527,11710
0,0.2527,12153
0,0.2527,12341
0,0.2527,16642
0,0.2527,16794
0,0.2527,17379
0,0.2527,18688
0,0.2527,22461
0,0.2527,30313
0,0.2527,31719
0,0.2527,522857
0,0.2527,556346
0,0.2528,11021
0,0.2528,11623
0,0.2528,12923
0,0.2528,13428
0,0.2528,13526
0,0.2528,13559
0,0.2528,14727
0,0.2528,18122
0,0.2528,18686
0,0.2528,23453
0,0.2528,25330
0,0.2528,27157
0,0.2528,31653
0,0.2528,43732
0,0.2528,76194
0,0.2528,512793
0,0.2528,800760
0,0.2529,13371
0,0.2529,14041
0,0.2529,15612
0,0.2529,18504
0,0.2529,20072
0,0.2529,20359
0,0.2529,21609
0,0.2529,27339
0,0.2529,33038
0,0.2529,50593
0,0.2529,51159
0,0.2529,71877
0,0.2529,166528
0,0.2529,514045
0,0.2529,516927
0,0.2529,522966
0,0.2529,523379
0,0.2529,800217
0,0.2529,801998
0,0.2529,806303
0,0.2530,10495
0,0.2530,10673
0,0.2530,13255
0,0.2530,13710
0,0.2530,15319
0,0.2530,17173
0,0.2530,37735
0,0.2530,48491
0,0.2530,79464
0,0.2530,513146
0,0.2530,519144
0,0.2530,523723
0,0.2530,527048
0,0.2530,536048
0,0.2530,800143
0,0.2530,800773
0,0.2530,805286
0,0.2531,10190
0,0.2531,10202
0,0.2531,10243
0,0.2531,11836
0,0.2531,14766
0,0.2531,19720
0,0.2531,23025
0,0.2531,24122
0,0.2531,32302
0,0.2531,33050
0,0.2531,38190
0,0.2531,523564
0,0.2531,801282
0,0.2531,807368
0,0.2532,10265
0,0.2532,11221
0,0.2532,18170
0,0.2532,21277
0,0.2532,45701
0,0.2532,58394
0,0.2532,60241
0,0.2532,70337
0,0.2532,514546
0,0.2532,800226
0,0.2533,10204
0,0.2533,11507
0,0.2533,11967
0,0.2533,14294
0,0.2533,14673
0,0.2533,14733
0,0.2533,15487
0,0.2533,15793
0,0.2533,18932
0,0.2533,20619
0,0.2533,21296
0,0.2533,22536
0,0.2533,28469
0,0.2533,38413
0,0.2533,47438
0,0.2533,63122
0,0.2533,513238
0,0.2533,514596
0,0.2533,520034
0,0.2533,520337
0,0.2533,521538
0,0.2533,524761
0,0.2533,802650
0,0.2533,812262
0,0.2533,903570
0,0.2534,10035
0,0.2534,10114
0,0.2534,10184
0,0.2534,10276
0,0.2534,11184
0,0.2534,16473
0,0.2534,17685
0,0.2534,20774
0,0.2534,20780
0,0.2534,58730
0,0.2534,63923
0,0.2534,175572
0,0.2534,511841
0,0.2534,536208
0,0.2534,574147
0,0.2534,803599
0,0.2535,10299
0,0.2535,10494
0,0.2535,11371
0,0.2535,12099
0,0.2535,12506
0,0.2535,12943
0,0.2535,13628
0,0.2535,14227
0,0.2535,14912
0,0.2535,15290
0,0.2535,15393
0,0.2535,17938
0,0.2535,20087
0,0.2535,29583
0,0.2535,31923
0,0.2535,32474
0,0.2535,56560
0,0.2535,104187
0,0.2535,125550
0,0.2535,135801
0,0.2535,235061
0,0.2535,800183
0,0.2535,800718
0,0.2535,803982
0,0.2536,10051
0,0.2536,10137
0,0.2536,11112
0,0.2536,11252
0,0.2536,12239
0,0.2536,13007
0,0.2536,16540
0,0.2536,16734
0,0.2536,25403
0,0.2536,42700
0,0.2536,46073
0,0.2536,71843
0,0.2536,529515
0,0.2536,549229
0,0.2536,801295
0,0.2536,900035
0,0.2536,906612
0,0.2537,10986
0,0.2537,12221
0,0.2537,12405
0,0.2537,12443
0,0.2537,15502
0,0.2537,19255
0,0.2537,39253
0,0.2537,114858
0,0.2537,222777
0,0.2537,520817
0,0.2537,524292
0,0.2537,800890
0,0.2537,801895
0,0.2537,814430
0,0.2537,932321
0,0.2537,936810
0,0.2537,1050014552
0,0.2538,10107
0,0.2538,10290
0,0.2538,10428
0,0.2538,14285
0,0.2538,20518
0,0.2538,21543
0,0.2538,21904
0,0.2538,29458
0,0.2538,35440
0,0.2538,49672
0,0.2538,150335
0,0.2538,434891
0,0.2538,511955
0,0.2538,518604
0,0.2538,519514
0,0.2538,519862
0,0.2538,520188
0,0.2538,522468
0,0.2538,801970
0,0.2538,802731
0,0.2538,805097
0,0.2538,805165
0,0.2538,810117
0,0.2539,10671
0,0.2539,11254
0,0.2539,11416
0,0.2539,11426
0,0.2539,12108
0,0.2539,12811
0,0.2539,16210
0,0.2539,17086
0,0.2539,40390
0,0.2539,41688
0,0.2539,47754
0,0.2539,48456
0,0.2539,63027
0,0.2539,529603
0,0.2539,530880
0,0.2539,531732
0,0.2539,550221
0,0.2540,10180
0,0.2540,10323
0,0.2540,11200
0,0.2540,13932
0,0.2540,14137
0,0.2540,14509
0,0.2540,15997
0,0.2540,16880
0,0.2540,17855
0,0.2540,25773
0,0.2540,33075
0,0.2540,40580
0,0.2540,42753
0,0.2540,47107
0,0.2540,513283
0,0.2540,529519
0,0.2540,802955
0,0.2540,805227
0,0.2541,11363
0,0.2541,15473
0,0.2541,15730
0,0.2541,16105
0,0.2541,24382
0,0.2541,78782
0,0.2541,523482
0,0.2541,802544
0,0.2541,802855
0,0.2542,12606
0,0.2542,12686
0,0.2542,16008
0,0.2542,20664
0,0.2542,21460
0,0.2542,29806
0,0.2542,35584
0,0.2542,37709
0,0.2542,42089
0,0.2542,516369
0,0.2542,553194
0,0.2542,800056
0,0.2542,801561
0,0.2542,803339
0,0.2542,805992
0,0.2543,10205
0,0.2543,10322
0,0.2543,11929
0,0.2543,12872
0,0.2543,13259
0,0.2543,13607
0,0.2543,14686
0,0.2543,15412
0,0.2543,16641
0,0.2543,18419
0,0.2543,19760
0,0.2543,20007
0,0.2543,21416
0,0.2543,24580
0,0.2543,28782
0,0.2543,527599
0,0.2543,530449
0,0.2543,537032
0,0.2543,800212
0,0.2543,907672
0,0.2543,934899
0,0.2544,10099
0,0.2544,10294
0,0.2544,11302
0,0.2544,14223
0,0.2544,21252
0,0.2544,29650
0,0.2544,31664
0,0.2544,34683
0,0.2544,40289
0,0.2544,195264
0,0.2544,515933
0,0.2544,521444
0,0.2544,802081
0,0.2545,10822
0,0.2545,11131
0,0.2545,12445
0,0.2545,14263
0,0.2545,14976
0,0.2545,16275
0,0.2545,16625
0,0.2545,18585
0,0.2545,28254
0,0.2545,28791
0,0.2545,53727
0,0.2545,84758
0,0.2545,515460
0,0.2545,517255
0,0.2545,527509
0,0.2545,530874
0,0.2545,556286
0,0.2545,932796
0,0.2546,10150
0,0.2546,12067
0,0.2546,12104
0,0.2546,12358
0,0.2546,13115
0,0.2546,14061
0,0.2546,18125
0,0.2546,19189
0,0.2546,20818
0,0.2546,23273
0,0.2546,23325
0,0.2546,24319
0,0.2546,26417
0,0.2546,42509
0,0.2546,165025
0,0.2546,256844
0,0.2546,523675
0,0.2546,543989
0,0.2546,801047
0,0.2546,906236
0,0.2547,10255
0,0.2547,10845
0,0.2547,11087
0,0.2547,12319
0,0.2547,13432
0,0.2547,14114
0,0.2547,14127
0,0.2547,15605
0,0.2547,17454
0,0.2547,17696
0,0.2547,20831
0,0.2547,30477
0,0.2547,33307
0,0.2547,512459
0,0.2547,513033
0,0.2547,517256
0,0.2547,520016
0,0.2547,520341
0,0.2547,800757
0,0.2547,802652
0,0.2547,813076
0,0.2548,11214
0,0.2548,12294
0,0.2548,15576
0,0.2548,17823
0,0.2548,20678
0,0.2548,32258
0,0.2548,34949
0,0.2548,47257
0,0.2548,48667
0,0.2548,49318
0,0.2548,53086
0,0.2548,519818
0,0.2548,520581
0,0.2548,521813
0,0.2548,523786
0,0.2548,524968
0,0.2548,529385
0,0.2548,533293
0,0.2548,932322
0,0.2549,12413
0,0.2549,12532
0,0.2549,13442
0,0.2549,13444
0,0.2549,15273
0,0.2549,16139
0,0.2549,16380
0,0.2549,39382
0,0.2549,48146
0,0.2549,62207
0,0.2549,63701
0,0.2549,512273
0,0.2549,517257
0,0.2549,519705
0,0.2549,521075
0,0.2550,10165
0,0.2550,10368
0,0.2550,10967
0,0.2550,11420
0,0.2550,12232
0,0.2550,12947
0,0.2550,15924
0,0.2550,16687
0,0.2550,17143
0,0.2550,18704
0,0.2550,18744
0,0.2550,522746
0,0.2550,841372881
0,0.2551,10185
0,0.2551,10447
0,0.2551,10969
0,0.2551,11900
0,0.2551,12503
0,0.2551,13070
0,0.2551,40046
0,0.2551,81228
0,0.2551,95057
0,0.2551,164031
0,0.2551,514195
0,0.2551,532909
0,0.2551,555502
0,0.2552,11326
0,0.2552,11402
0,0.2552,12105
0,0.2552,13018
0,0.2552,21932
0,0.2552,23602
0,0.2552,24866
0,0.2552,33400
0,0.2552,48125
0,0.2552,59776
0,0.2552,94433
0,0.2552,104220
0,0.2552,152496
0,0.2552,383941
0,0.2552,520792
0,0.2552,532000
0,0.2552,908143
0,0.2553,11618
0,0.2553,12651
0,0.2553,14772
0,0.2553,18678
0,0.2553,19042
0,0.2553,60466
0,0.2553,76420
0,0.2553,512750
0,0.2553,519443
0,0.2553,801395
0,0.2553,801976
0,0.2554,10041
0,0.2554,10175
0,0.2554,11614
0,0.2554,12730
0,0.2554,13640
0,0.2554,15021
0,0.2554,17903
0,0.2554,31681
0,0.2554,39294
0,0.2554,91983
0,0.2554,108738
0,0.2554,142743
0,0.2554,524655
0,0.2554,531583
0,0.2554,555259
0,0.2554,800412
0,0.2554,905812
0,0.2555,13515
0,0.2555,14105
0,0.2555,16708
0,0.2555,35503
0,0.2555,35532
0,0.2555,40768
0,0.2555,512314
0,0.2555,513594
0,0.2555,524717
0,0.2556,10110
0,0.2556,10490
0,0.2556,12107
0,0.2556,13228
0,0.2556,15163
0,0.2556,16599
0,0.2556,21468
0,0.2556,44343
0,0.2556,95758
0,0.2556,515289
0,0.2556,519658
0,0.2556,521025
0,0.2556,521409
0,0.2556,907866
0,0.2557,11085
0,0.2557,15674
0,0.2557,16522
0,0.2557,17691
0,0.2557,22585
0,0.2557,25970
0,0.2557,41598
0,0.2557,73646
0,0.2557,512236
0,0.2557,517512
0,0.2557,802793
0,0.2557,805244
0,0.2558,10564
0,0.2558,12272
0,0.2558,17623
0,0.2558,20185
0,0.2558,25792
0,0.2558,27937
0,0.2558,30233
0,0.2558,42241
0,0.2558,58481
0,0.2558,61285
0,0.2558,81417
0,0.2558,800369
0,0.2558,800702
0,0.2559,11428
0,0.2559,11545
0,0.2559,11663
0,0.2559,12006
0,0.2559,13877
0,0.2559,19963
0,0.2559,22327
0,0.2559,22521
0,0.2559,38847
0,0.2559,52728
0,0.2559,70779
0,0.2559,72491
0,0.2559,158774
0,0.2559,512887
0,0.2559,523372
0,0.2559,802137
0,0.2560,10011
0,0.2560,10704
0,0.2560,11674
0,0.2560,13353
0,0.2560,16254
0,0.2560,18790
0,0.2560,22884
0,0.2560,31198
0,0.2560,41428
0,0.2560,56308
0,0.2560,57935
0,0.2560,70298
0,0.2560,79639
0,0.2560,145530
0,0.2560,514547
0,0.2560,523349
0,0.2560,801491
0,0.2560,809085
0,0.2561,10497
0,0.2561,10820
0,0.2561,11849
0,0.2561,13397
0,0.2561,14817
0,0.2561,17706
0,0.2561,21702
0,0.2561,23236
0,0.2561,24232
0,0.2561,30761
0,0.2561,30935
0,0.2561,516098
0,0.2561,519761
0,0.2561,526612
0,0.2562,11368
0,0.2562,13872
0,0.2562,16381
0,0.2562,17790
0,0.2562,19308
0,0.2562,21527
0,0.2562,69544
0,0.2562,70088
0,0.2562,99882
0,0.2562,111777
0,0.2562,114715
0,0.2562,512357
0,0.2562,520888
0,0.2563,11199
0,0.2563,15713
0,0.2563,16636
0,0.2563,18391
0,0.2563,24614
0,0.2563,35430
0,0.2563,81442
0,0.2563,105406
0,0.2563,514997
0,0.2563,522762
0,0.2563,801452
0,0.2563,801521
0,0.2563,806039
0,0.2563,815281
0,0.2564,10436
0,0.2564,10735
0,0.2564,12584
0,0.2564,14259
0,0.2564,18351
0,0.2564,20300
0,0.2564,21688
0,0.2564,24848
0,0.2564,27179
0,0.2564,44931
0,0.2564,85527
0,0.2564,807924
0,0.2565,10241
0,0.2565,10852
0,0.2565,11915
0,0.2565,12716
0,0.2565,12993
0,0.2565,13273
0,0.2565,14486
0,0.2565,15616
0,0.2565,16579
0,0.2565,26901
0,0.2565,38835
0,0.2565,54462
0,0.2565,61531
0,0.2565,511882
0,0.2565,514125
0,0.2565,522752
0,0.2565,522763
0,0.2565,557215
0,0.2565,801816
0,0.2566,10168
0,0.2566,10855
0,0.2566,11255
0,0.2566,11494
0,0.2566,12933
0,0.2566,13788
0,0.2566,24690
0,0.2566,25517
0,0.2566,32062
0,0.2566,32854
0,0.2566,35743
0,0.2566,50228
0,0.2566,515029
0,0.2566,522738
0,0.2567,11280
0,0.2567,11974
0,0.2567,13121
0,0.2567,14206
0,0.2567,14869
0,0.2567,24558
0,0.2567,39657
0,0.2567,39813
0,0.2567,70651
0,0.2567,224471
0,0.2567,434199
0,0.2567,513463
0,0.2567,513464
0,0.2567,531299
0,0.2567,800605
0,0.2567,804119
0,0.2567,902262
0,0.2568,10517
0,0.2568,10839
0,0.2568,12151
0,0.2568,14194
0,0.2568,14881
0,0.2568,15440
0,0.2568,15514
0,0.2568,22240
0,0.2568,23619
0,0.2568,32825
0,0.2568,46358
0,0.2568,64874
0,0.2568,67174
0,0.2568,91359
0,0.2568,802413
0,0.2568,802954
0,0.2568,813104
0,0.2569,10387
0,0.2569,10553
0,0.2569,11668
0,0.2569,11874
0,0.2569,12318
0,0.2569,13217
0,0.2569,15382
0,0.2569,16794
0,0.2569,30807
0,0.2569,32772
0,0.2569,32967
0,0.2569,33488
0,0.2569,37929
0,0.2569,46388
0,0.2569,57240
0,0.2569,68489
0,0.2569,77821
0,0.2569,512581
0,0.2569,514410
0,0.2569,517202
0,0.2569,518194
0,0.2569,519132
0,0.2569,521236
0,0.2569,523506
0,0.2569,523776
0,0.2569,549098
0,0.2569,803493
0,0.2570,11188
0,0.2570,11568
0,0.2570,11896
0,0.2570,13751
0,0.2570,15362
0,0.2570,25598
0,0.2570,25939
0,0.2570,26798
0,0.2570,32616
0,0.2570,39399
0,0.2570,39753
0,0.2570,125111
0,0.2570,512927
0,0.2570,516643
0,0.2570,529516
0,0.2570,903561
0,0.2571,11021
0,0.2571,11772
0,0.2571,12506
0,0.2571,13317
0,0.2571,14719
0,0.2571,15124
0,0.2571,17902
0,0.2571,23601
0,0.2571,30401
0,0.2571,30873
0,0.2571,31633
0,0.2571,33962
0,0.2571,66209
0,0.2571,67384
0,0.2571,519140
0,0.2571,519616
0,0.2571,522974
0,0.2571,532946
0,0.2571,909363
0,0.2571,155143464
0,0.2572,10302
0,0.2572,10432
0,0.2572,10593
0,0.2572,10617
0,0.2572,10799
0,0.2572,14011
0,0.2572,14523
0,0.2572,14552
0,0.2572,15024
0,0.2572,15955
0,0.2572,24136
0,0.2572,33969
0,0.2572,39739
0,0.2572,42483
0,0.2572,90224
0,0.2572,135681
0,0.2572,519046
0,0.2572,519454
0,0.2572,804555
0,0.2572,808183
0,0.2573,10092
0,0.2573,10097
0,0.2573,12696
0,0.2573,12900
0,0.2573,14063
0,0.2573,15310
0,0.2573,15441
0,0.2573,16493
0,0.2573,23167
0,0.2573,36384
0,0.2573,57243
0,0.2573,58834
0,0.2573,131748
0,0.2573,511823
0,0.2573,514416
0,0.2573,518461
0,0.2573,521241
0,0.2573,552262
0,0.2573,580970
0,0.2574,12411
0,0.2574,12902
0,0.2574,14461
0,0.2574,14464
0,0.2574,15176
0,0.2574,15398
0,0.2574,17835
0,0.2574,17931
0,0.2574,29093
0,0.2574,43113
0,0.2574,68889
0,0.2574,87077
0,0.2574,98157
0,0.2574,111660
0,0.2574,513401
0,0.2574,522815
0,0.2574,523863
0,0.2574,527588
0,0.2574,535347
0,0.2574,804023
0,0.2575,10658
0,0.2575,10748
0,0.2575,12054
0,0.2575,14694
0,0.2575,15001
0,0.2575,15451
0,0.2575,15719
0,0.2575,16360
0,0.2575,17901
0,0.2575,19982
0,0.2575,20715
0,0.2575,25312
0,0.2575,26287
0,0.2575,32016
0,0.2575,35620
0,0.2575,38706
0,0.2575,44005
0,0.2575,512319
0,0.2575,518112
0,0.2575,557904
0,0.2575,800241
0,0.2576,11903
0,0.2576,12091
0,0.2576,14224
0,0.2576,14871
0,0.2576,19362
0,0.2576,20144
0,0.2576,29952
0,0.2576,33562
0,0.2576,36235
0,0.2576,40617
0,0.2576,511881
0,0.2576,512513
0,0.2576,512521
0,0.2576,515950
0,0.2576,570859
0,0.2576,803129
0,0.2576,317223538
0,0.2577,10100
0,0.2577,10462
0,0.2577,10847
0,0.2577,11013
0,0.2577,11180
0,0.2577,15264
0,0.2577,15499
0,0.2577,26772
0,0.2577,27893
0,0.2577,43695
0,0.2577,51764
0,0.2577,94391
0,0.2577,512928
0,0.2577,517059
0,0.2577,520087
0,0.2577,529803
0,0.2578,10825
0,0.2578,12710
0,0.2578,12923
0,0.2578,13301
0,0.2578,14387
0,0.2578,14415
0,0.2578,14539
0,0.2578,15888
0,0.2578,16029
0,0.2578,17175
0,0.2578,18054
0,0.2578,18185
0,0.2578,18779
0,0.2578,29969
0,0.2578,33444
0,0.2578,34690
0,0.2578,56542
0,0.2578,519365
0,0.2578,519895
0,0.2578,520442
0,0.2578,803195
0,0.2579,10288
0,0.2579,10378
0,0.2579,11485
0,0.2579,12809
0,0.2579,13287
0,0.2579,18932
0,0.2579,21822
0,0.2579,40798
0,0.2579,44630
0,0.2579,46615
0,0.2579,53138
0,0.2579,105436
0,0.2579,517548
0,0.2579,800577
0,0.2579,803064
0,0.2580,10138
0,0.2580,10269
0,0.2580,10914
0,0.2580,11263
0,0.2580,12140
0,0.2580,12454
0,0.2580,14192
0,0.2580,14327
0,0.2580,19036
0,0.2580,22185
0,0.2580,32462
0,0.2580,37921
0,0.2580,46466
0,0.2580,47267
0,0.2580,190319
0,0.2580,513284
0,0.2580,555769
0,0.2580,904624
0,0.2581,10816
0,0.2581,10834
0,0.2581,13158
0,0.2581,18921
0,0.2581,19215
0,0.2581,24382
0,0.2581,26412
0,0.2581,27372
0,0.2581,34359
0,0.2581,45024
0,0.2581,59853
0,0.2581,98544
0,0.2581,126642
0,0.2581,147617
0,0.2581,512390
0,0.2581,518541
0,0.2581,519332
0,0.2581,520817
0,0.2581,523636
0,0.2581,524073
0,0.2581,815205
0,0.2582,10362
0,0.2582,10539
0,0.2582,11155
0,0.2582,11373
0,0.2582,12396
0,0.2582,13537
0,0.2582,16707
0,0.2582,16879
0,0.2582,17272
0,0.2582,27302
0,0.2582,31749
0,0.2582,42404
0,0.2582,44903
0,0.2582,53078
0,0.2582,200001
0,0.2582,548337
0,0.2582,803860
0,0.2582,805489
0,0.2583,10691
0,0.2583,13553
0,0.2583,18436
0,0.2583,26601
0,0.2583,27486
0,0.2583,30310
0,0.2583,37265
0,0.2583,44250
0,0.2583,61398
0,0.2583,518707
0,0.2583,521814
0,0.2583,812884
0,0.2583,1050074465
0,0.2584,10114
0,0.2584,10687
0,0.2584,11445
0,0.2584,11497
0,0.2584,11982
0,0.2584,13551
0,0.2584,14023
0,0.2584,18109
0,0.2584,23513
0,0.2584,25045
0,0.2584,33032
0,0.2584,515760
0,0.2584,520435
0,0.2584,522354
0,0.2584,526298
0,0.2584,529811
0,0.2584,803524
0,0.2584,803757
0,0.2584,905303
0,0.2585,10226
0,0.2585,11401
0,0.2585,11699
0,0.2585,11723
0,0.2585,12159
0,0.2585,12297
0,0.2585,12605
0,0.2585,13860
0,0.2585,14223
0,0.2585,14286
0,0.2585,24701
0,0.2585,25709
0,0.2585,84693
0,0.2585,114607
0,0.2585,517722
0,0.2585,518309
0,0.2585,556502
0,0.2585,904161
0,0.2586,10003
0,0.2586,10830
0,0.2586,11103
0,0.2586,11503
0,0.2586,11710
0,0.2586,12333
0,0.2586,12500
0,0.2586,13307
0,0.2586,15244
0,0.2586,15782
0,0.2586,16087
0,0.2586,26665
0,0.2586,35635
0,0.2586,59983
0,0.2586,513283
0,0.2586,522744
0,0.2586,529411
0,0.2586,537899
0,0.2586,800917
0,0.2586,801394
0,0.2587,10099
0,0.2587,11053
0,0.2587,12650
0,0.2587,13258
0,0.2587,13559
0,0.2587,15361
0,0.2587,15693
0,0.2587,16781
0,0.2587,25184
0,0.2587,25328
0,0.2587,27025
0,0.2587,61243
0,0.2587,70486
0,0.2587,83621
0,0.2587,174420
0,0.2587,512307
0,0.2587,515015
0,0.2587,518464
0,0.2587,548428
0,0.2587,811204
0,0.2588,10120
0,0.2588,10525
0,0.2588,10868
0,0.2588,13360
0,0.2588,13680
0,0.2588,18437
0,0.2588,22084
0,0.2588,22900
0,0.2588,26557
0,0.2588,28010
0,0.2588,28674
0,0.2588,38085
0,0.2588,43116
0,0.2588,74781
0,0.2588,512514
0,0.2588,521126
0,0.2588,522715
0,0.2588,805825
0,0.2588,932684
0,0.2589,10063
0,0.2589,10072
0,0.2589,10414
0,0.2589,10494
0,0.2589,10624
0,0.2589,10692
0,0.2589,11416
0,0.2589,14424
0,0.2589,15904
0,0.2589,16125
0,0.2589,16754
0,0.2589,16986
0,0.2589,22799
0,0.2589,39504
0,0.2589,44648
0,0.2589,514405
0,0.2589,515702
0,0.2589,521406
0,0.2589,523684
0,0.2589,807799
0,0.2590,11419
0,0.2590,11532
0,0.2590,12398
0,0.2590,12796
0,0.2590,13507
0,0.2590,14434
0,0.2590,16180
0,0.2590,16399
0,0.2590,18980
0,0.2590,21577
0,0.2590,21692
0,0.2590,27296
0,0.2590,29135
0,0.2590,30352
0,0.2590,30962
0,0.2590,38854
0,0.2590,38975
0,0.2590,54440
0,0.2590,56017
0,0.2590,66976
0,0.2590,83143
0,0.2590,101032
0,0.2590,511828
0,0.2590,514045
0,0.2590,801998
0,0.2591,10513
0,0.2591,10846
0,0.2591,11423
0,0.2591,12733
0,0.2591,13246
0,0.2591,13406
0,0.2591,15325
0,0.2591,16517
0,0.2591,17156
0,0.2591,18419
0,0.2591,32505
0,0.2591,100809
0,0.2591,115666
0,0.2591,520210
0,0.2591,555342
0,0.2591,909612
0,0.2592,12368
0,0.2592,12565
0,0.2592,13210
0,0.2592,15117
0,0.2592,15458
0,0.2592,15839
0,0.2592,16700
0,0.2592,17491
0,0.2592,19760
0,0.2592,28109
0,0.2592,54764
0,0.2592,96106
0,0.2592,517763
0,0.2592,521266
0,0.2592,522754
0,0.2592,529512
0,0.2592,539704
0,0.2592,574357
0,0.2592,801280
0,0.2592,814115
0,0.2592,908747
0,0.2592,317223538
0,0.2592,319204020
0,0.2593,10777
0,0.2593,11012
0,0.2593,11466
0,0.2593,12109
0,0.2593,12437
0,0.2593,13985
0,0.2593,16506
0,0.2593,23511
0,0.2593,26402
0,0.2593,34607
0,0.2593,40390
0,0.2593,44690
0,0.2593,48491
0,0.2593,51159
0,0.2593,512328
0,0.2593,513646
0,0.2593,517601
0,0.2593,521059
0,0.2593,522828
0,0.2593,525731
0,0.2593,801210
0,0.2593,802809
0,0.2594,10051
0,0.2594,10969
0,0.2594,11908
0,0.2594,14954
0,0.2594,14961
0,0.2594,16659
0,0.2594,17979
0,0.2594,19902
0,0.2594,24227
0,0.2594,27806
0,0.2594,45288
0,0.2594,58331
0,0.2594,303314
0,0.2594,512305
0,0.2594,522992
0,0.2594,524761
0,0.2594,803566
0,0.2595,10249
0,0.2595,11819
0,0.2595,12487
0,0.2595,13442
0,0.2595,14727
0,0.2595,15535
0,0.2595,15568
0,0.2595,15828
0,0.2595,20818
0,0.2595,21353
0,0.2595,28022
0,0.2595,32258
0,0.2595,64301
0,0.2595,64607
0,0.2595,76194
0,0.2595,117741
0,0.2595,522734
0,0.2595,558854
0,0.2595,1050215716
0,0.2596,10285
0,0.2596,10356
0,0.2596,10468
0,0.2596,11005
0,0.2596,11030
0,0.2596,11254
0,0.2596,11586
0,0.2596,13517
0,0.2596,14207
0,0.2596,16110
0,0.2596,17419
0,0.2596,18156
0,0.2596,18508
0,0.2596,18823
0,0.2596,19569
0,0.2596,20755
0,0.2596,21687
0,0.2596,23325
0,0.2596,27929
0,0.2596,64180
0,0.2596,123858
0,0.2596,515221
0,0.2596,522753
0,0.2596,527048
0,0.2596,529604
0,0.2596,533103
0,0.2596,916162
0,0.2597,10185
0,0.2597,10404
0,0.2597,10844
0,0.2597,11883
0,0.2597,12104
0,0.2597,13934
0,0.2597,20648
0,0.2597,21932
0,0.2597,30108
0,0.2597,63798
0,0.2597,519230
0,0.2597,520646
0,0.2597,522706
0,0.2597,529385
0,0.2597,531985
0,0.2597,533914
0,0.2597,561653
0,0.2597,802455
0,0.2598,10187
0,0.2598,10781
0,0.2598,11318
0,0.2598,13692
0,0.2598,14747
0,0.2598,15655
0,0.2598,19189
0,0.2598,19274
0,0.2598,23273
0,0.2598,45839
0,0.2598,46178
0,0.2598,52016
0,0.2598,151041
0,0.2598,520188
0,0.2598,529835
0,0.2599,10041
0,0.2599,10050
0,0.2599,10479
0,0.2599,11712
0,0.2599,15351
0,0.2599,15484
0,0.2599,30313
0,0.2599,38858
0,0.2599,42997
0,0.2599,61079
0,0.2599,108860
0,0.2599,512607
0,0.2599,519363
0,0.2599,802615
0,0.2599,808250
0,0.2600,11338
0,0.2600,11717
0,0.2600,12358
0,0.2600,17938
0,0.2600,18744
0,0.2600,21849
0,0.2600,26417
0,0.2600,34576
0,0.2600,46724
0,0.2600,57559
0,0.2600,58146
0,0.2600,513111
0,0.2600,515675
0,0.2600,800847
0,0.2600,805491
0,0.2601,10295
0,0.2601,10652
0,0.2601,10959
0,0.2601,12654
0,0.2601,13428
0,0.2601,14093
0,0.2601,14989
0,0.2601,15837
0,0.2601,21263
0,0.2601,29379
0,0.2601,30498
0,0.2601,40385
0,0.2601,58517
0,0.2601,62156
0,0.2601,67789
0,0.2601,69319
0,0.2601,514015
0,0.2601,515578
0,0.2601,518604
0,0.2601,519347
0,0.2601,529349
0,0.2601,530435
0,0.2601,531769
0,0.2602,10110
0,0.2602,10446
0,0.2602,10515
0,0.2602,11142
0,0.2602,11921
0,0.2602,12264
0,0.2602,12472
0,0.2602,13631
0,0.2602,21568
0,0.2602,23369
0,0.2602,24875
0,0.2602,26284
0,0.2602,38914
0,0.2602,60056
0,0.2602,533811
0,0.2603,10689
0,0.2603,11825
0,0.2603,12228
0,0.2603,12249
0,0.2603,12252
0,0.2603,12635
0,0.2603,34625
0,0.2603,46073
0,0.2603,53086
0,0.2603,58394
0,0.2603,77014
0,0.2603,289948
0,0.2603,434199
0,0.2603,516110
0,0.2603,523564
0,0.2603,555259
0,0.2604,10676
0,0.2604,11170
0,0.2604,11200
0,0.2604,11311
0,0.2604,11447
0,0.2604,11540
0,0.2604,11750
0,0.2604,11806
0,0.2604,12506
0,0.2604,12510
0,0.2604,20705
0,0.2604,31735
0,0.2604,41171
0,0.2604,43756
0,0.2604,58730
0,0.2604,102689
0,0.2604,137497
0,0.2604,536058
0,0.2604,556539
0,0.2604,802174
0,0.2605,10447
0,0.2605,11795
0,0.2605,11832
0,0.2605,13184
0,0.2605,14643
0,0.2605,16551
0,0.2605,16642
0,0.2605,18601
0,0.2605,18911
0,0.2605,27416
0,0.2605,28559
0,0.2605,29713
0,0.2605,34767
0,0.2605,40888
0,0.2605,49627
0,0.2605,66246
0,0.2605,516072
0,0.2605,529489
0,0.2605,543158
0,0.2605,555837
0,0.2605,556346
0,0.2605,802955
0,0.2605,834861
0,0.2606,10175
0,0.2606,10289
0,0.2606,11361
0,0.2606,12343
0,0.2606,14289
0,0.2606,14705
0,0.2606,15680
0,0.2606,15937
0,0.2606,16039
0,0.2606,19594
0,0.2606,33075
0,0.2606,36751
0,0.2606,55527
0,0.2606,60774
0,0.2606,235061
0,0.2606,522809
0,0.2606,527318
0,0.2606,529498
0,0.2606,534361
0,0.2606,800262
0,0.2606,936810
0,0.2607,10302
0,0.2607,10555
0,0.2607,17109
0,0.2607,22708
0,0.2607,22870
0,0.2607,23281
0,0.2607,26537
0,0.2607,30421
0,0.2607,41054
0,0.2607,44816
0,0.2607,45134
0,0.2607,89966
0,0.2607,512608
0,0.2607,520641
0,0.2607,533751
0,0.2607,549229
0,0.2607,555727
0,0.2607,804264
0,0.2607,902789
0,0.2607,936838
0,0.2608,12907
0,0.2608,13595
0,0.2608,13669
0,0.2608,13773
0,0.2608,20402
0,0.2608,22463
0,0.2608,53745
0,0.2608,59387
0,0.2608,209688
0,0.2608,294178
0,0.2608,519144
0,0.2608,524136
0,0.2608,524717
0,0.2608,530449
0,0.2608,532909
0,0.2609,10080
0,0.2609,10385
0,0.2609,10663
0,0.2609,10677
0,0.2609,10917
0,0.2609,12006
0,0.2609,12811
0,0.2609,13013
0,0.2609,14276
0,0.2609,15224
0,0.2609,17454
0,0.2609,18604
0,0.2609,19767
0,0.2609,20468
0,0.2609,21719
0,0.2609,23777
0,0.2609,44669
0,0.2609,44865
0,0.2609,48096
0,0.2609,53290
0,0.2609,511955
0,0.2609,515091
0,0.2609,518690
0,0.2609,533667
0,0.2609,534301
0,0.2609,547689
0,0.2609,800718
0,0.2609,805532
0,0.2610,10293
0,0.2610,11312
0,0.2610,11947
0,0.2610,11977
0,0.2610,12067
0,0.2610,13760
0,0.2610,14509
0,0.2610,14896
0,0.2610,15494
0,0.2610,23854
0,0.2610,25359
0,0.2610,45969
0,0.2610,520115
0,0.2610,530880
0,0.2610,800477
0,0.2611,10669
0,0.2611,11603
0,0.2611,11878
0,0.2611,12802
0,0.2611,13864
0,0.2611,15891
0,0.2611,16051
0,0.2611,16266
0,0.2611,17691
0,0.2611,18165
0,0.2611,18325
0,0.2611,21664
0,0.2611,24741
0,0.2611,30522
0,0.2611,34949
0,0.2611,519050
0,0.2611,519399
0,0.2611,522387
0,0.2611,524074
0,0.2611,525062
0,0.2611,530151
0,0.2611,803241
0,0.2611,910588
0,0.2612,11194
0,0.2612,16430
0,0.2612,17325
0,0.2612,18595
0,0.2612,18730
0,0.2612,22122
0,0.2612,22276
0,0.2612,32315
0,0.2612,42332
0,0.2612,49002
0,0.2612,434891
0,0.2612,512077
0,0.2612,522352
0,0.2612,529603
0,0.2612,555713
0,0.2612,801497
0,0.2612,816236
0,0.2612,918582
0,0.2613,10027
0,0.2613,10224
0,0.2613,11375
0,0.2613,12181
0,0.2613,14640
0,0.2613,14766
0,0.2613,15051
0,0.2613,16473
0,0.2613,25763
0,0.2613,29419
0,0.2613,46262
0,0.2613,48335
0,0.2613,81741
0,0.2613,95249
0,0.2613,556347
0,0.2613,801828
0,0.2613,908183
0,0.2614,10052
0,0.2614,10169
0,0.2614,10292
0,0.2614,11458
0,0.2614,12564
0,0.2614,16440
0,0.2614,16794
0,0.2614,17442
0,0.2614,18504
0,0.2614,19616
0,0.2614,19921
0,0.2614,20620
0,0.2614,21637
0,0.2614,22747
0,0.2614,27522
0,0.2614,64399
0,0.2614,85089
0,0.2614,94433
0,0.2614,154359
0,0.2614,195264
0,0.2614,514988
0,0.2614,520790
0,0.2614,1050014552
0,0.2615,10061
0,0.2615,10133
0,0.2615,11969
0,0.2615,14542
0,0.2615,14912
0,0.2615,16175
0,0.2615,16540
0,0.2615,18343
0,0.2615,20831
0,0.2615,22641
0,0.2615,33598
0,0.2615,45427
0,0.2615,511778
0,0.2615,512795
0,0.2615,536208
0,0.2615,801895
0,0.2615,941319
0,0.2615,374296357
0,0.2616,10150
0,0.2616,10202
0,0.2616,10255
0,0.2616,10278
0,0.2616,10475
0,0.2616,10497
0,0.2616,11210
0,0.2616,11764
0,0.2616,11846
0,0.2616,12762
0,0.2616,12992
0,0.2616,14765
0,0.2616,18226
0,0.2616,19089
0,0.2616,24828
0,0.2616,27596
0,0.2616,31408
0,0.2616,37142
0,0.2616,38268
0,0.2616,49869
0,0.2616,62207
0,0.2616,92696
0,0.2616,104220
0,0.2616,511857
0,0.2616,512927
0,0.2616,514596
0,0.2616,515575
0,0.2616,517512
0,0.2616,520034
0,0.2616,521536
0,0.2616,524610
0,0.2616,537032
0,0.2616,801295
0,0.2616,803013
0,0.2617,10510
0,0.2617,10603
0,0.2617,10612
0,0.2617,11021
0,0.2617,11192
0,0.2617,11893
0,0.2617,12131
0,0.2617,15059
0,0.2617,16836
0,0.2617,17878
0,0.2617,23206
0,0.2617,25792
0,0.2617,50952
0,0.2617,85395
0,0.2617,511975
0,0.2617,518777
0,0.2617,525061
0,0.2617,803048
0,0.2618,10243
0,0.2618,10308
0,0.2618,11726
0,0.2618,12259
0,0.2618,13115
0,0.2618,19956
0,0.2618,23197
0,0.2618,39847
0,0.2618,44008
0,0.2618,81201
0,0.2618,518375
0,0.2618,524655
0,0.2618,903679
0,0.2619,10160
0,0.2619,10172
0,0.2619,10291
0,0.2619,10371
0,0.2619,10376
0,0.2619,11363
0,0.2619,11495
0,0.2619,12345
0,0.2619,13347
0,0.2619,13456
0,0.2619,15304
0,0.2619,15495
0,0.2619,18779
0,0.2619,19011
0,0.2619,23812
0,0.2619,24463
0,0.2619,26353
0,0.2619,28791
0,0.2619,38272
0,0.2619,44827
0,0.2619,517723
0,0.2619,517913
0,0.2619,519720
0,0.2619,521814
0,0.2619,532747
0,0.2619,555238
0,0.2619,801970
0,0.2619,811415
0,0.2619,819096
0,0.2620,10170
0,0.2620,10290
0,0.2620,12423
0,0.2620,13317
0,0.2620,13613
0,0.2620,17554
0,0.2620,18953
0,0.2620,30181
0,0.2620,35196
0,0.2620,50397
0,0.2620,119860
0,0.2620,512858
0,0.2620,523675
0,0.2620,800827
0,0.2620,374296357
0,0.2621,10241
0,0.2621,10323
0,0.2621,13018
0,0.2621,13219
0,0.2621,15657
0,0.2621,16907
0,0.2621,24634
0,0.2621,28123
0,0.2621,30443
0,0.2621,34252
0,0.2621,35474
0,0.2621,126963
0,0.2621,523626
0,0.2621,537135
0,0.2621,556038
0,0.2621,802544
0,0.2621,806037
0,0.2622,10184
0,0.2622,11238
0,0.2622,11989
0,0.2622,12060
0,0.2622,12732
0,0.2622,12943
0,0.2622,14881
0,0.2622,29939
0,0.2622,30371
0,0.2622,31786
0,0.2622,36704
0,0.2622,96692
0,0.2622,126216
0,0.2622,512930
0,0.2622,513463
0,0.2622,515679
0,0.2622,525408
0,0.2622,531708
0,0.2622,533618
0,0.2622,537027
0,0.2622,800890
0,0.2623,11055
0,0.2623,11327
0,0.2623,11344
0,0.2623,12572
0,0.2623,13901
0,0.2623,15932
0,0.2623,17726
0,0.2623,23601
0,0.2623,26741
0,0.2623,63923
0,0.2623,71547
0,0.2623,513174
0,0.2623,514579
0,0.2623,800056
0,0.2624,10294
0,0.2624,11201
0,0.2624,12319
0,0.2624,16178
0,0.2624,16538
0,0.2624,17369
0,0.2624,19334
0,0.2624,25939
0,0.2624,47922
0,0.2624,53190
0,0.2624,85527
0,0.2624,514045
0,0.2624,530460
0,0.2624,532751
0,0.2624,555176
0,0.2624,802543
0,0.2624,902501
0,0.2624,904983
0,0.2625,10661
0,0.2625,11253
0,0.2625,11314
0,0.2625,11455
0,0.2625,11670
0,0.2625,11937
0,0.2625,12947
0,0.2625,13526
0,0.2625,14499
0,0.2625,15789
0,0.2625,15887
0,0.2625,16553
0,0.2625,16743
0,0.2625,18749
0,0.2625,21296
0,0.2625,28186
0,0.2625,35743
0,0.2625,79819
0,0.2625,383941
0,0.2625,515757
0,0.2626,10011
0,0.2626,10332
0,0.2626,11618
0,0.2626,12055
0,0.2626,13740
0,0.2626,13771
0,0.2626,13830
0,0.2626,15212
0,0.2626,17667
0,0.2626,18170
0,0.2626,23619
0,0.2626,23703
0,0.2626,24382
0,0.2626,34801
0,0.2626,512185
0,0.2626,512750
0,0.2626,512793
0,0.2626,521241
0,0.2626,526786
0,0.2626,529519
0,0.2626,803070
0,0.2626,879469321
0,0.2627,10099
0,0.2627,10210
0,0.2627,14664
0,0.2627,15273
0,0.2627,15534
0,0.2627,18585
0,0.2627,18932
0,0.2627,19612
0,0.2627,27925
0,0.2627,29987
0,0.2627,35532
0,0.2627,41949
0,0.2627,57935
0,0.2627,518194
0,0.2627,519331
0,0.2627,555383
0,0.2628,10122
0,0.2628,11324
0,0.2628,14464
0,0.2628,14714
0,0.2628,14736
0,0.2628,16075
0,0.2628,16910
0,0.2628,23654
0,0.2628,23810
0,0.2628,25481
0,0.2628,31292
0,0.2628,37190
0,0.2628,55178
0,0.2628,57505
0,0.2628,98698
0,0.2628,287884
0,0.2628,512319
0,0.2628,513146
0,0.2628,513537
0,0.2628,519132
0,0.2628,520572
0,0.2628,522410
0,0.2628,527653
0,0.2629,10074
0,0.2629,10537
0,0.2629,10802
0,0.2629,11607
0,0.2629,12575
0,0.2629,12900
0,0.2629,13615
0,0.2629,15562
0,0.2629,22461
0,0.2629,34992
0,0.2629,53652
0,0.2629,94555
0,0.2629,513219
0,0.2629,514265
0,0.2629,517548
0,0.2629,521059
0,0.2629,521203
0,0.2629,555340
0,0.2629,803210
0,0.2630,10114
0,0.2630,10285
0,0.2630,10949
0,0.2630,11221
0,0.2630,11497
0,0.2630,11638
0,0.2630,12101
0,0.2630,16504
0,0.2630,17901
0,0.2630,18125
0,0.2630,18559
0,0.2630,26666
0,0.2630,29116
0,0.2630,30716
0,0.2630,89801
0,0.2630,130279
0,0.2630,222777
0,0.2630,512662
0,0.2630,522428
0,0.2630,801530
0,0.2630,907803
0,0.2631,10137
0,0.2631,11199
0,0.2631,14215
0,0.2631,25459
0,0.2631,27191
0,0.2631,27296
0,0.2631,36295
0,0.2631,50444
0,0.2631,521745
0,0.2631,524133
0,0.2631,524361
0,0.2632,11075
0,0.2632,16875
0,0.2632,18204
0,0.2632,20774
0,0.2632,23416
0,0.2632,25236
0,0.2632,27413
0,0.2632,34187
0,0.2632,38454
0,0.2632,38835
0,0.2632,132121
0,0.2632,512544
0,0.2632,521701
0,0.2632,525354
0,0.2632,530668
0,0.2632,879469321
0,0.2633,11161
0,0.2633,11896
0,0.2633,45722
0,0.2633,50903
0,0.2633,88157
0,0.2633,514997
0,0.2633,520817
0,0.2633,521240
0,0.2633,521292
0,0.2633,523600
0,0.2633,559335
0,0.2633,574147
0,0.2633,800743
0,0.2633,800928
0,0.2633,805227
0,0.2634,10286
0,0.2634,12159
0,0.2634,12606
0,0.2634,12651
0,0.2634,14011
0,0.2634,16734
0,0.2634,17131
0,0.2634,22072
0,0.2634,38657
0,0.2634,42374
0,0.2634,65458
0,0.2634,97678
0,0.2634,512947
0,0.2634,520155
0,0.2634,524167
0,0.2634,800594
0,0.2635,10057
0,0.2635,10421
0,0.2635,10854
0,0.2635,11010
0,0.2635,11604
0,0.2635,11688
0,0.2635,12355
0,0.2635,12532
0,0.2635,15612
0,0.2635,16687
0,0.2635,23315
0,0.2635,36812
0,0.2635,59776
0,0.2635,107241
0,0.2635,518513
0,0.2635,518830
0,0.2635,520367
0,0.2635,535668
0,0.2636,10138
0,0.2636,10638
0,0.2636,11365
0,0.2636,11856
0,0.2636,11900
0,0.2636,12091
0,0.2636,12398
0,0.2636,12445
0,0.2636,13229
0,0.2636,13800
0,0.2636,15145
0,0.2636,15999
0,0.2636,17759
0,0.2636,18915
0,0.2636,27043
0,0.2636,30310
0,0.2636,40374
0,0.2636,58481
0,0.2636,74482
0,0.2636,95462
0,0.2636,514605
0,0.2636,515289
0,0.2636,539151
0,0.2636,932796
0,0.2637,10564
0,0.2637,10847
0,0.2637,10969
0,0.2637,12232
0,0.2637,14619
0,0.2637,15360
0,0.2637,19486
0,0.2637,21646
0,0.2637,58532
0,0.2637,59018
0,0.2637,65472
0,0.2637,84256
0,0.2637,96137
0,0.2637,131748
0,0.2637,514405
0,0.2637,515933
0,0.2637,517256
0,0.2637,522761
0,0.2638,10338
0,0.2638,10466
0,0.2638,12388
0,0.2638,13305
0,0.2638,13586
0,0.2638,13650
0,0.2638,13772
0,0.2638,14137
0,0.2638,14756
0,0.2638,14869
0,0.2638,15514
0,0.2638,16537
0,0.2638,18745
0,0.2638,25797
0,0.2638,34896
0,0.2638,42483
0,0.2638,513283
0,0.2638,517257
0,0.2638,522757
0,0.2638,531999
0,0.2638,800213
0,0.2639,13306
0,0.2639,13667
0,0.2639,14206
0,0.2639,19760
0,0.2639,20007
0,0.2639,26619
0,0.2639,27117
0,0.2639,28254
0,0.2639,514582
0,0.2639,556502
0,0.2639,803599
0,0.2639,813076
0,0.2639,932322
0,0.2639,1050045395
0,0.2640,10879
0,0.2640,11220
0,0.2640,11711
0,0.2640,12503
0,0.2640,13281
0,0.2640,13559
0,0.2640,13643
0,0.2640,14192
0,0.2640,15914
0,0.2640,18743
0,0.2640,20600
0,0.2640,25684
0,0.2640,38847
0,0.2640,40046
0,0.2640,48667
0,0.2640,55385
0,0.2640,81228
0,0.2640,511828
0,0.2640,521662
0,0.2641,10319
0,0.2641,10910
0,0.2641,12506
0,0.2641,12813
0,0.2641,13228
0,0.2641,13442
0,0.2641,14871
0,0.2641,16127
0,0.2641,17244
0,0.2641,17931
0,0.2641,22240
0,0.2641,25532
0,0.2641,25638
0,0.2641,65657
0,0.2641,104033
0,0.2641,516739
0,0.2641,519131
0,0.2641,522841
0,0.2641,523716
0,0.2641,803982
0,0.2642,10920
0,0.2642,10967
0,0.2642,13087
0,0.2642,14223
0,0.2642,14434
0,0.2642,16781
0,0.2642,19541
0,0.2642,22884
0,0.2642,67864
0,0.2642,68889
0,0.2642,247112
0,0.2642,512255
0,0.2642,515062
0,0.2643,10264
0,0.2643,10531
0,0.2643,10683
0,0.2643,10974
0,0.2643,13363
0,0.2643,13371
0,0.2643,18766
0,0.2643,20185
0,0.2643,23230
0,0.2643,27682
0,0.2643,55630
0,0.2643,57797
0,0.2643,61398
0,0.2643,98544
0,0.2643,511841
0,0.2643,521928
0,0.2643,530790
0,0.2643,539675
0,0.2643,805244
0,0.2644,10952
0,0.2644,11428
0,0.2644,11768
0,0.2644,18712
0,0.2644,19720
0,0.2644,23325
0,0.2644,48982
0,0.2644,58909
0,0.2644,63122
0,0.2644,76412
0,0.2644,101652
0,0.2644,123422
0,0.2644,512187
0,0.2644,512314
0,0.2644,520642
0,0.2644,522974
0,0.2644,524732
0,0.2644,531862
0,0.2644,555344
0,0.2644,805165
0,0.2645,10754
0,0.2645,11213
0,0.2645,11945
0,0.2645,12176
0,0.2645,12843
0,0.2645,13969
0,0.2645,15616
0,0.2645,16641
0,0.2645,18419
0,0.2645,18790
0,0.2645,19886
0,0.2645,19999
0,0.2645,20545
0,0.2645,27308
0,0.2645,33053
0,0.2645,38706
0,0.2645,76219
0,0.2645,511839
0,0.2645,514547
0,0.2645,520812
0,0.2645,800022
0,0.2645,805757
0,0.2645,808183
0,0.2646,10704
0,0.2646,10800
0,0.2646,10816
0,0.2646,11131
0,0.2646,12104
0,0.2646,13079
0,0.2646,15170
0,0.2646,15176
0,0.2646,16210
0,0.2646,17764
0,0.2646,19618
0,0.2646,21688
0,0.2646,26136
0,0.2646,33038
0,0.2646,39095
0,0.2646,41801
0,0.2646,56322
0,0.2646,80867
0,0.2646,512513
0,0.2646,513769
0,0.2646,519866
0,0.2646,523776
0,0.2646,556449
0,0.2646,803732
0,0.2646,932321
0,0.2647,10041
0,0.2647,10494
0,0.2647,10566
0,0.2647,11402
0,0.2647,11635
0,0.2647,12054
0,0.2647,12488
0,0.2647,12747
0,0.2647,13258
0,0.2647,15890
0,0.2647,16275
0,0.2647,25045
0,0.2647,26718
0,0.2647,33838
0,0.2647,37552
0,0.2647,57555
0,0.2647,168492
0,0.2647,215209
0,0.2647,511823
0,0.2647,514413
0,0.2647,529520
0,0.2647,801998
0,0.2648,10185
0,0.2648,10707
0,0.2648,12137
0,0.2648,12194
0,0.2648,12676
0,0.2648,14075
0,0.2648,15163
0,0.2648,20818
0,0.2648,24776
0,0.2648,29493
0,0.2648,31911
0,0.2648,48491
0,0.2648,56877
0,0.2648,514125
0,0.2648,514546
0,0.2648,519927
0,0.2648,800203
0,0.2648,808159
0,0.2649,10120
0,0.2649,10222
0,0.2649,10840
0,0.2649,11673
0,0.2649,11734
0,0.2649,12730
0,0.2649,16493
0,0.2649,19239
0,0.2649,22185
0,0.2649,24232
0,0.2649,29129
0,0.2649,30190
0,0.2649,57381
0,0.2649,516256
0,0.2649,518220
0,0.2649,519946
0,0.2649,522387
0,0.2649,571495
0,0.2650,10107
0,0.2650,10553
0,0.2650,10986
0,0.2650,11634
0,0.2650,13158
0,0.2650,33079
0,0.2650,41743
0,0.2650,801982
0,0.2650,906003
0,0.2651,10265
0,0.2651,10479
0,0.2651,11064
0,0.2651,11072
0,0.2651,11628
0,0.2651,12088
0,0.2651,12095
0,0.2651,12318
0,0.2651,12358
0,0.2651,14697
0,0.2651,16579
0,0.2651,18744
0,0.2651,20780
0,0.2651,24671
0,0.2651,32258
0,0.2651,46200
0,0.2651,69544
0,0.2651,512106
0,0.2651,515015
0,0.2651,519461
0,0.2651,529385
0,0.2651,533946
0,0.2651,802046
0,0.2652,10035
0,0.2652,10110
0,0.2652,12809
0,0.2652,14259
0,0.2652,17162
0,0.2652,17177
0,0.2652,19025
0,0.2652,21692
0,0.2652,24922
0,0.2652,25773
0,0.2652,26485
0,0.2652,29135
0,0.2652,30933
0,0.2652,40396
0,0.2652,42083
0,0.2652,49630
0,0.2652,53086
0,0.2652,140134
0,0.2652,178990
0,0.2652,261784
0,0.2652,519616
0,0.2652,801085
0,0.2653,10108
0,0.2653,10545
0,0.2653,11032
0,0.2653,11440
0,0.2653,11460
0,0.2653,11932
0,0.2653,12297
0,0.2653,13031
0,0.2653,13710
0,0.2653,14686
0,0.2653,17825
0,0.2653,18437
0,0.2653,19615
0,0.2653,50228
0,0.2653,54104
0,0.2653,54440
0,0.2653,520337
0,0.2653,524968
0,0.2653,531557
0,0.2653,800062
0,0.2654,10299
0,0.2654,10517
0,0.2654,11252
0,0.2654,11261
0,0.2654,13896
0,0.2654,14717
0,0.2654,16659
0,0.2654,16951
0,0.2654,18937
0,0.2654,19290
0,0.2654,24656
0,0.2654,24683
0,0.2654,27893
0,0.2654,46466
0,0.2654,47107
0,0.2654,511756
0,0.2654,520236
0,0.2654,520888
0,0.2654,522354
0,0.2654,800474
0,0.2654,801816
0,0.2654,906612
0,0.2655,10044
0,0.2655,12716
0,0.2655,13585
0,0.2655,13836
0,0.2655,17685
0,0.2655,17849
0,0.2655,18597
0,0.2655,21563
0,0.2655,21731
0,0.2655,29806
0,0.2655,44313
0,0.2655,524894
0,0.2655,536349
0,0.2655,802296
0,0.2655,803129
0,0.2656,10167
0,0.2656,10368
0,0.2656,10414
0,0.2656,11485
0,0.2656,12411
0,0.2656,15325
0,0.2656,15382
0,0.2656,16026
0,0.2656,16617
0,0.2656,17420
0,0.2656,17508
0,0.2656,30801
0,0.2656,82205
0,0.2656,137777
0,0.2656,174420
0,0.2656,520087
0,0.2656,524033
0,0.2656,526612
0,0.2656,800412
0,0.2656,906228
0,0.2657,10119
0,0.2657,10497
0,0.2657,10501
0,0.2657,11030
0,0.2657,11200
0,0.2657,11255
0,0.2657,11303
0,0.2657,11671
0,0.2657,14001
0,0.2657,17790
0,0.2657,17821
0,0.2657,18889
0,0.2657,25780
0,0.2657,31070
0,0.2657,34367
0,0.2657,56032
0,0.2657,511757
0,0.2657,521256
0,0.2657,521261
0,0.2657,522762
0,0.2657,522828
0,0.2658,10168
0,0.2658,11445
0,0.2658,12733
0,0.2658,13121
0,0.2658,19452
0,0.2658,19498
0,0.2658,22709
0,0.2658,43781
0,0.2658,70651
0,0.2658,86264
0,0.2658,106593
0,0.2658,520439
0,0.2658,526298
0,0.2658,904022
0,0.2658,912111327
0,0.2659,10165
0,0.2659,10428
0,0.2659,11174
0,0.2659,12140
0,0.2659,13537
0,0.2659,22066
0,0.2659,23602
0,0.2659,24340
0,0.2659,62207
0,0.2659,194213
0,0.2659,522789
0,0.2659,529550
0,0.2659,800845
0,0.2659,805447
0,0.2660,10003
0,0.2660,11923
0,0.2660,12644
0,0.2660,13018
0,0.2660,13698
0,0.2660,15362
0,0.2660,15364
0,0.2660,17175
0,0.2660,27302
0,0.2660,30981
0,0.2660,37921
0,0.2660,70325
0,0.2660,514230
0,0.2660,520210
0,0.2660,527048
0,0.2660,214700177
0,0.2661,11712
0,0.2661,12553
0,0.2661,12993
0,0.2661,13033
0,0.2661,14566
0,0.2661,17823
0,0.2661,19283
0,0.2661,26417
0,0.2661,28190
0,0.2661,32545
0,0.2661,39253
0,0.2661,48914
0,0.2661,516110
0,0.2661,517202
0,0.2661,539620
0,0.2661,800618
0,0.2661,800696
0,0.2661,803007
0,0.2661,912379
0,0.2662,10285
0,0.2662,11025
0,0.2662,11772
0,0.2662,12455
0,0.2662,12565
0,0.2662,13026
0,0.2662,14029
0,0.2662,14330
0,0.2662,15361
0,0.2662,21637
0,0.2662,22567
0,0.2662,28674
0,0.2662,30169
0,0.2662,31839
0,0.2662,36524
0,0.2662,39368
0,0.2662,52728
0,0.2662,99882
0,0.2662,114858
0,0.2662,517500
0,0.2662,521763
0,0.2662,805926
0,0.2662,813104
0,0.2663,10399
0,0.2663,11142
0,0.2663,11709
0,0.2663,11805
0,0.2663,16194
0,0.2663,19341
0,0.2663,19751
0,0.2663,19995
0,0.2663,21227
0,0.2663,29535
0,0.2663,514277
0,0.2663,523636
0,0.2663,800392
0,0.2664,10604
0,0.2664,11021
0,0.2664,11699
0,0.2664,12341
0,0.2664,12811
0,0.2664,14224
0,0.2664,15371
0,0.2664,15888
0,0.2664,19327
0,0.2664,20831
0,0.2664,25210
0,0.2664,32675
0,0.2664,39608
0,0.2664,61921
0,0.2664,64180
0,0.2664,518461
0,0.2664,524902
0,0.2664,527350
0,0.2664,529498
0,0.2664,808456
0,0.2664,813291
0,0.2665,10356
0,0.2665,11326
0,0.2665,11903
0,0.2665,13317
0,0.2665,14424
0,0.2665,16794
0,0.2665,18156
0,0.2665,19982
0,0.2665,25723
0,0.2665,28010
0,0.2665,39262
0,0.2665,73397
0,0.2665,81442
0,0.2665,489781
0,0.2665,517105
0,0.2665,518604
0,0.2665,521584
0,0.2665,522815
0,0.2665,800809
0,0.2666,10027
0,0.2666,12817
0,0.2666,14040
0,0.2666,14694
0,0.2666,17156
0,0.2666,17173
0,0.2666,22870
0,0.2666,41887
0,0.2666,58730
0,0.2666,81710
0,0.2666,92871
0,0.2666,114715
0,0.2666,520119
0,0.2666,521027
0,0.2666,521063
0,0.2666,527588
0,0.2667,10495
0,0.2667,10574
0,0.2667,10852
0,0.2667,11419
0,0.2667,12037
0,0.2667,12333
0,0.2667,12777
0,0.2667,15458
0,0.2667,20272
0,0.2667,21613
0,0.2667,23073
0,0.2667,88944
0,0.2667,515950
0,0.2667,800184
0,0.2667,801933
0,0.2668,11053
0,0.2668,11836
0,0.2668,13058
0,0.2668,13310
0,0.2668,15535
0,0.2668,16706
0,0.2668,18728
0,0.2668,20889
0,0.2668,24016
0,0.2668,26211
0,0.2668,53641
0,0.2668,61896
0,0.2668,71611
0,0.2668,102359
0,0.2668,511881
0,0.2668,513846
0,0.2668,522738
0,0.2668,558344
0,0.2668,807924
0,0.2669,10593
0,0.2669,11710
0,0.2669,12327
0,0.2669,12654
0,0.2669,13312
0,0.2669,14918
0,0.2669,15114
0,0.2669,15997
0,0.2669,16438
0,0.2669,17402
0,0.2669,19189
0,0.2669,24142
0,0.2669,25628
0,0.2669,31642
0,0.2669,43096
0,0.2669,46409
0,0.2669,56970
0,0.2669,59057
0,0.2669,59983
0,0.2669,95057
0,0.2669,138443
0,0.2669,513401
0,0.2669,516666
0,0.2669,519230
0,0.2669,530449
0,0.2669,536048
0,0.2669,555176
0,0.2669,556286
0,0.2669,814430
0,0.2670,10735
0,0.2670,12491
0,0.2670,12900
0,0.2670,13307
0,0.2670,14289
0,0.2670,16093
0,0.2670,17419
0,0.2670,17835
0,0.2670,23273
0,0.2670,25713
0,0.2670,26607
0,0.2670,42700
0,0.2670,50424
0,0.2670,513284
0,0.2670,518540
0,0.2670,520034
0,0.2670,534419
0,0.2670,800085
0,0.2670,814468
0,0.2670,906554
0,0.2670,923228
0,0.2671,11455
0,0.2671,12646
0,0.2671,13124
0,0.2671,14205
0,0.2671,16249
0,0.2671,18109
0,0.2671,19036
0,0.2671,23261
0,0.2671,23479
0,0.2671,25362
0,0.2671,27615
0,0.2671,49947
0,0.2671,54285
0,0.2671,515844
0,0.2671,523506
0,0.2671,525958
0,0.2671,555342
0,0.2671,556700
0,0.2671,140334446
0,0.2672,10018
0,0.2672,10997
0,0.2672,11280
0,0.2672,11518
0,0.2672,12825
0,0.2672,13872
0,0.2672,14997
0,0.2672,15768
0,0.2672,16816
0,0.2672,17787
0,0.2672,18054
0,0.2672,18426
0,0.2672,30331
0,0.2672,58394
0,0.2672,127571
0,0.2672,512927
0,0.2672,520817
0,0.2672,521075
0,0.2672,521129
0,0.2672,524761
0,0.2673,10290
0,0.2673,11061
0,0.2673,11701
0,0.2673,13217
0,0.2673,13342
0,0.2673,13428
0,0.2673,14939
0,0.2673,16311
0,0.2673,17408
0,0.2673,18838
0,0.2673,19274
0,0.2673,23809
0,0.2673,27725
0,0.2673,48342
0,0.2673,512390
0,0.2673,513460
0,0.2673,516513
0,0.2673,519132
0,0.2673,519895
0,0.2673,521814
0,0.2673,558854
0,0.2673,805489
0,0.2673,879469321
0,0.2674,10172
0,0.2674,11497
0,0.2674,11902
0,0.2674,12135
0,0.2674,13427
0,0.2674,13760
0,0.2674,14881
0,0.2674,15051
0,0.2674,15141
0,0.2674,15924
0,0.2674,16198
0,0.2674,17454
0,0.2674,21904
0,0.2674,33775
0,0.2674,40289
0,0.2674,45311
0,0.2674,513630
0,0.2674,521092
0,0.2674,521126
0,0.2674,549229
0,0.2674,1050014552
0,0.2675,10820
0,0.2675,11896
0,0.2675,12844
0,0.2675,13613
0,0.2675,14093
0,0.2675,14276
0,0.2675,17485
0,0.2675,18779
0,0.2675,21645
0,0.2675,25939
0,0.2675,53437
0,0.2675,140519
0,0.2675,235061
0,0.2675,434199
0,0.2675,522734
0,0.2675,526311
0,0.2676,10404
0,0.2676,11723
0,0.2676,13101
0,0.2676,15782
0,0.2676,15939
0,0.2676,22852
0,0.2676,33224
0,0.2676,34949
0,0.2676,48301
0,0.2676,76486
0,0.2676,104220
0,0.2676,512077
0,0.2676,512328
0,0.2676,517512
0,0.2676,519399
0,0.2676,520115
0,0.2676,532000
0,0.2676,800335
0,0.2676,803592
0,0.2677,10205
0,0.2677,10303
0,0.2677,10365
0,0.2677,11327
0,0.2677,11606
0,0.2677,13007
0,0.2677,13151
0,0.2677,18778
0,0.2677,28184
0,0.2677,67889
0,0.2677,76194
0,0.2677,82136
0,0.2677,94433
0,0.2677,116555
0,0.2677,138585
0,0.2677,184704
0,0.2677,514405
0,0.2677,523786
0,0.2677,800718
0,0.2677,801895
0,0.2677,812884
0,0.2677,936810
0,0.2677,319204020
0,0.2678,10099
0,0.2678,10658
0,0.2678,10831
0,0.2678,11423
0,0.2678,11821
0,0.2678,14705
0,0.2678,15506
0,0.2678,16554
0,0.2678,17367
0,0.2678,18504
0,0.2678,30310
0,0.2678,32475
0,0.2678,32718
0,0.2678,36374
0,0.2678,45024
0,0.2678,47922
0,0.2678,517580
0,0.2678,520621
0,0.2678,521633
0,0.2678,523550
0,0.2678,531708
0,0.2678,533411
0,0.2678,539226
0,0.2678,800171
0,0.2678,800490
0,0.2678,801164
0,0.2678,802955
0,0.2678,804222
0,0.2678,879469321
0,0.2679,10638
0,0.2679,10642
0,0.2679,10692
0,0.2679,12155
0,0.2679,12815
0,0.2679,13273
0,0.2679,14912
0,0.2679,17981
0,0.2679,22446
0,0.2679,23513
0,0.2679,23601
0,0.2679,24702
0,0.2679,26322
0,0.2679,27296
0,0.2679,31681
0,0.2679,38010
0,0.2679,56494
0,0.2679,58834
0,0.2679,63923
0,0.2679,84735
0,0.2679,102689
0,0.2679,511797
0,0.2679,513033
0,0.2679,514045
0,0.2679,519705
0,0.2679,520641
0,0.2679,524655
0,0.2679,524717
0,0.2679,801970
0,0.2679,826175
0,0.2680,10378
0,0.2680,10969
0,0.2680,11371
0,0.2680,11784
0,0.2680,12183
0,0.2680,12454
0,0.2680,13360
0,0.2680,15955
0,0.2680,26987
0,0.2680,31967
0,0.2680,34191
0,0.2680,45745
0,0.2680,56362
0,0.2680,71503
0,0.2680,100420
0,0.2680,116166
0,0.2680,127702
0,0.2680,512549
0,0.2680,514988
0,0.2680,523379
0,0.2680,532079
0,0.2680,803310
0,0.2681,10677
0,0.2681,11614
0,0.2681,12506
0,0.2681,13153
0,0.2681,30504
0,0.2681,35557
0,0.2681,35743
0,0.2681,38425
0,0.2681,513376
0,0.2681,524156
0,0.2681,529129
0,0.2681,530880
0,0.2681,800077
0,0.2681,800093
0,0.2681,800890
0,0.2681,801295
0,0.2681,805596
0,0.2682,12605
0,0.2682,13259
0,0.2682,13576
0,0.2682,14399
0,0.2682,19100
0,0.2682,21053
0,0.2682,28816
0,0.2682,31975
0,0.2682,34120
0,0.2682,36459
0,0.2682,37142
0,0.2682,53639
0,0.2682,84356
0,0.2682,149501
0,0.2682,511955
0,0.2682,512273
0,0.2682,515966
0,0.2682,519000
0,0.2682,520581
0,0.2682,524733
0,0.2682,532909
0,0.2682,802544
0,0.2683,10065
0,0.2683,10447
0,0.2683,10646
0,0.2683,11495
0,0.2683,11915
0,0.2683,12401
0,0.2683,13932
0,0.2683,16506
0,0.2683,20497
0,0.2683,22122
0,0.2683,32393
0,0.2683,33067
0,0.2683,35532
0,0.2683,41958
0,0.2683,46388
0,0.2683,54602
0,0.2683,61311
0,0.2683,62778
0,0.2683,125973
0,0.2683,513174
0,0.2683,514596
0,0.2683,521536
0,0.2683,529125
0,0.2683,801189
0,0.2683,802784
0,0.2683,807560
0,0.2684,10249
0,0.2684,10394
0,0.2684,12398
0,0.2684,13864
0,0.2684,14328
0,0.2684,15789
0,0.2684,23826
0,0.2684,30419
0,0.2684,34683
0,0.2684,37997
0,0.2684,49839
0,0.2684,175572
0,0.2684,195264
0,0.2684,520440
0,0.2684,523675
0,0.2684,523716
0,0.2685,10150
0,0.2685,10269
0,0.2685,11568
0,0.2685,11663
0,0.2685,11795
0,0.2685,12151
0,0.2685,12796
0,0.2685,13005
0,0.2685,14011
0,0.2685,15731
0,0.2685,16457
0,0.2685,16636
0,0.2685,25792
0,0.2685,28791
0,0.2685,46159
0,0.2685,48638
0,0.2685,85527
0,0.2685,518309
0,0.2685,523060
0,0.2685,579728
0,0.2685,800056
0,0.2685,802461
0,0.2685,810086
0,0.2686,10041
0,0.2686,10687
0,0.2686,11199
0,0.2686,11420
0,0.2686,12283
0,0.2686,12718
0,0.2686,14067
0,0.2686,14464
0,0.2686,17671
0,0.2686,20298
0,0.2686,22427
0,0.2686,24866
0,0.2686,25318
0,0.2686,41144
0,0.2686,512095
0,0.2686,517548
0,0.2686,521409
0,0.2686,521698
0,0.2686,574357
0,0.2686,803013
0,0.2686,803048
0,0.2687,10385
0,0.2687,10468
0,0.2687,10825
0,0.2687,11013
0,0.2687,11085
0,0.2687,11341
0,0.2687,13863
0,0.2687,15117
0,0.2687,15496
0,0.2687,22086
0,0.2687,22963
0,0.2687,23619
0,0.2687,25403
0,0.2687,35540
0,0.2687,67789
0,0.2687,70317
0,0.2687,76899
0,0.2687,77481
0,0.2687,80175
0,0.2687,90835
0,0.2687,519840
0,0.2687,520182
0,0.2687,522746
0,0.2687,529519
0,0.2687,800247
0,0.2687,804556
0,0.2688,10226
0,0.2688,11338
0,0.2688,12802
0,0.2688,13404
0,0.2688,13559
0,0.2688,14869
0,0.2688,16708
0,0.2688,18185
0,0.2688,18932
0,0.2688,20520
0,0.2688,25547
0,0.2688,27507
0,0.2688,30537
0,0.2688,40768
0,0.2688,63998
0,0.2688,124495
0,0.2688,512319
0,0.2688,520435
0,0.2688,543158
0,0.2688,802652
0,0.2688,906684
0,0.2688,912294
0,0.2689,11166
0,0.2689,14523
0,0.2689,15905
0,0.2689,16754
0,0.2689,17696
0,0.2689,24134
0,0.2689,24382
0,0.2689,25184
0,0.2689,26287
0,0.2689,46152
0,0.2689,48120
0,0.2689,57935
0,0.2689,70088
0,0.2689,168586
0,0.2689,511882
0,0.2689,513283
0,0.2689,519692
0,0.2689,522465
0,0.2689,523477
0,0.2689,533103
0,0.2689,537027
0,0.2689,802402
0,0.2690,10105
0,0.2690,10110
0,0.2690,10136
0,0.2690,10180
0,0.2690,10306
0,0.2690,10617
0,0.2690,10847
0,0.2690,11806
0,0.2690,12125
0,0.2690,13287
0,0.2690,18125
0,0.2690,24834
0,0.2690,35109
0,0.2690,64607
0,0.2690,80674
0,0.2690,91633
0,0.2690,125991
0,0.2690,131748
0,0.2690,515735
0,0.2690,531299
0,0.2690,531732
0,0.2690,534301
0,0.2691,12651
0,0.2691,13167
0,0.2691,13255
0,0.2691,15234
0,0.2691,17342
0,0.2691,18238
0,0.2691,24511
0,0.2691,26238
0,0.2691,29009
0,0.2691,34265
0,0.2691,37196
0,0.2691,38338
0,0.2691,42997
0,0.2691,44903
0,0.2691,59198
0,0.2691,258715
0,0.2691,303314
0,0.2691,512858
0,0.2691,513646
0,0.2691,515547
0,0.2691,518194
0,0.2691,532800
0,0.2691,549508
0,0.2691,555238
0,0.2691,800747
0,0.2691,905984
0,0.2691,908747
0,0.2692,10288
0,0.2692,10855
0,0.2692,13302
0,0.2692,13442
0,0.2692,14194
0,0.2692,16274
0,0.2692,16536
0,0.2692,18585
0,0.2692,19334
0,0.2692,28559
0,0.2692,30313
0,0.2692,517601
0,0.2692,522752
0,0.2692,800846
0,0.2693,10175
0,0.2693,11324
0,0.2693,11750
0,0.2693,12240
0,0.2693,12298
0,0.2693,14438
0,0.2693,15237
0,0.2693,15284
0,0.2693,17024
0,0.2693,19760
0,0.2693,30446
0,0.2693,71877
0,0.2693,75379
0,0.2693,110894
0,0.2693,515933
0,0.2693,531862
0,0.2693,555259
0,0.2693,801210
0,0.2693,802252
0,0.2693,807799
0,0.2693,815281
0,0.2694,10187
0,0.2694,12067
0,0.2694,13947
0,0.2694,16986
0,0.2694,18419
0,0.2694,19267
0,0.2694,21609
0,0.2694,21932
0,0.2694,22937
0,0.2694,31656
0,0.2694,516098
0,0.2694,517722
0,0.2694,519140
0,0.2694,520194
0,0.2694,529318
0,0.2694,800546
0,0.2695,10295
0,0.2695,11246
0,0.2695,11318
0,0.2695,12131
0,0.2695,14434
0,0.2695,16862
0,0.2695,17174
0,0.2695,21191
0,0.2695,30664
0,0.2695,38835
0,0.2695,40300
0,0.2695,45539
0,0.2695,50575
0,0.2695,57102
0,0.2695,122745
0,0.2695,512663
0,0.2695,519365
0,0.2695,519818
0,0.2695,521236
0,0.2695,521444
0,0.2695,527409
0,0.2695,530877
0,0.2695,553194
0,0.2695,926154
0,0.2696,10497
0,0.2696,11426
0,0.2696,12001
0,0.2696,13456
0,0.2696,15393
0,0.2696,16105
0,0.2696,19118
0,0.2696,37981
0,0.2696,45861
0,0.2696,55269
0,0.2696,516643
0,0.2696,531643
0,0.2696,800269
0,0.2696,802107
0,0.2696,803860
0,0.2697,10072
0,0.2697,10479
0,0.2697,11070
0,0.2697,16956
0,0.2697,18601
0,0.2697,20818
0,0.2697,27119
0,0.2697,71649
0,0.2697,84758
0,0.2697,100478
0,0.2697,513111
0,0.2697,515757
0,0.2697,519865
0,0.2697,529422
0,0.2697,802421
0,0.2697,802704
0,0.2697,941298
0,0.2698,10138
0,0.2698,12358
0,0.2698,12902
0,0.2698,14954
0,0.2698,19215
0,0.2698,23209
0,0.2698,39134
0,0.2698,49464
0,0.2698,70126
0,0.2698,72491
0,0.2698,514997
0,0.2698,521241
0,0.2698,521374
0,0.2698,523863
0,0.2698,530151
0,0.2698,542056
0,0.2698,557861
0,0.2698,558460
0,0.2698,802080
0,0.2698,902874
0,0.2698,701647131
0,0.2699,10100
0,0.2699,10102
0,0.2699,10579
0,0.2699,12319
0,0.2699,15226
0,0.2699,19158
0,0.2699,25045
0,0.2699,30039
0,0.2699,35128
0,0.2699,35558
0,0.2699,56036
0,0.2699,58517
0,0.2699,113924
0,0.2699,146366
0,0.2699,513340
0,0.2699,518488
0,0.2699,529408
0,0.2700,10236
0,0.2700,10564
0,0.2700,12091
0,0.2700,12746
0,0.2700,13035
0,0.2700,15325
0,0.2700,15484
0,0.2700,23325
0,0.2700,29481
0,0.2700,33316
0,0.2700,60774
0,0.2700,98544
0,0.2700,137497
0,0.2700,513499
0,0.2700,523533
0,0.2700,800344
0,0.2700,801684
0,0.2700,801976
0,0.2701,10133
0,0.2701,10376
0,0.2701,10797
0,0.2701,11243
0,0.2701,13305
0,0.2701,14034
0,0.2701,14182
0,0.2701,15502
0,0.2701,18713
0,0.2701,19290
0,0.2701,23083
0,0.2701,28469
0,0.2701,29436
0,0.2701,44669
0,0.2701,521234
0,0.2701,527585
0,0.2701,559554
0,0.2701,800343
0,0.2701,801193
0,0.2701,801998
0,0.2701,804158
0,0.2701,805532
0,0.2702,10080
0,0.2702,10120
0,0.2702,12006
0,0.2702,12065
0,0.2702,12532
0,0.2702,18744
0,0.2702,30743
0,0.2702,40684
0,0.2702,43191
0,0.2702,49262
0,0.2702,68658
0,0.2702,515048
0,0.2702,834861
0,0.2702,932796
0,0.2703,10169
0,0.2703,10185
0,0.2703,10671
0,0.2703,10777
0,0.2703,10822
0,0.2703,11402
0,0.2703,12104
0,0.2703,14486
0,0.2703,14820
0,0.2703,15929
0,0.2703,16334
0,0.2703,21671
0,0.2703,38272
0,0.2703,48667
0,0.2703,76585
0,0.2703,160320
0,0.2703,512045
0,0.2703,530878
0,0.2703,804835
0,0.2704,10282
0,0.2704,11103
0,0.2704,11892
0,0.2704,13471
0,0.2704,14790
0,0.2704,15514
0,0.2704,15713
0,0.2704,16430
0,0.2704,20144
0,0.2704,22120
0,0.2704,37859
0,0.2704,53086
0,0.2704,73753
0,0.2704,512362
0,0.2704,517401
0,0.2704,533155
0,0.2704,800354
0,0.2704,808721
0,0.2704,918582
0,0.2705,10242
0,0.2705,10322
0,0.2705,14616
0,0.2705,15028
0,0.2705,17325
0,0.2705,19255
0,0.2705,22084
0,0.2705,22240
0,0.2705,23854
0,0.2705,27486
0,0.2705,28254
0,0.2705,28525
0,0.2705,35196
0,0.2705,36780
0,0.2705,44648
0,0.2705,54706
0,0.2705,519363
0,0.2705,531009
0,0.2705,800157
0,0.2705,801459
0,0.2705,805925
0,0.2705,319204020
0,0.2706,10033
0,0.2706,10781
0,0.2706,10839
0,0.2706,11188
0,0.2706,11254
0,0.2706,12443
0,0.2706,13258
0,0.2706,16673
0,0.2706,17380
0,0.2706,20755
0,0.2706,25503
0,0.2706,29458
0,0.2706,42285
0,0.2706,44816
0,0.2706,47438
0,0.2706,48146
0,0.2706,61273
0,0.2706,137495
0,0.2706,511939
0,0.2706,512928
0,0.2706,517723
0,0.2706,521240
0,0.2706,522966
0,0.2706,802566
0,0.2706,924883
0,0.2707,10204
0,0.2707,10243
0,0.2707,10845
0,0.2707,11849
0,0.2707,13773
0,0.2707,14041
0,0.2707,19616
0,0.2707,20339
0,0.2707,20715
0,0.2707,21277
0,0.2707,61398
0,0.2707,142802
0,0.2707,208976
0,0.2707,523392
0,0.2707,568471
0,0.2707,800042
0,0.2707,801530
0,0.2707,879469321
0,0.2708,10114
0,0.2708,10370
0,0.2708,10691
0,0.2708,11270
0,0.2708,12083
0,0.2708,15290
0,0.2708,15674
0,0.2708,17272
0,0.2708,19189
0,0.2708,19586
0,0.2708,30003
0,0.2708,32020
0,0.2708,36245
0,0.2708,43398
0,0.2708,53858
0,0.2708,64301
0,0.2708,66561
0,0.2708,68889
0,0.2708,107195
0,0.2708,521813
0,0.2708,522853
0,0.2708,806387
0,0.2708,904736
0,0.2709,10816
0,0.2709,10898
0,0.2709,11618
0,0.2709,13640
0,0.2709,15209
0,0.2709,22276
0,0.2709,22521
0,0.2709,27614
0,0.2709,29493
0,0.2709,32258
0,0.2709,33168
0,0.2709,48491
0,0.2709,523930
0,0.2709,530872
0,0.2709,574147
0,0.2709,800392
0,0.2709,800838
0,0.2709,801845
0,0.2709,804435
0,0.2709,155143464
0,0.2709,427967297
0,0.2710,10307
0,0.2710,10817
0,0.2710,11529
0,0.2710,11856
0,0.2710,11967
0,0.2710,12107
0,0.2710,13025
0,0.2710,13969
0,0.2710,14408
0,0.2710,15451
0,0.2710,20468
0,0.2710,21252
0,0.2710,55527
0,0.2710,136159
0,0.2710,511828
0,0.2710,518541
0,0.2710,521444
0,0.2710,525306
0,0.2711,10241
0,0.2711,12272
0,0.2711,14137
0,0.2711,17726
0,0.2711,19921
0,0.2711,21204
0,0.2711,25554
0,0.2711,29207
0,0.2711,86523
0,0.2711,86666
0,0.2711,167563
0,0.2711,520390
0,0.2711,521635
0,0.2711,532715
0,0.2711,556346
0,0.2711,804274
0,0.2712,10514
0,0.2712,11200
0,0.2712,15042
0,0.2712,16360
0,0.2712,21564
0,0.2712,35372
0,0.2712,114426
0,0.2712,130455
0,0.2712,513339
0,0.2712,521444
0,0.2712,547701
0,0.2712,556347
0,0.2713,10040
0,0.2713,10725
0,0.2713,11021
0,0.2713,11087
0,0.2713,11874
0,0.2713,11937
0,0.2713,11997
0,0.2713,13317
0,0.2713,15212
0,0.2713,17691
0,0.2713,18980
0,0.2713,21124
0,0.2713,26417
0,0.2713,26832
0,0.2713,46073
0,0.2713,66752
0,0.2713,86661
0,0.2713,105709
0,0.2713,513827
0,0.2713,519144
0,0.2713,519443
0,0.2713,529259
0,0.2713,532750
0,0.2713,555340
0,0.2713,800120
0,0.2713,926518
0,0.2714,10011
0,0.2714,10302
0,0.2714,10371
0,0.2714,10432
0,0.2714,11038
0,0.2714,11406
0,0.2714,11603
0,0.2714,11989
0,0.2714,12259
0,0.2714,13751
0,0.2714,14255
0,0.2714,15382
0,0.2714,16794
0,0.2714,17801
0,0.2714,18921
0,0.2714,21296
0,0.2714,22441
0,0.2714,24828
0,0.2714,29021
0,0.2714,43152
0,0.2714,47369
0,0.2714,47564
0,0.2714,79615
0,0.2714,512947
0,0.2714,521059
0,0.2714,534361
0,0.2714,564864
0,0.2714,800030
0,0.2714,808183
0,0.2715,10846
0,0.2715,11214
0,0.2715,14461
0,0.2715,16440
0,0.2715,17143
0,0.2715,18563
0,0.2715,76243
0,0.2715,86750
0,0.2715,511823
0,0.2715,512002
0,0.2715,512513
0,0.2715,515026
0,0.2715,520021
0,0.2715,521113
0,0.2715,522387
0,0.2715,545611
0,0.2715,555713
0,0.2715,805165
0,0.2715,841372881
0,0.2716,10099
0,0.2716,10118
0,0.2716,10917
0,0.2716,11764
0,0.2716,13568
0,0.2716,14716
0,0.2716,15310
0,0.2716,23359
0,0.2716,25021
0,0.2716,34392
0,0.2716,51658
0,0.2716,80750
0,0.2716,512795
0,0.2716,517724
0,0.2716,520812
0,0.2716,521087
0,0.2716,531829
0,0.2716,545990
0,0.2716,559410
0,0.2716,800082
0,0.2716,800398
0,0.2716,806170
0,0.2717,11210
0,0.2717,12933
0,0.2717,14206
0,0.2717,16584
0,0.2717,17991
0,0.2717,20381
0,0.2717,32959
0,0.2717,39753
0,0.2717,47257
0,0.2717,73897
0,0.2717,513464
0,0.2717,525066
0,0.2717,531425
0,0.2717,914445
0,0.2718,12606
0,0.2718,15024
0,0.2718,15616
0,0.2718,16273
0,0.2718,18437
0,0.2718,23009
0,0.2718,28584
0,0.2718,31627
0,0.2718,51159
0,0.2718,58730
0,0.2718,63124
0,0.2718,70924
0,0.2718,520646
0,0.2718,800446
0,0.2718,903026
0,0.2718,932322
0,0.2719,10061
0,0.2719,10539
0,0.2719,11965
0,0.2719,13628
0,0.2719,14315
0,0.2719,14449
0,0.2719,14727
0,0.2719,16214
0,0.2719,27106
0,0.2719,30068
0,0.2719,30405
0,0.2719,38706
0,0.2719,53290
0,0.2719,55423
0,0.2719,529385
0,0.2719,530668
0,0.2719,532747
0,0.2719,803742
0,0.2720,10097
0,0.2720,14227
0,0.2720,16899
0,0.2720,17379
0,0.2720,17751
0,0.2720,18165
0,0.2720,19218
0,0.2720,20774
0,0.2720,21918
0,0.2720,23232
0,0.2720,26064
0,0.2720,27133
0,0.2720,29908
0,0.2720,40390
0,0.2720,56308
0,0.2720,67174
0,0.2720,67540
0,0.2720,95758
0,0.2720,511926
0,0.2720,801497
0,0.2720,802224
0,0.2720,806636
0,0.2720,908143
0,0.2721,10132
0,0.2721,10222
0,0.2721,10639
0,0.2721,13877
0,0.2721,14881
0,0.2721,16868
0,0.2721,27252
0,0.2721,29582
0,0.2721,54443
0,0.2721,58481
0,0.2721,139178
0,0.2721,142743
0,0.2721,513284
0,0.2721,514863
0,0.2721,515221
0,0.2721,519132
0,0.2721,520642
0,0.2721,521815
0,0.2721,523349
0,0.2721,524073
0,0.2721,527048
0,0.2721,800536
0,0.2721,803005
0,0.2722,10224
0,0.2722,10323
0,0.2722,10719
0,0.2722,11053
0,0.2722,11497
0,0.2722,12297
0,0.2722,14552
0,0.2722,20418
0,0.2722,23500
0,0.2722,23659
0,0.2722,26242
0,0.2722,36123
0,0.2722,514952
0,0.2722,519616
0,0.2722,524432
0,0.2722,530435
0,0.2722,555498
0,0.2722,800226
0,0.2722,803982
0,0.2722,808146
0,0.2722,924167
0,0.2723,11171
0,0.2723,11665
0,0.2723,15534
0,0.2723,29419
0,0.2723,30498
0,0.2723,38454
0,0.2723,55574
0,0.2723,66804
0,0.2723,79759
0,0.2723,514362
0,0.2723,523776
0,0.2723,530449
0,0.2723,536208
0,0.2723,556502
0,0.2723,800412
0,0.2723,800757
0,0.2723,801895
0,0.2723,805227
0,0.2723,906612
0,0.2723,933913
0,0.2724,12252
0,0.2724,12506
0,0.2724,12561
0,0.2724,12720
0,0.2724,14728
0,0.2724,19802
0,0.2724,22405
0,0.2724,30807
0,0.2724,31757
0,0.2724,39442
0,0.2724,58834
0,0.2724,102607
0,0.2724,126216
0,0.2724,139961
0,0.2724,512042
0,0.2724,514045
0,0.2724,517913
0,0.2724,518604
0,0.2724,530667
0,0.2724,555342
0,0.2724,800718
0,0.2724,801187
0,0.2725,10202
0,0.2725,10428
0,0.2725,10510
0,0.2725,10704
0,0.2725,14686
0,0.2725,16687
0,0.2725,17354
0,0.2725,17878
0,0.2725,18156
0,0.2725,19767
0,0.2725,20185
0,0.2725,23273
0,0.2725,23281
0,0.2725,25939
0,0.2725,28190
0,0.2725,38085
0,0.2725,48335
0,0.2725,50960
0,0.2725,76194
0,0.2725,112493
0,0.2725,130279
0,0.2725,519862
0,0.2725,532187
0,0.2725,537032
0,0.2725,800183
0,0.2725,800335
0,0.2726,10969
0,0.2726,12838
0,0.2726,12907
0,0.2726,15602
0,0.2726,15612
0,0.2726,16275
0,0.2726,16537
0,0.2726,18504
0,0.2726,18670
0,0.2726,26901
0,0.2726,32302
0,0.2726,42509
0,0.2726,46871
0,0.2726,55124
0,0.2726,59776
0,0.2726,61285
0,0.2726,222777
0,0.2726,512927
0,0.2726,513594
0,0.2726,518721
0,0.2726,520393
0,0.2726,580819
0,0.2726,800041
0,0.2726,800745
0,0.2726,1050014552
0,0.2727,10529
0,0.2727,10624
0,0.2727,14259
0,0.2727,15858
0,0.2727,16465
0,0.2727,17389
0,0.2727,21353
0,0.2727,31735
0,0.2727,40888
0,0.2727,42890
0,0.2727,47348
0,0.2727,56554
0,0.2727,57577
0,0.2727,514405
0,0.2727,515460
0,0.2727,524133
0,0.2727,547267
0,0.2727,800564
0,0.2727,803210
0,0.2727,805639
0,0.2728,10165
0,0.2728,10289
0,0.2728,11651
0,0.2728,11802
0,0.2728,12345
0,0.2728,13013
0,0.2728,14089
0,0.2728,14885
0,0.2728,15915
0,0.2728,19036
0,0.2728,19478
0,0.2728,42191
0,0.2728,55258
0,0.2728,69233
0,0.2728,76635
0,0.2728,79362
0,0.2728,174420
0,0.2728,513146
0,0.2728,519944
0,0.2728,520773
0,0.2728,521814
0,0.2728,523017
0,0.2728,524361
0,0.2728,801282
0,0.2728,802477
0,0.2728,802668
0,0.2728,803129
0,0.2728,807252
0,0.2729,10137
0,0.2729,10959
0,0.2729,13229
0,0.2729,15408
0,0.2729,18814
0,0.2729,19355
0,0.2729,21692
0,0.2729,27296
0,0.2729,51365
0,0.2729,54465
0,0.2729,57048
0,0.2729,59387
0,0.2729,164031
0,0.2729,517202
0,0.2729,520895
0,0.2729,521675
0,0.2729,522815
0,0.2729,524596
0,0.2729,581422
0,0.2729,800438
0,0.2729,936838
0,0.2730,10041
0,0.2730,12318
0,0.2730,14093
0,0.2730,16139
0,0.2730,17554
0,0.2730,18730
0,0.2730,18779
0,0.2730,21543
0,0.2730,22185
0,0.2730,24701
0,0.2730,25792
0,0.2730,29635
0,0.2730,30310
0,0.2730,32463
0,0.2730,35743
0,0.2730,50420
0,0.2730,60401
0,0.2730,70651
0,0.2730,190319
0,0.2730,513033
0,0.2730,516110
0,0.2730,523786
0,0.2730,800132
0,0.2730,800143
0,0.2730,800890
0,0.2730,801295
0,0.2730,801540
0,0.2730,803169
0,0.2730,805072
0,0.2730,805578
0,0.2730,806760
0,0.2730,903846
0,0.2731,12239
0,0.2731,13217
0,0.2731,14263
0,0.2731,18932
0,0.2731,20945
0,0.2731,21822
0,0.2731,22870
0,0.2731,23601
0,0.2731,38389
0,0.2731,60421
0,0.2731,79979
0,0.2731,125402
0,0.2731,160441
0,0.2731,512305
0,0.2731,513463
0,0.2731,515234
0,0.2731,519514
0,0.2731,520016
0,0.2731,522428
0,0.2731,524655
0,0.2731,549024
0,0.2731,800605
0,0.2731,814115
0,0.2731,909612
0,0.2731,1050045395
0,0.2732,10960
0,0.2732,11112
0,0.2732,11327
0,0.2732,12917
0,0.2732,16180
0,0.2732,16579
0,0.2732,16940
0,0.2732,17156
0,0.2732,17931
0,0.2732,22884
0,0.2732,24708
0,0.2732,26284
0,0.2732,102689
0,0.2732,105436
0,0.2732,152496
0,0.2732,454614
0,0.2732,514410
0,0.2732,523564
0,0.2732,524732
0,0.2732,556539
0,0.2732,800816
0,0.2732,801970
0,0.2733,10341
0,0.2733,12809
0,0.2733,12923
0,0.2733,16907
0,0.2733,17402
0,0.2733,17419
0,0.2733,21449
0,0.2733,24382
0,0.2733,27157
0,0.2733,33298
0,0.2733,37058
0,0.2733,37265
0,0.2733,39813
0,0.2733,40856
0,0.2733,87077
0,0.2733,154759
0,0.2733,530880
0,0.2733,539704
0,0.2733,916091
0,0.2734,10110
0,0.2734,10879
0,0.2734,11585
0,0.2734,12221
0,0.2734,12405
0,0.2734,15176
0,0.2734,15487
0,0.2734,15495
0,0.2734,15789
0,0.2734,16254
0,0.2734,16734
0,0.2734,18351
0,0.2734,18704
0,0.2734,22799
0,0.2734,23619
0,0.2734,25763
0,0.2734,42975
0,0.2734,59983
0,0.2734,89966
0,0.2734,517256
0,0.2734,517512
0,0.2734,517548
0,0.2734,523552
0,0.2734,805544
0,0.2734,813076
0,0.2734,906412
0,0.2735,10150
0,0.2735,10404
0,0.2735,10852
0,0.2735,11181
0,0.2735,11893
0,0.2735,11933
0,0.2735,12396
0,0.2735,12398
0,0.2735,12565
0,0.2735,13559
0,0.2735,17175
0,0.2735,19522
0,0.2735,20831
0,0.2735,23602
0,0.2735,25176
0,0.2735,32257
0,0.2735,42483
0,0.2735,44250
0,0.2735,54597
0,0.2735,75688
0,0.2735,77213
0,0.2735,515675
0,0.2735,517257
0,0.2735,518194
0,0.2735,523675
0,0.2735,540383
0,0.2735,559141
0,0.2735,580097
0,0.2735,803305
0,0.2735,805244
0,0.2736,10981
0,0.2736,13434
0,0.2736,13442
0,0.2736,15441
0,0.2736,16540
0,0.2736,17060
0,0.2736,18588
0,0.2736,18823
0,0.2736,24450
0,0.2736,27179
0,0.2736,28074
0,0.2736,33307
0,0.2736,514125
0,0.2736,524429
0,0.2736,530789
0,0.2736,800004
0,0.2736,800931
0,0.2736,801816
0,0.2736,802544
0,0.2736,803709
0,0.2736,804657
0,0.2736,809233
0,0.2736,904277
0,0.2737,10184
0,0.2737,10285
0,0.2737,10692
0,0.2737,10844
0,0.2737,11085
0,0.2737,12343
0,0.2737,13428
0,0.2737,14871
0,0.2737,15170
0,0.2737,22006
0,0.2737,23162
0,0.2737,27191
0,0.2737,28791
0,0.2737,40994
0,0.2737,62574
0,0.2737,154212
0,0.2737,200001
0,0.2737,511778
0,0.2737,516663
0,0.2737,516919
0,0.2737,520210
0,0.2737,522974
0,0.2737,524761
0,0.2737,800720
0,0.2737,803070
0,0.2738,10914
0,0.2738,11503
0,0.2738,11570
0,0.2738,11982
0,0.2738,13274
0,0.2738,14736
0,0.2738,15398
0,0.2738,17639
0,0.2738,18508
0,0.2738,23165
0,0.2738,27702
0,0.2738,31871
0,0.2738,43866
0,0.2738,513274
0,0.2738,801453
0,0.2738,801609
0,0.2738,806822
0,0.2739,10513
0,0.2739,13985
0,0.2739,14509
0,0.2739,15304
0,0.2739,15997
0,0.2739,16110
0,0.2739,16617
0,0.2739,22791
0,0.2739,23212
0,0.2739,23249
0,0.2739,24963
0,0.2739,27737
0,0.2739,29340
0,0.2739,33492
0,0.2739,81228
0,0.2739,94433
0,0.2739,96586
0,0.2739,172666
0,0.2739,209688
0,0.2739,247112
0,0.2739,511841
0,0.2739,513283
0,0.2739,514547
0,0.2739,517255
0,0.2739,517359
0,0.2739,520817
0,0.2739,532909
0,0.2739,803330
0,0.2739,804663
0,0.2740,11819
0,0.2740,11896
0,0.2740,11943
0,0.2740,15046
0,0.2740,15399
0,0.2740,28248
0,0.2740,33536
0,0.2740,41598
0,0.2740,43445
0,0.2740,104220
0,0.2740,138243
0,0.2740,519331
0,0.2740,520581
0,0.2740,536264
0,0.2740,543506
0,0.2740,819096
0,0.2740,905303
0,0.2741,10479
0,0.2741,11131
0,0.2741,12900
0,0.2741,18281
0,0.2741,20007
0,0.2741,40046
0,0.2741,47802
0,0.2741,54440
0,0.2741,57335
0,0.2741,60241
0,0.2741,70298
0,0.2741,73463
0,0.2741,520087
0,0.2742,10847
0,0.2742,11326
0,0.2742,11403
0,0.2742,11750
0,0.2742,12710
0,0.2742,13008
0,0.2742,13892
0,0.2742,14464
0,0.2742,15163
0,0.2742,19569
0,0.2742,19935
0,0.2742,28123
0,0.2742,29379
0,0.2742,36137
0,0.2742,63798
0,0.2742,69319
0,0.2742,121067
0,0.2742,434891
0,0.2742,519715
0,0.2742,519720
0,0.2742,524717
0,0.2743,10294
0,0.2743,13371
0,0.2743,14733
0,0.2743,16659
0,0.2743,19760
0,0.2743,32062
0,0.2743,35261
0,0.2743,43040
0,0.2743,77245
0,0.2743,84901
0,0.2743,89191
0,0.2743,111660
0,0.2743,512319
0,0.2743,512390
0,0.2743,516820
0,0.2743,519131
0,0.2743,522338
0,0.2743,522745
0,0.2743,558665
0,0.2743,567101
0,0.2743,801828
0,0.2743,806938
0,0.2743,908183
0,0.2744,11805
0,0.2744,14482
0,0.2744,15680
0,0.2744,15839
0,0.2744,18068
0,0.2744,18419
0,0.2744,24136
0,0.2744,28095
0,0.2744,58331
0,0.2744,83968
0,0.2744,85395
0,0.2744,85527
0,0.2744,515091
0,0.2744,515877
0,0.2744,517183
0,0.2744,534008
0,0.2744,800203
0,0.2744,800307
0,0.2744,800784
0,0.2745,10414
0,0.2745,11161
0,0.2745,11338
0,0.2745,13000
0,0.2745,13295
0,0.2745,14772
0,0.2745,15458
0,0.2745,15924
0,0.2745,16641
0,0.2745,16735
0,0.2745,19386
0,0.2745,20818
0,0.2745,24699
0,0.2745,29135
0,0.2745,29957
0,0.2745,30371
0,0.2745,30477
0,0.2745,32315
0,0.2745,32477
0,0.2745,33552
0,0.2745,37142
0,0.2745,87111
0,0.2745,512156
0,0.2745,512903
0,0.2745,521409
0,0.2745,805132
0,0.2745,806021
0,0.2745,807534
0,0.2745,324178811
0,0.2746,10553
0,0.2746,10920
0,0.2746,13740
0,0.2746,15904
0,0.2746,20664
0,0.2746,21882
0,0.2746,21929
0,0.2746,28559
0,0.2746,36253
0,0.2746,58394
0,0.2746,71042
0,0.2746,107571
0,0.2746,522762
0,0.2746,800217
0,0.2746,800606
0,0.2746,802955
0,0.2747,10967
0,0.2747,13121
0,0.2747,16600
0,0.2747,20189
0,0.2747,21128
0,0.2747,35464
0,0.2747,50228
0,0.2747,129368
0,0.2747,521206
0,0.2747,521444
0,0.2747,531755
0,0.2747,579919
0,0.2747,803339
0,0.2747,805491
0,0.2747,808205
0,0.2748,10315
0,0.2748,10799
0,0.2748,11586
0,0.2748,12358
0,0.2748,12732
0,0.2748,12811
0,0.2748,15436
0,0.2748,16553
0,0.2748,21932
0,0.2748,28681
0,0.2748,31906
0,0.2748,34826
0,0.2748,37921
0,0.2748,42241
0,0.2748,58561
0,0.2748,89542
0,0.2748,104187
0,0.2748,515760
0,0.2748,522983
0,0.2748,944533
0,0.2749,10052
0,0.2749,11795
0,0.2749,11900
0,0.2749,11903
0,0.2749,12105
0,0.2749,12411
0,0.2749,14434
0,0.2749,15210
0,0.2749,15273
0,0.2749,16039
0,0.2749,19327
0,0.2749,20253
0,0.2749,23315
0,0.2749,23325
0,0.2749,25684
0,0.2749,36384
0,0.2749,96692
0,0.2749,132382
0,0.2749,235061
0,0.2749,514988
0,0.2749,522753
0,0.2749,522840
0,0.2749,524610
0,0.2749,527475
0,0.2749,936810
0,0.2750,10368
0,0.2750,10744
0,0.2750,10994
0,0.2750,11311
0,0.2750,11673
0,0.2750,13026
0,0.2750,13158
0,0.2750,13607
0,0.2750,16099
0,0.2750,16473
0,0.2750,16671
0,0.2750,17190
0,0.2750,21263
0,0.2750,26130
0,0.2750,34452
0,0.2750,40213
0,0.2750,44690
0,0.2750,68489
0,0.2750,105998
0,0.2750,520155
0,0.2750,549229
0,0.2750,806434
0,0.2750,905812
0,0.2751,10099
0,0.2751,12104
0,0.2751,13698
0,0.2751,14061
0,0.2751,15657
0,0.2751,16087
0,0.2751,19189
0,0.2751,19982
0,0.2751,21778
0,0.2751,34820
0,0.2751,35324
0,0.2751,36812
0,0.2751,43695
0,0.2751,57240
0,0.2751,59994
0,0.2751,136144
0,0.2751,515294
0,0.2751,555257
0,0.2751,801561
0,0.2752,10902
0,0.2752,11201
0,0.2752,12060
0,0.2752,12368
0,0.2752,12547
0,0.2752,12742
0,0.2752,15693
0,0.2752,23167
0,0.2752,32258
0,0.2752,34671
0,0.2752,36306
0,0.2752,40015
0,0.2752,46687
0,0.2752,54462
0,0.2752,57935
0,0.2752,64399
0,0.2752,69544
0,0.2752,125531
0,0.2752,131748
0,0.2752,514546
0,0.2752,518578
0,0.2752,520217
0,0.2752,537899
0,0.2752,802385
0,0.2752,803599
0,0.2752,806927
0,0.2753,10864
0,0.2753,11184
0,0.2753,11280
0,0.2753,12088
0,0.2753,12158
0,0.2753,12716
0,0.2753,12787
0,0.2753,14766
0,0.2753,15820
0,0.2753,15837
0,0.2753,18054
0,0.2753,18327
0,0.2753,18744
0,0.2753,22338
0,0.2753,29713
0,0.2753,34824
0,0.2753,35111
0,0.2753,36070
0,0.2753,42019
0,0.2753,49839
0,0.2753,60466
0,0.2753,61079
0,0.2753,512859
0,0.2753,513518
0,0.2753,519371
0,0.2753,520338
0,0.2753,535347
0,0.2753,803013
0,0.2753,805469
0,0.2753,905528
0,0.2754,10912
0,0.2754,12395
0,0.2754,12802
0,0.2754,18568
0,0.2754,22900
0,0.2754,24634
0,0.2754,26798
0,0.2754,28674
0,0.2754,41913
0,0.2754,67864
0,0.2754,97863
0,0.2754,137459
0,0.2754,512581
0,0.2754,514997
0,0.2754,526298
0,0.2754,529031
0,0.2754,533293
0,0.2754,800269
0,0.2754,801210
0,0.2755,11402
0,0.2755,11712
0,0.2755,12506
0,0.2755,12730
0,0.2755,12762
0,0.2755,13824
0,0.2755,14011
0,0.2755,14299
0,0.2755,14869
0,0.2755,15361
0,0.2755,15514
0,0.2755,15605
0,0.2755,17369
0,0.2755,17454
0,0.2755,25970
0,0.2755,26417
0,0.2755,28767
0,0.2755,30825
0,0.2755,34949
0,0.2755,53086
0,0.2755,63923
0,0.2755,65193
0,0.2755,152687
0,0.2755,195264
0,0.2755,519399
0,0.2755,523821
0,0.2755,533914
0,0.2755,802174
0,0.2755,802809
0,0.2755,803160
0,0.2755,803207
0,0.2755,932321
0,0.2756,10468
0,0.2756,12377
0,0.2756,18749
0,0.2756,21527
0,0.2756,39432
0,0.2756,41688
0,0.2756,43756
0,0.2756,45427
0,0.2756,58532
0,0.2756,69858
0,0.2756,512236
0,0.2756,512858
0,0.2756,519332
0,0.2756,521536
0,0.2756,524968
0,0.2756,525062
0,0.2756,803195
0,0.2756,813104
0,0.2757,12248
0,0.2757,13018
0,0.2757,15362
0,0.2757,17173
0,0.2757,18415
0,0.2757,18940
0,0.2757,19334
0,0.2757,24232
0,0.2757,24968
0,0.2757,25773
0,0.2757,26666
0,0.2757,32388
0,0.2757,33842
0,0.2757,35450
0,0.2757,85686
0,0.2757,512514
0,0.2757,514596
0,0.2757,519865
0,0.2757,521444
0,0.2757,800903
0,0.2757,802097
0,0.2757,804386
0,0.2758,11607
0,0.2758,11734
0,0.2758,13115
0,0.2758,13860
0,0.2758,15499
0,0.2758,15955
0,0.2758,16399
0,0.2758,19740
0,0.2758,25045
0,0.2758,33075
0,0.2758,39253
0,0.2758,55630
0,0.2758,59969
0,0.2758,64874
0,0.2758,91391
0,0.2758,148726
0,0.2758,521406
0,0.2758,524767
0,0.2759,11373
0,0.2759,12067
0,0.2759,13760
0,0.2759,15059
0,0.2759,22122
0,0.2759,22657
0,0.2759,25797
0,0.2759,29116
0,0.2759,30716
0,0.2759,36730
0,0.2759,47107
0,0.2759,77805
0,0.2759,114715
0,0.2759,215209
0,0.2759,512273
0,0.2759,515574
0,0.2759,518513
0,0.2759,522992
0,0.2759,549638
0,0.2759,574357
0,0.2759,803720
0,0.2759,807439
0,0.2760,11618
0,0.2760,12054
0,0.2760,12159
0,0.2760,12228
0,0.2760,13317
0,0.2760,14223
0,0.2760,16274
0,0.2760,16781
0,0.2760,17109
0,0.2760,41428
0,0.2760,88651
0,0.2760,98544
0,0.2760,115704
0,0.2760,512793
0,0.2760,520641
0,0.2760,533368
0,0.2760,555502
0,0.2760,802999
0,0.2760,803241
0,0.2760,815205
0,0.2760,902294
0,0.2761,10332
0,0.2761,10497
0,0.2761,10735
0,0.2761,11710
0,0.2761,11723
0,0.2761,12992
0,0.2761,13526
0,0.2761,19274
0,0.2761,35532
0,0.2761,42310
0,0.2761,52728
0,0.2761,55656
0,0.2761,64180
0,0.2761,522352
0,0.2761,533746
0,0.2761,533748
0,0.2761,803821
0,0.2761,807312
0,0.2761,904983
0,0.2762,10704
0,0.2762,11255
0,0.2762,11796
0,0.2762,12335
0,0.2762,22585
0,0.2762,25255
0,0.2762,35912
0,0.2762,39251
0,0.2762,48667
0,0.2762,54010
0,0.2762,115198
0,0.2762,511797
0,0.2762,517881
0,0.2762,527588
0,0.2762,800719
0,0.2762,802139
0,0.2762,805776
0,0.2763,10738
0,0.2763,11021
0,0.2763,12651
0,0.2763,22519
0,0.2763,26741
0,0.2763,30164
0,0.2763,38847
0,0.2763,41847
0,0.2763,49672
0,0.2763,515933
0,0.2763,580329
0,0.2763,805229
0,0.2763,805489
0,0.2763,932684
0,0.2764,11577
0,0.2764,13306
0,0.2764,15933
0,0.2764,16794
0,0.2764,18109
0,0.2764,27025
0,0.2764,28353
0,0.2764,190421
0,0.2764,522734
0,0.2764,800056
0,0.2764,801085
0,0.2764,801998
0,0.2764,905929
0,0.2765,10035
0,0.2765,11155
0,0.2765,12006
0,0.2765,13432
0,0.2765,16880
0,0.2765,18069
0,0.2765,18170
0,0.2765,19463
0,0.2765,23779
0,0.2765,24741
0,0.2765,25552
0,0.2765,38315
0,0.2765,46073
0,0.2765,85715
0,0.2765,511881
0,0.2765,518112
0,0.2765,527653
0,0.2765,529803
0,0.2765,801267
0,0.2765,805135
0,0.2765,814010
0,0.2766,11631
0,0.2766,12642
0,0.2766,12777
0,0.2766,16157
0,0.2766,25236
0,0.2766,26287
0,0.2766,56560
0,0.2766,79788
0,0.2766,149390
0,0.2766,512328
0,0.2766,519705
0,0.2766,555259
0,0.2766,803048
0,0.2766,940712
0,0.2767,10820
0,0.2767,11699
0,0.2767,12487
0,0.2767,13228
0,0.2767,13551
0,0.2767,17930
0,0.2767,28254
0,0.2767,32055
0,0.2767,38650
0,0.2767,38835
0,0.2767,124469
0,0.2767,513174
0,0.2767,525400
0,0.2767,552318
0,0.2768,10604
0,0.2768,11977
0,0.2768,12125
0,0.2768,12569
0,0.2768,13142
0,0.2768,13994
0,0.2768,15535
0,0.2768,16029
0,0.2768,61398
0,0.2768,70486
0,0.2768,79892
0,0.2768,104367
0,0.2768,514028
0,0.2768,521236
0,0.2768,555344
0,0.2768,802232
0,0.2768,803007
0,0.2768,803318
0,0.2768,805647
0,0.2768,807924
0,0.2769,10652
0,0.2769,10669
0,0.2769,12319
0,0.2769,12333
0,0.2769,14827
0,0.2769,24153
0,0.2769,45024
0,0.2769,48096
0,0.2769,512932
0,0.2769,524504
0,0.2769,801280
0,0.2769,803829
0,0.2770,10453
0,0.2770,12137
0,0.2770,13363
0,0.2770,14063
0,0.2770,14435
0,0.2770,14881
0,0.2770,15578
0,0.2770,18911
0,0.2770,22014
0,0.2770,25030
0,0.2770,25359
0,0.2770,32053
0,0.2770,48491
0,0.2770,85590
0,0.2770,154359
0,0.2770,157614
0,0.2770,514045
0,0.2770,520115
0,0.2770,520194
0,0.2770,535668
0,0.2770,801491
0,0.2770,810626
0,0.2770,374296357
0,0.2771,10288
0,0.2771,10707
0,0.2771,11614
0,0.2771,14130
0,0.2771,14194
0,0.2771,15051
0,0.2771,23153
0,0.2771,35503
0,0.2771,37984
0,0.2771,42997
0,0.2771,67337
0,0.2771,108738
0,0.2771,512927
0,0.2771,513644
0,0.2771,521147
0,0.2771,531862
0,0.2771,912073
0,0.2772,10299
0,0.2772,10514
0,0.2772,11318
0,0.2772,12503
0,0.2772,12748
0,0.2772,14224
0,0.2772,22240
0,0.2772,25939
0,0.2772,29806
0,0.2772,36234
0,0.2772,38272
0,0.2772,53384
0,0.2772,99095
0,0.2772,514416
0,0.2772,518220
0,0.2772,521241
0,0.2773,12445
0,0.2773,12679
0,0.2773,13692
0,0.2773,13872
0,0.2773,14311
0,0.2773,15001
0,0.2773,17491
0,0.2773,28010
0,0.2773,33869
0,0.2773,515072
0,0.2773,526612
0,0.2773,800589
0,0.2773,801164
0,0.2773,808573
0,0.2773,812884
0,0.2774,10354
0,0.2774,11302
0,0.2774,13258
0,0.2774,13537
0,0.2774,14093
0,0.2774,15567
0,0.2774,17790
0,0.2774,24690
0,0.2774,26495
0,0.2774,27372
0,0.2774,30933
0,0.2774,41171
0,0.2774,44669
0,0.2774,79464
0,0.2774,90574
0,0.2774,533946
0,0.2774,544476
0,0.2774,806830
0,0.2774,600700832
0,0.2775,11189
0,0.2775,11532
0,0.2775,11634
0,0.2775,11932
0,0.2775,13418
0,0.2775,14206
0,0.2775,25038
0,0.2775,25184
0,0.2775,32392
0,0.2775,40846
0,0.2775,44903
0,0.2775,46341
0,0.2775,49869
0,0.2775,147927
0,0.2775,529603
0,0.2775,805529
0,0.2775,815445
0,0.2776,10047
0,0.2776,10185
0,0.2776,16284
0,0.2776,18585
0,0.2776,18766
0,0.2776,19827
0,0.2776,30181
0,0.2776,39504
0,0.2776,511828
0,0.2776,555176
0,0.2776,801768
0,0.2777,10495
0,0.2777,10863
0,0.2777,13031
0,0.2777,117741
0,0.2777,145229
0,0.2777,394860
0,0.2777,511975
0,0.2777,521203
0,0.2777,530460
0,0.2777,802944
0,0.2777,803004
0,0.2778,10969
0,0.2778,11849
0,0.2778,14643
0,0.2778,16579
0,0.2778,17938
0,0.2778,141161
0,0.2778,512521
0,0.2778,513146
0,0.2778,516256
0,0.2778,521814
0,0.2778,525061
0,0.2778,804707
0,0.2779,10319
0,0.2779,10548
0,0.2779,11445
0,0.2779,11485
0,0.2779,12151
0,0.2779,12572
0,0.2779,13773
0,0.2779,16051
0,0.2779,16493
0,0.2779,16687
0,0.2779,18125
0,0.2779,23513
0,0.2779,24776
0,0.2779,38657
0,0.2779,44940
0,0.2779,58730
0,0.2779,77211
0,0.2779,521059
0,0.2779,529491
0,0.2779,529604
0,0.2779,533223
0,0.2780,10205
0,0.2780,11497
0,0.2780,13360
0,0.2780,16125
0,0.2780,27210
0,0.2780,39095
0,0.2780,45288
0,0.2780,68889
0,0.2780,76194
0,0.2780,134100
0,0.2780,164863
0,0.2780,231168
0,0.2780,515950
0,0.2780,520442
0,0.2780,550497
0,0.2780,800752
0,0.2781,10263
0,0.2781,11192
0,0.2781,12091
0,0.2781,12140
0,0.2781,13771
0,0.2781,14289
0,0.2781,18238
0,0.2781,19443
0,0.2781,27983
0,0.2781,29493
0,0.2781,56830
0,0.2781,60946
0,0.2781,123422
0,0.2781,157037
0,0.2781,514605
0,0.2781,524604
0,0.2782,10168
0,0.2782,10974
0,0.2782,11344
0,0.2782,11638
0,0.2782,12900
0,0.2782,12978
0,0.2782,14327
0,0.2782,14899
0,0.2782,15914
0,0.2782,16517
0,0.2782,24671
0,0.2782,39753
0,0.2782,71547
0,0.2782,95015
0,0.2782,131696
0,0.2782,519365
0,0.2782,520621
0,0.2782,524606
0,0.2782,556502
0,0.2782,800084
0,0.2782,802371
0,0.2782,904246
0,0.2783,10553
0,0.2783,11142
0,0.2783,11896
0,0.2783,12109
0,0.2783,19376
0,0.2783,28131
0,0.2783,31942
0,0.2783,37378
0,0.2783,38268
0,0.2783,40768
0,0.2783,78573
0,0.2783,520817
0,0.2783,529385
0,0.2783,531732
0,0.2783,904161
0,0.2783,908253
0,0.2783,701647131
0,0.2783,1050014552
0,0.2784,10175
0,0.2784,11064
0,0.2784,11802
0,0.2784,13442
0,0.2784,15782
0,0.2784,18325
0,0.2784,19452
0,0.2784,43126
0,0.2784,125111
0,0.2784,287884
0,0.2784,514489
0,0.2784,515578
0,0.2784,518604
0,0.2784,520888
0,0.2784,524795
0,0.2784,801295
0,0.2784,932796
0,0.2785,10981
0,0.2785,11200
0,0.2785,17825
0,0.2785,18343
0,0.2785,18437
0,0.2785,24688
0,0.2785,42372
0,0.2785,144334
0,0.2785,518777
0,0.2785,522465
0,0.2785,531769
0,0.2785,808183
0,0.2785,830847
0,0.2786,10011
0,0.2786,10371
0,0.2786,10658
0,0.2786,10691
0,0.2786,11005
0,0.2786,13768
0,0.2786,18713
0,0.2786,22204
0,0.2786,44005
0,0.2786,83052
0,0.2786,91983
0,0.2786,256844
0,0.2786,303314
0,0.2786,511823
0,0.2786,513646
0,0.2786,517601
0,0.2786,518194
0,0.2786,803340
0,0.2786,824223
0,0.2786,904093
0,0.2786,908747
0,0.2786,924167
0,0.2787,10825
0,0.2787,11036
0,0.2787,11688
0,0.2787,21242
0,0.2787,25328
0,0.2787,57522
0,0.2787,170407
0,0.2787,517684
0,0.2787,531768
0,0.2787,800718
0,0.2788,10027
0,0.2788,10243
0,0.2788,10303
0,0.2788,11253
0,0.2788,11908
0,0.2788,12135
0,0.2788,13559
0,0.2788,14276
0,0.2788,14424
0,0.2788,43806
0,0.2788,63027
0,0.2788,63441
0,0.2788,515289
0,0.2788,522744
0,0.2788,530449
0,0.2788,537135
0,0.2788,800890
0,0.2788,801895
0,0.2788,802907
0,0.2788,808856
0,0.2789,10041
0,0.2789,10120
0,0.2789,10187
0,0.2789,11585
0,0.2789,12902
0,0.2789,14745
0,0.2789,14947
0,0.2789,16380
0,0.2789,16506
0,0.2789,19267
0,0.2789,23601
0,0.2789,29065
0,0.2789,44816
0,0.2789,61243
0,0.2789,123858
0,0.2789,517548
0,0.2789,518707
0,0.2789,521256
0,0.2790,10109
0,0.2790,12176
0,0.2790,16558
0,0.2790,16836
0,0.2790,19061
0,0.2790,48914
0,0.2790,64607
0,0.2790,83621
0,0.2790,87792
0,0.2790,523723
0,0.2790,555795
0,0.2790,556574
0,0.2790,802261
0,0.2790,802914
0,0.2790,814989
0,0.2790,317223538
0,0.2790,427967297
0,0.2791,13272
0,0.2791,15568
0,0.2791,23703
0,0.2791,46153
0,0.2791,138056
0,0.2791,518461
0,0.2791,520816
0,0.2791,521928
0,0.2791,522754
0,0.2791,523636
0,0.2791,527427
0,0.2791,802544
0,0.2791,802882
0,0.2792,11327
0,0.2792,11947
0,0.2792,18779
0,0.2792,19760
0,0.2792,19902
0,0.2792,46262
0,0.2792,83143
0,0.2792,106555
0,0.2792,513378
0,0.2792,527048
0,0.2792,543430
0,0.2792,801970
0,0.2792,803804
0,0.2792,805392
0,0.2792,806646
0,0.2792,807741
0,0.2792,901888
0,0.2792,902923
0,0.2793,10110
0,0.2793,11361
0,0.2793,11772
0,0.2793,14182
0,0.2793,18504
0,0.2793,18599
0,0.2793,24382
0,0.2793,60651
0,0.2793,103278
0,0.2793,119860
0,0.2793,184446
0,0.2793,805532
0,0.2793,940661
0,0.2794,10202
0,0.2794,10467
0,0.2794,11375
0,0.2794,12510
0,0.2794,14765
0,0.2794,18932
0,0.2794,38706
0,0.2794,39880
0,0.2794,42185
0,0.2794,519371
0,0.2794,523060
0,0.2794,523482
0,0.2794,524655
0,0.2794,525354
0,0.2794,526375
0,0.2794,527318
0,0.2794,803047
0,0.2794,953627
0,0.2795,10432
0,0.2795,199331
0,0.2795,512307
0,0.2795,521763
0,0.2795,524902
0,0.2795,537027
0,0.2796,10637
0,0.2796,13969
0,0.2796,15325
0,0.2796,17823
0,0.2796,25312
0,0.2796,30108
0,0.2796,289948
0,0.2796,518719
0,0.2796,520210
0,0.2796,553194
0,0.2797,10072
0,0.2797,11900
0,0.2797,13428
0,0.2797,14686
0,0.2797,17419
0,0.2797,19189
0,0.2797,19616
0,0.2797,20715
0,0.2797,30508
0,0.2797,81442
0,0.2797,174420
0,0.2797,511839
0,0.2797,512326
0,0.2797,530880
0,0.2797,531009
0,0.2797,806689
0,0.2798,12358
0,0.2798,15888
0,0.2798,23273
0,0.2798,514125
0,0.2798,516739
0,0.2798,521662
0,0.2798,800474
0,0.2798,427967297
0,0.2799,12131
0,0.2799,12605
0,0.2799,13013
0,0.2799,13117
0,0.2799,15170
0,0.2799,19956
0,0.2799,54465
0,0.2799,515293
0,0.2799,520367
0,0.2799,524755
0,0.2799,932322
0,0.2800,10593
0,0.2800,11274
0,0.2800,11578
0,0.2800,12159
0,0.2800,13901
0,0.2800,14232
0,0.2800,28791
0,0.2800,46724
0,0.2800,61921
0,0.2800,65657
0,0.2800,102689
0,0.2800,517763
0,0.2800,800022
0,0.2800,800213
0,0.2800,807396
0,0.2801,11221
0,0.2801,13444
0,0.2801,13728
0,0.2801,13830
0,0.2801,14894
0,0.2801,18744
0,0.2801,23619
0,0.2801,27296
0,0.2801,35743
0,0.2801,70651
0,0.2801,514579
0,0.2802,11030
0,0.2802,11455
0,0.2802,15514
0,0.2802,23325
0,0.2802,34683
0,0.2802,48638
0,0.2802,137497
0,0.2802,513283
0,0.2802,530151
0,0.2802,559141
0,0.2802,802181
0,0.2802,903484
0,0.2803,10138
0,0.2803,12104
0,0.2803,12606
0,0.2803,12646
0,0.2803,14912
0,0.2803,28190
0,0.2803,58146
0,0.2803,78782
0,0.2803,522387
0,0.2803,556038
0,0.2803,805165
0,0.2804,10597
0,0.2804,10852
0,0.2804,11402
0,0.2804,12398
0,0.2804,12423
0,0.2804,20185
0,0.2804,20831
0,0.2804,53086
0,0.2804,53652
0,0.2804,92871
0,0.2804,94433
0,0.2804,173462
0,0.2804,536058
0,0.2804,539704
0,0.2804,801861
0,0.2805,10097
0,0.2805,10108
0,0.2805,10150
0,0.2805,10323
0,0.2805,10977
0,0.2805,14523
0,0.2805,18156
0,0.2805,20818
0,0.2805,173968
0,0.2805,523626
0,0.2805,803129
0,0.2805,804887
0,0.2806,10479
0,0.2806,11764
0,0.2806,14756
0,0.2806,15491
0,0.2806,16761
0,0.2806,18351
0,0.2806,24866
0,0.2806,52016
0,0.2806,203133
0,0.2806,520182
0,0.2806,523349
0,0.2806,532946
0,0.2806,814430
0,0.2806,427967297
0,0.2807,10099
0,0.2807,11054
0,0.2807,11568
0,0.2807,13271
0,0.2807,13595
0,0.2807,14817
0,0.2807,16659
0,0.2807,17156
0,0.2807,18937
0,0.2807,25137
0,0.2807,31923
0,0.2807,32258
0,0.2807,36235
0,0.2807,45969
0,0.2807,85527
0,0.2807,104220
0,0.2807,511882
0,0.2807,512390
0,0.2807,514405
0,0.2807,561653
0,0.2807,800606
0,0.2807,806061
0,0.2808,10172
0,0.2808,10356
0,0.2808,12355
0,0.2808,12455
0,0.2808,13278
0,0.2808,13317
0,0.2808,13932
0,0.2808,14026
0,0.2808,15351
0,0.2808,16175
0,0.2808,16266
0,0.2808,17356
0,0.2808,17454
0,0.2808,34949
0,0.2808,57355
0,0.2808,90905
0,0.2808,550221
0,0.2808,800190
0,0.2809,10165
0,0.2809,10816
0,0.2809,10887
0,0.2809,11967
0,0.2809,12811
0,0.2809,13417
0,0.2809,14640
0,0.2809,15117
0,0.2809,15310
0,0.2809,16794
0,0.2809,22379
0,0.2809,28622
0,0.2809,32475
0,0.2809,114858
0,0.2809,520081
0,0.2809,523675
0,0.2809,802405
0,0.2809,803860
0,0.2810,10564
0,0.2810,10646
0,0.2810,10676
0,0.2810,10879
0,0.2810,11021
0,0.2810,11371
0,0.2810,12844
0,0.2810,14954
0,0.2810,16350
0,0.2810,28482
0,0.2810,74551
0,0.2810,517512
0,0.2810,521292
0,0.2810,802137
0,0.2811,10167
0,0.2811,10531
0,0.2811,12654
0,0.2811,13168
0,0.2811,14434
0,0.2811,14486
0,0.2811,14542
0,0.2811,17835
0,0.2811,17901
0,0.2811,36295
0,0.2811,98698
0,0.2811,523633
0,0.2811,805137
0,0.2812,11495
0,0.2812,13273
0,0.2812,13307
0,0.2812,13630
0,0.2812,26718
0,0.2812,32016
0,0.2812,42739
0,0.2812,58517
0,0.2812,70779
0,0.2812,76506
0,0.2812,81417
0,0.2812,109837
0,0.2812,145530
0,0.2812,247112
0,0.2812,524717
0,0.2812,800412
0,0.2812,800719
0,0.2812,811999
0,0.2813,10447
0,0.2813,15939
0,0.2813,16641
0,0.2813,17046
0,0.2813,21296
0,0.2813,33224
0,0.2813,36751
0,0.2813,54572
0,0.2813,131748
0,0.2813,512750
0,0.2813,520337
0,0.2813,522752
0,0.2814,10051
0,0.2814,10100
0,0.2814,10896
0,0.2814,11061
0,0.2814,12401
0,0.2814,13115
0,0.2814,13456
0,0.2814,15999
0,0.2814,17878
0,0.2814,22870
0,0.2814,23073
0,0.2814,58394
0,0.2814,112562
0,0.2814,155188
0,0.2814,512930
0,0.2814,529125
0,0.2814,574147
0,0.2814,800546
0,0.2814,801459
0,0.2814,810296
0,0.2814,834861
0,0.2815,12255
0,0.2815,13134
0,0.2815,20600
0,0.2815,21932
0,0.2815,27725
0,0.2815,43765
0,0.2815,59983
0,0.2815,63701
0,0.2815,175572
0,0.2815,519363
0,0.2815,519460
0,0.2815,522828
0,0.2815,524761
0,0.2815,529519
0,0.2815,536048
0,0.2815,805227
0,0.2816,10114
0,0.2816,10414
0,0.2816,10687
0,0.2816,10719
0,0.2816,11604
0,0.2816,12443
0,0.2816,42332
0,0.2816,47369
0,0.2816,124632
0,0.2816,162599
0,0.2816,235061
0,0.2816,802461
0,0.2816,808715
0,0.2816,906655
0,0.2817,10269
0,0.2817,11341
0,0.2817,11608
0,0.2817,11806
0,0.2817,13080
0,0.2817,18419
0,0.2817,22092
0,0.2817,81710
0,0.2817,512461
0,0.2817,523776
0,0.2817,549229
0,0.2818,10338
0,0.2818,12155
0,0.2818,15612
0,0.2818,17855
0,0.2818,23812
0,0.2818,25045
0,0.2818,26417
0,0.2818,31681
0,0.2818,44931
0,0.2818,53190
0,0.2818,57935
0,0.2818,222777
0,0.2818,514043
0,0.2818,523564
0,0.2818,807799
0,0.2818,908482
0,0.2818,936810
0,0.2819,13613
0,0.2819,14225
0,0.2819,20774
0,0.2819,21797
0,0.2819,24146
0,0.2819,27416
0,0.2819,38853
0,0.2819,94555
0,0.2819,800241
0,0.2819,809862
0,0.2820,10612
0,0.2820,10649
0,0.2820,11663
0,0.2820,13146
0,0.2820,15484
0,0.2820,19602
0,0.2820,30421
0,0.2820,31911
0,0.2820,59776
0,0.2820,522738
0,0.2820,523550
0,0.2820,529411
0,0.2820,800392
0,0.2820,810750
0,0.2821,10914
0,0.2821,10920
0,0.2821,11717
0,0.2821,12569
0,0.2821,12825
0,0.2821,15891
0,0.2821,19850
0,0.2821,25792
0,0.2821,28559
0,0.2821,40289
0,0.2821,555262
0,0.2821,802955
0,0.2821,804660
0,0.2821,1050687371
0,0.2822,10285
0,0.2822,10704
0,0.2822,11618
0,0.2822,12726
0,0.2822,20402
0,0.2822,20890
0,0.2822,29939
0,0.2822,95057
0,0.2822,154544
0,0.2822,519046
0,0.2822,804445
0,0.2823,10205
0,0.2823,10538
0,0.2823,10683
0,0.2823,11671
0,0.2823,18601
0,0.2823,34924
0,0.2823,60774
0,0.2823,88528
0,0.2823,97946
0,0.2823,98544
0,0.2823,100294
0,0.2823,514015
0,0.2823,515702
0,0.2823,515933
0,0.2823,800578
0,0.2823,800827
0,0.2823,801816
0,0.2824,10185
0,0.2824,12506
0,0.2824,13800
0,0.2824,30042
0,0.2824,31786
0,0.2824,41144
0,0.2824,42700
0,0.2824,108860
0,0.2824,512927
0,0.2824,513376
0,0.2824,522974
0,0.2824,534534
0,0.2824,537032
0,0.2824,555344
0,0.2825,10515
0,0.2825,13158
0,0.2825,15932
0,0.2825,17931
0,0.2825,29535
0,0.2825,39847
0,0.2825,48667
0,0.2825,88014
0,0.2825,109149
0,0.2825,164466
0,0.2825,520642
0,0.2825,527350
0,0.2825,810241
0,0.2826,11458
0,0.2826,26370
0,0.2826,27302
0,0.2826,40390
0,0.2826,519895
0,0.2826,521814
0,0.2826,527599
0,0.2826,802164
0,0.2826,906612
0,0.2826,909612
0,0.2827,10540
0,0.2827,11254
0,0.2827,11369
0,0.2827,14881
0,0.2827,76194
0,0.2827,195264
0,0.2827,511846
0,0.2827,522428
0,0.2827,522841
0,0.2827,523506
0,0.2827,531999
0,0.2827,555176
0,0.2827,803107
0,0.2828,10932
0,0.2828,11070
0,0.2828,11170
0,0.2828,14989
0,0.2828,18779
0,0.2828,22838
0,0.2828,48491
0,0.2828,514045
0,0.2828,520188
0,0.2828,521075
0,0.2828,909643
0,0.2829,10840
0,0.2829,12091
0,0.2829,12802
0,0.2829,15457
0,0.2829,16652
0,0.2829,18504
0,0.2829,20418
0,0.2829,32174
0,0.2829,511828
0,0.2829,805244
0,0.2829,811215
0,0.2830,10041
0,0.2830,12532
0,0.2830,12584
0,0.2830,13760
0,0.2830,14259
0,0.2830,15786
0,0.2830,18777
0,0.2830,19274
0,0.2830,20620
0,0.2830,24016
0,0.2830,25939
0,0.2830,30310
0,0.2830,44054
0,0.2830,45722
0,0.2830,49288
0,0.2830,158774
0,0.2830,166057
0,0.2830,813076
0,0.2831,10094
0,0.2831,11486
0,0.2831,11805
0,0.2831,16254
0,0.2831,19488
0,0.2831,22084
0,0.2831,22899
0,0.2831,24227
0,0.2831,30190
0,0.2831,514596
0,0.2831,517913
0,0.2831,518194
0,0.2831,519399
0,0.2831,803013
0,0.2831,804398
0,0.2831,805949
0,0.2832,10376
0,0.2832,11161
0,0.2832,13442
0,0.2832,15502
0,0.2832,16687
0,0.2832,21568
0,0.2832,26862
0,0.2832,36704
0,0.2832,63122
0,0.2832,146588
0,0.2832,489781
0,0.2832,517256
0,0.2832,519944
0,0.2832,521536
0,0.2832,803982
0,0.2832,1050074465
0,0.2833,10133
0,0.2833,10169
0,0.2833,10663
0,0.2833,11896
0,0.2833,12318
0,0.2833,12359
0,0.2833,12900
0,0.2833,13121
0,0.2833,13650
0,0.2833,15494
0,0.2833,18932
0,0.2833,20359
0,0.2833,20468
0,0.2833,24382
0,0.2833,61398
0,0.2833,517257
0,0.2833,520439
0,0.2833,520817
0,0.2833,806779
0,0.2834,11312
0,0.2834,13371
0,0.2834,16430
0,0.2834,16700
0,0.2834,16754
0,0.2834,17820
0,0.2834,18030
0,0.2834,27929
0,0.2834,28254
0,0.2834,29135
0,0.2834,38914
0,0.2834,75129
0,0.2834,513401
0,0.2834,519616
0,0.2834,537899
0,0.2834,559087
0,0.2835,10226
0,0.2835,11210
0,0.2835,11238
0,0.2835,12259
0,0.2835,12943
0,0.2835,13079
0,0.2835,14093
0,0.2835,14114
0,0.2835,14966
0,0.2835,33598
0,0.2835,45427
0,0.2835,520820
0,0.2835,522746
0,0.2835,533411
0,0.2835,810069
0,0.2835,815281
0,0.2836,10255
0,0.2836,11497
0,0.2836,11915
0,0.2836,12252
0,0.2836,14705
0,0.2836,14716
0,0.2836,15768
0,0.2836,15997
0,0.2836,17244
0,0.2836,17751
0,0.2836,19720
0,0.2836,38835
0,0.2836,38847
0,0.2836,41887
0,0.2836,49839
0,0.2836,62156
0,0.2836,513111
0,0.2836,517548
0,0.2836,518309
0,0.2836,519230
0,0.2836,521633
0,0.2836,806144
0,0.2837,10807
0,0.2837,11008
0,0.2837,11200
0,0.2837,14387
0,0.2837,18181
0,0.2837,20497
0,0.2837,37142
0,0.2837,512795
0,0.2837,514547
0,0.2837,805067
0,0.2837,806817
0,0.2837,903063
0,0.2837,418840426
0,0.2837,701647131
0,0.2838,10289
0,0.2838,11821
0,0.2838,12763
0,0.2838,12809
0,0.2838,12923
0,0.2838,13559
0,0.2838,15412
0,0.2838,19068
0,0.2838,26607
0,0.2838,31790
0,0.2838,42483
0,0.2838,514988
0,0.2838,519866
0,0.2838,801521
0,0.2838,804195
0,0.2838,810372
0,0.2839,10428
0,0.2839,11338
0,0.2839,15458
0,0.2839,22122
0,0.2839,46073
0,0.2839,71209
0,0.2839,101652
0,0.2839,127571
0,0.2839,151069
0,0.2839,514853
0,0.2839,810570
0,0.2840,11711
0,0.2840,12319
0,0.2840,13033
0,0.2840,17726
0,0.2840,18540
0,0.2840,41801
0,0.2840,46788
0,0.2840,56970
0,0.2840,57865
0,0.2840,74024
0,0.2840,522815
0,0.2840,531299
0,0.2840,539675
0,0.2840,802650
0,0.2840,805243
0,0.2840,936838
0,0.2841,13018
0,0.2841,31839
0,0.2841,43756
0,0.2841,46466
0,0.2841,57797
0,0.2841,58730
0,0.2841,71877
0,0.2841,515679
0,0.2841,802402
0,0.2841,812186
0,0.2841,155143464
0,0.2842,10967
0,0.2842,11900
0,0.2842,14664
0,0.2842,17301
0,0.2842,19290
0,0.2842,22240
0,0.2842,23601
0,0.2842,27596
0,0.2842,35474
0,0.2842,81228
0,0.2842,514997
0,0.2842,522762
0,0.2842,523684
0,0.2842,801849
0,0.2843,10110
0,0.2843,10302
0,0.2843,10997
0,0.2843,12006
0,0.2843,15163
0,0.2843,15534
0,0.2843,17876
0,0.2843,19036
0,0.2843,21609
0,0.2843,23090
0,0.2843,24088
0,0.2843,28782
0,0.2843,47754
0,0.2843,53290
0,0.2843,99882
0,0.2843,512362
0,0.2843,512514
0,0.2843,515760
0,0.2843,519720
0,0.2843,521059
0,0.2843,521409
0,0.2844,10241
0,0.2844,10603
0,0.2844,10638
0,0.2844,11701
0,0.2844,12054
0,0.2844,12083
0,0.2844,16311
0,0.2844,19760
0,0.2844,28010
0,0.2844,32967
0,0.2844,40580
0,0.2844,82205
0,0.2844,518830
0,0.2844,521126
0,0.2844,521241
0,0.2844,802565
0,0.2844,806253
0,0.2845,10494
0,0.2845,11166
0,0.2845,11785
0,0.2845,11832
0,0.2845,15176
0,0.2845,15274
0,0.2845,15362
0,0.2845,18109
0,0.2845,29493
0,0.2845,30807
0,0.2845,34801
0,0.2845,44850
0,0.2845,46657
0,0.2845,48982
0,0.2845,58481
0,0.2845,514696
0,0.2845,516666
0,0.2845,520034
0,0.2845,802662
0,0.2846,10119
0,0.2846,12272
0,0.2846,12333
0,0.2846,15325
0,0.2846,16087
0,0.2846,19696
0,0.2846,44669
0,0.2846,45906
0,0.2846,61896
0,0.2846,67789
0,0.2846,78573
0,0.2846,516256
0,0.2846,525958
0,0.2846,529385
0,0.2846,804848
0,0.2847,10224
0,0.2847,10781
0,0.2847,10802
0,0.2847,11825
0,0.2847,13258
0,0.2847,17554
0,0.2847,21637
0,0.2847,25723
0,0.2847,27413
0,0.2847,38272
0,0.2847,38706
0,0.2847,105406
0,0.2847,512858
0,0.2847,520087
0,0.2847,521086
0,0.2847,534361
0,0.2847,801976
0,0.2847,802107
0,0.2847,802308
0,0.2847,812262
0,0.2847,427967297
0,0.2848,10147
0,0.2848,10420
0,0.2848,10917
0,0.2848,11087
0,0.2848,11460
0,0.2848,12796
0,0.2848,13836
0,0.2848,14011
0,0.2848,16339
0,0.2848,16986
0,0.2848,17799
0,0.2848,19334
0,0.2848,32718
0,0.2848,32805
0,0.2848,39813
0,0.2848,80867
0,0.2848,515797
0,0.2848,518604
0,0.2848,519144
0,0.2849,10184
0,0.2849,10831
0,0.2849,11311
0,0.2849,11712
0,0.2849,16708
0,0.2849,16794
0,0.2849,18953
0,0.2849,21692
0,0.2849,23273
0,0.2849,23325
0,0.2849,30498
0,0.2849,50397
0,0.2849,54104
0,0.2849,69544
0,0.2849,521584
0,0.2849,530435
0,0.2849,536208
0,0.2849,800093
0,0.2849,805489
0,0.2849,807176
0,0.2850,10385
0,0.2850,13229
0,0.2850,14482
0,0.2850,15244
0,0.2850,16275
0,0.2850,16879
0,0.2850,17175
0,0.2850,18743
0,0.2850,21719
0,0.2850,26293
0,0.2850,63923
0,0.2850,513340
0,0.2850,520641
0,0.2850,524167
0,0.2850,526612
0,0.2850,556539
0,0.2851,10820
0,0.2851,11131
0,0.2851,11255
0,0.2851,11363
0,0.2851,11856
0,0.2851,12104
0,0.2851,12696
0,0.2851,13287
0,0.2851,14459
0,0.2851,15514
0,0.2851,16257
0,0.2851,16538
0,0.2851,19618
0,0.2851,21731
0,0.2851,23281
0,0.2851,33038
0,0.2851,72644
0,0.2851,107241
0,0.2851,524361
0,0.2851,526298
0,0.2851,530449
0,0.2851,555238
0,0.2851,803889
0,0.2851,806281
0,0.2851,813104
0,0.2851,902789
0,0.2851,910865
0,0.2852,10306
0,0.2852,11280
0,0.2852,12151
0,0.2852,13877
0,0.2852,14137
0,0.2852,15028
0,0.2852,23854
0,0.2852,25275
0,0.2852,515048
0,0.2852,555340
0,0.2852,800847
0,0.2852,808456
0,0.2852,819096
0,0.2852,912379
0,0.2853,10137
0,0.2853,10209
0,0.2853,10446
0,0.2853,14497
0,0.2853,18437
0,0.2853,35532
0,0.2853,36059
0,0.2853,38454
0,0.2853,61285
0,0.2853,137597
0,0.2853,512513
0,0.2853,514546
0,0.2853,574357
0,0.2854,10035
0,0.2854,10299
0,0.2854,10677
0,0.2854,12927
0,0.2854,13305
0,0.2854,15124
0,0.2854,15789
0,0.2854,15890
0,0.2854,22530
0,0.2854,23809
0,0.2854,30653
0,0.2854,39462
0,0.2854,57381
0,0.2854,519140
0,0.2854,520727
0,0.2854,520812
0,0.2854,521025
0,0.2854,522734
0,0.2854,522761
0,0.2854,319204020
0,0.2854,1050045395
0,0.2855,11416
0,0.2855,11893
0,0.2855,12055
0,0.2855,12716
0,0.2855,12730
0,0.2855,13537
0,0.2855,20818
0,0.2855,63798
0,0.2855,68489
0,0.2855,511823
0,0.2855,524655
0,0.2855,527048
0,0.2855,531985
0,0.2855,533103
0,0.2855,803992
0,0.2855,808183
0,0.2856,10692
0,0.2856,10777
0,0.2856,11021
0,0.2856,11908
0,0.2856,12060
0,0.2856,12358
0,0.2856,12395
0,0.2856,14869
0,0.2856,15150
0,0.2856,16105
0,0.2856,17420
0,0.2856,18404
0,0.2856,19089
0,0.2856,19189
0,0.2856,47922
0,0.2856,55527
0,0.2856,512241
0,0.2856,516643
0,0.2856,517202
0,0.2856,519692
0,0.2856,520393
0,0.2856,523863
0,0.2856,814468
0,0.2856,906554
0,0.2857,10044
0,0.2857,10265
0,0.2857,11503
0,0.2857,11614
0,0.2857,15273
0,0.2857,17485
0,0.2857,18226
0,0.2857,32258
0,0.2857,40625
0,0.2857,48335
0,0.2857,53078
0,0.2857,71843
0,0.2857,518690
0,0.2857,519368
0,0.2857,556700
0,0.2857,801194
0,0.2857,803524
0,0.2857,805338
0,0.2857,820520
0,0.2858,10018
0,0.2858,10185
0,0.2858,13317
0,0.2858,15562
0,0.2858,18054
0,0.2858,18156
0,0.2858,19982
0,0.2858,21322
0,0.2858,25184
0,0.2858,27486
0,0.2858,68889
0,0.2858,71649
0,0.2858,512928
0,0.2858,512947
0,0.2858,515675
0,0.2858,517723
0,0.2858,520194
0,0.2858,803732
0,0.2858,805647
0,0.2859,10855
0,0.2859,11874
0,0.2859,13007
0,0.2859,14330
0,0.2859,16303
0,0.2859,16636
0,0.2859,17790
0,0.2859,18125
0,0.2859,18463
0,0.2859,22185
0,0.2859,26665
0,0.2859,44903
0,0.2859,50575
0,0.2859,90201
0,0.2859,102689
0,0.2859,136504
0,0.2859,512185
0,0.2859,514125
0,0.2859,516098
0,0.2859,804984
0,0.2859,814115
0,0.2860,10080
0,0.2860,10368
0,0.2860,10564
0,0.2860,11053
0,0.2860,11623
0,0.2860,12651
0,0.2860,13302
0,0.2860,13698
0,0.2860,18044
0,0.2860,23602
0,0.2860,40046
0,0.2860,42083
0,0.2860,59387
0,0.2860,517512
0,0.2860,800056
0,0.2861,10830
0,0.2861,11699
0,0.2861,12067
0,0.2861,13217
0,0.2861,13526
0,0.2861,13991
0,0.2861,15451
0,0.2861,15713
0,0.2861,16438
0,0.2861,26287
0,0.2861,30401
0,0.2861,53086
0,0.2861,64301
0,0.2861,70088
0,0.2861,85527
0,0.2861,511881
0,0.2861,512041
0,0.2861,516663
0,0.2861,519443
0,0.2861,520646
0,0.2861,521240
0,0.2861,523060
0,0.2861,555713
0,0.2861,559506
0,0.2861,802166
0,0.2861,802652
0,0.2861,803389
0,0.2861,806037
0,0.2862,11888
0,0.2862,12405
0,0.2862,12976
0,0.2862,13167
0,0.2862,14424
0,0.2862,15955
0,0.2862,16026
0,0.2862,40983
0,0.2862,50444
0,0.2862,71959
0,0.2862,151041
0,0.2862,516369
0,0.2862,523043
0,0.2862,555259
0,0.2862,803007
0,0.2862,803562
0,0.2862,811204
0,0.2863,10187
0,0.2863,13860
0,0.2863,14040
0,0.2863,14434
0,0.2863,17691
0,0.2863,20144
0,0.2863,21793
0,0.2863,26485
0,0.2863,33298
0,0.2863,35978
0,0.2863,37921
0,0.2863,63324
0,0.2863,76412
0,0.2863,88578
0,0.2863,512328
0,0.2863,513033
0,0.2863,807649
0,0.2863,814206
0,0.2864,10099
0,0.2864,16493
0,0.2864,18419
0,0.2864,20923
0,0.2864,29713
0,0.2864,35109
0,0.2864,54176
0,0.2864,58834
0,0.2864,84758
0,0.2864,513283
0,0.2864,513463
0,0.2864,520210
0,0.2864,521236
0,0.2864,530460
0,0.2864,800917
0,0.2865,10539
0,0.2865,11142
0,0.2865,13294
0,0.2865,14286
0,0.2865,14289
0,0.2865,16734
0,0.2865,17177
0,0.2865,17454
0,0.2865,18122
0,0.2865,18686
0,0.2865,18712
0,0.2865,19369
0,0.2865,22291
0,0.2865,23513
0,0.2865,28190
0,0.2865,50687
0,0.2865,132121
0,0.2865,512273
0,0.2865,530151
0,0.2865,534301
0,0.2865,802719
0,0.2865,806427
0,0.2866,10735
0,0.2866,11402
0,0.2866,13259
0,0.2866,14224
0,0.2866,18744
0,0.2866,23619
0,0.2866,24232
0,0.2866,28674
0,0.2866,29207
0,0.2866,87338
0,0.2866,94433
0,0.2866,513146
0,0.2866,530880
0,0.2866,701647131
0,0.2867,12088
0,0.2867,21496
0,0.2867,25763
0,0.2867,30981
0,0.2867,34896
0,0.2867,36745
0,0.2867,36812
0,0.2867,37433
0,0.2867,56017
0,0.2867,64399
0,0.2867,515950
0,0.2867,520435
0,0.2867,524512
0,0.2868,10061
0,0.2868,10243
0,0.2868,10497
0,0.2868,12298
0,0.2868,16360
0,0.2868,19367
0,0.2868,20715
0,0.2868,21145
0,0.2868,21932
0,0.2868,22521
0,0.2868,65054
0,0.2868,140519
0,0.2868,519365
0,0.2868,520338
0,0.2868,527588
0,0.2868,559335
0,0.2869,10120
0,0.2869,10165
0,0.2869,10593
0,0.2869,13456
0,0.2869,13969
0,0.2869,15487
0,0.2869,15535
0,0.2869,15693
0,0.2869,22446
0,0.2869,22626
0,0.2869,26284
0,0.2869,26417
0,0.2869,34949
0,0.2869,36470
0,0.2869,50228
0,0.2869,56542
0,0.2869,104220
0,0.2869,126900
0,0.2869,522753
0,0.2869,523786
0,0.2869,555342
0,0.2869,805447
0,0.2869,813291
0,0.2869,317223538
0,0.2870,10057
0,0.2870,10462
0,0.2870,10986
0,0.2870,11030
0,0.2870,11324
0,0.2870,11607
0,0.2870,12105
0,0.2870,13101
0,0.2870,13428
0,0.2870,16642
0,0.2870,17134
0,0.2870,37196
0,0.2870,59434
0,0.2870,71547
0,0.2870,114715
0,0.2870,174420
0,0.2870,513188
0,0.2870,522387
0,0.2870,543158
0,0.2870,800344
0,0.2870,812884
0,0.2870,906092
0,0.2871,10100
0,0.2871,10540
0,0.2871,11302
0,0.2871,12368
0,0.2871,12411
0,0.2871,12654
0,0.2871,12855
0,0.2871,15924
0,0.2871,17325
0,0.2871,28469
0,0.2871,28791
0,0.2871,31408
0,0.2871,44648
0,0.2871,59018
0,0.2871,59429
0,0.2871,64180
0,0.2871,66246
0,0.2871,136981
0,0.2871,512927
0,0.2871,515460
0,0.2871,521635
0,0.2871,803342
0,0.2871,805757
0,0.2871,807777
0,0.2872,10295
0,0.2872,10378
0,0.2872,10514
0,0.2872,10704
0,0.2872,12398
0,0.2872,14029
0,0.2872,28123
0,0.2872,46615
0,0.2872,520581
0,0.2872,521027
0,0.2872,524717
0,0.2872,527653
0,0.2872,541412
0,0.2872,556346
0,0.2872,879469321
0,0.2873,10322
0,0.2873,10475
0,0.2873,10852
0,0.2873,12341
0,0.2873,12506
0,0.2873,14997
0,0.2873,19886
0,0.2873,20518
0,0.2873,25792
0,0.2873,36829
0,0.2873,38388
0,0.2873,39657
0,0.2873,50975
0,0.2873,59288
0,0.2873,70651
0,0.2873,131748
0,0.2873,143387
0,0.2873,513464
0,0.2873,806326
0,0.2874,10691
0,0.2874,13124
0,0.2874,13872
0,0.2874,18585
0,0.2874,514405
0,0.2874,515933
0,0.2874,523379
0,0.2874,803074
0,0.2874,806689
0,0.2875,10041
0,0.2875,11152
0,0.2875,13228
0,0.2875,14881
0,0.2875,15782
0,0.2875,18504
0,0.2875,18779
0,0.2875,21204
0,0.2875,21646
0,0.2875,23846
0,0.2875,29918
0,0.2875,32315
0,0.2875,52304
0,0.2875,61273
0,0.2875,511857
0,0.2875,521814
0,0.2875,523675
0,0.2875,533618
0,0.2875,801677
0,0.2875,801998
0,0.2876,10150
0,0.2876,10168
0,0.2876,10175
0,0.2876,10447
0,0.2876,11606
0,0.2876,13153
0,0.2876,13772
0,0.2876,14976
0,0.2876,15114
0,0.2876,17156
0,0.2876,18932
0,0.2876,20664
0,0.2876,57935
0,0.2876,303314
0,0.2876,513646
0,0.2876,514045
0,0.2876,529519
0,0.2876,533529
0,0.2876,908747
0,0.2877,10011
0,0.2877,10652
0,0.2877,14871
0,0.2877,17131
0,0.2877,18261
0,0.2877,20831
0,0.2877,22597
0,0.2877,22870
0,0.2877,24382
0,0.2877,25045
0,0.2877,27296
0,0.2877,31735
0,0.2877,45197
0,0.2877,58909
0,0.2877,113924
0,0.2877,512305
0,0.2877,521745
0,0.2877,533590
0,0.2877,803599
0,0.2877,805532
0,0.2877,807963
0,0.2878,10658
0,0.2878,10669
0,0.2878,12108
0,0.2878,12802
0,0.2878,17981
0,0.2878,19215
0,0.2878,23232
0,0.2878,25024
0,0.2878,25939
0,0.2878,26666
0,0.2878,35743
0,0.2878,58331
0,0.2878,59983
0,0.2878,64607
0,0.2878,68658
0,0.2878,104033
0,0.2878,140790
0,0.2878,513284
0,0.2878,520817
0,0.2878,556286
0,0.2878,800809
0,0.2878,806297
0,0.2878,600700832
0,0.2879,10969
0,0.2879,11199
0,0.2879,11836
0,0.2879,13667
0,0.2879,13888
0,0.2879,22884
0,0.2879,28146
0,0.2879,29379
0,0.2879,48491
0,0.2879,66142
0,0.2879,76194
0,0.2879,138585
0,0.2879,287884
0,0.2879,515221
0,0.2879,518194
0,0.2879,518541
0,0.2879,524733
0,0.2879,905905
0,0.2880,10566
0,0.2880,11245
0,0.2880,11327
0,0.2880,11433
0,0.2880,12095
0,0.2880,12503
0,0.2880,12606
0,0.2880,12777
0,0.2880,13442
0,0.2880,31786
0,0.2880,40300
0,0.2880,98544
0,0.2880,517601
0,0.2880,522715
0,0.2880,802793
0,0.2880,808159
0,0.2880,906003
0,0.2881,11495
0,0.2881,13551
0,0.2881,14727
0,0.2881,17759
0,0.2881,18604
0,0.2881,26242
0,0.2881,33549
0,0.2881,44865
0,0.2881,47850
0,0.2881,49627
0,0.2881,51159
0,0.2881,51764
0,0.2881,58532
0,0.2881,59994
0,0.2881,206739
0,0.2881,209688
0,0.2881,512077
0,0.2881,522974
0,0.2881,524761
0,0.2881,531708
0,0.2881,531768
0,0.2881,801295
0,0.2881,802907
0,0.2881,600700832
0,0.2882,10294
0,0.2882,10468
0,0.2882,10603
0,0.2882,11075
0,0.2882,11263
0,0.2882,11326
0,0.2882,12811
0,0.2882,14790
0,0.2882,15616
0,0.2882,17958
0,0.2882,20545
0,0.2882,22463
0,0.2882,27725
0,0.2882,33053
0,0.2882,33316
0,0.2882,40390
0,0.2882,44816
0,0.2882,47369
0,0.2882,52728
0,0.2882,67951
0,0.2882,146366
0,0.2882,512608
0,0.2882,527509
0,0.2882,532909
0,0.2882,571508
0,0.2882,801895
0,0.2882,805491
0,0.2882,932796
0,0.2883,10003
0,0.2883,10110
0,0.2883,11201
0,0.2883,11903
0,0.2883,11921
0,0.2883,17419
0,0.2883,17696
0,0.2883,20253
0,0.2883,22084
0,0.2883,25985
0,0.2883,29648
0,0.2883,30310
0,0.2883,42997
0,0.2883,294178
0,0.2883,518513
0,0.2883,523636
0,0.2883,525061
0,0.2883,532751
0,0.2883,571495
0,0.2883,808836
0,0.2884,10114
0,0.2884,10782
0,0.2884,12037
0,0.2884,12510
0,0.2884,12575
0,0.2884,14194
0,0.2884,14912
0,0.2884,16198
0,0.2884,16625
0,0.2884,19239
0,0.2884,19452
0,0.2884,25713
0,0.2884,34252
0,0.2884,35635
0,0.2884,45024
0,0.2884,66446
0,0.2884,73753
0,0.2884,136159
0,0.2884,215209
0,0.2884,524351
0,0.2884,804326
0,0.2885,10725
0,0.2885,10816
0,0.2885,14499
0,0.2885,14766
0,0.2885,16008
0,0.2885,16907
0,0.2885,22240
0,0.2885,51682
0,0.2885,81201
0,0.2885,519722
0,0.2885,524596
0,0.2885,524902
0,0.2885,800718
0,0.2885,913454
0,0.2885,879469321
0,0.2886,10122
0,0.2886,11371
0,0.2886,12181
0,0.2886,13751
0,0.2886,14206
0,0.2886,15304
0,0.2886,15576
0,0.2886,22852
0,0.2886,24634
0,0.2886,27132
0,0.2886,28559
0,0.2886,42270
0,0.2886,48667
0,0.2886,52191
0,0.2886,101593
0,0.2886,137497
0,0.2886,517763
0,0.2886,521928
0,0.2886,531862
0,0.2887,11618
0,0.2887,12388
0,0.2887,13158
0,0.2887,16910
0,0.2887,19274
0,0.2887,19460
0,0.2887,19478
0,0.2887,21416
0,0.2887,24671
0,0.2887,29135
0,0.2887,45427
0,0.2887,60685
0,0.2887,517548
0,0.2887,518831
0,0.2887,519003
0,0.2887,524073
0,0.2887,532800
0,0.2887,533946
0,0.2888,10285
0,0.2888,10825
0,0.2888,12345
0,0.2888,13559
0,0.2888,14651
0,0.2888,16599
0,0.2888,17408
0,0.2888,17835
0,0.2888,18670
0,0.2888,24134
0,0.2888,25403
0,0.2888,28184
0,0.2888,31627
0,0.2888,36730
0,0.2888,37105
0,0.2888,37265
0,0.2888,39368
0,0.2888,40888
0,0.2888,48301
0,0.2888,65465
0,0.2888,122745
0,0.2888,146404
0,0.2888,521813
0,0.2888,559141
0,0.2888,1050014552
0,0.2889,10072
0,0.2889,10370
0,0.2889,11896
0,0.2889,11989
0,0.2889,13018
0,0.2889,15458
0,0.2889,16517
0,0.2889,19760
0,0.2889,23601
0,0.2889,25318
0,0.2889,30181
0,0.2889,54440
0,0.2889,54642
0,0.2889,56362
0,0.2889,59275
0,0.2889,96137
0,0.2889,200001
0,0.2889,511778
0,0.2889,512662
0,0.2889,513147
0,0.2889,556347
0,0.2889,801982
0,0.2889,802955
0,0.2890,10624
0,0.2890,13392
0,0.2890,15212
0,0.2890,18980
0,0.2890,19308
0,0.2890,19767
0,0.2890,21690
0,0.2890,25210
0,0.2890,47867
0,0.2890,49002
0,0.2890,58394
0,0.2890,72491
0,0.2890,89621
0,0.2890,140134
0,0.2890,164031
0,0.2890,512314
0,0.2890,523776
0,0.2890,524136
0,0.2891,10207
0,0.2891,10356
0,0.2891,10362
0,0.2891,10687
0,0.2891,11079
0,0.2891,11085
0,0.2891,11261
0,0.2891,11445
0,0.2891,11670
0,0.2891,11902
0,0.2891,15543
0,0.2891,16430
0,0.2891,17024
0,0.2891,19995
0,0.2891,21460
0,0.2891,21882
0,0.2891,39753
0,0.2891,44250
0,0.2891,61398
0,0.2891,70325
0,0.2891,72133
0,0.2891,77014
0,0.2891,147617
0,0.2891,235061
0,0.2891,515294
0,0.2891,549229
0,0.2891,801179
0,0.2891,803048
0,0.2891,918582
0,0.2892,10303
0,0.2892,12733
0,0.2892,13115
0,0.2892,13858
0,0.2892,16781
0,0.2892,19921
0,0.2892,21174
0,0.2892,22276
0,0.2892,23273
0,0.2892,29129
0,0.2892,34466
0,0.2892,38706
0,0.2892,53639
0,0.2892,92188
0,0.2892,512156
0,0.2892,519144
0,0.2892,529318
0,0.2892,529520
0,0.2892,802224
0,0.2892,904070
0,0.2892,936810
0,0.2893,13013
0,0.2893,13306
0,0.2893,14552
0,0.2893,14896
0,0.2893,19498
0,0.2893,20185
0,0.2893,38835
0,0.2893,101552
0,0.2893,129936
0,0.2893,247112
0,0.2893,514997
0,0.2893,515026
0,0.2893,524074
0,0.2893,529385
0,0.2893,532905
0,0.2893,800890
0,0.2893,803339
0,0.2893,908295
0,0.2894,11420
0,0.2894,11603
0,0.2894,11806
0,0.2894,11900
0,0.2894,11929
0,0.2894,13892
0,0.2894,15176
0,0.2894,21687
0,0.2894,23826
0,0.2894,28254
0,0.2894,30178
0,0.2894,30537
0,0.2894,38085
0,0.2894,39253
0,0.2894,46152
0,0.2894,511757
0,0.2894,512514
0,0.2894,513364
0,0.2894,522465
0,0.2894,522828
0,0.2894,804555
0,0.2894,809979
0,0.2894,932321
0,0.2895,10107
0,0.2895,11205
0,0.2895,11306
0,0.2895,11586
0,0.2895,11665
0,0.2895,12900
0,0.2895,13255
0,0.2895,15932
0,0.2895,16473
0,0.2895,17369
0,0.2895,21688
0,0.2895,24922
0,0.2895,26901
0,0.2895,34576
0,0.2895,35196
0,0.2895,39095
0,0.2895,40213
0,0.2895,71611
0,0.2895,513217
0,0.2895,513594
0,0.2895,514689
0,0.2895,519132
0,0.2895,521409
0,0.2895,524610
0,0.2895,803757
0,0.2896,11628
0,0.2896,11710
0,0.2896,13138
0,0.2896,15731
0,0.2896,16553
0,0.2896,18165
0,0.2896,19935
0,0.2896,21252
0,0.2896,23167
0,0.2896,23325
0,0.2896,26741
0,0.2896,30371
0,0.2896,30522
0,0.2896,46073
0,0.2896,58730
0,0.2896,119692
0,0.2896,142743
0,0.2896,168670
0,0.2896,514596
0,0.2896,516110
0,0.2896,517722
0,0.2896,522789
0,0.2896,522992
0,0.2896,804156
0,0.2896,804556
0,0.2896,811999
0,0.2897,10133
0,0.2897,10169
0,0.2897,10376
0,0.2897,11047
0,0.2897,11252
0,0.2897,11717
0,0.2897,12109
0,0.2897,13307
0,0.2897,14283
0,0.2897,15117
0,0.2897,15904
0,0.2897,16110
0,0.2897,17173
0,0.2897,20818
0,0.2897,21353
0,0.2897,62778
0,0.2897,73397
0,0.2897,121084
0,0.2897,511844
0,0.2897,512513
0,0.2897,519363
0,0.2898,10494
0,0.2898,12104
0,0.2898,14461
0,0.2898,16794
0,0.2898,18730
0,0.2898,19569
0,0.2898,20007
0,0.2898,23854
0,0.2898,24828
0,0.2898,39608
0,0.2898,195264
0,0.2898,434199
0,0.2898,529129
0,0.2898,800217
0,0.2898,801970
0,0.2899,10097
0,0.2899,10099
0,0.2899,10138
0,0.2899,11021
0,0.2899,12993
0,0.2899,14311
0,0.2899,15496
0,0.2899,15997
0,0.2899,16537
0,0.2899,32474
0,0.2899,37142
0,0.2899,48146
0,0.2899,137084
0,0.2899,800132
0,0.2899,800745
0,0.2900,10255
0,0.2900,10513
0,0.2900,10719
0,0.2900,11540
0,0.2900,11608
0,0.2900,13631
0,0.2900,15398
0,0.2900,15514
0,0.2900,18704
0,0.2900,21296
0,0.2900,21664
0,0.2900,27308
0,0.2900,35324
0,0.2900,511828
0,0.2900,513354
0,0.2900,518604
0,0.2900,524732
0,0.2900,529604
0,0.2900,540077
0,0.2900,574147
0,0.2900,579728
0,0.2901,10371
0,0.2901,11428
0,0.2901,11466
0,0.2901,12159
0,0.2901,12445
0,0.2901,13740
0,0.2901,14509
0,0.2901,15059
0,0.2901,15325
0,0.2901,16343
0,0.2901,18823
0,0.2901,19283
0,0.2901,20398
0,0.2901,21904
0,0.2901,32062
0,0.2901,35912
0,0.2901,61531
0,0.2901,512746
0,0.2901,515463
0,0.2901,519328
0,0.2901,525510
0,0.2901,529207
0,0.2901,805213
0,0.2902,10453
0,0.2902,10604
0,0.2902,11053
0,0.2902,11877
0,0.2902,13985
0,0.2902,14434
0,0.2902,15290
0,0.2902,18343
0,0.2902,21053
0,0.2902,25628
0,0.2902,26798
0,0.2902,28248
0,0.2902,30807
0,0.2902,32258
0,0.2902,69319
0,0.2902,133427
0,0.2902,154359
0,0.2902,512793
0,0.2902,519332
0,0.2902,522410
0,0.2902,530668
0,0.2902,550221
0,0.2903,10302
0,0.2903,11246
0,0.2903,12137
0,0.2903,12358
0,0.2903,13640
0,0.2903,16706
0,0.2903,18419
0,0.2903,23080
0,0.2903,24702
0,0.2903,63027
0,0.2903,74496
0,0.2903,150335
0,0.2903,512928
0,0.2903,513283
0,0.2903,520790
0,0.2903,522745
0,0.2903,805227
0,0.2904,10574
0,0.2904,11012
0,0.2904,13317
0,0.2904,14114
0,0.2904,14736
0,0.2904,17825
0,0.2904,18921
0,0.2904,19036
0,0.2904,19189
0,0.2904,19327
0,0.2904,22900
0,0.2904,53745
0,0.2904,81442
0,0.2904,89191
0,0.2904,126216
0,0.2904,524133
0,0.2904,535347
0,0.2904,555383
0,0.2904,801561
0,0.2905,10052
0,0.2905,10269
0,0.2905,10466
0,0.2905,11784
0,0.2905,12319
0,0.2905,12343
0,0.2905,12809
0,0.2905,13760
0,0.2905,14061
0,0.2905,24122
0,0.2905,29806
0,0.2905,38338
0,0.2905,45969
0,0.2905,79615
0,0.2905,105709
0,0.2905,514361
0,0.2905,517669
0,0.2905,525354
0,0.2905,800724
0,0.2906,10414
0,0.2906,10839
0,0.2906,11038
0,0.2906,11174
0,0.2906,11319
0,0.2906,11874
0,0.2906,14011
0,0.2906,14816
0,0.2906,16175
0,0.2906,16180
0,0.2906,17379
0,0.2906,17402
0,0.2906,17685
0,0.2906,17930
0,0.2906,18204
0,0.2906,18597
0,0.2906,21263
0,0.2906,29493
0,0.2906,39813
0,0.2906,47271
0,0.2906,70539
0,0.2906,94239
0,0.2906,512390
0,0.2906,520390
0,0.2906,533761
0,0.2906,555727
0,0.2906,801557
0,0.2906,932322
0,0.2907,10204
0,0.2907,10800
0,0.2907,12333
0,0.2907,13273
0,0.2907,13613
0,0.2907,13877
0,0.2907,13947
0,0.2907,15226
0,0.2907,15284
0,0.2907,18508
0,0.2907,18601
0,0.2907,22937
0,0.2907,27893
0,0.2907,37817
0,0.2907,40768
0,0.2907,43096
0,0.2907,45839
0,0.2907,53086
0,0.2907,61079
0,0.2907,434891
0,0.2907,512534
0,0.2907,515091
0,0.2907,515961
0,0.2907,529515
0,0.2907,800490
0,0.2907,802038
0,0.2908,11184
0,0.2908,11497
0,0.2908,13121
0,0.2908,15310
0,0.2908,15506
0,0.2908,15888
0,0.2908,17878
0,0.2908,18838
0,0.2908,25085
0,0.2908,25780
0,0.2908,34187
0,0.2908,178990
0,0.2908,521550
0,0.2909,10288
0,0.2909,10704
0,0.2909,10845
0,0.2909,13258
0,0.2909,14482
0,0.2909,18749
0,0.2909,18915
0,0.2909,21692
0,0.2909,34607
0,0.2909,38272
0,0.2909,49839
0,0.2909,86264
0,0.2909,519616
0,0.2909,523600
0,0.2909,807924
0,0.2910,10088
0,0.2910,10172
0,0.2910,10879
0,0.2910,11200
0,0.2910,12506
0,0.2910,13315
0,0.2910,14545
0,0.2910,18185
0,0.2910,20620
0,0.2910,33075
0,0.2910,105436
0,0.2910,521063
0,0.2910,530449
0,0.2910,536264
0,0.2910,805776
0,0.2911,10421
0,0.2911,10515
0,0.2911,10638
0,0.2911,10959
0,0.2911,11103
0,0.2911,11402
0,0.2911,11638
0,0.2911,12318
0,0.2911,12454
0,0.2911,13659
0,0.2911,14023
0,0.2911,15237
0,0.2911,15789
0,0.2911,17931
0,0.2911,22644
0,0.2911,23197
0,0.2911,26136
0,0.2911,27119
0,0.2911,29021
0,0.2911,44830
0,0.2911,517512
0,0.2911,521406
0,0.2911,521763
0,0.2911,523816
0,0.2911,525062
0,0.2911,559554
0,0.2911,806620
0,0.2911,600700832
0,0.2912,10035
0,0.2912,11318
0,0.2912,11447
0,0.2912,12401
0,0.2912,14276
0,0.2912,15495
0,0.2912,15765
0,0.2912,18238
0,0.2912,32449
0,0.2912,111004
0,0.2912,512607
0,0.2912,513630
0,0.2912,514988
0,0.2912,515760
0,0.2912,553194
0,0.2912,907558
0,0.2913,10222
0,0.2913,10540
0,0.2913,11061
0,0.2913,11188
0,0.2913,12101
0,0.2913,13305
0,0.2913,13418
0,0.2913,13568
0,0.2913,14093
0,0.2913,15041
0,0.2913,15929
0,0.2913,16380
0,0.2913,22278
0,0.2913,25254
0,0.2913,25396
0,0.2913,29582
0,0.2913,30504
0,0.2913,32475
0,0.2913,76486
0,0.2913,98157
0,0.2913,519140
0,0.2913,521241
0,0.2913,522387
0,0.2913,522428
0,0.2913,524655
0,0.2913,568471
0,0.2913,806636
0,0.2913,826175
0,0.2913,600700832
0,0.2914,10185
0,0.2914,10956
0,0.2914,10969
0,0.2914,13363
0,0.2914,13894
0,0.2914,14435
0,0.2914,15072
0,0.2914,15382
0,0.2914,15837
0,0.2914,16506
0,0.2914,16617
0,0.2914,19290
0,0.2914,28525
0,0.2914,48096
0,0.2914,56308
0,0.2914,76219
0,0.2914,513146
0,0.2914,518461
0,0.2914,522984
0,0.2914,523564
0,0.2914,903570
0,0.2915,10914
0,0.2915,11485
0,0.2915,13463
0,0.2915,13563
0,0.2915,18020
0,0.2915,18728
0,0.2915,19616
0,0.2915,22461
0,0.2915,25554
0,0.2915,27302
0,0.2915,34949
0,0.2915,38847
0,0.2915,41171
0,0.2915,222777
0,0.2915,454614
0,0.2915,512319
0,0.2915,516072
0,0.2915,519705
0,0.2915,519818
0,0.2915,520034
0,0.2915,520155
0,0.2915,520817
0,0.2915,523017
0,0.2915,800262
0,0.2915,802543
0,0.2915,802544
0,0.2915,805132
0,0.2915,808532
0,0.2916,10027
0,0.2916,10236
0,0.2916,10537
0,0.2916,11170
0,0.2916,12651
0,0.2916,13303
0,0.2916,15713
0,0.2916,23602
0,0.2916,23619
0,0.2916,30446
0,0.2916,31591
0,0.2916,31681
0,0.2916,34683
0,0.2916,47438
0,0.2916,55124
0,0.2916,64416
0,0.2916,66561
0,0.2916,85527
0,0.2916,102689
0,0.2916,107195
0,0.2916,514195
0,0.2916,519399
0,0.2916,537032
0,0.2916,907500
0,0.2917,11891
0,0.2917,12055
0,0.2917,12140
0,0.2917,12259
0,0.2917,13357
0,0.2917,13743
0,0.2917,21227
0,0.2917,25314
0,0.2917,25797
0,0.2917,27614
0,0.2917,29116
0,0.2917,29908
0,0.2917,32393
0,0.2917,38190
0,0.2917,39503
0,0.2917,42483
0,0.2917,45628
0,0.2917,151777
0,0.2917,512927
0,0.2917,517255
0,0.2917,520115
0,0.2917,529516
0,0.2917,533667
0,0.2917,804371
0,0.2917,806061
0,0.2917,904736
0,0.2918,11155
0,0.2918,11908
0,0.2918,12248
0,0.2918,12491
0,0.2918,13434
0,0.2918,13773
0,0.2918,14464
0,0.2918,14714
0,0.2918,15110
0,0.2918,18437
0,0.2918,20780
0,0.2918,21637
0,0.2918,23369
0,0.2918,26620
0,0.2918,46200
0,0.2918,47257
0,0.2918,59170
0,0.2918,96692
0,0.2918,154212
0,0.2918,222611
0,0.2918,512236
0,0.2918,518220
0,0.2918,801684
0,0.2918,804881
0,0.2919,10799
0,0.2919,11414
0,0.2919,12178
0,0.2919,13168
0,0.2919,15209
0,0.2919,15287
0,0.2919,15364
0,0.2919,15612
0,0.2919,17105
0,0.2919,18744
0,0.2919,20272
0,0.2919,24382
0,0.2919,27025
0,0.2919,28767
0,0.2919,50952
0,0.2919,67864
0,0.2919,130455
0,0.2919,148749
0,0.2919,515844
0,0.2919,520083
0,0.2919,524075
0,0.2919,525066
0,0.2919,802405
0,0.2919,803129
0,0.2920,10167
0,0.2920,10597
0,0.2920,13586
0,0.2920,13932
0,0.2920,13989
0,0.2920,16978
0,0.2920,18766
0,0.2920,21932
0,0.2920,24688
0,0.2920,25359
0,0.2920,36524
0,0.2920,37221
0,0.2920,44313
0,0.2920,68332
0,0.2920,81741
0,0.2920,100809
0,0.2920,110756
0,0.2920,517256
0,0.2920,517257
0,0.2920,520641
0,0.2920,521814
0,0.2920,522815
0,0.2920,523923
0,0.2920,547689
0,0.2921,10420
0,0.2921,10497
0,0.2921,11764
0,0.2921,14869
0,0.2921,16735
0,0.2921,18125
0,0.2921,18779
0,0.2921,18932
0,0.2921,23212
0,0.2921,23281
0,0.2921,25970
0,0.2921,36245
0,0.2921,55630
0,0.2921,80175
0,0.2921,115704
0,0.2921,130279
0,0.2921,151050
0,0.2921,512930
0,0.2921,514045
0,0.2921,515219
0,0.2921,515289
0,0.2921,517464
0,0.2921,520812
0,0.2921,521075
0,0.2921,806512
0,0.2922,10224
0,0.2922,10332
0,0.2922,10593
0,0.2922,10617
0,0.2922,11057
0,0.2922,11455
0,0.2922,16579
0,0.2922,26417
0,0.2922,44669
0,0.2922,74551
0,0.2922,102545
0,0.2922,111660
0,0.2922,519331
0,0.2922,521587
0,0.2922,527048
0,0.2922,800412
0,0.2922,803013
0,0.2922,803860
0,0.2922,805797
0,0.2922,807010
0,0.2923,10108
0,0.2923,10205
0,0.2923,10290
0,0.2923,10319
0,0.2923,10965
0,0.2923,11671
0,0.2923,11772
0,0.2923,12355
0,0.2923,16274
0,0.2923,17342
0,0.2923,17419
0,0.2923,18156
0,0.2923,18504
0,0.2923,47922
0,0.2923,55105
0,0.2923,63923
0,0.2923,112956
0,0.2923,166528
0,0.2923,512042
0,0.2923,512460
0,0.2923,513174
0,0.2923,514125
0,0.2923,518194
0,0.2923,800845
0,0.2923,805244
0,0.2923,805860
0,0.2923,813104
0,0.2923,912111327
0,0.2924,10735
0,0.2924,11311
0,0.2924,12083
0,0.2924,12398
0,0.2924,12472
0,0.2924,13316
0,0.2924,15362
0,0.2924,16493
0,0.2924,23025
0,0.2924,25552
0,0.2924,30801
0,0.2924,81228
0,0.2924,91870
0,0.2924,523675
0,0.2924,536208
0,0.2925,10432
0,0.2925,10555
0,0.2925,10603
0,0.2925,10830
0,0.2925,11254
0,0.2925,12176
0,0.2925,12635
0,0.2925,17276
0,0.2925,17454
0,0.2925,20418
0,0.2925,22504
0,0.2925,27106
0,0.2925,30496
0,0.2925,40385
0,0.2925,42890
0,0.2925,93240
0,0.2925,511846
0,0.2925,519865
0,0.2925,526298
0,0.2925,529077
0,0.2925,531009
0,0.2925,574357
0,0.2925,801816
0,0.2925,805165
0,0.2926,10286
0,0.2926,10661
0,0.2926,12295
0,0.2926,14686
0,0.2926,14881
0,0.2926,16836
0,0.2926,19440
0,0.2926,21719
0,0.2926,23206
0,0.2926,24741
0,0.2926,25792
0,0.2926,48914
0,0.2926,60056
0,0.2926,71503
0,0.2926,76194
0,0.2926,133192
0,0.2926,512887
0,0.2926,514265
0,0.2926,521203
0,0.2926,531769
0,0.2926,532750
0,0.2926,804625
0,0.2926,813076
0,0.2927,10041
0,0.2927,10299
0,0.2927,10428
0,0.2927,13427
0,0.2927,13428
0,0.2927,13969
0,0.2927,17726
0,0.2927,17902
0,0.2927,25939
0,0.2927,27296
0,0.2927,63612
0,0.2927,106593
0,0.2927,168586
0,0.2927,527585
0,0.2927,529550
0,0.2928,10040
0,0.2928,10136
0,0.2928,10242
0,0.2928,10282
0,0.2928,10490
0,0.2928,11030
0,0.2928,11210
0,0.2928,13442
0,0.2928,14192
0,0.2928,14523
0,0.2928,14820
0,0.2928,15163
0,0.2928,20300
0,0.2928,35055
0,0.2928,35532
0,0.2928,39082
0,0.2928,43116
0,0.2928,49672
0,0.2928,60241
0,0.2928,100420
0,0.2928,418789
0,0.2928,511882
0,0.2928,512106
0,0.2928,514277
0,0.2928,514405
0,0.2928,514547
0,0.2928,519895
0,0.2928,520210
0,0.2928,521236
0,0.2928,522734
0,0.2928,529519
0,0.2928,533411
0,0.2928,555502
0,0.2928,803070
0,0.2929,11005
0,0.2929,11280
0,0.2929,15680
0,0.2929,18585
0,0.2929,19255
0,0.2929,21822
0,0.2929,25176
0,0.2929,25328
0,0.2929,26064
0,0.2929,35743
0,0.2929,49869
0,0.2929,59853
0,0.2929,68889
0,0.2929,70337
0,0.2929,513537
0,0.2929,521256
0,0.2929,580802
0,0.2929,808183
0,0.2930,10847
0,0.2930,10910
0,0.2930,12815
0,0.2930,13033
0,0.2930,13585
0,0.2930,13595
0,0.2930,14625
0,0.2930,14954
0,0.2930,15964
0,0.2930,17790
0,0.2930,21849
0,0.2930,37859
0,0.2930,45288
0,0.2930,49220
0,0.2930,60774
0,0.2930,94433
0,0.2930,102359
0,0.2930,116555
0,0.2930,519460
0,0.2930,520888
0,0.2930,531334
0,0.2931,10226
0,0.2931,10846
0,0.2931,11618
0,0.2931,11699
0,0.2931,12572
0,0.2931,14223
0,0.2931,14853
0,0.2931,15042
0,0.2931,17072
0,0.2931,17751
0,0.2931,28791
0,0.2931,33775
0,0.2931,43781
0,0.2931,50965
0,0.2931,92871
0,0.2931,114607
0,0.2931,144787
0,0.2931,149390
0,0.2931,511823
0,0.2931,512357
0,0.2931,524767
0,0.2931,800203
0,0.2931,805173
0,0.2932,10119
0,0.2932,10564
0,0.2932,11181
0,0.2932,12297
0,0.2932,14939
0,0.2932,19615
0,0.2932,23524
0,0.2932,36988
0,0.2932,49015
0,0.2932,518920
0,0.2932,520182
0,0.2932,521059
0,0.2932,522738
0,0.2932,523863
0,0.2932,524894
0,0.2932,531829
0,0.2932,536048
0,0.2932,580819
0,0.2932,805072
0,0.2933,10114
0,0.2933,10514
0,0.2933,11419
0,0.2933,13295
0,0.2933,14772
0,0.2933,15361
0,0.2933,16051
0,0.2933,19956
0,0.2933,36459
0,0.2933,58481
0,0.2933,59776
0,0.2933,97180
0,0.2933,519132
0,0.2933,520021
0,0.2933,531732
0,0.2933,532747
0,0.2933,374296357
0,0.2934,10011
0,0.2934,10110
0,0.2934,10338
0,0.2934,10852
0,0.2934,11142
0,0.2934,11214
0,0.2934,11338
0,0.2934,11846
0,0.2934,12732
0,0.2934,13404
0,0.2934,14485
0,0.2934,20402
0,0.2934,23782
0,0.2934,27210
0,0.2934,33038
0,0.2934,35588
0,0.2934,511797
0,0.2934,521129
0,0.2934,521940
0,0.2934,523533
0,0.2935,10168
0,0.2935,12151
0,0.2935,12762
0,0.2935,14387
0,0.2935,15083
0,0.2935,16399
0,0.2935,20774
0,0.2935,22122
0,0.2935,26832
0,0.2935,34680
0,0.2935,128709
0,0.2935,515735
0,0.2936,10399
0,0.2936,10834
0,0.2936,11994
0,0.2936,12135
0,0.2936,14756
0,0.2936,16659
0,0.2936,19720
0,0.2936,25936
0,0.2936,33586
0,0.2936,35450
0,0.2936,49464
0,0.2936,67384
0,0.2936,152496
0,0.2936,522757
0,0.2936,524968
0,0.2936,529422
0,0.2936,908143
0,0.2937,10074
0,0.2937,10109
0,0.2937,10241
0,0.2937,10950
0,0.2937,11166
0,0.2937,11440
0,0.2937,11674
0,0.2937,11802
0,0.2937,13167
0,0.2937,14207
0,0.2937,15094
0,0.2937,18109
0,0.2937,21191
0,0.2937,21366
0,0.2937,40396
0,0.2937,42793
0,0.2937,47107
0,0.2937,58258
0,0.2937,89801
0,0.2937,131748
0,0.2937,513401
0,0.2937,517548
0,0.2937,521126
0,0.2937,522762
0,0.2937,530880
0,0.2937,802174
0,0.2938,10099
0,0.2938,10707
0,0.2938,11925
0,0.2938,12606
0,0.2938,13559
0,0.2938,14664
0,0.2938,18074
0,0.2938,19011
0,0.2938,21918
0,0.2938,29637
0,0.2938,36295
0,0.2938,76412
0,0.2938,104220
0,0.2938,121578
0,0.2938,135801
0,0.2938,512086
0,0.2938,514413
0,0.2938,516110
0,0.2938,529572
0,0.2939,10415
0,0.2939,11085
0,0.2939,12710
0,0.2939,12872
0,0.2939,13922
0,0.2939,14328
0,0.2939,14643
0,0.2939,19218
0,0.2939,23601
0,0.2939,31777
0,0.2939,47601
0,0.2939,52352
0,0.2939,65472
0,0.2939,91333
0,0.2939,94391
0,0.2939,511821
0,0.2939,518721
0,0.2940,10639
0,0.2940,10820
0,0.2940,10986
0,0.2940,12067
0,0.2940,14424
0,0.2940,14611
0,0.2940,15484
0,0.2940,16687
0,0.2940,27133
0,0.2940,30416
0,0.2940,38389
0,0.2940,513111
0,0.2940,514230
0,0.2940,521536
0,0.2940,529424
0,0.2940,801998
0,0.2940,909840
0,0.2941,10094
0,0.2941,10165
0,0.2941,11161
0,0.2941,12006
0,0.2941,12249
0,0.2941,12926
0,0.2941,14259
0,0.2941,34452
0,0.2941,35503
0,0.2941,70779
0,0.2941,522974
0,0.2941,530136
0,0.2941,906612
0,0.2942,10122
0,0.2942,10974
0,0.2942,11125
0,0.2942,11819
0,0.2942,14918
0,0.2942,16953
0,0.2942,18911
0,0.2942,25145
0,0.2942,27682
0,0.2942,38854
0,0.2942,139178
0,0.2942,174420
0,0.2942,383941
0,0.2942,521146
0,0.2942,529498
0,0.2942,800718
0,0.2942,803982
0,0.2942,155143464
0,0.2943,10120
0,0.2943,10658
0,0.2943,11711
0,0.2943,17156
0,0.2943,22066
0,0.2943,28109
0,0.2943,30498
0,0.2943,35058
0,0.2943,42241
0,0.2943,50593
0,0.2943,97863
0,0.2943,518112
0,0.2943,522752
0,0.2943,531708
0,0.2943,805489
0,0.2943,815205
0,0.2943,902501
0,0.2944,10251
0,0.2944,10447
0,0.2944,11255
0,0.2944,11947
0,0.2944,16105
0,0.2944,17849
0,0.2944,19802
0,0.2944,24232
0,0.2944,38454
0,0.2944,57007
0,0.2944,70651
0,0.2944,123503
0,0.2944,513378
0,0.2944,514605
0,0.2944,537899
0,0.2944,549508
0,0.2944,814430
0,0.2945,10510
0,0.2945,11943
0,0.2945,12009
0,0.2945,12644
0,0.2945,12654
0,0.2945,12787
0,0.2945,13371
0,0.2945,13667
0,0.2945,14694
0,0.2945,15793
0,0.2945,16275
0,0.2945,18221
0,0.2945,21527
0,0.2945,22870
0,0.2945,27339
0,0.2945,38268
0,0.2945,44690
0,0.2945,58517
0,0.2945,67174
0,0.2945,114858
0,0.2945,125550
0,0.2945,169003
0,0.2945,514579
0,0.2945,941319
0,0.2946,10047
0,0.2946,11131
0,0.2946,12605
0,0.2946,12685
0,0.2946,12923
0,0.2946,19760
0,0.2946,19827
0,0.2946,20818
0,0.2946,23654
0,0.2946,48120
0,0.2946,512521
0,0.2946,515029
0,0.2946,526612
0,0.2946,535668
0,0.2946,555259
0,0.2946,555827
0,0.2946,801895
0,0.2946,904983
0,0.2947,10137
0,0.2947,10175
0,0.2947,10394
0,0.2947,10448
0,0.2947,10825
0,0.2947,10854
0,0.2947,11032
0,0.2947,11375
0,0.2947,12327
0,0.2947,13698
0,0.2947,16554
0,0.2947,16951
0,0.2947,17174
0,0.2947,17175
0,0.2947,23777
0,0.2947,24776
0,0.2947,25362
0,0.2947,29292
0,0.2947,34392
0,0.2947,45172
0,0.2947,48638
0,0.2947,53190
0,0.2947,61374
0,0.2947,101652
0,0.2947,512750
0,0.2947,516643
0,0.2947,523349
0,0.2947,810086
0,0.2947,834861
0,0.2948,10060
0,0.2948,10677
0,0.2948,11915
0,0.2948,15393
0,0.2948,15602
0,0.2948,16039
0,0.2948,16093
0,0.2948,16794
0,0.2948,19982
0,0.2948,20831
0,0.2948,23325
0,0.2948,26211
0,0.2948,64180
0,0.2948,150846
0,0.2948,199633
0,0.2948,521545
0,0.2948,523506
0,0.2948,605725659
0,0.2948,1050350155
0,0.2949,10035
0,0.2949,10063
0,0.2949,10150
0,0.2949,10676
0,0.2949,10967
0,0.2949,11003
0,0.2949,11021
0,0.2949,11849
0,0.2949,12811
0,0.2949,13360
0,0.2949,18068
0,0.2949,24597
0,0.2949,37997
0,0.2949,50424
0,0.2949,57240
0,0.2949,90835
0,0.2949,512581
0,0.2949,517913
0,0.2949,523636
0,0.2949,819096
0,0.2950,11363
0,0.2950,11490
0,0.2950,11883
0,0.2950,12155
0,0.2950,13317
0,0.2950,15051
0,0.2950,16127
0,0.2950,16816
0,0.2950,17491
0,0.2950,17903
0,0.2950,25730
0,0.2950,28190
0,0.2950,29537
0,0.2950,30716
0,0.2950,34191
0,0.2950,40390
0,0.2950,44903
0,0.2950,519454
0,0.2950,522706
0,0.2950,526311
0,0.2950,531583
0,0.2950,801489
0,0.2951,10265
0,0.2951,11710
0,0.2951,11723
0,0.2951,12054
0,0.2951,12221
0,0.2951,12232
0,0.2951,12359
0,0.2951,12506
0,0.2951,12730
0,0.2951,12796
0,0.2951,12900
0,0.2951,13643
0,0.2951,13707
0,0.2951,15360
0,0.2951,16087
0,0.2951,20468
0,0.2951,24511
0,0.2951,33492
0,0.2951,43732
0,0.2951,124027
0,0.2951,125111
0,0.2951,127702
0,0.2951,152687
0,0.2951,512273
0,0.2951,513376
0,0.2951,520792
0,0.2951,522354
0,0.2951,529385
0,0.2951,800606
0,0.2952,10272
0,0.2952,10295
0,0.2952,10385
0,0.2952,10844
0,0.2952,10949
0,0.2952,11198
0,0.2952,11505
0,0.2952,12088
0,0.2952,12104
0,0.2952,13432
0,0.2952,13537
0,0.2952,15932
0,0.2952,17477
0,0.2952,18054
0,0.2952,21613
0,0.2952,24136
0,0.2952,27111
0,0.2952,28093
0,0.2952,33224
0,0.2952,36704
0,0.2952,54764
0,0.2952,57935
0,0.2952,116799
0,0.2952,123422
0,0.2952,137495
0,0.2952,555238
0,0.2952,556038
0,0.2952,800413
0,0.2952,805647
0,0.2952,807799
0,0.2953,10289
0,0.2953,11416
0,0.2953,11896
0,0.2953,12686
0,0.2953,12727
0,0.2953,14227
0,0.2953,15011
0,0.2953,18321
0,0.2953,25045
0,0.2953,29458
0,0.2953,42095
0,0.2953,175572
0,0.2953,520773
0,0.2953,530435
0,0.2953,545990
0,0.2953,802296
0,0.2953,802907
0,0.2953,803330
0,0.2953,940009
0,0.2954,10285
0,0.2954,10553
0,0.2954,11688
0,0.2954,12028
0,0.2954,14486
0,0.2954,15775
0,0.2954,16311
0,0.2954,17821
0,0.2954,21157
0,0.2954,25184
0,0.2954,30950
0,0.2954,31653
0,0.2954,32628
0,0.2954,81710
0,0.2954,85395
0,0.2954,98698
0,0.2954,149882
0,0.2954,514410
0,0.2954,519316
0,0.2954,519840
0,0.2954,520817
0,0.2954,522387
0,0.2954,801295
0,0.2954,802258
0,0.2955,10107
0,0.2955,11495
0,0.2955,11768
0,0.2955,11969
0,0.2955,12319
0,0.2955,12813
0,0.2955,13628
0,0.2955,17008
0,0.2955,18744
0,0.2955,23513
0,0.2955,26991
0,0.2955,174184
0,0.2955,511975
0,0.2955,523372
0,0.2955,532766
0,0.2955,1050014552
0,0.2956,10138
0,0.2956,10376
0,0.2956,10537
0,0.2956,11967
0,0.2956,13228
0,0.2956,13680
0,0.2956,14286
0,0.2956,17691
0,0.2956,22708
0,0.2956,45311
0,0.2956,48491
0,0.2956,75151
0,0.2956,114715
0,0.2956,519720
0,0.2956,555340
0,0.2956,572057
0,0.2956,800737
0,0.2957,10105
0,0.2957,10249
0,0.2957,10612
0,0.2957,10748
0,0.2957,10969
0,0.2957,11171
0,0.2957,11302
0,0.2957,11856
0,0.2957,13760
0,0.2957,14105
0,0.2957,14434
0,0.2957,15273
0,0.2957,17508
0,0.2957,18436
0,0.2957,34949
0,0.2957,48846
0,0.2957,53086
0,0.2957,69544
0,0.2957,98544
0,0.2957,121308
0,0.2957,190319
0,0.2957,512390
0,0.2957,522983
0,0.2958,10100
0,0.2958,10133
0,0.2958,10294
0,0.2958,10365
0,0.2958,13058
0,0.2958,13115
0,0.2958,14463
0,0.2958,15535
0,0.2958,21543
0,0.2958,26607
0,0.2958,27416
0,0.2958,30955
0,0.2958,36492
0,0.2958,37921
0,0.2958,58394
0,0.2958,514324
0,0.2958,515757
0,0.2958,517512
0,0.2958,520895
0,0.2958,531768
0,0.2958,800056
0,0.2959,10072
0,0.2959,10687
0,0.2959,12109
0,0.2959,13007
0,0.2959,13788
0,0.2959,14289
0,0.2959,15149
0,0.2959,15850
0,0.2959,19036
0,0.2959,24690
0,0.2959,24866
0,0.2959,31575
0,0.2959,39504
0,0.2959,56554
0,0.2959,59983
0,0.2959,521633
0,0.2959,524761
0,0.2959,801199
0,0.2959,801530
0,0.2959,804857
0,0.2959,805067
0,0.2959,904108
0,0.2959,936838
0,0.2959,427967297
0,0.2960,10202
0,0.2960,10869
0,0.2960,11199
0,0.2960,11458
0,0.2960,13258
0,0.2960,14011
0,0.2960,14263
0,0.2960,15605
0,0.2960,22185
0,0.2960,39687
0,0.2960,46409
0,0.2960,63939
0,0.2960,141420
0,0.2960,167848
0,0.2960,235061
0,0.2960,517481
0,0.2960,518777
0,0.2960,522754
0,0.2960,523564
0,0.2960,524292
0,0.2960,529603
0,0.2960,529803
0,0.2960,530151
0,0.2960,532000
0,0.2961,10579
0,0.2961,10855
0,0.2961,11221
0,0.2961,12565
0,0.2961,12716
0,0.2961,12802
0,0.2961,13079
0,0.2961,14224
0,0.2961,14497
0,0.2961,14705
0,0.2961,15423
0,0.2961,15997
0,0.2961,16940
0,0.2961,19189
0,0.2961,20384
0,0.2961,21780
0,0.2961,28254
0,0.2961,33232
0,0.2961,94797
0,0.2961,512795
0,0.2961,520087
0,0.2961,549229
0,0.2961,802615
0,0.2961,803107
0,0.2962,10652
0,0.2962,10777
0,0.2962,11606
0,0.2962,12065
0,0.2962,13759
0,0.2962,14137
0,0.2962,15351
0,0.2962,16473
0,0.2962,19274
0,0.2962,24126
0,0.2962,25547
0,0.2962,26137
0,0.2962,30933
0,0.2962,54462
0,0.2962,64328
0,0.2962,66209
0,0.2962,522732
0,0.2962,529228
0,0.2962,802081
0,0.2962,810995
0,0.2962,936810
0,0.2963,10306
0,0.2963,13018
0,0.2963,13259
0,0.2963,21609
0,0.2963,23273
0,0.2963,25763
0,0.2963,29322
0,0.2963,29419
0,0.2963,36894
0,0.2963,38316
0,0.2963,38706
0,0.2963,41598
0,0.2963,67789
0,0.2963,70924
0,0.2963,71877
0,0.2963,117741
0,0.2963,511839
0,0.2963,524949
0,0.2963,924901
0,0.2964,10097
0,0.2964,10187
0,0.2964,11825
0,0.2964,12095
0,0.2964,12358
0,0.2964,12718
0,0.2964,13353
0,0.2964,14247
0,0.2964,15671
0,0.2964,17194
0,0.2964,17272
0,0.2964,21932
0,0.2964,28674
0,0.2964,30421
0,0.2964,148726
0,0.2964,511862
0,0.2964,512077
0,0.2964,519890
0,0.2964,523776
0,0.2964,534361
0,0.2964,801933
0,0.2964,802809
0,0.2964,802955
0,0.2964,803310
0,0.2964,905303
0,0.2965,10118
0,0.2965,10404
0,0.2965,10414
0,0.2965,10917
0,0.2965,11058
0,0.2965,13134
0,0.2965,13692
0,0.2965,15950
0,0.2965,16284
0,0.2965,18419
0,0.2965,18937
0,0.2965,23453
0,0.2965,30233
0,0.2965,30331
0,0.2965,37735
0,0.2965,52728
0,0.2965,56560
0,0.2965,63923
0,0.2965,520367
0,0.2965,524156
0,0.2966,10488
0,0.2966,10515
0,0.2966,10531
0,0.2966,10781
0,0.2966,11664
0,0.2966,11789
0,0.2966,12060
0,0.2966,12240
0,0.2966,12650
0,0.2966,13287
0,0.2966,21520
0,0.2966,23659
0,0.2966,32119
0,0.2966,47035
0,0.2966,59057
0,0.2966,61398
0,0.2966,83936
0,0.2966,512663
0,0.2966,517601
0,0.2966,800847
0,0.2966,801521
0,0.2966,812884
0,0.2967,10529
0,0.2967,10543
0,0.2967,13607
0,0.2967,13824
0,0.2967,15274
0,0.2967,15458
0,0.2967,15768
0,0.2967,16636
0,0.2967,16700
0,0.2967,17275
0,0.2967,18678
0,0.2967,20158
0,0.2967,20545
0,0.2967,42191
0,0.2967,53290
0,0.2967,61921
0,0.2967,95057
0,0.2967,511828
0,0.2967,512947
0,0.2967,514596
0,0.2967,520641
0,0.2967,534404
0,0.2967,549024
0,0.2967,801282
0,0.2967,805757
0,0.2967,815281
0,0.2967,903422
0,0.2967,932684
0,0.2968,10494
0,0.2968,10819
0,0.2968,11053
0,0.2968,11373
0,0.2968,11432
0,0.2968,13347
0,0.2968,13730
0,0.2968,13830
0,0.2968,15514
0,0.2968,17086
0,0.2968,23619
0,0.2968,25503
0,0.2968,30310
0,0.2968,511881
0,0.2968,513283
0,0.2968,516960
0,0.2968,518309
0,0.2968,547701
0,0.2968,559410
0,0.2968,571495
0,0.2968,803007
0,0.2968,805245
0,0.2968,908747
0,0.2969,10061
0,0.2969,10807
0,0.2969,11200
0,0.2969,11341
0,0.2969,11815
0,0.2969,12405
0,0.2969,12487
0,0.2969,12777
0,0.2969,14765
0,0.2969,15858
0,0.2969,16457
0,0.2969,17901
0,0.2969,22338
0,0.2969,30761
0,0.2969,31719
0,0.2969,36199
0,0.2969,39294
0,0.2969,86523
0,0.2969,195264
0,0.2969,515933
0,0.2969,518604
0,0.2969,530449
0,0.2969,539620
0,0.2969,581422
0,0.2969,802461
0,0.2970,10378
0,0.2970,10805
0,0.2970,11070
0,0.2970,11563
0,0.2970,13302
0,0.2970,14912
0,0.2970,16671
0,0.2970,17420
0,0.2970,17623
0,0.2970,21214
0,0.2970,22327
0,0.2970,23236
0,0.2970,23703
0,0.2970,26322
0,0.2970,107903
0,0.2970,113924
0,0.2970,172666
0,0.2970,514416
0,0.2970,800618
0,0.2970,803865
0,0.2971,10205
0,0.2971,10271
0,0.2971,10691
0,0.2971,11365
0,0.2971,12159
0,0.2971,12264
0,0.2971,16493
0,0.2971,19586
0,0.2971,22014
0,0.2971,29799
0,0.2971,50228
0,0.2971,55178
0,0.2971,512927
0,0.2971,519946
0,0.2971,520820
0,0.2971,522746
0,0.2971,556286
0,0.2971,800363
0,0.2971,803048
0,0.2971,807534
0,0.2972,17938
0,0.2972,22240
0,0.2972,26287
0,0.2972,28123
0,0.2972,28622
0,0.2972,29340
0,0.2972,38413
0,0.2972,41428
0,0.2972,52528
0,0.2972,520236
0,0.2972,522828
0,0.2973,10545
0,0.2973,10648
0,0.2973,11455
0,0.2973,12396
0,0.2973,13817
0,0.2973,13836
0,0.2973,14294
0,0.2973,16381
0,0.2973,61311
0,0.2973,63798
0,0.2973,154759
0,0.2973,184704
0,0.2973,515950
0,0.2973,519865
0,0.2973,521241
0,0.2973,580097
0,0.2973,802124
0,0.2974,11974
0,0.2974,12294
0,0.2974,13205
0,0.2974,13442
0,0.2974,19452
0,0.2974,19963
0,0.2974,30891
0,0.2974,37190
0,0.2974,40046
0,0.2974,42997
0,0.2974,303314
0,0.2974,512328
0,0.2974,515545
0,0.2974,526864
0,0.2974,805532
0,0.2974,807288
0,0.2974,908183
0,0.2975,10185
0,0.2975,10288
0,0.2975,10341
0,0.2975,10663
0,0.2975,11253
0,0.2975,12809
0,0.2975,13773
0,0.2975,14461
0,0.2975,14673
0,0.2975,16274
0,0.2975,16781
0,0.2975,26485
0,0.2975,29106
0,0.2975,31198
0,0.2975,48335
0,0.2975,119860
0,0.2975,258715
0,0.2975,525731
0,0.2975,804371
0,0.2976,10027
0,0.2976,10497
0,0.2976,11064
0,0.2976,11500
0,0.2976,12907
0,0.2976,17674
0,0.2976,24843
0,0.2976,26666
0,0.2976,27413
0,0.2976,28010
0,0.2976,40045
0,0.2976,44005
0,0.2976,58730
0,0.2976,63027
0,0.2976,71547
0,0.2976,75379
0,0.2976,88944
0,0.2976,256844
0,0.2976,515015
0,0.2976,524512
0,0.2976,800022
0,0.2976,909363
0,0.2976,932796
0,0.2977,10114
0,0.2977,12318
0,0.2977,14071
0,0.2977,15955
0,0.2977,16642
0,0.2977,16986
0,0.2977,21468
0,0.2977,32762
0,0.2977,38835
0,0.2977,111777
0,0.2977,513646
0,0.2977,519658
0,0.2977,521814
0,0.2977,531299
0,0.2977,800968
0,0.2978,10353
0,0.2978,10950
0,0.2978,11795
0,0.2978,12510
0,0.2978,12532
0,0.2978,18170
0,0.2978,24848
0,0.2978,27880
0,0.2978,35372
0,0.2978,64607
0,0.2978,519927
0,0.2978,521261
0,0.2978,522841
0,0.2978,802384
0,0.2979,10110
0,0.2979,10291
0,0.2979,11027
0,0.2979,11614
0,0.2979,11726
0,0.2979,11785
0,0.2979,11923
0,0.2979,12125
0,0.2979,12651
0,0.2979,14191
0,0.2979,15117
0,0.2979,18779
0,0.2979,19290
0,0.2979,25330
0,0.2979,26309
0,0.2979,36812
0,0.2979,48667
0,0.2979,50960
0,0.2979,59387
0,0.2979,192306
0,0.2979,512187
0,0.2979,513812
0,0.2979,800594
0,0.2979,806817
0,0.2979,903679
0,0.2980,10041
0,0.2980,10323
0,0.2980,11312
0,0.2980,13281
0,0.2980,13516
0,0.2980,18391
0,0.2980,19751
0,0.2980,22799
0,0.2980,34767
0,0.2980,62156
0,0.2980,512542
0,0.2980,521745
0,0.2980,800809
0,0.2980,801970
0,0.2980,924883
0,0.2981,12206
0,0.2981,12742
0,0.2981,12817
0,0.2981,14697
0,0.2981,15021
0,0.2981,15782
0,0.2981,16465
0,0.2981,18932
0,0.2981,38272
0,0.2981,54958
0,0.2981,66067
0,0.2981,137497
0,0.2981,516098
0,0.2981,516981
0,0.2981,518540
0,0.2981,520188
0,0.2981,521292
0,0.2981,533835
0,0.2981,556591
0,0.2981,800827
0,0.2981,800890
0,0.2981,803241
0,0.2982,11532
0,0.2982,12503
0,0.2982,14206
0,0.2982,14881
0,0.2982,16139
0,0.2982,18889
0,0.2982,20072
0,0.2982,32850
0,0.2982,79759
0,0.2982,88157
0,0.2982,513174
0,0.2982,580736
0,0.2982,701647131
0,0.2983,10816
0,0.2983,11937
0,0.2983,15494
0,0.2983,17354
0,0.2983,85527
0,0.2983,94555
0,0.2983,100478
0,0.2983,514045
0,0.2983,522760
0,0.2983,525408
0,0.2983,802308
0,0.2983,809397
0,0.2984,10243
0,0.2984,10840
0,0.2984,11401
0,0.2984,11893
0,0.2984,14362
0,0.2984,15891
0,0.2984,16249
0,0.2984,25939
0,0.2984,27252
0,0.2984,28559
0,0.2984,47922
0,0.2984,513146
0,0.2984,514489
0,0.2984,524717
0,0.2985,10080
0,0.2985,10121
0,0.2985,10354
0,0.2985,10368
0,0.2985,11896
0,0.2985,12181
0,0.2985,12900
0,0.2985,15914
0,0.2985,20087
0,0.2985,27684
0,0.2985,44816
0,0.2985,77821
0,0.2985,514546
0,0.2985,802455
0,0.2985,806236
0,0.2986,10914
0,0.2986,11327
0,0.2986,12933
0,0.2986,13307
0,0.2986,15635
0,0.2986,23602
0,0.2986,24382
0,0.2986,25684
0,0.2986,31975
0,0.2986,56970
0,0.2986,121067
0,0.2986,519443
0,0.2986,521240
0,0.2986,524902
0,0.2986,537032
0,0.2986,539448
0,0.2986,804625
0,0.2986,814989
0,0.2987,11607
0,0.2987,13184
0,0.2987,15325
0,0.2987,15534
0,0.2987,17109
0,0.2987,18113
0,0.2987,30477
0,0.2987,61243
0,0.2987,516739
0,0.2987,524655
0,0.2987,527318
0,0.2987,801394
0,0.2987,801663
0,0.2987,807560
0,0.2987,905286
0,0.2988,10436
0,0.2988,10735
0,0.2988,11663
0,0.2988,14997
0,0.2988,16794
0,0.2988,19327
0,0.2988,24016
0,0.2988,42509
0,0.2988,45024
0,0.2988,60421
0,0.2988,99882
0,0.2988,527048
0,0.2988,531643
0,0.2988,555342
0,0.2988,802107
0,0.2988,803732
0,0.2989,11072
0,0.2989,11085
0,0.2989,11466
0,0.2989,11568
0,0.2989,15451
0,0.2989,18437
0,0.2989,19341
0,0.2989,20185
0,0.2989,32161
0,0.2989,35196
0,0.2989,524610
0,0.2989,529031
0,0.2989,800213
0,0.2989,801491
0,0.2989,801976
0,0.2989,806433
0,0.2990,10692
0,0.2990,13305
0,0.2990,14736
0,0.2990,18504
0,0.2990,22926
0,0.2990,24306
0,0.2990,26619
0,0.2990,43695
0,0.2990,61285
0,0.2990,520646
0,0.2990,521075
0,0.2990,529519
0,0.2990,802080
0,0.2990,811406
0,0.2990,814010
0,0.2991,13026
0,0.2991,13035
0,0.2991,13068
0,0.2991,23249
0,0.2991,36384
0,0.2991,46240
0,0.2991,54440
0,0.2991,70486
0,0.2991,525958
0,0.2991,531999
0,0.2991,812633
0,0.2992,10051
0,0.2992,10263
0,0.2992,11021
0,0.2992,12411
0,0.2992,12947
0,0.2992,13312
0,0.2992,13854
0,0.2992,13863
0,0.2992,13932
0,0.2992,17325
0,0.2992,18953
0,0.2992,23500
0,0.2992,23854
0,0.2992,37142
0,0.2992,83143
0,0.2992,94433
0,0.2992,209688
0,0.2992,521189
0,0.2992,541412
0,0.2992,564864
0,0.2992,805825
0,0.2992,813695
0,0.2992,935161
0,0.2992,1050045395
0,0.2993,11030
0,0.2993,11112
0,0.2993,13471
0,0.2993,14438
0,0.2993,15506
0,0.2993,16273
0,0.2993,16600
0,0.2993,16862
0,0.2993,22335
0,0.2993,27157
0,0.2993,37709
0,0.2993,53138
0,0.2993,517359
0,0.2993,519365
0,0.2993,519818
0,0.2993,520816
0,0.2993,521236
0,0.2993,803339
0,0.2993,814115
0,0.2993,904624
0,0.2994,10169
0,0.2994,10172
0,0.2994,10292
0,0.2994,10495
0,0.2994,10638
0,0.2994,11821
0,0.2994,12733
0,0.2994,13168
0,0.2994,13872
0,0.2994,13969
0,0.2994,21719
0,0.2994,24701
0,0.2994,27702
0,0.2994,29635
0,0.2994,59887
0,0.2994,63122
0,0.2994,513930
0,0.2994,517050
0,0.2994,802137
0,0.2994,813104
0,0.2994,904652
0,0.2995,10312
0,0.2995,10617
0,0.2995,11252
0,0.2995,11485
0,0.2995,12283
0,0.2995,16538
0,0.2995,19616
0,0.2995,26238
0,0.2995,27596
0,0.2995,29493
0,0.2995,68889
0,0.2995,517548
0,0.2995,556539
0,0.2995,910588
0,0.2995,932322
0,0.2996,10846
0,0.2996,17958
0,0.2996,36499
0,0.2996,64874
0,0.2996,513499
0,0.2996,514988
0,0.2996,516256
0,0.2996,533811
0,0.2996,559335
0,0.2996,801845
0,0.2996,803013
0,0.2997,10159
0,0.2997,10303
0,0.2997,11654
0,0.2997,12398
0,0.2997,13317
0,0.2997,13559
0,0.2997,14061
0,0.2997,14093
0,0.2997,15371
0,0.2997,18790
0,0.2997,19594
0,0.2997,26417
0,0.2997,28469
0,0.2997,29939
0,0.2997,32974
0,0.2997,40289
0,0.2997,40888
0,0.2997,42226
0,0.2997,64399
0,0.2997,523675
0,0.2997,543158
0,0.2997,801242
0,0.2997,801561
0,0.2997,802544
0,0.2997,803070
0,0.2997,808183
0,0.2997,814106
0,0.2998,10593
0,0.2998,11497
0,0.2998,11578
0,0.2998,12055
0,0.2998,12108
0,0.2998,12131
0,0.2998,12140
0,0.2998,15562
0,0.2998,16687
0,0.2998,16734
0,0.2998,17019
0,0.2998,19921
0,0.2998,21296
0,0.2998,24227
0,0.2998,102689
0,0.2998,289948
0,0.2998,511823
0,0.2998,518461
0,0.2998,519140
0,0.2998,801347
0,0.2998,905259
0,0.2999,10147
0,0.2999,10852
0,0.2999,10952
0,0.2999,12067
0,0.2999,12506
0,0.2999,13013
0,0.2999,13121
0,0.2999,15999
0,0.2999,17835
0,0.2999,22276
0,0.2999,55258
0,0.2999,76194
0,0.2999,215209
0,0.2999,517202
0,0.2999,518194
0,0.2999,518513
0,0.2999,521059
0,0.2999,529489
0,0.2999,806999
0,0.2999,900035
