trial,t,flywire_id
0,0.0000,107633
0,0.0000,904600
0,0.0001,33659
0,0.0001,35609
0,0.0001,57866
0,0.0001,111805
0,0.0001,131246
0,0.0001,904600
0,0.0002,819020
0,0.0002,825485
0,0.0003,24765
0,0.0003,84436
0,0.0003,825485
0,0.0004,25968
0,0.0005,16857
0,0.0005,170248
0,0.0005,556567
0,0.0005,907641
0,0.0006,27754
0,0.0006,61274
0,0.0006,116840
0,0.0006,117502
0,0.0006,119223
0,0.0006,122092
0,0.0006,249687
0,0.0006,566861
0,0.0006,803069
0,0.0007,60698
0,0.0007,60767
0,0.0007,65655
0,0.0007,107633
0,0.0007,565762
0,0.0008,107376
0,0.0008,147910
0,0.0008,249687
0,0.0008,806837
0,0.0009,97329
0,0.0009,100306
0,0.0009,543000
0,0.0009,825877
0,0.0010,16857
0,0.0010,30637
0,0.0010,53014
0,0.0010,57079
0,0.0010,57378
0,0.0010,69089
0,0.0010,101919
0,0.0010,107641
0,0.0011,44988
0,0.0011,79767
0,0.0011,126393
0,0.0011,172408
0,0.0011,526985
0,0.0011,812139
0,0.0011,815668
0,0.0012,22031
0,0.0012,30637
0,0.0012,48443
0,0.0012,61274
0,0.0012,101919
0,0.0012,111288
0,0.0012,566861
0,0.0012,807069
0,0.0013,156052
0,0.0014,17059
0,0.0014,35318
0,0.0014,116396
0,0.0014,172408
0,0.0014,249687
0,0.0015,107641
0,0.0015,116762
0,0.0015,126130
0,0.0015,851699
0,0.0016,33271
0,0.0016,82332
0,0.0016,93754
0,0.0016,109559
0,0.0016,126648
0,0.0016,163748
0,0.0016,809320
0,0.0017,85511
0,0.0017,145959
0,0.0017,147766
0,0.0017,809689
0,0.0018,12510
0,0.0018,25968
0,0.0018,78801
0,0.0018,90254
0,0.0018,103532
0,0.0018,126130
0,0.0018,172408
0,0.0019,81305
0,0.0019,96133
0,0.0019,97001
0,0.0019,133359
0,0.0019,551927
0,0.0019,801572
0,0.0019,806652
0,0.0020,12950
0,0.0020,43104
0,0.0020,53014
0,0.0020,93754
0,0.0020,102348
0,0.0020,541827
0,0.0020,812139
0,0.0020,814015
0,0.0020,904040
0,0.0021,12510
0,0.0021,53014
0,0.0021,79411
0,0.0021,124212
0,0.0021,167080
0,0.0021,512530
0,0.0021,801340
0,0.0021,803069
0,0.0021,815668
0,0.0022,77309
0,0.0022,107633
0,0.0022,126130
0,0.0022,800741
0,0.0023,18223
0,0.0023,92047
0,0.0023,159376
0,0.0023,539078
0,0.0024,109804
0,0.0024,834852932
0,0.0025,55985
0,0.0025,61274
0,0.0025,109422
0,0.0025,539078
0,0.0026,64962
0,0.0026,103532
0,0.0026,135710
0,0.0027,55837
0,0.0027,101097
0,0.0027,169619
0,0.0027,546642
0,0.0028,807069
0,0.0029,20312
0,0.0029,25336
0,0.0029,64962
0,0.0029,71868
0,0.0029,85652
0,0.0029,117502
0,0.0029,539078
0,0.0029,548996
0,0.0029,806278
0,0.0030,53014
0,0.0030,97329
0,0.0030,107828
0,0.0031,53187
0,0.0031,133296
0,0.0032,119223
0,0.0032,123096
0,0.0033,17284
0,0.0033,205944
0,0.0034,13131
0,0.0034,39268
0,0.0034,48050
0,0.0034,57079
0,0.0034,102348
0,0.0034,146697
0,0.0034,539142
0,0.0034,541976
0,0.0034,556567
0,0.0035,97329
0,0.0035,115736
0,0.0036,163748
0,0.0038,533975
0,0.0038,825877
0,0.0039,20481
0,0.0039,141516
0,0.0039,160101
0,0.0040,64818
0,0.0040,82053
0,0.0040,100954
0,0.0040,123096
0,0.0040,192298
0,0.0040,806278
0,0.0041,24765
0,0.0041,90722
0,0.0041,98658
0,0.0041,123096
0,0.0041,155871
0,0.0041,566861
0,0.0041,801340
0,0.0042,82332
0,0.0043,12950
0,0.0043,53659
0,0.0043,170248
0,0.0044,27754
0,0.0044,77309
0,0.0044,135710
0,0.0044,154116
0,0.0044,169619
0,0.0044,543000
0,0.0045,53014
0,0.0045,57079
0,0.0045,79463
0,0.0045,169619
0,0.0046,90722
0,0.0046,96133
0,0.0046,154116
0,0.0046,155871
0,0.0046,801572
0,0.0047,10603
0,0.0047,28202
0,0.0047,92047
0,0.0047,122092
0,0.0047,517215
0,0.0047,801930
0,0.0047,955814
0,0.0048,16791
0,0.0048,22031
0,0.0048,69517
0,0.0048,71868
0,0.0048,96133
0,0.0048,115652
0,0.0048,145959
0,0.0048,803069
0,0.0049,18223
0,0.0049,126130
0,0.0049,133066
0,0.0049,138642
0,0.0050,57079
0,0.0051,25013
0,0.0051,122092
0,0.0051,522889
0,0.0051,806652
0,0.0052,37930
0,0.0052,177006
0,0.0052,529970
0,0.0053,15426
0,0.0053,60491
0,0.0053,539142
0,0.0053,803554
0,0.0053,814015
0,0.0054,27872
0,0.0054,51410
0,0.0054,60767
0,0.0054,61504
0,0.0054,534098
0,0.0055,53014
0,0.0055,126130
0,0.0055,126393
0,0.0055,517268
0,0.0055,830235
0,0.0055,952273252
0,0.0056,11908
0,0.0056,33412
0,0.0056,37283
0,0.0056,55446
0,0.0056,56953
0,0.0056,188480
0,0.0056,539142
0,0.0056,830235
0,0.0057,72827
0,0.0057,76966
0,0.0057,101919
0,0.0057,124192
0,0.0057,512530
0,0.0058,12055
0,0.0058,20481
0,0.0058,116131
0,0.0058,116762
0,0.0058,141516
0,0.0058,826162
0,0.0059,57378
0,0.0059,117466
0,0.0059,159376
0,0.0059,522889
0,0.0059,566861
0,0.0063,804384
0,0.0067,800926
0,0.0070,10540
0,0.0071,16151
0,0.0079,13351
0,0.0080,15932
0,0.0081,807676
0,0.0082,13667
0,0.0082,803683
0,0.0083,10619
0,0.0086,13460
0,0.0086,13499
0,0.0087,10603
0,0.0090,11393
0,0.0091,902554
0,0.0092,11269
0,0.0093,10041
0,0.0093,10110
0,0.0094,522387
0,0.0097,513992
0,0.0100,25939
0,0.0102,10753
0,0.0103,14881
0,0.0103,805015
0,0.0104,519890
0,0.0104,533975
0,0.0105,804132
0,0.0107,10537
0,0.0108,16630
0,0.0109,21183
0,0.0110,11405
0,0.0111,13201
0,0.0112,555342
0,0.0114,14131
0,0.0114,514396
0,0.0116,12095
0,0.0118,10553
0,0.0118,11338
0,0.0119,20545
0,0.0120,10986
0,0.0121,571495
0,0.0123,10684
0,0.0123,11495
0,0.0123,19643
0,0.0125,520817
0,0.0126,10216
0,0.0126,10255
0,0.0126,11199
0,0.0126,15364
0,0.0127,11142
0,0.0128,11269
0,0.0128,11393
0,0.0128,513378
0,0.0129,15611
0,0.0129,17508
0,0.0133,16210
0,0.0134,20818
0,0.0135,12358
0,0.0135,16151
0,0.0135,512077
0,0.0135,513283
0,0.0135,529498
0,0.0136,18419
0,0.0136,19189
0,0.0137,10517
0,0.0137,18744
0,0.0137,521059
0,0.0138,10107
0,0.0138,65472
0,0.0139,12858
0,0.0143,10047
0,0.0144,53086
0,0.0147,23273
0,0.0147,34949
0,0.0148,17454
0,0.0148,38847
0,0.0150,13460
0,0.0153,11497
0,0.0153,37142
0,0.0157,10619
0,0.0160,18790
0,0.0160,32258
0,0.0163,19760
0,0.0163,20780
0,0.0165,38706
0,0.0167,26417
0,0.0168,11231
0,0.0168,12297
0,0.0170,21932
0,0.0170,515933
0,0.0171,24016
0,0.0172,16642
0,0.0173,27725
0,0.0174,39813
0,0.0175,14881
0,0.0176,25939
0,0.0176,529385
0,0.0176,533975
0,0.0178,28010
0,0.0179,512390
0,0.0180,16493
0,0.0180,25184
0,0.0183,11393
0,0.0183,14131
0,0.0184,30807
0,0.0184,524717
0,0.0185,10290
0,0.0185,11269
0,0.0188,10221
0,0.0188,521624
0,0.0189,514125
0,0.0189,517512
0,0.0191,63923
0,0.0192,12376
0,0.0193,12506
0,0.0195,10099
0,0.0195,12327
0,0.0195,516256
0,0.0197,517548
0,0.0198,13559
0,0.0199,15616
0,0.0199,84758
0,0.0199,513284
0,0.0201,12358
0,0.0201,18156
0,0.0201,19189
0,0.0201,20818
0,0.0201,512928
0,0.0201,513283
0,0.0202,18419
0,0.0202,18744
0,0.0202,511955
0,0.0203,10539
0,0.0203,23273
0,0.0203,512513
0,0.0203,521813
0,0.0204,11874
0,0.0204,513463
0,0.0204,520641
0,0.0204,523786
0,0.0208,520817
0,0.0209,14727
0,0.0209,16151
0,0.0209,32258
0,0.0209,512514
0,0.0210,53086
0,0.0210,519140
0,0.0210,519328
0,0.0210,520210
0,0.0211,19760
0,0.0212,513033
0,0.0213,23601
0,0.0214,514907
0,0.0215,514396
0,0.0217,21932
0,0.0218,17454
0,0.0218,26417
0,0.0219,34949
0,0.0220,10619
0,0.0220,14434
0,0.0221,13217
0,0.0222,520581
0,0.0222,524073
0,0.0223,13460
0,0.0223,88342
0,0.0223,556346
0,0.0224,12506
0,0.0224,16360
0,0.0224,58834
0,0.0224,514997
0,0.0225,15713
0,0.0225,46073
0,0.0225,513520
0,0.0225,519144
0,0.0225,521409
0,0.0226,515675
0,0.0228,92188
0,0.0228,520818
0,0.0229,10099
0,0.0229,11503
0,0.0229,14552
0,0.0229,22084
0,0.0229,512305
0,0.0229,520812
0,0.0230,11053
0,0.0230,16048
0,0.0230,19825
0,0.0230,556347
0,0.0231,11989
0,0.0231,37142
0,0.0232,10216
0,0.0232,11307
0,0.0232,14881
0,0.0232,20715
0,0.0233,523776
0,0.0234,513517
0,0.0235,21183
0,0.0235,25939
0,0.0235,51159
0,0.0235,519941
0,0.0239,513464
0,0.0240,11484
0,0.0240,15611
0,0.0241,13434
0,0.0242,533975
0,0.0243,515760
0,0.0243,516110
0,0.0243,519347
0,0.0244,16630
0,0.0244,17402
0,0.0244,17419
0,0.0244,131313
0,0.0244,511778
0,0.0244,512319
0,0.0244,527588
0,0.0245,14464
0,0.0245,525062
0,0.0245,555342
0,0.0246,16440
0,0.0247,454614
0,0.0248,11886
0,0.0248,12656
0,0.0248,13985
0,0.0248,14482
0,0.0248,45427
0,0.0248,522992
0,0.0249,14871
0,0.0249,100809
0,0.0249,107195
0,0.0250,11433
0,0.0250,12797
0,0.0250,529385
0,0.0251,14308
0,0.0252,10324
0,0.0252,15495
0,0.0252,39753
0,0.0252,517763
0,0.0253,13395
0,0.0253,16110
0,0.0253,18823
0,0.0253,39413
0,0.0254,14509
0,0.0254,15904
0,0.0255,22884
0,0.0255,520817
0,0.0256,10513
0,0.0256,12506
0,0.0256,15398
0,0.0256,521812
0,0.0257,11393
0,0.0257,29713
0,0.0257,39813
0,0.0257,294178
0,0.0258,11987
0,0.0258,14131
0,0.0258,14507
0,0.0258,16180
0,0.0258,17024
0,0.0258,46764
0,0.0258,511844
0,0.0258,512793
0,0.0258,529318
0,0.0259,14816
0,0.0259,515294
0,0.0259,522973
0,0.0260,11269
0,0.0260,12358
0,0.0260,15839
0,0.0260,16553
0,0.0260,20007
0,0.0260,23273
0,0.0260,30807
0,0.0260,434891
0,0.0260,523807
0,0.0260,535347
0,0.0261,11184
0,0.0261,11326
0,0.0261,16540
0,0.0261,19189
0,0.0261,511841
0,0.0262,17379
0,0.0262,20818
0,0.0262,25184
0,0.0262,800162
0,0.0263,515961
0,0.0263,523806
0,0.0264,10624
0,0.0264,18419
0,0.0264,19760
0,0.0264,23281
0,0.0264,35324
0,0.0264,513283
0,0.0264,517417
0,0.0264,522994
0,0.0264,524074
0,0.0265,15399
0,0.0265,18744
0,0.0265,32258
0,0.0265,517548
0,0.0266,15851
0,0.0266,17143
0,0.0267,13559
0,0.0267,16008
0,0.0267,519332
0,0.0267,524717
0,0.0268,15837
0,0.0270,10969
0,0.0270,519331
0,0.0271,15409
0,0.0271,17753
0,0.0271,53086
0,0.0271,527653
0,0.0272,514125
0,0.0273,51555
0,0.0274,10099
0,0.0274,800117
0,0.0276,16151
0,0.0277,568155
0,0.0278,21932
0,0.0282,23315
0,0.0282,26417
0,0.0283,17454
0,0.0283,520210
0,0.0284,17419
0,0.0284,516110
0,0.0284,555176
0,0.0285,22461
0,0.0285,34949
0,0.0293,14464
0,0.0293,512319
0,0.0294,14881
0,0.0294,520817
0,0.0295,10047
0,0.0295,25797
0,0.0296,25939
0,0.0298,49829
0,0.0299,10221
0,0.0301,10619
0,0.0301,19643
0,0.0302,39798
0,0.0304,12059
0,0.0304,22001
0,0.0304,30371
0,0.0305,518690
0,0.0307,13460
0,0.0307,30206
0,0.0310,521535
0,0.0310,523517
0,0.0311,527297
0,0.0311,533975
0,0.0312,44909
0,0.0313,18633
0,0.0314,10043
0,0.0314,14963
0,0.0314,21183
0,0.0315,23601
0,0.0315,521534
0,0.0318,11231
0,0.0318,31681
0,0.0318,513379
0,0.0318,521528
0,0.0318,568502
0,0.0319,11393
0,0.0319,514396
0,0.0320,11269
0,0.0321,23703
0,0.0321,31735
0,0.0324,14131
0,0.0329,20185
0,0.0330,10479
0,0.0337,20818
0,0.0338,53086
0,0.0339,12358
0,0.0339,800207
0,0.0342,10216
0,0.0342,16151
0,0.0343,555344
0,0.0351,10960
0,0.0354,10619
0,0.0355,19189
0,0.0356,18744
0,0.0358,34949
0,0.0359,18419
0,0.0361,17454
0,0.0361,23273
0,0.0361,513283
0,0.0365,440899
0,0.0366,17801
0,0.0367,37142
0,0.0371,15611
0,0.0371,16630
0,0.0373,533975
0,0.0378,14093
0,0.0383,11497
0,0.0387,32258
0,0.0388,14881
0,0.0389,25939
0,0.0390,11393
0,0.0390,12506
0,0.0390,14131
0,0.0390,14434
0,0.0391,11269
0,0.0391,513992
0,0.0391,517548
0,0.0392,26417
0,0.0396,13351
0,0.0398,529385
0,0.0401,26194
0,0.0402,10537
0,0.0402,13559
0,0.0404,524717
0,0.0406,16151
0,0.0407,30807
0,0.0408,21932
0,0.0409,10221
0,0.0411,20818
0,0.0411,25184
0,0.0411,30068
0,0.0412,12358
0,0.0412,514125
0,0.0413,10047
0,0.0413,39813
0,0.0415,10619
0,0.0415,13460
0,0.0415,514396
0,0.0415,515234
0,0.0418,21183
0,0.0419,19189
0,0.0420,53086
0,0.0421,19760
0,0.0424,18744
0,0.0424,23273
0,0.0426,513283
0,0.0427,18419
0,0.0427,514907
0,0.0428,11393
0,0.0428,514997
0,0.0429,11269
0,0.0429,59969
0,0.0434,551398
0,0.0434,800551
0,0.0437,513992
0,0.0437,533975
0,0.0438,13685
0,0.0438,17454
0,0.0439,34949
0,0.0439,520210
0,0.0439,523776
0,0.0441,10099
0,0.0441,23601
0,0.0441,515130
0,0.0442,801079
0,0.0444,520817
0,0.0445,37142
0,0.0448,14881
0,0.0451,25939
0,0.0451,800638
0,0.0452,16695
0,0.0452,524596
0,0.0453,10216
0,0.0453,14131
0,0.0455,26137
0,0.0456,32258
0,0.0456,172666
0,0.0457,11909
0,0.0459,32315
0,0.0459,49829
0,0.0461,16267
0,0.0461,16519
0,0.0463,521701
0,0.0464,11393
0,0.0465,11269
0,0.0466,16048
0,0.0466,19643
0,0.0466,67167
0,0.0468,26417
0,0.0469,16151
0,0.0470,11255
0,0.0470,13351
0,0.0470,170407
0,0.0471,45024
0,0.0471,555176
0,0.0472,12506
0,0.0473,11484
0,0.0473,517548
0,0.0473,580329
0,0.0474,231168
0,0.0474,521297
0,0.0475,20818
0,0.0475,37111
0,0.0475,529385
0,0.0476,11231
0,0.0476,141161
0,0.0476,517512
0,0.0477,12358
0,0.0477,15611
0,0.0477,16630
0,0.0478,13732
0,0.0479,10619
0,0.0480,524717
0,0.0481,12091
0,0.0482,13460
0,0.0482,19189
0,0.0483,12203
0,0.0483,50835
0,0.0484,13559
0,0.0484,800162
0,0.0485,10863
0,0.0485,21932
0,0.0488,12609
0,0.0489,30807
0,0.0489,42231
0,0.0492,50327
0,0.0492,59776
0,0.0492,537027
0,0.0493,39813
0,0.0494,12258
0,0.0494,23273
0,0.0495,513283
0,0.0496,13145
0,0.0496,800117
0,0.0497,10479
0,0.0497,11393
0,0.0498,14434
0,0.0498,53086
0,0.0499,25184
0,0.0500,18419
0,0.0500,19760
0,0.0500,513992
0,0.0502,10428
0,0.0502,18744
0,0.0502,514125
0,0.0502,533975
0,0.0503,11269
0,0.0503,42089
0,0.0504,17454
0,0.0505,14131
0,0.0507,10222
0,0.0508,11530
0,0.0508,12104
0,0.0508,23325
0,0.0509,21183
0,0.0509,34949
0,0.0512,800490
0,0.0513,514396
0,0.0515,166976
0,0.0518,13229
0,0.0519,14881
0,0.0519,164863
0,0.0520,13273
0,0.0521,25939
0,0.0522,14259
0,0.0523,48335
0,0.0523,519399
0,0.0524,11054
0,0.0524,11909
0,0.0524,69704
0,0.0525,939616
0,0.0526,11941
0,0.0526,16630
0,0.0527,10041
0,0.0528,11393
0,0.0528,515232
0,0.0529,13351
0,0.0529,38706
0,0.0529,515060
0,0.0530,513033
0,0.0531,32258
0,0.0531,512858
0,0.0532,11861
0,0.0532,19334
0,0.0532,512513
0,0.0532,514988
0,0.0533,18156
0,0.0533,49829
0,0.0533,84758
0,0.0534,10738
0,0.0534,11338
0,0.0535,15611
0,0.0536,515933
0,0.0537,37142
0,0.0537,514997
0,0.0537,523786
0,0.0538,14093
0,0.0538,26417
0,0.0538,519328
0,0.0538,520210
0,0.0539,10110
0,0.0539,12797
0,0.0539,20818
0,0.0539,517512
0,0.0541,12358
0,0.0541,16151
0,0.0542,32461
0,0.0543,12203
0,0.0543,12506
0,0.0544,19189
0,0.0545,10099
0,0.0545,524073
0,0.0545,529385
0,0.0546,14482
0,0.0546,21932
0,0.0546,78573
0,0.0546,524717
0,0.0547,13460
0,0.0547,513283
0,0.0548,23601
0,0.0549,107195
0,0.0550,23273
0,0.0550,88342
0,0.0551,11497
0,0.0551,12252
0,0.0551,520817
0,0.0552,11874
0,0.0552,13456
0,0.0553,13395
0,0.0553,519140
0,0.0554,50835
0,0.0554,513463
0,0.0554,519346
0,0.0554,532909
0,0.0554,533971
0,0.0555,13217
0,0.0555,18419
0,0.0555,18744
0,0.0555,519144
0,0.0556,39813
0,0.0557,30807
0,0.0557,517548
0,0.0557,520581
0,0.0558,10539
0,0.0558,513284
0,0.0559,11269
0,0.0559,53086
0,0.0559,512791
0,0.0559,513609
0,0.0559,521813
0,0.0559,555344
0,0.0560,12131
0,0.0561,10619
0,0.0561,19760
0,0.0562,521409
0,0.0563,12609
0,0.0563,13490
0,0.0563,17454
0,0.0563,523517
0,0.0563,523776
0,0.0566,13559
0,0.0566,16695
0,0.0566,34949
0,0.0567,18327
0,0.0568,12646
0,0.0568,25184
0,0.0568,29836
0,0.0569,512514
0,0.0570,20185
0,0.0572,11393
0,0.0572,14727
0,0.0572,20774
0,0.0573,18601
0,0.0573,514125
0,0.0573,519947
0,0.0575,14881
0,0.0575,15210
0,0.0576,15616
0,0.0577,15713
0,0.0577,25939
0,0.0578,16267
0,0.0579,10099
0,0.0579,14223
0,0.0580,12506
0,0.0580,13219
0,0.0580,511842
0,0.0580,520642
0,0.0581,22884
0,0.0581,42089
0,0.0581,513992
0,0.0581,533975
0,0.0581,551398
0,0.0582,17419
0,0.0582,512328
0,0.0582,516110
0,0.0584,52728
0,0.0584,512305
0,0.0585,558854
0,0.0586,14729
0,0.0586,36730
0,0.0587,22084
0,0.0588,11254
0,0.0588,21496
0,0.0589,18508
0,0.0590,10492
0,0.0590,10553
0,0.0590,10971
0,0.0590,19825
0,0.0590,559141
0,0.0591,11989
0,0.0591,16630
0,0.0591,32258
0,0.0591,158211
0,0.0591,513266
0,0.0591,555176
0,0.0591,567101
0,0.0592,38268
0,0.0592,520367
0,0.0593,11909
0,0.0593,14434
0,0.0593,15611
0,0.0593,512928
0,0.0594,36384
0,0.0594,519351
0,0.0595,10537
0,0.0595,515675
0,0.0595,524361
0,0.0596,14464
0,0.0596,512319
0,0.0596,513283
0,0.0597,11231
0,0.0597,12358
0,0.0597,20818
0,0.0597,26417
0,0.0598,12498
0,0.0598,13351
0,0.0599,19189
0,0.0599,31070
0,0.0600,16579
0,0.0601,13301
0,0.0601,23281
0,0.0601,31735
0,0.0602,23273
0,0.0603,10041
0,0.0603,11269
0,0.0604,11393
0,0.0604,12203
0,0.0604,520817
0,0.0605,11416
0,0.0606,16708
0,0.0606,19355
0,0.0607,13877
0,0.0607,14215
0,0.0608,555342
0,0.0609,21932
0,0.0609,529385
0,0.0609,529489
0,0.0610,11053
0,0.0610,11371
0,0.0610,13800
0,0.0610,33075
0,0.0610,63923
0,0.0611,10018
0,0.0611,19760
0,0.0611,64180
0,0.0612,10546
0,0.0612,16048
0,0.0612,16641
0,0.0612,24382
0,0.0612,28010
0,0.0612,42700
0,0.0613,10110
0,0.0613,10830
0,0.0613,19478
0,0.0613,519944
0,0.0613,520210
0,0.0614,12091
0,0.0614,17391
0,0.0614,49829
0,0.0614,511839
0,0.0614,511857
0,0.0615,10624
0,0.0615,11326
0,0.0615,11861
0,0.0615,12088
0,0.0615,18419
0,0.0615,516256
0,0.0615,526612
0,0.0616,10868
0,0.0616,50835
0,0.0616,512750
0,0.0616,533971
0,0.0618,11351
0,0.0618,11484
0,0.0618,17043
0,0.0618,523780
0,0.0619,18744
0,0.0619,512390
0,0.0620,10479
0,0.0620,29205
0,0.0621,11199
0,0.0621,39813
0,0.0621,533529
0,0.0622,524717
0,0.0623,11490
0,0.0623,16493
0,0.0623,514396
0,0.0624,13692
0,0.0624,522738
0,0.0625,10975
0,0.0625,12506
0,0.0625,519332
0,0.0626,10099
0,0.0626,15247
0,0.0626,24688
0,0.0626,521059
0,0.0627,18777
0,0.0628,11176
0,0.0628,53086
0,0.0629,20715
0,0.0629,59776
0,0.0629,64301
0,0.0629,521536
0,0.0630,14259
0,0.0630,37111
0,0.0630,532909
0,0.0631,11186
0,0.0631,16151
0,0.0632,12298
0,0.0632,13710
0,0.0632,16553
0,0.0632,520194
0,0.0633,10057
0,0.0633,17379
0,0.0633,514997
0,0.0634,200284
0,0.0634,524893
0,0.0635,10061
0,0.0635,10553
0,0.0635,22122
0,0.0636,10513
0,0.0636,16360
0,0.0636,19308
0,0.0636,19982
0,0.0637,17143
0,0.0637,18956
0,0.0637,21296
0,0.0637,30807
0,0.0637,522706
0,0.0637,537027
0,0.0638,12609
0,0.0638,529318
0,0.0639,15398
0,0.0639,17024
0,0.0639,34949
0,0.0639,35324
0,0.0639,519925
0,0.0639,522994
0,0.0640,10207
0,0.0640,17454
0,0.0640,23325
0,0.0640,524074
0,0.0641,12104
0,0.0641,14881
0,0.0641,30371
0,0.0642,11393
0,0.0642,14830
0,0.0642,16642
0,0.0642,517417
0,0.0642,555342
0,0.0643,10360
0,0.0643,11269
0,0.0643,14509
0,0.0643,16180
0,0.0644,11571
0,0.0644,18054
0,0.0644,19215
0,0.0645,10260
0,0.0645,14816
0,0.0645,25481
0,0.0645,25939
0,0.0646,10046
0,0.0646,11878
0,0.0646,15904
0,0.0646,19736
0,0.0646,523506
0,0.0647,10005
0,0.0647,434891
0,0.0647,515961
0,0.0647,517101
0,0.0648,12954
0,0.0648,13551
0,0.0648,16110
0,0.0648,18823
0,0.0648,515294
0,0.0649,18697
0,0.0649,25184
0,0.0650,10269
0,0.0650,48914
0,0.0650,515060
0,0.0650,524902
0,0.0651,11054
0,0.0651,12297
0,0.0652,28186
0,0.0653,514907
0,0.0653,522809
0,0.0653,523772
0,0.0654,21183
0,0.0654,23654
0,0.0654,34187
0,0.0654,555344
0,0.0656,10041
0,0.0656,14192
0,0.0657,21719
0,0.0658,13182
0,0.0658,14869
0,0.0658,15046
0,0.0658,26353
0,0.0658,519947
0,0.0660,11795
0,0.0660,17402
0,0.0661,383941
0,0.0661,513537
0,0.0662,12943
0,0.0662,13607
0,0.0662,16707
0,0.0662,519399
0,0.0663,10543
0,0.0663,11455
0,0.0663,22185
0,0.0663,78573
0,0.0663,514596
0,0.0664,11416
0,0.0664,14223
0,0.0664,34900
0,0.0664,514988
0,0.0665,10027
0,0.0665,11025
0,0.0665,18932
0,0.0665,37142
0,0.0665,555176
0,0.0666,12347
0,0.0666,524412
0,0.0666,529125
0,0.0667,32258
0,0.0667,511955
0,0.0668,10011
0,0.0668,10072
0,0.0668,13989
0,0.0668,16630
0,0.0668,521374
0,0.0669,15611
0,0.0669,20818
0,0.0669,23273
0,0.0669,511756
0,0.0670,39753
0,0.0670,519131
0,0.0671,10531
0,0.0671,12183
0,0.0671,15361
0,0.0671,16579
0,0.0672,10428
0,0.0672,10816
0,0.0672,11750
0,0.0672,11805
0,0.0672,12358
0,0.0673,10222
0,0.0673,10369
0,0.0673,10612
0,0.0673,12252
0,0.0673,14542
0,0.0673,513283
0,0.0674,10322
0,0.0674,12206
0,0.0674,520641
0,0.0674,522715
0,0.0675,12359
0,0.0675,13079
0,0.0675,13158
0,0.0675,14486
0,0.0675,19760
0,0.0675,511821
0,0.0675,512357
0,0.0675,534301
0,0.0676,20144
0,0.0676,26417
0,0.0676,531862
0,0.0677,11925
0,0.0677,19189
0,0.0677,62207
0,0.0677,513992
0,0.0678,10210
0,0.0678,12155
0,0.0678,17162
0,0.0679,14989
0,0.0679,519818
0,0.0679,529385
0,0.0680,10975
0,0.0680,11490
0,0.0680,13760
0,0.0680,21849
0,0.0680,521701
0,0.0681,11717
0,0.0681,16506
0,0.0681,23601
0,0.0682,10215
0,0.0682,53086
0,0.0682,521815
0,0.0682,555727
0,0.0683,13007
0,0.0683,521538
0,0.0683,521814
0,0.0684,13229
0,0.0685,10302
0,0.0685,10457
0,0.0685,11723
0,0.0685,13456
0,0.0685,527350
0,0.0686,12107
0,0.0686,16473
0,0.0686,512927
0,0.0686,526298
0,0.0686,527588
0,0.0687,19541
0,0.0687,513340
0,0.0687,529641
0,0.0688,10285
0,0.0688,11245
0,0.0688,12946
0,0.0689,11338
0,0.0689,12787
0,0.0689,18419
0,0.0689,519132
0,0.0689,522992
0,0.0690,13351
0,0.0690,517548
0,0.0690,559141
0,0.0691,13860
0,0.0691,21932
0,0.0693,10185
0,0.0693,18779
0,0.0694,13108
0,0.0694,38858
0,0.0695,10836
0,0.0695,50575
0,0.0695,520210
0,0.0696,12689
0,0.0696,231558
0,0.0697,10479
0,0.0697,11423
0,0.0698,16754
0,0.0698,18744
0,0.0698,512513
0,0.0699,11211
0,0.0699,512390
0,0.0700,513033
0,0.0701,10099
0,0.0701,10114
0,0.0701,10831
0,0.0701,11530
0,0.0701,13273
0,0.0701,15176
0,0.0701,537032
0,0.0702,10472
0,0.0702,101002
0,0.0702,555340
0,0.0703,10110
0,0.0703,13128
0,0.0703,23619
0,0.0703,514125
0,0.0704,11419
0,0.0704,13324
0,0.0704,38706
0,0.0704,524033
0,0.0705,10414
0,0.0705,10825
0,0.0705,45024
0,0.0706,11387
0,0.0706,12076
0,0.0707,10205
0,0.0707,10668
0,0.0707,10986
0,0.0707,71649
0,0.0707,84758
0,0.0707,518194
0,0.0708,10888
0,0.0708,11269
0,0.0708,16493
0,0.0709,10054
0,0.0709,10546
0,0.0709,10969
0,0.0709,11393
0,0.0709,520817
0,0.0709,524717
0,0.0710,10416
0,0.0710,10687
0,0.0710,11909
0,0.0710,12342
0,0.0710,520300
0,0.0711,10041
0,0.0711,10265
0,0.0711,34949
0,0.0711,512077
0,0.0712,11945
0,0.0712,512877
0,0.0712,517512
0,0.0712,524150
0,0.0713,11166
0,0.0713,24382
0,0.0713,32824
0,0.0714,12506
0,0.0714,12553
0,0.0714,14881
0,0.0714,17454
0,0.0714,523372
0,0.0714,556346
0,0.0714,904639
0,0.0715,10497
0,0.0715,10834
0,0.0715,523776
0,0.0715,800149
0,0.0716,10676
0,0.0716,16781
0,0.0716,20705
0,0.0716,25939
0,0.0716,47107
0,0.0716,533529
0,0.0717,11874
0,0.0717,13559
0,0.0717,13864
0,0.0718,13773
0,0.0718,14093
0,0.0718,15950
0,0.0718,17173
0,0.0718,513463
0,0.0718,519944
0,0.0718,533971
0,0.0719,10868
0,0.0719,11351
0,0.0719,14306
0,0.0719,532909
0,0.0720,10009
0,0.0720,11497
0,0.0720,12646
0,0.0720,514489
0,0.0720,519946
0,0.0721,11066
0,0.0721,11634
0,0.0721,519144
0,0.0721,519716
0,0.0721,520812
0,0.0722,11199
0,0.0722,40768
0,0.0722,42089
0,0.0723,15362
0,0.0724,13217
0,0.0724,19255
0,0.0724,21496
0,0.0724,514997
0,0.0724,519140
0,0.0725,11255
0,0.0725,100006
0,0.0726,11254
0,0.0726,15441
0,0.0726,26741
0,0.0726,62207
0,0.0727,10927
0,0.0727,11458
0,0.0727,529603
0,0.0728,23325
0,0.0728,537027
0,0.0729,18597
0,0.0729,519717
0,0.0729,529808
0,0.0730,12166
0,0.0730,14507
0,0.0731,10137
0,0.0731,10575
0,0.0731,12730
0,0.0731,13877
0,0.0731,20468
0,0.0732,10061
0,0.0732,11856
0,0.0732,19308
0,0.0732,20715
0,0.0732,520642
0,0.0733,11648
0,0.0735,10503
0,0.0735,10616
0,0.0735,11503
0,0.0735,14434
0,0.0735,17726
0,0.0735,18028
0,0.0736,13013
0,0.0736,39813
0,0.0736,524073
0,0.0736,903152
0,0.0737,10204
0,0.0737,10554
0,0.0737,12104
0,0.0737,13872
0,0.0737,32258
0,0.0737,37554
0,0.0738,10402
0,0.0738,10838
0,0.0738,50835
0,0.0739,11332
0,0.0739,32315
0,0.0739,512305
0,0.0740,15163
0,0.0740,16504
0,0.0740,20818
0,0.0740,22084
0,0.0740,23273
0,0.0740,92188
0,0.0740,515933
0,0.0741,11500
0,0.0741,13371
0,0.0741,14664
0,0.0741,16862
0,0.0741,802659
0,0.0742,16274
0,0.0742,20185
0,0.0743,10052
0,0.0743,17008
0,0.0743,20497
0,0.0743,29340
0,0.0743,47922
0,0.0743,520367
0,0.0743,522706
0,0.0744,10294
0,0.0744,11455
0,0.0744,515675
0,0.0744,520115
0,0.0744,801027
0,0.0745,10099
0,0.0745,512791
0,0.0746,10539
0,0.0746,10820
0,0.0746,13123
0,0.0746,14276
0,0.0746,15905
0,0.0746,88342
0,0.0746,519865
0,0.0747,12358
0,0.0747,15955
0,0.0747,200284
0,0.0748,10895
0,0.0748,12091
0,0.0748,21637
0,0.0748,514045
0,0.0748,515760
0,0.0749,10543
0,0.0749,16244
0,0.0749,25184
0,0.0749,523716
0,0.0749,523821
0,0.0750,12203
0,0.0750,16008
0,0.0750,33075
0,0.0750,556591
0,0.0751,10018
0,0.0751,10627
0,0.0751,10732
0,0.0751,12310
0,0.0752,10285
0,0.0752,14580
0,0.0752,18601
0,0.0752,19189
0,0.0752,36704
0,0.0752,513283
0,0.0752,800687
0,0.0753,11393
0,0.0753,12183
0,0.0753,16642
0,0.0753,17244
0,0.0753,64180
0,0.0753,525497
0,0.0754,11269
0,0.0754,13618
0,0.0754,16571
0,0.0754,26417
0,0.0754,30807
0,0.0754,800596
0,0.0755,10420
0,0.0755,11155
0,0.0755,14435
0,0.0755,521813
0,0.0755,527653
0,0.0756,58834
0,0.0756,521409
0,0.0757,10638
0,0.0757,11085
0,0.0757,12506
0,0.0757,19760
0,0.0757,28791
0,0.0757,35743
0,0.0757,100809
0,0.0757,513464
0,0.0757,519347
0,0.0758,19290
0,0.0758,28287
0,0.0758,41801
0,0.0758,454614
0,0.0758,513992
0,0.0759,10085
0,0.0759,13295
0,0.0759,13985
0,0.0759,17685
0,0.0759,19618
0,0.0759,511844
0,0.0759,526612
0,0.0760,10157
0,0.0760,10559
0,0.0760,14482
0,0.0760,16440
0,0.0760,21277
0,0.0761,10290
0,0.0761,12609
0,0.0761,522738
0,0.0762,10442
0,0.0762,10544
0,0.0762,12251
0,0.0762,17801
0,0.0763,13829
0,0.0763,14429
0,0.0763,19452
0,0.0763,520817
0,0.0764,10754
0,0.0764,18932
0,0.0764,20007
0,0.0764,21932
0,0.0765,15458
0,0.0765,23601
0,0.0765,76194
0,0.0766,18504
0,0.0766,18744
0,0.0766,30310
0,0.0767,11861
0,0.0767,22240
0,0.0767,78573
0,0.0767,518194
0,0.0767,520300
0,0.0768,10969
0,0.0768,12159
0,0.0768,24382
0,0.0768,802092
0,0.0769,10041
0,0.0769,11779
0,0.0769,29713
0,0.0769,512006
0,0.0770,18156
0,0.0770,19616
0,0.0770,512514
0,0.0770,512927
0,0.0771,14871
0,0.0771,514405
0,0.0771,801431
0,0.0772,10113
0,0.0772,10452
0,0.0772,11701
0,0.0772,17402
0,0.0772,19296
0,0.0772,40390
0,0.0772,516110
0,0.0772,521814
0,0.0773,10968
0,0.0773,524717
0,0.0774,515757
0,0.0774,517548
0,0.0774,521812
0,0.0774,902529
0,0.0775,10167
0,0.0775,12565
0,0.0775,18419
0,0.0776,529385
0,0.0777,11145
0,0.0777,13007
0,0.0777,23325
0,0.0777,294178
0,0.0777,519896
0,0.0778,10101
0,0.0778,11338
0,0.0778,17419
0,0.0778,512357
0,0.0779,10057
0,0.0779,12025
0,0.0779,14881
0,0.0779,17220
0,0.0779,18823
0,0.0779,801715
0,0.0780,10205
0,0.0780,12104
0,0.0780,30068
0,0.0780,49829
0,0.0780,515294
0,0.0780,555991
0,0.0780,580736
0,0.0781,10072
0,0.0781,10110
0,0.0781,10207
0,0.0781,11909
0,0.0781,19327
0,0.0781,22884
0,0.0781,514596
0,0.0782,31070
0,0.0782,45427
0,0.0783,39753
0,0.0784,11393
0,0.0784,11485
0,0.0784,13351
0,0.0784,15904
0,0.0784,18779
0,0.0784,25792
0,0.0784,58481
0,0.0784,517763
0,0.0784,524412
0,0.0785,12619
0,0.0785,15212
0,0.0785,21296
0,0.0785,23619
0,0.0785,25939
0,0.0785,45969
0,0.0785,906758
0,0.0786,27296
0,0.0786,513033
0,0.0787,10863
0,0.0787,31681
0,0.0787,512328
0,0.0787,531862
0,0.0788,10440
0,0.0788,11947
0,0.0788,12140
0,0.0788,36235
0,0.0788,69319
0,0.0789,12429
0,0.0789,14816
0,0.0789,39095
0,0.0789,513649
0,0.0790,11061
0,0.0790,11699
0,0.0790,12088
0,0.0790,19982
0,0.0790,28010
0,0.0790,522974
0,0.0791,11375
0,0.0791,12710
0,0.0791,517512
0,0.0792,10011
0,0.0792,11142
0,0.0792,54440
0,0.0792,520210
0,0.0792,533971
0,0.0792,802263
0,0.0793,11495
0,0.0793,53086
0,0.0794,10099
0,0.0794,10908
0,0.0794,11269
0,0.0794,13559
0,0.0794,84758
0,0.0794,515961
0,0.0795,10553
0,0.0795,11158
0,0.0795,12378
0,0.0795,15176
0,0.0795,16274
0,0.0795,16695
0,0.0795,20715
0,0.0795,23703
0,0.0795,555344
0,0.0795,801787
0,0.0795,906206
0,0.0796,18054
0,0.0796,33224
0,0.0797,10676
0,0.0797,512513
0,0.0797,519865
0,0.0798,34949
0,0.0799,10776
0,0.0799,17024
0,0.0799,512319
0,0.0800,11925
0,0.0800,13805
0,0.0800,15587
0,0.0800,515234
0,0.0801,12846
0,0.0801,14464
0,0.0801,59969
0,0.0801,61273
0,0.0801,515060
0,0.0801,525595
0,0.0802,11280
0,0.0802,14970
0,0.0802,38706
0,0.0802,527588
0,0.0802,533529
0,0.0803,11618
0,0.0803,12787
0,0.0803,15398
0,0.0804,10051
0,0.0804,10738
0,0.0804,14434
0,0.0804,42975
0,0.0805,10269
0,0.0805,10751
0,0.0805,14936
0,0.0805,37105
0,0.0805,42890
0,0.0805,801534
0,0.0806,29939
0,0.0806,37142
0,0.0806,158211
0,0.0806,517193
0,0.0806,529318
0,0.0807,10677
0,0.0807,23273
0,0.0807,522354
0,0.0807,802638
0,0.0808,16110
0,0.0808,18504
0,0.0808,512877
0,0.0808,513403
0,0.0808,934591
0,0.0809,12506
0,0.0809,13428
0,0.0809,24684
0,0.0809,76194
0,0.0809,512390
0,0.0809,512927
0,0.0809,521814
0,0.0810,519946
0,0.0811,12358
0,0.0811,12923
0,0.0812,23281
0,0.0812,47035
0,0.0812,514045
0,0.0813,12809
0,0.0813,13490
0,0.0813,15457
0,0.0813,20774
0,0.0813,20818
0,0.0813,23188
0,0.0813,24122
0,0.0813,35743
0,0.0813,517059
0,0.0813,801214
0,0.0813,801873
0,0.0814,10617
0,0.0814,32258
0,0.0815,114607
0,0.0815,519720
0,0.0815,904639
0,0.0816,10177
0,0.0816,16180
0,0.0816,18932
0,0.0816,50835
0,0.0816,512750
0,0.0816,555342
0,0.0817,10027
0,0.0817,10414
0,0.0817,10969
0,0.0817,12298
0,0.0817,19425
0,0.0818,10497
0,0.0818,10624
0,0.0818,10699
0,0.0818,16630
0,0.0818,19124
0,0.0818,21932
0,0.0818,526298
0,0.0819,10045
0,0.0819,18744
0,0.0819,19474
0,0.0819,29135
0,0.0819,42089
0,0.0819,94797
0,0.0819,172666
0,0.0820,11803
0,0.0820,12049
0,0.0820,24382
0,0.0820,521538
0,0.0820,800613
0,0.0820,805992
0,0.0821,13158
0,0.0821,15950
0,0.0821,54443
0,0.0822,21018
0,0.0822,513537
0,0.0822,514405
0,0.0822,801235
0,0.0822,801749
0,0.0823,11326
0,0.0823,14509
0,0.0823,15072
0,0.0823,17454
0,0.0823,19189
0,0.0823,516256
0,0.0823,519841
0,0.0823,521646
0,0.0823,524596
0,0.0824,17991
0,0.0824,37554
0,0.0824,514489
0,0.0824,518194
0,0.0824,521633
0,0.0825,515130
0,0.0825,800296
0,0.0826,10056
0,0.0826,13445
0,0.0826,40390
0,0.0826,67167
0,0.0826,515140
0,0.0827,10356
0,0.0827,11614
0,0.0828,15611
0,0.0828,34506
0,0.0828,116799
0,0.0828,524309
0,0.0828,803843
0,0.0829,192306
0,0.0829,514997
0,0.0829,520812
0,0.0830,10114
0,0.0830,10554
0,0.0830,11155
0,0.0831,10815
0,0.0831,11070
0,0.0831,11967
0,0.0831,521745
0,0.0831,800846
0,0.0832,15344
0,0.0832,520122
0,0.0832,521466
0,0.0833,10668
0,0.0833,12158
0,0.0833,23325
0,0.0834,513283
0,0.0834,800213
0,0.0834,803874
0,0.0835,12734
0,0.0835,519399
0,0.0836,11199
0,0.0836,13217
0,0.0836,15905
0,0.0836,523776
0,0.0836,559141
0,0.0837,10054
0,0.0837,10652
0,0.0837,11458
0,0.0837,13732
0,0.0837,170407
0,0.0837,519140
0,0.0838,16244
0,0.0838,31735
0,0.0838,48335
0,0.0838,521536
0,0.0838,800578
0,0.0840,10302
0,0.0840,11588
0,0.0840,14766
0,0.0840,14881
0,0.0840,23601
0,0.0841,10807
0,0.0841,31696
0,0.0841,141161
0,0.0841,242405
0,0.0841,512662
0,0.0841,514988
0,0.0841,515933
0,0.0841,523372
0,0.0841,580329
0,0.0841,801492
0,0.0841,802663
0,0.0842,11189
0,0.0842,12104
0,0.0842,15458
0,0.0842,231168
0,0.0842,519144
0,0.0843,10294
0,0.0843,10895
0,0.0843,10927
0,0.0843,11269
0,0.0843,13141
0,0.0843,25284
0,0.0843,37111
0,0.0844,10295
0,0.0844,155188
0,0.0844,516919
0,0.0844,524412
0,0.0845,10205
0,0.0845,10420
0,0.0845,22122
0,0.0845,26417
0,0.0845,83661
0,0.0845,800434
0,0.0846,10537
0,0.0846,10834
0,0.0846,80867
0,0.0846,513464
0,0.0846,522853
0,0.0846,912122
0,0.0847,147927
0,0.0848,10088
0,0.0848,12733
0,0.0848,13295
0,0.0848,45024
0,0.0848,59776
0,0.0848,522706
0,0.0848,801050
0,0.0849,11403
0,0.0849,17019
0,0.0849,22240
0,0.0849,532909
0,0.0850,10041
0,0.0850,12203
0,0.0851,11578
0,0.0851,50327
0,0.0851,72491
0,0.0852,25939
0,0.0852,28791
0,0.0852,30310
0,0.0852,801804
0,0.0853,10113
0,0.0853,40213
0,0.0853,164863
0,0.0853,514125
0,0.0853,537032
0,0.0854,10078
0,0.0854,10846
0,0.0854,12028
0,0.0854,14223
0,0.0854,15210
0,0.0854,63923
0,0.0854,513992
0,0.0854,800827
0,0.0855,12297
0,0.0855,20890
0,0.0855,934092
0,0.0856,10192
0,0.0856,95935
0,0.0856,537899
0,0.0856,800977
0,0.0857,10805
0,0.0857,10809
0,0.0857,10914
0,0.0857,11495
0,0.0857,529411
0,0.0857,800531
0,0.0858,10099
0,0.0858,11255
0,0.0858,166976
0,0.0858,532946
0,0.0858,564865
0,0.0859,10046
0,0.0859,18419
0,0.0859,30371
0,0.0859,517548
0,0.0859,555827
0,0.0859,801946
0,0.0860,10072
0,0.0860,11849
0,0.0861,11500
0,0.0861,88339
0,0.0861,162599
0,0.0861,800596
0,0.0863,10011
0,0.0863,10278
0,0.0863,18455
0,0.0863,55527
0,0.0863,184446
0,0.0863,512927
0,0.0864,12159
0,0.0864,521814
0,0.0864,800685
0,0.0865,10852
0,0.0865,13238
0,0.0865,14486
0,0.0865,18504
0,0.0865,515675
0,0.0865,519443
0,0.0865,800430
0,0.0866,10559
0,0.0866,12506
0,0.0866,13079
0,0.0866,18779
0,0.0866,19760
0,0.0866,512513
0,0.0867,10735
0,0.0867,11142
0,0.0867,11503
0,0.0867,23619
0,0.0867,518513
0,0.0867,803007
0,0.0868,14729
0,0.0868,521059
0,0.0868,529385
0,0.0868,556591
0,0.0868,801084
0,0.0868,802964
0,0.0869,11375
0,0.0869,76194
0,0.0869,519896
0,0.0869,806380
0,0.0870,10110
0,0.0870,10510
0,0.0870,11947
0,0.0870,14727
0,0.0871,12358
0,0.0871,15176
0,0.0871,17286
0,0.0871,20818
0,0.0871,22084
0,0.0871,514045
0,0.0872,12131
0,0.0872,13989
0,0.0872,16380
0,0.0872,516110
0,0.0873,10282
0,0.0873,12609
0,0.0873,524717
0,0.0874,10060
0,0.0874,10242
0,0.0874,10949
0,0.0874,11053
0,0.0874,11188
0,0.0874,12813
0,0.0874,18932
0,0.0874,24382
0,0.0874,902501
0,0.0875,10839
0,0.0875,10845
0,0.0875,11393
0,0.0875,15361
0,0.0875,19189
0,0.0875,21793
0,0.0875,27296
0,0.0875,513463
0,0.0875,522387
0,0.0875,941319
0,0.0876,10612
0,0.0876,11312
0,0.0876,13922
0,0.0876,16267
0,0.0876,17419
0,0.0876,35743
0,0.0876,800687
0,0.0877,10040
0,0.0877,10119
0,0.0877,10531
0,0.0877,10836
0,0.0877,11872
0,0.0877,13128
0,0.0877,13456
0,0.0877,16493
0,0.0877,42231
0,0.0877,513033
0,0.0878,10185
0,0.0878,10830
0,0.0878,23273
0,0.0878,518194
0,0.0878,524074
0,0.0878,580948
0,0.0879,11764
0,0.0879,12510
0,0.0879,16579
0,0.0879,21932
0,0.0879,32258
0,0.0879,61285
0,0.0879,800716
0,0.0879,814910
0,0.0880,10322
0,0.0880,39813
0,0.0880,73853
0,0.0880,101002
0,0.0880,512305
0,0.0880,519346
0,0.0881,10050
0,0.0881,10265
0,0.0881,12498
0,0.0881,53086
0,0.0881,513283
0,0.0882,12252
0,0.0882,14093
0,0.0882,25184
0,0.0882,40390
0,0.0882,903366
0,0.0883,10638
0,0.0883,13618
0,0.0883,519363
0,0.0885,10330
0,0.0885,13559
0,0.0885,16553
0,0.0885,17173
0,0.0885,18744
0,0.0885,512357
0,0.0885,514405
0,0.0886,11861
0,0.0886,39102
0,0.0886,800175
0,0.0887,10107
0,0.0887,10480
0,0.0887,11485
0,0.0887,14434
0,0.0887,16672
0,0.0887,37142
0,0.0888,13854
0,0.0888,16506
0,0.0888,522974
0,0.0889,10251
0,0.0889,10969
0,0.0889,11029
0,0.0889,12266
0,0.0889,12787
0,0.0889,14306
0,0.0889,17402
0,0.0890,11416
0,0.0890,12140
0,0.0890,23325
0,0.0890,29135
0,0.0890,512514
0,0.0890,521409
0,0.0890,801382
0,0.0890,805362
0,0.0891,11269
0,0.0891,11908
0,0.0891,25792
0,0.0891,800032
0,0.0892,10054
0,0.0892,12647
0,0.0892,14686
0,0.0892,514490
0,0.0892,520210
0,0.0893,13068
0,0.0893,519347
0,0.0893,555176
0,0.0893,555293
0,0.0894,10611
0,0.0894,13327
0,0.0894,13351
0,0.0894,24684
0,0.0894,517193
0,0.0894,517512
0,0.0894,521813
0,0.0894,523863
0,0.0894,533971
0,0.0894,537032
0,0.0894,800003
0,0.0894,800236
0,0.0894,811522
0,0.0895,10950
0,0.0895,11027
0,0.0895,12584
0,0.0895,12654
0,0.0895,20715
0,0.0895,34949
0,0.0895,555727
0,0.0895,801248
0,0.0896,10190
0,0.0896,11297
0,0.0896,12104
0,0.0896,13985
0,0.0896,24232
0,0.0896,29713
0,0.0896,55630
0,0.0896,136904
0,0.0896,800618
0,0.0897,10099
0,0.0897,10676
0,0.0897,11319
0,0.0897,15495
0,0.0897,17454
0,0.0897,520641
0,0.0898,12091
0,0.0898,13607
0,0.0898,38706
0,0.0898,45427
0,0.0898,84758
0,0.0898,454614
0,0.0898,512390
0,0.0898,532907
0,0.0899,10539
0,0.0899,11746
0,0.0899,513284
0,0.0899,520817
0,0.0899,522715
0,0.0899,524073
0,0.0900,10488
0,0.0900,10554
0,0.0900,14482
0,0.0900,14881
0,0.0900,20755
0,0.0900,511842
0,0.0900,800257
0,0.0901,10269
0,0.0901,10312
0,0.0901,10414
0,0.0901,10908
0,0.0901,13030
0,0.0901,25709
0,0.0902,11874
0,0.0902,17379
0,0.0902,18851
0,0.0902,30807
0,0.0902,512928
0,0.0902,517763
0,0.0902,523786
0,0.0902,800159
0,0.0903,10271
0,0.0903,10807
0,0.0903,11712
0,0.0903,13013
0,0.0903,26798
0,0.0903,58834
0,0.0903,529489
0,0.0904,10776
0,0.0904,12025
0,0.0904,15616
0,0.0904,26417
0,0.0904,514596
0,0.0904,523032
0,0.0904,523919
0,0.0905,10009
0,0.0905,14127
0,0.0905,16440
0,0.0905,23601
0,0.0905,519328
0,0.0905,519946
0,0.0905,556449
0,0.0906,18156
0,0.0907,12506
0,0.0907,13217
0,0.0907,13829
0,0.0907,14871
0,0.0907,521815
0,0.0907,553194
0,0.0908,10061
0,0.0908,10272
0,0.0908,10503
0,0.0908,11182
0,0.0908,11199
0,0.0908,25939
0,0.0908,519140
0,0.0908,800896
0,0.0909,10156
0,0.0909,10170
0,0.0909,10603
0,0.0909,11933
0,0.0909,16659
0,0.0909,523497
0,0.0909,525066
0,0.0910,14299
0,0.0910,17835
0,0.0910,19355
0,0.0910,21886
0,0.0910,514997
0,0.0910,803196
0,0.0911,10085
0,0.0911,11146
0,0.0911,11344
0,0.0911,13877
0,0.0911,14259
0,0.0911,14552
0,0.0911,800613
0,0.0912,24688
0,0.0912,49829
0,0.0912,512513
0,0.0912,512927
0,0.0912,519399
0,0.0912,543506
0,0.0912,939616
0,0.0913,15458
0,0.0913,15950
0,0.0913,30108
0,0.0913,36524
0,0.0913,42241
0,0.0913,64180
0,0.0913,104312
0,0.0913,517548
0,0.0913,520812
0,0.0913,521814
0,0.0913,524361
0,0.0914,11909
0,0.0914,12993
0,0.0914,36730
0,0.0915,10114
0,0.0915,11189
0,0.0915,12105
0,0.0915,18779
0,0.0915,20007
0,0.0915,92188
0,0.0915,522992
0,0.0915,905424
0,0.0915,929612
0,0.0916,10553
0,0.0916,11723
0,0.0916,12107
0,0.0916,16473
0,0.0916,26916
0,0.0917,10302
0,0.0917,526612
0,0.0917,800832
0,0.0918,10204
0,0.0918,13158
0,0.0918,18504
0,0.0918,19569
0,0.0918,20945
0,0.0918,22240
0,0.0918,513992
0,0.0918,520367
0,0.0918,801149
0,0.0918,905025
0,0.0919,10072
0,0.0919,10255
0,0.0919,10428
0,0.0919,10888
0,0.0919,20185
0,0.0919,22461
0,0.0920,11113
0,0.0920,15851
0,0.0920,16343
0,0.0920,39753
0,0.0920,511955
0,0.0920,800576
0,0.0920,801631
0,0.0921,26718
0,0.0922,42509
0,0.0922,50835
0,0.0922,527653
0,0.0922,800111
0,0.0922,800212
0,0.0922,800646
0,0.0922,940467
0,0.0923,10658
0,0.0923,11706
0,0.0923,13268
0,0.0923,22884
0,0.0923,28791
0,0.0923,76194
0,0.0923,555342
0,0.0923,580736
0,0.0923,800434
0,0.0923,801930
0,0.0924,10041
0,0.0924,12730
0,0.0924,800525
0,0.0924,903604
0,0.0925,10699
0,0.0925,12055
0,0.0925,13371
0,0.0925,800578
0,0.0925,903997
0,0.0926,10420
0,0.0926,13667
0,0.0926,15440
0,0.0926,19283
0,0.0926,19306
0,0.0926,25797
0,0.0926,204507
0,0.0926,514045
0,0.0926,515933
0,0.0926,574147
0,0.0927,10052
0,0.0927,14509
0,0.0927,18823
0,0.0927,21719
0,0.0927,516369
0,0.0927,527588
0,0.0928,18419
0,0.0928,19760
0,0.0928,23315
0,0.0928,532909
0,0.0929,19215
0,0.0929,20818
0,0.0929,29207
0,0.0929,47802
0,0.0929,48096
0,0.0929,529318
0,0.0930,11053
0,0.0930,15362
0,0.0930,34187
0,0.0930,35978
0,0.0930,515060
0,0.0930,520194
0,0.0930,526298
0,0.0931,10099
0,0.0931,10101
0,0.0931,12358
0,0.0931,23325
0,0.0931,30310
0,0.0931,35324
0,0.0931,42089
0,0.0931,519144
0,0.0931,534301
0,0.0932,10205
0,0.0932,10494
0,0.0932,10513
0,0.0932,12355
0,0.0932,23197
0,0.0932,23619
0,0.0932,513464
0,0.0932,517417
0,0.0932,522738
0,0.0932,523776
0,0.0932,803501
0,0.0933,29116
0,0.0933,39413
0,0.0933,512607
0,0.0933,515675
0,0.0933,522994
0,0.0934,10110
0,0.0934,11699
0,0.0934,12297
0,0.0934,15398
0,0.0934,16180
0,0.0934,19189
0,0.0934,24382
0,0.0934,25359
0,0.0934,49002
0,0.0934,52728
0,0.0934,516110
0,0.0934,529207
0,0.0935,11155
0,0.0935,11221
0,0.0935,15606
0,0.0935,15904
0,0.0935,174810
0,0.0935,513378
0,0.0935,518690
0,0.0935,519944
0,0.0936,10207
0,0.0936,10226
0,0.0936,11085
0,0.0936,17024
0,0.0936,537027
0,0.0936,800089
0,0.0937,11054
0,0.0937,11192
0,0.0937,14894
0,0.0937,35743
0,0.0937,38268
0,0.0937,49869
0,0.0937,434891
0,0.0938,11423
0,0.0938,12027
0,0.0938,27806
0,0.0938,40768
0,0.0938,42700
0,0.0938,294178
0,0.0938,383941
0,0.0938,512877
0,0.0938,800977
0,0.0939,10185
0,0.0939,11186
0,0.0939,17419
0,0.0939,32461
0,0.0940,10027
0,0.0940,10969
0,0.0940,12203
0,0.0940,519947
0,0.0940,523780
0,0.0940,800183
0,0.0941,14816
0,0.0941,18932
0,0.0941,67174
0,0.0941,513283
0,0.0941,533529
0,0.0942,11823
0,0.0942,11925
0,0.0942,12850
0,0.0942,15176
0,0.0942,16630
0,0.0942,17685
0,0.0942,154893
0,0.0942,512750
0,0.0942,520300
0,0.0942,800494
0,0.0943,11717
0,0.0943,13860
0,0.0943,16008
0,0.0943,16754
0,0.0943,19218
0,0.0943,21918
0,0.0943,26607
0,0.0943,27296
0,0.0943,512077
0,0.0943,513930
0,0.0943,520817
0,0.0943,529385
0,0.0944,11393
0,0.0944,12506
0,0.0944,16110
0,0.0944,33075
0,0.0944,47271
0,0.0944,511844
0,0.0945,10358
0,0.0945,11495
0,0.0945,53745
0,0.0945,905000
0,0.0946,10005
0,0.0946,10285
0,0.0946,11888
0,0.0946,518194
0,0.0946,529603
0,0.0946,555340
0,0.0946,800345
0,0.0947,10222
0,0.0947,10447
0,0.0947,10537
0,0.0947,11142
0,0.0947,11445
0,0.0947,11711
0,0.0947,19296
0,0.0947,32258
0,0.0947,523506
0,0.0948,10294
0,0.0948,12588
0,0.0948,28010
0,0.0948,512328
0,0.0948,524902
0,0.0949,18226
0,0.0949,21932
0,0.0949,23273
0,0.0949,555342
0,0.0950,12609
0,0.0950,514405
0,0.0951,11497
0,0.0951,14881
0,0.0951,24016
0,0.0951,512319
0,0.0951,905005
0,0.0952,10553
0,0.0952,10868
0,0.0952,11878
0,0.0952,12104
0,0.0952,16069
0,0.0952,42059
0,0.0952,57591
0,0.0952,71503
0,0.0952,533971
0,0.0952,555344
0,0.0953,11269
0,0.0953,16260
0,0.0953,16641
0,0.0953,17726
0,0.0953,18601
0,0.0953,34949
0,0.0953,200284
0,0.0953,522387
0,0.0954,10184
0,0.0954,10668
0,0.0954,12429
0,0.0954,12650
0,0.0954,14464
0,0.0954,15163
0,0.0954,15611
0,0.0954,19802
0,0.0954,512930
0,0.0954,521466
0,0.0954,801715
0,0.0955,10057
0,0.0955,12347
0,0.0955,13273
0,0.0955,13559
0,0.0955,15145
0,0.0955,40390
0,0.0956,10051
0,0.0956,13800
0,0.0956,14415
0,0.0956,15932
0,0.0956,25939
0,0.0956,32315
0,0.0956,63923
0,0.0957,10677
0,0.0957,14137
0,0.0957,25970
0,0.0957,27725
0,0.0957,38454
0,0.0957,47107
0,0.0957,242405
0,0.0957,521129
0,0.0958,19720
0,0.0958,45024
0,0.0958,520721
0,0.0958,522853
0,0.0958,523379
0,0.0958,800628
0,0.0959,10825
0,0.0959,11433
0,0.0959,16700
0,0.0959,17691
0,0.0959,31681
0,0.0959,45969
0,0.0959,63122
0,0.0959,79615
0,0.0959,527695
0,0.0960,11255
0,0.0960,11750
0,0.0960,20144
0,0.0960,71547
0,0.0960,800273
0,0.0960,801411
0,0.0961,11166
0,0.0961,13184
0,0.0961,13872
0,0.0961,14434
0,0.0961,522862
0,0.0962,10919
0,0.0962,12408
0,0.0962,12796
0,0.0962,19982
0,0.0962,23654
0,0.0962,38706
0,0.0962,512927
0,0.0962,514489
0,0.0962,521814
0,0.0962,523636
0,0.0963,10479
0,0.0963,12088
0,0.0963,13141
0,0.0963,25792
0,0.0963,525595
0,0.0964,10011
0,0.0964,14223
0,0.0964,21296
0,0.0964,902667
0,0.0965,10687
0,0.0965,17938
0,0.0965,21692
0,0.0965,46073
0,0.0965,519131
0,0.0965,800159
0,0.0965,800586
0,0.0966,10820
0,0.0966,17508
0,0.0966,800150
0,0.0966,926154
0,0.0967,10393
0,0.0967,12095
0,0.0967,13989
0,0.0967,16244
0,0.0967,16862
0,0.0967,18980
0,0.0967,26576
0,0.0967,29908
0,0.0967,533590
0,0.0967,903116
0,0.0968,10986
0,0.0968,15925
0,0.0968,515062
0,0.0968,803860
0,0.0969,12858
0,0.0969,13287
0,0.0969,13351
0,0.0969,14756
0,0.0969,14766
0,0.0969,16099
0,0.0969,16781
0,0.0969,20545
0,0.0969,53190
0,0.0970,12846
0,0.0970,29676
0,0.0970,37554
0,0.0970,531862
0,0.0971,11199
0,0.0971,13490
0,0.0971,18779
0,0.0971,511839
0,0.0971,514596
0,0.0971,519865
0,0.0971,520641
0,0.0971,571495
0,0.0972,12194
0,0.0972,16274
0,0.0972,18744
0,0.0972,515278
0,0.0972,524136
0,0.0973,513499
0,0.0973,800536
0,0.0974,13450
0,0.0974,16642
0,0.0974,37217
0,0.0974,53086
0,0.0974,522706
0,0.0974,800020
0,0.0974,800114
0,0.0974,800344
0,0.0975,11375
0,0.0975,11947
0,0.0975,15955
0,0.0975,19452
0,0.0975,524412
0,0.0976,10869
0,0.0976,10879
0,0.0976,11779
0,0.0976,13773
0,0.0976,18504
0,0.0976,19886
0,0.0976,30498
0,0.0976,521538
0,0.0976,529125
0,0.0977,10365
0,0.0977,11416
0,0.0977,11861
0,0.0977,13295
0,0.0977,18054
0,0.0977,519818
0,0.0977,533914
0,0.0977,801930
0,0.0978,10295
0,0.0978,10323
0,0.0978,11959
0,0.0978,12151
0,0.0978,12710
0,0.0978,16175
0,0.0978,16986
0,0.0978,20780
0,0.0978,512006
0,0.0978,517512
0,0.0978,519895
0,0.0978,800149
0,0.0979,11338
0,0.0979,17454
0,0.0979,520210
0,0.0979,536058
0,0.0980,10895
0,0.0980,23601
0,0.0980,44005
0,0.0980,519129
0,0.0980,800051
0,0.0981,25628
0,0.0981,44690
0,0.0981,514988
0,0.0982,12368
0,0.0982,14727
0,0.0982,802659
0,0.0983,12252
0,0.0983,16579
0,0.0983,18156
0,0.0983,22084
0,0.0983,513283
0,0.0984,11500
0,0.0984,15789
0,0.0984,70088
0,0.0984,519896
0,0.0985,11032
0,0.0985,11982
0,0.0985,12166
0,0.0985,19334
0,0.0985,23281
0,0.0985,78573
0,0.0985,512858
0,0.0985,801447
0,0.0986,11528
0,0.0986,20468
0,0.0986,516256
0,0.0987,10137
0,0.0987,20818
0,0.0987,23325
0,0.0987,40888
0,0.0987,517548
0,0.0987,519132
0,0.0987,801412
0,0.0988,11254
0,0.0988,36136
0,0.0988,37142
0,0.0988,59776
0,0.0989,14247
0,0.0989,16493
0,0.0989,512357
0,0.0989,537032
0,0.0989,559141
0,0.0990,11490
0,0.0990,12656
0,0.0990,12880
0,0.0990,26417
0,0.0990,512390
0,0.0990,514045
0,0.0990,519890
0,0.0991,10072
0,0.0991,11194
0,0.0991,11503
0,0.0991,12575
0,0.0991,13864
0,0.0991,31839
0,0.0991,519228
0,0.0991,522809
0,0.0991,524073
0,0.0992,11485
0,0.0992,14093
0,0.0992,19189
0,0.0992,99866
0,0.0993,16695
0,0.0993,45839
0,0.0993,76194
0,0.0993,519399
0,0.0994,11588
0,0.0994,12358
0,0.0994,18419
0,0.0994,114607
0,0.0994,519720
0,0.0994,520642
0,0.0994,801027
0,0.0995,10114
0,0.0995,10976
0,0.0995,12310
0,0.0995,20145
0,0.0995,25403
0,0.0995,522974
0,0.0996,12140
0,0.0996,14997
0,0.0996,16529
0,0.0996,517852
0,0.0996,532909
0,0.0996,801656
0,0.0996,903602
0,0.0997,10041
0,0.0997,12923
0,0.0997,13073
0,0.0997,15950
0,0.0997,16910
0,0.0997,17909
0,0.0997,23188
0,0.0997,27296
0,0.0997,520817
0,0.0998,10136
0,0.0998,10969
0,0.0998,35044
0,0.0998,524717
0,0.0999,10338
0,0.0999,10497
0,0.1000,10167
0,0.1000,10205
0,0.1000,11825
0,0.1000,12733
0,0.1000,16430
0,0.1000,27413
0,0.1000,800134
0,0.1000,810937
0,0.1001,10564
0,0.1001,512513
0,0.1001,800102
0,0.1002,10109
0,0.1002,10414
0,0.1002,13551
0,0.1002,29713
0,0.1002,47035
0,0.1002,521813
0,0.1003,10703
0,0.1003,11497
0,0.1003,13217
0,0.1003,13607
0,0.1003,47922
0,0.1003,519140
0,0.1003,522715
0,0.1003,529385
0,0.1003,800335
0,0.1004,14936
0,0.1005,11458
0,0.1005,517763
0,0.1005,800677
0,0.1006,10553
0,0.1006,14871
0,0.1006,15905
0,0.1006,800856
0,0.1006,801992
0,0.1007,11269
0,0.1007,14477
0,0.1007,18932
0,0.1007,21637
0,0.1007,520115
0,0.1007,800143
0,0.1007,725764894
0,0.1008,10624
0,0.1008,10888
0,0.1008,19306
0,0.1008,521536
0,0.1008,803423
0,0.1009,801257
0,0.1009,805992
0,0.1010,10099
0,0.1010,12506
0,0.1010,14276
0,0.1010,35743
0,0.1011,13013
0,0.1011,14729
0,0.1011,15616
0,0.1011,45427
0,0.1011,514125
0,0.1011,531708
0,0.1011,556591
0,0.1012,10457
0,0.1012,12104
0,0.1012,12787
0,0.1012,16879
0,0.1012,515757
0,0.1012,523863
0,0.1012,555458
0,0.1012,800449
0,0.1012,800699
0,0.1012,802663
0,0.1013,11909
0,0.1013,13289
0,0.1013,15072
0,0.1013,19902
0,0.1013,521633
0,0.1013,800132
0,0.1014,10492
0,0.1014,14881
0,0.1014,15176
0,0.1015,10935
0,0.1015,12251
0,0.1015,17619
0,0.1015,42890
0,0.1016,12388
0,0.1016,12854
0,0.1016,14429
0,0.1016,522468
0,0.1016,801166
0,0.1016,801431
0,0.1016,803721
0,0.1016,905118
0,0.1017,10278
0,0.1017,17420
0,0.1017,67864
0,0.1017,518513
0,0.1017,800907
0,0.1017,800963
0,0.1018,10050
0,0.1018,10080
0,0.1018,10652
0,0.1018,14507
0,0.1018,39095
0,0.1019,10160
0,0.1019,10815
0,0.1019,11764
0,0.1019,11886
0,0.1019,26901
0,0.1019,804667
0,0.1020,10138
0,0.1020,13877
0,0.1020,17173
0,0.1020,17177
0,0.1020,513284
0,0.1020,521059
0,0.1021,10018
0,0.1021,11634
0,0.1021,31735
0,0.1021,61921
0,0.1021,514405
0,0.1021,518194
0,0.1021,521814
0,0.1022,10124
0,0.1022,11326
0,0.1022,13442
0,0.1022,14552
0,0.1022,25939
0,0.1022,519144
0,0.1022,529603
0,0.1022,800099
0,0.1023,10537
0,0.1023,15937
0,0.1023,16440
0,0.1023,21719
0,0.1023,23273
0,0.1023,41801
0,0.1023,512927
0,0.1024,11723
0,0.1024,15458
0,0.1024,511857
0,0.1024,515675
0,0.1024,531769
0,0.1025,20715
0,0.1025,58834
0,0.1026,64180
0,0.1026,527588
0,0.1027,14970
0,0.1027,19616
0,0.1027,512305
0,0.1027,513033
0,0.1027,521812
0,0.1028,10285
0,0.1028,10290
0,0.1028,12173
0,0.1028,13985
0,0.1028,555457
0,0.1029,11967
0,0.1029,16553
0,0.1029,19290
0,0.1029,58481
0,0.1029,512514
0,0.1029,520812
0,0.1030,13158
0,0.1030,18779
0,0.1030,23619
0,0.1030,513463
0,0.1031,16862
0,0.1031,32258
0,0.1031,48914
0,0.1031,54440
0,0.1031,84758
0,0.1031,515294
0,0.1032,10263
0,0.1032,11874
0,0.1032,13219
0,0.1032,15351
0,0.1032,30371
0,0.1032,523786
0,0.1033,10800
0,0.1033,14790
0,0.1033,512928
0,0.1033,513464
0,0.1034,12654
0,0.1034,21932
0,0.1034,28791
0,0.1035,13030
0,0.1035,16087
0,0.1035,16393
0,0.1035,20007
0,0.1035,22499
0,0.1035,522354
0,0.1035,526612
0,0.1035,912085
0,0.1037,11495
0,0.1037,18889
0,0.1037,105436
0,0.1037,512662
0,0.1037,523636
0,0.1037,556346
0,0.1037,905003
0,0.1038,10676
0,0.1038,12159
0,0.1038,13559
0,0.1038,19760
0,0.1038,69319
0,0.1038,802148
0,0.1038,900035
0,0.1039,11445
0,0.1039,24382
0,0.1039,454614
0,0.1040,11053
0,0.1040,14259
0,0.1040,22240
0,0.1040,23325
0,0.1040,294178
0,0.1040,520581
0,0.1041,10834
0,0.1041,21645
0,0.1042,11155
0,0.1042,13317
0,0.1042,14434
0,0.1042,20678
0,0.1042,22084
0,0.1043,12565
0,0.1043,21277
0,0.1043,25184
0,0.1044,12993
0,0.1044,13878
0,0.1044,515961
0,0.1044,523372
0,0.1045,10539
0,0.1046,10324
0,0.1046,11095
0,0.1046,11142
0,0.1046,18504
0,0.1046,40390
0,0.1046,519363
0,0.1047,14869
0,0.1047,513537
0,0.1047,800053
0,0.1048,10322
0,0.1048,11274
0,0.1048,12506
0,0.1048,25792
0,0.1048,33075
0,0.1048,512750
0,0.1049,13124
0,0.1049,14123
0,0.1049,46073
0,0.1050,11245
0,0.1050,16781
0,0.1050,519865
0,0.1051,10099
0,0.1051,55527
0,0.1051,92188
0,0.1052,16274
0,0.1052,16642
0,0.1053,10185
0,0.1053,13079
0,0.1053,14486
0,0.1053,20818
0,0.1053,523776
0,0.1054,34187
0,0.1054,515933
0,0.1054,520817
0,0.1054,903604
0,0.1055,14871
0,0.1055,51159
0,0.1056,10341
0,0.1056,38706
0,0.1056,800490
0,0.1057,10831
0,0.1057,12358
0,0.1057,14464
0,0.1057,16707
0,0.1057,30807
0,0.1057,34949
0,0.1058,10294
0,0.1058,10969
0,0.1058,15237
0,0.1058,16360
0,0.1058,17821
0,0.1058,18932
0,0.1058,30310
0,0.1058,512319
0,0.1058,513283
0,0.1058,519443
0,0.1058,521409
0,0.1058,529385
0,0.1058,555176
0,0.1059,10072
0,0.1059,10110
0,0.1059,11614
0,0.1059,19189
0,0.1059,800578
0,0.1060,53086
0,0.1060,520575
0,0.1061,10531
0,0.1061,10612
0,0.1061,15713
0,0.1061,45427
0,0.1062,39753
0,0.1062,46262
0,0.1062,100809
0,0.1062,517548
0,0.1062,524074
0,0.1063,30178
0,0.1063,39813
0,0.1063,119860
0,0.1064,12104
0,0.1064,12155
0,0.1064,22884
0,0.1064,23601
0,0.1064,514997
0,0.1065,18419
0,0.1065,514045
0,0.1066,15398
0,0.1066,15904
0,0.1066,18744
0,0.1066,512608
0,0.1066,522974
0,0.1067,15514
0,0.1067,26417
0,0.1068,10011
0,0.1068,11316
0,0.1068,21227
0,0.1068,58834
0,0.1069,17024
0,0.1069,17379
0,0.1069,29135
0,0.1069,800217
0,0.1069,800392
0,0.1070,10088
0,0.1070,15587
0,0.1070,21664
0,0.1070,76194
0,0.1070,511844
0,0.1070,521814
0,0.1070,524717
0,0.1071,10356
0,0.1071,13442
0,0.1071,15176
0,0.1071,16110
0,0.1071,16380
0,0.1071,34607
0,0.1072,12472
0,0.1073,10494
0,0.1073,39798
0,0.1073,518194
0,0.1074,10663
0,0.1074,10914
0,0.1074,14816
0,0.1074,24232
0,0.1074,512927
0,0.1074,530155
0,0.1075,27296
0,0.1076,12059
0,0.1076,14552
0,0.1076,521534
0,0.1077,14881
0,0.1077,35743
0,0.1077,37817
0,0.1077,88342
0,0.1077,933913
0,0.1078,10150
0,0.1078,10265
0,0.1078,12398
0,0.1078,18823
0,0.1078,20664
0,0.1078,523675
0,0.1078,537899
0,0.1078,800269
0,0.1079,12809
0,0.1079,14963
0,0.1079,15495
0,0.1079,20831
0,0.1079,511828
0,0.1080,10043
0,0.1080,10807
0,0.1080,11433
0,0.1080,16180
0,0.1080,17454
0,0.1080,23315
0,0.1080,30206
0,0.1080,30522
0,0.1080,32393
0,0.1080,521535
0,0.1080,524606
0,0.1080,527297
0,0.1081,10513
0,0.1081,11947
0,0.1081,22001
0,0.1081,800438
0,0.1082,18633
0,0.1082,524761
0,0.1082,808183
0,0.1083,10428
0,0.1083,11375
0,0.1083,26136
0,0.1083,516110
0,0.1083,519946
0,0.1083,529318
0,0.1084,10051
0,0.1084,564864
0,0.1085,10638
0,0.1085,14727
0,0.1085,44909
0,0.1085,511778
0,0.1085,568502
0,0.1086,10222
0,0.1086,11503
0,0.1086,11605
0,0.1086,21692
0,0.1086,513379
0,0.1086,517512
0,0.1087,10241
0,0.1087,12049
0,0.1087,18779
0,0.1087,25939
0,0.1087,527653
0,0.1088,10269
0,0.1088,20715
0,0.1088,516944
0,0.1089,10099
0,0.1089,10289
0,0.1089,10302
0,0.1089,511823
0,0.1089,520210
0,0.1089,522760
0,0.1089,524073
0,0.1090,10497
0,0.1090,10852
0,0.1090,61590
0,0.1090,520817
0,0.1090,521528
0,0.1091,17419
0,0.1091,23325
0,0.1091,519365
0,0.1092,10242
0,0.1092,10282
0,0.1092,12025
0,0.1092,14284
0,0.1092,15616
0,0.1092,20945
0,0.1092,537032
0,0.1093,10119
0,0.1093,514405
0,0.1094,10040
0,0.1094,15458
0,0.1094,21637
0,0.1094,23273
0,0.1094,23619
0,0.1094,513284
0,0.1094,519328
0,0.1095,17801
0,0.1095,802955
0,0.1096,10114
0,0.1096,10479
0,0.1096,11199
0,0.1096,12506
0,0.1096,36384
0,0.1097,19569
0,0.1097,235061
0,0.1097,800116
0,0.1097,936810
0,0.1098,58394
0,0.1099,14482
0,0.1099,15362
0,0.1099,26619
0,0.1099,512513
0,0.1100,519140
0,0.1100,521813
0,0.1100,549229
0,0.1101,13317
0,0.1102,10060
0,0.1102,18156
0,0.1102,525354
0,0.1103,13559
0,0.1103,14939
0,0.1103,72491
0,0.1104,11485
0,0.1104,14223
0,0.1104,23703
0,0.1104,523786
0,0.1105,20818
0,0.1105,522992
0,0.1105,800157
0,0.1106,10414
0,0.1106,12140
0,0.1106,18508
0,0.1107,10735
0,0.1107,10830
0,0.1107,926154
0,0.1108,31681
0,0.1108,70651
0,0.1109,12358
0,0.1109,45134
0,0.1110,10251
0,0.1110,10658
0,0.1110,40213
0,0.1110,48335
0,0.1110,195264
0,0.1110,513283
0,0.1111,11255
0,0.1111,14434
0,0.1111,28791
0,0.1111,174420
0,0.1112,32258
0,0.1113,12104
0,0.1113,19189
0,0.1113,30068
0,0.1113,813104
0,0.1114,10475
0,0.1114,20774
0,0.1116,18932
0,0.1116,45024
0,0.1117,813076
0,0.1118,14067
0,0.1118,19760
0,0.1118,23281
0,0.1118,24382
0,0.1120,434891
0,0.1120,574357
0,0.1121,10061
0,0.1121,519658
0,0.1122,15905
0,0.1123,10950
0,0.1123,18504
0,0.1123,25792
0,0.1123,37142
0,0.1124,12368
0,0.1124,53745
0,0.1125,17691
0,0.1125,53086
0,0.1125,519228
0,0.1125,529385
0,0.1126,18419
0,0.1126,30310
0,0.1127,13442
0,0.1127,14509
0,0.1127,525062
0,0.1127,532909
0,0.1128,10099
0,0.1128,11497
0,0.1128,12297
0,0.1128,555176
0,0.1129,519347
0,0.1129,522738
0,0.1129,526298
0,0.1129,574147
0,0.1130,21932
0,0.1130,47271
0,0.1131,10488
0,0.1132,23601
0,0.1132,514596
0,0.1133,20185
0,0.1133,514125
0,0.1133,517548
0,0.1135,524412
0,0.1136,11085
0,0.1136,514988
0,0.1137,10271
0,0.1137,14093
0,0.1137,521814
0,0.1138,34949
0,0.1139,10807
0,0.1139,15829
0,0.1140,14464
0,0.1140,14881
0,0.1140,18744
0,0.1140,514045
0,0.1141,14903
0,0.1141,39413
0,0.1142,26417
0,0.1142,512928
0,0.1143,10624
0,0.1143,512927
0,0.1143,515234
0,0.1145,11699
0,0.1145,16493
0,0.1145,222777
0,0.1146,12506
0,0.1147,12091
0,0.1147,15176
0,0.1147,20497
0,0.1147,32315
0,0.1147,40390
0,0.1147,520817
0,0.1148,512319
0,0.1149,37105
0,0.1149,512390
0,0.1150,12355
0,0.1150,80867
0,0.1150,555727
0,0.1151,10969
0,0.1151,25939
0,0.1151,52728
0,0.1151,518194
0,0.1152,812884
0,0.1153,15514
0,0.1153,16579
0,0.1153,59969
0,0.1154,10207
0,0.1154,172666
0,0.1154,555344
0,0.1155,19478
0,0.1156,13317
0,0.1156,511955
0,0.1156,515933
0,0.1156,523776
0,0.1157,15281
0,0.1157,533529
0,0.1157,556346
0,0.1158,10150
0,0.1158,12159
0,0.1158,13013
0,0.1159,10041
0,0.1159,11908
0,0.1159,23325
0,0.1160,13273
0,0.1160,20831
0,0.1160,35743
0,0.1160,512077
0,0.1160,524717
0,0.1161,519144
0,0.1161,522974
0,0.1162,76194
0,0.1162,511828
0,0.1163,537027
0,0.1163,808183
0,0.1164,10479
0,0.1164,12398
0,0.1164,23273
0,0.1164,523675
0,0.1164,558854
0,0.1165,10668
0,0.1165,13456
0,0.1165,22240
0,0.1166,50575
0,0.1167,13128
0,0.1167,69704
0,0.1167,524596
0,0.1168,511823
0,0.1168,529603
0,0.1169,10868
0,0.1169,12104
0,0.1169,15440
0,0.1170,39813
0,0.1171,515130
0,0.1172,12730
0,0.1172,30807
0,0.1172,215209
0,0.1172,555342
0,0.1173,231558
0,0.1173,819096
0,0.1174,10110
0,0.1175,20818
0,0.1175,527350
0,0.1176,10107
0,0.1176,23619
0,0.1176,524761
0,0.1177,25184
0,0.1177,516110
0,0.1177,519944
0,0.1178,10185
0,0.1178,14223
0,0.1178,18779
0,0.1178,20755
0,0.1178,64301
0,0.1180,10205
0,0.1180,15361
0,0.1181,10255
0,0.1181,14664
0,0.1181,65472
0,0.1181,383941
0,0.1182,10603
0,0.1182,11416
0,0.1182,13371
0,0.1182,14259
0,0.1182,32258
0,0.1183,22122
0,0.1183,38706
0,0.1183,520210
0,0.1183,802955
0,0.1184,10554
0,0.1184,12107
0,0.1184,13442
0,0.1184,19760
0,0.1185,27296
0,0.1185,513283
0,0.1185,559141
0,0.1186,13559
0,0.1186,520115
0,0.1187,12358
0,0.1187,530435
0,0.1188,17454
0,0.1188,22185
0,0.1188,514405
0,0.1189,10802
0,0.1189,13877
0,0.1189,19189
0,0.1189,517512
0,0.1189,524091
0,0.1190,11784
0,0.1190,15274
0,0.1190,34683
0,0.1191,10099
0,0.1191,18419
0,0.1191,63923
0,0.1191,527588
0,0.1192,11326
0,0.1192,11338
0,0.1192,11495
0,0.1192,17402
0,0.1192,71649
0,0.1192,513284
0,0.1192,514997
0,0.1192,515232
0,0.1193,19334
0,0.1193,454614
0,0.1193,515760
0,0.1194,10027
0,0.1194,14830
0,0.1194,511842
0,0.1194,512858
0,0.1194,512927
0,0.1195,10428
0,0.1196,14434
0,0.1196,15458
0,0.1196,53086
0,0.1197,18156
0,0.1197,522387
0,0.1198,936838
0,0.1199,13158
0,0.1199,64180
0,0.1200,10226
0,0.1200,12787
0,0.1200,17835
0,0.1200,520641
0,0.1201,11199
0,0.1201,17685
0,0.1201,28791
0,0.1201,519399
0,0.1201,521814
0,0.1202,10072
0,0.1202,10537
0,0.1202,12297
0,0.1202,13985
0,0.1202,24382
0,0.1203,11723
0,0.1203,11874
0,0.1203,15616
0,0.1203,16473
0,0.1203,21719
0,0.1203,513033
0,0.1203,513401
0,0.1204,10879
0,0.1204,15210
0,0.1204,36704
0,0.1204,58394
0,0.1205,10420
0,0.1205,10825
0,0.1205,13217
0,0.1205,15932
0,0.1205,40390
0,0.1205,50327
0,0.1205,141161
0,0.1205,524412
0,0.1206,11142
0,0.1206,26741
0,0.1206,523863
0,0.1206,526612
0,0.1207,11712
0,0.1207,14881
0,0.1207,15176
0,0.1207,23601
0,0.1207,84758
0,0.1207,235061
0,0.1207,513463
0,0.1207,520817
0,0.1208,13007
0,0.1208,13490
0,0.1208,14727
0,0.1208,18504
0,0.1208,514045
0,0.1208,518194
0,0.1208,580329
0,0.1209,17726
0,0.1209,170407
0,0.1209,512513
0,0.1209,936810
0,0.1210,12506
0,0.1210,14192
0,0.1210,519132
0,0.1210,549229
0,0.1211,231168
0,0.1211,523372
0,0.1211,532909
0,0.1212,10687
0,0.1212,11254
0,0.1212,13317
0,0.1212,13732
0,0.1212,14375
0,0.1212,21296
0,0.1213,10294
0,0.1213,518513
0,0.1214,15163
0,0.1214,18601
0,0.1214,19982
0,0.1214,517548
0,0.1214,521538
0,0.1214,814430
0,0.1215,11053
0,0.1215,31735
0,0.1215,76194
0,0.1215,195264
0,0.1216,13045
0,0.1216,16506
0,0.1216,25939
0,0.1216,513537
0,0.1217,12943
0,0.1217,18327
0,0.1217,38268
0,0.1217,529385
0,0.1217,567101
0,0.1218,11878
0,0.1218,70651
0,0.1218,522715
0,0.1219,11419
0,0.1219,12342
0,0.1219,21932
0,0.1220,11213
0,0.1220,18932
0,0.1220,174420
0,0.1221,14542
0,0.1221,23325
0,0.1221,512305
0,0.1222,11455
0,0.1222,17419
0,0.1222,33075
0,0.1223,10969
0,0.1223,529489
0,0.1224,14093
0,0.1224,813104
0,0.1225,10054
0,0.1225,12252
0,0.1225,25792
0,0.1225,42231
0,0.1225,517101
0,0.1225,522809
0,0.1226,13607
0,0.1226,47107
0,0.1227,11497
0,0.1227,813076
0,0.1228,13872
0,0.1228,16707
0,0.1228,29135
0,0.1228,34187
0,0.1228,35743
0,0.1228,55527
0,0.1228,94797
0,0.1228,522706
0,0.1230,10539
0,0.1230,12104
0,0.1230,14766
0,0.1230,40888
0,0.1230,42241
0,0.1230,42700
0,0.1230,61273
0,0.1230,574357
0,0.1231,10099
0,0.1231,18054
0,0.1232,11155
0,0.1232,27725
0,0.1232,30310
0,0.1233,37058
0,0.1233,518690
0,0.1233,555342
0,0.1234,15495
0,0.1234,23273
0,0.1234,26417
0,0.1234,514596
0,0.1234,515933
0,0.1234,519140
0,0.1234,520367
0,0.1234,521815
0,0.1235,13301
0,0.1235,14989
0,0.1235,17143
0,0.1235,34506
0,0.1235,37142
0,0.1235,815281
0,0.1236,10830
0,0.1236,11795
0,0.1236,11925
0,0.1236,13760
0,0.1236,18744
0,0.1236,22884
0,0.1236,523786
0,0.1237,16642
0,0.1237,537032
0,0.1238,16493
0,0.1238,19215
0,0.1238,20818
0,0.1238,27372
0,0.1238,30371
0,0.1238,36730
0,0.1238,512750
0,0.1238,814115
0,0.1239,10150
0,0.1239,14306
0,0.1239,15514
0,0.1239,18823
0,0.1239,59776
0,0.1239,511841
0,0.1239,519331
0,0.1240,11750
0,0.1240,13692
0,0.1240,15680
0,0.1241,10638
0,0.1241,13442
0,0.1241,19283
0,0.1241,512928
0,0.1241,515675
0,0.1242,12398
0,0.1242,31696
0,0.1242,511828
0,0.1242,519346
0,0.1242,523675
0,0.1242,526298
0,0.1243,19760
0,0.1243,78573
0,0.1244,20545
0,0.1244,34949
0,0.1245,16540
0,0.1245,20831
0,0.1246,16862
0,0.1246,24232
0,0.1246,26798
0,0.1246,519865
0,0.1246,564865
0,0.1247,12358
0,0.1247,16360
0,0.1247,19189
0,0.1247,513283
0,0.1247,514125
0,0.1247,520812
0,0.1247,556346
0,0.1248,10011
0,0.1248,20890
0,0.1248,524073
0,0.1249,11255
0,0.1249,15905
0,0.1249,16180
0,0.1249,16274
0,0.1249,16579
0,0.1249,18419
0,0.1249,512927
0,0.1250,40768
0,0.1250,808183
0,0.1251,11490
0,0.1251,11805
0,0.1251,13773
0,0.1251,32258
0,0.1251,45024
0,0.1251,55630
0,0.1251,521126
0,0.1252,10513
0,0.1252,11221
0,0.1252,14729
0,0.1252,22240
0,0.1252,231558
0,0.1252,512390
0,0.1252,802652
0,0.1253,11074
0,0.1253,18779
0,0.1253,524717
0,0.1253,524761
0,0.1254,12141
0,0.1254,519332
0,0.1254,571495
0,0.1255,15937
0,0.1255,23654
0,0.1255,511823
0,0.1255,520581
0,0.1255,553194
0,0.1256,23619
0,0.1256,522974
0,0.1256,529318
0,0.1256,555340
0,0.1257,11194
0,0.1257,29116
0,0.1257,46073
0,0.1258,10041
0,0.1258,12631
0,0.1258,14869
0,0.1258,15212
0,0.1258,18504
0,0.1258,514045
0,0.1258,521814
0,0.1259,10627
0,0.1259,11485
0,0.1259,13618
0,0.1259,13860
0,0.1260,10658
0,0.1260,11416
0,0.1260,514405
0,0.1260,519144
0,0.1261,10185
0,0.1262,10868
0,0.1262,12076
0,0.1262,12140
0,0.1262,12189
0,0.1263,10110
0,0.1263,12264
0,0.1263,12506
0,0.1264,512077
0,0.1264,521409
0,0.1264,529603
0,0.1265,12194
0,0.1265,24382
0,0.1265,512328
0,0.1265,802174
0,0.1266,10554
0,0.1266,14434
0,0.1266,23197
0,0.1267,20715
0,0.1267,27296
0,0.1267,39813
0,0.1268,11699
0,0.1268,11947
0,0.1268,13238
0,0.1268,13559
0,0.1268,76194
0,0.1268,152496
0,0.1268,543506
0,0.1268,555727
0,0.1269,13013
0,0.1269,13317
0,0.1269,53086
0,0.1269,803732
0,0.1270,12923
0,0.1270,15713
0,0.1270,17024
0,0.1270,30807
0,0.1270,516110
0,0.1270,517059
0,0.1270,523776
0,0.1271,11375
0,0.1271,25184
0,0.1271,521813
0,0.1272,10099
0,0.1272,14881
0,0.1272,15176
0,0.1272,16110
0,0.1272,17454
0,0.1272,513284
0,0.1272,518194
0,0.1273,11673
0,0.1273,13128
0,0.1273,28791
0,0.1274,10018
0,0.1274,18932
0,0.1274,39095
0,0.1275,512514
0,0.1276,10295
0,0.1276,10969
0,0.1276,11908
0,0.1276,13551
0,0.1276,15458
0,0.1276,29713
0,0.1277,23325
0,0.1278,11070
0,0.1278,15398
0,0.1278,15616
0,0.1278,512513
0,0.1279,11779
0,0.1279,14552
0,0.1279,36524
0,0.1279,222777
0,0.1279,522738
0,0.1279,527653
0,0.1280,10494
0,0.1280,10820
0,0.1280,10844
0,0.1280,11503
0,0.1280,514489
0,0.1280,520210
0,0.1281,63923
0,0.1281,200284
0,0.1281,525062
0,0.1281,803860
0,0.1282,16781
0,0.1282,25939
0,0.1282,513464
0,0.1282,517512
0,0.1283,23601
0,0.1283,513463
0,0.1284,14509
0,0.1284,14727
0,0.1284,15362
0,0.1284,15904
0,0.1284,16008
0,0.1284,21496
0,0.1284,68489
0,0.1284,511778
0,0.1284,517548
0,0.1284,527588
0,0.1284,532909
0,0.1285,10109
0,0.1285,522992
0,0.1286,10414
0,0.1286,11423
0,0.1286,11989
0,0.1286,22084
0,0.1286,47802
0,0.1286,515757
0,0.1287,10137
0,0.1287,10800
0,0.1287,513033
0,0.1288,15457
0,0.1288,58394
0,0.1288,512319
0,0.1288,519363
0,0.1288,556347
0,0.1289,21849
0,0.1289,513266
0,0.1290,10057
0,0.1290,11061
0,0.1290,11445
0,0.1290,12104
0,0.1290,12993
0,0.1290,39753
0,0.1291,11874
0,0.1291,13985
0,0.1291,15950
0,0.1292,10215
0,0.1292,11199
0,0.1292,19720
0,0.1292,235061
0,0.1293,14507
0,0.1293,19355
0,0.1293,38706
0,0.1293,515760
0,0.1294,11500
0,0.1294,11578
0,0.1294,12355
0,0.1294,17402
0,0.1294,20468
0,0.1294,523786
0,0.1294,802955
0,0.1295,21277
0,0.1295,23281
0,0.1295,28010
0,0.1296,11764
0,0.1296,521059
0,0.1296,531862
0,0.1297,13442
0,0.1297,15955
0,0.1297,529385
0,0.1298,10847
0,0.1298,12055
0,0.1298,21882
0,0.1298,25792
0,0.1298,84758
0,0.1298,522815
0,0.1299,10624
0,0.1299,23273
0,0.1299,383941
0,0.1300,12510
0,0.1300,14464
0,0.1300,17379
0,0.1300,20818
0,0.1300,38454
0,0.1300,454614
0,0.1300,512305
0,0.1300,519140
0,0.1301,10255
0,0.1301,11365
0,0.1301,12506
0,0.1301,514988
0,0.1302,15145
0,0.1302,26417
0,0.1302,26607
0,0.1302,518375
0,0.1302,533064
0,0.1302,805244
0,0.1303,10677
0,0.1303,12297
0,0.1303,13989
0,0.1303,17286
0,0.1303,18508
0,0.1303,20007
0,0.1303,21932
0,0.1303,512930
0,0.1303,514997
0,0.1304,12368
0,0.1304,13667
0,0.1304,16553
0,0.1304,45969
0,0.1305,11311
0,0.1305,13877
0,0.1305,19760
0,0.1305,69319
0,0.1305,81417
0,0.1306,10537
0,0.1306,14223
0,0.1306,20253
0,0.1306,40390
0,0.1306,515933
0,0.1307,11222
0,0.1307,12429
0,0.1307,14894
0,0.1307,17419
0,0.1307,25709
0,0.1307,30310
0,0.1307,53190
0,0.1307,523636
0,0.1308,13031
0,0.1308,35743
0,0.1309,10539
0,0.1309,12796
0,0.1309,13184
0,0.1309,13217
0,0.1309,17173
0,0.1309,434891
0,0.1309,522853
0,0.1309,815205
0,0.1310,10099
0,0.1310,10603
0,0.1310,10969
0,0.1310,512927
0,0.1310,515675
0,0.1310,520817
0,0.1310,812884
0,0.1311,10107
0,0.1312,15360
0,0.1312,18744
0,0.1312,51159
0,0.1312,519365
0,0.1312,519895
0,0.1312,574147
0,0.1313,10869
0,0.1313,13490
0,0.1313,18779
0,0.1313,32258
0,0.1313,38847
0,0.1313,513283
0,0.1313,519818
0,0.1314,12948
0,0.1314,16244
0,0.1314,16350
0,0.1315,16393
0,0.1315,16836
0,0.1315,18419
0,0.1315,19189
0,0.1315,22657
0,0.1315,517763
0,0.1316,12107
0,0.1316,12358
0,0.1316,14871
0,0.1317,12575
0,0.1317,58834
0,0.1317,63122
0,0.1317,532946
0,0.1318,10207
0,0.1318,11053
0,0.1318,14286
0,0.1318,17691
0,0.1319,10167
0,0.1319,11636
0,0.1319,16953
0,0.1319,24382
0,0.1319,36295
0,0.1320,19616
0,0.1320,23619
0,0.1320,31681
0,0.1320,37142
0,0.1320,45427
0,0.1320,511955
0,0.1321,20185
0,0.1321,62156
0,0.1321,549229
0,0.1322,15932
0,0.1322,100809
0,0.1322,521814
0,0.1322,936810
0,0.1323,10132
0,0.1323,12088
0,0.1324,10517
0,0.1324,11723
0,0.1324,15514
0,0.1324,15839
0,0.1324,30068
0,0.1324,35324
0,0.1324,516110
0,0.1324,521745
0,0.1324,555342
0,0.1325,10114
0,0.1325,10719
0,0.1325,12232
0,0.1325,14040
0,0.1325,14881
0,0.1325,16493
0,0.1325,76194
0,0.1325,512006
0,0.1326,10041
0,0.1326,11338
0,0.1326,17801
0,0.1326,195264
0,0.1326,514596
0,0.1327,10150
0,0.1327,10420
0,0.1327,13317
0,0.1327,26576
0,0.1327,35978
0,0.1327,514045
0,0.1327,518194
0,0.1328,13158
0,0.1328,26901
0,0.1328,519944
0,0.1329,512390
0,0.1329,526612
0,0.1330,10404
0,0.1330,16579
0,0.1330,20831
0,0.1330,64180
0,0.1330,70651
0,0.1331,11326
0,0.1331,15351
0,0.1331,15364
0,0.1331,25939
0,0.1331,522387
0,0.1332,174420
0,0.1332,523379
0,0.1333,10638
0,0.1333,10986
0,0.1333,11495
0,0.1333,21174
0,0.1333,36235
0,0.1333,808183
0,0.1333,819096
0,0.1334,10447
0,0.1334,11634
0,0.1334,20755
0,0.1334,67167
0,0.1334,511828
0,0.1334,523675
0,0.1334,556591
0,0.1335,10118
0,0.1335,513378
0,0.1336,12733
0,0.1336,26353
0,0.1336,511823
0,0.1336,526298
0,0.1337,10285
0,0.1337,12398
0,0.1338,10110
0,0.1338,16700
0,0.1338,19902
0,0.1338,23325
0,0.1338,25236
0,0.1338,34801
0,0.1338,519132
0,0.1338,529498
0,0.1338,813104
0,0.1339,12095
0,0.1339,14067
0,0.1339,14816
0,0.1339,16986
0,0.1339,20780
0,0.1339,28186
0,0.1339,215209
0,0.1339,512928
0,0.1339,521536
0,0.1339,534301
0,0.1340,11166
0,0.1340,86264
0,0.1340,519131
0,0.1341,11618
0,0.1341,16473
0,0.1341,514405
0,0.1341,522862
0,0.1341,555344
0,0.1342,11142
0,0.1342,574357
0,0.1342,813076
0,0.1343,12730
0,0.1343,15587
0,0.1343,71503
0,0.1344,11776
0,0.1344,18823
0,0.1344,519720
0,0.1345,15441
0,0.1345,24016
0,0.1345,47107
0,0.1345,67174
0,0.1345,519532
0,0.1345,524761
0,0.1345,805227
0,0.1346,14434
0,0.1346,25314
0,0.1346,512319
0,0.1346,807288
0,0.1347,522715
0,0.1348,10147
0,0.1348,10223
0,0.1348,12298
0,0.1348,12506
0,0.1348,13360
0,0.1348,17019
0,0.1348,18156
0,0.1348,27296
0,0.1349,522974
0,0.1349,524717
0,0.1349,533590
0,0.1350,12104
0,0.1350,15495
0,0.1350,22240
0,0.1350,521646
0,0.1350,529603
0,0.1351,10888
0,0.1351,11199
0,0.1351,34949
0,0.1351,523600
0,0.1351,805532
0,0.1352,10172
0,0.1352,28740
0,0.1352,61921
0,0.1353,13559
0,0.1353,514125
0,0.1353,520641
0,0.1354,16735
0,0.1354,20818
0,0.1354,21719
0,0.1354,29340
0,0.1354,42509
0,0.1354,53086
0,0.1355,10046
0,0.1355,13442
0,0.1355,15361
0,0.1355,512357
0,0.1355,529489
0,0.1355,531557
0,0.1356,13607
0,0.1356,17454
0,0.1356,18504
0,0.1356,513283
0,0.1357,11945
0,0.1357,12644
0,0.1357,31035
0,0.1357,523506
0,0.1357,527588
0,0.1358,10497
0,0.1358,11746
0,0.1358,28791
0,0.1358,539226
0,0.1359,12358
0,0.1359,14651
0,0.1359,18932
0,0.1359,34187
0,0.1359,172666
0,0.1360,14093
0,0.1360,18744
0,0.1360,19290
0,0.1360,19618
0,0.1360,802461
0,0.1360,814010
0,0.1361,10260
0,0.1361,10457
0,0.1361,11280
0,0.1361,12049
0,0.1361,15176
0,0.1361,17244
0,0.1361,18419
0,0.1361,19189
0,0.1361,513537
0,0.1362,512077
0,0.1363,14552
0,0.1363,519399
0,0.1364,10185
0,0.1364,11490
0,0.1364,17508
0,0.1364,18779
0,0.1364,20144
0,0.1364,20774
0,0.1364,512927
0,0.1364,522432
0,0.1364,531009
0,0.1365,13371
0,0.1365,15163
0,0.1365,65472
0,0.1365,512750
0,0.1365,517548
0,0.1365,520817
0,0.1365,521129
0,0.1366,10099
0,0.1366,10815
0,0.1366,16343
0,0.1366,16380
0,0.1366,17388
0,0.1366,19982
0,0.1366,22185
0,0.1366,516256
0,0.1366,524755
0,0.1367,11319
0,0.1367,15905
0,0.1367,23601
0,0.1367,24122
0,0.1368,10969
0,0.1368,16862
0,0.1368,21296
0,0.1368,33224
0,0.1368,523863
0,0.1369,10564
0,0.1369,19452
0,0.1369,588857
0,0.1370,12183
0,0.1370,111004
0,0.1371,11856
0,0.1371,16781
0,0.1371,24690
0,0.1371,513401
0,0.1372,11497
0,0.1372,20545
0,0.1373,10072
0,0.1373,21018
0,0.1373,35743
0,0.1373,518513
0,0.1374,40390
0,0.1374,59776
0,0.1374,530435
0,0.1375,45024
0,0.1375,164863
0,0.1375,521814
0,0.1376,10531
0,0.1376,13013
0,0.1376,18054
0,0.1376,19615
0,0.1376,58394
0,0.1376,63923
0,0.1376,512305
0,0.1377,10612
0,0.1377,13287
0,0.1377,14191
0,0.1377,38706
0,0.1377,519410
0,0.1378,16879
0,0.1378,18889
0,0.1378,22884
0,0.1378,24232
0,0.1378,235061
0,0.1378,532909
0,0.1379,11874
0,0.1379,34683
0,0.1380,11416
0,0.1380,14192
0,0.1380,14486
0,0.1380,14766
0,0.1380,27702
0,0.1380,32258
0,0.1380,40213
0,0.1380,520115
0,0.1380,520812
0,0.1381,10652
0,0.1381,11254
0,0.1381,13079
0,0.1381,21568
0,0.1381,23619
0,0.1381,24382
0,0.1381,30310
0,0.1381,84758
0,0.1381,515933
0,0.1382,12647
0,0.1382,13317
0,0.1382,30108
0,0.1382,37142
0,0.1382,514045
0,0.1382,558781
0,0.1382,571495
0,0.1383,12131
0,0.1383,17726
0,0.1383,21637
0,0.1383,25792
0,0.1383,59969
0,0.1383,805489
0,0.1384,10269
0,0.1384,14881
0,0.1384,76194
0,0.1385,10011
0,0.1385,11192
0,0.1385,11823
0,0.1385,24741
0,0.1385,516919
0,0.1385,517512
0,0.1385,519140
0,0.1386,10265
0,0.1386,10290
0,0.1386,12826
0,0.1386,13397
0,0.1386,13717
0,0.1386,17991
0,0.1386,525066
0,0.1387,11145
0,0.1387,12006
0,0.1387,12025
0,0.1387,13864
0,0.1387,32315
0,0.1387,42975
0,0.1388,11255
0,0.1388,23325
0,0.1388,48335
0,0.1389,14137
0,0.1389,14756
0,0.1389,16754
0,0.1389,54443
0,0.1389,523821
0,0.1390,10278
0,0.1390,25939
0,0.1390,40888
0,0.1390,71547
0,0.1390,523776
0,0.1391,10241
0,0.1391,10263
0,0.1391,10539
0,0.1391,16087
0,0.1391,18281
0,0.1391,22122
0,0.1392,10041
0,0.1392,10204
0,0.1392,580736
0,0.1392,803007
0,0.1392,936838
0,0.1393,11419
0,0.1393,13872
0,0.1393,515675
0,0.1394,10322
0,0.1394,11849
0,0.1394,16175
0,0.1394,23273
0,0.1395,14727
0,0.1396,519946
0,0.1396,531708
0,0.1397,18604
0,0.1397,26718
0,0.1398,14375
0,0.1398,15458
0,0.1398,18601
0,0.1398,31735
0,0.1398,512513
0,0.1399,11194
0,0.1399,20890
0,0.1399,518194
0,0.1400,147927
0,0.1400,166976
0,0.1401,30371
0,0.1401,513463
0,0.1402,10804
0,0.1402,12654
0,0.1402,13217
0,0.1402,17162
0,0.1402,512514
0,0.1402,553194
0,0.1403,12104
0,0.1403,519144
0,0.1404,12506
0,0.1404,16180
0,0.1404,70088
0,0.1404,513284
0,0.1404,521633
0,0.1404,556346
0,0.1405,16493
0,0.1405,19760
0,0.1405,247112
0,0.1405,549229
0,0.1406,44005
0,0.1406,170407
0,0.1406,515757
0,0.1407,11967
0,0.1407,15616
0,0.1407,524073
0,0.1407,537032
0,0.1407,802955
0,0.1407,936810
0,0.1408,10099
0,0.1408,10513
0,0.1408,11053
0,0.1409,11027
0,0.1409,26417
0,0.1409,454614
0,0.1410,10150
0,0.1410,12194
0,0.1410,13442
0,0.1410,16274
0,0.1410,27117
0,0.1410,519865
0,0.1411,11614
0,0.1411,15514
0,0.1411,29135
0,0.1411,52728
0,0.1411,105436
0,0.1411,155188
0,0.1411,805244
0,0.1412,10809
0,0.1412,11699
0,0.1412,13357
0,0.1412,14434
0,0.1412,20715
0,0.1412,21932
0,0.1412,27413
0,0.1412,46073
0,0.1412,92188
0,0.1413,11723
0,0.1413,16360
0,0.1413,21692
0,0.1413,39813
0,0.1413,520390
0,0.1413,580329
0,0.1413,800305
0,0.1414,12398
0,0.1414,17835
0,0.1414,523675
0,0.1415,11712
0,0.1415,12159
0,0.1415,14194
0,0.1415,16910
0,0.1415,18156
0,0.1415,511828
0,0.1415,512927
0,0.1415,512928
0,0.1416,10136
0,0.1416,10302
0,0.1416,13428
0,0.1416,523786
0,0.1417,18779
0,0.1417,20831
0,0.1417,514405
0,0.1417,520210
0,0.1417,529385
0,0.1418,10969
0,0.1418,20818
0,0.1418,61285
0,0.1418,511844
0,0.1419,10114
0,0.1419,11085
0,0.1419,513033
0,0.1419,520817
0,0.1420,11324
0,0.1420,11878
0,0.1420,13760
0,0.1420,15210
0,0.1420,17024
0,0.1421,11503
0,0.1421,14552
0,0.1421,16110
0,0.1421,141161
0,0.1421,162599
0,0.1421,808183
0,0.1422,11965
0,0.1422,12880
0,0.1422,56970
0,0.1422,521409
0,0.1422,521814
0,0.1422,524074
0,0.1422,524761
0,0.1422,555176
0,0.1422,801432
0,0.1423,10414
0,0.1423,22084
0,0.1423,29713
0,0.1423,222777
0,0.1423,231168
0,0.1423,515760
0,0.1423,533914
0,0.1424,14871
0,0.1424,58834
0,0.1424,521813
0,0.1425,10051
0,0.1425,511823
0,0.1425,513283
0,0.1425,529318
0,0.1425,803558
0,0.1426,11625
0,0.1426,15059
0,0.1426,17402
0,0.1427,16506
0,0.1427,515294
0,0.1428,10052
0,0.1428,13559
0,0.1428,19189
0,0.1428,35743
0,0.1428,513464
0,0.1428,801280
0,0.1429,15937
0,0.1429,27296
0,0.1429,58481
0,0.1429,514045
0,0.1430,40390
0,0.1431,12151
0,0.1431,12565
0,0.1431,15398
0,0.1431,24382
0,0.1431,55527
0,0.1432,12358
0,0.1432,15362
0,0.1432,18932
0,0.1432,22240
0,0.1432,25184
0,0.1433,10494
0,0.1433,16579
0,0.1434,10537
0,0.1434,14206
0,0.1435,11959
0,0.1435,13317
0,0.1435,15176
0,0.1436,18419
0,0.1436,32258
0,0.1436,512662
0,0.1436,514988
0,0.1436,808159
0,0.1437,12388
0,0.1437,13613
0,0.1437,18504
0,0.1437,555259
0,0.1438,13985
0,0.1438,14509
0,0.1438,30310
0,0.1439,17143
0,0.1439,524902
0,0.1439,555342
0,0.1440,15904
0,0.1440,23619
0,0.1440,30807
0,0.1440,519132
0,0.1441,28791
0,0.1441,39753
0,0.1441,48096
0,0.1441,49869
0,0.1441,522992
0,0.1442,12710
0,0.1442,13773
0,0.1442,184446
0,0.1443,14643
0,0.1443,23601
0,0.1443,174420
0,0.1443,515961
0,0.1444,12506
0,0.1444,14215
0,0.1444,14477
0,0.1444,25792
0,0.1444,57591
0,0.1444,70651
0,0.1444,294178
0,0.1444,527653
0,0.1444,814430
0,0.1445,10428
0,0.1445,10840
0,0.1445,11064
0,0.1445,11344
0,0.1445,12923
0,0.1445,13295
0,0.1445,18823
0,0.1445,25359
0,0.1445,195264
0,0.1446,10099
0,0.1446,14881
0,0.1446,45427
0,0.1446,49002
0,0.1446,517548
0,0.1447,20007
0,0.1447,519443
0,0.1447,529207
0,0.1448,10800
0,0.1448,17379
0,0.1448,23325
0,0.1448,25797
0,0.1448,511841
0,0.1449,10061
0,0.1449,10624
0,0.1449,11764
0,0.1449,15713
0,0.1449,72491
0,0.1450,16008
0,0.1450,23281
0,0.1450,34949
0,0.1450,95935
0,0.1450,514596
0,0.1451,10222
0,0.1451,27806
0,0.1451,53086
0,0.1452,15495
0,0.1452,42059
0,0.1452,512319
0,0.1452,517763
0,0.1452,522974
0,0.1452,800208
0,0.1452,813104
0,0.1453,17173
0,0.1453,520581
0,0.1454,12993
0,0.1454,100809
0,0.1454,813076
0,0.1455,11029
0,0.1455,12104
0,0.1455,22461
0,0.1455,567101
0,0.1455,574357
0,0.1455,812884
0,0.1456,11495
0,0.1456,15914
0,0.1456,20945
0,0.1456,23703
0,0.1456,519140
0,0.1456,805227
0,0.1457,14729
0,0.1457,20715
0,0.1457,512305
0,0.1458,13273
0,0.1458,25939
0,0.1458,58394
0,0.1458,67864
0,0.1458,76194
0,0.1458,515675
0,0.1458,555340
0,0.1458,904983
0,0.1459,11326
0,0.1459,511857
0,0.1459,512793
0,0.1459,516110
0,0.1460,12105
0,0.1461,10285
0,0.1461,10479
0,0.1461,11933
0,0.1461,51159
0,0.1462,38268
0,0.1462,84758
0,0.1462,533529
0,0.1462,815281
0,0.1463,11445
0,0.1463,13442
0,0.1463,17177
0,0.1463,512328
0,0.1463,512513
0,0.1463,521701
0,0.1464,80867
0,0.1465,18508
0,0.1465,814115
0,0.1466,21645
0,0.1467,10844
0,0.1467,14259
0,0.1467,14464
0,0.1467,17419
0,0.1468,512390
0,0.1468,800056
0,0.1469,10221
0,0.1469,17454
0,0.1469,520817
0,0.1471,10969
0,0.1471,11142
0,0.1472,18779
0,0.1472,512927
0,0.1473,14434
0,0.1473,514997
0,0.1473,521814
0,0.1473,524717
0,0.1473,801976
0,0.1474,12368
0,0.1474,54440
0,0.1475,10356
0,0.1475,19616
0,0.1475,23273
0,0.1476,25709
0,0.1476,36384
0,0.1476,45969
0,0.1476,518194
0,0.1477,10341
0,0.1478,11001
0,0.1478,12178
0,0.1478,20818
0,0.1478,526298
0,0.1479,15458
0,0.1480,14223
0,0.1480,172666
0,0.1480,801816
0,0.1481,10612
0,0.1481,16553
0,0.1481,514405
0,0.1482,10202
0,0.1482,11908
0,0.1482,12091
0,0.1482,18744
0,0.1482,40768
0,0.1483,10109
0,0.1483,10110
0,0.1483,12506
0,0.1483,24382
0,0.1483,47922
0,0.1483,529385
0,0.1484,10658
0,0.1484,12581
0,0.1484,13018
0,0.1484,18932
0,0.1484,519865
0,0.1484,808456
0,0.1485,10184
0,0.1485,16274
0,0.1485,19760
0,0.1485,45839
0,0.1485,801970
0,0.1486,10099
0,0.1486,11373
0,0.1486,14299
0,0.1486,46262
0,0.1486,235061
0,0.1487,13800
0,0.1488,537027
0,0.1488,903153
0,0.1489,10497
0,0.1489,10825
0,0.1489,549229
0,0.1490,14093
0,0.1490,15514
0,0.1490,16641
0,0.1490,514045
0,0.1491,41801
0,0.1491,513283
0,0.1492,10150
0,0.1492,10564
0,0.1492,13317
0,0.1492,16781
0,0.1492,521374
0,0.1492,522387
0,0.1494,10205
0,0.1494,10216
0,0.1494,10226
0,0.1494,13229
0,0.1494,26417
0,0.1494,75379
0,0.1495,10960
0,0.1495,11530
0,0.1495,801998
0,0.1496,10097
0,0.1496,20831
0,0.1496,35743
0,0.1496,42241
0,0.1497,10531
0,0.1497,19189
0,0.1497,19290
0,0.1497,27296
0,0.1497,522853
0,0.1497,819096
0,0.1498,10687
0,0.1498,19327
0,0.1498,511828
0,0.1498,932322
0,0.1499,10294
0,0.1499,12358
0,0.1499,12398
0,0.1499,63441
0,0.1499,512608
0,0.1499,808183
0,0.1500,10207
0,0.1500,11888
0,0.1500,520812
0,0.1500,523675
0,0.1500,805532
0,0.1501,13158
0,0.1501,23325
0,0.1501,33075
0,0.1501,512858
0,0.1501,518690
0,0.1502,10041
0,0.1502,10574
0,0.1502,21637
0,0.1502,45024
0,0.1503,12118
0,0.1503,12809
0,0.1503,16862
0,0.1503,37142
0,0.1503,511823
0,0.1505,10935
0,0.1505,19334
0,0.1505,31681
0,0.1506,10979
0,0.1506,32258
0,0.1506,511839
0,0.1506,519616
0,0.1507,12104
0,0.1507,27725
0,0.1507,29207
0,0.1508,520642
0,0.1509,13219
0,0.1509,21932
0,0.1510,14881
0,0.1510,15905
0,0.1511,22884
0,0.1511,215209
0,0.1511,524761
0,0.1511,532909
0,0.1512,10836
0,0.1512,10969
0,0.1513,517512
0,0.1513,574147
0,0.1514,17244
0,0.1514,22799
0,0.1514,39095
0,0.1514,519363
0,0.1515,519399
0,0.1516,48914
0,0.1516,936810
0,0.1517,533411
0,0.1518,13692
0,0.1518,19474
0,0.1518,36730
0,0.1518,519365
0,0.1518,523776
0,0.1518,555176
0,0.1518,802955
0,0.1518,932796
0,0.1519,11221
0,0.1519,23619
0,0.1519,36704
0,0.1520,10185
0,0.1520,13442
0,0.1520,16493
0,0.1521,11254
0,0.1522,10027
0,0.1522,517548
0,0.1522,519896
0,0.1523,11365
0,0.1523,12654
0,0.1523,13559
0,0.1523,22240
0,0.1523,523372
0,0.1524,518513
0,0.1524,520210
0,0.1524,529603
0,0.1524,1050014552
0,0.1525,10616
0,0.1525,15176
0,0.1525,25939
0,0.1527,11497
0,0.1527,11925
0,0.1527,520155
0,0.1527,524136
0,0.1528,13989
0,0.1528,18504
0,0.1528,512750
0,0.1528,529519
0,0.1529,38706
0,0.1529,519228
0,0.1529,522738
0,0.1530,512390
0,0.1531,10370
0,0.1531,11255
0,0.1531,12730
0,0.1531,521059
0,0.1532,13013
0,0.1532,13877
0,0.1532,18419
0,0.1532,58481
0,0.1532,519144
0,0.1532,555344
0,0.1533,10044
0,0.1533,10285
0,0.1533,10852
0,0.1533,15237
0,0.1534,10011
0,0.1534,531708
0,0.1535,11199
0,0.1535,28791
0,0.1535,40390
0,0.1536,13456
0,0.1536,13667
0,0.1536,14127
0,0.1536,14664
0,0.1537,21692
0,0.1537,524361
0,0.1537,802652
0,0.1538,42700
0,0.1538,514125
0,0.1538,520214
0,0.1538,531862
0,0.1539,10003
0,0.1539,10255
0,0.1539,11485
0,0.1539,14040
0,0.1539,18156
0,0.1539,514045
0,0.1540,23273
0,0.1540,26284
0,0.1541,10107
0,0.1541,25792
0,0.1542,59776
0,0.1542,513340
0,0.1542,514988
0,0.1542,521814
0,0.1543,10072
0,0.1543,12943
0,0.1543,58394
0,0.1543,521538
0,0.1544,10108
0,0.1544,10820
0,0.1544,13007
0,0.1544,21227
0,0.1544,23601
0,0.1544,518194
0,0.1545,10138
0,0.1545,12140
0,0.1545,512927
0,0.1545,805244
0,0.1545,805489
0,0.1546,10009
0,0.1547,10503
0,0.1547,13217
0,0.1547,13317
0,0.1547,19478
0,0.1547,24382
0,0.1547,30310
0,0.1547,50575
0,0.1547,53086
0,0.1548,24232
0,0.1548,195264
0,0.1549,11416
0,0.1549,20185
0,0.1550,14192
0,0.1550,18744
0,0.1550,18779
0,0.1550,19215
0,0.1550,174420
0,0.1550,513283
0,0.1551,10593
0,0.1551,11803
0,0.1551,18932
0,0.1551,28010
0,0.1551,70651
0,0.1551,522760
0,0.1552,10157
0,0.1552,12646
0,0.1552,13760
0,0.1552,16708
0,0.1553,19189
0,0.1553,35743
0,0.1554,12358
0,0.1554,12506
0,0.1554,13450
0,0.1554,15046
0,0.1554,17938
0,0.1554,514405
0,0.1555,14223
0,0.1555,34949
0,0.1556,10888
0,0.1556,11025
0,0.1556,30498
0,0.1556,515760
0,0.1557,10830
0,0.1557,15955
0,0.1557,19760
0,0.1557,20818
0,0.1557,222777
0,0.1557,520115
0,0.1557,533529
0,0.1558,10414
0,0.1558,29806
0,0.1558,802174
0,0.1559,10061
0,0.1559,10452
0,0.1559,10868
0,0.1559,16579
0,0.1560,10428
0,0.1560,12155
0,0.1560,515933
0,0.1560,521536
0,0.1560,813104
0,0.1561,11053
0,0.1561,13018
0,0.1561,30807
0,0.1561,64180
0,0.1561,512319
0,0.1561,512513
0,0.1561,537032
0,0.1562,13434
0,0.1562,14434
0,0.1562,529385
0,0.1563,10378
0,0.1563,15950
0,0.1563,17691
0,0.1563,23325
0,0.1563,76194
0,0.1563,520194
0,0.1563,524717
0,0.1564,10420
0,0.1564,10831
0,0.1564,813076
0,0.1565,10099
0,0.1565,10539
0,0.1565,13295
0,0.1565,13403
0,0.1565,25184
0,0.1565,26417
0,0.1565,517852
0,0.1565,530435
0,0.1566,515675
0,0.1566,519347
0,0.1566,524412
0,0.1566,574357
0,0.1567,16440
0,0.1567,63923
0,0.1567,514997
0,0.1567,524073
0,0.1568,10735
0,0.1568,12088
0,0.1568,14727
0,0.1568,16244
0,0.1568,27296
0,0.1568,56308
0,0.1568,527350
0,0.1568,801895
0,0.1569,10110
0,0.1569,21277
0,0.1569,22084
0,0.1569,152496
0,0.1570,10638
0,0.1570,13854
0,0.1570,29135
0,0.1571,11387
0,0.1571,14936
0,0.1571,17402
0,0.1571,17454
0,0.1571,235061
0,0.1571,512514
0,0.1571,803860
0,0.1572,12104
0,0.1572,15458
0,0.1572,16274
0,0.1572,29713
0,0.1572,36136
0,0.1572,513463
0,0.1572,514596
0,0.1572,519865
0,0.1573,10041
0,0.1573,37142
0,0.1573,519140
0,0.1573,555342
0,0.1574,10150
0,0.1574,15514
0,0.1574,45427
0,0.1575,10114
0,0.1575,11497
0,0.1575,11723
0,0.1575,11874
0,0.1575,14438
0,0.1575,801295
0,0.1576,13301
0,0.1576,13852
0,0.1576,520367
0,0.1577,13442
0,0.1577,14881
0,0.1577,15616
0,0.1577,512305
0,0.1578,10807
0,0.1578,16642
0,0.1578,55527
0,0.1579,12398
0,0.1579,15274
0,0.1579,37554
0,0.1579,84758
0,0.1579,511828
0,0.1579,523675
0,0.1580,10537
0,0.1580,526612
0,0.1581,20831
0,0.1581,522706
0,0.1582,12787
0,0.1582,14869
0,0.1582,18601
0,0.1582,21296
0,0.1582,21932
0,0.1582,513033
0,0.1582,513284
0,0.1583,512357
0,0.1583,520641
0,0.1584,11155
0,0.1584,25939
0,0.1584,34187
0,0.1585,808183
0,0.1586,10846
0,0.1586,10969
0,0.1586,20715
0,0.1586,32258
0,0.1586,517512
0,0.1586,521409
0,0.1587,23619
0,0.1588,13607
0,0.1588,517548
0,0.1588,524761
0,0.1588,543506
0,0.1589,10205
0,0.1589,13273
0,0.1589,22240
0,0.1589,38706
0,0.1589,803129
0,0.1589,936838
0,0.1590,10133
0,0.1590,10169
0,0.1590,10207
0,0.1590,10376
0,0.1590,11699
0,0.1590,15176
0,0.1590,17685
0,0.1590,69319
0,0.1590,522974
0,0.1590,805227
0,0.1591,13559
0,0.1591,18504
0,0.1591,31735
0,0.1591,65472
0,0.1591,511823
0,0.1592,10137
0,0.1592,10515
0,0.1592,10879
0,0.1592,23854
0,0.1592,42890
0,0.1592,523863
0,0.1592,918582
0,0.1593,12506
0,0.1593,14871
0,0.1593,16707
0,0.1593,17325
0,0.1593,512928
0,0.1593,556591
0,0.1594,513537
0,0.1594,522815
0,0.1595,10497
0,0.1595,14276
0,0.1595,18054
0,0.1595,512927
0,0.1595,516256
0,0.1595,520817
0,0.1595,521814
0,0.1595,812884
0,0.1596,13033
0,0.1596,16754
0,0.1596,28791
0,0.1596,37105
0,0.1596,514045
0,0.1597,18016
0,0.1597,18779
0,0.1597,19982
0,0.1597,35196
0,0.1597,40390
0,0.1598,11717
0,0.1598,12355
0,0.1598,18823
0,0.1598,22166
0,0.1598,22276
0,0.1598,26741
0,0.1598,512390
0,0.1598,519144
0,0.1598,520210
0,0.1599,26798
0,0.1599,55630
0,0.1599,58834
0,0.1599,521813
0,0.1600,10099
0,0.1600,11211
0,0.1600,18932
0,0.1600,19720
0,0.1600,20402
0,0.1600,34683
0,0.1600,39813
0,0.1600,549229
0,0.1601,12850
0,0.1601,14816
0,0.1601,23273
0,0.1601,116799
0,0.1601,512006
0,0.1602,11503
0,0.1602,16175
0,0.1602,17379
0,0.1602,19767
0,0.1602,22243
0,0.1602,24382
0,0.1602,513283
0,0.1603,18419
0,0.1603,20581
0,0.1603,517763
0,0.1604,19189
0,0.1604,19921
0,0.1604,25792
0,0.1604,47035
0,0.1605,16493
0,0.1605,21567
0,0.1605,25628
0,0.1605,30371
0,0.1605,35743
0,0.1605,114607
0,0.1605,514405
0,0.1606,12358
0,0.1606,18726
0,0.1606,19760
0,0.1606,30310
0,0.1606,267437
0,0.1606,434891
0,0.1606,529519
0,0.1606,551294
0,0.1607,11603
0,0.1607,15212
0,0.1607,18165
0,0.1607,20818
0,0.1607,23601
0,0.1607,28406
0,0.1607,518194
0,0.1607,519331
0,0.1607,523786
0,0.1607,555342
0,0.1608,10269
0,0.1608,14970
0,0.1608,520812
0,0.1608,532909
0,0.1608,555727
0,0.1608,803732
0,0.1609,10260
0,0.1609,11338
0,0.1609,12297
0,0.1609,18744
0,0.1609,555340
0,0.1610,17419
0,0.1611,10658
0,0.1611,11053
0,0.1611,13317
0,0.1611,516110
0,0.1611,558854
0,0.1612,11416
0,0.1612,14509
0,0.1612,15362
0,0.1612,15495
0,0.1612,17220
0,0.1612,511844
0,0.1612,513649
0,0.1612,519132
0,0.1612,519332
0,0.1613,15398
0,0.1613,15904
0,0.1613,16008
0,0.1613,523776
0,0.1614,10294
0,0.1614,13371
0,0.1614,16180
0,0.1614,17726
0,0.1614,35324
0,0.1615,10513
0,0.1615,10676
0,0.1615,11947
0,0.1615,14542
0,0.1615,53086
0,0.1615,514125
0,0.1616,10564
0,0.1616,11070
0,0.1616,13490
0,0.1616,522809
0,0.1617,23325
0,0.1617,76194
0,0.1618,10603
0,0.1618,11375
0,0.1618,11458
0,0.1618,13219
0,0.1618,14686
0,0.1618,526298
0,0.1619,15851
0,0.1619,17024
0,0.1619,21719
0,0.1619,519944
0,0.1619,800412
0,0.1620,10057
0,0.1620,16553
0,0.1620,19308
0,0.1620,20468
0,0.1620,521538
0,0.1620,556346
0,0.1621,15072
0,0.1621,15163
0,0.1621,46073
0,0.1621,513464
0,0.1621,529318
0,0.1622,10677
0,0.1622,11280
0,0.1622,14464
0,0.1622,16110
0,0.1623,15932
0,0.1623,26417
0,0.1623,525062
0,0.1624,14552
0,0.1624,20774
0,0.1624,527653
0,0.1625,11423
0,0.1625,12647
0,0.1625,14434
0,0.1625,24016
0,0.1625,34949
0,0.1625,45969
0,0.1625,515234
0,0.1625,520581
0,0.1626,11306
0,0.1626,12104
0,0.1626,12251
0,0.1626,14705
0,0.1626,15587
0,0.1626,41743
0,0.1626,512513
0,0.1626,527588
0,0.1627,10479
0,0.1627,10539
0,0.1627,10624
0,0.1627,16540
0,0.1627,18128
0,0.1627,39413
0,0.1627,519616
0,0.1628,10825
0,0.1628,12055
0,0.1628,14486
0,0.1628,14727
0,0.1628,22884
0,0.1628,45024
0,0.1629,10185
0,0.1629,10760
0,0.1629,39753
0,0.1629,515675
0,0.1629,529385
0,0.1630,11199
0,0.1630,12107
0,0.1630,16781
0,0.1630,92188
0,0.1630,512319
0,0.1631,10072
0,0.1631,11908
0,0.1631,12506
0,0.1631,13079
0,0.1631,13217
0,0.1631,14881
0,0.1631,14997
0,0.1631,15713
0,0.1631,19616
0,0.1631,20664
0,0.1631,21637
0,0.1631,24671
0,0.1632,13618
0,0.1632,13860
0,0.1632,15457
0,0.1632,524073
0,0.1633,10011
0,0.1633,23281
0,0.1633,26136
0,0.1633,294178
0,0.1633,936810
0,0.1634,11326
0,0.1634,13442
0,0.1634,20007
0,0.1634,20755
0,0.1635,16360
0,0.1635,32315
0,0.1635,73853
0,0.1635,802955
0,0.1636,15616
0,0.1636,22084
0,0.1636,23654
0,0.1636,512077
0,0.1637,10356
0,0.1637,13101
0,0.1637,13724
0,0.1637,15782
0,0.1637,18156
0,0.1637,61273
0,0.1637,513463
0,0.1637,515130
0,0.1637,815205
0,0.1638,10295
0,0.1638,20253
0,0.1638,25780
0,0.1638,38847
0,0.1638,511778
0,0.1638,517548
0,0.1638,519140
0,0.1638,519818
0,0.1639,512305
0,0.1640,11324
0,0.1640,12006
0,0.1640,15793
0,0.1640,17454
0,0.1640,67174
0,0.1640,512928
0,0.1640,522387
0,0.1641,11495
0,0.1641,45427
0,0.1641,84758
0,0.1641,513284
0,0.1641,520817
0,0.1642,11433
0,0.1642,20678
0,0.1642,40768
0,0.1642,514677
0,0.1642,519399
0,0.1642,523816
0,0.1642,805532
0,0.1643,10099
0,0.1643,10302
0,0.1643,11142
0,0.1643,13559
0,0.1643,18790
0,0.1643,33075
0,0.1643,383941
0,0.1644,11874
0,0.1644,18779
0,0.1644,25939
0,0.1644,512514
0,0.1644,519946
0,0.1645,15361
0,0.1645,30068
0,0.1645,521814
0,0.1645,523506
0,0.1645,532907
0,0.1646,12259
0,0.1646,14223
0,0.1646,23619
0,0.1646,38706
0,0.1646,522992
0,0.1647,10285
0,0.1647,11255
0,0.1647,11989
0,0.1647,13710
0,0.1647,16473
0,0.1647,18504
0,0.1647,512927
0,0.1647,514045
0,0.1648,10265
0,0.1648,13158
0,0.1648,14093
0,0.1648,15458
0,0.1648,17402
0,0.1648,517059
0,0.1648,524596
0,0.1648,559554
0,0.1649,11606
0,0.1649,11878
0,0.1649,16440
0,0.1649,27296
0,0.1649,518375
0,0.1649,524091
0,0.1649,537899
0,0.1650,10114
0,0.1650,10830
0,0.1650,71547
0,0.1650,78573
0,0.1650,512930
0,0.1651,16571
0,0.1651,17801
0,0.1651,519895
0,0.1651,522738
0,0.1652,10041
0,0.1652,10226
0,0.1652,10969
0,0.1652,11145
0,0.1652,13013
0,0.1652,100809
0,0.1653,13732
0,0.1653,13864
0,0.1653,53190
0,0.1653,513283
0,0.1653,524717
0,0.1653,524902
0,0.1654,13568
0,0.1654,18932
0,0.1654,19452
0,0.1654,26607
0,0.1654,58394
0,0.1654,513033
0,0.1655,10110
0,0.1655,11497
0,0.1655,11723
0,0.1655,51159
0,0.1655,515933
0,0.1656,10204
0,0.1656,10537
0,0.1656,12025
0,0.1656,20545
0,0.1656,48335
0,0.1656,523372
0,0.1657,11485
0,0.1657,12140
0,0.1657,13877
0,0.1657,42059
0,0.1657,99882
0,0.1657,532751
0,0.1657,800236
0,0.1658,15176
0,0.1658,20890
0,0.1658,40888
0,0.1658,517512
0,0.1658,530875
0,0.1658,559141
0,0.1659,11174
0,0.1659,11945
0,0.1659,12159
0,0.1659,15351
0,0.1659,16087
0,0.1659,21449
0,0.1659,102359
0,0.1659,514988
0,0.1659,514997
0,0.1659,557861
0,0.1659,571495
0,0.1660,10051
0,0.1660,23080
0,0.1660,235061
0,0.1661,15514
0,0.1661,16736
0,0.1661,35743
0,0.1661,64180
0,0.1661,519346
0,0.1661,519347
0,0.1662,14871
0,0.1662,32258
0,0.1662,61921
0,0.1662,516110
0,0.1663,10150
0,0.1663,13428
0,0.1663,18419
0,0.1663,19189
0,0.1663,24122
0,0.1663,47107
0,0.1663,522853
0,0.1664,10603
0,0.1664,10914
0,0.1664,12584
0,0.1664,13317
0,0.1664,13613
0,0.1664,17419
0,0.1664,19290
0,0.1664,22461
0,0.1664,24382
0,0.1664,25792
0,0.1664,34607
0,0.1664,37058
0,0.1664,518194
0,0.1665,11618
0,0.1665,12506
0,0.1665,13031
0,0.1665,13872
0,0.1665,18508
0,0.1665,38268
0,0.1665,38454
0,0.1665,537032
0,0.1666,19760
0,0.1666,42231
0,0.1666,54440
0,0.1667,12358
0,0.1667,16579
0,0.1667,20818
0,0.1667,58834
0,0.1667,70651
0,0.1667,195264
0,0.1667,514405
0,0.1668,11764
0,0.1668,19569
0,0.1668,20831
0,0.1668,33038
0,0.1668,174420
0,0.1668,580736
0,0.1669,12654
0,0.1669,16343
0,0.1669,21932
0,0.1669,29116
0,0.1669,31681
0,0.1669,35978
0,0.1669,50327
0,0.1669,52728
0,0.1669,511955
0,0.1670,10222
0,0.1670,10868
0,0.1670,14464
0,0.1670,14766
0,0.1670,23273
0,0.1670,23500
0,0.1670,28791
0,0.1670,29713
0,0.1670,512750
0,0.1671,10652
0,0.1671,12252
0,0.1671,12454
0,0.1671,13094
0,0.1671,15905
0,0.1671,16210
0,0.1671,16862
0,0.1671,59969
0,0.1671,172666
0,0.1671,511828
0,0.1671,529603
0,0.1671,800490
0,0.1671,808183
0,0.1672,10414
0,0.1672,10497
0,0.1672,22185
0,0.1672,519132
0,0.1672,522715
0,0.1672,523675
0,0.1672,814430
0,0.1673,12398
0,0.1673,23325
0,0.1673,57591
0,0.1673,67789
0,0.1673,79615
0,0.1674,10494
0,0.1674,10986
0,0.1674,48301
0,0.1674,513401
0,0.1674,515294
0,0.1675,10447
0,0.1675,12796
0,0.1675,14415
0,0.1675,15210
0,0.1675,19615
0,0.1675,30310
0,0.1675,46341
0,0.1675,511823
0,0.1675,512328
0,0.1676,11194
0,0.1676,532909
0,0.1676,813104
0,0.1677,11053
0,0.1677,21849
0,0.1677,25970
0,0.1677,215209
0,0.1677,515961
0,0.1677,517723
0,0.1677,819096
0,0.1678,12095
0,0.1678,14729
0,0.1678,16506
0,0.1678,17173
0,0.1678,20497
0,0.1678,37142
0,0.1679,16430
0,0.1679,16659
0,0.1679,519890
0,0.1680,13184
0,0.1680,524074
0,0.1681,11085
0,0.1681,11210
0,0.1681,12166
0,0.1681,813076
0,0.1682,10255
0,0.1682,11455
0,0.1682,11750
0,0.1682,12104
0,0.1682,14192
0,0.1682,14717
0,0.1682,17835
0,0.1682,23601
0,0.1682,231168
0,0.1682,524761
0,0.1682,574357
0,0.1683,11779
0,0.1683,40213
0,0.1683,514596
0,0.1684,11061
0,0.1684,11634
0,0.1684,15937
0,0.1684,20715
0,0.1684,529489
0,0.1684,533590
0,0.1684,536058
0,0.1685,10457
0,0.1685,14286
0,0.1685,27725
0,0.1685,28186
0,0.1685,34652
0,0.1685,71503
0,0.1686,10517
0,0.1686,12194
0,0.1686,12327
0,0.1686,26417
0,0.1686,27893
0,0.1686,29939
0,0.1686,170407
0,0.1686,511841
0,0.1686,521409
0,0.1686,530668
0,0.1687,10107
0,0.1687,16311
0,0.1687,59776
0,0.1687,141161
0,0.1687,164863
0,0.1687,513378
0,0.1687,525354
0,0.1688,10420
0,0.1688,16700
0,0.1688,67864
0,0.1688,512319
0,0.1688,514180
0,0.1689,14881
0,0.1689,20185
0,0.1689,518690
0,0.1689,521815
0,0.1689,549229
0,0.1690,11784
0,0.1690,63923
0,0.1690,512607
0,0.1690,520115
0,0.1691,10018
0,0.1691,11199
0,0.1691,12368
0,0.1691,12732
0,0.1691,17691
0,0.1691,45134
0,0.1691,69704
0,0.1691,805244
0,0.1692,13018
0,0.1692,13442
0,0.1692,16110
0,0.1692,20780
0,0.1692,22240
0,0.1692,76194
0,0.1693,10338
0,0.1693,10442
0,0.1693,10687
0,0.1693,11213
0,0.1693,14434
0,0.1693,17286
0,0.1693,46409
0,0.1693,53086
0,0.1693,53745
0,0.1693,520210
0,0.1693,529207
0,0.1694,10564
0,0.1694,11338
0,0.1694,518513
0,0.1694,526612
0,0.1695,10513
0,0.1695,15149
0,0.1695,15535
0,0.1695,517548
0,0.1695,519144
0,0.1695,519720
0,0.1695,521126
0,0.1695,553194
0,0.1696,11221
0,0.1696,11795
0,0.1696,14067
0,0.1696,21496
0,0.1696,21688
0,0.1696,28010
0,0.1696,63122
0,0.1696,520393
0,0.1696,522974
0,0.1697,10099
0,0.1697,16274
0,0.1697,18327
0,0.1697,61079
0,0.1697,516369
0,0.1697,519865
0,0.1697,523863
0,0.1698,12943
0,0.1698,15495
0,0.1698,21692
0,0.1698,512858
0,0.1698,567101
0,0.1699,16636
0,0.1699,16781
0,0.1699,39095
0,0.1699,555342
0,0.1699,580329
0,0.1700,10290
0,0.1700,17177
0,0.1700,42509
0,0.1700,529318
0,0.1700,814115
0,0.1701,27806
0,0.1701,40390
0,0.1701,516098
0,0.1701,520641
0,0.1702,13607
0,0.1702,26666
0,0.1702,47802
0,0.1702,522387
0,0.1703,11825
0,0.1703,11925
0,0.1703,25359
0,0.1704,10826
0,0.1704,14259
0,0.1704,58481
0,0.1704,222777
0,0.1704,512390
0,0.1704,815281
0,0.1705,11445
0,0.1705,12297
0,0.1705,12858
0,0.1705,21637
0,0.1705,25939
0,0.1705,39503
0,0.1706,10119
0,0.1706,10638
0,0.1706,11416
0,0.1707,11001
0,0.1707,12429
0,0.1707,49002
0,0.1707,511842
0,0.1708,11166
0,0.1708,16642
0,0.1708,18744
0,0.1708,30181
0,0.1708,512927
0,0.1709,10537
0,0.1709,10800
0,0.1709,18779
0,0.1710,25763
0,0.1710,26576
0,0.1710,531708
0,0.1711,10611
0,0.1711,14765
0,0.1711,19334
0,0.1711,22122
0,0.1711,25184
0,0.1711,26353
0,0.1711,512314
0,0.1712,13033
0,0.1712,15398
0,0.1712,16754
0,0.1712,521814
0,0.1712,803558
0,0.1713,10593
0,0.1713,12730
0,0.1713,14223
0,0.1713,17706
0,0.1713,19902
0,0.1713,30807
0,0.1714,12298
0,0.1714,12923
0,0.1714,514045
0,0.1715,14869
0,0.1715,27296
0,0.1715,515232
0,0.1715,529519
0,0.1716,10185
0,0.1716,11182
0,0.1716,13301
0,0.1716,13490
0,0.1716,21719
0,0.1716,76486
0,0.1716,515757
0,0.1716,519363
0,0.1717,10041
0,0.1717,10839
0,0.1717,12159
0,0.1717,16529
0,0.1717,34187
0,0.1717,34949
0,0.1717,514405
0,0.1717,520435
0,0.1717,520817
0,0.1718,10110
0,0.1718,11365
0,0.1718,12221
0,0.1718,18932
0,0.1718,24232
0,0.1718,70325
0,0.1719,11706
0,0.1719,12565
0,0.1719,13317
0,0.1719,18504
0,0.1719,35743
0,0.1719,519132
0,0.1719,534301
0,0.1720,13450
0,0.1720,16380
0,0.1720,18889
0,0.1720,119860
0,0.1721,10869
0,0.1721,11297
0,0.1721,13559
0,0.1721,13773
0,0.1721,24382
0,0.1721,519230
0,0.1721,521059
0,0.1722,15506
0,0.1722,17821
0,0.1722,25792
0,0.1723,10428
0,0.1724,10109
0,0.1724,14894
0,0.1724,15176
0,0.1724,16493
0,0.1724,16537
0,0.1724,29129
0,0.1724,574147
0,0.1724,805489
0,0.1725,12049
0,0.1725,12710
0,0.1725,23619
0,0.1725,513283
0,0.1725,529385
0,0.1726,10844
0,0.1726,10845
0,0.1726,15458
0,0.1726,20818
0,0.1726,26901
0,0.1726,801998
0,0.1727,11032
0,0.1727,11188
0,0.1727,21664
0,0.1727,32258
0,0.1727,518194
0,0.1728,19189
0,0.1728,522809
0,0.1729,12358
0,0.1729,15680
0,0.1729,18419
0,0.1729,514125
0,0.1730,512608
0,0.1731,16910
0,0.1732,10969
0,0.1732,802461
0,0.1733,10167
0,0.1733,10815
0,0.1733,11222
0,0.1733,11764
0,0.1733,12408
0,0.1733,18156
0,0.1733,18778
0,0.1733,23325
0,0.1734,10285
0,0.1734,11245
0,0.1734,30716
0,0.1734,36704
0,0.1734,512460
0,0.1735,11900
0,0.1735,12733
0,0.1735,22657
0,0.1735,520155
0,0.1735,523497
0,0.1736,11717
0,0.1736,12131
0,0.1736,19760
0,0.1736,24688
0,0.1736,383941
0,0.1736,512662
0,0.1736,523776
0,0.1736,801970
0,0.1737,10847
0,0.1737,11311
0,0.1737,11423
0,0.1737,13692
0,0.1737,17454
0,0.1737,19618
0,0.1738,15950
0,0.1738,58394
0,0.1738,65472
0,0.1738,512077
0,0.1738,800056
0,0.1738,812884
0,0.1739,10879
0,0.1739,519399
0,0.1739,527588
0,0.1740,10658
0,0.1740,11500
0,0.1740,11746
0,0.1740,521027
0,0.1740,523636
0,0.1741,10045
0,0.1741,12104
0,0.1741,12993
0,0.1741,15362
0,0.1741,44690
0,0.1742,10243
0,0.1742,10440
0,0.1742,11192
0,0.1742,12107
0,0.1742,13985
0,0.1742,15441
0,0.1742,17019
0,0.1742,106593
0,0.1742,515321
0,0.1742,529498
0,0.1743,23212
0,0.1743,802955
0,0.1743,936810
0,0.1744,10830
0,0.1744,12388
0,0.1744,13864
0,0.1744,17162
0,0.1744,519131
0,0.1744,519365
0,0.1745,11588
0,0.1745,17726
0,0.1745,19290
0,0.1745,38706
0,0.1745,512006
0,0.1745,521197
0,0.1745,530435
0,0.1745,532909
0,0.1746,10150
0,0.1746,10820
0,0.1746,12506
0,0.1746,14727
0,0.1746,16579
0,0.1746,19616
0,0.1746,23273
0,0.1746,92871
0,0.1746,517512
0,0.1747,10475
0,0.1747,14533
0,0.1747,15514
0,0.1747,17244
0,0.1747,801816
0,0.1748,10177
0,0.1748,10241
0,0.1748,10378
0,0.1748,10825
0,0.1748,10895
0,0.1748,13442
0,0.1748,21174
0,0.1748,26665
0,0.1748,805227
0,0.1749,10226
0,0.1749,10323
0,0.1749,10539
0,0.1749,11419
0,0.1749,12398
0,0.1749,19306
0,0.1749,19720
0,0.1749,22084
0,0.1749,27413
0,0.1749,514988
0,0.1750,10057
0,0.1750,10097
0,0.1750,19982
0,0.1750,23601
0,0.1750,30108
0,0.1750,511828
0,0.1750,523675
0,0.1750,803007
0,0.1751,11723
0,0.1751,521698
0,0.1752,12753
0,0.1752,14096
0,0.1752,15361
0,0.1752,16986
0,0.1752,18601
0,0.1752,20831
0,0.1752,37142
0,0.1752,70088
0,0.1752,513463
0,0.1752,521745
0,0.1753,14093
0,0.1753,14881
0,0.1753,21296
0,0.1753,30039
0,0.1753,56308
0,0.1753,521813
0,0.1753,523379
0,0.1754,10056
0,0.1754,11699
0,0.1754,14001
0,0.1754,15616
0,0.1754,16862
0,0.1754,105436
0,0.1754,524717
0,0.1755,15905
0,0.1755,16473
0,0.1755,30981
0,0.1755,72491
0,0.1755,555176
0,0.1756,10719
0,0.1756,14434
0,0.1756,515933
0,0.1756,517548
0,0.1757,11965
0,0.1757,14375
0,0.1757,16244
0,0.1757,512390
0,0.1757,526298
0,0.1757,808183
0,0.1758,12232
0,0.1758,46073
0,0.1758,529603
0,0.1758,588857
0,0.1759,10099
0,0.1759,10416
0,0.1759,13134
0,0.1759,13760
0,0.1759,18869
0,0.1759,28791
0,0.1759,53086
0,0.1759,524761
0,0.1760,11495
0,0.1760,13217
0,0.1760,14563
0,0.1760,20144
0,0.1760,21227
0,0.1760,25552
0,0.1760,39813
0,0.1760,514489
0,0.1761,18779
0,0.1761,21932
0,0.1761,36730
0,0.1761,512927
0,0.1762,13860
0,0.1762,18054
0,0.1762,511823
0,0.1762,512513
0,0.1762,515062
0,0.1762,525780
0,0.1763,11074
0,0.1763,11254
0,0.1763,11402
0,0.1763,11497
0,0.1763,17909
0,0.1763,25939
0,0.1763,84758
0,0.1763,512305
0,0.1763,513033
0,0.1764,15955
0,0.1764,16781
0,0.1764,522706
0,0.1765,13013
0,0.1765,521814
0,0.1766,10804
0,0.1766,14276
0,0.1766,76194
0,0.1767,10497
0,0.1767,23654
0,0.1767,68332
0,0.1767,514045
0,0.1768,10184
0,0.1768,14664
0,0.1768,26417
0,0.1768,512928
0,0.1768,513284
0,0.1768,520721
0,0.1768,523715
0,0.1769,13158
0,0.1769,29135
0,0.1769,45024
0,0.1769,525066
0,0.1770,10704
0,0.1770,235061
0,0.1771,14552
0,0.1771,30310
0,0.1771,33075
0,0.1771,63923
0,0.1771,514997
0,0.1771,803599
0,0.1772,10404
0,0.1773,10282
0,0.1773,10479
0,0.1773,18730
0,0.1773,800827
0,0.1773,801666
0,0.1774,10368
0,0.1774,21637
0,0.1774,68489
0,0.1774,512750
0,0.1774,529125
0,0.1774,803843
0,0.1775,11142
0,0.1775,12091
0,0.1775,15891
0,0.1775,26718
0,0.1775,34683
0,0.1775,519140
0,0.1776,10046
0,0.1776,17508
0,0.1776,18504
0,0.1776,40390
0,0.1776,195264
0,0.1777,10840
0,0.1777,13317
0,0.1777,18016
0,0.1777,20620
0,0.1777,44005
0,0.1777,47922
0,0.1777,242405
0,0.1777,523786
0,0.1778,12088
0,0.1778,16953
0,0.1779,11064
0,0.1779,22243
0,0.1779,23703
0,0.1779,174420
0,0.1779,514596
0,0.1779,1050014552
0,0.1780,13628
0,0.1780,70651
0,0.1780,80867
0,0.1781,11874
0,0.1781,19921
0,0.1781,20402
0,0.1781,20581
0,0.1781,21567
0,0.1781,22166
0,0.1781,24828
0,0.1782,10809
0,0.1782,11053
0,0.1782,19767
0,0.1782,24382
0,0.1782,55527
0,0.1782,521633
0,0.1782,932322
0,0.1783,18726
0,0.1783,18932
0,0.1783,27296
0,0.1783,267437
0,0.1783,537027
0,0.1783,802652
0,0.1783,902501
0,0.1784,11603
0,0.1784,11849
0,0.1784,12506
0,0.1784,14227
0,0.1784,19215
0,0.1784,20545
0,0.1784,28406
0,0.1784,522760
0,0.1784,551294
0,0.1784,936838
0,0.1785,10216
0,0.1785,15904
0,0.1785,18165
0,0.1785,27416
0,0.1785,35743
0,0.1785,58834
0,0.1785,515675
0,0.1785,519144
0,0.1785,556347
0,0.1785,801235
0,0.1785,902504
0,0.1786,11503
0,0.1786,13007
0,0.1786,19760
0,0.1786,22240
0,0.1786,519347
0,0.1786,524073
0,0.1787,10295
0,0.1787,10902
0,0.1787,11312
0,0.1787,12656
0,0.1787,14509
0,0.1787,18823
0,0.1787,31735
0,0.1787,83661
0,0.1788,14871
0,0.1788,17024
0,0.1789,39753
0,0.1789,514405
0,0.1789,813104
0,0.1790,11967
0,0.1790,13434
0,0.1790,16180
0,0.1790,17402
0,0.1790,20715
0,0.1790,20818
0,0.1790,520812
0,0.1790,801510
0,0.1790,801749
0,0.1790,803874
0,0.1791,14223
0,0.1791,18744
0,0.1791,23273
0,0.1791,25792
0,0.1791,941319
0,0.1792,11255
0,0.1792,12358
0,0.1792,23325
0,0.1792,513283
0,0.1792,522974
0,0.1792,524606
0,0.1792,574357
0,0.1793,10969
0,0.1793,19189
0,0.1793,23619
0,0.1793,32258
0,0.1793,517763
0,0.1793,520210
0,0.1793,525595
0,0.1793,805532
0,0.1793,813076
0,0.1794,15494
0,0.1794,30421
0,0.1794,30807
0,0.1794,521409
0,0.1794,800716
0,0.1795,10041
0,0.1795,10322
0,0.1795,11614
0,0.1795,15176
0,0.1795,16553
0,0.1795,518194
0,0.1795,800618
0,0.1796,10531
0,0.1796,10612
0,0.1796,12104
0,0.1796,13371
0,0.1796,14756
0,0.1796,17757
0,0.1796,18419
0,0.1796,18745
0,0.1796,34949
0,0.1796,520115
0,0.1796,533590
0,0.1797,10269
0,0.1797,11199
0,0.1797,555344
0,0.1798,13724
0,0.1798,22884
0,0.1798,514125
0,0.1799,14820
0,0.1799,529385
0,0.1799,801050
0,0.1799,934752
0,0.1800,10221
0,0.1800,10891
0,0.1800,11886
0,0.1800,13327
0,0.1800,516110
0,0.1800,549229
0,0.1801,10072
0,0.1801,10428
0,0.1801,13442
0,0.1801,13559
0,0.1801,42241
0,0.1801,294178
0,0.1801,515760
0,0.1801,558854
0,0.1801,802324
0,0.1801,805191
0,0.1802,10110
0,0.1802,10138
0,0.1802,521701
0,0.1802,525062
0,0.1802,555340
0,0.1802,801804
0,0.1803,10099
0,0.1803,10222
0,0.1803,13428
0,0.1803,13551
0,0.1803,17143
0,0.1803,25184
0,0.1803,92188
0,0.1804,13800
0,0.1804,14486
0,0.1804,36524
0,0.1804,47107
0,0.1804,511797
0,0.1805,10202
0,0.1805,13844
0,0.1806,10040
0,0.1806,22084
0,0.1806,522432
0,0.1806,555342
0,0.1807,11618
0,0.1807,17419
0,0.1807,521536
0,0.1807,556346
0,0.1808,12880
0,0.1808,61285
0,0.1809,19124
0,0.1810,12762
0,0.1810,15163
0,0.1810,20755
0,0.1810,23601
0,0.1810,517512
0,0.1810,520817
0,0.1811,10035
0,0.1811,10677
0,0.1811,14727
0,0.1811,14766
0,0.1811,15458
0,0.1811,45427
0,0.1811,514034
0,0.1812,14067
0,0.1812,14434
0,0.1812,14881
0,0.1812,15237
0,0.1812,46073
0,0.1812,513464
0,0.1813,13445
0,0.1813,15616
0,0.1813,532946
0,0.1813,932796
0,0.1814,10324
0,0.1814,10539
0,0.1814,10855
0,0.1814,11433
0,0.1814,69319
0,0.1814,512514
0,0.1814,512927
0,0.1814,517548
0,0.1814,529603
0,0.1814,800012
0,0.1815,511844
0,0.1815,521812
0,0.1815,543506
0,0.1815,800434
0,0.1816,27341
0,0.1816,805244
0,0.1817,16493
0,0.1817,18779
0,0.1817,97863
0,0.1817,555176
0,0.1817,801534
0,0.1818,13456
0,0.1818,18156
0,0.1818,19355
0,0.1818,38706
0,0.1818,51159
0,0.1818,803982
0,0.1819,10050
0,0.1819,10624
0,0.1819,17685
0,0.1819,20007
0,0.1819,29713
0,0.1819,513463
0,0.1819,519328
0,0.1819,521814
0,0.1820,10278
0,0.1820,10370
0,0.1820,11712
0,0.1820,14507
0,0.1820,17454
0,0.1820,28791
0,0.1820,36235
0,0.1820,59776
0,0.1820,71649
0,0.1820,511839
0,0.1820,512319
0,0.1820,515933
0,0.1820,519443
0,0.1820,800792
0,0.1821,11497
0,0.1821,15713
0,0.1821,24857
0,0.1821,522992
0,0.1822,10302
0,0.1822,14093
0,0.1822,15587
0,0.1822,23281
0,0.1822,27372
0,0.1822,514045
0,0.1822,531862
0,0.1823,10537
0,0.1823,10960
0,0.1823,13852
0,0.1823,63441
0,0.1823,84758
0,0.1824,10207
0,0.1824,14464
0,0.1824,16360
0,0.1824,21645
0,0.1824,30371
0,0.1824,33224
0,0.1824,76194
0,0.1824,152496
0,0.1824,512328
0,0.1824,800531
0,0.1825,12105
0,0.1825,16641
0,0.1825,25939
0,0.1825,56970
0,0.1825,571495
0,0.1825,800257
0,0.1826,12506
0,0.1826,13184
0,0.1826,58394
0,0.1826,800685
0,0.1826,802174
0,0.1826,802955
0,0.1827,10061
0,0.1827,11344
0,0.1827,11989
0,0.1827,13217
0,0.1827,14192
0,0.1827,18504
0,0.1827,42700
0,0.1827,512513
0,0.1827,800296
0,0.1827,800504
0,0.1827,936810
0,0.1828,11029
0,0.1828,21277
0,0.1828,75379
0,0.1828,520581
0,0.1828,533529
0,0.1829,15495
0,0.1829,15514
0,0.1829,520642
0,0.1829,800613
0,0.1830,10114
0,0.1830,10137
0,0.1830,10949
0,0.1830,11213
0,0.1830,11319
0,0.1830,11326
0,0.1830,14899
0,0.1830,15398
0,0.1830,16274
0,0.1830,434891
0,0.1830,520367
0,0.1831,12923
0,0.1831,13317
0,0.1831,19935
0,0.1831,521813
0,0.1832,10150
0,0.1832,13877
0,0.1832,15925
0,0.1832,16008
0,0.1832,18980
0,0.1832,19327
0,0.1832,25709
0,0.1833,14552
0,0.1833,18508
0,0.1833,88342
0,0.1833,527653
0,0.1833,932321
0,0.1834,10151
0,0.1834,11274
0,0.1834,513033
0,0.1834,524717
0,0.1834,537032
0,0.1834,800638
0,0.1834,804943
0,0.1835,10027
0,0.1835,10479
0,0.1835,13607
0,0.1835,20831
0,0.1835,21932
0,0.1835,24382
0,0.1835,40888
0,0.1835,511828
0,0.1835,519865
0,0.1835,800718
0,0.1836,10052
0,0.1836,10136
0,0.1836,12581
0,0.1836,16087
0,0.1836,27031
0,0.1836,27296
0,0.1836,801053
0,0.1837,14259
0,0.1837,35743
0,0.1837,55630
0,0.1837,56560
0,0.1837,515278
0,0.1837,532909
0,0.1838,12398
0,0.1838,17379
0,0.1838,512305
0,0.1838,523776
0,0.1838,800162
0,0.1838,808183
0,0.1839,13229
0,0.1839,14299
0,0.1839,30310
0,0.1839,523675
0,0.1839,800236
0,0.1840,17173
0,0.1840,801432
0,0.1840,819096
0,0.1841,10099
0,0.1841,10513
0,0.1841,13094
0,0.1841,40390
0,0.1841,48914
0,0.1841,100809
0,0.1841,136326
0,0.1841,511823
0,0.1841,519332
0,0.1841,524073
0,0.1842,11371
0,0.1842,12151
0,0.1842,16110
0,0.1842,30178
0,0.1842,222777
0,0.1842,511778
0,0.1842,513284
0,0.1842,524361
0,0.1842,529318
0,0.1842,800553
0,0.1842,807924
0,0.1843,10216
0,0.1843,16343
0,0.1843,39798
0,0.1843,50575
0,0.1843,522815
0,0.1844,13943
0,0.1844,16069
0,0.1844,25403
0,0.1844,26417
0,0.1844,801895
0,0.1845,10255
0,0.1845,11605
0,0.1845,12059
0,0.1845,16540
0,0.1845,22001
0,0.1845,29207
0,0.1845,64180
0,0.1846,12355
0,0.1846,12647
0,0.1846,13273
0,0.1846,14330
0,0.1846,20945
0,0.1846,30206
0,0.1846,215209
0,0.1846,516944
0,0.1846,519140
0,0.1846,520817
0,0.1846,521535
0,0.1847,10969
0,0.1847,14284
0,0.1847,19474
0,0.1847,19760
0,0.1847,29340
0,0.1847,522387
0,0.1847,522738
0,0.1847,804106
0,0.1848,10043
0,0.1848,15719
0,0.1848,18633
0,0.1848,22151
0,0.1848,37142
0,0.1848,53086
0,0.1848,64301
0,0.1848,512928
0,0.1848,523786
0,0.1848,558781
0,0.1848,801162
0,0.1849,17420
0,0.1849,18932
0,0.1849,20468
0,0.1849,20818
0,0.1849,44909
0,0.1849,49761
0,0.1849,519399
0,0.1849,524761
0,0.1849,527297
0,0.1849,800127
0,0.1849,801148
0,0.1850,14963
0,0.1850,22240
0,0.1850,39413
0,0.1850,568502
0,0.1851,10045
0,0.1851,11053
0,0.1851,12646
0,0.1851,23325
0,0.1851,31681
0,0.1851,521534
0,0.1852,10358
0,0.1852,10687
0,0.1852,13238
0,0.1852,35324
0,0.1852,513379
0,0.1852,516110
0,0.1852,520641
0,0.1853,13962
0,0.1853,14871
0,0.1853,36384
0,0.1853,235061
0,0.1853,513283
0,0.1854,11155
0,0.1854,30164
0,0.1854,46262
0,0.1854,58834
0,0.1854,521528
0,0.1855,12358
0,0.1855,17691
0,0.1855,17930
0,0.1855,19334
0,0.1855,20026
0,0.1856,12104
0,0.1856,17419
0,0.1856,45839
0,0.1856,512858
0,0.1856,801768
0,0.1856,803226
0,0.1857,10935
0,0.1857,17171
0,0.1857,32315
0,0.1857,42059
0,0.1857,555342
0,0.1858,10510
0,0.1858,18419
0,0.1858,19189
0,0.1858,23273
0,0.1858,514988
0,0.1859,11701
0,0.1859,32258
0,0.1859,513340
0,0.1859,518513
0,0.1859,519944
0,0.1860,10011
0,0.1860,31070
0,0.1860,511857
0,0.1861,10638
0,0.1861,10802
0,0.1861,11192
0,0.1861,12252
0,0.1861,13442
0,0.1861,22185
0,0.1862,11338
0,0.1862,14816
0,0.1862,16707
0,0.1862,40768
0,0.1862,512793
0,0.1863,10205
0,0.1863,19224
0,0.1863,21496
0,0.1864,10699
0,0.1864,13667
0,0.1864,14194
0,0.1864,15851
0,0.1864,16708
0,0.1864,24232
0,0.1864,527350
0,0.1864,537027
0,0.1864,800173
0,0.1864,805489
0,0.1865,12065
0,0.1865,13287
0,0.1865,800084
0,0.1865,800782
0,0.1867,10868
0,0.1867,11074
0,0.1867,12506
0,0.1868,10836
0,0.1868,11416
0,0.1868,18744
0,0.1868,800159
0,0.1869,10041
0,0.1869,14997
0,0.1869,511841
0,0.1869,801382
0,0.1870,11563
0,0.1870,29535
0,0.1870,802821
0,0.1871,11874
0,0.1871,11908
0,0.1871,14881
0,0.1871,15839
0,0.1871,27522
0,0.1871,94391
0,0.1871,523863
0,0.1871,800896
0,0.1872,10107
0,0.1872,10185
0,0.1872,12159
0,0.1872,28010
0,0.1872,49869
0,0.1872,63923
0,0.1872,515294
0,0.1872,521059
0,0.1872,524074
0,0.1872,526612
0,0.1873,10110
0,0.1873,11145
0,0.1873,12327
0,0.1873,12730
0,0.1873,25792
0,0.1873,519896
0,0.1873,521538
0,0.1873,557215
0,0.1873,801248
0,0.1874,10290
0,0.1874,13124
0,0.1874,13295
0,0.1874,16129
0,0.1874,34607
0,0.1874,514405
0,0.1874,519331
0,0.1875,13559
0,0.1875,78573
0,0.1876,529385
0,0.1876,800174
0,0.1877,13985
0,0.1877,24016
0,0.1877,514997
0,0.1877,516256
0,0.1877,524412
0,0.1877,559141
0,0.1877,800412
0,0.1877,802152
0,0.1878,512927
0,0.1878,803035
0,0.1879,10420
0,0.1879,14206
0,0.1879,14989
0,0.1879,515760
0,0.1879,800117
0,0.1879,812884
0,0.1879,902492
0,0.1879,903153
0,0.1880,34949
0,0.1880,45969
0,0.1880,526298
0,0.1880,803765
0,0.1881,519144
0,0.1881,800032
0,0.1881,801882
0,0.1882,11503
0,0.1882,520194
0,0.1882,555259
0,0.1882,800003
0,0.1883,10617
0,0.1884,16700
0,0.1884,512319
0,0.1884,514045
0,0.1884,521814
0,0.1884,801611
0,0.1884,803558
0,0.1884,808159
0,0.1885,11222
0,0.1885,14093
0,0.1885,14643
0,0.1885,14686
0,0.1885,900035
0,0.1886,10616
0,0.1886,10831
0,0.1886,11947
0,0.1886,18779
0,0.1886,25939
0,0.1887,10018
0,0.1887,10099
0,0.1887,11623
0,0.1887,12992
0,0.1887,16440
0,0.1888,10072
0,0.1888,11699
0,0.1888,11856
0,0.1888,12993
0,0.1888,13317
0,0.1888,14434
0,0.1888,23601
0,0.1888,23619
0,0.1888,517548
0,0.1888,519363
0,0.1888,527588
0,0.1888,555727
0,0.1888,800056
0,0.1888,801079
0,0.1889,11530
0,0.1889,13434
0,0.1889,19478
0,0.1889,25359
0,0.1889,82663
0,0.1889,814010
0,0.1890,10294
0,0.1890,512791
0,0.1891,16579
0,0.1891,19283
0,0.1891,39095
0,0.1891,174420
0,0.1891,512357
0,0.1891,805154
0,0.1891,814430
0,0.1892,10503
0,0.1892,11375
0,0.1892,14191
0,0.1892,519347
0,0.1893,10825
0,0.1893,12091
0,0.1893,12787
0,0.1893,13989
0,0.1893,45024
0,0.1893,52728
0,0.1893,70651
0,0.1893,518194
0,0.1893,805227
0,0.1894,13079
0,0.1894,195264
0,0.1894,513537
0,0.1894,515757
0,0.1894,556346
0,0.1894,800716
0,0.1894,804444
0,0.1895,10056
0,0.1895,16506
0,0.1895,800212
0,0.1895,801631
0,0.1895,801638
0,0.1896,12006
0,0.1896,12266
0,0.1896,12697
0,0.1896,13984
0,0.1896,35743
0,0.1896,76194
0,0.1896,800490
0,0.1896,930012
0,0.1897,10108
0,0.1897,10494
0,0.1897,11280
0,0.1897,35503
0,0.1897,520817
0,0.1897,800752
0,0.1898,11878
0,0.1898,15932
0,0.1898,16642
0,0.1898,18504
0,0.1898,33075
0,0.1899,10414
0,0.1899,14223
0,0.1899,14464
0,0.1899,800606
0,0.1899,800863
0,0.1899,801725
0,0.1899,803860
0,0.1900,13158
0,0.1900,38847
0,0.1900,800747
0,0.1900,813104
0,0.1901,12155
0,0.1901,26741
0,0.1901,26798
0,0.1901,518690
0,0.1902,11199
0,0.1902,11723
0,0.1902,12345
0,0.1902,13640
0,0.1903,10009
0,0.1903,13872
0,0.1903,18823
0,0.1903,34900
0,0.1903,514596
0,0.1904,10658
0,0.1904,10830
0,0.1904,12088
0,0.1904,15176
0,0.1904,20818
0,0.1904,30777
0,0.1904,520210
0,0.1904,801149
0,0.1904,813076
0,0.1904,902982
0,0.1905,10447
0,0.1905,19982
0,0.1905,30807
0,0.1905,48335
0,0.1905,800228
0,0.1905,800576
0,0.1906,10003
0,0.1906,10554
0,0.1906,11495
0,0.1906,16438
0,0.1906,800832
0,0.1906,801412
0,0.1906,805362
0,0.1906,931203
0,0.1907,10807
0,0.1907,12584
0,0.1907,17454
0,0.1907,21296
0,0.1907,521698
0,0.1907,574357
0,0.1907,800102
0,0.1907,801295
0,0.1907,940467
0,0.1908,10051
0,0.1908,17938
0,0.1908,18054
0,0.1908,903366
0,0.1909,58394
0,0.1909,522706
0,0.1909,537032
0,0.1909,800452
0,0.1909,800860
0,0.1909,803196
0,0.1910,11712
0,0.1910,14040
0,0.1910,18601
0,0.1910,27296
0,0.1910,67167
0,0.1910,512390
0,0.1910,549229
0,0.1910,929612
0,0.1911,10157
0,0.1911,10969
0,0.1911,11578
0,0.1911,22122
0,0.1911,512750
0,0.1911,801930
0,0.1912,11142
0,0.1912,23325
0,0.1912,31839
0,0.1912,800111
0,0.1912,803129
0,0.1912,803412
0,0.1912,805425
0,0.1912,903604
0,0.1913,19452
0,0.1913,38858
0,0.1913,524902
0,0.1913,801552
0,0.1913,904983
0,0.1913,906612
0,0.1914,10226
0,0.1914,12506
0,0.1914,19760
0,0.1914,20185
0,0.1914,26417
0,0.1914,515234
0,0.1914,555344
0,0.1914,800072
0,0.1915,10950
0,0.1915,12104
0,0.1915,13108
0,0.1915,14137
0,0.1915,17835
0,0.1915,25184
0,0.1915,513283
0,0.1915,517512
0,0.1915,800494
0,0.1915,800505
0,0.1915,801231
0,0.1915,903997
0,0.1916,13442
0,0.1916,15514
0,0.1916,16393
0,0.1916,23273
0,0.1916,29908
0,0.1916,801084
0,0.1916,801953
0,0.1916,802361
0,0.1916,802955
0,0.1917,10150
0,0.1917,30068
0,0.1917,34576
0,0.1917,522715
0,0.1917,818556
0,0.1918,11245
0,0.1918,12398
0,0.1918,14247
0,0.1918,801137
0,0.1919,53086
0,0.1919,800241
0,0.1919,801761
0,0.1920,10888
0,0.1920,11497
0,0.1920,511828
0,0.1920,523675
0,0.1920,800256
0,0.1920,803732
0,0.1921,17801
0,0.1921,19886
0,0.1921,516110
0,0.1921,800578
0,0.1921,801787
0,0.1922,10452
0,0.1922,16493
0,0.1922,17275
0,0.1922,20774
0,0.1922,20831
0,0.1922,21018
0,0.1922,38706
0,0.1922,53190
0,0.1922,800116
0,0.1922,800183
0,0.1922,800977
0,0.1923,10041
0,0.1923,12025
0,0.1923,12107
0,0.1923,12297
0,0.1923,15714
0,0.1923,62156
0,0.1923,516919
0,0.1923,523372
0,0.1923,531425
0,0.1923,588857
0,0.1923,800114
0,0.1923,800190
0,0.1923,800313
0,0.1923,800434
0,0.1923,800847
0,0.1923,800851
0,0.1923,803501
0,0.1924,11254
0,0.1924,11888
0,0.1924,12358
0,0.1924,90051
0,0.1924,512077
0,0.1924,800009
0,0.1924,800051
0,0.1925,10603
0,0.1925,94797
0,0.1925,802043
0,0.1926,10110
0,0.1926,10898
0,0.1926,11711
0,0.1926,15046
0,0.1926,519132
0,0.1926,800089
0,0.1926,800300
0,0.1926,808183
0,0.1926,905025
0,0.1927,10638
0,0.1927,24382
0,0.1927,800506
0,0.1927,814115
0,0.1927,903116
0,0.1928,10852
0,0.1928,11070
0,0.1928,19189
0,0.1928,519895
0,0.1928,519946
0,0.1928,807288
0,0.1929,10061
0,0.1929,15362
0,0.1929,42975
0,0.1929,524761
0,0.1929,800525
0,0.1929,801335
0,0.1930,17991
0,0.1930,511955
0,0.1930,522354
0,0.1930,800286
0,0.1930,803256
0,0.1930,805992
0,0.1931,10185
0,0.1931,11485
0,0.1931,22240
0,0.1931,28791
0,0.1931,383941
0,0.1931,801006
0,0.1932,15145
0,0.1932,511823
0,0.1932,515933
0,0.1932,800217
0,0.1932,800273
0,0.1933,10676
0,0.1933,11025
0,0.1933,56362
0,0.1933,800150
0,0.1933,800211
0,0.1933,800917
0,0.1933,802731
0,0.1933,904101
0,0.1934,10668
0,0.1934,12298
0,0.1934,18932
0,0.1934,30498
0,0.1934,32258
0,0.1934,802795
0,0.1934,815281
0,0.1935,10207
0,0.1935,10834
0,0.1935,18419
0,0.1935,801873
0,0.1935,802734
0,0.1936,12140
0,0.1936,14664
0,0.1936,532909
0,0.1936,902491
0,0.1937,10428
0,0.1937,800296
0,0.1937,802443
0,0.1937,805532
0,0.1937,912085
0,0.1938,10160
0,0.1938,15212
0,0.1938,154893
0,0.1938,555342
0,0.1938,800216
0,0.1938,905421
0,0.1939,10205
0,0.1939,10785
0,0.1939,800345
0,0.1939,802543
0,0.1940,10952
0,0.1940,34187
0,0.1940,235061
0,0.1940,800075
0,0.1940,800554
0,0.1940,800685
0,0.1941,14881
0,0.1941,21719
0,0.1941,29116
0,0.1941,512930
0,0.1941,800329
0,0.1941,800344
0,0.1941,800838
0,0.1941,903653
0,0.1941,936810
0,0.1942,800053
0,0.1942,800459
0,0.1942,904685
0,0.1942,905424
0,0.1943,13317
0,0.1943,13877
0,0.1943,14315
0,0.1943,17510
0,0.1943,512927
0,0.1943,523776
0,0.1944,11255
0,0.1944,13829
0,0.1944,23188
0,0.1944,59969
0,0.1944,580736
0,0.1944,800188
0,0.1944,800675
0,0.1944,801171
0,0.1944,801728
0,0.1944,805626
0,0.1945,17903
0,0.1945,18156
0,0.1945,19308
0,0.1945,902667
0,0.1946,15890
0,0.1946,800081
0,0.1946,801097
0,0.1946,802367
0,0.1947,11982
0,0.1947,13585
0,0.1947,16350
0,0.1947,17726
0,0.1947,18779
0,0.1947,524167
0,0.1947,800170
0,0.1947,800531
0,0.1947,802025
0,0.1948,10537
0,0.1948,15472
0,0.1948,16380
0,0.1948,16542
0,0.1948,800655
0,0.1948,800677
0,0.1948,801318
0,0.1949,10735
0,0.1949,520641
0,0.1949,521814
0,0.1949,805439
0,0.1950,10295
0,0.1950,10949
0,0.1950,16504
0,0.1950,17220
0,0.1950,172666
0,0.1950,531862
0,0.1950,537899
0,0.1950,800536
0,0.1950,800562
0,0.1950,801429
0,0.1951,13559
0,0.1951,16910
0,0.1951,18028
0,0.1951,18704
0,0.1951,38454
0,0.1951,42890
0,0.1951,530435
0,0.1951,800162
0,0.1951,800236
0,0.1951,800239
0,0.1951,800318
0,0.1951,800389
0,0.1951,800551
0,0.1951,802407
0,0.1951,805244
0,0.1952,13040
0,0.1952,15502
0,0.1952,519896
0,0.1952,801019
0,0.1953,10221
0,0.1953,36136
0,0.1953,37142
0,0.1953,38914
0,0.1953,519947
0,0.1953,522809
0,0.1953,800069
0,0.1953,800141
0,0.1953,800757
0,0.1953,801930
0,0.1953,904395
0,0.1954,10088
0,0.1954,10531
0,0.1954,11648
0,0.1954,12575
0,0.1954,29135
0,0.1954,64180
0,0.1954,514045
0,0.1954,902663
0,0.1955,10777
0,0.1955,13788
0,0.1955,14276
0,0.1955,15458
0,0.1955,18504
0,0.1955,25939
0,0.1955,47802
0,0.1955,519365
0,0.1955,800061
0,0.1955,800827
0,0.1955,801267
0,0.1956,14727
0,0.1956,22884
0,0.1956,29918
0,0.1956,40390
0,0.1956,800158
0,0.1956,800340
0,0.1956,800501
0,0.1956,801052
0,0.1956,803422
0,0.1957,10475
0,0.1957,12027
0,0.1957,12796
0,0.1957,15955
0,0.1957,26607
0,0.1957,114607
0,0.1957,513378
0,0.1957,520367
0,0.1957,531009
0,0.1957,800132
0,0.1957,800335
0,0.1957,800374
0,0.1957,800848
0,0.1957,801296
0,0.1957,802101
0,0.1957,803828
0,0.1957,805477
0,0.1958,10269
0,0.1958,17008
0,0.1958,800438
0,0.1958,801173
0,0.1958,803480
0,0.1959,36295
0,0.1959,514405
0,0.1959,800103
0,0.1959,800143
0,0.1959,800323
0,0.1960,10820
0,0.1960,13013
0,0.1960,20468
0,0.1960,800020
0,0.1960,800529
0,0.1960,800618
0,0.1960,800907
0,0.1961,11528
0,0.1961,14869
0,0.1961,16175
0,0.1961,800392
0,0.1961,800896
0,0.1962,16473
0,0.1962,63923
0,0.1962,76194
0,0.1962,147927
0,0.1962,516369
0,0.1962,800731
0,0.1962,804914
0,0.1962,903545
0,0.1962,933913
0,0.1963,11925
0,0.1963,14327
0,0.1963,15059
0,0.1963,16599
0,0.1963,19306
0,0.1963,524136
0,0.1963,800391
0,0.1963,800613
0,0.1963,801421
0,0.1964,11199
0,0.1964,11750
0,0.1964,31735
0,0.1964,63122
0,0.1964,154726
0,0.1964,522387
0,0.1964,536058
0,0.1964,801411
0,0.1964,905463
0,0.1964,912966
0,0.1965,14306
0,0.1965,25254
0,0.1965,170407
0,0.1965,517548
0,0.1965,529811
0,0.1965,800127
0,0.1965,800140
0,0.1965,800504
0,0.1965,800911
0,0.1966,11027
0,0.1966,12388
0,0.1966,25792
0,0.1966,35743
0,0.1966,522853
0,0.1966,527588
0,0.1966,801058
0,0.1966,801626
0,0.1966,904657
0,0.1967,10099
0,0.1967,10914
0,0.1967,12943
0,0.1967,13456
0,0.1967,14434
0,0.1967,23601
0,0.1967,28186
0,0.1967,40877
0,0.1967,56138
0,0.1967,521129
0,0.1967,800116
0,0.1967,800233
0,0.1967,800702
0,0.1968,10027
0,0.1968,10137
0,0.1968,17173
0,0.1968,18744
0,0.1968,24357
0,0.1968,231168
0,0.1968,513649
0,0.1968,523512
0,0.1968,555340
0,0.1968,800119
0,0.1968,800157
0,0.1968,800304
0,0.1968,801234
0,0.1968,802929
0,0.1968,803959
0,0.1968,904674
0,0.1969,10011
0,0.1969,10986
0,0.1969,12733
0,0.1969,513284
0,0.1969,800008
0,0.1969,800291
0,0.1969,800583
0,0.1969,801057
0,0.1969,801079
0,0.1969,801090
0,0.1969,801148
0,0.1969,903182
0,0.1969,904022
0,0.1969,905164
0,0.1970,24741
0,0.1970,37217
0,0.1970,166976
0,0.1970,580329
0,0.1970,800159
0,0.1970,800369
0,0.1970,800716
0,0.1970,808456
0,0.1970,815205
0,0.1970,903090
0,0.1971,13219
0,0.1971,15176
0,0.1971,141161
0,0.1971,526612
0,0.1971,800114
0,0.1971,902282
0,0.1972,11155
0,0.1972,27296
0,0.1972,155188
0,0.1972,518194
0,0.1972,520390
0,0.1972,531769
0,0.1972,800256
0,0.1972,800269
0,0.1972,800879
0,0.1972,801970
0,0.1972,802993
0,0.1972,926154
0,0.1973,10242
0,0.1973,10297
0,0.1973,12166
0,0.1973,13030
0,0.1973,14790
0,0.1973,20545
0,0.1973,522738
0,0.1973,533529
0,0.1973,800022
0,0.1973,800173
0,0.1974,11423
0,0.1974,15210
0,0.1974,20818
0,0.1974,23619
0,0.1974,36704
0,0.1974,74551
0,0.1974,513283
0,0.1974,800041
0,0.1975,10119
0,0.1975,10205
0,0.1975,12506
0,0.1975,13442
0,0.1975,580948
0,0.1975,800257
0,0.1975,800782
0,0.1975,802148
0,0.1975,808289
0,0.1976,10282
0,0.1976,12358
0,0.1976,21609
0,0.1976,23654
0,0.1976,27725
0,0.1976,164863
0,0.1976,512305
0,0.1976,515140
0,0.1976,803484
0,0.1976,906235
0,0.1977,10869
0,0.1977,14936
0,0.1977,19189
0,0.1977,25970
0,0.1977,39813
0,0.1977,39880
0,0.1977,800178
0,0.1977,800307
0,0.1978,10040
0,0.1978,10114
0,0.1978,11706
0,0.1978,23325
0,0.1978,514125
0,0.1978,522974
0,0.1978,564865
0,0.1978,801575
0,0.1978,801816
0,0.1979,10078
0,0.1979,21527
0,0.1979,21932
0,0.1979,34949
0,0.1979,47035
0,0.1980,10732
0,0.1980,10960
0,0.1980,13490
0,0.1980,27975
0,0.1980,515675
0,0.1980,519818
0,0.1980,525497
0,0.1980,800214
0,0.1980,801568
0,0.1980,803718
0,0.1980,932322
0,0.1981,10060
0,0.1981,10294
0,0.1981,10699
0,0.1981,11823
0,0.1981,12104
0,0.1981,16754
0,0.1981,34506
0,0.1981,53086
0,0.1981,67174
0,0.1981,800145
0,0.1981,800596
0,0.1982,12183
0,0.1982,17454
0,0.1982,23273
0,0.1982,30310
0,0.1982,71547
0,0.1982,222777
0,0.1982,524717
0,0.1982,941319
0,0.1983,10057
0,0.1983,18419
0,0.1983,31696
0,0.1983,38268
0,0.1983,529385
0,0.1983,801027
0,0.1984,13685
0,0.1984,15042
0,0.1984,802486
0,0.1985,10969
0,0.1985,12232
0,0.1985,13607
0,0.1985,13732
0,0.1985,19760
0,0.1985,30537
0,0.1985,936838
0,0.1986,11053
0,0.1986,13854
0,0.1986,514489
0,0.1986,521646
0,0.1986,567101
0,0.1987,10830
0,0.1987,10868
0,0.1987,13989
0,0.1987,26417
0,0.1987,184446
0,0.1987,517512
0,0.1987,801656
0,0.1988,11458
0,0.1988,14192
0,0.1988,529603
0,0.1988,803196
0,0.1989,11416
0,0.1989,13301
0,0.1989,14415
0,0.1989,19089
0,0.1989,512513
0,0.1989,801639
0,0.1990,19720
0,0.1990,33234
0,0.1990,519722
0,0.1990,556591
0,0.1991,16579
0,0.1991,26916
0,0.1991,800851
0,0.1991,803425
0,0.1992,10302
0,0.1992,11142
0,0.1992,11937
0,0.1992,22356
0,0.1992,512006
0,0.1992,512928
0,0.1992,513401
0,0.1992,520812
0,0.1993,11214
0,0.1993,16244
0,0.1993,88339
0,0.1993,801885
0,0.1994,14223
0,0.1994,247112
0,0.1994,524073
0,0.1994,800102
0,0.1994,801021
0,0.1994,903455
0,0.1995,10251
0,0.1995,10612
0,0.1995,11795
0,0.1995,14766
0,0.1995,15616
0,0.1995,512390
0,0.1995,516820
0,0.1995,801248
0,0.1995,802961
0,0.1996,32258
0,0.1996,84758
0,0.1996,116799
0,0.1996,523863
0,0.1996,557801
0,0.1996,800329
0,0.1996,802081
0,0.1996,902962
0,0.1996,908951
0,0.1997,13289
0,0.1997,17685
0,0.1997,55527
0,0.1997,148994
0,0.1997,802509
0,0.1997,804559
0,0.1997,903366
0,0.1998,10241
0,0.1998,10846
0,0.1998,13878
0,0.1998,16360
0,0.1998,19736
0,0.1998,25184
0,0.1998,30807
0,0.1998,58394
0,0.1998,521025
0,0.1998,556346
0,0.1999,11495
0,0.1999,13217
0,0.1999,13710
0,0.1999,24382
0,0.1999,25985
0,0.1999,520581
0,0.1999,521813
0,0.1999,549229
0,0.1999,801082
0,0.2000,10072
0,0.2000,15361
0,0.2000,15514
0,0.2000,18889
0,0.2000,521409
0,0.2001,10539
0,0.2001,11312
0,0.2001,13317
0,0.2001,13618
0,0.2001,16781
0,0.2001,21849
0,0.2001,529489
0,0.2001,801975
0,0.2001,904271
0,0.2002,10365
0,0.2002,10611
0,0.2002,14733
0,0.2002,40213
0,0.2002,167019
0,0.2002,532907
0,0.2002,800747
0,0.2003,10150
0,0.2003,12251
0,0.2003,12730
0,0.2003,14881
0,0.2003,22240
0,0.2003,38706
0,0.2003,512927
0,0.2003,522862
0,0.2003,805489
0,0.2003,821933
0,0.2004,14871
0,0.2004,15821
0,0.2004,18932
0,0.2004,174420
0,0.2004,195264
0,0.2004,513033
0,0.2004,523786
0,0.2004,800856
0,0.2004,801210
0,0.2005,10839
0,0.2005,15713
0,0.2005,19541
0,0.2005,28791
0,0.2005,521814
0,0.2005,522410
0,0.2006,10488
0,0.2006,10845
0,0.2006,14729
0,0.2006,15950
0,0.2006,18779
0,0.2006,22799
0,0.2006,70651
0,0.2006,71503
0,0.2006,514997
0,0.2006,519140
0,0.2006,571495
0,0.2006,800863
0,0.2006,801663
0,0.2006,940467
0,0.2007,11188
0,0.2007,13295
0,0.2007,20831
0,0.2007,513812
0,0.2007,800505
0,0.2007,801116
0,0.2008,10271
0,0.2008,11945
0,0.2008,13434
0,0.2008,17821
0,0.2008,28740
0,0.2008,117817
0,0.2008,519347
0,0.2008,800638
0,0.2008,801164
0,0.2008,803039
0,0.2009,25939
0,0.2009,520210
0,0.2009,801412
0,0.2009,808183
0,0.2009,819096
0,0.2010,11377
0,0.2010,11947
0,0.2010,14697
0,0.2010,22113
0,0.2010,511828
0,0.2010,513463
0,0.2010,801992
0,0.2010,805148
0,0.2010,935000
0,0.2011,17691
0,0.2011,511823
0,0.2011,523675
0,0.2011,800051
0,0.2011,930012
0,0.2012,10480
0,0.2012,10910
0,0.2012,11414
0,0.2012,12398
0,0.2013,11375
0,0.2013,11588
0,0.2013,13860
0,0.2013,20705
0,0.2013,803501
0,0.2014,13241
0,0.2014,14986
0,0.2014,800241
0,0.2014,813104
0,0.2015,12510
0,0.2015,40888
0,0.2015,800134
0,0.2015,800917
0,0.2016,10099
0,0.2016,10190
0,0.2016,10330
0,0.2016,11455
0,0.2016,12506
0,0.2016,19124
0,0.2016,800053
0,0.2016,801565
0,0.2017,10285
0,0.2017,11497
0,0.2017,12787
0,0.2017,514045
0,0.2018,30660
0,0.2018,40390
0,0.2019,10110
0,0.2019,10517
0,0.2019,10950
0,0.2019,11874
0,0.2019,12650
0,0.2019,14727
0,0.2019,15937
0,0.2019,16180
0,0.2019,18504
0,0.2019,27296
0,0.2019,34683
0,0.2019,166368
0,0.2019,515933
0,0.2019,522715
0,0.2019,812884
0,0.2019,813076
0,0.2019,903852
0,0.2019,905003
0,0.2020,13031
0,0.2020,517464
0,0.2020,532751
0,0.2020,574357
0,0.2021,11490
0,0.2021,11503
0,0.2021,42509
0,0.2021,107195
0,0.2021,524761
0,0.2021,800335
0,0.2021,801292
0,0.2021,804919
0,0.2021,903997
0,0.2022,10051
0,0.2022,10807
0,0.2022,11779
0,0.2022,14486
0,0.2022,15458
0,0.2022,20007
0,0.2022,36730
0,0.2022,39753
0,0.2022,58834
0,0.2022,512750
0,0.2022,519144
0,0.2022,555342
0,0.2022,556347
0,0.2022,800496
0,0.2022,804770
0,0.2023,10265
0,0.2023,10968
0,0.2023,11194
0,0.2023,16879
0,0.2023,25792
0,0.2023,35743
0,0.2023,518375
0,0.2023,574147
0,0.2023,802134
0,0.2024,10312
0,0.2024,10738
0,0.2024,10863
0,0.2024,11723
0,0.2024,76194
0,0.2024,517548
0,0.2024,533914
0,0.2024,555727
0,0.2024,800397
0,0.2024,800694
0,0.2024,801071
0,0.2024,802554
0,0.2024,804003
0,0.2025,11634
0,0.2025,11673
0,0.2025,11878
0,0.2025,14477
0,0.2025,16493
0,0.2025,16707
0,0.2025,92188
0,0.2025,215209
0,0.2025,513283
0,0.2025,513284
0,0.2025,533667
0,0.2025,555458
0,0.2025,800183
0,0.2025,804588
0,0.2025,903086
0,0.2026,14509
0,0.2026,15176
0,0.2026,20818
0,0.2026,513403
0,0.2026,801813
0,0.2027,12140
0,0.2027,12358
0,0.2027,13501
0,0.2027,16553
0,0.2027,512514
0,0.2027,518194
0,0.2028,11989
0,0.2028,13559
0,0.2028,15457
0,0.2028,29135
0,0.2028,45024
0,0.2028,514405
0,0.2028,519346
0,0.2028,801867
0,0.2029,11485
0,0.2029,13442
0,0.2029,14894
0,0.2029,17024
0,0.2029,17909
0,0.2029,19189
0,0.2029,33075
0,0.2029,38926
0,0.2029,61273
0,0.2029,800178
0,0.2029,800203
0,0.2029,801994
0,0.2029,802120
0,0.2029,802955
0,0.2030,14434
0,0.2030,15887
0,0.2030,15904
0,0.2030,19215
0,0.2030,23601
0,0.2030,513464
0,0.2030,519132
0,0.2031,10170
0,0.2031,10969
0,0.2031,22084
0,0.2031,516110
0,0.2031,800217
0,0.2031,800906
0,0.2032,10041
0,0.2032,12180
0,0.2032,18744
0,0.2032,19760
0,0.2032,801193
0,0.2032,804524
0,0.2033,10624
0,0.2033,12850
0,0.2033,13428
0,0.2033,23273
0,0.2033,88342
0,0.2033,511778
0,0.2033,521815
0,0.2033,800736
0,0.2034,10652
0,0.2034,18419
0,0.2034,19616
0,0.2034,519131
0,0.2034,537032
0,0.2034,805227
0,0.2035,10497
0,0.2035,11959
0,0.2035,12297
0,0.2035,529385
0,0.2035,800323
0,0.2036,30371
0,0.2036,520122
0,0.2036,800145
0,0.2036,902262
0,0.2037,15495
0,0.2037,18156
0,0.2037,26417
0,0.2037,30664
0,0.2037,520817
0,0.2037,525062
0,0.2037,811823
0,0.2038,10322
0,0.2038,11053
0,0.2038,13238
0,0.2038,126727
0,0.2038,242405
0,0.2038,517059
0,0.2038,520034
0,0.2038,800226
0,0.2038,802638
0,0.2039,10205
0,0.2039,11326
0,0.2039,14024
0,0.2039,21932
0,0.2039,23325
0,0.2039,512357
0,0.2039,523372
0,0.2039,532909
0,0.2039,1050014552
0,0.2040,10011
0,0.2040,11199
0,0.2040,16986
0,0.2040,18823
0,0.2040,22185
0,0.2040,24688
0,0.2040,184114
0,0.2040,520573
0,0.2040,523776
0,0.2041,12104
0,0.2041,15440
0,0.2041,23281
0,0.2041,23619
0,0.2041,253904
0,0.2041,515961
0,0.2041,801946
0,0.2042,10272
0,0.2042,16110
0,0.2042,53086
0,0.2042,153028
0,0.2042,512662
0,0.2042,558854
0,0.2042,800132
0,0.2042,801166
0,0.2042,802640
0,0.2043,10513
0,0.2043,12055
0,0.2043,15072
0,0.2043,16700
0,0.2043,24227
0,0.2043,37105
0,0.2043,39813
0,0.2043,45311
0,0.2043,800143
0,0.2043,940638
0,0.2044,11146
0,0.2044,16440
0,0.2044,44005
0,0.2044,512319
0,0.2045,30310
0,0.2045,51159
0,0.2045,522992
0,0.2045,525354
0,0.2046,11618
0,0.2046,13773
0,0.2046,31681
0,0.2046,32258
0,0.2046,72491
0,0.2046,512793
0,0.2046,524717
0,0.2047,20715
0,0.2047,41598
0,0.2047,46073
0,0.2047,100809
0,0.2047,804840
0,0.2048,14464
0,0.2048,14552
0,0.2048,15839
0,0.2048,17143
0,0.2048,200284
0,0.2048,515675
0,0.2048,932684
0,0.2049,10099
0,0.2049,12194
0,0.2049,12506
0,0.2049,19290
0,0.2049,21277
0,0.2049,512305
0,0.2049,515294
0,0.2049,553194
0,0.2049,800566
0,0.2050,12107
0,0.2050,13450
0,0.2050,19825
0,0.2050,23197
0,0.2050,34949
0,0.2050,73853
0,0.2050,511841
0,0.2050,800345
0,0.2050,800369
0,0.2051,11051
0,0.2051,11338
0,0.2051,19569
0,0.2051,519328
0,0.2051,526298
0,0.2051,534301
0,0.2051,804850
0,0.2052,10204
0,0.2052,10488
0,0.2052,15398
0,0.2052,61243
0,0.2052,235061
0,0.2052,519331
0,0.2052,522745
0,0.2052,524033
0,0.2052,800157
0,0.2053,10338
0,0.2053,11908
0,0.2053,12485
0,0.2053,14507
0,0.2053,15163
0,0.2053,17379
0,0.2053,19982
0,0.2053,22884
0,0.2053,23703
0,0.2053,30108
0,0.2053,37142
0,0.2053,294178
0,0.2053,434891
0,0.2053,512513
0,0.2053,518513
0,0.2053,800536
0,0.2053,805632
0,0.2054,11403
0,0.2054,17454
0,0.2054,22461
0,0.2054,35978
0,0.2054,50327
0,0.2054,61921
0,0.2054,520115
0,0.2054,527653
0,0.2054,529318
0,0.2054,800116
0,0.2054,936810
0,0.2055,12178
0,0.2055,18508
0,0.2055,21882
0,0.2055,535347
0,0.2055,806623
0,0.2055,810618
0,0.2056,10271
0,0.2056,13317
0,0.2056,14651
0,0.2056,19900
0,0.2056,29021
0,0.2056,69319
0,0.2056,383941
0,0.2057,10416
0,0.2057,11221
0,0.2057,12993
0,0.2057,34187
0,0.2057,523636
0,0.2057,801761
0,0.2058,14881
0,0.2058,15905
0,0.2058,23315
0,0.2058,24382
0,0.2058,523379
0,0.2058,531557
0,0.2058,800856
0,0.2058,805234
0,0.2059,10935
0,0.2059,17419
0,0.2059,21719
0,0.2059,514125
0,0.2059,517512
0,0.2059,801725
0,0.2059,906717
0,0.2060,11255
0,0.2060,12455
0,0.2060,17402
0,0.2060,45427
0,0.2060,512887
0,0.2060,533590
0,0.2061,11933
0,0.2061,16735
0,0.2061,18054
0,0.2061,58481
0,0.2061,511955
0,0.2061,512928
0,0.2061,905009
0,0.2062,10414
0,0.2062,10537
0,0.2062,10677
0,0.2062,12368
0,0.2062,16781
0,0.2062,25939
0,0.2062,54440
0,0.2062,519865
0,0.2063,10603
0,0.2063,14259
0,0.2063,15441
0,0.2063,16008
0,0.2063,21296
0,0.2063,800655
0,0.2063,806083
0,0.2064,13184
0,0.2064,21637
0,0.2064,47107
0,0.2064,53639
0,0.2064,529603
0,0.2065,13864
0,0.2065,517763
0,0.2065,804154
0,0.2066,15351
0,0.2066,16274
0,0.2066,20664
0,0.2066,25709
0,0.2066,29713
0,0.2066,59776
0,0.2066,512927
0,0.2066,514045
0,0.2066,521814
0,0.2066,522974
0,0.2066,539226
0,0.2066,802039
0,0.2066,805925
0,0.2067,10323
0,0.2067,11208
0,0.2067,16910
0,0.2067,800329
0,0.2067,801848
0,0.2067,906956
0,0.2068,10676
0,0.2068,11764
0,0.2068,12159
0,0.2068,12429
0,0.2068,13158
0,0.2068,13692
0,0.2068,18779
0,0.2068,24122
0,0.2068,802652
0,0.2068,908951
0,0.2068,934092
0,0.2069,11145
0,0.2069,11795
0,0.2069,12408
0,0.2069,22356
0,0.2069,25797
0,0.2069,514596
0,0.2069,800743
0,0.2069,907978
0,0.2070,11699
0,0.2070,19327
0,0.2070,807047
0,0.2071,511844
0,0.2071,800928
0,0.2071,801100
0,0.2071,804327
0,0.2072,11085
0,0.2072,24232
0,0.2073,10800
0,0.2073,10888
0,0.2073,32315
0,0.2073,81417
0,0.2073,520817
0,0.2073,903455
0,0.2074,10114
0,0.2074,18932
0,0.2074,44690
0,0.2074,512077
0,0.2074,800178
0,0.2075,11445
0,0.2075,13667
0,0.2075,183736
0,0.2075,525408
0,0.2076,18504
0,0.2076,802461
0,0.2077,13013
0,0.2077,22499
0,0.2077,805532
0,0.2078,10302
0,0.2078,12347
0,0.2078,14123
0,0.2079,10109
0,0.2079,16862
0,0.2079,28791
0,0.2079,519363
0,0.2079,800684
0,0.2080,804644
0,0.2081,522354
0,0.2082,10072
0,0.2082,10699
0,0.2082,15932
0,0.2082,25184
0,0.2082,521633
0,0.2082,556329
0,0.2082,800561
0,0.2082,801173
0,0.2082,910729
0,0.2082,919509
0,0.2083,10050
0,0.2083,11365
0,0.2083,13371
0,0.2083,13397
0,0.2083,524156
0,0.2084,64180
0,0.2084,67864
0,0.2084,521059
0,0.2084,531708
0,0.2084,803047
0,0.2085,10150
0,0.2085,10564
0,0.2085,13442
0,0.2085,519946
0,0.2085,933913
0,0.2086,10080
0,0.2086,10278
0,0.2086,12095
0,0.2086,12923
0,0.2086,15514
0,0.2086,17286
0,0.2086,26901
0,0.2086,27296
0,0.2086,167019
0,0.2086,808803
0,0.2087,10184
0,0.2087,12398
0,0.2087,16529
0,0.2088,10041
0,0.2088,11967
0,0.2088,12358
0,0.2088,19902
0,0.2088,20780
0,0.2088,55630
0,0.2088,148994
0,0.2088,511828
0,0.2088,523675
0,0.2088,800631
0,0.2088,803683
0,0.2089,10356
0,0.2089,11213
0,0.2089,26576
0,0.2089,30807
0,0.2089,40768
0,0.2089,57591
0,0.2089,805335
0,0.2089,806500
0,0.2090,10969
0,0.2090,11032
0,0.2090,11750
0,0.2090,12565
0,0.2090,17177
0,0.2090,19118
0,0.2090,20144
0,0.2090,20818
0,0.2090,20831
0,0.2090,68489
0,0.2090,800190
0,0.2090,906378
0,0.2091,11423
0,0.2091,12355
0,0.2091,26284
0,0.2091,42241
0,0.2091,522387
0,0.2091,800606
0,0.2091,802174
0,0.2092,522468
0,0.2092,909608
0,0.2093,10110
0,0.2094,10815
0,0.2094,529498
0,0.2094,808183
0,0.2095,805244
0,0.2096,512328
0,0.2096,527588
0,0.2097,12388
0,0.2097,16430
0,0.2097,19760
0,0.2097,516110
0,0.2098,12064
0,0.2098,19189
0,0.2098,36704
0,0.2098,519720
0,0.2098,522853
0,0.2098,524761
0,0.2098,802549
0,0.2099,10160
0,0.2099,11458
0,0.2099,157371
0,0.2099,513283
0,0.2099,515757
0,0.2100,23325
0,0.2100,35743
0,0.2100,117817
0,0.2100,520641
0,0.2101,48096
0,0.2101,511823
0,0.2101,512319
0,0.2101,514405
0,0.2101,521538
0,0.2102,10166
0,0.2102,800496
0,0.2103,10044
0,0.2103,11192
0,0.2103,19405
0,0.2103,529385
0,0.2103,801895
0,0.2104,800397
0,0.2104,801491
0,0.2105,10559
0,0.2105,12189
0,0.2105,58394
0,0.2105,800061
0,0.2105,801021
0,0.2105,805372
0,0.2106,11495
0,0.2106,12104
0,0.2106,23273
0,0.2106,38847
0,0.2106,801994
0,0.2107,10167
0,0.2107,10269
0,0.2107,10898
0,0.2107,804003
0,0.2109,12654
0,0.2109,549229
0,0.2109,903654
0,0.2110,12506
0,0.2110,34949
0,0.2110,802137
0,0.2110,804524
0,0.2110,906635
0,0.2111,10873
0,0.2111,800847
0,0.2111,904400
0,0.2112,14464
0,0.2112,16506
0,0.2112,18744
0,0.2112,555340
0,0.2112,802554
0,0.2112,903852
0,0.2113,11142
0,0.2113,15274
0,0.2113,49002
0,0.2113,514988
0,0.2113,543506
0,0.2113,803013
0,0.2114,10351
0,0.2114,11166
0,0.2114,11825
0,0.2114,13317
0,0.2114,517548
0,0.2114,803241
0,0.2115,11497
0,0.2115,12710
0,0.2115,16473
0,0.2115,524091
0,0.2115,529811
0,0.2115,800056
0,0.2115,800145
0,0.2116,13771
0,0.2116,21692
0,0.2116,45969
0,0.2116,80175
0,0.2116,515933
0,0.2116,519443
0,0.2116,537032
0,0.2116,908017
0,0.2117,14686
0,0.2117,26417
0,0.2117,38706
0,0.2117,65472
0,0.2117,519399
0,0.2117,803070
0,0.2117,814430
0,0.2118,37142
0,0.2118,70651
0,0.2118,174420
0,0.2118,195264
0,0.2118,804588
0,0.2118,935000
0,0.2119,10809
0,0.2119,11614
0,0.2119,13079
0,0.2119,26862
0,0.2119,28010
0,0.2120,10099
0,0.2120,14093
0,0.2120,18419
0,0.2120,555342
0,0.2120,801140
0,0.2120,807825
0,0.2120,903086
0,0.2121,14192
0,0.2121,15364
0,0.2121,17508
0,0.2121,20145
0,0.2121,76194
0,0.2121,800890
0,0.2121,804770
0,0.2121,804840
0,0.2122,20545
0,0.2122,512106
0,0.2122,518194
0,0.2123,555344
0,0.2123,801705
0,0.2123,803049
0,0.2124,25792
0,0.2124,222777
0,0.2124,801998
0,0.2124,932796
0,0.2125,11849
0,0.2125,14133
0,0.2125,800342
0,0.2125,801071
0,0.2125,801730
0,0.2125,804850
0,0.2126,32258
0,0.2126,813104
0,0.2127,801295
0,0.2127,907468
0,0.2128,10052
0,0.2128,14286
0,0.2128,517512
0,0.2128,519895
0,0.2129,10107
0,0.2129,63923
0,0.2130,21227
0,0.2130,27975
0,0.2130,53086
0,0.2130,804132
0,0.2130,809081
0,0.2131,14881
0,0.2131,16659
0,0.2131,80867
0,0.2131,813076
0,0.2133,13985
0,0.2133,512927
0,0.2133,571495
0,0.2133,574357
0,0.2134,10051
0,0.2134,29939
0,0.2134,152496
0,0.2134,521814
0,0.2135,10908
0,0.2135,11324
0,0.2135,25939
0,0.2136,10663
0,0.2136,21932
0,0.2136,23601
0,0.2136,166368
0,0.2136,515760
0,0.2136,800743
0,0.2137,10531
0,0.2137,18779
0,0.2137,800928
0,0.2138,907554
0,0.2139,13559
0,0.2139,13877
0,0.2139,14766
0,0.2139,15176
0,0.2139,19306
0,0.2139,558781
0,0.2139,810492
0,0.2139,904043
0,0.2140,10114
0,0.2141,10255
0,0.2141,14434
0,0.2141,802955
0,0.2142,10302
0,0.2142,10420
0,0.2142,12088
0,0.2142,13442
0,0.2142,22240
0,0.2142,521059
0,0.2142,530435
0,0.2142,801848
0,0.2142,906717
0,0.2143,18504
0,0.2143,26741
0,0.2143,804532
0,0.2143,804901
0,0.2143,807146
0,0.2144,10969
0,0.2144,13018
0,0.2144,802039
0,0.2145,86264
0,0.2146,11280
0,0.2146,805489
0,0.2147,11222
0,0.2147,514045
0,0.2147,802544
0,0.2148,10776
0,0.2148,11053
0,0.2148,524717
0,0.2148,529519
0,0.2148,800906
0,0.2149,17173
0,0.2149,27296
0,0.2149,512357
0,0.2149,802252
0,0.2150,10612
0,0.2150,12025
0,0.2150,13471
0,0.2150,39095
0,0.2150,801713
0,0.2150,934454
0,0.2151,580736
0,0.2152,521536
0,0.2152,800949
0,0.2153,12730
0,0.2153,518690
0,0.2153,803582
0,0.2154,10138
0,0.2154,14486
0,0.2154,17454
0,0.2154,33224
0,0.2154,520210
0,0.2155,19218
0,0.2155,21918
0,0.2155,40390
0,0.2155,814115
0,0.2156,512513
0,0.2157,23619
0,0.2157,524596
0,0.2157,806083
0,0.2158,10136
0,0.2158,18156
0,0.2159,10243
0,0.2159,20468
0,0.2159,20818
0,0.2159,39813
0,0.2159,521171
0,0.2160,13568
0,0.2160,14040
0,0.2161,12358
0,0.2161,14096
0,0.2161,18932
0,0.2161,23325
0,0.2161,815281
0,0.2162,10285
0,0.2162,13829
0,0.2162,24382
0,0.2162,807047
0,0.2163,12753
0,0.2163,42231
0,0.2164,31735
0,0.2164,800892
0,0.2164,812884
0,0.2165,23273
0,0.2166,10676
0,0.2166,19760
0,0.2166,235061
0,0.2166,513401
0,0.2167,18419
0,0.2167,515130
0,0.2167,519132
0,0.2167,907978
0,0.2167,936810
0,0.2168,11001
0,0.2168,15514
0,0.2168,512928
0,0.2168,523776
0,0.2169,10185
0,0.2169,18744
0,0.2169,19189
0,0.2170,12104
0,0.2171,10150
0,0.2171,513283
0,0.2172,12506
0,0.2172,13317
0,0.2172,13613
0,0.2172,42059
0,0.2172,522815
0,0.2173,529385
0,0.2174,20831
0,0.2174,805227
0,0.2175,34949
0,0.2175,511828
0,0.2175,519140
0,0.2175,519946
0,0.2176,18601
0,0.2176,519328
0,0.2177,12398
0,0.2178,523675
0,0.2178,537899
0,0.2178,808183
0,0.2178,819096
0,0.2178,936838
0,0.2179,519616
0,0.2180,10658
0,0.2180,25763
0,0.2180,37142
0,0.2180,514405
0,0.2180,522760
0,0.2181,15458
0,0.2181,26417
0,0.2181,30807
0,0.2182,28791
0,0.2182,52728
0,0.2182,511823
0,0.2183,13217
0,0.2183,15163
0,0.2183,25184
0,0.2184,514997
0,0.2185,15616
0,0.2185,32258
0,0.2185,35743
0,0.2185,55527
0,0.2185,515675
0,0.2185,517548
0,0.2186,76194
0,0.2186,520812
0,0.2186,521813
0,0.2186,524073
0,0.2187,20185
0,0.2187,512305
0,0.2188,11856
0,0.2188,30310
0,0.2188,519865
0,0.2188,523786
0,0.2189,16274
0,0.2189,19615
0,0.2189,512927
0,0.2190,10099
0,0.2190,58394
0,0.2190,84758
0,0.2190,521814
0,0.2190,523863
0,0.2190,524606
0,0.2191,16862
0,0.2191,18779
0,0.2191,513463
0,0.2191,521466
0,0.2191,524761
0,0.2192,10041
0,0.2192,10593
0,0.2192,10914
0,0.2192,22122
0,0.2192,30068
0,0.2193,15905
0,0.2193,29135
0,0.2194,10687
0,0.2194,12993
0,0.2194,18504
0,0.2194,515933
0,0.2194,517512
0,0.2195,14881
0,0.2195,45427
0,0.2195,47922
0,0.2195,549229
0,0.2196,17691
0,0.2196,25792
0,0.2196,556346
0,0.2197,53086
0,0.2197,519144
0,0.2198,12183
0,0.2198,17244
0,0.2198,518194
0,0.2199,10847
0,0.2199,11403
0,0.2199,22240
0,0.2199,25939
0,0.2199,38706
0,0.2199,41801
0,0.2199,513520
0,0.2200,13442
0,0.2200,514045
0,0.2201,10494
0,0.2201,12155
0,0.2201,13295
0,0.2201,13872
0,0.2201,21637
0,0.2201,45024
0,0.2202,10537
0,0.2202,10564
0,0.2202,34683
0,0.2202,513033
0,0.2202,801970
0,0.2203,14507
0,0.2203,16360
0,0.2203,19618
0,0.2203,48335
0,0.2203,519941
0,0.2203,520581
0,0.2204,14727
0,0.2204,16781
0,0.2205,10679
0,0.2205,11255
0,0.2205,12131
0,0.2205,294178
0,0.2206,10969
0,0.2207,10447
0,0.2207,15176
0,0.2207,19290
0,0.2207,23601
0,0.2207,521812
0,0.2208,11307
0,0.2208,11503
0,0.2208,15713
0,0.2208,40888
0,0.2208,58481
0,0.2208,88342
0,0.2208,514125
0,0.2208,521409
0,0.2209,17801
0,0.2209,21932
0,0.2209,27296
0,0.2209,40390
0,0.2209,46073
0,0.2209,513284
0,0.2209,522974
0,0.2210,10378
0,0.2210,10539
0,0.2210,12506
0,0.2210,54440
0,0.2210,803683
0,0.2211,11723
0,0.2211,11874
0,0.2211,13559
0,0.2211,14434
0,0.2211,19825
0,0.2212,13844
0,0.2212,14871
0,0.2214,10879
0,0.2214,23325
0,0.2214,29713
0,0.2214,69704
0,0.2214,514596
0,0.2215,18932
0,0.2215,22084
0,0.2215,131313
0,0.2215,215209
0,0.2216,516110
0,0.2217,15362
0,0.2217,24382
0,0.2217,512514
0,0.2217,520210
0,0.2217,520817
0,0.2218,17419
0,0.2218,23619
0,0.2218,531862
0,0.2219,19760
0,0.2219,23273
0,0.2219,512513
0,0.2219,805532
0,0.2220,10226
0,0.2220,11053
0,0.2220,12104
0,0.2220,12358
0,0.2220,20715
0,0.2220,20818
0,0.2220,36384
0,0.2220,172666
0,0.2220,515760
0,0.2220,517763
0,0.2221,522994
0,0.2221,524074
0,0.2221,524717
0,0.2221,555342
0,0.2221,556347
0,0.2222,11319
0,0.2222,12654
0,0.2222,14552
0,0.2222,14729
0,0.2222,14816
0,0.2222,39813
0,0.2222,555176
0,0.2223,10110
0,0.2223,19189
0,0.2223,51159
0,0.2224,11989
0,0.2224,13985
0,0.2224,513283
0,0.2225,13434
0,0.2225,17454
0,0.2226,10099
0,0.2226,10497
0,0.2226,17402
0,0.2226,27725
0,0.2226,37058
0,0.2226,38268
0,0.2226,51555
0,0.2226,59969
0,0.2227,195264
0,0.2227,512928
0,0.2227,519347
0,0.2227,529385
0,0.2228,12809
0,0.2228,13317
0,0.2228,92188
0,0.2228,513464
0,0.2228,520818
0,0.2229,526298
0,0.2230,13490
0,0.2230,16540
0,0.2230,18744
0,0.2230,18823
0,0.2230,35324
0,0.2230,517417
0,0.2231,70651
0,0.2231,107195
0,0.2231,174420
0,0.2231,515294
0,0.2232,11155
0,0.2232,15851
0,0.2232,26798
0,0.2232,513517
0,0.2232,529318
0,0.2233,12055
0,0.2233,14482
0,0.2233,22884
0,0.2233,54443
0,0.2233,513499
0,0.2233,515234
0,0.2233,805244
0,0.2234,23281
0,0.2234,26718
0,0.2234,519332
0,0.2235,15398
0,0.2235,16553
0,0.2235,17379
0,0.2235,18419
0,0.2235,21692
0,0.2235,454614
0,0.2235,531708
0,0.2236,16110
0,0.2236,58834
0,0.2237,15399
0,0.2237,31681
0,0.2237,803732
0,0.2238,10513
0,0.2238,11712
0,0.2238,32258
0,0.2238,34949
0,0.2238,162599
0,0.2239,18156
0,0.2239,18327
0,0.2239,67864
0,0.2239,813104
0,0.2240,15495
0,0.2240,17024
0,0.2240,26417
0,0.2240,39413
0,0.2240,511842
0,0.2241,17726
0,0.2241,17835
0,0.2241,76194
0,0.2241,170407
0,0.2241,434891
0,0.2241,511841
0,0.2241,512319
0,0.2241,512927
0,0.2241,519140
0,0.2241,519328
0,0.2242,10356
0,0.2242,11184
0,0.2242,15458
0,0.2242,16180
0,0.2242,18779
0,0.2242,20007
0,0.2242,30371
0,0.2243,18016
0,0.2243,22166
0,0.2243,46764
0,0.2243,61590
0,0.2243,514405
0,0.2243,515961
0,0.2243,517548
0,0.2244,11326
0,0.2244,15237
0,0.2244,15904
0,0.2244,521814
0,0.2244,567101
0,0.2244,813076
0,0.2245,12006
0,0.2245,18504
0,0.2245,20402
0,0.2245,59776
0,0.2246,15839
0,0.2246,22243
0,0.2246,28791
0,0.2246,523816
0,0.2246,574357
0,0.2247,10285
0,0.2247,10624
0,0.2247,19767
0,0.2248,12506
0,0.2248,19921
0,0.2248,20581
0,0.2248,25184
0,0.2248,25709
0,0.2248,26136
0,0.2248,801478
0,0.2249,14464
0,0.2249,15210
0,0.2249,30807
0,0.2249,35743
0,0.2249,511857
0,0.2249,527653
0,0.2250,12485
0,0.2250,18726
0,0.2250,20774
0,0.2250,21567
0,0.2250,141161
0,0.2251,11908
0,0.2251,14881
0,0.2251,21296
0,0.2251,28406
0,0.2251,36524
0,0.2251,231168
0,0.2251,235061
0,0.2251,267437
0,0.2251,551294
0,0.2252,10638
0,0.2252,11603
0,0.2252,18165
0,0.2252,39753
0,0.2252,40213
0,0.2252,936810
0,0.2253,19982
0,0.2253,25939
0,0.2253,29340
0,0.2254,23854
0,0.2254,514045
0,0.2254,802955
0,0.2255,10150
0,0.2255,15514
0,0.2255,49869
0,0.2256,12398
0,0.2256,27296
0,0.2256,95935
0,0.2256,520115
0,0.2257,13360
0,0.2257,13442
0,0.2257,13760
0,0.2257,20678
0,0.2258,25797
0,0.2258,37142
0,0.2258,803599
0,0.2259,10041
0,0.2259,10428
0,0.2259,18730
0,0.2259,511828
0,0.2259,522992
0,0.2259,523675
0,0.2259,918582
0,0.2260,13732
0,0.2260,511778
0,0.2260,515232
0,0.2260,523776
0,0.2260,525066
0,0.2261,12091
0,0.2261,16008
0,0.2261,20620
0,0.2261,20831
0,0.2261,24122
0,0.2261,45134
0,0.2262,25792
0,0.2263,24828
0,0.2263,514997
0,0.2264,46262
0,0.2264,520817
0,0.2264,580329
0,0.2265,10099
0,0.2265,10404
0,0.2265,10479
0,0.2265,11699
0,0.2265,20945
0,0.2265,34652
0,0.2265,533411
0,0.2266,13158
0,0.2266,511844
0,0.2266,808183
0,0.2267,11878
0,0.2267,19452
0,0.2267,20664
0,0.2267,67174
0,0.2267,222777
0,0.2267,518194
0,0.2267,518513
0,0.2268,11199
0,0.2268,512608
0,0.2268,524761
0,0.2269,12355
0,0.2269,15955
0,0.2269,29806
0,0.2269,69319
0,0.2270,10185
0,0.2270,10420
0,0.2270,11947
0,0.2270,14215
0,0.2270,53618
0,0.2270,511823
0,0.2271,11375
0,0.2271,18054
0,0.2272,23325
0,0.2272,40768
0,0.2272,45839
0,0.2272,514180
0,0.2273,10061
0,0.2273,10603
0,0.2273,15932
0,0.2274,14194
0,0.2274,520155
0,0.2275,27806
0,0.2275,41743
0,0.2275,516256
0,0.2276,17419
0,0.2276,25552
0,0.2276,36730
0,0.2276,37105
0,0.2276,516110
0,0.2277,32315
0,0.2277,524902
0,0.2278,10820
0,0.2278,13273
0,0.2278,30310
0,0.2278,35978
0,0.2279,10110
0,0.2279,10370
0,0.2279,12104
0,0.2279,19616
0,0.2279,65472
0,0.2279,537027
0,0.2280,19760
0,0.2280,24016
0,0.2280,40390
0,0.2280,58394
0,0.2280,555344
0,0.2280,801319
0,0.2281,10222
0,0.2281,10255
0,0.2281,16274
0,0.2281,23703
0,0.2281,519865
0,0.2282,18790
0,0.2282,42241
0,0.2282,529207
0,0.2282,802781
0,0.2282,905617
0,0.2283,23273
0,0.2284,10825
0,0.2284,10830
0,0.2284,549229
0,0.2284,815205
0,0.2285,14127
0,0.2285,25359
0,0.2285,26607
0,0.2285,53086
0,0.2285,805489
0,0.2286,10207
0,0.2286,10969
0,0.2286,13317
0,0.2286,53190
0,0.2286,164863
0,0.2286,574147
0,0.2286,904983
0,0.2287,21932
0,0.2287,24857
0,0.2288,13559
0,0.2288,532909
0,0.2289,512328
0,0.2289,516369
0,0.2289,519365
0,0.2290,13007
0,0.2290,14093
0,0.2290,15361
0,0.2290,16735
0,0.2290,18932
0,0.2290,78573
0,0.2291,10107
0,0.2291,14259
0,0.2291,19189
0,0.2291,23601
0,0.2292,11750
0,0.2292,16087
0,0.2292,21568
0,0.2292,803582
0,0.2293,11142
0,0.2293,14434
0,0.2293,15176
0,0.2293,512930
0,0.2294,155188
0,0.2295,11497
0,0.2295,14206
0,0.2295,533103
0,0.2295,555259
0,0.2296,19215
0,0.2296,513283
0,0.2296,520210
0,0.2297,11182
0,0.2297,522387
0,0.2298,512858
0,0.2299,15566
0,0.2299,63923
0,0.2300,11306
0,0.2300,11495
0,0.2300,99882
0,0.2301,10137
0,0.2301,11025
0,0.2301,16210
0,0.2301,19334
0,0.2301,28010
0,0.2301,42700
0,0.2301,520641
0,0.2302,55527
0,0.2302,521059
0,0.2302,553194
0,0.2303,12943
0,0.2303,23619
0,0.2303,514988
0,0.2303,517512
0,0.2304,14040
0,0.2304,16493
0,0.2304,21496
0,0.2304,523506
0,0.2304,812884
0,0.2305,10295
0,0.2305,10537
0,0.2305,11254
0,0.2305,11625
0,0.2305,512390
0,0.2305,514596
0,0.2306,10241
0,0.2306,13450
0,0.2306,13692
0,0.2306,14643
0,0.2306,32258
0,0.2308,10205
0,0.2308,12095
0,0.2309,10497
0,0.2309,11070
0,0.2309,20818
0,0.2310,30498
0,0.2311,13877
0,0.2312,10986
0,0.2312,11717
0,0.2312,14223
0,0.2312,519399
0,0.2312,521814
0,0.2314,13442
0,0.2314,24232
0,0.2314,520642
0,0.2314,803007
0,0.2315,10290
0,0.2315,12358
0,0.2315,801816
0,0.2316,12858
0,0.2316,18744
0,0.2317,16642
0,0.2317,529498
0,0.2317,805227
0,0.2318,12297
0,0.2318,13456
0,0.2318,521701
0,0.2320,12327
0,0.2320,24382
0,0.2320,70088
0,0.2320,512927
0,0.2320,513378
0,0.2321,526612
0,0.2321,802652
0,0.2322,17454
0,0.2322,56308
0,0.2322,520367
0,0.2323,10041
0,0.2323,11784
0,0.2323,519890
0,0.2323,522738
0,0.2324,13301
0,0.2324,25792
0,0.2324,522809
0,0.2325,18128
0,0.2325,20185
0,0.2325,38847
0,0.2325,555340
0,0.2326,22240
0,0.2327,13371
0,0.2327,18504
0,0.2327,20545
0,0.2327,529603
0,0.2328,10018
0,0.2328,11447
0,0.2328,16579
0,0.2328,514045
0,0.2328,523821
0,0.2329,10658
0,0.2330,10638
0,0.2330,10687
0,0.2330,35743
0,0.2330,521374
0,0.2331,19720
0,0.2331,47107
0,0.2331,515933
0,0.2332,10072
0,0.2332,11795
0,0.2332,12584
0,0.2332,16781
0,0.2332,18779
0,0.2332,29116
0,0.2332,518194
0,0.2332,571495
0,0.2333,10011
0,0.2333,11338
0,0.2333,559141
0,0.2334,16473
0,0.2334,18419
0,0.2334,18601
0,0.2334,26417
0,0.2334,512077
0,0.2336,12252
0,0.2336,13327
0,0.2336,14881
0,0.2336,530435
0,0.2337,13219
0,0.2337,533529
0,0.2338,10226
0,0.2338,13013
0,0.2338,27725
0,0.2338,235061
0,0.2338,531862
0,0.2339,517548
0,0.2339,523863
0,0.2339,936810
0,0.2340,13773
0,0.2340,16754
0,0.2340,25939
0,0.2340,27296
0,0.2340,29135
0,0.2340,803129
0,0.2340,814430
0,0.2341,15514
0,0.2341,23325
0,0.2341,38454
0,0.2341,521536
0,0.2341,808159
0,0.2342,34187
0,0.2342,64180
0,0.2343,10150
0,0.2343,514677
0,0.2343,529125
0,0.2344,13864
0,0.2344,174420
0,0.2344,520194
0,0.2345,15212
0,0.2345,16380
0,0.2345,33038
0,0.2345,70651
0,0.2345,522974
0,0.2345,558854
0,0.2346,10517
0,0.2346,12194
0,0.2346,12298
0,0.2346,13568
0,0.2346,20831
0,0.2346,21719
0,0.2346,38706
0,0.2346,195264
0,0.2346,529489
0,0.2346,800056
0,0.2347,12429
0,0.2347,12506
0,0.2347,12730
0,0.2347,13607
0,0.2347,13800
0,0.2347,23654
0,0.2347,514405
0,0.2347,522715
0,0.2348,11166
0,0.2348,11723
0,0.2348,519363
0,0.2349,11419
0,0.2349,13317
0,0.2349,15362
0,0.2349,28791
0,0.2349,511828
0,0.2349,519818
0,0.2350,12398
0,0.2350,17173
0,0.2350,22122
0,0.2350,808183
0,0.2351,11194
0,0.2351,22185
0,0.2351,523675
0,0.2352,19327
0,0.2352,76194
0,0.2352,803860
0,0.2353,12088
0,0.2353,16506
0,0.2353,26353
0,0.2353,383941
0,0.2353,512390
0,0.2353,819096
0,0.2354,11416
0,0.2354,12104
0,0.2354,511823
0,0.2354,511839
0,0.2354,529385
0,0.2354,813104
0,0.2355,10760
0,0.2355,18156
0,0.2355,519132
0,0.2356,10027
0,0.2356,10099
0,0.2356,15163
0,0.2356,16493
0,0.2356,519896
0,0.2356,1050014552
0,0.2357,10057
0,0.2357,17508
0,0.2358,13989
0,0.2358,14766
0,0.2358,34949
0,0.2359,15680
0,0.2359,45024
0,0.2359,522706
0,0.2359,813076
0,0.2360,14664
0,0.2360,14869
0,0.2360,31735
0,0.2360,532909
0,0.2360,574357
0,0.2361,11746
0,0.2361,11925
0,0.2361,19189
0,0.2362,23273
0,0.2362,39813
0,0.2362,513283
0,0.2362,519228
0,0.2362,524717
0,0.2362,805532
0,0.2363,33075
0,0.2363,519944
0,0.2363,524761
0,0.2364,20818
0,0.2364,517512
0,0.2365,10457
0,0.2365,12368
0,0.2366,11255
0,0.2366,16707
0,0.2366,53086
0,0.2367,15937
0,0.2367,537032
0,0.2368,10830
0,0.2368,15351
0,0.2368,23601
0,0.2368,58394
0,0.2368,512357
0,0.2368,521814
0,0.2369,10844
0,0.2369,11221
0,0.2369,12358
0,0.2369,512750
0,0.2369,527588
0,0.2370,11188
0,0.2370,14434
0,0.2370,15176
0,0.2371,10868
0,0.2371,15458
0,0.2371,21932
0,0.2372,10414
0,0.2372,18889
0,0.2372,18932
0,0.2372,23619
0,0.2372,512927
0,0.2373,13559
0,0.2373,18744
0,0.2373,40390
0,0.2373,802955
0,0.2374,19760
0,0.2374,32258
0,0.2374,514125
0,0.2374,524412
0,0.2375,24382
0,0.2376,13442
0,0.2376,814115
0,0.2377,27413
0,0.2378,10839
0,0.2379,13184
0,0.2379,524893
0,0.2380,25184
0,0.2381,517852
0,0.2381,805244
0,0.2382,10108
0,0.2382,16642
0,0.2382,30310
0,0.2383,523497
0,0.2383,802174
0,0.2383,815281
0,0.2384,10294
0,0.2384,12151
0,0.2384,18504
0,0.2384,22240
0,0.2385,12107
0,0.2385,18779
0,0.2385,21637
0,0.2385,55527
0,0.2385,72491
0,0.2385,514997
0,0.2386,523776
0,0.2387,10845
0,0.2387,11365
0,0.2387,13229
0,0.2387,14482
0,0.2387,800412
0,0.2388,14276
0,0.2388,14830
0,0.2388,513463
0,0.2388,932322
0,0.2389,17454
0,0.2389,515757
0,0.2390,10834
0,0.2390,10969
0,0.2390,13217
0,0.2390,21296
0,0.2390,555727
0,0.2391,514045
0,0.2391,518194
0,0.2392,454614
0,0.2392,520210
0,0.2393,12159
0,0.2393,30807
0,0.2393,936838
0,0.2394,11145
0,0.2394,11458
0,0.2394,45427
0,0.2394,529603
0,0.2395,10110
0,0.2395,25792
0,0.2395,215209
0,0.2396,26417
0,0.2397,14881
0,0.2397,16862
0,0.2397,23325
0,0.2397,35743
0,0.2397,517101
0,0.2397,519144
0,0.2398,11500
0,0.2399,10888
0,0.2399,28186
0,0.2399,526298
0,0.2399,801998
0,0.2400,520115
0,0.2401,15616
0,0.2401,25939
0,0.2401,84758
0,0.2401,549229
0,0.2402,10054
0,0.2402,11764
0,0.2402,12565
0,0.2402,13295
0,0.2402,515675
0,0.2403,15514
0,0.2403,512305
0,0.2403,521813
0,0.2404,14727
0,0.2405,12506
0,0.2405,13317
0,0.2405,15905
0,0.2405,15950
0,0.2406,10150
0,0.2406,11445
0,0.2406,12787
0,0.2406,18508
0,0.2406,37142
0,0.2406,520812
0,0.2406,523786
0,0.2406,524073
0,0.2407,18419
0,0.2407,21849
0,0.2408,17162
0,0.2408,39095
0,0.2408,803982
0,0.2409,11176
0,0.2409,16781
0,0.2409,513033
0,0.2409,517548
0,0.2410,10099
0,0.2410,11618
0,0.2411,12097
0,0.2411,932796
0,0.2412,20468
0,0.2413,10205
0,0.2413,11878
0,0.2413,12104
0,0.2413,17938
0,0.2414,14223
0,0.2414,19290
0,0.2414,28791
0,0.2415,10676
0,0.2415,13877
0,0.2415,19982
0,0.2415,222777
0,0.2415,519230
0,0.2416,12180
0,0.2417,19616
0,0.2417,24671
0,0.2417,29135
0,0.2417,59776
0,0.2417,514405
0,0.2418,10207
0,0.2418,10652
0,0.2418,11213
0,0.2418,522974
0,0.2419,11199
0,0.2419,16579
0,0.2419,22072
0,0.2419,27296
0,0.2419,513284
0,0.2420,10539
0,0.2420,11874
0,0.2420,519140
0,0.2421,14871
0,0.2421,20818
0,0.2421,22084
0,0.2421,38706
0,0.2421,512928
0,0.2421,514489
0,0.2421,522809
0,0.2421,555342
0,0.2422,18156
0,0.2422,19189
0,0.2422,513283
0,0.2422,529385
0,0.2423,23273
0,0.2423,521409
0,0.2423,556591
0,0.2423,801295
0,0.2424,10852
0,0.2424,44005
0,0.2424,58834
0,0.2424,76194
0,0.2424,513520
0,0.2424,801970
0,0.2425,10109
0,0.2425,16244
0,0.2426,11503
0,0.2426,12923
0,0.2426,520817
0,0.2427,11485
0,0.2427,18956
0,0.2427,34683
0,0.2427,235061
0,0.2428,10800
0,0.2428,34949
0,0.2429,12358
0,0.2429,13442
0,0.2429,521814
0,0.2429,936810
0,0.2430,152496
0,0.2430,512927
0,0.2431,12140
0,0.2431,13760
0,0.2431,24382
0,0.2432,805489
0,0.2433,19541
0,0.2433,19760
0,0.2434,11805
0,0.2434,46073
0,0.2434,383941
0,0.2435,11344
0,0.2435,12398
0,0.2435,511828
0,0.2435,523675
0,0.2436,12993
0,0.2436,15176
0,0.2436,23619
0,0.2436,39813
0,0.2436,174420
0,0.2436,521633
0,0.2436,802461
0,0.2437,13860
0,0.2437,14415
0,0.2437,20831
0,0.2437,23601
0,0.2437,32258
0,0.2437,524717
0,0.2437,555176
0,0.2437,814010
0,0.2438,14192
0,0.2438,18932
0,0.2439,11053
0,0.2439,18135
0,0.2439,64180
0,0.2439,172666
0,0.2439,517512
0,0.2440,10097
0,0.2440,11455
0,0.2440,21932
0,0.2440,25481
0,0.2440,42509
0,0.2440,53086
0,0.2440,526612
0,0.2441,14552
0,0.2441,18779
0,0.2441,22884
0,0.2441,61921
0,0.2441,512513
0,0.2441,513517
0,0.2441,513537
0,0.2441,522354
0,0.2441,522738
0,0.2442,10554
0,0.2442,10735
0,0.2442,14434
0,0.2442,18744
0,0.2442,511756
0,0.2442,514045
0,0.2442,516110
0,0.2442,808183
0,0.2443,10969
0,0.2443,12954
0,0.2443,27117
0,0.2443,40390
0,0.2444,10836
0,0.2444,20715
0,0.2444,105436
0,0.2444,518194
0,0.2444,519132
0,0.2444,556346
0,0.2445,17402
0,0.2445,17706
0,0.2445,294178
0,0.2445,515933
0,0.2445,524761
0,0.2446,10099
0,0.2446,11186
0,0.2446,12166
0,0.2446,12506
0,0.2446,13559
0,0.2446,21277
0,0.2446,519328
0,0.2447,11750
0,0.2447,17419
0,0.2447,511823
0,0.2447,518690
0,0.2447,812884
0,0.2448,10935
0,0.2448,11211
0,0.2448,11989
0,0.2448,15458
0,0.2448,17691
0,0.2448,19306
0,0.2449,18504
0,0.2449,30310
0,0.2449,511797
0,0.2449,513464
0,0.2449,520581
0,0.2450,11967
0,0.2450,12297
0,0.2450,15587
0,0.2450,16360
0,0.2450,71503
0,0.2450,88342
0,0.2451,10699
0,0.2451,12264
0,0.2452,12656
0,0.2452,13613
0,0.2452,17454
0,0.2452,519131
0,0.2453,10003
0,0.2453,23325
0,0.2453,58394
0,0.2453,523372
0,0.2454,14067
0,0.2454,29713
0,0.2454,51159
0,0.2454,92188
0,0.2454,522815
0,0.2455,14881
0,0.2455,22240
0,0.2455,512514
0,0.2455,519347
0,0.2455,533529
0,0.2456,10624
0,0.2456,14509
0,0.2456,15616
0,0.2456,23281
0,0.2456,26417
0,0.2456,31681
0,0.2456,36235
0,0.2456,511778
0,0.2456,512390
0,0.2457,11433
0,0.2457,11886
0,0.2457,513463
0,0.2457,519346
0,0.2458,10927
0,0.2458,23654
0,0.2458,25939
0,0.2458,518513
0,0.2459,10497
0,0.2459,13317
0,0.2459,19825
0,0.2459,107195
0,0.2459,532909
0,0.2460,10285
0,0.2460,11634
0,0.2460,15904
0,0.2460,50327
0,0.2460,195264
0,0.2461,13217
0,0.2461,14869
0,0.2461,25184
0,0.2461,519941
0,0.2461,520818
0,0.2461,529571
0,0.2461,805227
0,0.2462,11307
0,0.2462,13985
0,0.2462,15495
0,0.2463,11614
0,0.2463,19355
0,0.2463,19902
0,0.2463,23315
0,0.2463,30068
0,0.2463,39102
0,0.2463,70651
0,0.2463,513033
0,0.2464,12159
0,0.2464,16180
0,0.2464,80867
0,0.2464,517763
0,0.2464,520812
0,0.2465,10816
0,0.2465,11074
0,0.2465,84758
0,0.2466,11933
0,0.2466,12104
0,0.2466,14507
0,0.2466,522853
0,0.2467,10754
0,0.2467,15145
0,0.2467,512006
0,0.2467,515675
0,0.2467,801895
0,0.2468,11326
0,0.2468,14727
0,0.2468,15713
0,0.2468,16493
0,0.2468,17024
0,0.2468,24232
0,0.2468,34188
0,0.2468,52728
0,0.2468,131313
0,0.2468,520210
0,0.2468,524073
0,0.2469,10185
0,0.2469,10513
0,0.2469,21449
0,0.2469,22461
0,0.2469,45024
0,0.2469,45427
0,0.2469,45969
0,0.2469,512305
0,0.2469,522745
0,0.2469,527653
0,0.2470,10416
0,0.2470,16343
0,0.2470,511955
0,0.2470,517548
0,0.2470,521812
0,0.2471,10061
0,0.2471,13434
0,0.2471,555342
0,0.2472,11497
0,0.2472,12025
0,0.2472,16110
0,0.2472,20007
0,0.2472,21645
0,0.2472,46764
0,0.2472,523786
0,0.2472,813104
0,0.2473,11706
0,0.2473,15398
0,0.2473,30371
0,0.2473,63923
0,0.2473,519946
0,0.2474,10537
0,0.2474,11416
0,0.2474,16473
0,0.2474,25792
0,0.2474,39753
0,0.2474,434891
0,0.2474,514125
0,0.2474,514997
0,0.2474,515961
0,0.2475,18419
0,0.2475,19569
0,0.2475,19900
0,0.2475,35743
0,0.2475,47035
0,0.2475,51555
0,0.2475,512319
0,0.2475,522715
0,0.2476,10041
0,0.2476,11222
0,0.2476,12178
0,0.2476,16553
0,0.2476,20945
0,0.2476,23197
0,0.2476,48335
0,0.2476,574147
0,0.2476,574357
0,0.2476,813076
0,0.2477,11255
0,0.2477,11779
0,0.2477,13013
0,0.2477,15839
0,0.2477,23080
0,0.2477,100809
0,0.2477,511841
0,0.2477,522992
0,0.2477,537027
0,0.2478,10324
0,0.2478,11699
0,0.2478,11987
0,0.2478,18823
0,0.2478,514126
0,0.2478,521197
0,0.2478,525062
0,0.2479,10009
0,0.2479,10046
0,0.2479,14306
0,0.2479,20605
0,0.2479,32315
0,0.2479,68489
0,0.2479,517059
0,0.2479,519144
0,0.2479,529318
0,0.2480,10072
0,0.2480,10503
0,0.2480,11324
0,0.2480,14464
0,0.2480,17143
0,0.2480,519443
0,0.2481,10616
0,0.2481,14936
0,0.2481,17379
0,0.2481,512357
0,0.2481,519331
0,0.2481,521538
0,0.2482,23273
0,0.2482,30807
0,0.2482,520641
0,0.2482,521813
0,0.2482,800718
0,0.2483,10099
0,0.2483,10138
0,0.2483,12506
0,0.2483,13864
0,0.2483,20664
0,0.2483,24122
0,0.2483,808456
0,0.2484,10479
0,0.2484,11051
0,0.2484,11184
0,0.2484,25797
0,0.2484,40888
0,0.2484,524033
0,0.2485,13442
0,0.2485,19189
0,0.2485,515294
0,0.2485,802955
0,0.2486,10150
0,0.2486,10177
0,0.2486,15514
0,0.2486,20818
0,0.2486,24382
0,0.2486,34607
0,0.2486,55527
0,0.2486,76194
0,0.2486,522972
0,0.2487,10969
0,0.2487,11340
0,0.2487,13724
0,0.2487,14871
0,0.2487,18744
0,0.2487,512927
0,0.2487,513283
0,0.2487,523776
0,0.2487,529385
0,0.2488,10113
0,0.2488,10564
0,0.2488,11495
0,0.2488,12358
0,0.2488,17753
0,0.2488,20755
0,0.2488,37142
0,0.2488,42890
0,0.2488,521814
0,0.2488,522991
0,0.2489,10440
0,0.2489,27296
0,0.2489,523806
0,0.2490,11142
0,0.2490,16781
0,0.2490,36704
0,0.2490,514045
0,0.2491,17177
0,0.2491,28791
0,0.2491,40390
0,0.2491,515130
0,0.2491,516110
0,0.2491,523636
0,0.2492,10011
0,0.2492,10260
0,0.2492,15176
0,0.2492,20774
0,0.2492,23619
0,0.2493,15887
0,0.2493,16641
0,0.2493,16869
0,0.2493,18779
0,0.2493,21932
0,0.2493,34949
0,0.2493,514405
0,0.2493,519818
0,0.2494,13607
0,0.2494,14137
0,0.2494,16008
0,0.2494,518194
0,0.2494,520817
0,0.2494,527588
0,0.2495,14223
0,0.2495,18601
0,0.2495,55630
0,0.2495,62207
0,0.2495,529603
0,0.2496,10868
0,0.2496,12044
0,0.2496,12654
0,0.2496,17419
0,0.2496,19760
0,0.2496,22084
0,0.2496,116799
0,0.2497,10494
0,0.2497,14816
0,0.2497,114607
0,0.2498,10269
0,0.2498,12006
0,0.2498,15361
0,0.2498,20185
0,0.2498,20233
0,0.2498,520115
0,0.2498,537032
0,0.2499,20715
0,0.2499,521701
0,0.2499,524596
