trial,t_ms,flywire_id,v_mv
0,0.0,10001,-52.000
0,0.0,10010,-52.000
0,0.1,10001,-52.000
0,0.1,10010,-52.000
0,0.2,10001,-52.000
0,0.2,10010,-52.000
0,0.3,10001,-52.000
0,0.3,10010,-52.000
0,0.4,10001,-52.000
0,0.4,10010,-52.000
0,0.5,10001,-52.000
0,0.5,10010,-52.000
0,0.6,10001,-52.000
0,0.6,10010,-52.000
0,0.7,10001,-52.000
0,0.7,10010,-52.000
0,0.8,10001,-52.000
0,0.8,10010,-52.000
0,0.9,10001,-52.000
0,0.9,10010,-52.000
0,1.0,10001,-52.000
0,1.0,10010,-52.000
0,1.1,10001,-52.000
0,1.1,10010,-52.000
0,1.2,10001,-52.000
0,1.2,10010,-52.000
0,1.3,10001,-52.000
0,1.3,10010,-52.000
0,1.4,10001,-52.000
0,1.4,10010,-52.000
0,1.5,10001,-52.000
0,1.5,10010,-52.000
0,1.6,10001,-52.000
0,1.6,10010,-52.000
0,1.7,10001,-52.000
0,1.7,10010,-52.000
0,1.8,10001,-51.968
0,1.8,10010,-52.000
0,1.9,10001,-51.911
0,1.9,10010,-51.947
0,2.0,10001,-51.771
0,2.0,10010,-51.855
0,2.1,10001,-51.552
0,2.1,10010,-51.725
0,2.2,10001,-51.287
0,2.2,10010,-51.456
0,2.3,10001,-50.868
0,2.3,10010,-51.148
0,2.4,10001,-50.423
0,2.4,10010,-50.763
0,2.5,10001,-49.974
0,2.5,10010,-50.281
0,2.6,10001,-49.524
0,2.6,10010,-49.812
0,2.7,10001,-49.053
0,2.7,10010,-49.286
0,2.8,10001,-48.487
0,2.8,10010,-48.703
0,2.9,10001,-47.880
0,2.9,10010,-48.058
0,3.0,10001,-47.213
0,3.0,10010,-47.316
0,3.1,10001,-46.518
0,3.1,10010,-46.553
0,3.2,10001,-45.840
0,3.2,10010,-45.810
0,3.3,10001,-45.128
0,3.3,10010,-44.889
0,3.4,10001,-44.374
0,3.4,10010,-52.000
0,3.5,10001,-52.000
0,3.5,10010,-52.000
0,3.6,10001,-52.000
0,3.6,10010,-52.000
0,3.7,10001,-52.000
0,3.7,10010,-52.000
0,3.8,10001,-52.000
0,3.8,10010,-52.000
0,3.9,10001,-52.000
0,3.9,10010,-52.000
0,4.0,10001,-52.000
0,4.0,10010,-52.000
0,4.1,10001,-52.000
0,4.1,10010,-52.000
0,4.2,10001,-52.000
0,4.2,10010,-52.000
0,4.3,10001,-52.000
0,4.3,10010,-52.000
0,4.4,10001,-52.000
0,4.4,10010,-52.000
0,4.5,10001,-52.000
0,4.5,10010,-52.000
0,4.6,10001,-52.000
0,4.6,10010,-52.000
0,4.7,10001,-52.000
0,4.7,10010,-52.000
0,4.8,10001,-52.000
0,4.8,10010,-52.000
0,4.9,10001,-52.000
0,4.9,10010,-52.000
0,5.0,10001,-52.000
0,5.0,10010,-52.000
0,5.1,10001,-52.000
0,5.1,10010,-52.000
0,5.2,10001,-52.000
0,5.2,10010,-52.000
0,5.3,10001,-52.000
0,5.3,10010,-52.000
0,5.4,10001,-52.000
0,5.4,10010,-52.000
0,5.5,10001,-52.000
0,5.5,10010,-52.000
0,5.6,10001,-52.000
0,5.6,10010,-51.973
0,5.7,10001,-51.889
0,5.7,10010,-51.774
0,5.8,10001,-51.613
0,5.8,10010,-51.316
0,5.9,10001,-51.265
0,5.9,10010,-50.669
0,6.0,10001,-50.829
0,6.0,10010,-49.978
0,6.1,10001,-50.322
0,6.1,10010,-49.291
0,6.2,10001,-49.796
0,6.2,10010,-48.479
0,6.3,10001,-49.142
0,6.3,10010,-47.508
0,6.4,10001,-48.620
0,6.4,10010,-46.482
0,6.5,10001,-47.929
0,6.5,10010,-45.434
0,6.6,10001,-46.888
0,6.6,10010,-44.178
0,6.7,10001,-45.739
0,6.7,10010,-52.000
0,6.8,10001,-44.324
0,6.8,10010,-52.000
0,6.9,10001,-52.000
0,6.9,10010,-52.000
0,7.0,10001,-52.000
0,7.0,10010,-52.000
0,7.1,10001,-52.000
0,7.1,10010,-52.000
0,7.2,10001,-52.000
0,7.2,10010,-52.000
0,7.3,10001,-52.000
0,7.3,10010,-52.000
0,7.4,10001,-52.000
0,7.4,10010,-52.000
0,7.5,10001,-52.000
0,7.5,10010,-52.000
0,7.6,10001,-52.000
0,7.6,10010,-52.000
0,7.7,10001,-52.000
0,7.7,10010,-52.000
0,7.8,10001,-52.000
0,7.8,10010,-52.000
0,7.9,10001,-52.000
0,7.9,10010,-52.000
0,8.0,10001,-52.000
0,8.0,10010,-52.000
0,8.1,10001,-52.000
0,8.1,10010,-52.000
0,8.2,10001,-52.000
0,8.2,10010,-52.000
0,8.3,10001,-52.000
0,8.3,10010,-52.000
0,8.4,10001,-52.000
0,8.4,10010,-52.000
0,8.5,10001,-52.000
0,8.5,10010,-52.000
0,8.6,10001,-52.000
0,8.6,10010,-52.000
0,8.7,10001,-52.000
0,8.7,10010,-52.000
0,8.8,10001,-52.000
0,8.8,10010,-52.000
0,8.9,10001,-52.000
0,8.9,10010,-52.000
0,9.0,10001,-52.000
0,9.0,10010,-52.000
0,9.1,10001,-52.000
0,9.1,10010,-52.000
0,9.2,10001,-52.000
0,9.2,10010,-52.000
0,9.3,10001,-52.000
0,9.3,10010,-52.000
0,9.4,10001,-52.000
0,9.4,10010,-52.000
0,9.5,10001,-51.808
0,9.5,10010,-51.800
0,9.6,10001,-51.621
0,9.6,10010,-51.605
0,9.7,10001,-51.443
0,9.7,10010,-51.468
0,9.8,10001,-51.270
0,9.8,10010,-51.333
0,9.9,10001,-51.069
0,9.9,10010,-51.202
0,10.0,10001,-50.747
0,10.0,10010,-50.905
0,10.1,10001,-50.438
0,10.1,10010,-50.470
0,10.2,10001,-50.016
0,10.2,10010,-49.990
0,10.3,10001,-49.604
0,10.3,10010,-49.523
0,10.4,10001,-49.186
0,10.4,10010,-49.109
0,10.5,10001,-48.751
0,10.5,10010,-48.706
0,10.6,10001,-48.202
0,10.6,10010,-48.310
0,10.7,10001,-47.672
0,10.7,10010,-47.924
0,10.8,10001,-47.163
0,10.8,10010,-47.548
0,10.9,10001,-46.668
0,10.9,10010,-47.182
0,11.0,10001,-46.124
0,11.0,10010,-46.825
0,11.1,10001,-45.123
0,11.1,10010,-46.407
0,11.2,10001,-44.191
0,11.2,10010,-46.064
0,11.3,10001,-52.000
0,11.3,10010,-45.730
0,11.4,10001,-52.000
0,11.4,10010,-45.409
0,11.5,10001,-52.000
0,11.5,10010,-44.449
0,11.6,10001,-52.000
0,11.6,10010,-52.000
0,11.7,10001,-52.000
0,11.7,10010,-52.000
0,11.8,10001,-52.000
0,11.8,10010,-52.000
0,11.9,10001,-52.000
0,11.9,10010,-52.000
0,12.0,10001,-52.000
0,12.0,10010,-52.000
0,12.1,10001,-52.000
0,12.1,10010,-52.000
0,12.2,10001,-52.000
0,12.2,10010,-52.000
0,12.3,10001,-52.000
0,12.3,10010,-52.000
0,12.4,10001,-52.000
0,12.4,10010,-52.000
0,12.5,10001,-52.000
0,12.5,10010,-52.000
0,12.6,10001,-52.000
0,12.6,10010,-52.000
0,12.7,10001,-52.000
0,12.7,10010,-52.000
0,12.8,10001,-52.000
0,12.8,10010,-52.000
0,12.9,10001,-52.000
0,12.9,10010,-52.000
0,13.0,10001,-52.000
0,13.0,10010,-52.000
0,13.1,10001,-52.000
0,13.1,10010,-52.000
0,13.2,10001,-52.000
0,13.2,10010,-52.000
0,13.3,10001,-52.000
0,13.3,10010,-52.000
0,13.4,10001,-52.000
0,13.4,10010,-52.000
0,13.5,10001,-52.021
0,13.5,10010,-52.000
0,13.6,10001,-52.042
0,13.6,10010,-52.000
0,13.7,10001,-52.018
0,13.7,10010,-52.000
0,13.8,10001,-51.993
0,13.8,10010,-51.981
0,13.9,10001,-51.968
0,13.9,10010,-51.962
0,14.0,10001,-51.927
0,14.0,10010,-51.940
0,14.1,10001,-51.888
0,14.1,10010,-51.920
0,14.2,10001,-51.849
0,14.2,10010,-51.900
0,14.3,10001,-51.811
0,14.3,10010,-51.880
0,14.4,10001,-51.915
0,14.4,10010,-52.007
0,14.5,10001,-52.016
0,14.5,10010,-52.157
0,14.6,10001,-52.115
0,14.6,10010,-52.309
0,14.7,10001,-52.211
0,14.7,10010,-52.457
0,14.8,10001,-52.305
0,14.8,10010,-52.601
0,14.9,10001,-52.396
0,14.9,10010,-52.742
0,15.0,10001,-52.485
0,15.0,10010,-52.879
0,15.1,10001,-52.572
0,15.1,10010,-53.012
0,15.2,10001,-52.657
0,15.2,10010,-53.146
0,15.3,10001,-52.796
0,15.3,10010,-53.333
0,15.4,10001,-52.932
0,15.4,10010,-53.515
0,15.5,10001,-53.064
0,15.5,10010,-53.706
0,15.6,10001,-53.243
0,15.6,10010,-53.892
0,15.7,10001,-53.422
0,15.7,10010,-54.052
0,15.8,10001,-53.597
0,15.8,10010,-54.207
0,15.9,10001,-53.767
0,15.9,10010,-54.374
0,16.0,10001,-53.932
0,16.0,10010,-54.536
0,16.1,10001,-54.094
0,16.1,10010,-54.694
0,16.2,10001,-54.126
0,16.2,10010,-54.702
0,16.3,10001,-54.158
0,16.3,10010,-54.707
0,16.4,10001,-54.219
0,16.4,10010,-54.711
0,16.5,10001,-54.279
0,16.5,10010,-54.715
0,16.6,10001,-54.335
0,16.6,10010,-54.719
0,16.7,10001,-54.390
0,16.7,10010,-54.723
0,16.8,10001,-54.445
0,16.8,10010,-54.726
0,16.9,10001,-54.498
0,16.9,10010,-54.729
0,17.0,10001,-54.550
0,17.0,10010,-54.731
0,17.1,10001,-54.600
0,17.1,10010,-54.729
0,17.2,10001,-54.634
0,17.2,10010,-54.726
0,17.3,10001,-54.666
0,17.3,10010,-54.723
0,17.4,10001,-54.698
0,17.4,10010,-54.721
0,17.5,10001,-54.728
0,17.5,10010,-54.717
0,17.6,10001,-54.757
0,17.6,10010,-54.714
0,17.7,10001,-54.786
0,17.7,10010,-54.711
0,17.8,10001,-54.813
0,17.8,10010,-54.707
0,17.9,10001,-54.840
0,17.9,10010,-54.703
0,18.0,10001,-54.873
0,18.0,10010,-54.699
0,18.1,10001,-54.906
0,18.1,10010,-54.695
0,18.2,10001,-54.934
0,18.2,10010,-54.690
0,18.3,10001,-54.962
0,18.3,10010,-54.686
0,18.4,10001,-54.989
0,18.4,10010,-54.681
0,18.5,10001,-55.024
0,18.5,10010,-54.676
0,18.6,10001,-55.058
0,18.6,10010,-54.671
0,18.7,10001,-55.092
0,18.7,10010,-54.666
0,18.8,10001,-55.124
0,18.8,10010,-54.661
0,18.9,10001,-55.154
0,18.9,10010,-54.656
0,19.0,10001,-55.184
0,19.0,10010,-54.650
0,19.1,10001,-55.213
0,19.1,10010,-54.645
0,19.2,10001,-55.241
0,19.2,10010,-54.639
0,19.3,10001,-55.268
0,19.3,10010,-54.633
0,19.4,10001,-55.422
0,19.4,10010,-54.627
0,19.5,10001,-55.573
0,19.5,10010,-54.621
0,19.6,10001,-55.720
0,19.6,10010,-54.615
0,19.7,10001,-55.862
0,19.7,10010,-54.608
0,19.8,10001,-56.001
0,19.8,10010,-54.602
0,19.9,10001,-56.136
0,19.9,10010,-54.595
0,20.0,10001,-56.267
0,20.0,10010,-54.589
0,20.1,10001,-56.394
0,20.1,10010,-54.582
0,20.2,10001,-56.518
0,20.2,10010,-54.580
0,20.3,10001,-56.639
0,20.3,10010,-54.577
0,20.4,10001,-56.756
0,20.4,10010,-54.574
0,20.5,10001,-56.869
0,20.5,10010,-54.571
0,20.6,10001,-56.980
0,20.6,10010,-54.568
0,20.7,10001,-57.087
0,20.7,10010,-54.563
0,20.8,10001,-57.191
0,20.8,10010,-54.558
0,20.9,10001,-57.238
0,20.9,10010,-53.900
0,21.0,10001,-57.291
0,21.0,10010,-53.257
0,21.1,10001,-57.341
0,21.1,10010,-52.630
0,21.2,10001,-57.325
0,21.2,10010,-51.830
0,21.3,10001,-57.308
0,21.3,10010,-51.049
0,21.4,10001,-57.291
0,21.4,10010,-50.288
0,21.5,10001,-57.274
0,21.5,10010,-49.546
0,21.6,10001,-57.257
0,21.6,10010,-48.835
0,21.7,10001,-57.240
0,21.7,10010,-48.142
0,21.8,10001,-57.222
0,21.8,10010,-47.467
0,21.9,10001,-57.205
0,21.9,10010,-46.809
0,22.0,10001,-57.188
0,22.0,10010,-46.166
0,22.1,10001,-57.170
0,22.1,10010,-45.540
0,22.2,10001,-57.152
0,22.2,10010,-44.929
0,22.3,10001,-57.135
0,22.3,10010,-52.000
0,22.4,10001,-57.117
0,22.4,10010,-52.000
0,22.5,10001,-57.099
0,22.5,10010,-52.000
0,22.6,10001,-57.081
0,22.6,10010,-52.000
0,22.7,10001,-57.063
0,22.7,10010,-52.000
0,22.8,10001,-57.045
0,22.8,10010,-52.000
0,22.9,10001,-57.029
0,22.9,10010,-52.000
0,23.0,10001,-57.013
0,23.0,10010,-52.000
0,23.1,10001,-56.996
0,23.1,10010,-52.000
0,23.2,10001,-56.980
0,23.2,10010,-52.000
0,23.3,10001,-56.963
0,23.3,10010,-52.000
0,23.4,10001,-56.946
0,23.4,10010,-52.000
0,23.5,10001,-56.929
0,23.5,10010,-52.000
0,23.6,10001,-56.912
0,23.6,10010,-52.000
0,23.7,10001,-56.895
0,23.7,10010,-52.000
0,23.8,10001,-56.878
0,23.8,10010,-52.000
0,23.9,10001,-56.861
0,23.9,10010,-52.000
0,24.0,10001,-56.844
0,24.0,10010,-52.000
0,24.1,10001,-56.827
0,24.1,10010,-52.000
0,24.2,10001,-56.810
0,24.2,10010,-52.000
0,24.3,10001,-56.793
0,24.3,10010,-52.000
0,24.4,10001,-56.780
0,24.4,10010,-52.000
0,24.5,10001,-56.767
0,24.5,10010,-52.000
0,24.6,10001,-56.753
0,24.6,10010,-52.004
0,24.7,10001,-56.740
0,24.7,10010,-52.007
0,24.8,10001,-56.727
0,24.8,10010,-52.010
0,24.9,10001,-56.700
0,24.9,10010,-52.014
0,25.0,10001,-56.673
0,25.0,10010,-52.017
0,25.1,10001,-56.646
0,25.1,10010,-52.020
0,25.2,10001,-56.620
0,25.2,10010,-52.023
0,25.3,10001,-56.579
0,25.3,10010,-52.026
0,25.4,10001,-56.538
0,25.4,10010,-52.024
0,25.5,10001,-56.498
0,25.5,10010,-52.023
0,25.6,10001,-56.459
0,25.6,10010,-52.021
0,25.7,10001,-56.420
0,25.7,10010,-52.020
0,25.8,10001,-56.382
0,25.8,10010,-52.019
0,25.9,10001,-56.344
0,25.9,10010,-52.017
0,26.0,10001,-56.304
0,26.0,10010,-52.016
0,26.1,10001,-56.264
0,26.1,10010,-52.015
0,26.2,10001,-56.225
0,26.2,10010,-52.013
0,26.3,10001,-56.187
0,26.3,10010,-52.012
0,26.4,10001,-56.149
0,26.4,10010,-52.011
0,26.5,10001,-56.112
0,26.5,10010,-52.010
0,26.6,10001,-56.075
0,26.6,10010,-52.009
0,26.7,10001,-56.039
0,26.7,10010,-52.007
0,26.8,10001,-56.003
0,26.8,10010,-52.006
0,26.9,10001,-55.968
0,26.9,10010,-52.005
0,27.0,10001,-55.935
0,27.0,10010,-52.008
0,27.1,10001,-55.904
0,27.1,10010,-52.010
0,27.2,10001,-55.872
0,27.2,10010,-52.013
0,27.3,10001,-55.841
0,27.3,10010,-52.015
0,27.4,10001,-55.811
0,27.4,10010,-52.017
0,27.5,10001,-55.780
0,27.5,10010,-52.019
0,27.6,10001,-55.751
0,27.6,10010,-52.021
0,27.7,10001,-55.721
0,27.7,10010,-52.023
0,27.8,10001,-55.692
0,27.8,10010,-52.024
0,27.9,10001,-55.663
0,27.9,10010,-52.024
0,28.0,10001,-55.635
0,28.0,10010,-52.024
0,28.1,10001,-55.607
0,28.1,10010,-52.024
0,28.2,10001,-55.579
0,28.2,10010,-52.025
0,28.3,10001,-55.552
0,28.3,10010,-52.025
0,28.4,10001,-55.524
0,28.4,10010,-52.025
0,28.5,10001,-55.498
0,28.5,10010,-52.039
0,28.6,10001,-55.471
0,28.6,10010,-52.052
0,28.7,10001,-55.445
0,28.7,10010,-52.064
0,28.8,10001,-55.419
0,28.8,10010,-52.077
0,28.9,10001,-55.394
0,28.9,10010,-52.089
0,29.0,10001,-55.369
0,29.0,10010,-52.101
0,29.1,10001,-55.344
0,29.1,10010,-52.113
0,29.2,10001,-55.319
0,29.2,10010,-52.124
0,29.3,10001,-55.295
0,29.3,10010,-52.135
0,29.4,10001,-55.270
0,29.4,10010,-52.145
0,29.5,10001,-55.247
0,29.5,10010,-52.156
0,29.6,10001,-55.223
0,29.6,10010,-52.166
0,29.7,10001,-55.200
0,29.7,10010,-52.176
0,29.8,10001,-55.177
0,29.8,10010,-52.185
0,29.9,10001,-55.154
0,29.9,10010,-52.098
0,30.0,10001,-55.131
0,30.0,10010,-52.013
0,30.1,10001,-55.109
0,30.1,10010,-51.931
0,30.2,10001,-55.087
0,30.2,10010,-51.850
0,30.3,10001,-55.065
0,30.3,10010,-51.771
0,30.4,10001,-55.044
0,30.4,10010,-51.695
0,30.5,10001,-55.022
0,30.5,10010,-51.620
0,30.6,10001,-54.988
0,30.6,10010,-51.547
0,30.7,10001,-54.954
0,30.7,10010,-51.476
0,30.8,10001,-54.921
0,30.8,10010,-51.406
0,30.9,10001,-54.888
0,30.9,10010,-51.339
0,31.0,10001,-54.856
0,31.0,10010,-51.273
0,31.1,10001,-54.824
0,31.1,10010,-51.209
0,31.2,10001,-54.793
0,31.2,10010,-51.147
0,31.3,10001,-54.762
0,31.3,10010,-51.086
0,31.4,10001,-54.732
0,31.4,10010,-51.027
0,31.5,10001,-54.702
0,31.5,10010,-50.969
0,31.6,10001,-54.673
0,31.6,10010,-50.913
0,31.7,10001,-54.644
0,31.7,10010,-50.858
0,31.8,10001,-54.616
0,31.8,10010,-50.805
0,31.9,10001,-54.588
0,31.9,10010,-50.753
0,32.0,10001,-54.561
0,32.0,10010,-50.703
0,32.1,10001,-54.534
0,32.1,10010,-50.654
0,32.2,10001,-54.507
0,32.2,10010,-50.606
0,32.3,10001,-54.481
0,32.3,10010,-50.560
0,32.4,10001,-54.455
0,32.4,10010,-50.515
0,32.5,10001,-54.429
0,32.5,10010,-50.471
0,32.6,10001,-54.404
0,32.6,10010,-50.429
0,32.7,10001,-54.380
0,32.7,10010,-50.387
0,32.8,10001,-54.355
0,32.8,10010,-50.347
0,32.9,10001,-54.331
0,32.9,10010,-50.308
0,33.0,10001,-54.308
0,33.0,10010,-50.270
0,33.1,10001,-54.285
0,33.1,10010,-50.234
0,33.2,10001,-54.262
0,33.2,10010,-50.198
0,33.3,10001,-54.239
0,33.3,10010,-50.163
0,33.4,10001,-54.217
0,33.4,10010,-50.128
0,33.5,10001,-54.195
0,33.5,10010,-50.094
0,33.6,10001,-54.174
0,33.6,10010,-50.060
0,33.7,10001,-54.152
0,33.7,10010,-50.028
0,33.8,10001,-54.132
0,33.8,10010,-49.992
0,33.9,10001,-54.096
0,33.9,10010,-49.958
0,34.0,10001,-54.061
0,34.0,10010,-49.924
0,34.1,10001,-54.027
0,34.1,10010,-49.892
0,34.2,10001,-53.993
0,34.2,10010,-49.860
0,34.3,10001,-53.960
0,34.3,10010,-49.830
0,34.4,10001,-53.928
0,34.4,10010,-49.800
0,34.5,10001,-53.896
0,34.5,10010,-49.772
0,34.6,10001,-53.865
0,34.6,10010,-49.744
0,34.7,10001,-53.834
0,34.7,10010,-49.717
0,34.8,10001,-53.804
0,34.8,10010,-49.691
0,34.9,10001,-53.772
0,34.9,10010,-49.666
0,35.0,10001,-53.740
0,35.0,10010,-49.642
0,35.1,10001,-53.710
0,35.1,10010,-49.619
0,35.2,10001,-53.679
0,35.2,10010,-49.596
0,35.3,10001,-53.650
0,35.3,10010,-49.575
0,35.4,10001,-53.620
0,35.4,10010,-49.554
0,35.5,10001,-53.592
0,35.5,10010,-49.533
0,35.6,10001,-53.564
0,35.6,10010,-49.514
0,35.7,10001,-53.536
0,35.7,10010,-49.495
0,35.8,10001,-53.509
0,35.8,10010,-49.477
0,35.9,10001,-53.483
0,35.9,10010,-49.460
0,36.0,10001,-53.457
0,36.0,10010,-49.443
0,36.1,10001,-53.431
0,36.1,10010,-49.427
0,36.2,10001,-53.406
0,36.2,10010,-49.412
0,36.3,10001,-53.369
0,36.3,10010,-49.397
0,36.4,10001,-53.332
0,36.4,10010,-49.383
0,36.5,10001,-53.296
0,36.5,10010,-49.370
0,36.6,10001,-53.260
0,36.6,10010,-49.357
0,36.7,10001,-53.226
0,36.7,10010,-49.345
0,36.8,10001,-53.192
0,36.8,10010,-49.333
0,36.9,10001,-53.158
0,36.9,10010,-49.322
0,37.0,10001,-53.126
0,37.0,10010,-49.311
0,37.1,10001,-53.094
0,37.1,10010,-49.301
0,37.2,10001,-53.063
0,37.2,10010,-49.291
0,37.3,10001,-53.033
0,37.3,10010,-49.282
0,37.4,10001,-53.003
0,37.4,10010,-49.274
0,37.5,10001,-52.974
0,37.5,10010,-49.266
0,37.6,10001,-52.945
0,37.6,10010,-49.258
0,37.7,10001,-52.917
0,37.7,10010,-49.251
0,37.8,10001,-52.890
0,37.8,10010,-49.244
0,37.9,10001,-52.863
0,37.9,10010,-49.238
0,38.0,10001,-52.837
0,38.0,10010,-49.232
0,38.1,10001,-52.811
0,38.1,10010,-49.226
0,38.2,10001,-52.786
0,38.2,10010,-49.221
0,38.3,10001,-52.762
0,38.3,10010,-49.217
0,38.4,10001,-52.738
0,38.4,10010,-49.212
0,38.5,10001,-52.714
0,38.5,10010,-49.209
0,38.6,10001,-52.691
0,38.6,10010,-49.205
0,38.7,10001,-52.669
0,38.7,10010,-49.202
0,38.8,10001,-52.647
0,38.8,10010,-49.199
0,38.9,10001,-52.625
0,38.9,10010,-49.197
0,39.0,10001,-52.604
0,39.0,10010,-49.195
0,39.1,10001,-52.584
0,39.1,10010,-49.191
0,39.2,10001,-52.564
0,39.2,10010,-49.188
0,39.3,10001,-52.544
0,39.3,10010,-49.185
0,39.4,10001,-52.525
0,39.4,10010,-49.183
0,39.5,10001,-52.506
0,39.5,10010,-49.180
0,39.6,10001,-52.487
0,39.6,10010,-49.179
0,39.7,10001,-52.469
0,39.7,10010,-49.177
0,39.8,10001,-52.452
0,39.8,10010,-49.176
0,39.9,10001,-52.435
0,39.9,10010,-49.175
0,40.0,10001,-52.418
0,40.0,10010,-49.175
0,40.1,10001,-52.401
0,40.1,10010,-49.174
0,40.2,10001,-52.385
0,40.2,10010,-49.174
0,40.3,10001,-52.369
0,40.3,10010,-49.175
0,40.4,10001,-52.354
0,40.4,10010,-49.175
0,40.5,10001,-52.339
0,40.5,10010,-49.176
0,40.6,10001,-52.324
0,40.6,10010,-49.177
0,40.7,10001,-52.310
0,40.7,10010,-49.178
0,40.8,10001,-52.296
0,40.8,10010,-49.180
0,40.9,10001,-52.282
0,40.9,10010,-49.182
0,41.0,10001,-52.269
0,41.0,10010,-49.184
0,41.1,10001,-52.256
0,41.1,10010,-49.186
0,41.2,10001,-52.243
0,41.2,10010,-49.189
0,41.3,10001,-52.230
0,41.3,10010,-49.191
0,41.4,10001,-52.218
0,41.4,10010,-49.194
0,41.5,10001,-52.206
0,41.5,10010,-49.198
0,41.6,10001,-52.195
0,41.6,10010,-49.201
0,41.7,10001,-52.183
0,41.7,10010,-49.204
0,41.8,10001,-52.172
0,41.8,10010,-49.208
0,41.9,10001,-52.161
0,41.9,10010,-49.212
0,42.0,10001,-52.137
0,42.0,10010,-49.216
0,42.1,10001,-52.114
0,42.1,10010,-49.220
0,42.2,10001,-52.091
0,42.2,10010,-49.225
0,42.3,10001,-52.069
0,42.3,10010,-49.229
0,42.4,10001,-52.032
0,42.4,10010,-49.234
0,42.5,10001,-51.997
0,42.5,10010,-49.239
0,42.6,10001,-51.962
0,42.6,10010,-49.240
0,42.7,10001,-51.928
0,42.7,10010,-49.241
0,42.8,10001,-51.894
0,42.8,10010,-49.242
0,42.9,10001,-51.862
0,42.9,10010,-49.243
0,43.0,10001,-51.831
0,43.0,10010,-49.245
0,43.1,10001,-51.797
0,43.1,10010,-49.247
0,43.2,10001,-51.765
0,43.2,10010,-49.249
0,43.3,10001,-51.733
0,43.3,10010,-49.251
0,43.4,10001,-51.702
0,43.4,10010,-49.254
0,43.5,10001,-51.672
0,43.5,10010,-49.256
0,43.6,10001,-51.642
0,43.6,10010,-49.259
0,43.7,10001,-51.614
0,43.7,10010,-49.262
0,43.8,10001,-51.586
0,43.8,10010,-49.266
0,43.9,10001,-51.559
0,43.9,10010,-49.269
0,44.0,10001,-51.533
0,44.0,10010,-49.273
0,44.1,10001,-51.507
0,44.1,10010,-49.277
0,44.2,10001,-51.482
0,44.2,10010,-49.281
0,44.3,10001,-51.457
0,44.3,10010,-49.285
0,44.4,10001,-51.434
0,44.4,10010,-49.290
0,44.5,10001,-51.411
0,44.5,10010,-49.294
0,44.6,10001,-51.388
0,44.6,10010,-49.299
0,44.7,10001,-51.366
0,44.7,10010,-49.304
0,44.8,10001,-51.345
0,44.8,10010,-49.307
0,44.9,10001,-51.325
0,44.9,10010,-49.310
0,45.0,10001,-51.305
0,45.0,10010,-49.314
0,45.1,10001,-51.285
0,45.1,10010,-49.318
0,45.2,10001,-51.266
0,45.2,10010,-49.322
0,45.3,10001,-51.248
0,45.3,10010,-49.326
0,45.4,10001,-51.230
0,45.4,10010,-49.330
0,45.5,10001,-51.213
0,45.5,10010,-49.334
0,45.6,10001,-51.196
0,45.6,10010,-49.339
0,45.7,10001,-51.179
0,45.7,10010,-49.344
0,45.8,10001,-51.163
0,45.8,10010,-49.349
0,45.9,10001,-51.148
0,45.9,10010,-49.354
0,46.0,10001,-51.133
0,46.0,10010,-49.359
0,46.1,10001,-51.119
0,46.1,10010,-49.364
0,46.2,10001,-51.105
0,46.2,10010,-49.369
0,46.3,10001,-51.091
0,46.3,10010,-49.375
0,46.4,10001,-51.078
0,46.4,10010,-49.381
0,46.5,10001,-51.065
0,46.5,10010,-49.386
0,46.6,10001,-51.053
0,46.6,10010,-49.392
0,46.7,10001,-51.041
0,46.7,10010,-49.398
0,46.8,10001,-51.029
0,46.8,10010,-49.404
0,46.9,10001,-51.018
0,46.9,10010,-49.411
0,47.0,10001,-51.007
0,47.0,10010,-49.417
0,47.1,10001,-50.997
0,47.1,10010,-49.423
0,47.2,10001,-50.987
0,47.2,10010,-49.430
0,47.3,10001,-50.977
0,47.3,10010,-49.437
0,47.4,10001,-50.968
0,47.4,10010,-49.443
0,47.5,10001,-50.945
0,47.5,10010,-49.450
0,47.6,10001,-50.924
0,47.6,10010,-49.457
0,47.7,10001,-50.903
0,47.7,10010,-49.464
0,47.8,10001,-50.882
0,47.8,10010,-49.471
0,47.9,10001,-50.863
0,47.9,10010,-49.478
0,48.0,10001,-50.843
0,48.0,10010,-49.485
0,48.1,10001,-50.825
0,48.1,10010,-49.493
0,48.2,10001,-50.807
0,48.2,10010,-49.500
0,48.3,10001,-50.789
0,48.3,10010,-49.507
0,48.4,10001,-50.772
0,48.4,10010,-49.515
0,48.5,10001,-50.756
0,48.5,10010,-49.522
0,48.6,10001,-50.740
0,48.6,10010,-49.530
0,48.7,10001,-50.725
0,48.7,10010,-49.537
0,48.8,10001,-50.710
0,48.8,10010,-49.545
0,48.9,10001,-50.696
0,48.9,10010,-49.553
0,49.0,10001,-50.682
0,49.0,10010,-49.561
0,49.1,10001,-50.669
0,49.1,10010,-49.569
0,49.2,10001,-50.656
0,49.2,10010,-49.576
0,49.3,10001,-50.643
0,49.3,10010,-49.584
0,49.4,10001,-50.631
0,49.4,10010,-49.592
0,49.5,10001,-50.620
0,49.5,10010,-49.600
0,49.6,10001,-50.608
0,49.6,10010,-49.608
0,49.7,10001,-50.598
0,49.7,10010,-49.616
0,49.8,10001,-50.587
0,49.8,10010,-49.625
0,49.9,10001,-50.577
0,49.9,10010,-49.633
0,50.0,10001,-50.568
0,50.0,10010,-49.641
0,50.1,10001,-50.559
0,50.1,10010,-49.649
0,50.2,10001,-50.550
0,50.2,10010,-49.657
0,50.3,10001,-50.541
0,50.3,10010,-49.666
0,50.4,10001,-50.533
0,50.4,10010,-49.672
0,50.5,10001,-50.526
0,50.5,10010,-49.679
0,50.6,10001,-50.518
0,50.6,10010,-49.686
0,50.7,10001,-50.511
0,50.7,10010,-49.692
0,50.8,10001,-50.504
0,50.8,10010,-49.695
0,50.9,10001,-50.483
0,50.9,10010,-49.697
0,51.0,10001,-50.462
0,51.0,10010,-49.700
0,51.1,10001,-50.442
0,51.1,10010,-49.703
0,51.2,10001,-50.422
0,51.2,10010,-49.706
0,51.3,10001,-50.404
0,51.3,10010,-49.709
0,51.4,10001,-50.385
0,51.4,10010,-49.712
0,51.5,10001,-50.368
0,51.5,10010,-49.716
0,51.6,10001,-50.351
0,51.6,10010,-49.719
0,51.7,10001,-50.334
0,51.7,10010,-49.723
0,51.8,10001,-50.316
0,51.8,10010,-49.727
0,51.9,10001,-50.298
0,51.9,10010,-49.731
0,52.0,10001,-50.281
0,52.0,10010,-49.735
0,52.1,10001,-50.264
0,52.1,10010,-49.739
0,52.2,10001,-50.248
0,52.2,10010,-49.744
0,52.3,10001,-50.232
0,52.3,10010,-49.748
0,52.4,10001,-50.217
0,52.4,10010,-49.753
0,52.5,10001,-50.203
0,52.5,10010,-49.758
0,52.6,10001,-50.189
0,52.6,10010,-49.762
0,52.7,10001,-50.176
0,52.7,10010,-49.767
0,52.8,10001,-50.163
0,52.8,10010,-49.772
0,52.9,10001,-50.150
0,52.9,10010,-49.777
0,53.0,10001,-50.139
0,53.0,10010,-49.783
0,53.1,10001,-50.127
0,53.1,10010,-49.788
0,53.2,10001,-50.116
0,53.2,10010,-49.793
0,53.3,10001,-50.092
0,53.3,10010,-49.799
0,53.4,10001,-50.069
0,53.4,10010,-49.804
0,53.5,10001,-50.047
0,53.5,10010,-49.810
0,53.6,10001,-50.026
0,53.6,10010,-49.816
0,53.7,10001,-50.005
0,53.7,10010,-49.821
0,53.8,10001,-49.985
0,53.8,10010,-49.827
0,53.9,10001,-49.966
0,53.9,10010,-49.833
0,54.0,10001,-49.947
0,54.0,10010,-49.839
0,54.1,10001,-49.929
0,54.1,10010,-49.845
0,54.2,10001,-49.912
0,54.2,10010,-49.851
0,54.3,10001,-49.895
0,54.3,10010,-49.858
0,54.4,10001,-49.879
0,54.4,10010,-49.864
0,54.5,10001,-49.863
0,54.5,10010,-49.870
0,54.6,10001,-49.849
0,54.6,10010,-49.877
0,54.7,10001,-49.834
0,54.7,10010,-49.883
0,54.8,10001,-49.821
0,54.8,10010,-49.889
0,54.9,10001,-49.807
0,54.9,10010,-49.896
0,55.0,10001,-49.795
0,55.0,10010,-49.902
0,55.1,10001,-49.783
0,55.1,10010,-49.909
0,55.2,10001,-49.771
0,55.2,10010,-49.916
0,55.3,10001,-49.760
0,55.3,10010,-49.922
0,55.4,10001,-49.749
0,55.4,10010,-49.929
0,55.5,10001,-49.739
0,55.5,10010,-49.936
0,55.6,10001,-49.730
0,55.6,10010,-49.943
0,55.7,10001,-49.720
0,55.7,10010,-49.949
0,55.8,10001,-49.712
0,55.8,10010,-49.956
0,55.9,10001,-49.703
0,55.9,10010,-49.963
0,56.0,10001,-49.696
0,56.0,10010,-49.968
0,56.1,10001,-49.688
0,56.1,10010,-49.974
0,56.2,10001,-49.681
0,56.2,10010,-49.979
0,56.3,10001,-49.674
0,56.3,10010,-49.984
0,56.4,10001,-49.668
0,56.4,10010,-49.990
0,56.5,10001,-49.662
0,56.5,10010,-49.995
0,56.6,10001,-49.657
0,56.6,10010,-50.001
0,56.7,10001,-49.652
0,56.7,10010,-50.006
0,56.8,10001,-49.647
0,56.8,10010,-50.012
0,56.9,10001,-49.643
0,56.9,10010,-50.018
0,57.0,10001,-49.639
0,57.0,10010,-50.024
0,57.1,10001,-49.635
0,57.1,10010,-50.030
0,57.2,10001,-49.632
0,57.2,10010,-50.035
0,57.3,10001,-49.628
0,57.3,10010,-50.041
0,57.4,10001,-49.626
0,57.4,10010,-50.047
0,57.5,10001,-49.623
0,57.5,10010,-50.053
0,57.6,10001,-49.621
0,57.6,10010,-50.060
0,57.7,10001,-49.619
0,57.7,10010,-50.066
0,57.8,10001,-49.618
0,57.8,10010,-50.072
0,57.9,10001,-49.616
0,57.9,10010,-50.078
0,58.0,10001,-49.615
0,58.0,10010,-50.084
0,58.1,10001,-49.614
0,58.1,10010,-50.091
0,58.2,10001,-49.614
0,58.2,10010,-50.097
0,58.3,10001,-49.614
0,58.3,10010,-50.103
0,58.4,10001,-49.614
0,58.4,10010,-50.110
0,58.5,10001,-49.614
0,58.5,10010,-50.116
0,58.6,10001,-49.614
0,58.6,10010,-50.122
0,58.7,10001,-49.615
0,58.7,10010,-50.129
0,58.8,10001,-49.616
0,58.8,10010,-50.135
0,58.9,10001,-49.617
0,58.9,10010,-50.142
0,59.0,10001,-49.605
0,59.0,10010,-50.148
0,59.1,10001,-49.593
0,59.1,10010,-50.155
0,59.2,10001,-49.582
0,59.2,10010,-50.161
0,59.3,10001,-49.557
0,59.3,10010,-50.168
0,59.4,10001,-49.532
0,59.4,10010,-50.175
0,59.5,10001,-49.509
0,59.5,10010,-50.177
0,59.6,10001,-49.486
0,59.6,10010,-50.179
0,59.7,10001,-49.464
0,59.7,10010,-50.182
0,59.8,10001,-49.443
0,59.8,10010,-50.184
0,59.9,10001,-49.422
0,59.9,10010,-50.187
0,60.0,10001,-49.400
0,60.0,10010,-50.190
0,60.1,10001,-49.378
0,60.1,10010,-50.193
0,60.2,10001,-49.357
0,60.2,10010,-50.196
0,60.3,10001,-49.337
0,60.3,10010,-50.199
0,60.4,10001,-49.318
0,60.4,10010,-50.202
0,60.5,10001,-49.300
0,60.5,10010,-50.205
0,60.6,10001,-49.282
0,60.6,10010,-50.209
0,60.7,10001,-49.265
0,60.7,10010,-50.212
0,60.8,10001,-49.248
0,60.8,10010,-50.216
0,60.9,10001,-49.233
0,60.9,10010,-50.219
0,61.0,10001,-49.217
0,61.0,10010,-50.223
0,61.1,10001,-49.203
0,61.1,10010,-50.227
0,61.2,10001,-49.189
0,61.2,10010,-50.231
0,61.3,10001,-49.176
0,61.3,10010,-50.235
0,61.4,10001,-49.164
0,61.4,10010,-50.239
0,61.5,10001,-49.152
0,61.5,10010,-50.243
0,61.6,10001,-49.140
0,61.6,10010,-50.248
0,61.7,10001,-49.129
0,61.7,10010,-50.252
0,61.8,10001,-49.119
0,61.8,10010,-50.254
0,61.9,10001,-49.109
0,61.9,10010,-50.257
0,62.0,10001,-49.100
0,62.0,10010,-50.260
0,62.1,10001,-49.092
0,62.1,10010,-50.263
0,62.2,10001,-49.083
0,62.2,10010,-50.266
0,62.3,10001,-49.076
0,62.3,10010,-50.269
0,62.4,10001,-49.068
0,62.4,10010,-50.272
0,62.5,10001,-49.062
0,62.5,10010,-50.275
0,62.6,10001,-49.055
0,62.6,10010,-50.279
0,62.7,10001,-49.049
0,62.7,10010,-50.282
0,62.8,10001,-49.044
0,62.8,10010,-50.286
0,62.9,10001,-49.039
0,62.9,10010,-50.289
0,63.0,10001,-49.034
0,63.0,10010,-50.293
0,63.1,10001,-49.030
0,63.1,10010,-50.297
0,63.2,10001,-49.027
0,63.2,10010,-50.301
0,63.3,10001,-49.023
0,63.3,10010,-50.305
0,63.4,10001,-49.020
0,63.4,10010,-50.309
0,63.5,10001,-49.018
0,63.5,10010,-50.313
0,63.6,10001,-49.015
0,63.6,10010,-50.317
0,63.7,10001,-49.013
0,63.7,10010,-50.321
0,63.8,10001,-49.012
0,63.8,10010,-50.325
0,63.9,10001,-49.010
0,63.9,10010,-50.330
0,64.0,10001,-49.010
0,64.0,10010,-50.334
0,64.1,10001,-49.009
0,64.1,10010,-50.339
0,64.2,10001,-49.009
0,64.2,10010,-50.343
0,64.3,10001,-49.009
0,64.3,10010,-50.348
0,64.4,10001,-49.009
0,64.4,10010,-50.352
0,64.5,10001,-48.996
0,64.5,10010,-50.357
0,64.6,10001,-48.984
0,64.6,10010,-50.362
0,64.7,10001,-48.973
0,64.7,10010,-50.366
0,64.8,10001,-48.962
0,64.8,10010,-50.371
0,64.9,10001,-48.952
0,64.9,10010,-50.376
0,65.0,10001,-48.942
0,65.0,10010,-50.381
0,65.1,10001,-48.933
0,65.1,10010,-50.386
0,65.2,10001,-48.924
0,65.2,10010,-50.391
0,65.3,10001,-48.916
0,65.3,10010,-50.396
0,65.4,10001,-48.908
0,65.4,10010,-50.401
0,65.5,10001,-48.901
0,65.5,10010,-50.406
0,65.6,10001,-48.894
0,65.6,10010,-50.411
0,65.7,10001,-48.888
0,65.7,10010,-50.416
0,65.8,10001,-48.882
0,65.8,10010,-50.421
0,65.9,10001,-48.877
0,65.9,10010,-50.426
0,66.0,10001,-48.872
0,66.0,10010,-50.432
0,66.1,10001,-48.868
0,66.1,10010,-50.437
0,66.2,10001,-48.864
0,66.2,10010,-50.442
0,66.3,10001,-48.860
0,66.3,10010,-50.447
0,66.4,10001,-48.857
0,66.4,10010,-50.453
0,66.5,10001,-48.854
0,66.5,10010,-50.458
0,66.6,10001,-48.852
0,66.6,10010,-50.463
0,66.7,10001,-48.850
0,66.7,10010,-50.469
0,66.8,10001,-48.848
0,66.8,10010,-50.474
0,66.9,10001,-48.846
0,66.9,10010,-50.479
0,67.0,10001,-48.845
0,67.0,10010,-50.485
0,67.1,10001,-48.845
0,67.1,10010,-50.490
0,67.2,10001,-48.844
0,67.2,10010,-50.496
0,67.3,10001,-48.844
0,67.3,10010,-50.501
0,67.4,10001,-48.845
0,67.4,10010,-50.505
0,67.5,10001,-48.845
0,67.5,10010,-50.509
0,67.6,10001,-48.846
0,67.6,10010,-50.512
0,67.7,10001,-48.847
0,67.7,10010,-50.512
0,67.8,10001,-48.834
0,67.8,10010,-50.512
0,67.9,10001,-48.821
0,67.9,10010,-50.511
0,68.0,10001,-48.809
0,68.0,10010,-50.511
0,68.1,10001,-48.797
0,68.1,10010,-50.511
0,68.2,10001,-48.786
0,68.2,10010,-50.512
0,68.3,10001,-48.775
0,68.3,10010,-50.512
0,68.4,10001,-48.766
0,68.4,10010,-50.512
0,68.5,10001,-48.756
0,68.5,10010,-50.513
0,68.6,10001,-48.747
0,68.6,10010,-50.514
0,68.7,10001,-48.739
0,68.7,10010,-50.515
0,68.8,10001,-48.729
0,68.8,10010,-50.516
0,68.9,10001,-48.719
0,68.9,10010,-50.517
0,69.0,10001,-48.710
0,69.0,10010,-50.518
0,69.1,10001,-48.701
0,69.1,10010,-50.519
0,69.2,10001,-48.693
0,69.2,10010,-50.521
0,69.3,10001,-48.685
0,69.3,10010,-50.523
0,69.4,10001,-48.678
0,69.4,10010,-50.524
0,69.5,10001,-48.672
0,69.5,10010,-50.526
0,69.6,10001,-48.666
0,69.6,10010,-50.528
0,69.7,10001,-48.660
0,69.7,10010,-50.530
0,69.8,10001,-48.655
0,69.8,10010,-50.532
0,69.9,10001,-48.650
0,69.9,10010,-50.534
0,70.0,10001,-48.646
0,70.0,10010,-50.537
0,70.1,10001,-48.642
0,70.1,10010,-50.539
0,70.2,10001,-48.626
0,70.2,10010,-50.541
0,70.3,10001,-48.610
0,70.3,10010,-50.544
0,70.4,10001,-48.595
0,70.4,10010,-50.546
0,70.5,10001,-48.580
0,70.5,10010,-50.549
0,70.6,10001,-48.566
0,70.6,10010,-50.552
0,70.7,10001,-48.553
0,70.7,10010,-50.555
0,70.8,10001,-48.541
0,70.8,10010,-50.558
0,70.9,10001,-48.529
0,70.9,10010,-50.561
0,71.0,10001,-48.518
0,71.0,10010,-50.564
0,71.1,10001,-48.507
0,71.1,10010,-50.567
0,71.2,10001,-48.497
0,71.2,10010,-50.570
0,71.3,10001,-48.488
0,71.3,10010,-50.573
0,71.4,10001,-48.479
0,71.4,10010,-50.577
0,71.5,10001,-48.471
0,71.5,10010,-50.580
0,71.6,10001,-48.464
0,71.6,10010,-50.583
0,71.7,10001,-48.457
0,71.7,10010,-50.587
0,71.8,10001,-48.450
0,71.8,10010,-50.591
0,71.9,10001,-48.444
0,71.9,10010,-50.594
0,72.0,10001,-48.438
0,72.0,10010,-50.598
0,72.1,10001,-48.433
0,72.1,10010,-50.601
0,72.2,10001,-48.429
0,72.2,10010,-50.605
0,72.3,10001,-48.425
0,72.3,10010,-50.609
0,72.4,10001,-48.421
0,72.4,10010,-50.613
0,72.5,10001,-48.418
0,72.5,10010,-50.617
0,72.6,10001,-48.415
0,72.6,10010,-50.621
0,72.7,10001,-48.413
0,72.7,10010,-50.625
0,72.8,10001,-48.411
0,72.8,10010,-50.628
0,72.9,10001,-48.409
0,72.9,10010,-50.633
0,73.0,10001,-48.408
0,73.0,10010,-50.635
0,73.1,10001,-48.407
0,73.1,10010,-50.637
0,73.2,10001,-48.407
0,73.2,10010,-50.640
0,73.3,10001,-48.407
0,73.3,10010,-50.642
0,73.4,10001,-48.407
0,73.4,10010,-50.645
0,73.5,10001,-48.408
0,73.5,10010,-50.647
0,73.6,10001,-48.409
0,73.6,10010,-50.650
0,73.7,10001,-48.410
0,73.7,10010,-50.653
0,73.8,10001,-48.412
0,73.8,10010,-50.656
0,73.9,10001,-48.414
0,73.9,10010,-50.659
0,74.0,10001,-48.416
0,74.0,10010,-50.662
0,74.1,10001,-48.418
0,74.1,10010,-50.665
0,74.2,10001,-48.421
0,74.2,10010,-50.668
0,74.3,10001,-48.424
0,74.3,10010,-50.671
0,74.4,10001,-48.428
0,74.4,10010,-50.674
0,74.5,10001,-48.432
0,74.5,10010,-50.677
0,74.6,10001,-48.436
0,74.6,10010,-50.681
0,74.7,10001,-48.440
0,74.7,10010,-50.684
0,74.8,10001,-48.444
0,74.8,10010,-50.688
0,74.9,10001,-48.449
0,74.9,10010,-50.691
0,75.0,10001,-48.454
0,75.0,10010,-50.694
0,75.1,10001,-48.459
0,75.1,10010,-50.698
0,75.2,10001,-48.464
0,75.2,10010,-50.702
0,75.3,10001,-48.470
0,75.3,10010,-50.705
0,75.4,10001,-48.476
0,75.4,10010,-50.709
0,75.5,10001,-48.482
0,75.5,10010,-50.713
0,75.6,10001,-48.488
0,75.6,10010,-50.716
0,75.7,10001,-48.494
0,75.7,10010,-50.720
0,75.8,10001,-48.501
0,75.8,10010,-50.724
0,75.9,10001,-48.508
0,75.9,10010,-50.728
0,76.0,10001,-48.501
0,76.0,10010,-50.732
0,76.1,10001,-48.496
0,76.1,10010,-50.735
0,76.2,10001,-48.475
0,76.2,10010,-50.739
0,76.3,10001,-48.456
0,76.3,10010,-50.743
0,76.4,10001,-48.437
0,76.4,10010,-50.743
0,76.5,10001,-48.419
0,76.5,10010,-50.743
0,76.6,10001,-48.402
0,76.6,10010,-50.742
0,76.7,10001,-48.386
0,76.7,10010,-50.742
0,76.8,10001,-48.370
0,76.8,10010,-50.742
0,76.9,10001,-48.356
0,76.9,10010,-50.743
0,77.0,10001,-48.339
0,77.0,10010,-50.743
0,77.1,10001,-48.323
0,77.1,10010,-50.743
0,77.2,10001,-48.308
0,77.2,10010,-50.744
0,77.3,10001,-48.293
0,77.3,10010,-50.745
0,77.4,10001,-48.280
0,77.4,10010,-50.745
0,77.5,10001,-48.267
0,77.5,10010,-50.746
0,77.6,10001,-48.254
0,77.6,10010,-50.747
0,77.7,10001,-48.243
0,77.7,10010,-50.748
0,77.8,10001,-48.232
0,77.8,10010,-50.749
0,77.9,10001,-48.221
0,77.9,10010,-50.751
0,78.0,10001,-48.212
0,78.0,10010,-50.752
0,78.1,10001,-48.203
0,78.1,10010,-50.753
0,78.2,10001,-48.194
0,78.2,10010,-50.755
0,78.3,10001,-48.186
0,78.3,10010,-50.757
0,78.4,10001,-48.179
0,78.4,10010,-50.758
0,78.5,10001,-48.172
0,78.5,10010,-50.760
0,78.6,10001,-48.166
0,78.6,10010,-50.762
0,78.7,10001,-48.160
0,78.7,10010,-50.764
0,78.8,10001,-48.155
0,78.8,10010,-50.764
0,78.9,10001,-48.150
0,78.9,10010,-50.764
0,79.0,10001,-48.146
0,79.0,10010,-50.765
0,79.1,10001,-48.142
0,79.1,10010,-50.766
0,79.2,10001,-48.139
0,79.2,10010,-50.766
0,79.3,10001,-48.136
0,79.3,10010,-50.767
0,79.4,10001,-48.134
0,79.4,10010,-50.768
0,79.5,10001,-48.132
0,79.5,10010,-50.769
0,79.6,10001,-48.131
0,79.6,10010,-50.770
0,79.7,10001,-48.130
0,79.7,10010,-50.771
0,79.8,10001,-48.129
0,79.8,10010,-50.772
0,79.9,10001,-48.129
0,79.9,10010,-50.774
0,80.0,10001,-48.129
0,80.0,10010,-50.775
0,80.1,10001,-48.130
0,80.1,10010,-50.777
0,80.2,10001,-48.131
0,80.2,10010,-50.778
0,80.3,10001,-48.132
0,80.3,10010,-50.780
0,80.4,10001,-48.133
0,80.4,10010,-50.782
0,80.5,10001,-48.135
0,80.5,10010,-50.784
0,80.6,10001,-48.138
0,80.6,10010,-50.786
0,80.7,10001,-48.140
0,80.7,10010,-50.788
0,80.8,10001,-48.143
0,80.8,10010,-50.790
0,80.9,10001,-48.146
0,80.9,10010,-50.792
0,81.0,10001,-48.150
0,81.0,10010,-50.794
0,81.1,10001,-48.154
0,81.1,10010,-50.796
0,81.2,10001,-48.158
0,81.2,10010,-50.799
0,81.3,10001,-48.162
0,81.3,10010,-50.801
0,81.4,10001,-48.167
0,81.4,10010,-50.804
0,81.5,10001,-48.159
0,81.5,10010,-50.806
0,81.6,10001,-48.151
0,81.6,10010,-50.809
0,81.7,10001,-48.144
0,81.7,10010,-50.811
0,81.8,10001,-48.137
0,81.8,10010,-50.814
0,81.9,10001,-48.131
0,81.9,10010,-50.817
0,82.0,10001,-48.126
0,82.0,10010,-50.820
0,82.1,10001,-48.121
0,82.1,10010,-50.822
0,82.2,10001,-48.116
0,82.2,10010,-50.825
0,82.3,10001,-48.112
0,82.3,10010,-50.828
0,82.4,10001,-48.109
0,82.4,10010,-50.831
0,82.5,10001,-48.106
0,82.5,10010,-50.834
0,82.6,10001,-48.103
0,82.6,10010,-50.837
0,82.7,10001,-48.101
0,82.7,10010,-50.840
0,82.8,10001,-48.099
0,82.8,10010,-50.843
0,82.9,10001,-48.098
0,82.9,10010,-50.847
0,83.0,10001,-48.097
0,83.0,10010,-50.850
0,83.1,10001,-48.096
0,83.1,10010,-50.853
0,83.2,10001,-48.096
0,83.2,10010,-50.856
0,83.3,10001,-48.097
0,83.3,10010,-50.860
0,83.4,10001,-48.097
0,83.4,10010,-50.863
0,83.5,10001,-48.098
0,83.5,10010,-50.866
0,83.6,10001,-48.100
0,83.6,10010,-50.870
0,83.7,10001,-48.102
0,83.7,10010,-50.873
0,83.8,10001,-48.104
0,83.8,10010,-50.876
0,83.9,10001,-48.106
0,83.9,10010,-50.880
0,84.0,10001,-48.109
0,84.0,10010,-50.883
0,84.1,10001,-48.112
0,84.1,10010,-50.887
0,84.2,10001,-48.116
0,84.2,10010,-50.890
0,84.3,10001,-48.119
0,84.3,10010,-50.894
0,84.4,10001,-48.123
0,84.4,10010,-50.896
0,84.5,10001,-48.128
0,84.5,10010,-50.898
0,84.6,10001,-48.132
0,84.6,10010,-50.900
0,84.7,10001,-48.137
0,84.7,10010,-50.897
0,84.8,10001,-48.127
0,84.8,10010,-50.895
0,84.9,10001,-48.118
0,84.9,10010,-50.893
0,85.0,10001,-48.109
0,85.0,10010,-50.891
0,85.1,10001,-48.101
0,85.1,10010,-50.889
0,85.2,10001,-48.093
0,85.2,10010,-50.888
0,85.3,10001,-48.086
0,85.3,10010,-50.886
0,85.4,10001,-48.080
0,85.4,10010,-50.885
0,85.5,10001,-48.074
0,85.5,10010,-50.884
0,85.6,10001,-48.069
0,85.6,10010,-50.883
0,85.7,10001,-48.064
0,85.7,10010,-50.882
0,85.8,10001,-48.057
0,85.8,10010,-50.881
0,85.9,10001,-48.051
0,85.9,10010,-50.880
0,86.0,10001,-48.045
0,86.0,10010,-50.880
0,86.1,10001,-48.040
0,86.1,10010,-50.879
0,86.2,10001,-48.035
0,86.2,10010,-50.879
0,86.3,10001,-48.031
0,86.3,10010,-50.879
0,86.4,10001,-48.027
0,86.4,10010,-50.879
0,86.5,10001,-48.024
0,86.5,10010,-50.879
0,86.6,10001,-48.021
0,86.6,10010,-50.879
0,86.7,10001,-48.018
0,86.7,10010,-50.880
0,86.8,10001,-48.017
0,86.8,10010,-50.880
0,86.9,10001,-48.015
0,86.9,10010,-50.880
0,87.0,10001,-48.014
0,87.0,10010,-50.881
0,87.1,10001,-48.013
0,87.1,10010,-50.882
0,87.2,10001,-48.013
0,87.2,10010,-50.883
0,87.3,10001,-48.000
0,87.3,10010,-50.883
0,87.4,10001,-47.988
0,87.4,10010,-50.884
0,87.5,10001,-47.976
0,87.5,10010,-50.885
0,87.6,10001,-47.965
0,87.6,10010,-50.887
0,87.7,10001,-47.955
0,87.7,10010,-50.888
0,87.8,10001,-47.945
0,87.8,10010,-50.889
0,87.9,10001,-47.936
0,87.9,10010,-50.890
0,88.0,10001,-47.928
0,88.0,10010,-50.892
0,88.1,10001,-47.920
0,88.1,10010,-50.893
0,88.2,10001,-47.913
0,88.2,10010,-50.895
0,88.3,10001,-47.906
0,88.3,10010,-50.897
0,88.4,10001,-47.900
0,88.4,10010,-50.898
0,88.5,10001,-47.895
0,88.5,10010,-50.900
0,88.6,10001,-47.890
0,88.6,10010,-50.902
0,88.7,10001,-47.886
0,88.7,10010,-50.904
0,88.8,10001,-47.882
0,88.8,10010,-50.906
0,88.9,10001,-47.878
0,88.9,10010,-50.908
0,89.0,10001,-47.876
0,89.0,10010,-50.910
0,89.1,10001,-47.873
0,89.1,10010,-50.912
0,89.2,10001,-47.871
0,89.2,10010,-50.914
0,89.3,10001,-47.870
0,89.3,10010,-50.917
0,89.4,10001,-47.869
0,89.4,10010,-50.919
0,89.5,10001,-47.868
0,89.5,10010,-50.921
0,89.6,10001,-47.868
0,89.6,10010,-50.924
0,89.7,10001,-47.868
0,89.7,10010,-50.926
0,89.8,10001,-47.869
0,89.8,10010,-50.929
0,89.9,10001,-47.870
0,89.9,10010,-50.931
0,90.0,10001,-47.871
0,90.0,10010,-50.932
0,90.1,10001,-47.873
0,90.1,10010,-50.933
0,90.2,10001,-47.875
0,90.2,10010,-50.934
0,90.3,10001,-47.878
0,90.3,10010,-50.935
0,90.4,10001,-47.880
0,90.4,10010,-50.936
0,90.5,10001,-47.884
0,90.5,10010,-50.938
0,90.6,10001,-47.887
0,90.6,10010,-50.939
0,90.7,10001,-47.891
0,90.7,10010,-50.940
0,90.8,10001,-47.895
0,90.8,10010,-50.942
0,90.9,10001,-47.900
0,90.9,10010,-50.943
0,91.0,10001,-47.904
0,91.0,10010,-50.945
0,91.1,10001,-47.909
0,91.1,10010,-50.946
0,91.2,10001,-47.915
0,91.2,10010,-50.948
0,91.3,10001,-47.920
0,91.3,10010,-50.950
0,91.4,10001,-47.926
0,91.4,10010,-50.952
0,91.5,10001,-47.932
0,91.5,10010,-50.954
0,91.6,10001,-47.938
0,91.6,10010,-50.956
0,91.7,10001,-47.945
0,91.7,10010,-50.958
0,91.8,10001,-47.952
0,91.8,10010,-50.960
0,91.9,10001,-47.959
0,91.9,10010,-50.962
0,92.0,10001,-47.966
0,92.0,10010,-50.964
0,92.1,10001,-47.974
0,92.1,10010,-50.966
0,92.2,10001,-47.981
0,92.2,10010,-50.968
0,92.3,10001,-47.989
0,92.3,10010,-50.971
0,92.4,10001,-47.997
0,92.4,10010,-50.973
0,92.5,10001,-48.006
0,92.5,10010,-50.975
0,92.6,10001,-48.014
0,92.6,10010,-50.978
0,92.7,10001,-48.023
0,92.7,10010,-50.980
0,92.8,10001,-48.032
0,92.8,10010,-50.983
0,92.9,10001,-48.041
0,92.9,10010,-50.985
0,93.0,10001,-48.037
0,93.0,10010,-50.988
0,93.1,10001,-48.033
0,93.1,10010,-50.991
0,93.2,10001,-48.030
0,93.2,10010,-50.993
0,93.3,10001,-48.013
0,93.3,10010,-50.996
0,93.4,10001,-47.996
0,93.4,10010,-50.999
0,93.5,10001,-47.980
0,93.5,10010,-50.997
0,93.6,10001,-47.965
0,93.6,10010,-50.995
0,93.7,10001,-47.950
0,93.7,10010,-50.994
0,93.8,10001,-47.937
0,93.8,10010,-50.993
0,93.9,10001,-47.924
0,93.9,10010,-50.992
0,94.0,10001,-47.909
0,94.0,10010,-50.991
0,94.1,10001,-47.895
0,94.1,10010,-50.990
0,94.2,10001,-47.881
0,94.2,10010,-50.989
0,94.3,10001,-47.869
0,94.3,10010,-50.988
0,94.4,10001,-47.857
0,94.4,10010,-50.988
0,94.5,10001,-47.846
0,94.5,10010,-50.988
0,94.6,10001,-47.835
0,94.6,10010,-50.987
0,94.7,10001,-47.825
0,94.7,10010,-50.987
0,94.8,10001,-47.816
0,94.8,10010,-50.987
0,94.9,10001,-47.808
0,94.9,10010,-50.987
0,95.0,10001,-47.800
0,95.0,10010,-50.987
0,95.1,10001,-47.792
0,95.1,10010,-50.987
0,95.2,10001,-47.786
0,95.2,10010,-50.988
0,95.3,10001,-47.780
0,95.3,10010,-50.988
0,95.4,10001,-47.774
0,95.4,10010,-50.989
0,95.5,10001,-47.769
0,95.5,10010,-50.989
0,95.6,10001,-47.765
0,95.6,10010,-50.990
0,95.7,10001,-47.761
0,95.7,10010,-50.991
0,95.8,10001,-47.757
0,95.8,10010,-50.990
0,95.9,10001,-47.754
0,95.9,10010,-50.989
0,96.0,10001,-47.752
0,96.0,10010,-50.988
0,96.1,10001,-47.750
0,96.1,10010,-50.988
0,96.2,10001,-47.749
0,96.2,10010,-50.987
0,96.3,10001,-47.748
0,96.3,10010,-50.987
0,96.4,10001,-47.747
0,96.4,10010,-50.986
0,96.5,10001,-47.747
0,96.5,10010,-50.986
0,96.6,10001,-47.747
0,96.6,10010,-50.986
0,96.7,10001,-47.748
0,96.7,10010,-50.986
0,96.8,10001,-47.749
0,96.8,10010,-50.987
0,96.9,10001,-47.750
0,96.9,10010,-50.987
0,97.0,10001,-47.752
0,97.0,10010,-50.987
0,97.1,10001,-47.755
0,97.1,10010,-50.988
0,97.2,10001,-47.757
0,97.2,10010,-50.988
0,97.3,10001,-47.760
0,97.3,10010,-50.989
0,97.4,10001,-47.763
0,97.4,10010,-50.989
0,97.5,10001,-47.767
0,97.5,10010,-50.990
0,97.6,10001,-47.771
0,97.6,10010,-50.991
0,97.7,10001,-47.775
0,97.7,10010,-50.992
0,97.8,10001,-47.780
0,97.8,10010,-50.993
0,97.9,10001,-47.785
0,97.9,10010,-50.994
0,98.0,10001,-47.790
0,98.0,10010,-50.995
0,98.1,10001,-47.796
0,98.1,10010,-50.997
0,98.2,10001,-47.801
0,98.2,10010,-50.998
0,98.3,10001,-47.807
0,98.3,10010,-50.999
0,98.4,10001,-47.814
0,98.4,10010,-51.001
0,98.5,10001,-47.807
0,98.5,10010,-51.002
0,98.6,10001,-47.801
0,98.6,10010,-51.004
0,98.7,10001,-47.795
0,98.7,10010,-51.005
0,98.8,10001,-47.790
0,98.8,10010,-51.007
0,98.9,10001,-47.786
0,98.9,10010,-51.009
0,99.0,10001,-47.782
0,99.0,10010,-51.011
0,99.1,10001,-47.779
0,99.1,10010,-51.013
0,99.2,10001,-47.776
0,99.2,10010,-51.014
0,99.3,10001,-47.773
0,99.3,10010,-51.016
0,99.4,10001,-47.771
0,99.4,10010,-51.018
0,99.5,10001,-47.770
0,99.5,10010,-51.020
0,99.6,10001,-47.769
0,99.6,10010,-51.023
0,99.7,10001,-47.768
0,99.7,10010,-51.025
0,99.8,10001,-47.768
0,99.8,10010,-51.027
0,99.9,10001,-47.768
0,99.9,10010,-51.029
0,100.0,10001,-47.769
0,100.0,10010,-51.031
0,100.1,10001,-47.770
0,100.1,10010,-51.034
0,100.2,10001,-47.772
0,100.2,10010,-51.036
0,100.3,10001,-47.773
0,100.3,10010,-51.038
0,100.4,10001,-47.776
0,100.4,10010,-51.041
0,100.5,10001,-47.778
0,100.5,10010,-51.043
0,100.6,10001,-47.781
0,100.6,10010,-51.046
0,100.7,10001,-47.785
0,100.7,10010,-51.048
0,100.8,10001,-47.788
0,100.8,10010,-51.051
0,100.9,10001,-47.792
0,100.9,10010,-51.053
0,101.0,10001,-47.796
0,101.0,10010,-51.056
0,101.1,10001,-47.801
0,101.1,10010,-51.059
0,101.2,10001,-47.806
0,101.2,10010,-51.061
0,101.3,10001,-47.811
0,101.3,10010,-51.064
0,101.4,10001,-47.816
0,101.4,10010,-51.065
0,101.5,10001,-47.822
0,101.5,10010,-51.066
0,101.6,10001,-47.828
0,101.6,10010,-51.067
0,101.7,10001,-47.834
0,101.7,10010,-51.064
0,101.8,10001,-47.826
0,101.8,10010,-51.061
0,101.9,10001,-47.818
0,101.9,10010,-51.058
0,102.0,10001,-47.811
0,102.0,10010,-51.055
0,102.1,10001,-47.804
0,102.1,10010,-51.052
0,102.2,10001,-47.798
0,102.2,10010,-51.050
0,102.3,10001,-47.793
0,102.3,10010,-51.048
0,102.4,10001,-47.788
0,102.4,10010,-51.046
0,102.5,10001,-47.783
0,102.5,10010,-51.044
0,102.6,10001,-47.779
0,102.6,10010,-51.042
0,102.7,10001,-47.776
0,102.7,10010,-51.040
0,102.8,10001,-47.770
0,102.8,10010,-51.038
0,102.9,10001,-47.765
0,102.9,10010,-51.037
0,103.0,10001,-47.761
0,103.0,10010,-51.036
0,103.1,10001,-47.757
0,103.1,10010,-51.035
0,103.2,10001,-47.753
0,103.2,10010,-51.033
0,103.3,10001,-47.751
0,103.3,10010,-51.033
0,103.4,10001,-47.748
0,103.4,10010,-51.032
0,103.5,10001,-47.746
0,103.5,10010,-51.031
0,103.6,10001,-47.745
0,103.6,10010,-51.030
0,103.7,10001,-47.744
0,103.7,10010,-51.030
0,103.8,10001,-47.743
0,103.8,10010,-51.030
0,103.9,10001,-47.743
0,103.9,10010,-51.029
0,104.0,10001,-47.743
0,104.0,10010,-51.029
0,104.1,10001,-47.744
0,104.1,10010,-51.029
0,104.2,10001,-47.732
0,104.2,10010,-51.029
0,104.3,10001,-47.720
0,104.3,10010,-51.029
0,104.4,10001,-47.710
0,104.4,10010,-51.030
0,104.5,10001,-47.700
0,104.5,10010,-51.030
0,104.6,10001,-47.690
0,104.6,10010,-51.030
0,104.7,10001,-47.682
0,104.7,10010,-51.031
0,104.8,10001,-47.674
0,104.8,10010,-51.031
0,104.9,10001,-47.666
0,104.9,10010,-51.032
0,105.0,10001,-47.659
0,105.0,10010,-51.033
0,105.1,10001,-47.653
0,105.1,10010,-51.034
0,105.2,10001,-47.647
0,105.2,10010,-51.034
0,105.3,10001,-47.642
0,105.3,10010,-51.035
0,105.4,10001,-47.638
0,105.4,10010,-51.036
0,105.5,10001,-47.634
0,105.5,10010,-51.038
0,105.6,10001,-47.630
0,105.6,10010,-51.039
0,105.7,10001,-47.627
0,105.7,10010,-51.040
0,105.8,10001,-47.625
0,105.8,10010,-51.041
0,105.9,10001,-47.623
0,105.9,10010,-51.043
0,106.0,10001,-47.622
0,106.0,10010,-51.044
0,106.1,10001,-47.621
0,106.1,10010,-51.045
0,106.2,10001,-47.620
0,106.2,10010,-51.047
0,106.3,10001,-47.620
0,106.3,10010,-51.049
0,106.4,10001,-47.620
0,106.4,10010,-51.050
0,106.5,10001,-47.621
0,106.5,10010,-51.052
0,106.6,10001,-47.622
0,106.6,10010,-51.054
0,106.7,10001,-47.624
0,106.7,10010,-51.056
0,106.8,10001,-47.626
0,106.8,10010,-51.057
0,106.9,10001,-47.628
0,106.9,10010,-51.059
0,107.0,10001,-47.631
0,107.0,10010,-51.059
0,107.1,10001,-47.634
0,107.1,10010,-51.060
0,107.2,10001,-47.638
0,107.2,10010,-51.060
0,107.3,10001,-47.641
0,107.3,10010,-51.061
0,107.4,10001,-47.646
0,107.4,10010,-51.061
0,107.5,10001,-47.650
0,107.5,10010,-51.062
0,107.6,10001,-47.655
0,107.6,10010,-51.062
0,107.7,10001,-47.660
0,107.7,10010,-51.063
0,107.8,10001,-47.665
0,107.8,10010,-51.064
0,107.9,10001,-47.671
0,107.9,10010,-51.065
0,108.0,10001,-47.677
0,108.0,10010,-51.066
0,108.1,10001,-47.683
0,108.1,10010,-51.067
0,108.2,10001,-47.690
0,108.2,10010,-51.068
0,108.3,10001,-47.697
0,108.3,10010,-51.069
0,108.4,10001,-47.704
0,108.4,10010,-51.070
0,108.5,10001,-47.711
0,108.5,10010,-51.072
0,108.6,10001,-47.718
0,108.6,10010,-51.073
0,108.7,10001,-47.726
0,108.7,10010,-51.074
0,108.8,10001,-47.734
0,108.8,10010,-51.076
0,108.9,10001,-47.742
0,108.9,10010,-51.077
0,109.0,10001,-47.751
0,109.0,10010,-51.079
0,109.1,10001,-47.760
0,109.1,10010,-51.081
0,109.2,10001,-47.768
0,109.2,10010,-51.082
0,109.3,10001,-47.778
0,109.3,10010,-51.084
0,109.4,10001,-47.787
0,109.4,10010,-51.086
0,109.5,10001,-47.796
0,109.5,10010,-51.088
0,109.6,10001,-47.806
0,109.6,10010,-51.089
0,109.7,10001,-47.816
0,109.7,10010,-51.091
0,109.8,10001,-47.826
0,109.8,10010,-51.093
0,109.9,10001,-47.836
0,109.9,10010,-51.095
0,110.0,10001,-47.833
0,110.0,10010,-51.097
0,110.1,10001,-47.830
0,110.1,10010,-51.099
0,110.2,10001,-47.813
0,110.2,10010,-51.102
0,110.3,10001,-47.797
0,110.3,10010,-51.104
0,110.4,10001,-47.782
0,110.4,10010,-51.101
0,110.5,10001,-47.767
0,110.5,10010,-51.099
0,110.6,10001,-47.753
0,110.6,10010,-51.097
0,110.7,10001,-47.740
0,110.7,10010,-51.096
0,110.8,10001,-47.728
0,110.8,10010,-51.094
0,110.9,10001,-47.717
0,110.9,10010,-51.092
0,111.0,10001,-47.703
0,111.0,10010,-51.091
0,111.1,10001,-47.690
0,111.1,10010,-51.090
0,111.2,10001,-47.678
0,111.2,10010,-51.089
0,111.3,10001,-47.667
0,111.3,10010,-51.087
0,111.4,10001,-47.656
0,111.4,10010,-51.087
0,111.5,10001,-47.646
0,111.5,10010,-51.086
0,111.6,10001,-47.637
0,111.6,10010,-51.085
0,111.7,10001,-47.629
0,111.7,10010,-51.084
0,111.8,10001,-47.621
0,111.8,10010,-51.084
0,111.9,10001,-47.613
0,111.9,10010,-51.083
0,112.0,10001,-47.607
0,112.0,10010,-51.083
0,112.1,10001,-47.601
0,112.1,10010,-51.083
0,112.2,10001,-47.595
0,112.2,10010,-51.083
0,112.3,10001,-47.590
0,112.3,10010,-51.083
0,112.4,10001,-47.586
0,112.4,10010,-51.083
0,112.5,10001,-47.582
0,112.5,10010,-51.083
0,112.6,10001,-47.579
0,112.6,10010,-51.083
0,112.7,10001,-47.576
0,112.7,10010,-51.084
0,112.8,10001,-47.574
0,112.8,10010,-51.082
0,112.9,10001,-47.572
0,112.9,10010,-51.081
0,113.0,10001,-47.571
0,113.0,10010,-51.080
0,113.1,10001,-47.570
0,113.1,10010,-51.079
0,113.2,10001,-47.570
0,113.2,10010,-51.078
0,113.3,10001,-47.570
0,113.3,10010,-51.077
0,113.4,10001,-47.570
0,113.4,10010,-51.077
0,113.5,10001,-47.571
0,113.5,10010,-51.076
0,113.6,10001,-47.572
0,113.6,10010,-51.076
0,113.7,10001,-47.574
0,113.7,10010,-51.075
0,113.8,10001,-47.576
0,113.8,10010,-51.075
0,113.9,10001,-47.579
0,113.9,10010,-51.075
0,114.0,10001,-47.582
0,114.0,10010,-51.075
0,114.1,10001,-47.585
0,114.1,10010,-51.075
0,114.2,10001,-47.589
0,114.2,10010,-51.075
0,114.3,10001,-47.593
0,114.3,10010,-51.075
0,114.4,10001,-47.597
0,114.4,10010,-51.076
0,114.5,10001,-47.602
0,114.5,10010,-51.076
0,114.6,10001,-47.607
0,114.6,10010,-51.077
0,114.7,10001,-47.612
0,114.7,10010,-51.077
0,114.8,10001,-47.617
0,114.8,10010,-51.078
0,114.9,10001,-47.623
0,114.9,10010,-51.079
0,115.0,10001,-47.629
0,115.0,10010,-51.079
0,115.1,10001,-47.636
0,115.1,10010,-51.080
0,115.2,10001,-47.643
0,115.2,10010,-51.081
0,115.3,10001,-47.650
0,115.3,10010,-51.082
0,115.4,10001,-47.657
0,115.4,10010,-51.083
0,115.5,10001,-47.664
0,115.5,10010,-51.084
0,115.6,10001,-47.659
0,115.6,10010,-51.086
0,115.7,10001,-47.654
0,115.7,10010,-51.087
0,115.8,10001,-47.649
0,115.8,10010,-51.088
0,115.9,10001,-47.645
0,115.9,10010,-51.089
0,116.0,10001,-47.642
0,116.0,10010,-51.091
0,116.1,10001,-47.639
0,116.1,10010,-51.092
0,116.2,10001,-47.637
0,116.2,10010,-51.094
0,116.3,10001,-47.635
0,116.3,10010,-51.095
0,116.4,10001,-47.634
0,116.4,10010,-51.097
0,116.5,10001,-47.633
0,116.5,10010,-51.099
0,116.6,10001,-47.632
0,116.6,10010,-51.100
0,116.7,10001,-47.632
0,116.7,10010,-51.102
0,116.8,10001,-47.633
0,116.8,10010,-51.104
0,116.9,10001,-47.634
0,116.9,10010,-51.106
0,117.0,10001,-47.635
0,117.0,10010,-51.108
0,117.1,10001,-47.636
0,117.1,10010,-51.110
0,117.2,10001,-47.639
0,117.2,10010,-51.112
0,117.3,10001,-47.641
0,117.3,10010,-51.114
0,117.4,10001,-47.644
0,117.4,10010,-51.116
0,117.5,10001,-47.647
0,117.5,10010,-51.118
0,117.6,10001,-47.650
0,117.6,10010,-51.120
0,117.7,10001,-47.654
0,117.7,10010,-51.122
0,117.8,10001,-47.658
0,117.8,10010,-51.124
0,117.9,10001,-47.663
0,117.9,10010,-51.127
0,118.0,10001,-47.668
0,118.0,10010,-51.129
0,118.1,10001,-47.673
0,118.1,10010,-51.131
0,118.2,10001,-47.678
0,118.2,10010,-51.134
0,118.3,10001,-47.684
0,118.3,10010,-51.136
0,118.4,10001,-47.690
0,118.4,10010,-51.138
0,118.5,10001,-47.696
0,118.5,10010,-51.139
0,118.6,10001,-47.703
0,118.6,10010,-51.140
0,118.7,10001,-47.710
0,118.7,10010,-51.140
0,118.8,10001,-47.717
0,118.8,10010,-51.137
0,118.9,10001,-47.709
0,118.9,10010,-51.133
0,119.0,10001,-47.702
0,119.0,10010,-51.130
0,119.1,10001,-47.696
0,119.1,10010,-51.127
0,119.2,10001,-47.690
0,119.2,10010,-51.124
0,119.3,10001,-47.684
0,119.3,10010,-51.121
0,119.4,10001,-47.680
0,119.4,10010,-51.119
0,119.5,10001,-47.675
0,119.5,10010,-51.116
0,119.6,10001,-47.672
0,119.6,10010,-51.114
0,119.7,10001,-47.668
0,119.7,10010,-51.112
0,119.8,10001,-47.666
0,119.8,10010,-51.110
0,119.9,10001,-47.661
0,119.9,10010,-51.108
0,120.0,10001,-47.657
0,120.0,10010,-51.106
0,120.1,10001,-47.653
0,120.1,10010,-51.105
0,120.2,10001,-47.650
0,120.2,10010,-51.103
0,120.3,10001,-47.647
0,120.3,10010,-51.102
0,120.4,10001,-47.645
0,120.4,10010,-51.101
0,120.5,10001,-47.643
0,120.5,10010,-51.100
0,120.6,10001,-47.642
0,120.6,10010,-51.099
0,120.7,10001,-47.641
0,120.7,10010,-51.098
0,120.8,10001,-47.641
0,120.8,10010,-51.097
0,120.9,10001,-47.641
0,120.9,10010,-51.096
0,121.0,10001,-47.641
0,121.0,10010,-51.096
0,121.1,10001,-47.642
0,121.1,10010,-51.095
0,121.2,10001,-47.644
0,121.2,10010,-51.095
0,121.3,10001,-47.645
0,121.3,10010,-51.095
0,121.4,10001,-47.634
0,121.4,10010,-51.094
0,121.5,10001,-47.624
0,121.5,10010,-51.094
0,121.6,10001,-47.614
0,121.6,10010,-51.094
0,121.7,10001,-47.605
0,121.7,10010,-51.095
0,121.8,10001,-47.597
0,121.8,10010,-51.095
0,121.9,10001,-47.589
0,121.9,10010,-51.095
0,122.0,10001,-47.582
0,122.0,10010,-51.095
0,122.1,10001,-47.575
0,122.1,10010,-51.096
0,122.2,10001,-47.569
0,122.2,10010,-51.096
0,122.3,10001,-47.564
0,122.3,10010,-51.097
0,122.4,10001,-47.559
0,122.4,10010,-51.098
0,122.5,10001,-47.555
0,122.5,10010,-51.098
0,122.6,10001,-47.551
0,122.6,10010,-51.099
0,122.7,10001,-47.548
0,122.7,10010,-51.100
0,122.8,10001,-47.545
0,122.8,10010,-51.101
0,122.9,10001,-47.543
0,122.9,10010,-51.102
0,123.0,10001,-47.542
0,123.0,10010,-51.103
0,123.1,10001,-47.541
0,123.1,10010,-51.104
0,123.2,10001,-47.540
0,123.2,10010,-51.105
0,123.3,10001,-47.540
0,123.3,10010,-51.107
0,123.4,10001,-47.540
0,123.4,10010,-51.108
0,123.5,10001,-47.541
0,123.5,10010,-51.109
0,123.6,10001,-47.542
0,123.6,10010,-51.111
0,123.7,10001,-47.543
0,123.7,10010,-51.112
0,123.8,10001,-47.545
0,123.8,10010,-51.114
0,123.9,10001,-47.547
0,123.9,10010,-51.115
0,124.0,10001,-47.550
0,124.0,10010,-51.117
0,124.1,10001,-47.553
0,124.1,10010,-51.119
0,124.2,10001,-47.556
0,124.2,10010,-51.119
0,124.3,10001,-47.560
0,124.3,10010,-51.119
0,124.4,10001,-47.564
0,124.4,10010,-51.119
0,124.5,10001,-47.569
0,124.5,10010,-51.119
0,124.6,10001,-47.574
0,124.6,10010,-51.119
0,124.7,10001,-47.579
0,124.7,10010,-51.120
0,124.8,10001,-47.584
0,124.8,10010,-51.120
0,124.9,10001,-47.590
0,124.9,10010,-51.121
0,125.0,10001,-47.596
0,125.0,10010,-51.121
0,125.1,10001,-47.602
0,125.1,10010,-51.122
0,125.2,10001,-47.609
0,125.2,10010,-51.123
0,125.3,10001,-47.615
0,125.3,10010,-51.124
0,125.4,10001,-47.623
0,125.4,10010,-51.125
0,125.5,10001,-47.630
0,125.5,10010,-51.125
0,125.6,10001,-47.638
0,125.6,10010,-51.126
0,125.7,10001,-47.645
0,125.7,10010,-51.128
0,125.8,10001,-47.654
0,125.8,10010,-51.129
0,125.9,10001,-47.662
0,125.9,10010,-51.130
0,126.0,10001,-47.670
0,126.0,10010,-51.131
0,126.1,10001,-47.679
0,126.1,10010,-51.132
0,126.2,10001,-47.688
0,126.2,10010,-51.134
0,126.3,10001,-47.697
0,126.3,10010,-51.135
0,126.4,10001,-47.707
0,126.4,10010,-51.137
0,126.5,10001,-47.716
0,126.5,10010,-51.138
0,126.6,10001,-47.726
0,126.6,10010,-51.140
0,126.7,10001,-47.736
0,126.7,10010,-51.141
0,126.8,10001,-47.746
0,126.8,10010,-51.143
0,126.9,10001,-47.756
0,126.9,10010,-51.145
0,127.0,10001,-47.767
0,127.0,10010,-51.146
0,127.1,10001,-47.764
0,127.1,10010,-51.148
0,127.2,10001,-47.762
0,127.2,10010,-51.150
0,127.3,10001,-47.760
0,127.3,10010,-51.152
0,127.4,10001,-47.759
0,127.4,10010,-51.154
0,127.5,10001,-47.743
0,127.5,10010,-51.156
0,127.6,10001,-47.728
0,127.6,10010,-51.153
0,127.7,10001,-47.714
0,127.7,10010,-51.151
0,127.8,10001,-47.701
0,127.8,10010,-51.149
0,127.9,10001,-47.688
0,127.9,10010,-51.147
0,128.0,10001,-47.676
0,128.0,10010,-51.145
0,128.1,10001,-47.662
0,128.1,10010,-51.143
0,128.2,10001,-47.649
0,128.2,10010,-51.141
0,128.3,10001,-47.637
0,128.3,10010,-51.140
0,128.4,10001,-47.625
0,128.4,10010,-51.138
0,128.5,10001,-47.614
0,128.5,10010,-51.137
0,128.6,10001,-47.604
0,128.6,10010,-51.136
0,128.7,10001,-47.594
0,128.7,10010,-51.135
0,128.8,10001,-47.586
0,128.8,10010,-51.134
0,128.9,10001,-47.577
0,128.9,10010,-51.133
0,129.0,10001,-47.570
0,129.0,10010,-51.132
0,129.1,10001,-47.563
0,129.1,10010,-51.132
0,129.2,10001,-47.557
0,129.2,10010,-51.131
0,129.3,10001,-47.551
0,129.3,10010,-51.131
0,129.4,10001,-47.546
0,129.4,10010,-51.131
0,129.5,10001,-47.541
0,129.5,10010,-51.130
0,129.6,10001,-47.537
0,129.6,10010,-51.130
0,129.7,10001,-47.534
0,129.7,10010,-51.130
0,129.8,10001,-47.531
0,129.8,10010,-51.130
0,129.9,10001,-47.528
0,129.9,10010,-51.129
0,130.0,10001,-47.526
0,130.0,10010,-51.127
0,130.1,10001,-47.525
0,130.1,10010,-51.126
0,130.2,10001,-47.524
0,130.2,10010,-51.124
0,130.3,10001,-47.524
0,130.3,10010,-51.123
0,130.4,10001,-47.524
0,130.4,10010,-51.122
0,130.5,10001,-47.524
0,130.5,10010,-51.121
0,130.6,10001,-47.525
0,130.6,10010,-51.120
0,130.7,10001,-47.526
0,130.7,10010,-51.120
0,130.8,10001,-47.528
0,130.8,10010,-51.119
0,130.9,10001,-47.530
0,130.9,10010,-51.119
0,131.0,10001,-47.532
0,131.0,10010,-51.118
0,131.1,10001,-47.535
0,131.1,10010,-51.118
0,131.2,10001,-47.538
0,131.2,10010,-51.118
0,131.3,10001,-47.542
0,131.3,10010,-51.118
0,131.4,10001,-47.546
0,131.4,10010,-51.118
0,131.5,10001,-47.550
0,131.5,10010,-51.118
0,131.6,10001,-47.555
0,131.6,10010,-51.118
0,131.7,10001,-47.560
0,131.7,10010,-51.118
0,131.8,10001,-47.565
0,131.8,10010,-51.118
0,131.9,10001,-47.570
0,131.9,10010,-51.119
0,132.0,10001,-47.576
0,132.0,10010,-51.119
0,132.1,10001,-47.582
0,132.1,10010,-51.120
0,132.2,10001,-47.589
0,132.2,10010,-51.120
0,132.3,10001,-47.595
0,132.3,10010,-51.121
0,132.4,10001,-47.602
0,132.4,10010,-51.122
0,132.5,10001,-47.610
0,132.5,10010,-51.123
0,132.6,10001,-47.617
0,132.6,10010,-51.124
0,132.7,10001,-47.612
0,132.7,10010,-51.124
0,132.8,10001,-47.607
0,132.8,10010,-51.126
0,132.9,10001,-47.602
0,132.9,10010,-51.127
0,133.0,10001,-47.598
0,133.0,10010,-51.128
0,133.1,10001,-47.595
0,133.1,10010,-51.129
0,133.2,10001,-47.592
0,133.2,10010,-51.130
0,133.3,10001,-47.590
0,133.3,10010,-51.131
0,133.4,10001,-47.588
0,133.4,10010,-51.133
0,133.5,10001,-47.587
0,133.5,10010,-51.134
0,133.6,10001,-47.586
0,133.6,10010,-51.136
0,133.7,10001,-47.586
0,133.7,10010,-51.137
0,133.8,10001,-47.586
0,133.8,10010,-51.139
0,133.9,10001,-47.586
0,133.9,10010,-51.140
0,134.0,10001,-47.587
0,134.0,10010,-51.142
0,134.1,10001,-47.588
0,134.1,10010,-51.144
0,134.2,10001,-47.590
0,134.2,10010,-51.146
0,134.3,10001,-47.592
0,134.3,10010,-51.147
0,134.4,10001,-47.595
0,134.4,10010,-51.149
0,134.5,10001,-47.598
0,134.5,10010,-51.151
0,134.6,10001,-47.601
0,134.6,10010,-51.153
0,134.7,10001,-47.604
0,134.7,10010,-51.155
0,134.8,10001,-47.608
0,134.8,10010,-51.157
0,134.9,10001,-47.613
0,134.9,10010,-51.159
0,135.0,10001,-47.617
0,135.0,10010,-51.161
0,135.1,10001,-47.622
0,135.1,10010,-51.163
0,135.2,10001,-47.627
0,135.2,10010,-51.165
0,135.3,10001,-47.633
0,135.3,10010,-51.167
0,135.4,10001,-47.639
0,135.4,10010,-51.169
0,135.5,10001,-47.645
0,135.5,10010,-51.172
0,135.6,10001,-47.651
0,135.6,10010,-51.172
0,135.7,10001,-47.658
0,135.7,10010,-51.172
0,135.8,10001,-47.665
0,135.8,10010,-51.173
0,135.9,10001,-47.672
0,135.9,10010,-51.169
0,136.0,10001,-47.664
0,136.0,10010,-51.166
0,136.1,10001,-47.657
0,136.1,10010,-51.162
0,136.2,10001,-47.651
0,136.2,10010,-51.159
0,136.3,10001,-47.645
0,136.3,10010,-51.156
0,136.4,10001,-47.640
0,136.4,10010,-51.153
0,136.5,10001,-47.635
0,136.5,10010,-51.150
0,136.6,10001,-47.631
0,136.6,10010,-51.148
0,136.7,10001,-47.628
0,136.7,10010,-51.145
0,136.8,10001,-47.625
0,136.8,10010,-51.143
0,136.9,10001,-47.622
0,136.9,10010,-51.141
0,137.0,10001,-47.617
0,137.0,10010,-51.139
0,137.1,10001,-47.613
0,137.1,10010,-51.137
0,137.2,10001,-47.610
0,137.2,10010,-51.135
0,137.3,10001,-47.606
0,137.3,10010,-51.133
0,137.4,10001,-47.604
0,137.4,10010,-51.132
0,137.5,10001,-47.602
0,137.5,10010,-51.130
0,137.6,10001,-47.600
0,137.6,10010,-51.129
0,137.7,10001,-47.599
0,137.7,10010,-51.128
0,137.8,10001,-47.598
0,137.8,10010,-51.127
0,137.9,10001,-47.598
0,137.9,10010,-51.126
0,138.0,10001,-47.598
0,138.0,10010,-51.125
0,138.1,10001,-47.599
0,138.1,10010,-51.124
0,138.2,10001,-47.600
0,138.2,10010,-51.124
0,138.3,10001,-47.602
0,138.3,10010,-51.123
0,138.4,10001,-47.603
0,138.4,10010,-51.123
0,138.5,10001,-47.592
0,138.5,10010,-51.123
0,138.6,10001,-47.582
0,138.6,10010,-51.122
0,138.7,10001,-47.573
0,138.7,10010,-51.122
0,138.8,10001,-47.564
0,138.8,10010,-51.122
0,138.9,10001,-47.555
0,138.9,10010,-51.122
0,139.0,10001,-47.548
0,139.0,10010,-51.122
0,139.1,10001,-47.541
0,139.1,10010,-51.123
0,139.2,10001,-47.534
0,139.2,10010,-51.123
0,139.3,10001,-47.529
0,139.3,10010,-51.123
0,139.4,10001,-47.523
0,139.4,10010,-51.124
0,139.5,10001,-47.519
0,139.5,10010,-51.124
0,139.6,10001,-47.515
0,139.6,10010,-51.125
0,139.7,10001,-47.511
0,139.7,10010,-51.126
0,139.8,10001,-47.508
0,139.8,10010,-51.126
0,139.9,10001,-47.506
0,139.9,10010,-51.127
0,140.0,10001,-47.504
0,140.0,10010,-51.128
0,140.1,10001,-47.502
0,140.1,10010,-51.129
0,140.2,10001,-47.501
0,140.2,10010,-51.130
0,140.3,10001,-47.501
0,140.3,10010,-51.131
0,140.4,10001,-47.501
0,140.4,10010,-51.132
0,140.5,10001,-47.501
0,140.5,10010,-51.133
0,140.6,10001,-47.502
0,140.6,10010,-51.135
0,140.7,10001,-47.503
0,140.7,10010,-51.136
0,140.8,10001,-47.505
0,140.8,10010,-51.137
0,140.9,10001,-47.507
0,140.9,10010,-51.139
0,141.0,10001,-47.509
0,141.0,10010,-51.140
0,141.1,10001,-47.512
0,141.1,10010,-51.142
0,141.2,10001,-47.515
0,141.2,10010,-51.143
0,141.3,10001,-47.519
0,141.3,10010,-51.143
0,141.4,10001,-47.523
0,141.4,10010,-51.143
0,141.5,10001,-47.527
0,141.5,10010,-51.143
0,141.6,10001,-47.532
0,141.6,10010,-51.143
0,141.7,10001,-47.537
0,141.7,10010,-51.143
0,141.8,10001,-47.542
0,141.8,10010,-51.143
0,141.9,10001,-47.547
0,141.9,10010,-51.144
0,142.0,10001,-47.553
0,142.0,10010,-51.144
0,142.1,10001,-47.559
0,142.1,10010,-51.145
0,142.2,10001,-47.566
0,142.2,10010,-51.145
0,142.3,10001,-47.573
0,142.3,10010,-51.146
0,142.4,10001,-47.580
0,142.4,10010,-51.147
0,142.5,10001,-47.587
0,142.5,10010,-51.147
0,142.6,10001,-47.594
0,142.6,10010,-51.148
0,142.7,10001,-47.602
0,142.7,10010,-51.149
0,142.8,10001,-47.610
0,142.8,10010,-51.150
0,142.9,10001,-47.618
0,142.9,10010,-51.151
0,143.0,10001,-47.627
0,143.0,10010,-51.152
0,143.1,10001,-47.635
0,143.1,10010,-51.153
0,143.2,10001,-47.644
0,143.2,10010,-51.154
0,143.3,10001,-47.653
0,143.3,10010,-51.156
0,143.4,10001,-47.663
0,143.4,10010,-51.157
0,143.5,10001,-47.672
0,143.5,10010,-51.158
0,143.6,10001,-47.682
0,143.6,10010,-51.160
0,143.7,10001,-47.692
0,143.7,10010,-51.161
0,143.8,10001,-47.702
0,143.8,10010,-51.163
0,143.9,10001,-47.712
0,143.9,10010,-51.164
0,144.0,10001,-47.723
0,144.0,10010,-51.166
0,144.1,10001,-47.746
0,144.1,10010,-51.167
0,144.2,10001,-47.769
0,144.2,10010,-51.169
0,144.3,10001,-47.778
0,144.3,10010,-51.171
0,144.4,10001,-47.788
0,144.4,10010,-51.172
0,144.5,10001,-47.797
0,144.5,10010,-51.174
0,144.6,10001,-47.792
0,144.6,10010,-51.176
0,144.7,10001,-47.788
0,144.7,10010,-51.173
0,144.8,10001,-47.784
0,144.8,10010,-51.171
0,144.9,10001,-47.780
0,144.9,10010,-51.169
0,145.0,10001,-47.777
0,145.0,10010,-51.167
0,145.1,10001,-47.775
0,145.1,10010,-51.165
0,145.2,10001,-47.770
0,145.2,10010,-51.163
0,145.3,10001,-47.766
0,145.3,10010,-51.161
0,145.4,10001,-47.762
0,145.4,10010,-51.159
0,145.5,10001,-47.759
0,145.5,10010,-51.158
0,145.6,10001,-47.757
0,145.6,10010,-51.157
0,145.7,10001,-47.754
0,145.7,10010,-51.155
0,145.8,10001,-47.753
0,145.8,10010,-51.154
0,145.9,10001,-47.752
0,145.9,10010,-51.153
0,146.0,10001,-47.751
0,146.0,10010,-51.152
0,146.1,10001,-47.751
0,146.1,10010,-51.151
0,146.2,10001,-47.751
0,146.2,10010,-51.151
0,146.3,10001,-47.751
0,146.3,10010,-51.150
0,146.4,10001,-47.752
0,146.4,10010,-51.150
0,146.5,10001,-47.753
0,146.5,10010,-51.149
0,146.6,10001,-47.755
0,146.6,10010,-51.149
0,146.7,10001,-47.757
0,146.7,10010,-51.149
0,146.8,10001,-47.760
0,146.8,10010,-51.148
0,146.9,10001,-47.763
0,146.9,10010,-51.148
0,147.0,10001,-47.766
0,147.0,10010,-51.148
0,147.1,10001,-47.769
0,147.1,10010,-51.147
0,147.2,10001,-47.773
0,147.2,10010,-51.145
0,147.3,10001,-47.777
0,147.3,10010,-51.144
0,147.4,10001,-47.782
0,147.4,10010,-51.143
0,147.5,10001,-47.787
0,147.5,10010,-51.141
0,147.6,10001,-47.792
0,147.6,10010,-51.140
0,147.7,10001,-47.797
0,147.7,10010,-51.139
0,147.8,10001,-47.803
0,147.8,10010,-51.139
0,147.9,10001,-47.809
0,147.9,10010,-51.138
0,148.0,10001,-47.815
0,148.0,10010,-51.137
0,148.1,10001,-47.821
0,148.1,10010,-51.137
0,148.2,10001,-47.828
0,148.2,10010,-51.136
0,148.3,10001,-47.835
0,148.3,10010,-51.136
0,148.4,10001,-47.842
0,148.4,10010,-51.136
0,148.5,10001,-47.850
0,148.5,10010,-51.136
0,148.6,10001,-47.857
0,148.6,10010,-51.136
0,148.7,10001,-47.865
0,148.7,10010,-51.136
0,148.8,10001,-47.873
0,148.8,10010,-51.136
0,148.9,10001,-47.882
0,148.9,10010,-51.136
0,149.0,10001,-47.890
0,149.0,10010,-51.136
0,149.1,10001,-47.899
0,149.1,10010,-51.136
0,149.2,10001,-47.908
0,149.2,10010,-51.137
0,149.3,10001,-47.917
0,149.3,10010,-51.137
0,149.4,10001,-47.926
0,149.4,10010,-51.138
0,149.5,10001,-47.935
0,149.5,10010,-51.139
0,149.6,10001,-47.945
0,149.6,10010,-51.139
0,149.7,10001,-47.955
0,149.7,10010,-51.140
0,149.8,10001,-47.951
0,149.8,10010,-51.141
0,149.9,10001,-47.949
0,149.9,10010,-51.142
0,150.0,10001,-47.946
0,150.0,10010,-51.143
0,150.1,10001,-47.944
0,150.1,10010,-51.144
0,150.2,10001,-47.943
0,150.2,10010,-51.145
0,150.3,10001,-47.942
0,150.3,10010,-51.146
0,150.4,10001,-47.941
0,150.4,10010,-51.147
0,150.5,10001,-47.941
0,150.5,10010,-51.149
0,150.6,10001,-47.941
0,150.6,10010,-51.150
0,150.7,10001,-47.942
0,150.7,10010,-51.151
0,150.8,10001,-47.943
0,150.8,10010,-51.153
0,150.9,10001,-47.944
0,150.9,10010,-51.154
0,151.0,10001,-47.946
0,151.0,10010,-51.156
0,151.1,10001,-47.948
0,151.1,10010,-51.157
0,151.2,10001,-47.950
0,151.2,10010,-51.159
0,151.3,10001,-47.953
0,151.3,10010,-51.161
0,151.4,10001,-47.956
0,151.4,10010,-51.162
0,151.5,10001,-47.960
0,151.5,10010,-51.164
0,151.6,10001,-47.963
0,151.6,10010,-51.166
0,151.7,10001,-47.967
0,151.7,10010,-51.168
0,151.8,10001,-47.972
0,151.8,10010,-51.169
0,151.9,10001,-47.976
0,151.9,10010,-51.171
0,152.0,10001,-47.981
0,152.0,10010,-51.173
0,152.1,10001,-47.986
0,152.1,10010,-51.175
0,152.2,10001,-48.035
0,152.2,10010,-51.242
0,152.3,10001,-48.083
0,152.3,10010,-51.307
0,152.4,10001,-48.130
0,152.4,10010,-51.370
0,152.5,10001,-48.177
0,152.5,10010,-51.432
0,152.6,10001,-48.222
0,152.6,10010,-51.492
0,152.7,10001,-48.267
0,152.7,10010,-51.550
0,152.8,10001,-48.311
0,152.8,10010,-51.605
0,152.9,10001,-48.355
0,152.9,10010,-51.660
0,153.0,10001,-48.397
0,153.0,10010,-51.709
0,153.1,10001,-48.439
0,153.1,10010,-51.756
0,153.2,10001,-48.466
0,153.2,10010,-51.803
0,153.3,10001,-48.492
0,153.3,10010,-51.848
0,153.4,10001,-48.517
0,153.4,10010,-51.892
0,153.5,10001,-48.543
0,153.5,10010,-51.936
0,153.6,10001,-48.568
0,153.6,10010,-51.978
0,153.7,10001,-48.593
0,153.7,10010,-52.019
0,153.8,10001,-48.617
0,153.8,10010,-52.059
0,153.9,10001,-48.642
0,153.9,10010,-52.098
0,154.0,10001,-48.666
0,154.0,10010,-52.136
0,154.1,10001,-48.687
0,154.1,10010,-52.173
0,154.2,10001,-48.708
0,154.2,10010,-52.209
0,154.3,10001,-48.728
0,154.3,10010,-52.244
0,154.4,10001,-48.749
0,154.4,10010,-52.279
0,154.5,10001,-48.769
0,154.5,10010,-52.312
0,154.6,10001,-48.789
0,154.6,10010,-52.345
0,154.7,10001,-48.809
0,154.7,10010,-52.377
0,154.8,10001,-48.829
0,154.8,10010,-52.408
0,154.9,10001,-48.849
0,154.9,10010,-52.438
0,155.0,10001,-48.868
0,155.0,10010,-52.467
0,155.1,10001,-48.887
0,155.1,10010,-52.496
0,155.2,10001,-48.906
0,155.2,10010,-52.524
0,155.3,10001,-48.925
0,155.3,10010,-52.551
0,155.4,10001,-48.944
0,155.4,10010,-52.577
0,155.5,10001,-48.963
0,155.5,10010,-52.603
0,155.6,10001,-48.968
0,155.6,10010,-52.628
0,155.7,10001,-48.973
0,155.7,10010,-52.652
0,155.8,10001,-48.979
0,155.8,10010,-52.676
0,155.9,10001,-48.985
0,155.9,10010,-52.699
0,156.0,10001,-48.990
0,156.0,10010,-52.721
0,156.1,10001,-48.996
0,156.1,10010,-52.743
0,156.2,10001,-49.003
0,156.2,10010,-52.764
0,156.3,10001,-49.009
0,156.3,10010,-52.784
0,156.4,10001,-49.015
0,156.4,10010,-52.804
0,156.5,10001,-49.022
0,156.5,10010,-52.824
0,156.6,10001,-49.029
0,156.6,10010,-52.843
0,156.7,10001,-49.035
0,156.7,10010,-52.861
0,156.8,10001,-49.042
0,156.8,10010,-52.879
0,156.9,10001,-49.050
0,156.9,10010,-52.896
0,157.0,10001,-49.057
0,157.0,10010,-52.913
0,157.1,10001,-49.064
0,157.1,10010,-52.929
0,157.2,10001,-49.071
0,157.2,10010,-52.944
0,157.3,10001,-49.079
0,157.3,10010,-52.960
0,157.4,10001,-49.087
0,157.4,10010,-52.974
0,157.5,10001,-49.094
0,157.5,10010,-52.989
0,157.6,10001,-49.102
0,157.6,10010,-53.002
0,157.7,10001,-49.110
0,157.7,10010,-53.016
0,157.8,10001,-49.118
0,157.8,10010,-53.029
0,157.9,10001,-49.126
0,157.9,10010,-53.041
0,158.0,10001,-49.134
0,158.0,10010,-53.054
0,158.1,10001,-49.143
0,158.1,10010,-53.065
0,158.2,10001,-49.151
0,158.2,10010,-53.077
0,158.3,10001,-49.159
0,158.3,10010,-53.088
0,158.4,10001,-49.168
0,158.4,10010,-53.096
0,158.5,10001,-49.176
0,158.5,10010,-53.105
0,158.6,10001,-49.185
0,158.6,10010,-53.113
0,158.7,10001,-49.194
0,158.7,10010,-53.121
0,158.8,10001,-49.202
0,158.8,10010,-53.128
0,158.9,10001,-49.211
0,158.9,10010,-53.136
0,159.0,10001,-49.220
0,159.0,10010,-53.143
0,159.1,10001,-49.229
0,159.1,10010,-53.149
0,159.2,10001,-49.238
0,159.2,10010,-53.156
0,159.3,10001,-49.247
0,159.3,10010,-53.162
0,159.4,10001,-49.256
0,159.4,10010,-53.168
0,159.5,10001,-49.265
0,159.5,10010,-53.173
0,159.6,10001,-49.274
0,159.6,10010,-53.178
0,159.7,10001,-49.284
0,159.7,10010,-53.184
0,159.8,10001,-49.293
0,159.8,10010,-53.188
0,159.9,10001,-49.302
0,159.9,10010,-53.193
0,160.0,10001,-49.311
0,160.0,10010,-53.197
0,160.1,10001,-49.321
0,160.1,10010,-53.202
0,160.2,10001,-49.330
0,160.2,10010,-53.205
0,160.3,10001,-49.340
0,160.3,10010,-53.209
0,160.4,10001,-49.349
0,160.4,10010,-53.213
0,160.5,10001,-49.359
0,160.5,10010,-53.216
0,160.6,10001,-49.368
0,160.6,10010,-53.219
0,160.7,10001,-49.378
0,160.7,10010,-53.222
0,160.8,10001,-49.387
0,160.8,10010,-53.225
0,160.9,10001,-49.397
0,160.9,10010,-53.227
0,161.0,10001,-49.406
0,161.0,10010,-53.230
0,161.1,10001,-49.416
0,161.1,10010,-53.232
0,161.2,10001,-49.426
0,161.2,10010,-53.234
0,161.3,10001,-49.435
0,161.3,10010,-53.235
0,161.4,10001,-49.432
0,161.4,10010,-53.237
0,161.5,10001,-49.428
0,161.5,10010,-53.239
0,161.6,10001,-49.411
0,161.6,10010,-53.240
0,161.7,10001,-49.393
0,161.7,10010,-53.241
0,161.8,10001,-49.377
0,161.8,10010,-53.238
0,161.9,10001,-49.361
0,161.9,10010,-53.234
0,162.0,10001,-49.346
0,162.0,10010,-53.231
0,162.1,10001,-49.331
0,162.1,10010,-53.227
0,162.2,10001,-49.317
0,162.2,10010,-53.224
0,162.3,10001,-49.304
0,162.3,10010,-53.220
0,162.4,10001,-49.288
0,162.4,10010,-53.217
0,162.5,10001,-49.274
0,162.5,10010,-53.213
0,162.6,10001,-49.259
0,162.6,10010,-53.209
0,162.7,10001,-49.246
0,162.7,10010,-53.205
0,162.8,10001,-49.233
0,162.8,10010,-53.202
0,162.9,10001,-49.221
0,162.9,10010,-53.198
0,163.0,10001,-49.209
0,163.0,10010,-53.194
0,163.1,10001,-49.198
0,163.1,10010,-53.190
0,163.2,10001,-49.187
0,163.2,10010,-53.187
0,163.3,10001,-49.177
0,163.3,10010,-53.183
0,163.4,10001,-49.167
0,163.4,10010,-53.179
0,163.5,10001,-49.158
0,163.5,10010,-53.175
0,163.6,10001,-49.150
0,163.6,10010,-53.171
0,163.7,10001,-49.142
0,163.7,10010,-53.167
0,163.8,10001,-49.134
0,163.8,10010,-53.163
0,163.9,10001,-49.127
0,163.9,10010,-53.159
0,164.0,10001,-49.121
0,164.0,10010,-53.155
0,164.1,10001,-49.114
0,164.1,10010,-53.151
0,164.2,10001,-49.109
0,164.2,10010,-53.145
0,164.3,10001,-49.103
0,164.3,10010,-53.140
0,164.4,10001,-49.098
0,164.4,10010,-53.134
0,164.5,10001,-49.094
0,164.5,10010,-53.128
0,164.6,10001,-49.090
0,164.6,10010,-53.123
0,164.7,10001,-49.086
0,164.7,10010,-53.117
0,164.8,10001,-49.083
0,164.8,10010,-53.111
0,164.9,10001,-49.080
0,164.9,10010,-53.106
0,165.0,10001,-49.077
0,165.0,10010,-53.100
0,165.1,10001,-49.075
0,165.1,10010,-53.095
0,165.2,10001,-49.073
0,165.2,10010,-53.089
0,165.3,10001,-49.072
0,165.3,10010,-53.084
0,165.4,10001,-49.070
0,165.4,10010,-53.078
0,165.5,10001,-49.069
0,165.5,10010,-53.073
0,165.6,10001,-49.069
0,165.6,10010,-53.067
0,165.7,10001,-49.068
0,165.7,10010,-53.062
0,165.8,10001,-49.068
0,165.8,10010,-53.057
0,165.9,10001,-49.069
0,165.9,10010,-53.051
0,166.0,10001,-49.069
0,166.0,10010,-53.046
0,166.1,10001,-49.070
0,166.1,10010,-53.041
0,166.2,10001,-49.071
0,166.2,10010,-53.036
0,166.3,10001,-49.073
0,166.3,10010,-53.031
0,166.4,10001,-49.074
0,166.4,10010,-53.025
0,166.5,10001,-49.076
0,166.5,10010,-53.020
0,166.6,10001,-49.078
0,166.6,10010,-53.015
0,166.7,10001,-49.081
0,166.7,10010,-53.010
0,166.8,10001,-49.083
0,166.8,10010,-53.005
0,166.9,10001,-49.073
0,166.9,10010,-53.000
0,167.0,10001,-49.063
0,167.0,10010,-52.995
0,167.1,10001,-49.054
0,167.1,10010,-52.990
0,167.2,10001,-49.045
0,167.2,10010,-52.985
0,167.3,10001,-49.036
0,167.3,10010,-52.980
0,167.4,10001,-49.029
0,167.4,10010,-52.975
0,167.5,10001,-49.021
0,167.5,10010,-52.970
0,167.6,10001,-49.014
0,167.6,10010,-52.965
0,167.7,10001,-49.008
0,167.7,10010,-52.961
0,167.8,10001,-49.002
0,167.8,10010,-52.956
0,167.9,10001,-48.996
0,167.9,10010,-52.951
0,168.0,10001,-48.991
0,168.0,10010,-52.946
0,168.1,10001,-48.987
0,168.1,10010,-52.941
0,168.2,10001,-48.982
0,168.2,10010,-52.937
0,168.3,10001,-48.979
0,168.3,10010,-52.932
0,168.4,10001,-48.975
0,168.4,10010,-52.927
0,168.5,10001,-48.972
0,168.5,10010,-52.923
0,168.6,10001,-48.969
0,168.6,10010,-52.918
0,168.7,10001,-48.967
0,168.7,10010,-52.913
0,168.8,10001,-48.965
0,168.8,10010,-52.909
0,168.9,10001,-48.964
0,168.9,10010,-52.904
0,169.0,10001,-48.962
0,169.0,10010,-52.900
0,169.1,10001,-48.961
0,169.1,10010,-52.895
0,169.2,10001,-48.961
0,169.2,10010,-52.891
0,169.3,10001,-48.960
0,169.3,10010,-52.886
0,169.4,10001,-48.960
0,169.4,10010,-52.882
0,169.5,10001,-48.961
0,169.5,10010,-52.878
0,169.6,10001,-48.961
0,169.6,10010,-52.873
0,169.7,10001,-48.962
0,169.7,10010,-52.869
0,169.8,10001,-48.963
0,169.8,10010,-52.863
0,169.9,10001,-48.965
0,169.9,10010,-52.857
0,170.0,10001,-48.966
0,170.0,10010,-52.851
0,170.1,10001,-48.953
0,170.1,10010,-52.840
0,170.2,10001,-48.941
0,170.2,10010,-52.830
0,170.3,10001,-48.929
0,170.3,10010,-52.820
0,170.4,10001,-48.918
0,170.4,10010,-52.810
0,170.5,10001,-48.907
0,170.5,10010,-52.801
0,170.6,10001,-48.897
0,170.6,10010,-52.791
0,170.7,10001,-48.887
0,170.7,10010,-52.782
0,170.8,10001,-48.878
0,170.8,10010,-52.773
0,170.9,10001,-48.870
0,170.9,10010,-52.763
0,171.0,10001,-48.862
0,171.0,10010,-52.755
0,171.1,10001,-48.855
0,171.1,10010,-52.746
0,171.2,10001,-48.845
0,171.2,10010,-52.737
0,171.3,10001,-48.836
0,171.3,10010,-52.729
0,171.4,10001,-48.827
0,171.4,10010,-52.720
0,171.5,10001,-48.819
0,171.5,10010,-52.712
0,171.6,10001,-48.812
0,171.6,10010,-52.704
0,171.7,10001,-48.805
0,171.7,10010,-52.696
0,171.8,10001,-48.799
0,171.8,10010,-52.688
0,171.9,10001,-48.793
0,171.9,10010,-52.681
0,172.0,10001,-48.787
0,172.0,10010,-52.673
0,172.1,10001,-48.782
0,172.1,10010,-52.666
0,172.2,10001,-48.777
0,172.2,10010,-52.658
0,172.3,10001,-48.773
0,172.3,10010,-52.651
0,172.4,10001,-48.769
0,172.4,10010,-52.644
0,172.5,10001,-48.766
0,172.5,10010,-52.637
0,172.6,10001,-48.750
0,172.6,10010,-52.630
0,172.7,10001,-48.734
0,172.7,10010,-52.623
0,172.8,10001,-48.719
0,172.8,10010,-52.617
0,172.9,10001,-48.705
0,172.9,10010,-52.610
0,173.0,10001,-48.692
0,173.0,10010,-52.604
0,173.1,10001,-48.679
0,173.1,10010,-52.597
0,173.2,10001,-48.667
0,173.2,10010,-52.591
0,173.3,10001,-48.655
0,173.3,10010,-52.585
0,173.4,10001,-48.644
0,173.4,10010,-52.579
0,173.5,10001,-48.634
0,173.5,10010,-52.573
0,173.6,10001,-48.624
0,173.6,10010,-52.567
0,173.7,10001,-48.615
0,173.7,10010,-52.561
0,173.8,10001,-48.607
0,173.8,10010,-52.556
0,173.9,10001,-48.599
0,173.9,10010,-52.550
0,174.0,10001,-48.591
0,174.0,10010,-52.544
0,174.1,10001,-48.584
0,174.1,10010,-52.539
0,174.2,10001,-48.578
0,174.2,10010,-52.534
0,174.3,10001,-48.572
0,174.3,10010,-52.528
0,174.4,10001,-48.566
0,174.4,10010,-52.523
0,174.5,10001,-48.561
0,174.5,10010,-52.518
0,174.6,10001,-48.557
0,174.6,10010,-52.513
0,174.7,10001,-48.552
0,174.7,10010,-52.508
0,174.8,10001,-48.549
0,174.8,10010,-52.503
0,174.9,10001,-48.546
0,174.9,10010,-52.498
0,175.0,10001,-48.543
0,175.0,10010,-52.493
0,175.1,10001,-48.540
0,175.1,10010,-52.489
0,175.2,10001,-48.538
0,175.2,10010,-52.484
0,175.3,10001,-48.537
0,175.3,10010,-52.479
0,175.4,10001,-48.536
0,175.4,10010,-52.473
0,175.5,10001,-48.535
0,175.5,10010,-52.467
0,175.6,10001,-48.534
0,175.6,10010,-52.461
0,175.7,10001,-48.534
0,175.7,10010,-52.455
0,175.8,10001,-48.534
0,175.8,10010,-52.449
0,175.9,10001,-48.535
0,175.9,10010,-52.443
0,176.0,10001,-48.536
0,176.0,10010,-52.438
0,176.1,10001,-48.537
0,176.1,10010,-52.432
0,176.2,10001,-48.539
0,176.2,10010,-52.427
0,176.3,10001,-48.540
0,176.3,10010,-52.421
0,176.4,10001,-48.542
0,176.4,10010,-52.416
0,176.5,10001,-48.545
0,176.5,10010,-52.411
0,176.6,10001,-48.548
0,176.6,10010,-52.406
0,176.7,10001,-48.551
0,176.7,10010,-52.401
0,176.8,10001,-48.554
0,176.8,10010,-52.396
0,176.9,10001,-48.557
0,176.9,10010,-52.391
0,177.0,10001,-48.561
0,177.0,10010,-52.386
0,177.1,10001,-48.565
0,177.1,10010,-52.381
0,177.2,10001,-48.569
0,177.2,10010,-52.377
0,177.3,10001,-48.574
0,177.3,10010,-52.372
0,177.4,10001,-48.578
0,177.4,10010,-52.368
0,177.5,10001,-48.583
0,177.5,10010,-52.364
0,177.6,10001,-48.588
0,177.6,10010,-52.359
0,177.7,10001,-48.594
0,177.7,10010,-52.355
0,177.8,10001,-48.599
0,177.8,10010,-52.351
0,177.9,10001,-48.605
0,177.9,10010,-52.347
0,178.0,10001,-48.611
0,178.0,10010,-52.343
0,178.1,10001,-48.617
0,178.1,10010,-52.339
0,178.2,10001,-48.623
0,178.2,10010,-52.335
0,178.3,10001,-48.630
0,178.3,10010,-52.331
0,178.4,10001,-48.623
0,178.4,10010,-52.327
0,178.5,10001,-48.617
0,178.5,10010,-52.323
0,178.6,10001,-48.597
0,178.6,10010,-52.320
0,178.7,10001,-48.577
0,178.7,10010,-52.316
0,178.8,10001,-48.558
0,178.8,10010,-52.308
0,178.9,10001,-48.540
0,178.9,10010,-52.300
0,179.0,10001,-48.522
0,179.0,10010,-52.293
0,179.1,10001,-48.506
0,179.1,10010,-52.285
0,179.2,10001,-48.490
0,179.2,10010,-52.278
0,179.3,10001,-48.475
0,179.3,10010,-52.271
0,179.4,10001,-48.458
0,179.4,10010,-52.264
0,179.5,10001,-48.441
0,179.5,10010,-52.257
0,179.6,10001,-48.426
0,179.6,10010,-52.250
0,179.7,10001,-48.411
0,179.7,10010,-52.244
0,179.8,10001,-48.397
0,179.8,10010,-52.237
0,179.9,10001,-48.384
0,179.9,10010,-52.231
0,180.0,10001,-48.371
0,180.0,10010,-52.225
0,180.1,10001,-48.359
0,180.1,10010,-52.219
0,180.2,10001,-48.348
0,180.2,10010,-52.213
0,180.3,10001,-48.337
0,180.3,10010,-52.207
0,180.4,10001,-48.327
0,180.4,10010,-52.201
0,180.5,10001,-48.317
0,180.5,10010,-52.196
0,180.6,10001,-48.309
0,180.6,10010,-52.190
0,180.7,10001,-48.300
0,180.7,10010,-52.185
0,180.8,10001,-48.293
0,180.8,10010,-52.180
0,180.9,10001,-48.285
0,180.9,10010,-52.175
0,181.0,10001,-48.279
0,181.0,10010,-52.170
0,181.1,10001,-48.273
0,181.1,10010,-52.165
0,181.2,10001,-48.267
0,181.2,10010,-52.158
0,181.3,10001,-48.262
0,181.3,10010,-52.152
0,181.4,10001,-48.258
0,181.4,10010,-52.146
0,181.5,10001,-48.254
0,181.5,10010,-52.140
0,181.6,10001,-48.250
0,181.6,10010,-52.134
0,181.7,10001,-48.247
0,181.7,10010,-52.128
0,181.8,10001,-48.244
0,181.8,10010,-52.122
0,181.9,10001,-48.242
0,181.9,10010,-52.116
0,182.0,10001,-48.240
0,182.0,10010,-52.111
0,182.1,10001,-48.239
0,182.1,10010,-52.106
0,182.2,10001,-48.238
0,182.2,10010,-52.100
0,182.3,10001,-48.237
0,182.3,10010,-52.095
0,182.4,10001,-48.237
0,182.4,10010,-52.090
0,182.5,10001,-48.237
0,182.5,10010,-52.086
0,182.6,10001,-48.237
0,182.6,10010,-52.081
0,182.7,10001,-48.238
0,182.7,10010,-52.076
0,182.8,10001,-48.239
0,182.8,10010,-52.072
0,182.9,10001,-48.241
0,182.9,10010,-52.067
0,183.0,10001,-48.243
0,183.0,10010,-52.063
0,183.1,10001,-48.245
0,183.1,10010,-52.059
0,183.2,10001,-48.248
0,183.2,10010,-52.054
0,183.3,10001,-48.250
0,183.3,10010,-52.050
0,183.4,10001,-48.254
0,183.4,10010,-52.047
0,183.5,10001,-48.257
0,183.5,10010,-52.043
0,183.6,10001,-48.261
0,183.6,10010,-52.039
0,183.7,10001,-48.265
0,183.7,10010,-52.035
0,183.8,10001,-48.269
0,183.8,10010,-52.032
0,183.9,10001,-48.260
0,183.9,10010,-52.028
0,184.0,10001,-48.252
0,184.0,10010,-52.025
0,184.1,10001,-48.245
0,184.1,10010,-52.021
0,184.2,10001,-48.238
0,184.2,10010,-52.018
0,184.3,10001,-48.231
0,184.3,10010,-52.015
0,184.4,10001,-48.225
0,184.4,10010,-52.012
0,184.5,10001,-48.220
0,184.5,10010,-52.009
0,184.6,10001,-48.215
0,184.6,10010,-52.006
0,184.7,10001,-48.210
0,184.7,10010,-52.003
0,184.8,10001,-48.207
0,184.8,10010,-52.000
0,184.9,10001,-48.203
0,184.9,10010,-51.998
0,185.0,10001,-48.200
0,185.0,10010,-51.995
0,185.1,10001,-48.198
0,185.1,10010,-51.992
0,185.2,10001,-48.195
0,185.2,10010,-51.990
0,185.3,10001,-48.194
0,185.3,10010,-51.987
0,185.4,10001,-48.192
0,185.4,10010,-51.985
0,185.5,10001,-48.192
0,185.5,10010,-51.983
0,185.6,10001,-48.191
0,185.6,10010,-51.980
0,185.7,10001,-48.191
0,185.7,10010,-51.978
0,185.8,10001,-48.191
0,185.8,10010,-51.976
0,185.9,10001,-48.192
0,185.9,10010,-51.974
0,186.0,10001,-48.193
0,186.0,10010,-51.972
0,186.1,10001,-48.194
0,186.1,10010,-51.970
0,186.2,10001,-48.196
0,186.2,10010,-51.968
0,186.3,10001,-48.198
0,186.3,10010,-51.966
0,186.4,10001,-48.201
0,186.4,10010,-51.964
0,186.5,10001,-48.203
0,186.5,10010,-51.962
0,186.6,10001,-48.206
0,186.6,10010,-51.960
0,186.7,10001,-48.210
0,186.7,10010,-51.959
0,186.8,10001,-48.213
0,186.8,10010,-51.955
0,186.9,10001,-48.217
0,186.9,10010,-51.952
0,187.0,10001,-48.221
0,187.0,10010,-51.949
0,187.1,10001,-48.226
0,187.1,10010,-51.941
0,187.2,10001,-48.215
0,187.2,10010,-51.934
0,187.3,10001,-48.206
0,187.3,10010,-51.927
0,187.4,10001,-48.197
0,187.4,10010,-51.920
0,187.5,10001,-48.188
0,187.5,10010,-51.913
0,187.6,10001,-48.180
0,187.6,10010,-51.906
0,187.7,10001,-48.173
0,187.7,10010,-51.900
0,187.8,10001,-48.166
0,187.8,10010,-51.893
0,187.9,10001,-48.160
0,187.9,10010,-51.887
0,188.0,10001,-48.154
0,188.0,10010,-51.881
0,188.1,10001,-48.149
0,188.1,10010,-51.875
0,188.2,10001,-48.142
0,188.2,10010,-51.870
0,188.3,10001,-48.135
0,188.3,10010,-51.864
0,188.4,10001,-48.129
0,188.4,10010,-51.859
0,188.5,10001,-48.123
0,188.5,10010,-51.854
0,188.6,10001,-48.118
0,188.6,10010,-51.848
0,188.7,10001,-48.113
0,188.7,10010,-51.843
0,188.8,10001,-48.109
0,188.8,10010,-51.839
0,188.9,10001,-48.106
0,188.9,10010,-51.834
0,189.0,10001,-48.102
0,189.0,10010,-51.829
0,189.1,10001,-48.100
0,189.1,10010,-51.825
0,189.2,10001,-48.097
0,189.2,10010,-51.821
0,189.3,10001,-48.096
0,189.3,10010,-51.817
0,189.4,10001,-48.094
0,189.4,10010,-51.813
0,189.5,10001,-48.093
0,189.5,10010,-51.809
0,189.6,10001,-48.093
0,189.6,10010,-51.805
0,189.7,10001,-48.079
0,189.7,10010,-51.801
0,189.8,10001,-48.067
0,189.8,10010,-51.798
0,189.9,10001,-48.055
0,189.9,10010,-51.794
0,190.0,10001,-48.043
0,190.0,10010,-51.791
0,190.1,10001,-48.033
0,190.1,10010,-51.788
0,190.2,10001,-48.023
0,190.2,10010,-51.784
0,190.3,10001,-48.013
0,190.3,10010,-51.781
0,190.4,10001,-48.005
0,190.4,10010,-51.778
0,190.5,10001,-47.996
0,190.5,10010,-51.775
0,190.6,10001,-47.989
0,190.6,10010,-51.773
0,190.7,10001,-47.982
0,190.7,10010,-51.770
0,190.8,10001,-47.976
0,190.8,10010,-51.767
0,190.9,10001,-47.970
0,190.9,10010,-51.765
0,191.0,10001,-47.965
0,191.0,10010,-51.762
0,191.1,10001,-47.960
0,191.1,10010,-51.760
0,191.2,10001,-47.956
0,191.2,10010,-51.758
0,191.3,10001,-47.952
0,191.3,10010,-51.756
0,191.4,10001,-47.949
0,191.4,10010,-51.754
0,191.5,10001,-47.946
0,191.5,10010,-51.752
0,191.6,10001,-47.944
0,191.6,10010,-51.750
0,191.7,10001,-47.942
0,191.7,10010,-51.748
0,191.8,10001,-47.940
0,191.8,10010,-51.746
0,191.9,10001,-47.939
0,191.9,10010,-51.744
0,192.0,10001,-47.939
0,192.0,10010,-51.743
0,192.1,10001,-47.939
0,192.1,10010,-51.741
0,192.2,10001,-47.939
0,192.2,10010,-51.739
0,192.3,10001,-47.940
0,192.3,10010,-51.738
0,192.4,10001,-47.941
0,192.4,10010,-51.737
0,192.5,10001,-47.942
0,192.5,10010,-51.733
0,192.6,10001,-47.944
0,192.6,10010,-51.730
0,192.7,10001,-47.946
0,192.7,10010,-51.727
0,192.8,10001,-47.949
0,192.8,10010,-51.725
0,192.9,10001,-47.952
0,192.9,10010,-51.722
0,193.0,10001,-47.955
0,193.0,10010,-51.719
0,193.1,10001,-47.958
0,193.1,10010,-51.717
0,193.2,10001,-47.962
0,193.2,10010,-51.714
0,193.3,10001,-47.966
0,193.3,10010,-51.712
0,193.4,10001,-47.971
0,193.4,10010,-51.710
0,193.5,10001,-47.975
0,193.5,10010,-51.708
0,193.6,10001,-47.980
0,193.6,10010,-51.705
0,193.7,10001,-47.986
0,193.7,10010,-51.703
0,193.8,10001,-47.991
0,193.8,10010,-51.702
0,193.9,10001,-47.997
0,193.9,10010,-51.700
0,194.0,10001,-48.003
0,194.0,10010,-51.698
0,194.1,10001,-48.009
0,194.1,10010,-51.696
0,194.2,10001,-48.016
0,194.2,10010,-51.695
0,194.3,10001,-48.023
0,194.3,10010,-51.693
0,194.4,10001,-48.030
0,194.4,10010,-51.691
0,194.5,10001,-48.037
0,194.5,10010,-51.690
0,194.6,10001,-48.044
0,194.6,10010,-51.689
0,194.7,10001,-48.052
0,194.7,10010,-51.687
0,194.8,10001,-48.060
0,194.8,10010,-51.686
0,194.9,10001,-48.068
0,194.9,10010,-51.685
0,195.0,10001,-48.076
0,195.0,10010,-51.684
0,195.1,10001,-48.084
0,195.1,10010,-51.683
0,195.2,10001,-48.093
0,195.2,10010,-51.682
0,195.3,10001,-48.102
0,195.3,10010,-51.681
0,195.4,10001,-48.111
0,195.4,10010,-51.680
0,195.5,10001,-48.106
0,195.5,10010,-51.679
0,195.6,10001,-48.103
0,195.6,10010,-51.678
0,195.7,10001,-48.099
0,195.7,10010,-51.678
0,195.8,10001,-48.082
0,195.8,10010,-51.677
0,195.9,10001,-48.065
0,195.9,10010,-51.676
0,196.0,10001,-48.049
0,196.0,10010,-51.671
0,196.1,10001,-48.033
0,196.1,10010,-51.666
0,196.2,10001,-48.019
0,196.2,10010,-51.662
0,196.3,10001,-48.005
0,196.3,10010,-51.657
0,196.4,10001,-47.992
0,196.4,10010,-51.653
0,196.5,10001,-47.977
0,196.5,10010,-51.649
0,196.6,10001,-47.962
0,196.6,10010,-51.644
0,196.7,10001,-47.949
0,196.7,10010,-51.640
0,196.8,10001,-47.936
0,196.8,10010,-51.637
0,196.9,10001,-47.924
0,196.9,10010,-51.633
0,197.0,10001,-47.913
0,197.0,10010,-51.629
0,197.1,10001,-47.902
0,197.1,10010,-51.626
0,197.2,10001,-47.892
0,197.2,10010,-51.622
0,197.3,10001,-47.883
0,197.3,10010,-51.619
0,197.4,10001,-47.874
0,197.4,10010,-51.616
0,197.5,10001,-47.866
0,197.5,10010,-51.613
0,197.6,10001,-47.858
0,197.6,10010,-51.610
0,197.7,10001,-47.852
0,197.7,10010,-51.608
0,197.8,10001,-47.845
0,197.8,10010,-51.605
0,197.9,10001,-47.840
0,197.9,10010,-51.602
0,198.0,10001,-47.834
0,198.0,10010,-51.600
0,198.1,10001,-47.830
0,198.1,10010,-51.597
0,198.2,10001,-47.826
0,198.2,10010,-51.595
0,198.3,10001,-47.822
0,198.3,10010,-51.591
0,198.4,10001,-47.819
0,198.4,10010,-51.588
0,198.5,10001,-47.816
0,198.5,10010,-51.584
0,198.6,10001,-47.814
0,198.6,10010,-51.580
0,198.7,10001,-47.812
0,198.7,10010,-51.577
0,198.8,10001,-47.811
0,198.8,10010,-51.574
0,198.9,10001,-47.810
0,198.9,10010,-51.571
0,199.0,10001,-47.810
0,199.0,10010,-51.567
0,199.1,10001,-47.810
0,199.1,10010,-51.565
0,199.2,10001,-47.811
0,199.2,10010,-51.562
0,199.3,10001,-47.812
0,199.3,10010,-51.559
0,199.4,10001,-47.813
0,199.4,10010,-51.557
0,199.5,10001,-47.815
0,199.5,10010,-51.554
0,199.6,10001,-47.817
0,199.6,10010,-51.552
0,199.7,10001,-47.819
0,199.7,10010,-51.549
0,199.8,10001,-47.822
0,199.8,10010,-51.547
0,199.9,10001,-47.825
0,199.9,10010,-51.545
0,200.0,10001,-47.828
0,200.0,10010,-51.543
0,200.1,10001,-47.832
0,200.1,10010,-51.541
0,200.2,10001,-47.836
0,200.2,10010,-51.540
0,200.3,10001,-47.840
0,200.3,10010,-51.538
0,200.4,10001,-47.845
0,200.4,10010,-51.536
0,200.5,10001,-47.850
0,200.5,10010,-51.535
0,200.6,10001,-47.855
0,200.6,10010,-51.533
0,200.7,10001,-47.861
0,200.7,10010,-51.532
0,200.8,10001,-47.867
0,200.8,10010,-51.531
0,200.9,10001,-47.873
0,200.9,10010,-51.530
0,201.0,10001,-47.866
0,201.0,10010,-51.528
0,201.1,10001,-47.860
0,201.1,10010,-51.527
0,201.2,10001,-47.854
0,201.2,10010,-51.526
0,201.3,10001,-47.849
0,201.3,10010,-51.526
0,201.4,10001,-47.844
0,201.4,10010,-51.525
0,201.5,10001,-47.840
0,201.5,10010,-51.524
0,201.6,10001,-47.836
0,201.6,10010,-51.523
0,201.7,10001,-47.833
0,201.7,10010,-51.523
0,201.8,10001,-47.830
0,201.8,10010,-51.522
0,201.9,10001,-47.828
0,201.9,10010,-51.522
0,202.0,10001,-47.827
0,202.0,10010,-51.521
0,202.1,10001,-47.825
0,202.1,10010,-51.521
0,202.2,10001,-47.825
0,202.2,10010,-51.520
0,202.3,10001,-47.824
0,202.3,10010,-51.520
0,202.4,10001,-47.824
0,202.4,10010,-51.520
0,202.5,10001,-47.825
0,202.5,10010,-51.520
0,202.6,10001,-47.826
0,202.6,10010,-51.520
0,202.7,10001,-47.827
0,202.7,10010,-51.519
0,202.8,10001,-47.828
0,202.8,10010,-51.519
0,202.9,10001,-47.830
0,202.9,10010,-51.519
0,203.0,10001,-47.833
0,203.0,10010,-51.520
0,203.1,10001,-47.835
0,203.1,10010,-51.520
0,203.2,10001,-47.839
0,203.2,10010,-51.520
0,203.3,10001,-47.842
0,203.3,10010,-51.520
0,203.4,10001,-47.846
0,203.4,10010,-51.520
0,203.5,10001,-47.850
0,203.5,10010,-51.521
0,203.6,10001,-47.854
0,203.6,10010,-51.521
0,203.7,10001,-47.859
0,203.7,10010,-51.521
0,203.8,10001,-47.864
0,203.8,10010,-51.522
0,203.9,10001,-47.869
0,203.9,10010,-51.520
0,204.0,10001,-47.874
0,204.0,10010,-51.519
0,204.1,10001,-47.880
0,204.1,10010,-51.518
0,204.2,10001,-47.886
0,204.2,10010,-51.512
0,204.3,10001,-47.893
0,204.3,10010,-51.507
0,204.4,10001,-47.884
0,204.4,10010,-51.502
0,204.5,10001,-47.876
0,204.5,10010,-51.497
0,204.6,10001,-47.869
0,204.6,10010,-51.492
0,204.7,10001,-47.862
0,204.7,10010,-51.488
0,204.8,10001,-47.856
0,204.8,10010,-51.483
0,204.9,10001,-47.851
0,204.9,10010,-51.479
0,205.0,10001,-47.846
0,205.0,10010,-51.475
0,205.1,10001,-47.841
0,205.1,10010,-51.471
0,205.2,10001,-47.837
0,205.2,10010,-51.467
0,205.3,10001,-47.831
0,205.3,10010,-51.463
0,205.4,10001,-47.826
0,205.4,10010,-51.460
0,205.5,10001,-47.821
0,205.5,10010,-51.456
0,205.6,10001,-47.816
0,205.6,10010,-51.453
0,205.7,10001,-47.812
0,205.7,10010,-51.450
0,205.8,10001,-47.809
0,205.8,10010,-51.447
0,205.9,10001,-47.806
0,205.9,10010,-51.444
0,206.0,10001,-47.804
0,206.0,10010,-51.441
0,206.1,10001,-47.802
0,206.1,10010,-51.439
0,206.2,10001,-47.800
0,206.2,10010,-51.436
0,206.3,10001,-47.799
0,206.3,10010,-51.434
0,206.4,10001,-47.799
0,206.4,10010,-51.431
0,206.5,10001,-47.799
0,206.5,10010,-51.429
0,206.6,10001,-47.799
0,206.6,10010,-51.427
0,206.7,10001,-47.799
0,206.7,10010,-51.425
0,206.8,10001,-47.787
0,206.8,10010,-51.423
0,206.9,10001,-47.776
0,206.9,10010,-51.422
0,207.0,10001,-47.765
0,207.0,10010,-51.420
0,207.1,10001,-47.755
0,207.1,10010,-51.419
0,207.2,10001,-47.746
0,207.2,10010,-51.417
0,207.3,10001,-47.737
0,207.3,10010,-51.416
0,207.4,10001,-47.729
0,207.4,10010,-51.414
0,207.5,10001,-47.721
0,207.5,10010,-51.413
0,207.6,10001,-47.714
0,207.6,10010,-51.412
0,207.7,10001,-47.708
0,207.7,10010,-51.411
0,207.8,10001,-47.702
0,207.8,10010,-51.410
0,207.9,10001,-47.697
0,207.9,10010,-51.409
0,208.0,10001,-47.692
0,208.0,10010,-51.409
0,208.1,10001,-47.688
0,208.1,10010,-51.408
0,208.2,10001,-47.685
0,208.2,10010,-51.407
0,208.3,10001,-47.682
0,208.3,10010,-51.407
0,208.4,10001,-47.679
0,208.4,10010,-51.406
0,208.5,10001,-47.677
0,208.5,10010,-51.406
0,208.6,10001,-47.676
0,208.6,10010,-51.406
0,208.7,10001,-47.675
0,208.7,10010,-51.405
0,208.8,10001,-47.674
0,208.8,10010,-51.405
0,208.9,10001,-47.674
0,208.9,10010,-51.405
0,209.0,10001,-47.674
0,209.0,10010,-51.405
0,209.1,10001,-47.675
0,209.1,10010,-51.405
0,209.2,10001,-47.676
0,209.2,10010,-51.405
0,209.3,10001,-47.677
0,209.3,10010,-51.405
0,209.4,10001,-47.679
0,209.4,10010,-51.405
0,209.5,10001,-47.681
0,209.5,10010,-51.406
0,209.6,10001,-47.684
0,209.6,10010,-51.404
0,209.7,10001,-47.687
0,209.7,10010,-51.403
0,209.8,10001,-47.690
0,209.8,10010,-51.401
0,209.9,10001,-47.694
0,209.9,10010,-51.400
0,210.0,10001,-47.698
0,210.0,10010,-51.399
0,210.1,10001,-47.702
0,210.1,10010,-51.398
0,210.2,10001,-47.707
0,210.2,10010,-51.397
0,210.3,10001,-47.712
0,210.3,10010,-51.396
0,210.4,10001,-47.717
0,210.4,10010,-51.396
0,210.5,10001,-47.723
0,210.5,10010,-51.395
0,210.6,10001,-47.728
0,210.6,10010,-51.394
0,210.7,10001,-47.735
0,210.7,10010,-51.394
0,210.8,10001,-47.741
0,210.8,10010,-51.393
0,210.9,10001,-47.748
0,210.9,10010,-51.393
0,211.0,10001,-47.754
0,211.0,10010,-51.392
0,211.1,10001,-47.762
0,211.1,10010,-51.392
0,211.2,10001,-47.769
0,211.2,10010,-51.392
0,211.3,10001,-47.777
0,211.3,10010,-51.392
0,211.4,10001,-47.784
0,211.4,10010,-51.392
0,211.5,10001,-47.793
0,211.5,10010,-51.392
0,211.6,10001,-47.801
0,211.6,10010,-51.392
0,211.7,10001,-47.809
0,211.7,10010,-51.392
0,211.8,10001,-47.818
0,211.8,10010,-51.392
0,211.9,10001,-47.827
0,211.9,10010,-51.392
0,212.0,10001,-47.836
0,212.0,10010,-51.393
0,212.1,10001,-47.845
0,212.1,10010,-51.393
0,212.2,10001,-47.855
0,212.2,10010,-51.393
0,212.3,10001,-47.864
0,212.3,10010,-51.394
0,212.4,10001,-47.874
0,212.4,10010,-51.394
0,212.5,10001,-47.884
0,212.5,10010,-51.395
0,212.6,10001,-47.881
0,212.6,10010,-51.395
0,212.7,10001,-47.879
0,212.7,10010,-51.396
0,212.8,10001,-47.876
0,212.8,10010,-51.397
0,212.9,10001,-47.860
0,212.9,10010,-51.397
0,213.0,10001,-47.844
0,213.0,10010,-51.398
0,213.1,10001,-47.829
0,213.1,10010,-51.394
0,213.2,10001,-47.814
0,213.2,10010,-51.391
0,213.3,10001,-47.801
0,213.3,10010,-51.388
0,213.4,10001,-47.788
0,213.4,10010,-51.384
0,213.5,10001,-47.776
0,213.5,10010,-51.381
0,213.6,10001,-47.762
0,213.6,10010,-51.378
0,213.7,10001,-47.749
0,213.7,10010,-51.376
0,213.8,10001,-47.736
0,213.8,10010,-51.373
0,213.9,10001,-47.724
0,213.9,10010,-51.370
0,214.0,10001,-47.713
0,214.0,10010,-51.368
0,214.1,10001,-47.703
0,214.1,10010,-51.366
0,214.2,10001,-47.693
0,214.2,10010,-51.364
0,214.3,10001,-47.684
0,214.3,10010,-51.362
0,214.4,10001,-47.676
0,214.4,10010,-51.360
0,214.5,10001,-47.668
0,214.5,10010,-51.358
0,214.6,10001,-47.661
0,214.6,10010,-51.356
0,214.7,10001,-47.655
0,214.7,10010,-51.354
0,214.8,10001,-47.649
0,214.8,10010,-51.353
0,214.9,10001,-47.643
0,214.9,10010,-51.352
0,215.0,10001,-47.638
0,215.0,10010,-51.350
0,215.1,10001,-47.634
0,215.1,10010,-51.349
0,215.2,10001,-47.631
0,215.2,10010,-51.348
0,215.3,10001,-47.627
0,215.3,10010,-51.347
0,215.4,10001,-47.625
0,215.4,10010,-51.344
0,215.5,10001,-47.623
0,215.5,10010,-51.342
0,215.6,10001,-47.621
0,215.6,10010,-51.339
0,215.7,10001,-47.620
0,215.7,10010,-51.337
0,215.8,10001,-47.619
0,215.8,10010,-51.335
0,215.9,10001,-47.619
0,215.9,10010,-51.333
0,216.0,10001,-47.619
0,216.0,10010,-51.331
0,216.1,10001,-47.619
0,216.1,10010,-51.329
0,216.2,10001,-47.620
0,216.2,10010,-51.327
0,216.3,10001,-47.622
0,216.3,10010,-51.326
0,216.4,10001,-47.624
0,216.4,10010,-51.324
0,216.5,10001,-47.626
0,216.5,10010,-51.323
0,216.6,10001,-47.628
0,216.6,10010,-51.321
0,216.7,10001,-47.631
0,216.7,10010,-51.320
0,216.8,10001,-47.635
0,216.8,10010,-51.319
0,216.9,10001,-47.638
0,216.9,10010,-51.318
0,217.0,10001,-47.642
0,217.0,10010,-51.317
0,217.1,10001,-47.646
0,217.1,10010,-51.316
0,217.2,10001,-47.651
0,217.2,10010,-51.315
0,217.3,10001,-47.656
0,217.3,10010,-51.315
0,217.4,10001,-47.661
0,217.4,10010,-51.314
0,217.5,10001,-47.667
0,217.5,10010,-51.314
0,217.6,10001,-47.673
0,217.6,10010,-51.313
0,217.7,10001,-47.679
0,217.7,10010,-51.313
0,217.8,10001,-47.685
0,217.8,10010,-51.313
0,217.9,10001,-47.692
0,217.9,10010,-51.313
0,218.0,10001,-47.699
0,218.0,10010,-51.312
0,218.1,10001,-47.693
0,218.1,10010,-51.312
0,218.2,10001,-47.687
0,218.2,10010,-51.312
0,218.3,10001,-47.682
0,218.3,10010,-51.313
0,218.4,10001,-47.678
0,218.4,10010,-51.313
0,218.5,10001,-47.674
0,218.5,10010,-51.313
0,218.6,10001,-47.671
0,218.6,10010,-51.313
0,218.7,10001,-47.668
0,218.7,10010,-51.314
0,218.8,10001,-47.666
0,218.8,10010,-51.314
0,218.9,10001,-47.664
0,218.9,10010,-51.314
0,219.0,10001,-47.663
0,219.0,10010,-51.315
0,219.1,10001,-47.662
0,219.1,10010,-51.316
0,219.2,10001,-47.661
0,219.2,10010,-51.316
0,219.3,10001,-47.661
0,219.3,10010,-51.317
0,219.4,10001,-47.662
0,219.4,10010,-51.318
0,219.5,10001,-47.662
0,219.5,10010,-51.318
0,219.6,10001,-47.664
0,219.6,10010,-51.319
0,219.7,10001,-47.665
0,219.7,10010,-51.320
0,219.8,10001,-47.667
0,219.8,10010,-51.321
0,219.9,10001,-47.670
0,219.9,10010,-51.322
0,220.0,10001,-47.673
0,220.0,10010,-51.323
0,220.1,10001,-47.676
0,220.1,10010,-51.324
0,220.2,10001,-47.679
0,220.2,10010,-51.325
0,220.3,10001,-47.683
0,220.3,10010,-51.326
0,220.4,10001,-47.687
0,220.4,10010,-51.327
0,220.5,10001,-47.692
0,220.5,10010,-51.329
0,220.6,10001,-47.696
0,220.6,10010,-51.330
0,220.7,10001,-47.702
0,220.7,10010,-51.331
0,220.8,10001,-47.707
0,220.8,10010,-51.332
0,220.9,10001,-47.713
0,220.9,10010,-51.334
0,221.0,10001,-47.719
0,221.0,10010,-51.333
0,221.1,10001,-47.725
0,221.1,10010,-51.333
0,221.2,10001,-47.731
0,221.2,10010,-51.333
0,221.3,10001,-47.738
0,221.3,10010,-51.333
0,221.4,10001,-47.745
0,221.4,10010,-51.328
0,221.5,10001,-47.737
0,221.5,10010,-51.324
0,221.6,10001,-47.730
0,221.6,10010,-51.320
0,221.7,10001,-47.724
0,221.7,10010,-51.316
0,221.8,10001,-47.718
0,221.8,10010,-51.312
0,221.9,10001,-47.712
0,221.9,10010,-51.308
0,222.0,10001,-47.708
0,222.0,10010,-51.305
0,222.1,10001,-47.703
0,222.1,10010,-51.301
0,222.2,10001,-47.700
0,222.2,10010,-51.298
0,222.3,10001,-47.696
0,222.3,10010,-51.295
0,222.4,10001,-47.691
0,222.4,10010,-51.292
0,222.5,10001,-47.686
0,222.5,10010,-51.289
0,222.6,10001,-47.682
0,222.6,10010,-51.287
0,222.7,10001,-47.678
0,222.7,10010,-51.284
0,222.8,10001,-47.675
0,222.8,10010,-51.282
0,222.9,10001,-47.672
0,222.9,10010,-51.280
0,223.0,10001,-47.670
0,223.0,10010,-51.278
0,223.1,10001,-47.668
0,223.1,10010,-51.276
0,223.2,10001,-47.667
0,223.2,10010,-51.274
0,223.3,10001,-47.666
0,223.3,10010,-51.272
0,223.4,10001,-47.666
0,223.4,10010,-51.270
0,223.5,10001,-47.666
0,223.5,10010,-51.269
0,223.6,10001,-47.666
0,223.6,10010,-51.267
0,223.7,10001,-47.667
0,223.7,10010,-51.266
0,223.8,10001,-47.669
0,223.8,10010,-51.265
0,223.9,10001,-47.657
0,223.9,10010,-51.264
0,224.0,10001,-47.646
0,224.0,10010,-51.263
0,224.1,10001,-47.636
0,224.1,10010,-51.262
0,224.2,10001,-47.627
0,224.2,10010,-51.261
0,224.3,10001,-47.618
0,224.3,10010,-51.260
0,224.4,10001,-47.610
0,224.4,10010,-51.260
0,224.5,10001,-47.602
0,224.5,10010,-51.259
0,224.6,10001,-47.595
0,224.6,10010,-51.259
0,224.7,10001,-47.589
0,224.7,10010,-51.259
0,224.8,10001,-47.583
0,224.8,10010,-51.258
0,224.9,10001,-47.578
0,224.9,10010,-51.258
0,225.0,10001,-47.574
0,225.0,10010,-51.258
0,225.1,10001,-47.570
0,225.1,10010,-51.258
0,225.2,10001,-47.566
0,225.2,10010,-51.258
0,225.3,10001,-47.563
0,225.3,10010,-51.258
0,225.4,10001,-47.561
0,225.4,10010,-51.258
0,225.5,10001,-47.559
0,225.5,10010,-51.258
0,225.6,10001,-47.557
0,225.6,10010,-51.259
0,225.7,10001,-47.556
0,225.7,10010,-51.259
0,225.8,10001,-47.556
0,225.8,10010,-51.260
0,225.9,10001,-47.556
0,225.9,10010,-51.260
0,226.0,10001,-47.556
0,226.0,10010,-51.261
0,226.1,10001,-47.557
0,226.1,10010,-51.261
0,226.2,10001,-47.558
0,226.2,10010,-51.262
0,226.3,10001,-47.560
0,226.3,10010,-51.263
0,226.4,10001,-47.562
0,226.4,10010,-51.263
0,226.5,10001,-47.564
0,226.5,10010,-51.264
0,226.6,10001,-47.567
0,226.6,10010,-51.263
0,226.7,10001,-47.570
0,226.7,10010,-51.263
0,226.8,10001,-47.574
0,226.8,10010,-51.262
0,226.9,10001,-47.578
0,226.9,10010,-51.261
0,227.0,10001,-47.582
0,227.0,10010,-51.261
0,227.1,10001,-47.587
0,227.1,10010,-51.260
0,227.2,10001,-47.592
0,227.2,10010,-51.260
0,227.3,10001,-47.597
0,227.3,10010,-51.260
0,227.4,10001,-47.602
0,227.4,10010,-51.260
0,227.5,10001,-47.608
0,227.5,10010,-51.260
0,227.6,10001,-47.614
0,227.6,10010,-51.260
0,227.7,10001,-47.620
0,227.7,10010,-51.260
0,227.8,10001,-47.627
0,227.8,10010,-51.260
0,227.9,10001,-47.634
0,227.9,10010,-51.260
0,228.0,10001,-47.641
0,228.0,10010,-51.260
0,228.1,10001,-47.649
0,228.1,10010,-51.261
0,228.2,10001,-47.656
0,228.2,10010,-51.261
0,228.3,10001,-47.664
0,228.3,10010,-51.261
0,228.4,10001,-47.672
0,228.4,10010,-51.262
0,228.5,10001,-47.681
0,228.5,10010,-51.262
0,228.6,10001,-47.689
0,228.6,10010,-51.263
0,228.7,10001,-47.698
0,228.7,10010,-51.264
0,228.8,10001,-47.707
0,228.8,10010,-51.265
0,228.9,10001,-47.716
0,228.9,10010,-51.265
0,229.0,10001,-47.726
0,229.0,10010,-51.266
0,229.1,10001,-47.735
0,229.1,10010,-51.267
0,229.2,10001,-47.745
0,229.2,10010,-51.268
0,229.3,10001,-47.755
0,229.3,10010,-51.269
0,229.4,10001,-47.765
0,229.4,10010,-51.270
0,229.5,10001,-47.776
0,229.5,10010,-51.271
0,229.6,10001,-47.773
0,229.6,10010,-51.272
0,229.7,10001,-47.770
0,229.7,10010,-51.274
0,229.8,10001,-47.769
0,229.8,10010,-51.275
0,229.9,10001,-47.752
0,229.9,10010,-51.276
0,230.0,10001,-47.737
0,230.0,10010,-51.277
0,230.1,10001,-47.722
0,230.1,10010,-51.274
0,230.2,10001,-47.708
0,230.2,10010,-51.271
0,230.3,10001,-47.695
0,230.3,10010,-51.269
0,230.4,10001,-47.682
0,230.4,10010,-51.266
0,230.5,10001,-47.671
0,230.5,10010,-51.263
0,230.6,10001,-47.657
0,230.6,10010,-51.261
0,230.7,10001,-47.644
0,230.7,10010,-51.259
0,230.8,10001,-47.632
0,230.8,10010,-51.257
0,230.9,10001,-47.620
0,230.9,10010,-51.255
0,231.0,10001,-47.610
0,231.0,10010,-51.253
0,231.1,10001,-47.600
0,231.1,10010,-51.251
0,231.2,10001,-47.590
0,231.2,10010,-51.250
0,231.3,10001,-47.582
0,231.3,10010,-51.248
0,231.4,10001,-47.574
0,231.4,10010,-51.247
0,231.5,10001,-47.566
0,231.5,10010,-51.245
0,231.6,10001,-47.560
0,231.6,10010,-51.244
0,231.7,10001,-47.554
0,231.7,10010,-51.243
0,231.8,10001,-47.548
0,231.8,10010,-51.242
0,231.9,10001,-47.543
0,231.9,10010,-51.241
0,232.0,10001,-47.539
0,232.0,10010,-51.240
0,232.1,10001,-47.535
0,232.1,10010,-51.240
0,232.2,10001,-47.531
0,232.2,10010,-51.239
0,232.3,10001,-47.529
0,232.3,10010,-51.239
0,232.4,10001,-47.526
0,232.4,10010,-51.236
0,232.5,10001,-47.525
0,232.5,10010,-51.234
0,232.6,10001,-47.523
0,232.6,10010,-51.233
0,232.7,10001,-47.522
0,232.7,10010,-51.231
0,232.8,10001,-47.522
0,232.8,10010,-51.229
0,232.9,10001,-47.522
0,232.9,10010,-51.227
0,233.0,10001,-47.523
0,233.0,10010,-51.226
0,233.1,10001,-47.524
0,233.1,10010,-51.225
0,233.2,10001,-47.525
0,233.2,10010,-51.223
0,233.3,10001,-47.527
0,233.3,10010,-51.222
0,233.4,10001,-47.529
0,233.4,10010,-51.221
0,233.5,10001,-47.531
0,233.5,10010,-51.220
0,233.6,10001,-47.534
0,233.6,10010,-51.220
0,233.7,10001,-47.538
0,233.7,10010,-51.219
0,233.8,10001,-47.541
0,233.8,10010,-51.218
0,233.9,10001,-47.545
0,233.9,10010,-51.218
0,234.0,10001,-47.550
0,234.0,10010,-51.217
0,234.1,10001,-47.554
0,234.1,10010,-51.217
0,234.2,10001,-47.559
0,234.2,10010,-51.217
0,234.3,10001,-47.565
0,234.3,10010,-51.216
0,234.4,10001,-47.570
0,234.4,10010,-51.216
0,234.5,10001,-47.576
0,234.5,10010,-51.216
0,234.6,10001,-47.583
0,234.6,10010,-51.216
0,234.7,10001,-47.589
0,234.7,10010,-51.216
0,234.8,10001,-47.596
0,234.8,10010,-51.217
0,234.9,10001,-47.603
0,234.9,10010,-51.217
0,235.0,10001,-47.610
0,235.0,10010,-51.217
0,235.1,10001,-47.605
0,235.1,10010,-51.218
0,235.2,10001,-47.599
0,235.2,10010,-51.218
0,235.3,10001,-47.595
0,235.3,10010,-51.219
0,235.4,10001,-47.591
0,235.4,10010,-51.219
0,235.5,10001,-47.587
0,235.5,10010,-51.220
0,235.6,10001,-47.584
0,235.6,10010,-51.221
0,235.7,10001,-47.582
0,235.7,10010,-51.222
0,235.8,10001,-47.580
0,235.8,10010,-51.222
0,235.9,10001,-47.579
0,235.9,10010,-51.223
0,236.0,10001,-47.578
0,236.0,10010,-51.224
0,236.1,10001,-47.577
0,236.1,10010,-51.225
0,236.2,10001,-47.577
0,236.2,10010,-51.226
0,236.3,10001,-47.577
0,236.3,10010,-51.228
0,236.4,10001,-47.578
0,236.4,10010,-51.229
0,236.5,10001,-47.579
0,236.5,10010,-51.230
0,236.6,10001,-47.581
0,236.6,10010,-51.231
0,236.7,10001,-47.583
0,236.7,10010,-51.232
0,236.8,10001,-47.585
0,236.8,10010,-51.234
0,236.9,10001,-47.588
0,236.9,10010,-51.235
0,237.0,10001,-47.591
0,237.0,10010,-51.237
0,237.1,10001,-47.595
0,237.1,10010,-51.238
0,237.2,10001,-47.599
0,237.2,10010,-51.240
0,237.3,10001,-47.603
0,237.3,10010,-51.241
0,237.4,10001,-47.607
0,237.4,10010,-51.243
0,237.5,10001,-47.612
0,237.5,10010,-51.244
0,237.6,10001,-47.617
0,237.6,10010,-51.246
0,237.7,10001,-47.623
0,237.7,10010,-51.248
0,237.8,10001,-47.628
0,237.8,10010,-51.249
0,237.9,10001,-47.635
0,237.9,10010,-51.251
0,238.0,10001,-47.641
0,238.0,10010,-51.251
0,238.1,10001,-47.647
0,238.1,10010,-51.251
0,238.2,10001,-47.654
0,238.2,10010,-51.251
0,238.3,10001,-47.661
0,238.3,10010,-51.247
0,238.4,10001,-47.654
0,238.4,10010,-51.243
0,238.5,10001,-47.647
0,238.5,10010,-51.239
0,238.6,10001,-47.640
0,238.6,10010,-51.236
0,238.7,10001,-47.634
0,238.7,10010,-51.232
0,238.8,10001,-47.629
0,238.8,10010,-51.229
0,238.9,10001,-47.625
0,238.9,10010,-51.226
0,239.0,10001,-47.620
0,239.0,10010,-51.223
0,239.1,10001,-47.617
0,239.1,10010,-51.220
0,239.2,10001,-47.614
0,239.2,10010,-51.217
0,239.3,10001,-47.611
0,239.3,10010,-51.215
0,239.4,10001,-47.606
0,239.4,10010,-51.212
0,239.5,10001,-47.602
0,239.5,10010,-51.210
0,239.6,10001,-47.598
0,239.6,10010,-51.208
0,239.7,10001,-47.595
0,239.7,10010,-51.206
0,239.8,10001,-47.593
0,239.8,10010,-51.204
0,239.9,10001,-47.591
0,239.9,10010,-51.202
0,240.0,10001,-47.589
0,240.0,10010,-51.200
0,240.1,10001,-47.588
0,240.1,10010,-51.199
0,240.2,10001,-47.587
0,240.2,10010,-51.197
0,240.3,10001,-47.587
0,240.3,10010,-51.196
0,240.4,10001,-47.587
0,240.4,10010,-51.195
0,240.5,10001,-47.588
0,240.5,10010,-51.194
0,240.6,10001,-47.589
0,240.6,10010,-51.193
0,240.7,10001,-47.590
0,240.7,10010,-51.192
0,240.8,10001,-47.579
0,240.8,10010,-51.191
0,240.9,10001,-47.568
0,240.9,10010,-51.190
0,241.0,10001,-47.558
0,241.0,10010,-51.190
0,241.1,10001,-47.549
0,241.1,10010,-51.189
0,241.2,10001,-47.540
0,241.2,10010,-51.189
0,241.3,10001,-47.532
0,241.3,10010,-51.189
0,241.4,10001,-47.525
0,241.4,10010,-51.188
0,241.5,10001,-47.518
0,241.5,10010,-51.188
0,241.6,10001,-47.512
0,241.6,10010,-51.188
0,241.7,10001,-47.507
0,241.7,10010,-51.188
0,241.8,10001,-47.502
0,241.8,10010,-51.188
0,241.9,10001,-47.498
0,241.9,10010,-51.189
0,242.0,10001,-47.494
0,242.0,10010,-51.189
0,242.1,10001,-47.490
0,242.1,10010,-51.189
0,242.2,10001,-47.488
0,242.2,10010,-51.190
0,242.3,10001,-47.485
0,242.3,10010,-51.190
0,242.4,10001,-47.484
0,242.4,10010,-51.191
0,242.5,10001,-47.483
0,242.5,10010,-51.191
0,242.6,10001,-47.482
0,242.6,10010,-51.192
0,242.7,10001,-47.481
0,242.7,10010,-51.193
0,242.8,10001,-47.482
0,242.8,10010,-51.193
0,242.9,10001,-47.482
0,242.9,10010,-51.194
0,243.0,10001,-47.483
0,243.0,10010,-51.195
0,243.1,10001,-47.485
0,243.1,10010,-51.196
0,243.2,10001,-47.487
0,243.2,10010,-51.197
0,243.3,10001,-47.489
0,243.3,10010,-51.198
0,243.4,10001,-47.491
0,243.4,10010,-51.199
0,243.5,10001,-47.495
0,243.5,10010,-51.201
0,243.6,10001,-47.498
0,243.6,10010,-51.200
0,243.7,10001,-47.502
0,243.7,10010,-51.200
0,243.8,10001,-47.506
0,243.8,10010,-51.199
0,243.9,10001,-47.510
0,243.9,10010,-51.199
0,244.0,10001,-47.515
0,244.0,10010,-51.199
0,244.1,10001,-47.520
0,244.1,10010,-51.199
0,244.2,10001,-47.526
0,244.2,10010,-51.199
0,244.3,10001,-47.531
0,244.3,10010,-51.199
0,244.4,10001,-47.537
0,244.4,10010,-51.199
0,244.5,10001,-47.544
0,244.5,10010,-51.199
0,244.6,10001,-47.550
0,244.6,10010,-51.200
0,244.7,10001,-47.557
0,244.7,10010,-51.200
0,244.8,10001,-47.564
0,244.8,10010,-51.200
0,244.9,10001,-47.572
0,244.9,10010,-51.201
0,245.0,10001,-47.579
0,245.0,10010,-51.201
0,245.1,10001,-47.587
0,245.1,10010,-51.202
0,245.2,10001,-47.596
0,245.2,10010,-51.203
0,245.3,10001,-47.604
0,245.3,10010,-51.204
0,245.4,10001,-47.613
0,245.4,10010,-51.204
0,245.5,10001,-47.621
0,245.5,10010,-51.205
0,245.6,10001,-47.630
0,245.6,10010,-51.206
0,245.7,10001,-47.640
0,245.7,10010,-51.207
0,245.8,10001,-47.649
0,245.8,10010,-51.208
0,245.9,10001,-47.659
0,245.9,10010,-51.209
0,246.0,10001,-47.669
0,246.0,10010,-51.211
0,246.1,10001,-47.679
0,246.1,10010,-51.212
0,246.2,10001,-47.689
0,246.2,10010,-51.213
0,246.3,10001,-47.699
0,246.3,10010,-51.214
0,246.4,10001,-47.710
0,246.4,10010,-51.216
0,246.5,10001,-47.721
0,246.5,10010,-51.217
0,246.6,10001,-47.718
0,246.6,10010,-51.218
0,246.7,10001,-47.716
0,246.7,10010,-51.220
0,246.8,10001,-47.715
0,246.8,10010,-51.221
0,246.9,10001,-47.699
0,246.9,10010,-51.223
0,247.0,10001,-47.684
0,247.0,10010,-51.220
0,247.1,10001,-47.669
0,247.1,10010,-51.217
0,247.2,10001,-47.656
0,247.2,10010,-51.215
0,247.3,10001,-47.643
0,247.3,10010,-51.213
0,247.4,10001,-47.631
0,247.4,10010,-51.210
0,247.5,10001,-47.619
0,247.5,10010,-51.208
0,247.6,10001,-47.606
0,247.6,10010,-51.206
0,247.7,10001,-47.594
0,247.7,10010,-51.204
0,247.8,10001,-47.582
0,247.8,10010,-51.203
0,247.9,10001,-47.571
0,247.9,10010,-51.201
0,248.0,10001,-47.560
0,248.0,10010,-51.199
0,248.1,10001,-47.551
0,248.1,10010,-51.198
0,248.2,10001,-47.542
0,248.2,10010,-51.197
0,248.3,10001,-47.534
0,248.3,10010,-51.196
0,248.4,10001,-47.526
0,248.4,10010,-51.195
0,248.5,10001,-47.519
0,248.5,10010,-51.194
0,248.6,10001,-47.512
0,248.6,10010,-51.193
0,248.7,10001,-47.507
0,248.7,10010,-51.192
0,248.8,10001,-47.501
0,248.8,10010,-51.191
0,248.9,10001,-47.497
0,248.9,10010,-51.191
0,249.0,10001,-47.493
0,249.0,10010,-51.190
0,249.1,10001,-47.489
0,249.1,10010,-51.190
0,249.2,10001,-47.486
0,249.2,10010,-51.190
0,249.3,10001,-47.484
0,249.3,10010,-51.189
0,249.4,10001,-47.482
0,249.4,10010,-51.188
0,249.5,10001,-47.480
0,249.5,10010,-51.186
0,249.6,10001,-47.479
0,249.6,10010,-51.184
0,249.7,10001,-47.479
0,249.7,10010,-51.183
0,249.8,10001,-47.478
0,249.8,10010,-51.181
0,249.9,10001,-47.479
0,249.9,10010,-51.180
