trial,t_ms,flywire_id,v_mv
0,0.0,10001,-52.000
0,0.0,10010,-52.000
0,0.1,10001,-52.000
0,0.1,10010,-52.000
0,0.2,10001,-52.000
0,0.2,10010,-52.000
0,0.3,10001,-52.000
0,0.3,10010,-52.000
0,0.4,10001,-52.000
0,0.4,10010,-52.000
0,0.5,10001,-52.000
0,0.5,10010,-52.000
0,0.6,10001,-52.000
0,0.6,10010,-52.000
0,0.7,10001,-52.000
0,0.7,10010,-52.000
0,0.8,10001,-52.000
0,0.8,10010,-52.000
0,0.9,10001,-52.000
0,0.9,10010,-52.000
0,1.0,10001,-52.000
0,1.0,10010,-52.000
0,1.1,10001,-52.000
0,1.1,10010,-52.000
0,1.2,10001,-52.000
0,1.2,10010,-52.000
0,1.3,10001,-52.000
0,1.3,10010,-52.000
0,1.4,10001,-52.000
0,1.4,10010,-52.000
0,1.5,10001,-52.000
0,1.5,10010,-52.000
0,1.6,10001,-52.000
0,1.6,10010,-52.000
0,1.7,10001,-52.000
0,1.7,10010,-52.000
0,1.8,10001,-52.000
0,1.8,10010,-52.000
0,1.9,10001,-52.000
0,1.9,10010,-51.951
0,2.0,10001,-52.000
0,2.0,10010,-51.904
0,2.1,10001,-51.961
0,2.1,10010,-51.858
0,2.2,10001,-51.832
0,2.2,10010,-51.813
0,2.3,10001,-51.566
0,2.3,10010,-51.720
0,2.4,10001,-51.306
0,2.4,10010,-51.630
0,2.5,10001,-51.053
0,2.5,10010,-51.542
0,2.6,10001,-50.666
0,2.6,10010,-51.392
0,2.7,10001,-50.237
0,2.7,10010,-51.173
0,2.8,10001,-49.819
0,2.8,10010,-50.876
0,2.9,10001,-49.412
0,2.9,10010,-50.509
0,3.0,10001,-48.973
0,3.0,10010,-50.103
0,3.1,10001,-48.512
0,3.1,10010,-49.638
0,3.2,10001,-48.063
0,3.2,10010,-49.151
0,3.3,10001,-47.626
0,3.3,10010,-48.620
0,3.4,10001,-47.120
0,3.4,10010,-48.102
0,3.5,10001,-46.556
0,3.5,10010,-47.597
0,3.6,10001,-45.900
0,3.6,10010,-47.105
0,3.7,10001,-45.224
0,3.7,10010,-46.588
0,3.8,10001,-44.565
0,3.8,10010,-46.040
0,3.9,10001,-52.000
0,3.9,10010,-45.505
0,4.0,10001,-52.000
0,4.0,10010,-44.858
0,4.1,10001,-52.000
0,4.1,10010,-52.000
0,4.2,10001,-52.000
0,4.2,10010,-52.000
0,4.3,10001,-52.000
0,4.3,10010,-52.000
0,4.4,10001,-52.000
0,4.4,10010,-52.000
0,4.5,10001,-52.000
0,4.5,10010,-52.000
0,4.6,10001,-52.000
0,4.6,10010,-52.000
0,4.7,10001,-52.000
0,4.7,10010,-52.000
0,4.8,10001,-52.000
0,4.8,10010,-52.000
0,4.9,10001,-52.000
0,4.9,10010,-52.000
0,5.0,10001,-52.000
0,5.0,10010,-52.000
0,5.1,10001,-52.000
0,5.1,10010,-52.000
0,5.2,10001,-52.000
0,5.2,10010,-52.000
0,5.3,10001,-52.000
0,5.3,10010,-52.000
0,5.4,10001,-52.000
0,5.4,10010,-52.000
0,5.5,10001,-52.000
0,5.5,10010,-52.000
0,5.6,10001,-52.000
0,5.6,10010,-52.000
0,5.7,10001,-52.000
0,5.7,10010,-52.000
0,5.8,10001,-52.000
0,5.8,10010,-52.000
0,5.9,10001,-52.000
0,5.9,10010,-52.000
0,6.0,10001,-52.000
0,6.0,10010,-52.000
0,6.1,10001,-51.942
0,6.1,10010,-52.000
0,6.2,10001,-51.891
0,6.2,10010,-52.000
0,6.3,10001,-51.804
0,6.3,10010,-51.981
0,6.4,10001,-51.432
0,6.4,10010,-51.948
0,6.5,10001,-50.902
0,6.5,10010,-51.838
0,6.6,10001,-50.296
0,6.6,10010,-51.611
0,6.7,10001,-49.626
0,6.7,10010,-51.333
0,6.8,10001,-48.931
0,6.8,10010,-51.062
0,6.9,10001,-48.071
0,6.9,10010,-50.716
0,7.0,10001,-47.155
0,7.0,10010,-50.379
0,7.1,10001,-46.188
0,7.1,10010,-50.050
0,7.2,10001,-45.477
0,7.2,10010,-49.437
0,7.3,10001,-44.579
0,7.3,10010,-49.130
0,7.4,10001,-52.000
0,7.4,10010,-48.637
0,7.5,10001,-52.000
0,7.5,10010,-48.120
0,7.6,10001,-52.000
0,7.6,10010,-47.616
0,7.7,10001,-52.000
0,7.7,10010,-47.054
0,7.8,10001,-52.000
0,7.8,10010,-46.506
0,7.9,10001,-52.000
0,7.9,10010,-45.972
0,8.0,10001,-52.000
0,8.0,10010,-45.366
0,8.1,10001,-52.000
0,8.1,10010,-44.775
0,8.2,10001,-52.000
0,8.2,10010,-52.000
0,8.3,10001,-52.000
0,8.3,10010,-52.000
0,8.4,10001,-52.000
0,8.4,10010,-52.000
0,8.5,10001,-52.000
0,8.5,10010,-52.000
0,8.6,10001,-52.000
0,8.6,10010,-52.000
0,8.7,10001,-52.000
0,8.7,10010,-52.000
0,8.8,10001,-52.000
0,8.8,10010,-52.000
0,8.9,10001,-52.000
0,8.9,10010,-52.000
0,9.0,10001,-52.000
0,9.0,10010,-52.000
0,9.1,10001,-52.000
0,9.1,10010,-52.000
0,9.2,10001,-52.000
0,9.2,10010,-52.000
0,9.3,10001,-52.000
0,9.3,10010,-52.000
0,9.4,10001,-52.000
0,9.4,10010,-52.000
0,9.5,10001,-52.000
0,9.5,10010,-52.000
0,9.6,10001,-51.839
0,9.6,10010,-52.000
0,9.7,10001,-51.719
0,9.7,10010,-52.000
0,9.8,10001,-51.624
0,9.8,10010,-52.000
0,9.9,10001,-51.455
0,9.9,10010,-52.000
0,10.0,10001,-51.290
0,10.0,10010,-52.000
0,10.1,10001,-51.129
0,10.1,10010,-52.000
0,10.2,10001,-50.972
0,10.2,10010,-52.000
0,10.3,10001,-50.819
0,10.3,10010,-52.000
0,10.4,10001,-50.670
0,10.4,10010,-52.000
0,10.5,10001,-50.525
0,10.5,10010,-52.000
0,10.6,10001,-50.384
0,10.6,10010,-52.000
0,10.7,10001,-50.246
0,10.7,10010,-51.954
0,10.8,10001,-50.112
0,10.8,10010,-51.909
0,10.9,10001,-49.982
0,10.9,10010,-51.866
0,11.0,10001,-49.854
0,11.0,10010,-51.823
0,11.1,10001,-49.399
0,11.1,10010,-51.749
0,11.2,10001,-48.955
0,11.2,10010,-51.563
0,11.3,10001,-48.523
0,11.3,10010,-51.382
0,11.4,10001,-48.101
0,11.4,10010,-51.206
0,11.5,10001,-47.694
0,11.5,10010,-51.034
0,11.6,10001,-47.297
0,11.6,10010,-50.866
0,11.7,10001,-46.909
0,11.7,10010,-50.683
0,11.8,10001,-46.531
0,11.8,10010,-50.505
0,11.9,10001,-46.163
0,11.9,10010,-50.332
0,12.0,10001,-45.808
0,12.0,10010,-50.163
0,12.1,10001,-45.464
0,12.1,10010,-49.998
0,12.2,10001,-44.965
0,12.2,10010,-49.837
0,12.3,10001,-52.000
0,12.3,10010,-49.585
0,12.4,10001,-52.000
0,12.4,10010,-49.340
0,12.5,10001,-52.000
0,12.5,10010,-49.101
0,12.6,10001,-52.000
0,12.6,10010,-48.911
0,12.7,10001,-52.000
0,12.7,10010,-48.743
0,12.8,10001,-52.000
0,12.8,10010,-48.579
0,12.9,10001,-52.000
0,12.9,10010,-48.416
0,13.0,10001,-52.000
0,13.0,10010,-48.324
0,13.1,10001,-52.000
0,13.1,10010,-48.234
0,13.2,10001,-52.000
0,13.2,10010,-48.146
0,13.3,10001,-52.000
0,13.3,10010,-48.061
0,13.4,10001,-52.000
0,13.4,10010,-47.949
0,13.5,10001,-52.000
0,13.5,10010,-47.978
0,13.6,10001,-52.000
0,13.6,10010,-47.999
0,13.7,10001,-52.000
0,13.7,10010,-48.020
0,13.8,10001,-52.000
0,13.8,10010,-48.094
0,13.9,10001,-52.000
0,13.9,10010,-48.166
0,14.0,10001,-52.000
0,14.0,10010,-48.238
0,14.1,10001,-52.000
0,14.1,10010,-48.307
0,14.2,10001,-52.000
0,14.2,10010,-48.376
0,14.3,10001,-52.000
0,14.3,10010,-48.456
0,14.4,10001,-52.000
0,14.4,10010,-48.588
0,14.5,10001,-52.000
0,14.5,10010,-48.717
0,14.6,10001,-52.008
0,14.6,10010,-48.843
0,14.7,10001,-52.016
0,14.7,10010,-48.966
0,14.8,10001,-52.028
0,14.8,10010,-49.085
0,14.9,10001,-52.039
0,14.9,10010,-49.201
0,15.0,10001,-52.051
0,15.0,10010,-49.314
0,15.1,10001,-52.046
0,15.1,10010,-49.425
0,15.2,10001,-52.041
0,15.2,10010,-49.533
0,15.3,10001,-52.037
0,15.3,10010,-49.639
0,15.4,10001,-52.032
0,15.4,10010,-49.743
0,15.5,10001,-52.028
0,15.5,10010,-49.844
0,15.6,10001,-52.024
0,15.6,10010,-49.943
0,15.7,10001,-52.019
0,15.7,10010,-50.040
0,15.8,10001,-52.015
0,15.8,10010,-50.135
0,15.9,10001,-52.011
0,15.9,10010,-50.225
0,16.0,10001,-52.008
0,16.0,10010,-50.314
0,16.1,10001,-52.004
0,16.1,10010,-50.400
0,16.2,10001,-52.000
0,16.2,10010,-50.485
0,16.3,10001,-51.997
0,16.3,10010,-50.567
0,16.4,10001,-51.993
0,16.4,10010,-50.648
0,16.5,10001,-51.994
0,16.5,10010,-50.727
0,16.6,10001,-51.995
0,16.6,10010,-50.804
0,16.7,10001,-51.996
0,16.7,10010,-50.879
0,16.8,10001,-51.997
0,16.8,10010,-50.953
0,16.9,10001,-51.998
0,16.9,10010,-51.025
0,17.0,10001,-51.999
0,17.0,10010,-51.095
0,17.1,10001,-52.012
0,17.1,10010,-51.163
0,17.2,10001,-52.025
0,17.2,10010,-51.230
0,17.3,10001,-52.038
0,17.3,10010,-51.296
0,17.4,10001,-52.050
0,17.4,10010,-51.359
0,17.5,10001,-52.062
0,17.5,10010,-51.422
0,17.6,10001,-52.060
0,17.6,10010,-51.482
0,17.7,10001,-52.059
0,17.7,10010,-51.542
0,17.8,10001,-52.059
0,17.8,10010,-51.599
0,17.9,10001,-52.059
0,17.9,10010,-51.656
0,18.0,10001,-52.059
0,18.0,10010,-51.711
0,18.1,10001,-52.060
0,18.1,10010,-51.765
0,18.2,10001,-52.060
0,18.2,10010,-51.817
0,18.3,10001,-52.111
0,18.3,10010,-51.869
0,18.4,10001,-52.162
0,18.4,10010,-51.919
0,18.5,10001,-52.210
0,18.5,10010,-51.967
0,18.6,10001,-52.258
0,18.6,10010,-52.015
0,18.7,10001,-52.305
0,18.7,10010,-52.061
0,18.8,10001,-52.350
0,18.8,10010,-52.107
0,18.9,10001,-52.394
0,18.9,10010,-52.151
0,19.0,10001,-52.437
0,19.0,10010,-52.194
0,19.1,10001,-52.479
0,19.1,10010,-52.236
0,19.2,10001,-52.520
0,19.2,10010,-52.276
0,19.3,10001,-52.560
0,19.3,10010,-52.316
0,19.4,10001,-52.598
0,19.4,10010,-52.355
0,19.5,10001,-52.636
0,19.5,10010,-52.393
0,19.6,10001,-52.673
0,19.6,10010,-52.430
0,19.7,10001,-52.709
0,19.7,10010,-52.466
0,19.8,10001,-52.743
0,19.8,10010,-52.501
0,19.9,10001,-52.777
0,19.9,10010,-52.535
0,20.0,10001,-52.810
0,20.0,10010,-52.568
0,20.1,10001,-52.842
0,20.1,10010,-52.600
0,20.2,10001,-52.874
0,20.2,10010,-52.631
0,20.3,10001,-52.889
0,20.3,10010,-52.662
0,20.4,10001,-52.904
0,20.4,10010,-52.692
0,20.5,10001,-52.918
0,20.5,10010,-52.719
0,20.6,10001,-52.932
0,20.6,10010,-52.745
0,20.7,10001,-52.946
0,20.7,10010,-52.771
0,20.8,10001,-52.959
0,20.8,10010,-52.796
0,20.9,10001,-52.971
0,20.9,10010,-52.821
0,21.0,10001,-52.984
0,21.0,10010,-52.844
0,21.1,10001,-52.995
0,21.1,10010,-52.863
0,21.2,10001,-53.007
0,21.2,10010,-52.881
0,21.3,10001,-53.018
0,21.3,10010,-52.898
0,21.4,10001,-53.029
0,21.4,10010,-52.915
0,21.5,10001,-53.039
0,21.5,10010,-52.932
0,21.6,10001,-53.049
0,21.6,10010,-52.948
0,21.7,10001,-53.059
0,21.7,10010,-52.963
0,21.8,10001,-53.068
0,21.8,10010,-52.978
0,21.9,10001,-53.077
0,21.9,10010,-52.992
0,22.0,10001,-53.085
0,22.0,10010,-53.007
0,22.1,10001,-53.094
0,22.1,10010,-53.020
0,22.2,10001,-53.102
0,22.2,10010,-53.033
0,22.3,10001,-53.107
0,22.3,10010,-53.046
0,22.4,10001,-53.112
0,22.4,10010,-53.058
0,22.5,10001,-53.116
0,22.5,10010,-53.070
0,22.6,10001,-53.121
0,22.6,10010,-53.082
0,22.7,10001,-53.125
0,22.7,10010,-53.093
0,22.8,10001,-53.129
0,22.8,10010,-53.104
0,22.9,10001,-53.132
0,22.9,10010,-53.114
0,23.0,10001,-53.136
0,23.0,10010,-53.124
0,23.1,10001,-53.139
0,23.1,10010,-53.134
0,23.2,10001,-53.142
0,23.2,10010,-53.143
0,23.3,10001,-53.145
0,23.3,10010,-53.152
0,23.4,10001,-53.148
0,23.4,10010,-53.161
0,23.5,10001,-53.137
0,23.5,10010,-53.169
0,23.6,10001,-53.127
0,23.6,10010,-53.177
0,23.7,10001,-53.116
0,23.7,10010,-53.185
0,23.8,10001,-53.106
0,23.8,10010,-53.196
0,23.9,10001,-53.096
0,23.9,10010,-53.208
0,24.0,10001,-53.086
0,24.0,10010,-53.219
0,24.1,10001,-53.076
0,24.1,10010,-53.229
0,24.2,10001,-53.066
0,24.2,10010,-53.239
0,24.3,10001,-53.057
0,24.3,10010,-53.249
0,24.4,10001,-53.047
0,24.4,10010,-53.259
0,24.5,10001,-53.038
0,24.5,10010,-53.268
0,24.6,10001,-53.029
0,24.6,10010,-53.277
0,24.7,10001,-53.020
0,24.7,10010,-53.285
0,24.8,10001,-53.011
0,24.8,10010,-53.293
0,24.9,10001,-53.002
0,24.9,10010,-53.301
0,25.0,10001,-52.994
0,25.0,10010,-53.308
0,25.1,10001,-52.985
0,25.1,10010,-53.315
0,25.2,10001,-52.977
0,25.2,10010,-53.322
0,25.3,10001,-52.968
0,25.3,10010,-53.329
0,25.4,10001,-52.960
0,25.4,10010,-53.335
0,25.5,10001,-52.952
0,25.5,10010,-53.341
0,25.6,10001,-52.944
0,25.6,10010,-53.346
0,25.7,10001,-52.936
0,25.7,10010,-53.352
0,25.8,10001,-52.928
0,25.8,10010,-53.357
0,25.9,10001,-52.920
0,25.9,10010,-53.362
0,26.0,10001,-52.913
0,26.0,10010,-53.366
0,26.1,10001,-52.905
0,26.1,10010,-53.369
0,26.2,10001,-52.898
0,26.2,10010,-53.371
0,26.3,10001,-52.891
0,26.3,10010,-53.373
0,26.4,10001,-52.883
0,26.4,10010,-53.375
0,26.5,10001,-52.876
0,26.5,10010,-53.377
0,26.6,10001,-52.869
0,26.6,10010,-53.379
0,26.7,10001,-52.862
0,26.7,10010,-53.380
0,26.8,10001,-52.855
0,26.8,10010,-53.382
0,26.9,10001,-52.849
0,26.9,10010,-53.383
0,27.0,10001,-52.842
0,27.0,10010,-53.384
0,27.1,10001,-52.835
0,27.1,10010,-53.384
0,27.2,10001,-52.829
0,27.2,10010,-53.385
0,27.3,10001,-52.822
0,27.3,10010,-53.386
0,27.4,10001,-52.816
0,27.4,10010,-53.386
0,27.5,10001,-52.810
0,27.5,10010,-53.386
0,27.6,10001,-52.803
0,27.6,10010,-53.386
0,27.7,10001,-52.797
0,27.7,10010,-53.386
0,27.8,10001,-52.791
0,27.8,10010,-53.386
0,27.9,10001,-52.785
0,27.9,10010,-53.385
0,28.0,10001,-52.779
0,28.0,10010,-53.385
0,28.1,10001,-52.773
0,28.1,10010,-53.384
0,28.2,10001,-52.767
0,28.2,10010,-53.384
0,28.3,10001,-52.762
0,28.3,10010,-53.383
0,28.4,10001,-52.756
0,28.4,10010,-53.382
0,28.5,10001,-52.750
0,28.5,10010,-53.381
0,28.6,10001,-52.745
0,28.6,10010,-53.380
0,28.7,10001,-52.739
0,28.7,10010,-53.378
0,28.8,10001,-52.734
0,28.8,10010,-53.377
0,28.9,10001,-52.729
0,28.9,10010,-53.375
0,29.0,10001,-52.710
0,29.0,10010,-53.374
0,29.1,10001,-52.677
0,29.1,10010,-53.372
0,29.2,10001,-52.645
0,29.2,10010,-53.370
0,29.3,10001,-52.613
0,29.3,10010,-53.368
0,29.4,10001,-52.582
0,29.4,10010,-53.366
0,29.5,10001,-52.552
0,29.5,10010,-53.360
0,29.6,10001,-52.522
0,29.6,10010,-53.353
0,29.7,10001,-52.493
0,29.7,10010,-53.347
0,29.8,10001,-52.465
0,29.8,10010,-53.341
0,29.9,10001,-52.437
0,29.9,10010,-53.334
0,30.0,10001,-52.410
0,30.0,10010,-53.328
0,30.1,10001,-52.381
0,30.1,10010,-53.322
0,30.2,10001,-52.353
0,30.2,10010,-53.315
0,30.3,10001,-52.325
0,30.3,10010,-53.309
0,30.4,10001,-52.298
0,30.4,10010,-53.303
0,30.5,10001,-52.272
0,30.5,10010,-53.297
0,30.6,10001,-52.246
0,30.6,10010,-53.290
0,30.7,10001,-52.221
0,30.7,10010,-53.284
0,30.8,10001,-52.197
0,30.8,10010,-53.278
0,30.9,10001,-52.173
0,30.9,10010,-53.272
0,31.0,10001,-52.150
0,31.0,10010,-53.266
0,31.1,10001,-52.127
0,31.1,10010,-53.260
0,31.2,10001,-52.104
0,31.2,10010,-53.254
0,31.3,10001,-52.083
0,31.3,10010,-53.248
0,31.4,10001,-52.062
0,31.4,10010,-53.242
0,31.5,10001,-52.041
0,31.5,10010,-53.236
0,31.6,10001,-52.021
0,31.6,10010,-53.230
0,31.7,10001,-52.001
0,31.7,10010,-53.224
0,31.8,10001,-51.982
0,31.8,10010,-53.216
0,31.9,10001,-51.963
0,31.9,10010,-53.209
0,32.0,10001,-51.945
0,32.0,10010,-53.201
0,32.1,10001,-51.927
0,32.1,10010,-53.194
0,32.2,10001,-51.910
0,32.2,10010,-53.186
0,32.3,10001,-51.893
0,32.3,10010,-53.179
0,32.4,10001,-51.877
0,32.4,10010,-53.172
0,32.5,10001,-51.861
0,32.5,10010,-53.165
0,32.6,10001,-51.845
0,32.6,10010,-53.157
0,32.7,10001,-51.830
0,32.7,10010,-53.150
0,32.8,10001,-51.815
0,32.8,10010,-53.143
0,32.9,10001,-51.800
0,32.9,10010,-53.136
0,33.0,10001,-51.786
0,33.0,10010,-53.129
0,33.1,10001,-51.773
0,33.1,10010,-53.123
0,33.2,10001,-51.759
0,33.2,10010,-53.116
0,33.3,10001,-51.746
0,33.3,10010,-53.109
0,33.4,10001,-51.734
0,33.4,10010,-53.103
0,33.5,10001,-51.721
0,33.5,10010,-53.096
0,33.6,10001,-51.709
0,33.6,10010,-53.089
0,33.7,10001,-51.698
0,33.7,10010,-53.083
0,33.8,10001,-51.686
0,33.8,10010,-53.076
0,33.9,10001,-51.675
0,33.9,10010,-53.070
0,34.0,10001,-51.665
0,34.0,10010,-53.064
0,34.1,10001,-51.654
0,34.1,10010,-53.057
0,34.2,10001,-51.644
0,34.2,10010,-53.051
0,34.3,10001,-51.634
0,34.3,10010,-53.045
0,34.4,10001,-51.625
0,34.4,10010,-53.039
0,34.5,10001,-51.615
0,34.5,10010,-53.033
0,34.6,10001,-51.593
0,34.6,10010,-53.027
0,34.7,10001,-51.571
0,34.7,10010,-53.021
0,34.8,10001,-51.550
0,34.8,10010,-53.015
0,34.9,10001,-51.530
0,34.9,10010,-53.009
0,35.0,10001,-51.510
0,35.0,10010,-53.003
0,35.1,10001,-51.490
0,35.1,10010,-52.997
0,35.2,10001,-51.471
0,35.2,10010,-52.991
0,35.3,10001,-51.453
0,35.3,10010,-52.986
0,35.4,10001,-51.435
0,35.4,10010,-52.980
0,35.5,10001,-51.418
0,35.5,10010,-52.974
0,35.6,10001,-51.401
0,35.6,10010,-52.969
0,35.7,10001,-51.384
0,35.7,10010,-52.963
0,35.8,10001,-51.368
0,35.8,10010,-52.958
0,35.9,10001,-51.353
0,35.9,10010,-52.952
0,36.0,10001,-51.338
0,36.0,10010,-52.947
0,36.1,10001,-51.323
0,36.1,10010,-52.942
0,36.2,10001,-51.309
0,36.2,10010,-52.936
0,36.3,10001,-51.295
0,36.3,10010,-52.931
0,36.4,10001,-51.282
0,36.4,10010,-52.926
0,36.5,10001,-51.269
0,36.5,10010,-52.920
0,36.6,10001,-51.256
0,36.6,10010,-52.915
0,36.7,10001,-51.244
0,36.7,10010,-52.910
0,36.8,10001,-51.232
0,36.8,10010,-52.905
0,36.9,10001,-51.221
0,36.9,10010,-52.900
0,37.0,10001,-51.210
0,37.0,10010,-52.895
0,37.1,10001,-51.199
0,37.1,10010,-52.890
0,37.2,10001,-51.189
0,37.2,10010,-52.885
0,37.3,10001,-51.178
0,37.3,10010,-52.880
0,37.4,10001,-51.169
0,37.4,10010,-52.873
0,37.5,10001,-51.159
0,37.5,10010,-52.867
0,37.6,10001,-51.150
0,37.6,10010,-52.860
0,37.7,10001,-51.141
0,37.7,10010,-52.854
0,37.8,10001,-51.118
0,37.8,10010,-52.843
0,37.9,10001,-51.095
0,37.9,10010,-52.832
0,38.0,10001,-51.073
0,38.0,10010,-52.822
0,38.1,10001,-51.051
0,38.1,10010,-52.812
0,38.2,10001,-51.030
0,38.2,10010,-52.802
0,38.3,10001,-51.010
0,38.3,10010,-52.792
0,38.4,10001,-50.990
0,38.4,10010,-52.782
0,38.5,10001,-50.971
0,38.5,10010,-52.773
0,38.6,10001,-50.953
0,38.6,10010,-52.763
0,38.7,10001,-50.935
0,38.7,10010,-52.754
0,38.8,10001,-50.917
0,38.8,10010,-52.745
0,38.9,10001,-50.898
0,38.9,10010,-52.736
0,39.0,10001,-50.879
0,39.0,10010,-52.727
0,39.1,10001,-50.860
0,39.1,10010,-52.718
0,39.2,10001,-50.843
0,39.2,10010,-52.710
0,39.3,10001,-50.825
0,39.3,10010,-52.701
0,39.4,10001,-50.809
0,39.4,10010,-52.693
0,39.5,10001,-50.792
0,39.5,10010,-52.685
0,39.6,10001,-50.777
0,39.6,10010,-52.677
0,39.7,10001,-50.762
0,39.7,10010,-52.669
0,39.8,10001,-50.747
0,39.8,10010,-52.662
0,39.9,10001,-50.733
0,39.9,10010,-52.654
0,40.0,10001,-50.719
0,40.0,10010,-52.647
0,40.1,10001,-50.706
0,40.1,10010,-52.639
0,40.2,10001,-50.693
0,40.2,10010,-52.632
0,40.3,10001,-50.667
0,40.3,10010,-52.625
0,40.4,10001,-50.643
0,40.4,10010,-52.618
0,40.5,10001,-50.619
0,40.5,10010,-52.611
0,40.6,10001,-50.595
0,40.6,10010,-52.604
0,40.7,10001,-50.573
0,40.7,10010,-52.598
0,40.8,10001,-50.551
0,40.8,10010,-52.591
0,40.9,10001,-50.529
0,40.9,10010,-52.585
0,41.0,10001,-50.509
0,41.0,10010,-52.578
0,41.1,10001,-50.489
0,41.1,10010,-52.572
0,41.2,10001,-50.470
0,41.2,10010,-52.566
0,41.3,10001,-50.451
0,41.3,10010,-52.560
0,41.4,10001,-50.433
0,41.4,10010,-52.554
0,41.5,10001,-50.415
0,41.5,10010,-52.548
0,41.6,10001,-50.398
0,41.6,10010,-52.542
0,41.7,10001,-50.382
0,41.7,10010,-52.536
0,41.8,10001,-50.366
0,41.8,10010,-52.531
0,41.9,10001,-50.351
0,41.9,10010,-52.525
0,42.0,10001,-50.337
0,42.0,10010,-52.520
0,42.1,10001,-50.323
0,42.1,10010,-52.515
0,42.2,10001,-50.309
0,42.2,10010,-52.509
0,42.3,10001,-50.296
0,42.3,10010,-52.504
0,42.4,10001,-50.283
0,42.4,10010,-52.499
0,42.5,10001,-50.271
0,42.5,10010,-52.494
0,42.6,10001,-50.259
0,42.6,10010,-52.489
0,42.7,10001,-50.248
0,42.7,10010,-52.484
0,42.8,10001,-50.238
0,42.8,10010,-52.479
0,42.9,10001,-50.227
0,42.9,10010,-52.475
0,43.0,10001,-50.217
0,43.0,10010,-52.470
0,43.1,10001,-50.208
0,43.1,10010,-52.464
0,43.2,10001,-50.199
0,43.2,10010,-52.457
0,43.3,10001,-50.190
0,43.3,10010,-52.451
0,43.4,10001,-50.182
0,43.4,10010,-52.445
0,43.5,10001,-50.174
0,43.5,10010,-52.439
0,43.6,10001,-50.167
0,43.6,10010,-52.433
0,43.7,10001,-50.159
0,43.7,10010,-52.428
0,43.8,10001,-50.153
0,43.8,10010,-52.422
0,43.9,10001,-50.146
0,43.9,10010,-52.416
0,44.0,10001,-50.140
0,44.0,10010,-52.411
0,44.1,10001,-50.134
0,44.1,10010,-52.406
0,44.2,10001,-50.129
0,44.2,10010,-52.400
0,44.3,10001,-50.124
0,44.3,10010,-52.395
0,44.4,10001,-50.119
0,44.4,10010,-52.390
0,44.5,10001,-50.115
0,44.5,10010,-52.385
0,44.6,10001,-50.110
0,44.6,10010,-52.380
0,44.7,10001,-50.107
0,44.7,10010,-52.375
0,44.8,10001,-50.103
0,44.8,10010,-52.371
0,44.9,10001,-50.100
0,44.9,10010,-52.366
0,45.0,10001,-50.097
0,45.0,10010,-52.361
0,45.1,10001,-50.094
0,45.1,10010,-52.357
0,45.2,10001,-50.091
0,45.2,10010,-52.352
0,45.3,10001,-50.089
0,45.3,10010,-52.348
0,45.4,10001,-50.087
0,45.4,10010,-52.344
0,45.5,10001,-50.085
0,45.5,10010,-52.340
0,45.6,10001,-50.083
0,45.6,10010,-52.336
0,45.7,10001,-50.082
0,45.7,10010,-52.331
0,45.8,10001,-50.081
0,45.8,10010,-52.327
0,45.9,10001,-50.080
0,45.9,10010,-52.324
0,46.0,10001,-50.079
0,46.0,10010,-52.320
0,46.1,10001,-50.066
0,46.1,10010,-52.316
0,46.2,10001,-50.052
0,46.2,10010,-52.312
0,46.3,10001,-50.040
0,46.3,10010,-52.308
0,46.4,10001,-50.013
0,46.4,10010,-52.305
0,46.5,10001,-49.986
0,46.5,10010,-52.301
0,46.6,10001,-49.961
0,46.6,10010,-52.293
0,46.7,10001,-49.936
0,46.7,10010,-52.286
0,46.8,10001,-49.912
0,46.8,10010,-52.278
0,46.9,10001,-49.889
0,46.9,10010,-52.271
0,47.0,10001,-49.867
0,47.0,10010,-52.263
0,47.1,10001,-49.843
0,47.1,10010,-52.256
0,47.2,10001,-49.819
0,47.2,10010,-52.249
0,47.3,10001,-49.797
0,47.3,10010,-52.242
0,47.4,10001,-49.775
0,47.4,10010,-52.236
0,47.5,10001,-49.754
0,47.5,10010,-52.229
0,47.6,10001,-49.734
0,47.6,10010,-52.223
0,47.7,10001,-49.714
0,47.7,10010,-52.216
0,47.8,10001,-49.695
0,47.8,10010,-52.210
0,47.9,10001,-49.677
0,47.9,10010,-52.204
0,48.0,10001,-49.659
0,48.0,10010,-52.198
0,48.1,10001,-49.643
0,48.1,10010,-52.193
0,48.2,10001,-49.626
0,48.2,10010,-52.187
0,48.3,10001,-49.611
0,48.3,10010,-52.182
0,48.4,10001,-49.596
0,48.4,10010,-52.176
0,48.5,10001,-49.582
0,48.5,10010,-52.171
0,48.6,10001,-49.568
0,48.6,10010,-52.166
0,48.7,10001,-49.555
0,48.7,10010,-52.161
0,48.8,10001,-49.542
0,48.8,10010,-52.156
0,48.9,10001,-49.530
0,48.9,10010,-52.149
0,49.0,10001,-49.519
0,49.0,10010,-52.143
0,49.1,10001,-49.508
0,49.1,10010,-52.136
0,49.2,10001,-49.497
0,49.2,10010,-52.130
0,49.3,10001,-49.487
0,49.3,10010,-52.124
0,49.4,10001,-49.478
0,49.4,10010,-52.118
0,49.5,10001,-49.469
0,49.5,10010,-52.113
0,49.6,10001,-49.460
0,49.6,10010,-52.107
0,49.7,10001,-49.452
0,49.7,10010,-52.102
0,49.8,10001,-49.445
0,49.8,10010,-52.096
0,49.9,10001,-49.438
0,49.9,10010,-52.091
0,50.0,10001,-49.431
0,50.0,10010,-52.086
0,50.1,10001,-49.425
0,50.1,10010,-52.081
0,50.2,10001,-49.419
0,50.2,10010,-52.076
0,50.3,10001,-49.413
0,50.3,10010,-52.071
0,50.4,10001,-49.408
0,50.4,10010,-52.066
0,50.5,10001,-49.404
0,50.5,10010,-52.062
0,50.6,10001,-49.399
0,50.6,10010,-52.057
0,50.7,10001,-49.395
0,50.7,10010,-52.053
0,50.8,10001,-49.392
0,50.8,10010,-52.049
0,50.9,10001,-49.388
0,50.9,10010,-52.045
0,51.0,10001,-49.385
0,51.0,10010,-52.041
0,51.1,10001,-49.383
0,51.1,10010,-52.037
0,51.2,10001,-49.380
0,51.2,10010,-52.033
0,51.3,10001,-49.379
0,51.3,10010,-52.029
0,51.4,10001,-49.377
0,51.4,10010,-52.025
0,51.5,10001,-49.376
0,51.5,10010,-52.022
0,51.6,10001,-49.361
0,51.6,10010,-52.018
0,51.7,10001,-49.347
0,51.7,10010,-52.015
0,51.8,10001,-49.334
0,51.8,10010,-52.012
0,51.9,10001,-49.322
0,51.9,10010,-52.008
0,52.0,10001,-49.310
0,52.0,10010,-52.005
0,52.1,10001,-49.299
0,52.1,10010,-52.002
0,52.2,10001,-49.288
0,52.2,10010,-51.999
0,52.3,10001,-49.277
0,52.3,10010,-51.996
0,52.4,10001,-49.268
0,52.4,10010,-51.993
0,52.5,10001,-49.258
0,52.5,10010,-51.990
0,52.6,10001,-49.250
0,52.6,10010,-51.988
0,52.7,10001,-49.241
0,52.7,10010,-51.985
0,52.8,10001,-49.233
0,52.8,10010,-51.982
0,52.9,10001,-49.226
0,52.9,10010,-51.980
0,53.0,10001,-49.219
0,53.0,10010,-51.977
0,53.1,10001,-49.213
0,53.1,10010,-51.975
0,53.2,10001,-49.207
0,53.2,10010,-51.973
0,53.3,10001,-49.201
0,53.3,10010,-51.970
0,53.4,10001,-49.196
0,53.4,10010,-51.968
0,53.5,10001,-49.191
0,53.5,10010,-51.966
0,53.6,10001,-49.187
0,53.6,10010,-51.964
0,53.7,10001,-49.183
0,53.7,10010,-51.962
0,53.8,10001,-49.179
0,53.8,10010,-51.960
0,53.9,10001,-49.176
0,53.9,10010,-51.958
0,54.0,10001,-49.173
0,54.0,10010,-51.956
0,54.1,10001,-49.171
0,54.1,10010,-51.954
0,54.2,10001,-49.169
0,54.2,10010,-51.952
0,54.3,10001,-49.167
0,54.3,10010,-51.951
0,54.4,10001,-49.165
0,54.4,10010,-51.949
0,54.5,10001,-49.164
0,54.5,10010,-51.946
0,54.6,10001,-49.163
0,54.6,10010,-51.942
0,54.7,10001,-49.162
0,54.7,10010,-51.939
0,54.8,10001,-49.162
0,54.8,10010,-51.936
0,54.9,10001,-49.162
0,54.9,10010,-51.928
0,55.0,10001,-49.147
0,55.0,10010,-51.921
0,55.1,10001,-49.133
0,55.1,10010,-51.914
0,55.2,10001,-49.120
0,55.2,10010,-51.907
0,55.3,10001,-49.107
0,55.3,10010,-51.900
0,55.4,10001,-49.095
0,55.4,10010,-51.894
0,55.5,10001,-49.083
0,55.5,10010,-51.887
0,55.6,10001,-49.072
0,55.6,10010,-51.881
0,55.7,10001,-49.061
0,55.7,10010,-51.875
0,55.8,10001,-49.051
0,55.8,10010,-51.869
0,55.9,10001,-49.039
0,55.9,10010,-51.863
0,56.0,10001,-49.028
0,56.0,10010,-51.858
0,56.1,10001,-49.017
0,56.1,10010,-51.852
0,56.2,10001,-49.006
0,56.2,10010,-51.847
0,56.3,10001,-48.997
0,56.3,10010,-51.842
0,56.4,10001,-48.987
0,56.4,10010,-51.837
0,56.5,10001,-48.979
0,56.5,10010,-51.832
0,56.6,10001,-48.970
0,56.6,10010,-51.827
0,56.7,10001,-48.963
0,56.7,10010,-51.823
0,56.8,10001,-48.955
0,56.8,10010,-51.818
0,56.9,10001,-48.949
0,56.9,10010,-51.814
0,57.0,10001,-48.942
0,57.0,10010,-51.810
0,57.1,10001,-48.937
0,57.1,10010,-51.806
0,57.2,10001,-48.931
0,57.2,10010,-51.802
0,57.3,10001,-48.926
0,57.3,10010,-51.798
0,57.4,10001,-48.908
0,57.4,10010,-51.794
0,57.5,10001,-48.891
0,57.5,10010,-51.791
0,57.6,10001,-48.875
0,57.6,10010,-51.787
0,57.7,10001,-48.859
0,57.7,10010,-51.784
0,57.8,10001,-48.845
0,57.8,10010,-51.781
0,57.9,10001,-48.830
0,57.9,10010,-51.777
0,58.0,10001,-48.817
0,58.0,10010,-51.774
0,58.1,10001,-48.804
0,58.1,10010,-51.771
0,58.2,10001,-48.792
0,58.2,10010,-51.768
0,58.3,10001,-48.780
0,58.3,10010,-51.766
0,58.4,10001,-48.769
0,58.4,10010,-51.763
0,58.5,10001,-48.758
0,58.5,10010,-51.760
0,58.6,10001,-48.749
0,58.6,10010,-51.758
0,58.7,10001,-48.739
0,58.7,10010,-51.755
0,58.8,10001,-48.730
0,58.8,10010,-51.753
0,58.9,10001,-48.722
0,58.9,10010,-51.751
0,59.0,10001,-48.715
0,59.0,10010,-51.748
0,59.1,10001,-48.707
0,59.1,10010,-51.746
0,59.2,10001,-48.701
0,59.2,10010,-51.744
0,59.3,10001,-48.694
0,59.3,10010,-51.742
0,59.4,10001,-48.689
0,59.4,10010,-51.740
0,59.5,10001,-48.684
0,59.5,10010,-51.739
0,59.6,10001,-48.679
0,59.6,10010,-51.737
0,59.7,10001,-48.674
0,59.7,10010,-51.735
0,59.8,10001,-48.671
0,59.8,10010,-51.734
0,59.9,10001,-48.667
0,59.9,10010,-51.732
0,60.0,10001,-48.664
0,60.0,10010,-51.731
0,60.1,10001,-48.661
0,60.1,10010,-51.729
0,60.2,10001,-48.659
0,60.2,10010,-51.726
0,60.3,10001,-48.657
0,60.3,10010,-51.723
0,60.4,10001,-48.656
0,60.4,10010,-51.720
0,60.5,10001,-48.655
0,60.5,10010,-51.717
0,60.6,10001,-48.654
0,60.6,10010,-51.715
0,60.7,10001,-48.653
0,60.7,10010,-51.712
0,60.8,10001,-48.653
0,60.8,10010,-51.709
0,60.9,10001,-48.653
0,60.9,10010,-51.707
0,61.0,10001,-48.654
0,61.0,10010,-51.705
0,61.1,10001,-48.655
0,61.1,10010,-51.702
0,61.2,10001,-48.656
0,61.2,10010,-51.700
0,61.3,10001,-48.658
0,61.3,10010,-51.698
0,61.4,10001,-48.659
0,61.4,10010,-51.696
0,61.5,10001,-48.662
0,61.5,10010,-51.694
0,61.6,10001,-48.664
0,61.6,10010,-51.692
0,61.7,10001,-48.666
0,61.7,10010,-51.691
0,61.8,10001,-48.669
0,61.8,10010,-51.689
0,61.9,10001,-48.673
0,61.9,10010,-51.687
0,62.0,10001,-48.676
0,62.0,10010,-51.686
0,62.1,10001,-48.680
0,62.1,10010,-51.684
0,62.2,10001,-48.683
0,62.2,10010,-51.683
0,62.3,10001,-48.688
0,62.3,10010,-51.681
0,62.4,10001,-48.692
0,62.4,10010,-51.680
0,62.5,10001,-48.696
0,62.5,10010,-51.679
0,62.6,10001,-48.701
0,62.6,10010,-51.678
0,62.7,10001,-48.706
0,62.7,10010,-51.677
0,62.8,10001,-48.711
0,62.8,10010,-51.676
0,62.9,10001,-48.717
0,62.9,10010,-51.675
0,63.0,10001,-48.722
0,63.0,10010,-51.674
0,63.1,10001,-48.715
0,63.1,10010,-51.673
0,63.2,10001,-48.708
0,63.2,10010,-51.672
0,63.3,10001,-48.701
0,63.3,10010,-51.671
0,63.4,10001,-48.695
0,63.4,10010,-51.670
0,63.5,10001,-48.675
0,63.5,10010,-51.670
0,63.6,10001,-48.655
0,63.6,10010,-51.669
0,63.7,10001,-48.636
0,63.7,10010,-51.664
0,63.8,10001,-48.618
0,63.8,10010,-51.659
0,63.9,10001,-48.601
0,63.9,10010,-51.655
0,64.0,10001,-48.584
0,64.0,10010,-51.650
0,64.1,10001,-48.568
0,64.1,10010,-51.646
0,64.2,10001,-48.551
0,64.2,10010,-51.641
0,64.3,10001,-48.534
0,64.3,10010,-51.637
0,64.4,10001,-48.517
0,64.4,10010,-51.633
0,64.5,10001,-48.502
0,64.5,10010,-51.630
0,64.6,10001,-48.487
0,64.6,10010,-51.626
0,64.7,10001,-48.473
0,64.7,10010,-51.622
0,64.8,10001,-48.460
0,64.8,10010,-51.619
0,64.9,10001,-48.447
0,64.9,10010,-51.616
0,65.0,10001,-48.435
0,65.0,10010,-51.612
0,65.1,10001,-48.424
0,65.1,10010,-51.609
0,65.2,10001,-48.413
0,65.2,10010,-51.606
0,65.3,10001,-48.403
0,65.3,10010,-51.603
0,65.4,10001,-48.394
0,65.4,10010,-51.601
0,65.5,10001,-48.385
0,65.5,10010,-51.598
0,65.6,10001,-48.377
0,65.6,10010,-51.596
0,65.7,10001,-48.369
0,65.7,10010,-51.593
0,65.8,10001,-48.362
0,65.8,10010,-51.591
0,65.9,10001,-48.355
0,65.9,10010,-51.587
0,66.0,10001,-48.349
0,66.0,10010,-51.583
0,66.1,10001,-48.343
0,66.1,10010,-51.579
0,66.2,10001,-48.338
0,66.2,10010,-51.576
0,66.3,10001,-48.333
0,66.3,10010,-51.572
0,66.4,10001,-48.329
0,66.4,10010,-51.569
0,66.5,10001,-48.326
0,66.5,10010,-51.566
0,66.6,10001,-48.322
0,66.6,10010,-51.562
0,66.7,10001,-48.319
0,66.7,10010,-51.560
0,66.8,10001,-48.317
0,66.8,10010,-51.557
0,66.9,10001,-48.315
0,66.9,10010,-51.554
0,67.0,10001,-48.314
0,67.0,10010,-51.551
0,67.1,10001,-48.313
0,67.1,10010,-51.549
0,67.2,10001,-48.312
0,67.2,10010,-51.546
0,67.3,10001,-48.311
0,67.3,10010,-51.544
0,67.4,10001,-48.311
0,67.4,10010,-51.542
0,67.5,10001,-48.312
0,67.5,10010,-51.540
0,67.6,10001,-48.313
0,67.6,10010,-51.538
0,67.7,10001,-48.314
0,67.7,10010,-51.536
0,67.8,10001,-48.315
0,67.8,10010,-51.534
0,67.9,10001,-48.317
0,67.9,10010,-51.532
0,68.0,10001,-48.319
0,68.0,10010,-51.531
0,68.1,10001,-48.321
0,68.1,10010,-51.529
0,68.2,10001,-48.324
0,68.2,10010,-51.528
0,68.3,10001,-48.327
0,68.3,10010,-51.526
0,68.4,10001,-48.330
0,68.4,10010,-51.525
0,68.5,10001,-48.334
0,68.5,10010,-51.524
0,68.6,10001,-48.324
0,68.6,10010,-51.523
0,68.7,10001,-48.316
0,68.7,10010,-51.521
0,68.8,10001,-48.307
0,68.8,10010,-51.520
0,68.9,10001,-48.300
0,68.9,10010,-51.520
0,69.0,10001,-48.292
0,69.0,10010,-51.519
0,69.1,10001,-48.286
0,69.1,10010,-51.518
0,69.2,10001,-48.280
0,69.2,10010,-51.517
0,69.3,10001,-48.274
0,69.3,10010,-51.517
0,69.4,10001,-48.269
0,69.4,10010,-51.516
0,69.5,10001,-48.265
0,69.5,10010,-51.515
0,69.6,10001,-48.261
0,69.6,10010,-51.515
0,69.7,10001,-48.257
0,69.7,10010,-51.515
0,69.8,10001,-48.254
0,69.8,10010,-51.514
0,69.9,10001,-48.251
0,69.9,10010,-51.514
0,70.0,10001,-48.249
0,70.0,10010,-51.514
0,70.1,10001,-48.247
0,70.1,10010,-51.513
0,70.2,10001,-48.246
0,70.2,10010,-51.513
0,70.3,10001,-48.245
0,70.3,10010,-51.513
0,70.4,10001,-48.244
0,70.4,10010,-51.513
0,70.5,10001,-48.244
0,70.5,10010,-51.513
0,70.6,10001,-48.244
0,70.6,10010,-51.513
0,70.7,10001,-48.245
0,70.7,10010,-51.513
0,70.8,10001,-48.245
0,70.8,10010,-51.514
0,70.9,10001,-48.247
0,70.9,10010,-51.514
0,71.0,10001,-48.248
0,71.0,10010,-51.514
0,71.1,10001,-48.250
0,71.1,10010,-51.514
0,71.2,10001,-48.252
0,71.2,10010,-51.515
0,71.3,10001,-48.255
0,71.3,10010,-51.515
0,71.4,10001,-48.258
0,71.4,10010,-51.515
0,71.5,10001,-48.261
0,71.5,10010,-51.514
0,71.6,10001,-48.264
0,71.6,10010,-51.513
0,71.7,10001,-48.268
0,71.7,10010,-51.512
0,71.8,10001,-48.272
0,71.8,10010,-51.506
0,71.9,10001,-48.276
0,71.9,10010,-51.501
0,72.0,10001,-48.266
0,72.0,10010,-51.496
0,72.1,10001,-48.256
0,72.1,10010,-51.491
0,72.2,10001,-48.247
0,72.2,10010,-51.486
0,72.3,10001,-48.238
0,72.3,10010,-51.481
0,72.4,10001,-48.230
0,72.4,10010,-51.477
0,72.5,10001,-48.223
0,72.5,10010,-51.473
0,72.6,10001,-48.216
0,72.6,10010,-51.468
0,72.7,10001,-48.209
0,72.7,10010,-51.464
0,72.8,10001,-48.203
0,72.8,10010,-51.461
0,72.9,10001,-48.195
0,72.9,10010,-51.457
0,73.0,10001,-48.188
0,73.0,10010,-51.453
0,73.1,10001,-48.181
0,73.1,10010,-51.450
0,73.2,10001,-48.175
0,73.2,10010,-51.447
0,73.3,10001,-48.169
0,73.3,10010,-51.444
0,73.4,10001,-48.164
0,73.4,10010,-51.441
0,73.5,10001,-48.159
0,73.5,10010,-51.438
0,73.6,10001,-48.155
0,73.6,10010,-51.435
0,73.7,10001,-48.151
0,73.7,10010,-51.432
0,73.8,10001,-48.148
0,73.8,10010,-51.430
0,73.9,10001,-48.145
0,73.9,10010,-51.428
0,74.0,10001,-48.142
0,74.0,10010,-51.425
0,74.1,10001,-48.140
0,74.1,10010,-51.423
0,74.2,10001,-48.139
0,74.2,10010,-51.421
0,74.3,10001,-48.138
0,74.3,10010,-51.419
0,74.4,10001,-48.124
0,74.4,10010,-51.417
0,74.5,10001,-48.111
0,74.5,10010,-51.416
0,74.6,10001,-48.098
0,74.6,10010,-51.414
0,74.7,10001,-48.086
0,74.7,10010,-51.413
0,74.8,10001,-48.075
0,74.8,10010,-51.411
0,74.9,10001,-48.065
0,74.9,10010,-51.410
0,75.0,10001,-48.055
0,75.0,10010,-51.409
0,75.1,10001,-48.046
0,75.1,10010,-51.407
0,75.2,10001,-48.037
0,75.2,10010,-51.406
0,75.3,10001,-48.029
0,75.3,10010,-51.405
0,75.4,10001,-48.022
0,75.4,10010,-51.404
0,75.5,10001,-48.015
0,75.5,10010,-51.404
0,75.6,10001,-48.009
0,75.6,10010,-51.403
0,75.7,10001,-48.003
0,75.7,10010,-51.402
0,75.8,10001,-47.998
0,75.8,10010,-51.402
0,75.9,10001,-47.993
0,75.9,10010,-51.401
0,76.0,10001,-47.989
0,76.0,10010,-51.401
0,76.1,10001,-47.985
0,76.1,10010,-51.400
0,76.2,10001,-47.982
0,76.2,10010,-51.400
0,76.3,10001,-47.980
0,76.3,10010,-51.400
0,76.4,10001,-47.977
0,76.4,10010,-51.400
0,76.5,10001,-47.976
0,76.5,10010,-51.399
0,76.6,10001,-47.974
0,76.6,10010,-51.399
0,76.7,10001,-47.973
0,76.7,10010,-51.399
0,76.8,10001,-47.973
0,76.8,10010,-51.399
0,76.9,10001,-47.973
0,76.9,10010,-51.400
0,77.0,10001,-47.973
0,77.0,10010,-51.400
0,77.1,10001,-47.974
0,77.1,10010,-51.400
0,77.2,10001,-47.975
0,77.2,10010,-51.399
0,77.3,10001,-47.977
0,77.3,10010,-51.397
0,77.4,10001,-47.978
0,77.4,10010,-51.396
0,77.5,10001,-47.981
0,77.5,10010,-51.395
0,77.6,10001,-47.983
0,77.6,10010,-51.394
0,77.7,10001,-47.986
0,77.7,10010,-51.393
0,77.8,10001,-47.989
0,77.8,10010,-51.392
0,77.9,10001,-47.993
0,77.9,10010,-51.391
0,78.0,10001,-47.997
0,78.0,10010,-51.390
0,78.1,10001,-48.001
0,78.1,10010,-51.389
0,78.2,10001,-48.005
0,78.2,10010,-51.389
0,78.3,10001,-48.010
0,78.3,10010,-51.388
0,78.4,10001,-48.015
0,78.4,10010,-51.388
0,78.5,10001,-48.020
0,78.5,10010,-51.387
0,78.6,10001,-48.026
0,78.6,10010,-51.387
0,78.7,10001,-48.031
0,78.7,10010,-51.387
0,78.8,10001,-48.037
0,78.8,10010,-51.387
0,78.9,10001,-48.044
0,78.9,10010,-51.387
0,79.0,10001,-48.050
0,79.0,10010,-51.386
0,79.1,10001,-48.057
0,79.1,10010,-51.386
0,79.2,10001,-48.064
0,79.2,10010,-51.387
0,79.3,10001,-48.071
0,79.3,10010,-51.387
0,79.4,10001,-48.078
0,79.4,10010,-51.387
0,79.5,10001,-48.086
0,79.5,10010,-51.387
0,79.6,10001,-48.094
0,79.6,10010,-51.387
0,79.7,10001,-48.102
0,79.7,10010,-51.388
0,79.8,10001,-48.110
0,79.8,10010,-51.388
0,79.9,10001,-48.118
0,79.9,10010,-51.389
0,80.0,10001,-48.127
0,80.0,10010,-51.389
0,80.1,10001,-48.135
0,80.1,10010,-51.390
0,80.2,10001,-48.131
0,80.2,10010,-51.390
0,80.3,10001,-48.127
0,80.3,10010,-51.391
0,80.4,10001,-48.109
0,80.4,10010,-51.392
0,80.5,10001,-48.091
0,80.5,10010,-51.392
0,80.6,10001,-48.074
0,80.6,10010,-51.389
0,80.7,10001,-48.058
0,80.7,10010,-51.385
0,80.8,10001,-48.043
0,80.8,10010,-51.382
0,80.9,10001,-48.029
0,80.9,10010,-51.379
0,81.0,10001,-48.015
0,81.0,10010,-51.375
0,81.1,10001,-48.002
0,81.1,10010,-51.373
0,81.2,10001,-47.987
0,81.2,10010,-51.370
0,81.3,10001,-47.973
0,81.3,10010,-51.367
0,81.4,10001,-47.960
0,81.4,10010,-51.365
0,81.5,10001,-47.947
0,81.5,10010,-51.362
0,81.6,10001,-47.935
0,81.6,10010,-51.360
0,81.7,10001,-47.924
0,81.7,10010,-51.358
0,81.8,10001,-47.913
0,81.8,10010,-51.356
0,81.9,10001,-47.903
0,81.9,10010,-51.354
0,82.0,10001,-47.894
0,82.0,10010,-51.352
0,82.1,10001,-47.885
0,82.1,10010,-51.350
0,82.2,10001,-47.877
0,82.2,10010,-51.349
0,82.3,10001,-47.870
0,82.3,10010,-51.347
0,82.4,10001,-47.863
0,82.4,10010,-51.346
0,82.5,10001,-47.857
0,82.5,10010,-51.344
0,82.6,10001,-47.851
0,82.6,10010,-51.343
0,82.7,10001,-47.846
0,82.7,10010,-51.342
0,82.8,10001,-47.842
0,82.8,10010,-51.341
0,82.9,10001,-47.838
0,82.9,10010,-51.340
0,83.0,10001,-47.834
0,83.0,10010,-51.337
0,83.1,10001,-47.831
0,83.1,10010,-51.335
0,83.2,10001,-47.828
0,83.2,10010,-51.333
0,83.3,10001,-47.826
0,83.3,10010,-51.330
0,83.4,10001,-47.825
0,83.4,10010,-51.328
0,83.5,10001,-47.824
0,83.5,10010,-51.326
0,83.6,10001,-47.823
0,83.6,10010,-51.324
0,83.7,10001,-47.823
0,83.7,10010,-51.323
0,83.8,10001,-47.823
0,83.8,10010,-51.321
0,83.9,10001,-47.823
0,83.9,10010,-51.319
0,84.0,10001,-47.824
0,84.0,10010,-51.318
0,84.1,10001,-47.825
0,84.1,10010,-51.317
0,84.2,10001,-47.827
0,84.2,10010,-51.315
0,84.3,10001,-47.829
0,84.3,10010,-51.314
0,84.4,10001,-47.832
0,84.4,10010,-51.313
0,84.5,10001,-47.834
0,84.5,10010,-51.312
0,84.6,10001,-47.838
0,84.6,10010,-51.311
0,84.7,10001,-47.841
0,84.7,10010,-51.311
0,84.8,10001,-47.845
0,84.8,10010,-51.310
0,84.9,10001,-47.849
0,84.9,10010,-51.309
0,85.0,10001,-47.853
0,85.0,10010,-51.309
0,85.1,10001,-47.858
0,85.1,10010,-51.308
0,85.2,10001,-47.863
0,85.2,10010,-51.308
0,85.3,10001,-47.868
0,85.3,10010,-51.308
0,85.4,10001,-47.874
0,85.4,10010,-51.308
0,85.5,10001,-47.880
0,85.5,10010,-51.308
0,85.6,10001,-47.886
0,85.6,10010,-51.307
0,85.7,10001,-47.879
0,85.7,10010,-51.307
0,85.8,10001,-47.873
0,85.8,10010,-51.308
0,85.9,10001,-47.867
0,85.9,10010,-51.308
0,86.0,10001,-47.862
0,86.0,10010,-51.308
0,86.1,10001,-47.857
0,86.1,10010,-51.308
0,86.2,10001,-47.853
0,86.2,10010,-51.309
0,86.3,10001,-47.849
0,86.3,10010,-51.309
0,86.4,10001,-47.846
0,86.4,10010,-51.309
0,86.5,10001,-47.843
0,86.5,10010,-51.310
0,86.6,10001,-47.841
0,86.6,10010,-51.310
0,86.7,10001,-47.840
0,86.7,10010,-51.311
0,86.8,10001,-47.838
0,86.8,10010,-51.312
0,86.9,10001,-47.837
0,86.9,10010,-51.313
0,87.0,10001,-47.837
0,87.0,10010,-51.313
0,87.1,10001,-47.837
0,87.1,10010,-51.314
0,87.2,10001,-47.838
0,87.2,10010,-51.315
0,87.3,10001,-47.838
0,87.3,10010,-51.316
0,87.4,10001,-47.840
0,87.4,10010,-51.317
0,87.5,10001,-47.841
0,87.5,10010,-51.318
0,87.6,10001,-47.843
0,87.6,10010,-51.319
0,87.7,10001,-47.846
0,87.7,10010,-51.320
0,87.8,10001,-47.848
0,87.8,10010,-51.321
0,87.9,10001,-47.851
0,87.9,10010,-51.322
0,88.0,10001,-47.855
0,88.0,10010,-51.324
0,88.1,10001,-47.858
0,88.1,10010,-51.325
0,88.2,10001,-47.863
0,88.2,10010,-51.326
0,88.3,10001,-47.867
0,88.3,10010,-51.327
0,88.4,10001,-47.871
0,88.4,10010,-51.329
0,88.5,10001,-47.876
0,88.5,10010,-51.330
0,88.6,10001,-47.882
0,88.6,10010,-51.330
0,88.7,10001,-47.887
0,88.7,10010,-51.329
0,88.8,10001,-47.893
0,88.8,10010,-51.329
0,88.9,10001,-47.899
0,88.9,10010,-51.325
0,89.0,10001,-47.890
0,89.0,10010,-51.320
0,89.1,10001,-47.882
0,89.1,10010,-51.316
0,89.2,10001,-47.875
0,89.2,10010,-51.312
0,89.3,10001,-47.868
0,89.3,10010,-51.308
0,89.4,10001,-47.861
0,89.4,10010,-51.305
0,89.5,10001,-47.855
0,89.5,10010,-51.301
0,89.6,10001,-47.850
0,89.6,10010,-51.298
0,89.7,10001,-47.846
0,89.7,10010,-51.294
0,89.8,10001,-47.841
0,89.8,10010,-51.291
0,89.9,10001,-47.838
0,89.9,10010,-51.288
0,90.0,10001,-47.832
0,90.0,10010,-51.286
0,90.1,10001,-47.827
0,90.1,10010,-51.283
0,90.2,10001,-47.822
0,90.2,10010,-51.280
0,90.3,10001,-47.818
0,90.3,10010,-51.278
0,90.4,10001,-47.814
0,90.4,10010,-51.276
0,90.5,10001,-47.811
0,90.5,10010,-51.274
0,90.6,10001,-47.808
0,90.6,10010,-51.272
0,90.7,10001,-47.806
0,90.7,10010,-51.270
0,90.8,10001,-47.804
0,90.8,10010,-51.268
0,90.9,10001,-47.803
0,90.9,10010,-51.266
0,91.0,10001,-47.802
0,91.0,10010,-51.265
0,91.1,10001,-47.802
0,91.1,10010,-51.263
0,91.2,10001,-47.802
0,91.2,10010,-51.262
0,91.3,10001,-47.803
0,91.3,10010,-51.261
0,91.4,10001,-47.803
0,91.4,10010,-51.260
0,91.5,10001,-47.791
0,91.5,10010,-51.259
0,91.6,10001,-47.780
0,91.6,10010,-51.258
0,91.7,10001,-47.769
0,91.7,10010,-51.257
0,91.8,10001,-47.760
0,91.8,10010,-51.256
0,91.9,10001,-47.750
0,91.9,10010,-51.256
0,92.0,10001,-47.742
0,92.0,10010,-51.255
0,92.1,10001,-47.734
0,92.1,10010,-51.255
0,92.2,10001,-47.726
0,92.2,10010,-51.254
0,92.3,10001,-47.720
0,92.3,10010,-51.254
0,92.4,10001,-47.713
0,92.4,10010,-51.254
0,92.5,10001,-47.708
0,92.5,10010,-51.254
0,92.6,10001,-47.703
0,92.6,10010,-51.254
0,92.7,10001,-47.698
0,92.7,10010,-51.254
0,92.8,10001,-47.694
0,92.8,10010,-51.254
0,92.9,10001,-47.691
0,92.9,10010,-51.254
0,93.0,10001,-47.688
0,93.0,10010,-51.254
0,93.1,10001,-47.686
0,93.1,10010,-51.255
0,93.2,10001,-47.684
0,93.2,10010,-51.255
0,93.3,10001,-47.682
0,93.3,10010,-51.255
0,93.4,10001,-47.681
0,93.4,10010,-51.256
0,93.5,10001,-47.681
0,93.5,10010,-51.257
0,93.6,10001,-47.681
0,93.6,10010,-51.257
0,93.7,10001,-47.681
0,93.7,10010,-51.258
0,93.8,10001,-47.682
0,93.8,10010,-51.259
0,93.9,10001,-47.683
0,93.9,10010,-51.259
0,94.0,10001,-47.685
0,94.0,10010,-51.260
0,94.1,10001,-47.686
0,94.1,10010,-51.261
0,94.2,10001,-47.689
0,94.2,10010,-51.262
0,94.3,10001,-47.692
0,94.3,10010,-51.261
0,94.4,10001,-47.695
0,94.4,10010,-51.261
0,94.5,10001,-47.698
0,94.5,10010,-51.260
0,94.6,10001,-47.702
0,94.6,10010,-51.260
0,94.7,10001,-47.706
0,94.7,10010,-51.259
0,94.8,10001,-47.710
0,94.8,10010,-51.259
0,94.9,10001,-47.715
0,94.9,10010,-51.259
0,95.0,10001,-47.720
0,95.0,10010,-51.258
0,95.1,10001,-47.725
0,95.1,10010,-51.258
0,95.2,10001,-47.731
0,95.2,10010,-51.258
0,95.3,10001,-47.737
0,95.3,10010,-51.258
0,95.4,10001,-47.743
0,95.4,10010,-51.258
0,95.5,10001,-47.749
0,95.5,10010,-51.259
0,95.6,10001,-47.756
0,95.6,10010,-51.259
0,95.7,10001,-47.763
0,95.7,10010,-51.259
0,95.8,10001,-47.770
0,95.8,10010,-51.260
0,95.9,10001,-47.778
0,95.9,10010,-51.260
0,96.0,10001,-47.785
0,96.0,10010,-51.261
0,96.1,10001,-47.793
0,96.1,10010,-51.261
0,96.2,10001,-47.801
0,96.2,10010,-51.262
0,96.3,10001,-47.810
0,96.3,10010,-51.263
0,96.4,10001,-47.818
0,96.4,10010,-51.263
0,96.5,10001,-47.827
0,96.5,10010,-51.264
0,96.6,10001,-47.836
0,96.6,10010,-51.265
0,96.7,10001,-47.845
0,96.7,10010,-51.266
0,96.8,10001,-47.854
0,96.8,10010,-51.267
0,96.9,10001,-47.864
0,96.9,10010,-51.268
0,97.0,10001,-47.873
0,97.0,10010,-51.269
0,97.1,10001,-47.883
0,97.1,10010,-51.270
0,97.2,10001,-47.893
0,97.2,10010,-51.271
0,97.3,10001,-47.890
0,97.3,10010,-51.272
0,97.4,10001,-47.888
0,97.4,10010,-51.274
0,97.5,10001,-47.870
0,97.5,10010,-51.275
0,97.6,10001,-47.854
0,97.6,10010,-51.276
0,97.7,10001,-47.839
0,97.7,10010,-51.278
0,97.8,10001,-47.824
0,97.8,10010,-51.274
0,97.9,10001,-47.810
0,97.9,10010,-51.272
0,98.0,10001,-47.797
0,98.0,10010,-51.269
0,98.1,10001,-47.784
0,98.1,10010,-51.266
0,98.2,10001,-47.772
0,98.2,10010,-51.264
0,98.3,10001,-47.759
0,98.3,10010,-51.261
0,98.4,10001,-47.746
0,98.4,10010,-51.259
0,98.5,10001,-47.734
0,98.5,10010,-51.257
0,98.6,10001,-47.722
0,98.6,10010,-51.255
0,98.7,10001,-47.711
0,98.7,10010,-51.253
0,98.8,10001,-47.701
0,98.8,10010,-51.252
0,98.9,10001,-47.692
0,98.9,10010,-51.250
0,99.0,10001,-47.683
0,99.0,10010,-51.249
0,99.1,10001,-47.675
0,99.1,10010,-51.247
0,99.2,10001,-47.668
0,99.2,10010,-51.246
0,99.3,10001,-47.661
0,99.3,10010,-51.245
0,99.4,10001,-47.655
0,99.4,10010,-51.244
0,99.5,10001,-47.649
0,99.5,10010,-51.243
0,99.6,10001,-47.644
0,99.6,10010,-51.242
0,99.7,10001,-47.639
0,99.7,10010,-51.241
0,99.8,10001,-47.635
0,99.8,10010,-51.241
0,99.9,10001,-47.632
0,99.9,10010,-51.240
0,100.0,10001,-47.629
0,100.0,10010,-51.240
0,100.1,10001,-47.626
0,100.1,10010,-51.237
0,100.2,10001,-47.624
0,100.2,10010,-51.235
0,100.3,10001,-47.623
0,100.3,10010,-51.234
0,100.4,10001,-47.622
0,100.4,10010,-51.232
0,100.5,10001,-47.621
0,100.5,10010,-51.230
0,100.6,10001,-47.621
0,100.6,10010,-51.229
0,100.7,10001,-47.622
0,100.7,10010,-51.227
0,100.8,10001,-47.622
0,100.8,10010,-51.226
0,100.9,10001,-47.623
0,100.9,10010,-51.225
0,101.0,10001,-47.625
0,101.0,10010,-51.223
0,101.1,10001,-47.627
0,101.1,10010,-51.222
0,101.2,10001,-47.629
0,101.2,10010,-51.222
0,101.3,10001,-47.632
0,101.3,10010,-51.221
0,101.4,10001,-47.635
0,101.4,10010,-51.220
0,101.5,10001,-47.639
0,101.5,10010,-51.219
0,101.6,10001,-47.642
0,101.6,10010,-51.219
0,101.7,10001,-47.647
0,101.7,10010,-51.219
0,101.8,10001,-47.651
0,101.8,10010,-51.218
0,101.9,10001,-47.656
0,101.9,10010,-51.218
0,102.0,10001,-47.661
0,102.0,10010,-51.218
0,102.1,10001,-47.666
0,102.1,10010,-51.218
0,102.2,10001,-47.672
0,102.2,10010,-51.218
0,102.3,10001,-47.678
0,102.3,10010,-51.218
0,102.4,10001,-47.684
0,102.4,10010,-51.218
0,102.5,10001,-47.691
0,102.5,10010,-51.218
0,102.6,10001,-47.697
0,102.6,10010,-51.218
0,102.7,10001,-47.704
0,102.7,10010,-51.219
0,102.8,10001,-47.698
0,102.8,10010,-51.219
0,102.9,10001,-47.693
0,102.9,10010,-51.220
0,103.0,10001,-47.688
0,103.0,10010,-51.220
0,103.1,10001,-47.684
0,103.1,10010,-51.221
0,103.2,10001,-47.680
0,103.2,10010,-51.222
0,103.3,10001,-47.677
0,103.3,10010,-51.222
0,103.4,10001,-47.674
0,103.4,10010,-51.223
0,103.5,10001,-47.672
0,103.5,10010,-51.224
0,103.6,10001,-47.670
0,103.6,10010,-51.225
0,103.7,10001,-47.669
0,103.7,10010,-51.226
0,103.8,10001,-47.668
0,103.8,10010,-51.227
0,103.9,10001,-47.668
0,103.9,10010,-51.228
0,104.0,10001,-47.668
0,104.0,10010,-51.229
0,104.1,10001,-47.668
0,104.1,10010,-51.230
0,104.2,10001,-47.669
0,104.2,10010,-51.231
0,104.3,10001,-47.670
0,104.3,10010,-51.233
0,104.4,10001,-47.672
0,104.4,10010,-51.234
0,104.5,10001,-47.674
0,104.5,10010,-51.235
0,104.6,10001,-47.677
0,104.6,10010,-51.237
0,104.7,10001,-47.680
0,104.7,10010,-51.238
0,104.8,10001,-47.683
0,104.8,10010,-51.240
0,104.9,10001,-47.686
0,104.9,10010,-51.241
0,105.0,10001,-47.690
0,105.0,10010,-51.243
0,105.1,10001,-47.694
0,105.1,10010,-51.244
0,105.2,10001,-47.699
0,105.2,10010,-51.246
0,105.3,10001,-47.704
0,105.3,10010,-51.248
0,105.4,10001,-47.709
0,105.4,10010,-51.249
0,105.5,10001,-47.714
0,105.5,10010,-51.251
0,105.6,10001,-47.720
0,105.6,10010,-51.253
0,105.7,10001,-47.726
0,105.7,10010,-51.253
0,105.8,10001,-47.732
0,105.8,10010,-51.253
0,105.9,10001,-47.739
0,105.9,10010,-51.253
0,106.0,10001,-47.746
0,106.0,10010,-51.249
0,106.1,10001,-47.738
0,106.1,10010,-51.245
0,106.2,10001,-47.730
0,106.2,10010,-51.241
0,106.3,10001,-47.724
0,106.3,10010,-51.237
0,106.4,10001,-47.717
0,106.4,10010,-51.234
0,106.5,10001,-47.712
0,106.5,10010,-51.230
0,106.6,10001,-47.707
0,106.6,10010,-51.227
0,106.7,10001,-47.702
0,106.7,10010,-51.224
0,106.8,10001,-47.698
0,106.8,10010,-51.221
0,106.9,10001,-47.695
0,106.9,10010,-51.219
0,107.0,10001,-47.692
0,107.0,10010,-51.216
0,107.1,10001,-47.687
0,107.1,10010,-51.214
0,107.2,10001,-47.683
0,107.2,10010,-51.211
0,107.3,10001,-47.679
0,107.3,10010,-51.209
0,107.4,10001,-47.675
0,107.4,10010,-51.207
0,107.5,10001,-47.672
0,107.5,10010,-51.205
0,107.6,10001,-47.670
0,107.6,10010,-51.203
0,107.7,10001,-47.668
0,107.7,10010,-51.202
0,107.8,10001,-47.666
0,107.8,10010,-51.200
0,107.9,10001,-47.665
0,107.9,10010,-51.199
0,108.0,10001,-47.665
0,108.0,10010,-51.197
0,108.1,10001,-47.665
0,108.1,10010,-51.196
0,108.2,10001,-47.665
0,108.2,10010,-51.195
0,108.3,10001,-47.666
0,108.3,10010,-51.194
0,108.4,10001,-47.667
0,108.4,10010,-51.193
0,108.5,10001,-47.655
0,108.5,10010,-51.193
0,108.6,10001,-47.644
0,108.6,10010,-51.192
0,108.7,10001,-47.634
0,108.7,10010,-51.191
0,108.8,10001,-47.624
0,108.8,10010,-51.191
0,108.9,10001,-47.615
0,108.9,10010,-51.190
0,109.0,10001,-47.607
0,109.0,10010,-51.190
0,109.1,10001,-47.599
0,109.1,10010,-51.190
0,109.2,10001,-47.592
0,109.2,10010,-51.190
0,109.3,10001,-47.586
0,109.3,10010,-51.190
0,109.4,10001,-47.580
0,109.4,10010,-51.190
0,109.5,10001,-47.575
0,109.5,10010,-51.190
0,109.6,10001,-47.570
0,109.6,10010,-51.190
0,109.7,10001,-47.566
0,109.7,10010,-51.190
0,109.8,10001,-47.563
0,109.8,10010,-51.191
0,109.9,10001,-47.560
0,109.9,10010,-51.191
0,110.0,10001,-47.557
0,110.0,10010,-51.192
0,110.1,10001,-47.555
0,110.1,10010,-51.192
0,110.2,10001,-47.553
0,110.2,10010,-51.193
0,110.3,10001,-47.552
0,110.3,10010,-51.193
0,110.4,10001,-47.552
0,110.4,10010,-51.194
0,110.5,10001,-47.552
0,110.5,10010,-51.195
0,110.6,10001,-47.552
0,110.6,10010,-51.196
0,110.7,10001,-47.553
0,110.7,10010,-51.197
0,110.8,10001,-47.554
0,110.8,10010,-51.198
0,110.9,10001,-47.555
0,110.9,10010,-51.199
0,111.0,10001,-47.557
0,111.0,10010,-51.200
0,111.1,10001,-47.560
0,111.1,10010,-51.201
0,111.2,10001,-47.562
0,111.2,10010,-51.202
0,111.3,10001,-47.565
0,111.3,10010,-51.202
0,111.4,10001,-47.569
0,111.4,10010,-51.201
0,111.5,10001,-47.573
0,111.5,10010,-51.201
0,111.6,10001,-47.577
0,111.6,10010,-51.201
0,111.7,10001,-47.581
0,111.7,10010,-51.200
0,111.8,10001,-47.586
0,111.8,10010,-51.200
0,111.9,10001,-47.591
0,111.9,10010,-51.200
0,112.0,10001,-47.597
0,112.0,10010,-51.200
0,112.1,10001,-47.603
0,112.1,10010,-51.200
0,112.2,10001,-47.609
0,112.2,10010,-51.201
0,112.3,10001,-47.615
0,112.3,10010,-51.201
0,112.4,10001,-47.621
0,112.4,10010,-51.201
0,112.5,10001,-47.628
0,112.5,10010,-51.202
0,112.6,10001,-47.635
0,112.6,10010,-51.202
0,112.7,10001,-47.643
0,112.7,10010,-51.203
0,112.8,10001,-47.650
0,112.8,10010,-51.204
0,112.9,10001,-47.658
0,112.9,10010,-51.204
0,113.0,10001,-47.666
0,113.0,10010,-51.205
0,113.1,10001,-47.675
0,113.1,10010,-51.206
0,113.2,10001,-47.683
0,113.2,10010,-51.207
0,113.3,10001,-47.692
0,113.3,10010,-51.208
0,113.4,10001,-47.701
0,113.4,10010,-51.209
0,113.5,10001,-47.710
0,113.5,10010,-51.210
0,113.6,10001,-47.720
0,113.6,10010,-51.211
0,113.7,10001,-47.729
0,113.7,10010,-51.212
0,113.8,10001,-47.739
0,113.8,10010,-51.213
0,113.9,10001,-47.749
0,113.9,10010,-51.214
0,114.0,10001,-47.759
0,114.0,10010,-51.216
0,114.1,10001,-47.769
0,114.1,10010,-51.217
0,114.2,10001,-47.780
0,114.2,10010,-51.218
0,114.3,10001,-47.777
0,114.3,10010,-51.220
0,114.4,10001,-47.775
0,114.4,10010,-51.221
0,114.5,10001,-47.773
0,114.5,10010,-51.223
0,114.6,10001,-47.757
0,114.6,10010,-51.224
0,114.7,10001,-47.742
0,114.7,10010,-51.226
0,114.8,10001,-47.727
0,114.8,10010,-51.223
0,114.9,10001,-47.713
0,114.9,10010,-51.220
0,115.0,10001,-47.700
0,115.0,10010,-51.218
0,115.1,10001,-47.688
0,115.1,10010,-51.216
0,115.2,10001,-47.676
0,115.2,10010,-51.213
0,115.3,10001,-47.662
0,115.3,10010,-51.211
0,115.4,10001,-47.650
0,115.4,10010,-51.209
0,115.5,10001,-47.638
0,115.5,10010,-51.207
0,115.6,10001,-47.626
0,115.6,10010,-51.206
0,115.7,10001,-47.616
0,115.7,10010,-51.204
0,115.8,10001,-47.606
0,115.8,10010,-51.203
0,115.9,10001,-47.596
0,115.9,10010,-51.201
0,116.0,10001,-47.588
0,116.0,10010,-51.200
0,116.1,10001,-47.580
0,116.1,10010,-51.199
0,116.2,10001,-47.573
0,116.2,10010,-51.198
0,116.3,10001,-47.566
0,116.3,10010,-51.197
0,116.4,10001,-47.560
0,116.4,10010,-51.196
0,116.5,10001,-47.554
0,116.5,10010,-51.195
0,116.6,10001,-47.550
0,116.6,10010,-51.195
0,116.7,10001,-47.545
0,116.7,10010,-51.194
0,116.8,10001,-47.541
0,116.8,10010,-51.194
0,116.9,10001,-47.538
0,116.9,10010,-51.193
0,117.0,10001,-47.535
0,117.0,10010,-51.193
0,117.1,10001,-47.533
0,117.1,10010,-51.191
0,117.2,10001,-47.531
0,117.2,10010,-51.189
0,117.3,10001,-47.530
0,117.3,10010,-51.188
0,117.4,10001,-47.529
0,117.4,10010,-51.186
0,117.5,10001,-47.529
0,117.5,10010,-51.185
0,117.6,10001,-47.529
0,117.6,10010,-51.183
0,117.7,10001,-47.530
0,117.7,10010,-51.182
0,117.8,10001,-47.531
0,117.8,10010,-51.181
0,117.9,10001,-47.532
0,117.9,10010,-51.180
0,118.0,10001,-47.534
0,118.0,10010,-51.179
0,118.1,10001,-47.536
0,118.1,10010,-51.178
0,118.2,10001,-47.539
0,118.2,10010,-51.177
0,118.3,10001,-47.542
0,118.3,10010,-51.177
0,118.4,10001,-47.545
0,118.4,10010,-51.176
0,118.5,10001,-47.549
0,118.5,10010,-51.176
0,118.6,10001,-47.553
0,118.6,10010,-51.176
0,118.7,10001,-47.557
0,118.7,10010,-51.175
0,118.8,10001,-47.562
0,118.8,10010,-51.175
0,118.9,10001,-47.567
0,118.9,10010,-51.175
0,119.0,10001,-47.572
0,119.0,10010,-51.175
0,119.1,10001,-47.578
0,119.1,10010,-51.175
0,119.2,10001,-47.584
0,119.2,10010,-51.176
0,119.3,10001,-47.590
0,119.3,10010,-51.176
0,119.4,10001,-47.597
0,119.4,10010,-51.176
0,119.5,10001,-47.604
0,119.5,10010,-51.177
0,119.6,10001,-47.611
0,119.6,10010,-51.177
0,119.7,10001,-47.618
0,119.7,10010,-51.178
0,119.8,10001,-47.612
0,119.8,10010,-51.178
0,119.9,10001,-47.607
0,119.9,10010,-51.179
0,120.0,10001,-47.603
0,120.0,10010,-51.180
0,120.1,10001,-47.599
0,120.1,10010,-51.181
0,120.2,10001,-47.595
0,120.2,10010,-51.181
0,120.3,10001,-47.592
0,120.3,10010,-51.182
0,120.4,10001,-47.590
0,120.4,10010,-51.183
0,120.5,10001,-47.588
0,120.5,10010,-51.184
0,120.6,10001,-47.586
0,120.6,10010,-51.185
0,120.7,10001,-47.585
0,120.7,10010,-51.187
0,120.8,10001,-47.585
0,120.8,10010,-51.188
0,120.9,10001,-47.585
0,120.9,10010,-51.189
0,121.0,10001,-47.585
0,121.0,10010,-51.190
0,121.1,10001,-47.586
0,121.1,10010,-51.192
0,121.2,10001,-47.587
0,121.2,10010,-51.193
0,121.3,10001,-47.589
0,121.3,10010,-51.195
0,121.4,10001,-47.591
0,121.4,10010,-51.196
0,121.5,10001,-47.593
0,121.5,10010,-51.198
0,121.6,10001,-47.596
0,121.6,10010,-51.199
0,121.7,10001,-47.599
0,121.7,10010,-51.201
0,121.8,10001,-47.602
0,121.8,10010,-51.202
0,121.9,10001,-47.606
0,121.9,10010,-51.204
0,122.0,10001,-47.610
0,122.0,10010,-51.206
0,122.1,10001,-47.615
0,122.1,10010,-51.208
0,122.2,10001,-47.620
0,122.2,10010,-51.209
0,122.3,10001,-47.625
0,122.3,10010,-51.211
0,122.4,10001,-47.630
0,122.4,10010,-51.213
0,122.5,10001,-47.636
0,122.5,10010,-51.215
0,122.6,10001,-47.642
0,122.6,10010,-51.217
0,122.7,10001,-47.648
0,122.7,10010,-51.217
0,122.8,10001,-47.655
0,122.8,10010,-51.217
0,122.9,10001,-47.662
0,122.9,10010,-51.218
0,123.0,10001,-47.669
0,123.0,10010,-51.218
0,123.1,10001,-47.676
0,123.1,10010,-51.214
0,123.2,10001,-47.669
0,123.2,10010,-51.210
0,123.3,10001,-47.662
0,123.3,10010,-51.207
0,123.4,10001,-47.656
0,123.4,10010,-51.203
0,123.5,10001,-47.650
0,123.5,10010,-51.200
0,123.6,10001,-47.645
0,123.6,10010,-51.197
0,123.7,10001,-47.641
0,123.7,10010,-51.194
0,123.8,10001,-47.637
0,123.8,10010,-51.191
0,123.9,10001,-47.633
0,123.9,10010,-51.189
0,124.0,10001,-47.631
0,124.0,10010,-51.186
0,124.1,10001,-47.625
0,124.1,10010,-51.184
0,124.2,10001,-47.621
0,124.2,10010,-51.181
0,124.3,10001,-47.617
0,124.3,10010,-51.179
0,124.4,10001,-47.614
0,124.4,10010,-51.177
0,124.5,10001,-47.611
0,124.5,10010,-51.176
0,124.6,10001,-47.608
0,124.6,10010,-51.174
0,124.7,10001,-47.606
0,124.7,10010,-51.172
0,124.8,10001,-47.605
0,124.8,10010,-51.171
0,124.9,10001,-47.604
0,124.9,10010,-51.170
0,125.0,10001,-47.603
0,125.0,10010,-51.168
0,125.1,10001,-47.603
0,125.1,10010,-51.167
0,125.2,10001,-47.604
0,125.2,10010,-51.166
0,125.3,10001,-47.605
0,125.3,10010,-51.165
0,125.4,10001,-47.606
0,125.4,10010,-51.164
0,125.5,10001,-47.607
0,125.5,10010,-51.164
0,125.6,10001,-47.596
0,125.6,10010,-51.163
0,125.7,10001,-47.586
0,125.7,10010,-51.163
0,125.8,10001,-47.576
0,125.8,10010,-51.162
0,125.9,10001,-47.567
0,125.9,10010,-51.162
0,126.0,10001,-47.558
0,126.0,10010,-51.162
0,126.1,10001,-47.550
0,126.1,10010,-51.162
0,126.2,10001,-47.543
0,126.2,10010,-51.162
0,126.3,10001,-47.536
0,126.3,10010,-51.162
0,126.4,10001,-47.530
0,126.4,10010,-51.162
0,126.5,10001,-47.525
0,126.5,10010,-51.162
0,126.6,10001,-47.520
0,126.6,10010,-51.162
0,126.7,10001,-47.516
0,126.7,10010,-51.163
0,126.8,10001,-47.512
0,126.8,10010,-51.163
0,126.9,10001,-47.509
0,126.9,10010,-51.164
0,127.0,10001,-47.506
0,127.0,10010,-51.164
0,127.1,10001,-47.504
0,127.1,10010,-51.165
0,127.2,10001,-47.503
0,127.2,10010,-51.165
0,127.3,10001,-47.501
0,127.3,10010,-51.166
0,127.4,10001,-47.501
0,127.4,10010,-51.167
0,127.5,10001,-47.501
0,127.5,10010,-51.168
0,127.6,10001,-47.501
0,127.6,10010,-51.169
0,127.7,10001,-47.501
0,127.7,10010,-51.170
0,127.8,10001,-47.502
0,127.8,10010,-51.171
0,127.9,10001,-47.504
0,127.9,10010,-51.172
0,128.0,10001,-47.506
0,128.0,10010,-51.173
0,128.1,10001,-47.508
0,128.1,10010,-51.175
0,128.2,10001,-47.511
0,128.2,10010,-51.176
0,128.3,10001,-47.514
0,128.3,10010,-51.177
0,128.4,10001,-47.517
0,128.4,10010,-51.177
0,128.5,10001,-47.521
0,128.5,10010,-51.177
0,128.6,10001,-47.525
0,128.6,10010,-51.176
0,128.7,10001,-47.530
0,128.7,10010,-51.176
0,128.8,10001,-47.535
0,128.8,10010,-51.176
0,128.9,10001,-47.540
0,128.9,10010,-51.176
0,129.0,10001,-47.545
0,129.0,10010,-51.176
0,129.1,10001,-47.551
0,129.1,10010,-51.177
0,129.2,10001,-47.557
0,129.2,10010,-51.177
0,129.3,10001,-47.563
0,129.3,10010,-51.177
0,129.4,10001,-47.570
0,129.4,10010,-51.178
0,129.5,10001,-47.577
0,129.5,10010,-51.178
0,129.6,10001,-47.584
0,129.6,10010,-51.179
0,129.7,10001,-47.591
0,129.7,10010,-51.179
0,129.8,10001,-47.599
0,129.8,10010,-51.180
0,129.9,10001,-47.607
0,129.9,10010,-51.181
0,130.0,10001,-47.615
0,130.0,10010,-51.182
0,130.1,10001,-47.624
0,130.1,10010,-51.183
0,130.2,10001,-47.632
0,130.2,10010,-51.183
0,130.3,10001,-47.641
0,130.3,10010,-51.184
0,130.4,10001,-47.650
0,130.4,10010,-51.186
0,130.5,10001,-47.659
0,130.5,10010,-51.187
0,130.6,10001,-47.669
0,130.6,10010,-51.188
0,130.7,10001,-47.678
0,130.7,10010,-51.189
0,130.8,10001,-47.688
0,130.8,10010,-51.190
0,130.9,10001,-47.698
0,130.9,10010,-51.192
0,131.0,10001,-47.709
0,131.0,10010,-51.193
0,131.1,10001,-47.719
0,131.1,10010,-51.194
0,131.2,10001,-47.729
0,131.2,10010,-51.196
0,131.3,10001,-47.740
0,131.3,10010,-51.197
0,131.4,10001,-47.738
0,131.4,10010,-51.199
0,131.5,10001,-47.736
0,131.5,10010,-51.200
0,131.6,10001,-47.734
0,131.6,10010,-51.202
0,131.7,10001,-47.718
0,131.7,10010,-51.204
0,131.8,10001,-47.703
0,131.8,10010,-51.205
0,131.9,10001,-47.689
0,131.9,10010,-51.203
0,132.0,10001,-47.675
0,132.0,10010,-51.200
0,132.1,10001,-47.662
0,132.1,10010,-51.198
0,132.2,10001,-47.650
0,132.2,10010,-51.196
0,132.3,10001,-47.639
0,132.3,10010,-51.193
0,132.4,10001,-47.625
0,132.4,10010,-51.191
0,132.5,10001,-47.613
0,132.5,10010,-51.190
0,132.6,10001,-47.601
0,132.6,10010,-51.188
0,132.7,10001,-47.590
0,132.7,10010,-51.186
0,132.8,10001,-47.579
0,132.8,10010,-51.185
0,132.9,10001,-47.570
0,132.9,10010,-51.183
0,133.0,10001,-47.561
0,133.0,10010,-51.182
0,133.1,10001,-47.552
0,133.1,10010,-51.181
0,133.2,10001,-47.545
0,133.2,10010,-51.180
0,133.3,10001,-47.538
0,133.3,10010,-51.179
0,133.4,10001,-47.531
0,133.4,10010,-51.178
0,133.5,10001,-47.525
0,133.5,10010,-51.177
0,133.6,10001,-47.520
0,133.6,10010,-51.177
0,133.7,10001,-47.515
0,133.7,10010,-51.176
0,133.8,10001,-47.511
0,133.8,10010,-51.176
0,133.9,10001,-47.508
0,133.9,10010,-51.175
0,134.0,10001,-47.505
0,134.0,10010,-51.175
0,134.1,10001,-47.502
0,134.1,10010,-51.175
0,134.2,10001,-47.500
0,134.2,10010,-51.173
0,134.3,10001,-47.498
0,134.3,10010,-51.171
0,134.4,10001,-47.497
0,134.4,10010,-51.170
0,134.5,10001,-47.497
0,134.5,10010,-51.168
0,134.6,10001,-47.497
0,134.6,10010,-51.167
0,134.7,10001,-47.497
0,134.7,10010,-51.166
0,134.8,10001,-47.498
0,134.8,10010,-51.165
0,134.9,10001,-47.499
0,134.9,10010,-51.164
0,135.0,10001,-47.500
0,135.0,10010,-51.163
0,135.1,10001,-47.502
0,135.1,10010,-51.162
0,135.2,10001,-47.505
0,135.2,10010,-51.161
0,135.3,10001,-47.508
0,135.3,10010,-51.161
0,135.4,10001,-47.511
0,135.4,10010,-51.160
0,135.5,10001,-47.514
0,135.5,10010,-51.160
0,135.6,10001,-47.518
0,135.6,10010,-51.159
0,135.7,10001,-47.522
0,135.7,10010,-51.159
0,135.8,10001,-47.527
0,135.8,10010,-51.159
0,135.9,10001,-47.532
0,135.9,10010,-51.159
0,136.0,10001,-47.537
0,136.0,10010,-51.159
0,136.1,10001,-47.543
0,136.1,10010,-51.159
0,136.2,10001,-47.548
0,136.2,10010,-51.159
0,136.3,10001,-47.555
0,136.3,10010,-51.160
0,136.4,10001,-47.561
0,136.4,10010,-51.160
0,136.5,10001,-47.568
0,136.5,10010,-51.160
0,136.6,10001,-47.575
0,136.6,10010,-51.161
0,136.7,10001,-47.582
0,136.7,10010,-51.161
0,136.8,10001,-47.589
0,136.8,10010,-51.162
0,136.9,10001,-47.584
0,136.9,10010,-51.163
0,137.0,10001,-47.579
0,137.0,10010,-51.164
0,137.1,10001,-47.574
0,137.1,10010,-51.164
0,137.2,10001,-47.571
0,137.2,10010,-51.165
0,137.3,10001,-47.567
0,137.3,10010,-51.166
0,137.4,10001,-47.564
0,137.4,10010,-51.167
0,137.5,10001,-47.562
0,137.5,10010,-51.168
0,137.6,10001,-47.560
0,137.6,10010,-51.169
0,137.7,10001,-47.559
0,137.7,10010,-51.171
0,137.8,10001,-47.558
0,137.8,10010,-51.172
0,137.9,10001,-47.558
0,137.9,10010,-51.173
0,138.0,10001,-47.558
0,138.0,10010,-51.174
0,138.1,10001,-47.558
0,138.1,10010,-51.176
0,138.2,10001,-47.559
0,138.2,10010,-51.177
0,138.3,10001,-47.561
0,138.3,10010,-51.179
0,138.4,10001,-47.562
0,138.4,10010,-51.180
0,138.5,10001,-47.565
0,138.5,10010,-51.182
0,138.6,10001,-47.567
0,138.6,10010,-51.183
0,138.7,10001,-47.570
0,138.7,10010,-51.185
0,138.8,10001,-47.573
0,138.8,10010,-51.187
0,138.9,10001,-47.577
0,138.9,10010,-51.189
0,139.0,10001,-47.581
0,139.0,10010,-51.190
0,139.1,10001,-47.585
0,139.1,10010,-51.192
0,139.2,10001,-47.590
0,139.2,10010,-51.194
0,139.3,10001,-47.595
0,139.3,10010,-51.196
0,139.4,10001,-47.600
0,139.4,10010,-51.198
0,139.5,10001,-47.606
0,139.5,10010,-51.200
0,139.6,10001,-47.612
0,139.6,10010,-51.202
0,139.7,10001,-47.618
0,139.7,10010,-51.204
0,139.8,10001,-47.624
0,139.8,10010,-51.204
0,139.9,10001,-47.631
0,139.9,10010,-51.204
0,140.0,10001,-47.638
0,140.0,10010,-51.205
0,140.1,10001,-47.645
0,140.1,10010,-51.201
0,140.2,10001,-47.653
0,140.2,10010,-51.197
0,140.3,10001,-47.645
0,140.3,10010,-51.193
0,140.4,10001,-47.639
0,140.4,10010,-51.190
0,140.5,10001,-47.633
0,140.5,10010,-51.187
0,140.6,10001,-47.627
0,140.6,10010,-51.183
0,140.7,10001,-47.622
0,140.7,10010,-51.180
0,140.8,10001,-47.618
0,140.8,10010,-51.178
0,140.9,10001,-47.614
0,140.9,10010,-51.175
0,141.0,10001,-47.611
0,141.0,10010,-51.173
0,141.1,10001,-47.608
0,141.1,10010,-51.170
0,141.2,10001,-47.603
0,141.2,10010,-51.168
0,141.3,10001,-47.599
0,141.3,10010,-51.166
0,141.4,10001,-47.595
0,141.4,10010,-51.164
0,141.5,10001,-47.591
0,141.5,10010,-51.162
0,141.6,10001,-47.589
0,141.6,10010,-51.160
0,141.7,10001,-47.586
0,141.7,10010,-51.159
0,141.8,10001,-47.585
0,141.8,10010,-51.157
0,141.9,10001,-47.583
0,141.9,10010,-51.156
0,142.0,10001,-47.582
0,142.0,10010,-51.155
0,142.1,10001,-47.582
0,142.1,10010,-51.154
0,142.2,10001,-47.582
0,142.2,10010,-51.153
0,142.3,10001,-47.583
0,142.3,10010,-51.152
0,142.4,10001,-47.583
0,142.4,10010,-51.151
0,142.5,10001,-47.585
0,142.5,10010,-51.151
0,142.6,10001,-47.586
0,142.6,10010,-51.150
0,142.7,10001,-47.575
0,142.7,10010,-51.150
0,142.8,10001,-47.565
0,142.8,10010,-51.149
0,142.9,10001,-47.555
0,142.9,10010,-51.149
0,143.0,10001,-47.546
0,143.0,10010,-51.149
0,143.1,10001,-47.538
0,143.1,10010,-51.149
0,143.2,10001,-47.530
0,143.2,10010,-51.149
0,143.3,10001,-47.523
0,143.3,10010,-51.149
0,143.4,10001,-47.516
0,143.4,10010,-51.149
0,143.5,10001,-47.511
0,143.5,10010,-51.149
0,143.6,10001,-47.505
0,143.6,10010,-51.149
0,143.7,10001,-47.501
0,143.7,10010,-51.150
0,143.8,10001,-47.496
0,143.8,10010,-51.150
0,143.9,10001,-47.493
0,143.9,10010,-51.151
0,144.0,10001,-47.490
0,144.0,10010,-51.151
0,144.1,10001,-47.487
0,144.1,10010,-51.152
0,144.2,10001,-47.485
0,144.2,10010,-51.153
0,144.3,10001,-47.484
0,144.3,10010,-51.154
0,144.4,10001,-47.482
0,144.4,10010,-51.154
0,144.5,10001,-47.482
0,144.5,10010,-51.155
0,144.6,10001,-47.482
0,144.6,10010,-51.156
0,144.7,10001,-47.482
0,144.7,10010,-51.157
0,144.8,10001,-47.483
0,144.8,10010,-51.159
0,144.9,10001,-47.484
0,144.9,10010,-51.160
0,145.0,10001,-47.486
0,145.0,10010,-51.161
0,145.1,10001,-47.488
0,145.1,10010,-51.162
0,145.2,10001,-47.490
0,145.2,10010,-51.164
0,145.3,10001,-47.493
0,145.3,10010,-51.165
0,145.4,10001,-47.496
0,145.4,10010,-51.165
0,145.5,10001,-47.499
0,145.5,10010,-51.164
0,145.6,10001,-47.503
0,145.6,10010,-51.164
0,145.7,10001,-47.508
0,145.7,10010,-51.164
0,145.8,10001,-47.512
0,145.8,10010,-51.164
0,145.9,10001,-47.517
0,145.9,10010,-51.164
0,146.0,10001,-47.522
0,146.0,10010,-51.164
0,146.1,10001,-47.528
0,146.1,10010,-51.165
0,146.2,10001,-47.534
0,146.2,10010,-51.165
0,146.3,10001,-47.540
0,146.3,10010,-51.165
0,146.4,10001,-47.546
0,146.4,10010,-51.166
0,146.5,10001,-47.553
0,146.5,10010,-51.166
0,146.6,10001,-47.560
0,146.6,10010,-51.167
0,146.7,10001,-47.567
0,146.7,10010,-51.168
0,146.8,10001,-47.575
0,146.8,10010,-51.168
0,146.9,10001,-47.582
0,146.9,10010,-51.169
0,147.0,10001,-47.590
0,147.0,10010,-51.170
0,147.1,10001,-47.599
0,147.1,10010,-51.171
0,147.2,10001,-47.607
0,147.2,10010,-51.172
0,147.3,10001,-47.616
0,147.3,10010,-51.173
0,147.4,10001,-47.625
0,147.4,10010,-51.174
0,147.5,10001,-47.634
0,147.5,10010,-51.175
0,147.6,10001,-47.643
0,147.6,10010,-51.176
0,147.7,10001,-47.653
0,147.7,10010,-51.178
0,147.8,10001,-47.663
0,147.8,10010,-51.179
0,147.9,10001,-47.672
0,147.9,10010,-51.180
0,148.0,10001,-47.683
0,148.0,10010,-51.182
0,148.1,10001,-47.693
0,148.1,10010,-51.183
0,148.2,10001,-47.703
0,148.2,10010,-51.185
0,148.3,10001,-47.714
0,148.3,10010,-51.186
0,148.4,10001,-47.711
0,148.4,10010,-51.188
0,148.5,10001,-47.709
0,148.5,10010,-51.189
0,148.6,10001,-47.708
0,148.6,10010,-51.191
0,148.7,10001,-47.692
0,148.7,10010,-51.193
0,148.8,10001,-47.677
0,148.8,10010,-51.190
0,148.9,10001,-47.662
0,148.9,10010,-51.188
0,149.0,10001,-47.648
0,149.0,10010,-51.185
0,149.1,10001,-47.635
0,149.1,10010,-51.183
0,149.2,10001,-47.623
0,149.2,10010,-51.181
0,149.3,10001,-47.612
0,149.3,10010,-51.179
0,149.4,10001,-47.599
0,149.4,10010,-51.177
0,149.5,10001,-47.586
0,149.5,10010,-51.175
0,149.6,10001,-47.574
0,149.6,10010,-51.174
0,149.7,10001,-47.563
0,149.7,10010,-51.172
0,149.8,10001,-47.553
0,149.8,10010,-51.171
0,149.9,10001,-47.543
0,149.9,10010,-51.170
0,150.0,10001,-47.534
0,150.0,10010,-51.168
0,150.1,10001,-47.525
0,150.1,10010,-51.167
0,150.2,10001,-47.518
0,150.2,10010,-51.167
0,150.3,10001,-47.511
0,150.3,10010,-51.166
0,150.4,10001,-47.504
0,150.4,10010,-51.165
0,150.5,10001,-47.498
0,150.5,10010,-51.164
0,150.6,10001,-47.493
0,150.6,10010,-51.164
0,150.7,10001,-47.488
0,150.7,10010,-51.163
0,150.8,10001,-47.484
0,150.8,10010,-51.163
0,150.9,10001,-47.481
0,150.9,10010,-51.163
0,151.0,10001,-47.478
0,151.0,10010,-51.163
0,151.1,10001,-47.475
0,151.1,10010,-51.163
0,151.2,10001,-47.473
0,151.2,10010,-51.161
0,151.3,10001,-47.471
0,151.3,10010,-51.159
0,151.4,10001,-47.470
0,151.4,10010,-51.158
0,151.5,10001,-47.470
0,151.5,10010,-51.157
0,151.6,10001,-47.470
0,151.6,10010,-51.155
0,151.7,10001,-47.470
0,151.7,10010,-51.154
0,151.8,10001,-47.471
0,151.8,10010,-51.153
0,151.9,10001,-47.472
0,151.9,10010,-51.152
0,152.0,10001,-47.474
0,152.0,10010,-51.151
0,152.1,10001,-47.476
0,152.1,10010,-51.151
0,152.2,10001,-47.478
0,152.2,10010,-51.150
0,152.3,10001,-47.481
0,152.3,10010,-51.150
0,152.4,10001,-47.484
0,152.4,10010,-51.149
0,152.5,10001,-47.488
0,152.5,10010,-51.149
0,152.6,10001,-47.492
0,152.6,10010,-51.149
0,152.7,10001,-47.496
0,152.7,10010,-51.148
0,152.8,10001,-47.500
0,152.8,10010,-51.148
0,152.9,10001,-47.505
0,152.9,10010,-51.148
0,153.0,10001,-47.511
0,153.0,10010,-51.149
0,153.1,10001,-47.516
0,153.1,10010,-51.149
0,153.2,10001,-47.522
0,153.2,10010,-51.149
0,153.3,10001,-47.528
0,153.3,10010,-51.149
0,153.4,10001,-47.535
0,153.4,10010,-51.150
0,153.5,10001,-47.542
0,153.5,10010,-51.150
0,153.6,10001,-47.549
0,153.6,10010,-51.151
0,153.7,10001,-47.556
0,153.7,10010,-51.152
0,153.8,10001,-47.563
0,153.8,10010,-51.152
0,153.9,10001,-47.558
0,153.9,10010,-51.153
0,154.0,10001,-47.553
0,154.0,10010,-51.154
0,154.1,10001,-47.549
0,154.1,10010,-51.155
0,154.2,10001,-47.545
0,154.2,10010,-51.156
0,154.3,10001,-47.542
0,154.3,10010,-51.157
0,154.4,10001,-47.539
0,154.4,10010,-51.158
0,154.5,10001,-47.537
0,154.5,10010,-51.159
0,154.6,10001,-47.535
0,154.6,10010,-51.160
0,154.7,10001,-47.534
0,154.7,10010,-51.161
0,154.8,10001,-47.533
0,154.8,10010,-51.163
0,154.9,10001,-47.533
0,154.9,10010,-51.164
0,155.0,10001,-47.533
0,155.0,10010,-51.166
0,155.1,10001,-47.533
0,155.1,10010,-51.167
0,155.2,10001,-47.534
0,155.2,10010,-51.168
0,155.3,10001,-47.536
0,155.3,10010,-51.170
0,155.4,10001,-47.538
0,155.4,10010,-51.172
0,155.5,10001,-47.540
0,155.5,10010,-51.173
0,155.6,10001,-47.542
0,155.6,10010,-51.175
0,155.7,10001,-47.545
0,155.7,10010,-51.177
0,155.8,10001,-47.549
0,155.8,10010,-51.178
0,155.9,10001,-47.553
0,155.9,10010,-51.180
0,156.0,10001,-47.557
0,156.0,10010,-51.182
0,156.1,10001,-47.561
0,156.1,10010,-51.184
0,156.2,10001,-47.566
0,156.2,10010,-51.186
0,156.3,10001,-47.571
0,156.3,10010,-51.188
0,156.4,10001,-47.576
0,156.4,10010,-51.190
0,156.5,10001,-47.582
0,156.5,10010,-51.192
0,156.6,10001,-47.588
0,156.6,10010,-51.194
0,156.7,10001,-47.594
0,156.7,10010,-51.196
0,156.8,10001,-47.600
0,156.8,10010,-51.196
0,156.9,10001,-47.607
0,156.9,10010,-51.196
0,157.0,10001,-47.614
0,157.0,10010,-51.197
0,157.1,10001,-47.622
0,157.1,10010,-51.193
0,157.2,10001,-47.614
0,157.2,10010,-51.189
0,157.3,10001,-47.607
0,157.3,10010,-51.186
0,157.4,10001,-47.601
0,157.4,10010,-51.182
0,157.5,10001,-47.596
0,157.5,10010,-51.179
0,157.6,10001,-47.590
0,157.6,10010,-51.176
0,157.7,10001,-47.586
0,157.7,10010,-51.173
0,157.8,10001,-47.582
0,157.8,10010,-51.170
0,157.9,10001,-47.579
0,157.9,10010,-51.168
0,158.0,10001,-47.576
0,158.0,10010,-51.165
0,158.1,10001,-47.573
0,158.1,10010,-51.163
0,158.2,10001,-47.569
0,158.2,10010,-51.161
0,158.3,10001,-47.565
0,158.3,10010,-51.159
0,158.4,10001,-47.561
0,158.4,10010,-51.157
0,158.5,10001,-47.558
0,158.5,10010,-51.155
0,158.6,10001,-47.556
0,158.6,10010,-51.154
0,158.7,10001,-47.554
0,158.7,10010,-51.152
0,158.8,10001,-47.553
0,158.8,10010,-51.151
0,158.9,10001,-47.552
0,158.9,10010,-51.149
0,159.0,10001,-47.551
0,159.0,10010,-51.148
0,159.1,10001,-47.551
0,159.1,10010,-51.147
0,159.2,10001,-47.551
0,159.2,10010,-51.146
0,159.3,10001,-47.552
0,159.3,10010,-51.145
0,159.4,10001,-47.553
0,159.4,10010,-51.145
0,159.5,10001,-47.555
0,159.5,10010,-51.144
0,159.6,10001,-47.557
0,159.6,10010,-51.143
0,159.7,10001,-47.546
0,159.7,10010,-51.143
0,159.8,10001,-47.536
0,159.8,10010,-51.143
0,159.9,10001,-47.527
0,159.9,10010,-51.142
0,160.0,10001,-47.518
0,160.0,10010,-51.142
0,160.1,10001,-47.510
0,160.1,10010,-51.142
0,160.2,10001,-47.502
0,160.2,10010,-51.142
0,160.3,10001,-47.496
0,160.3,10010,-51.142
0,160.4,10001,-47.489
0,160.4,10010,-51.143
0,160.5,10001,-47.484
0,160.5,10010,-51.143
0,160.6,10001,-47.479
0,160.6,10010,-51.143
0,160.7,10001,-47.474
0,160.7,10010,-51.144
0,160.8,10001,-47.470
0,160.8,10010,-51.144
0,160.9,10001,-47.467
0,160.9,10010,-51.145
0,161.0,10001,-47.464
0,161.0,10010,-51.145
0,161.1,10001,-47.462
0,161.1,10010,-51.146
0,161.2,10001,-47.460
0,161.2,10010,-51.147
0,161.3,10001,-47.459
0,161.3,10010,-51.148
0,161.4,10001,-47.458
0,161.4,10010,-51.149
0,161.5,10001,-47.458
0,161.5,10010,-51.150
0,161.6,10001,-47.458
0,161.6,10010,-51.151
0,161.7,10001,-47.458
0,161.7,10010,-51.152
0,161.8,10001,-47.459
0,161.8,10010,-51.153
0,161.9,10001,-47.461
0,161.9,10010,-51.154
0,162.0,10001,-47.462
0,162.0,10010,-51.155
0,162.1,10001,-47.465
0,162.1,10010,-51.157
0,162.2,10001,-47.467
0,162.2,10010,-51.158
0,162.3,10001,-47.470
0,162.3,10010,-51.159
0,162.4,10001,-47.474
0,162.4,10010,-51.159
0,162.5,10001,-47.477
0,162.5,10010,-51.159
0,162.6,10001,-47.481
0,162.6,10010,-51.159
0,162.7,10001,-47.486
0,162.7,10010,-51.159
0,162.8,10001,-47.491
0,162.8,10010,-51.159
0,162.9,10001,-47.496
0,162.9,10010,-51.159
0,163.0,10001,-47.501
0,163.0,10010,-51.159
0,163.1,10001,-47.507
0,163.1,10010,-51.159
0,163.2,10001,-47.513
0,163.2,10010,-51.160
0,163.3,10001,-47.519
0,163.3,10010,-51.160
0,163.4,10001,-47.526
0,163.4,10010,-51.161
0,163.5,10001,-47.533
0,163.5,10010,-51.161
0,163.6,10001,-47.540
0,163.6,10010,-51.162
0,163.7,10001,-47.547
0,163.7,10010,-51.162
0,163.8,10001,-47.555
0,163.8,10010,-51.163
0,163.9,10001,-47.563
0,163.9,10010,-51.164
0,164.0,10001,-47.571
0,164.0,10010,-51.165
0,164.1,10001,-47.580
0,164.1,10010,-51.166
0,164.2,10001,-47.588
0,164.2,10010,-51.167
0,164.3,10001,-47.597
0,164.3,10010,-51.168
0,164.4,10001,-47.606
0,164.4,10010,-51.169
0,164.5,10001,-47.615
0,164.5,10010,-51.170
0,164.6,10001,-47.625
0,164.6,10010,-51.172
0,164.7,10001,-47.635
0,164.7,10010,-51.173
0,164.8,10001,-47.644
0,164.8,10010,-51.174
0,164.9,10001,-47.655
0,164.9,10010,-51.176
0,165.0,10001,-47.665
0,165.0,10010,-51.177
0,165.1,10001,-47.675
0,165.1,10010,-51.179
0,165.2,10001,-47.686
0,165.2,10010,-51.180
0,165.3,10001,-47.697
0,165.3,10010,-51.182
0,165.4,10001,-47.694
0,165.4,10010,-51.183
0,165.5,10001,-47.692
0,165.5,10010,-51.185
0,165.6,10001,-47.691
0,165.6,10010,-51.187
0,165.7,10001,-47.675
0,165.7,10010,-51.188
0,165.8,10001,-47.660
0,165.8,10010,-51.190
0,165.9,10001,-47.646
0,165.9,10010,-51.187
0,166.0,10001,-47.632
0,166.0,10010,-51.185
0,166.1,10001,-47.619
0,166.1,10010,-51.183
0,166.2,10001,-47.607
0,166.2,10010,-51.180
0,166.3,10001,-47.596
0,166.3,10010,-51.178
0,166.4,10001,-47.583
0,166.4,10010,-51.176
0,166.5,10001,-47.570
0,166.5,10010,-51.175
0,166.6,10001,-47.558
0,166.6,10010,-51.173
0,166.7,10001,-47.547
0,166.7,10010,-51.171
0,166.8,10001,-47.537
0,166.8,10010,-51.170
0,166.9,10001,-47.527
0,166.9,10010,-51.169
0,167.0,10001,-47.519
0,167.0,10010,-51.167
0,167.1,10001,-47.510
0,167.1,10010,-51.166
0,167.2,10001,-47.503
0,167.2,10010,-51.165
0,167.3,10001,-47.496
0,167.3,10010,-51.165
0,167.4,10001,-47.489
0,167.4,10010,-51.164
0,167.5,10001,-47.484
0,167.5,10010,-51.163
0,167.6,10001,-47.478
0,167.6,10010,-51.163
0,167.7,10001,-47.474
0,167.7,10010,-51.162
0,167.8,10001,-47.470
0,167.8,10010,-51.162
0,167.9,10001,-47.466
0,167.9,10010,-51.161
0,168.0,10001,-47.463
0,168.0,10010,-51.161
0,168.1,10001,-47.461
0,168.1,10010,-51.161
0,168.2,10001,-47.459
0,168.2,10010,-51.159
0,168.3,10001,-47.458
0,168.3,10010,-51.158
0,168.4,10001,-47.457
0,168.4,10010,-51.156
0,168.5,10001,-47.456
0,168.5,10010,-51.155
0,168.6,10001,-47.456
0,168.6,10010,-51.153
0,168.7,10001,-47.457
0,168.7,10010,-51.152
0,168.8,10001,-47.457
0,168.8,10010,-51.151
0,168.9,10001,-47.459
0,168.9,10010,-51.150
0,169.0,10001,-47.460
0,169.0,10010,-51.149
0,169.1,10001,-47.463
0,169.1,10010,-51.149
0,169.2,10001,-47.465
0,169.2,10010,-51.148
0,169.3,10001,-47.468
0,169.3,10010,-51.147
0,169.4,10001,-47.471
0,169.4,10010,-51.147
0,169.5,10001,-47.475
0,169.5,10010,-51.147
0,169.6,10001,-47.479
0,169.6,10010,-51.146
0,169.7,10001,-47.483
0,169.7,10010,-51.146
0,169.8,10001,-47.488
0,169.8,10010,-51.146
0,169.9,10001,-47.493
0,169.9,10010,-51.146
0,170.0,10001,-47.498
0,170.0,10010,-51.146
0,170.1,10001,-47.504
0,170.1,10010,-51.146
0,170.2,10001,-47.510
0,170.2,10010,-51.147
0,170.3,10001,-47.516
0,170.3,10010,-51.147
0,170.4,10001,-47.523
0,170.4,10010,-51.147
0,170.5,10001,-47.530
0,170.5,10010,-51.148
0,170.6,10001,-47.537
0,170.6,10010,-51.148
0,170.7,10001,-47.544
0,170.7,10010,-51.149
0,170.8,10001,-47.552
0,170.8,10010,-51.150
0,170.9,10001,-47.560
0,170.9,10010,-51.151
0,171.0,10001,-47.554
0,171.0,10010,-51.151
0,171.1,10001,-47.550
0,171.1,10010,-51.152
0,171.2,10001,-47.546
0,171.2,10010,-51.153
0,171.3,10001,-47.542
0,171.3,10010,-51.154
0,171.4,10001,-47.539
0,171.4,10010,-51.155
0,171.5,10001,-47.537
0,171.5,10010,-51.156
0,171.6,10001,-47.535
0,171.6,10010,-51.158
0,171.7,10001,-47.534
0,171.7,10010,-51.159
0,171.8,10001,-47.533
0,171.8,10010,-51.160
0,171.9,10001,-47.532
0,171.9,10010,-51.162
0,172.0,10001,-47.532
0,172.0,10010,-51.163
0,172.1,10001,-47.532
0,172.1,10010,-51.164
0,172.2,10001,-47.533
0,172.2,10010,-51.166
0,172.3,10001,-47.534
0,172.3,10010,-51.167
0,172.4,10001,-47.536
0,172.4,10010,-51.169
0,172.5,10001,-47.538
0,172.5,10010,-51.171
0,172.6,10001,-47.541
0,172.6,10010,-51.172
0,172.7,10001,-47.543
0,172.7,10010,-51.174
0,172.8,10001,-47.547
0,172.8,10010,-51.176
0,172.9,10001,-47.550
0,172.9,10010,-51.177
0,173.0,10001,-47.554
0,173.0,10010,-51.179
0,173.1,10001,-47.558
0,173.1,10010,-51.181
0,173.2,10001,-47.563
0,173.2,10010,-51.183
0,173.3,10001,-47.568
0,173.3,10010,-51.185
0,173.4,10001,-47.573
0,173.4,10010,-51.187
0,173.5,10001,-47.579
0,173.5,10010,-51.189
0,173.6,10001,-47.584
0,173.6,10010,-51.191
0,173.7,10001,-47.590
0,173.7,10010,-51.193
0,173.8,10001,-47.597
0,173.8,10010,-51.195
0,173.9,10001,-47.604
0,173.9,10010,-51.195
0,174.0,10001,-47.610
0,174.0,10010,-51.196
0,174.1,10001,-47.618
0,174.1,10010,-51.196
0,174.2,10001,-47.625
0,174.2,10010,-51.192
0,174.3,10001,-47.618
0,174.3,10010,-51.189
0,174.4,10001,-47.611
0,174.4,10010,-51.185
0,174.5,10001,-47.605
0,174.5,10010,-51.182
0,174.6,10001,-47.600
0,174.6,10010,-51.179
0,174.7,10001,-47.595
0,174.7,10010,-51.176
0,174.8,10001,-47.590
0,174.8,10010,-51.173
0,174.9,10001,-47.586
0,174.9,10010,-51.170
0,175.0,10001,-47.583
0,175.0,10010,-51.167
0,175.1,10001,-47.580
0,175.1,10010,-51.165
0,175.2,10001,-47.578
0,175.2,10010,-51.163
0,175.3,10001,-47.574
0,175.3,10010,-51.160
0,175.4,10001,-47.570
0,175.4,10010,-51.158
0,175.5,10001,-47.566
0,175.5,10010,-51.157
0,175.6,10001,-47.563
0,175.6,10010,-51.155
0,175.7,10001,-47.561
0,175.7,10010,-51.153
0,175.8,10001,-47.559
0,175.8,10010,-51.152
0,175.9,10001,-47.558
0,175.9,10010,-51.150
0,176.0,10001,-47.557
0,176.0,10010,-51.149
0,176.1,10001,-47.557
0,176.1,10010,-51.148
0,176.2,10001,-47.557
0,176.2,10010,-51.147
0,176.3,10001,-47.557
0,176.3,10010,-51.146
0,176.4,10001,-47.558
0,176.4,10010,-51.145
0,176.5,10001,-47.559
0,176.5,10010,-51.144
0,176.6,10001,-47.561
0,176.6,10010,-51.144
0,176.7,10001,-47.550
0,176.7,10010,-51.143
0,176.8,10001,-47.539
0,176.8,10010,-51.143
0,176.9,10001,-47.530
0,176.9,10010,-51.143
0,177.0,10001,-47.521
0,177.0,10010,-51.142
0,177.1,10001,-47.512
0,177.1,10010,-51.142
0,177.2,10001,-47.504
0,177.2,10010,-51.142
0,177.3,10001,-47.497
0,177.3,10010,-51.142
0,177.4,10001,-47.491
0,177.4,10010,-51.142
0,177.5,10001,-47.485
0,177.5,10010,-51.143
0,177.6,10001,-47.480
0,177.6,10010,-51.143
0,177.7,10001,-47.475
0,177.7,10010,-51.143
0,177.8,10001,-47.471
0,177.8,10010,-51.144
0,177.9,10001,-47.467
0,177.9,10010,-51.144
0,178.0,10001,-47.464
0,178.0,10010,-51.145
0,178.1,10001,-47.462
0,178.1,10010,-51.145
0,178.2,10001,-47.460
0,178.2,10010,-51.146
0,178.3,10001,-47.458
0,178.3,10010,-51.147
0,178.4,10001,-47.457
0,178.4,10010,-51.148
0,178.5,10001,-47.457
0,178.5,10010,-51.149
0,178.6,10001,-47.456
0,178.6,10010,-51.150
0,178.7,10001,-47.457
0,178.7,10010,-51.151
0,178.8,10001,-47.458
0,178.8,10010,-51.152
0,178.9,10001,-47.459
0,178.9,10010,-51.153
0,179.0,10001,-47.460
0,179.0,10010,-51.154
0,179.1,10001,-47.462
0,179.1,10010,-51.155
0,179.2,10001,-47.465
0,179.2,10010,-51.157
0,179.3,10001,-47.468
0,179.3,10010,-51.158
0,179.4,10001,-47.471
0,179.4,10010,-51.158
0,179.5,10001,-47.475
0,179.5,10010,-51.157
0,179.6,10001,-47.478
0,179.6,10010,-51.157
0,179.7,10001,-47.483
0,179.7,10010,-51.157
0,179.8,10001,-47.487
0,179.8,10010,-51.157
0,179.9,10001,-47.505
0,179.9,10010,-51.157
0,180.0,10001,-47.522
0,180.0,10010,-51.157
0,180.1,10001,-47.539
0,180.1,10010,-51.158
0,180.2,10001,-47.557
0,180.2,10010,-51.158
0,180.3,10001,-47.574
0,180.3,10010,-51.158
0,180.4,10001,-47.592
0,180.4,10010,-51.159
0,180.5,10001,-47.609
0,180.5,10010,-51.159
0,180.6,10001,-47.626
0,180.6,10010,-51.160
0,180.7,10001,-47.644
0,180.7,10010,-51.161
0,180.8,10001,-47.661
0,180.8,10010,-51.161
0,180.9,10001,-47.679
0,180.9,10010,-51.162
0,181.0,10001,-47.696
0,181.0,10010,-51.163
0,181.1,10001,-47.713
0,181.1,10010,-51.164
0,181.2,10001,-47.731
0,181.2,10010,-51.165
0,181.3,10001,-47.748
0,181.3,10010,-51.166
0,181.4,10001,-47.765
0,181.4,10010,-51.167
0,181.5,10001,-47.783
0,181.5,10010,-51.168
0,181.6,10001,-47.800
0,181.6,10010,-51.170
0,181.7,10001,-47.818
0,181.7,10010,-51.171
0,181.8,10001,-47.835
0,181.8,10010,-51.172
0,181.9,10001,-47.852
0,181.9,10010,-51.173
0,182.0,10001,-47.869
0,182.0,10010,-51.175
0,182.1,10001,-47.887
0,182.1,10010,-51.176
0,182.2,10001,-47.904
0,182.2,10010,-51.178
0,182.3,10001,-47.921
0,182.3,10010,-51.179
0,182.4,10001,-47.925
0,182.4,10010,-51.181
0,182.5,10001,-47.929
0,182.5,10010,-51.183
0,182.6,10001,-47.934
0,182.6,10010,-51.184
0,182.7,10001,-47.924
0,182.7,10010,-51.186
0,182.8,10001,-47.914
0,182.8,10010,-51.188
0,182.9,10001,-47.905
0,182.9,10010,-51.185
0,183.0,10001,-47.897
0,183.0,10010,-51.183
0,183.1,10001,-47.889
0,183.1,10010,-51.180
0,183.2,10001,-47.882
0,183.2,10010,-51.178
0,183.3,10001,-47.876
0,183.3,10010,-51.176
0,183.4,10001,-47.867
0,183.4,10010,-51.174
0,183.5,10001,-47.859
0,183.5,10010,-51.172
0,183.6,10001,-47.852
0,183.6,10010,-51.171
0,183.7,10001,-47.845
0,183.7,10010,-51.169
0,183.8,10001,-47.839
0,183.8,10010,-51.168
0,183.9,10001,-47.833
0,183.9,10010,-51.166
0,184.0,10001,-47.828
0,184.0,10010,-51.165
0,184.1,10001,-47.824
0,184.1,10010,-51.164
0,184.2,10001,-47.820
0,184.2,10010,-51.163
0,184.3,10001,-47.816
0,184.3,10010,-51.162
0,184.4,10001,-47.813
0,184.4,10010,-51.161
0,184.5,10001,-47.811
0,184.5,10010,-51.161
0,184.6,10001,-47.809
0,184.6,10010,-51.160
0,184.7,10001,-47.807
0,184.7,10010,-51.160
0,184.8,10001,-47.806
0,184.8,10010,-51.159
0,184.9,10001,-47.805
0,184.9,10010,-51.159
0,185.0,10001,-47.805
0,185.0,10010,-51.159
0,185.1,10001,-47.805
0,185.1,10010,-51.159
0,185.2,10001,-47.806
0,185.2,10010,-51.157
0,185.3,10001,-47.807
0,185.3,10010,-51.155
0,185.4,10001,-47.808
0,185.4,10010,-51.154
0,185.5,10001,-47.810
0,185.5,10010,-51.152
0,185.6,10001,-47.812
0,185.6,10010,-51.151
0,185.7,10001,-47.815
0,185.7,10010,-51.150
0,185.8,10001,-47.818
0,185.8,10010,-51.149
0,185.9,10001,-47.821
0,185.9,10010,-51.148
0,186.0,10001,-47.824
0,186.0,10010,-51.147
0,186.1,10001,-47.828
0,186.1,10010,-51.146
0,186.2,10001,-47.832
0,186.2,10010,-51.146
0,186.3,10001,-47.837
0,186.3,10010,-51.145
0,186.4,10001,-47.841
0,186.4,10010,-51.145
0,186.5,10001,-47.847
0,186.5,10010,-51.144
0,186.6,10001,-47.852
0,186.6,10010,-51.144
0,186.7,10001,-47.858
0,186.7,10010,-51.144
0,186.8,10001,-47.863
0,186.8,10010,-51.144
0,186.9,10001,-47.870
0,186.9,10010,-51.144
0,187.0,10001,-47.876
0,187.0,10010,-51.144
0,187.1,10001,-47.883
0,187.1,10010,-51.144
0,187.2,10001,-47.890
0,187.2,10010,-51.144
0,187.3,10001,-47.897
0,187.3,10010,-51.145
0,187.4,10001,-47.904
0,187.4,10010,-51.145
0,187.5,10001,-47.912
0,187.5,10010,-51.146
0,187.6,10001,-47.919
0,187.6,10010,-51.146
0,187.7,10001,-47.927
0,187.7,10010,-51.147
0,187.8,10001,-47.936
0,187.8,10010,-51.147
0,187.9,10001,-47.931
0,187.9,10010,-51.148
0,188.0,10001,-47.927
0,188.0,10010,-51.149
0,188.1,10001,-47.923
0,188.1,10010,-51.150
0,188.2,10001,-47.919
0,188.2,10010,-51.151
0,188.3,10001,-47.917
0,188.3,10010,-51.152
0,188.4,10001,-47.914
0,188.4,10010,-51.153
0,188.5,10001,-47.912
0,188.5,10010,-51.154
0,188.6,10001,-47.911
0,188.6,10010,-51.155
0,188.7,10001,-47.910
0,188.7,10010,-51.157
0,188.8,10001,-47.909
0,188.8,10010,-51.158
0,188.9,10001,-47.909
0,188.9,10010,-51.159
0,189.0,10001,-47.909
0,189.0,10010,-51.161
0,189.1,10001,-47.910
0,189.1,10010,-51.162
0,189.2,10001,-47.911
0,189.2,10010,-51.163
0,189.3,10001,-47.913
0,189.3,10010,-51.165
0,189.4,10001,-47.914
0,189.4,10010,-51.167
0,189.5,10001,-47.917
0,189.5,10010,-51.168
0,189.6,10001,-47.919
0,189.6,10010,-51.170
0,189.7,10001,-47.922
0,189.7,10010,-51.172
0,189.8,10001,-47.925
0,189.8,10010,-51.173
0,189.9,10001,-47.929
0,189.9,10010,-51.175
0,190.0,10001,-47.932
0,190.0,10010,-51.177
0,190.1,10001,-47.936
0,190.1,10010,-51.179
0,190.2,10001,-47.941
0,190.2,10010,-51.181
0,190.3,10001,-47.946
0,190.3,10010,-51.183
0,190.4,10001,-47.951
0,190.4,10010,-51.185
0,190.5,10001,-47.956
0,190.5,10010,-51.187
0,190.6,10001,-47.961
0,190.6,10010,-51.189
0,190.7,10001,-47.967
0,190.7,10010,-51.191
0,190.8,10001,-47.973
0,190.8,10010,-51.191
0,190.9,10001,-47.980
0,190.9,10010,-51.191
0,191.0,10001,-47.986
0,191.0,10010,-51.192
0,191.1,10001,-47.993
0,191.1,10010,-51.192
0,191.2,10001,-48.000
0,191.2,10010,-51.189
0,191.3,10001,-47.992
0,191.3,10010,-51.185
0,191.4,10001,-47.985
0,191.4,10010,-51.181
0,191.5,10001,-47.978
0,191.5,10010,-51.178
0,191.6,10001,-47.972
0,191.6,10010,-51.175
0,191.7,10001,-47.967
0,191.7,10010,-51.172
0,191.8,10001,-47.962
0,191.8,10010,-51.169
0,191.9,10001,-47.957
0,191.9,10010,-51.166
0,192.0,10001,-47.953
0,192.0,10010,-51.164
0,192.1,10001,-47.950
0,192.1,10010,-51.161
0,192.2,10001,-47.944
0,192.2,10010,-51.159
0,192.3,10001,-47.939
0,192.3,10010,-51.157
0,192.4,10001,-47.935
0,192.4,10010,-51.155
0,192.5,10001,-47.930
0,192.5,10010,-51.153
0,192.6,10001,-47.927
0,192.6,10010,-51.152
0,192.7,10001,-47.924
0,192.7,10010,-51.150
0,192.8,10001,-47.921
0,192.8,10010,-51.149
0,192.9,10001,-47.919
0,192.9,10010,-51.147
0,193.0,10001,-47.918
0,193.0,10010,-51.146
0,193.1,10001,-47.916
0,193.1,10010,-51.145
0,193.2,10001,-47.916
0,193.2,10010,-51.144
0,193.3,10001,-47.915
0,193.3,10010,-51.143
0,193.4,10001,-47.915
0,193.4,10010,-51.142
0,193.5,10001,-47.916
0,193.5,10010,-51.142
0,193.6,10001,-47.917
0,193.6,10010,-51.141
0,193.7,10001,-47.905
0,193.7,10010,-51.140
0,193.8,10001,-47.893
0,193.8,10010,-51.140
0,193.9,10001,-47.883
0,193.9,10010,-51.140
0,194.0,10001,-47.873
0,194.0,10010,-51.140
0,194.1,10001,-47.863
0,194.1,10010,-51.139
0,194.2,10001,-47.855
0,194.2,10010,-51.139
0,194.3,10001,-47.847
0,194.3,10010,-51.140
0,194.4,10001,-47.839
0,194.4,10010,-51.140
0,194.5,10001,-47.832
0,194.5,10010,-51.140
0,194.6,10001,-47.826
0,194.6,10010,-51.140
0,194.7,10001,-47.820
0,194.7,10010,-51.141
0,194.8,10001,-47.815
0,194.8,10010,-51.141
0,194.9,10001,-47.811
0,194.9,10010,-51.142
0,195.0,10001,-47.806
0,195.0,10010,-51.142
0,195.1,10001,-47.803
0,195.1,10010,-51.143
0,195.2,10001,-47.800
0,195.2,10010,-51.144
0,195.3,10001,-47.797
0,195.3,10010,-51.144
0,195.4,10001,-47.795
0,195.4,10010,-51.145
0,195.5,10001,-47.794
0,195.5,10010,-51.146
0,195.6,10001,-47.792
0,195.6,10010,-51.147
0,195.7,10001,-47.792
0,195.7,10010,-51.148
0,195.8,10001,-47.791
0,195.8,10010,-51.149
0,195.9,10001,-47.791
0,195.9,10010,-51.151
0,196.0,10001,-47.792
0,196.0,10010,-51.152
0,196.1,10001,-47.793
0,196.1,10010,-51.153
0,196.2,10001,-47.794
0,196.2,10010,-51.154
0,196.3,10001,-47.796
0,196.3,10010,-51.156
0,196.4,10001,-47.798
0,196.4,10010,-51.157
0,196.5,10001,-47.801
0,196.5,10010,-51.157
0,196.6,10001,-47.803
0,196.6,10010,-51.157
0,196.7,10001,-47.807
0,196.7,10010,-51.157
0,196.8,10001,-47.810
0,196.8,10010,-51.157
0,196.9,10001,-47.814
0,196.9,10010,-51.157
0,197.0,10001,-47.818
0,197.0,10010,-51.157
0,197.1,10001,-47.822
0,197.1,10010,-51.157
0,197.2,10001,-47.827
0,197.2,10010,-51.157
0,197.3,10001,-47.832
0,197.3,10010,-51.158
0,197.4,10001,-47.838
0,197.4,10010,-51.158
0,197.5,10001,-47.843
0,197.5,10010,-51.159
0,197.6,10001,-47.849
0,197.6,10010,-51.159
0,197.7,10001,-47.855
0,197.7,10010,-51.160
0,197.8,10001,-47.862
0,197.8,10010,-51.161
0,197.9,10001,-47.868
0,197.9,10010,-51.162
0,198.0,10001,-47.875
0,198.0,10010,-51.162
0,198.1,10001,-47.882
0,198.1,10010,-51.163
0,198.2,10001,-47.890
0,198.2,10010,-51.164
0,198.3,10001,-47.897
0,198.3,10010,-51.165
0,198.4,10001,-47.905
0,198.4,10010,-51.166
0,198.5,10001,-47.913
0,198.5,10010,-51.168
0,198.6,10001,-47.921
0,198.6,10010,-51.169
0,198.7,10001,-47.930
0,198.7,10010,-51.170
0,198.8,10001,-47.938
0,198.8,10010,-51.171
0,198.9,10001,-47.947
0,198.9,10010,-51.173
0,199.0,10001,-47.956
0,199.0,10010,-51.174
0,199.1,10001,-47.965
0,199.1,10010,-51.176
0,199.2,10001,-47.975
0,199.2,10010,-51.177
0,199.3,10001,-47.984
0,199.3,10010,-51.179
0,199.4,10001,-47.981
0,199.4,10010,-51.180
0,199.5,10001,-47.977
0,199.5,10010,-51.182
0,199.6,10001,-47.975
0,199.6,10010,-51.183
0,199.7,10001,-47.958
0,199.7,10010,-51.185
0,199.8,10001,-47.941
0,199.8,10010,-51.187
0,199.9,10001,-47.926
0,199.9,10010,-51.184
0,200.0,10001,-47.911
0,200.0,10010,-51.182
0,200.1,10001,-47.897
0,200.1,10010,-51.179
0,200.2,10001,-47.884
0,200.2,10010,-51.177
0,200.3,10001,-47.871
0,200.3,10010,-51.175
0,200.4,10001,-47.857
0,200.4,10010,-51.173
0,200.5,10001,-47.843
0,200.5,10010,-51.171
0,200.6,10001,-47.830
0,200.6,10010,-51.170
0,200.7,10001,-47.818
0,200.7,10010,-51.168
0,200.8,10001,-47.806
0,200.8,10010,-51.167
0,200.9,10001,-47.796
0,200.9,10010,-51.165
0,201.0,10001,-47.785
0,201.0,10010,-51.164
0,201.1,10001,-47.776
0,201.1,10010,-51.163
0,201.2,10001,-47.767
0,201.2,10010,-51.162
0,201.3,10001,-47.759
0,201.3,10010,-51.161
0,201.4,10001,-47.751
0,201.4,10010,-51.160
0,201.5,10001,-47.745
0,201.5,10010,-51.160
0,201.6,10001,-47.738
0,201.6,10010,-51.159
0,201.7,10001,-47.732
0,201.7,10010,-51.159
0,201.8,10001,-47.727
0,201.8,10010,-51.158
0,201.9,10001,-47.723
0,201.9,10010,-51.158
0,202.0,10001,-47.718
0,202.0,10010,-51.158
0,202.1,10001,-47.715
0,202.1,10010,-51.158
0,202.2,10001,-47.712
0,202.2,10010,-51.156
0,202.3,10001,-47.709
0,202.3,10010,-51.154
0,202.4,10001,-47.707
0,202.4,10010,-51.153
0,202.5,10001,-47.705
0,202.5,10010,-51.151
0,202.6,10001,-47.704
0,202.6,10010,-51.150
0,202.7,10001,-47.704
0,202.7,10010,-51.149
0,202.8,10001,-47.703
0,202.8,10010,-51.148
0,202.9,10001,-47.704
0,202.9,10010,-51.147
0,203.0,10001,-47.704
0,203.0,10010,-51.146
0,203.1,10001,-47.705
0,203.1,10010,-51.145
0,203.2,10001,-47.707
0,203.2,10010,-51.145
0,203.3,10001,-47.708
0,203.3,10010,-51.144
0,203.4,10001,-47.710
0,203.4,10010,-51.144
0,203.5,10001,-47.713
0,203.5,10010,-51.143
0,203.6,10001,-47.716
0,203.6,10010,-51.143
0,203.7,10001,-47.719
0,203.7,10010,-51.143
0,203.8,10001,-47.723
0,203.8,10010,-51.143
0,203.9,10001,-47.727
0,203.9,10010,-51.143
0,204.0,10001,-47.731
0,204.0,10010,-51.143
0,204.1,10001,-47.735
0,204.1,10010,-51.143
0,204.2,10001,-47.740
0,204.2,10010,-51.143
0,204.3,10001,-47.746
0,204.3,10010,-51.144
0,204.4,10001,-47.751
0,204.4,10010,-51.144
0,204.5,10001,-47.757
0,204.5,10010,-51.144
0,204.6,10001,-47.763
0,204.6,10010,-51.145
0,204.7,10001,-47.769
0,204.7,10010,-51.146
0,204.8,10001,-47.776
0,204.8,10010,-51.146
0,204.9,10001,-47.769
0,204.9,10010,-51.147
0,205.0,10001,-47.763
0,205.0,10010,-51.148
0,205.1,10001,-47.758
0,205.1,10010,-51.149
0,205.2,10001,-47.753
0,205.2,10010,-51.150
0,205.3,10001,-47.749
0,205.3,10010,-51.151
0,205.4,10001,-47.745
0,205.4,10010,-51.152
0,205.5,10001,-47.742
0,205.5,10010,-51.153
0,205.6,10001,-47.740
0,205.6,10010,-51.154
0,205.7,10001,-47.737
0,205.7,10010,-51.155
0,205.8,10001,-47.736
0,205.8,10010,-51.157
0,205.9,10001,-47.734
0,205.9,10010,-51.158
0,206.0,10001,-47.734
0,206.0,10010,-51.160
0,206.1,10001,-47.733
0,206.1,10010,-51.161
0,206.2,10001,-47.733
0,206.2,10010,-51.162
0,206.3,10001,-47.734
0,206.3,10010,-51.164
0,206.4,10001,-47.735
0,206.4,10010,-51.166
0,206.5,10001,-47.736
0,206.5,10010,-51.167
0,206.6,10001,-47.738
0,206.6,10010,-51.169
0,206.7,10001,-47.740
0,206.7,10010,-51.171
0,206.8,10001,-47.742
0,206.8,10010,-51.172
0,206.9,10001,-47.745
0,206.9,10010,-51.174
0,207.0,10001,-47.748
0,207.0,10010,-51.176
0,207.1,10001,-47.752
0,207.1,10010,-51.178
0,207.2,10001,-47.755
0,207.2,10010,-51.180
0,207.3,10001,-47.760
0,207.3,10010,-51.182
0,207.4,10001,-47.764
0,207.4,10010,-51.184
0,207.5,10001,-47.769
0,207.5,10010,-51.186
0,207.6,10001,-47.774
0,207.6,10010,-51.188
0,207.7,10001,-47.779
0,207.7,10010,-51.190
0,207.8,10001,-47.785
0,207.8,10010,-51.190
0,207.9,10001,-47.791
0,207.9,10010,-51.190
0,208.0,10001,-47.797
0,208.0,10010,-51.191
0,208.1,10001,-47.803
0,208.1,10010,-51.187
0,208.2,10001,-47.795
0,208.2,10010,-51.183
0,208.3,10001,-47.787
0,208.3,10010,-51.180
0,208.4,10001,-47.780
0,208.4,10010,-51.176
0,208.5,10001,-47.774
0,208.5,10010,-51.173
0,208.6,10001,-47.768
0,208.6,10010,-51.170
0,208.7,10001,-47.763
0,208.7,10010,-51.167
0,208.8,10001,-47.758
0,208.8,10010,-51.164
0,208.9,10001,-47.754
0,208.9,10010,-51.162
0,209.0,10001,-47.750
0,209.0,10010,-51.159
0,209.1,10001,-47.747
0,209.1,10010,-51.157
0,209.2,10001,-47.741
0,209.2,10010,-51.155
0,209.3,10001,-47.736
0,209.3,10010,-51.153
0,209.4,10001,-47.732
0,209.4,10010,-51.151
0,209.5,10001,-47.728
0,209.5,10010,-51.149
0,209.6,10001,-47.725
0,209.6,10010,-51.148
0,209.7,10001,-47.722
0,209.7,10010,-51.146
0,209.8,10001,-47.720
0,209.8,10010,-51.145
0,209.9,10001,-47.718
0,209.9,10010,-51.143
0,210.0,10001,-47.717
0,210.0,10010,-51.142
0,210.1,10001,-47.716
0,210.1,10010,-51.141
0,210.2,10001,-47.716
0,210.2,10010,-51.140
0,210.3,10001,-47.716
0,210.3,10010,-51.140
0,210.4,10001,-47.716
0,210.4,10010,-51.139
0,210.5,10001,-47.717
0,210.5,10010,-51.138
0,210.6,10001,-47.718
0,210.6,10010,-51.138
0,210.7,10001,-47.707
0,210.7,10010,-51.137
0,210.8,10001,-47.696
0,210.8,10010,-51.137
0,210.9,10001,-47.686
0,210.9,10010,-51.137
0,211.0,10001,-47.676
0,211.0,10010,-51.137
0,211.1,10001,-47.667
0,211.1,10010,-51.137
0,211.2,10001,-47.659
0,211.2,10010,-51.137
0,211.3,10001,-47.651
0,211.3,10010,-51.137
0,211.4,10001,-47.644
0,211.4,10010,-51.137
0,211.5,10001,-47.638
0,211.5,10010,-51.137
0,211.6,10001,-47.632
0,211.6,10010,-51.138
0,211.7,10001,-47.627
0,211.7,10010,-51.138
0,211.8,10001,-47.623
0,211.8,10010,-51.139
0,211.9,10001,-47.618
0,211.9,10010,-51.139
0,212.0,10001,-47.615
0,212.0,10010,-51.140
0,212.1,10001,-47.612
0,212.1,10010,-51.141
0,212.2,10001,-47.609
0,212.2,10010,-51.141
0,212.3,10001,-47.607
0,212.3,10010,-51.142
0,212.4,10001,-47.606
0,212.4,10010,-51.143
0,212.5,10001,-47.605
0,212.5,10010,-51.144
0,212.6,10001,-47.604
0,212.6,10010,-51.145
0,212.7,10001,-47.604
0,212.7,10010,-51.146
0,212.8,10001,-47.604
0,212.8,10010,-51.147
0,212.9,10001,-47.605
0,212.9,10010,-51.149
0,213.0,10001,-47.606
0,213.0,10010,-51.150
0,213.1,10001,-47.607
0,213.1,10010,-51.151
0,213.2,10001,-47.609
0,213.2,10010,-51.153
0,213.3,10001,-47.612
0,213.3,10010,-51.154
0,213.4,10001,-47.614
0,213.4,10010,-51.156
0,213.5,10001,-47.617
0,213.5,10010,-51.155
0,213.6,10001,-47.633
0,213.6,10010,-51.155
0,213.7,10001,-47.649
0,213.7,10010,-51.155
0,213.8,10001,-47.665
0,213.8,10010,-51.155
0,213.9,10001,-47.681
0,213.9,10010,-51.155
0,214.0,10001,-47.697
0,214.0,10010,-51.155
0,214.1,10001,-47.713
0,214.1,10010,-51.156
0,214.2,10001,-47.729
0,214.2,10010,-51.156
0,214.3,10001,-47.745
0,214.3,10010,-51.156
0,214.4,10001,-47.761
0,214.4,10010,-51.157
0,214.5,10001,-47.777
0,214.5,10010,-51.157
0,214.6,10001,-47.793
0,214.6,10010,-51.158
0,214.7,10001,-47.809
0,214.7,10010,-51.159
0,214.8,10001,-47.825
0,214.8,10010,-51.159
0,214.9,10001,-47.841
0,214.9,10010,-51.160
0,215.0,10001,-47.857
0,215.0,10010,-51.161
0,215.1,10001,-47.873
0,215.1,10010,-51.162
0,215.2,10001,-47.890
0,215.2,10010,-51.163
0,215.3,10001,-47.906
0,215.3,10010,-51.164
0,215.4,10001,-47.922
0,215.4,10010,-51.165
0,215.5,10001,-47.938
0,215.5,10010,-51.166
0,215.6,10001,-47.954
0,215.6,10010,-51.168
0,215.7,10001,-47.971
0,215.7,10010,-51.169
0,215.8,10001,-47.987
0,215.8,10010,-51.170
0,215.9,10001,-48.003
0,215.9,10010,-51.172
0,216.0,10001,-48.019
0,216.0,10010,-51.173
0,216.1,10001,-48.035
0,216.1,10010,-51.175
0,216.2,10001,-48.051
0,216.2,10010,-51.176
0,216.3,10001,-48.068
0,216.3,10010,-51.178
0,216.4,10001,-48.084
0,216.4,10010,-51.179
0,216.5,10001,-48.087
0,216.5,10010,-51.181
0,216.6,10001,-48.090
0,216.6,10010,-51.183
0,216.7,10001,-48.093
0,216.7,10010,-51.184
0,216.8,10001,-48.082
0,216.8,10010,-51.186
0,216.9,10001,-48.071
0,216.9,10010,-51.183
0,217.0,10001,-48.062
0,217.0,10010,-51.181
0,217.1,10001,-48.052
0,217.1,10010,-51.179
0,217.2,10001,-48.044
0,217.2,10010,-51.176
0,217.3,10001,-48.036
0,217.3,10010,-51.174
0,217.4,10001,-48.028
0,217.4,10010,-51.173
0,217.5,10001,-48.018
0,217.5,10010,-51.171
0,217.6,10001,-48.010
0,217.6,10010,-51.169
0,217.7,10001,-48.001
0,217.7,10010,-51.167
0,217.8,10001,-47.994
0,217.8,10010,-51.166
0,217.9,10001,-47.986
0,217.9,10010,-51.165
0,218.0,10001,-47.980
0,218.0,10010,-51.164
0,218.1,10001,-47.974
0,218.1,10010,-51.162
0,218.2,10001,-47.968
0,218.2,10010,-51.162
0,218.3,10001,-47.964
0,218.3,10010,-51.161
0,218.4,10001,-47.959
0,218.4,10010,-51.160
0,218.5,10001,-47.955
0,218.5,10010,-51.159
0,218.6,10001,-47.952
0,218.6,10010,-51.159
0,218.7,10001,-47.949
0,218.7,10010,-51.158
0,218.8,10001,-47.947
0,218.8,10010,-51.158
0,218.9,10001,-47.945
0,218.9,10010,-51.158
0,219.0,10001,-47.943
0,219.0,10010,-51.157
0,219.1,10001,-47.942
0,219.1,10010,-51.157
0,219.2,10001,-47.941
0,219.2,10010,-51.157
0,219.3,10001,-47.941
0,219.3,10010,-51.156
0,219.4,10001,-47.941
0,219.4,10010,-51.154
0,219.5,10001,-47.942
0,219.5,10010,-51.153
0,219.6,10001,-47.943
0,219.6,10010,-51.151
0,219.7,10001,-47.944
0,219.7,10010,-51.150
0,219.8,10001,-47.946
0,219.8,10010,-51.149
0,219.9,10001,-47.948
0,219.9,10010,-51.148
0,220.0,10001,-47.950
0,220.0,10010,-51.147
0,220.1,10001,-47.953
0,220.1,10010,-51.146
0,220.2,10001,-47.956
0,220.2,10010,-51.146
0,220.3,10001,-47.959
0,220.3,10010,-51.145
0,220.4,10001,-47.963
0,220.4,10010,-51.145
0,220.5,10001,-47.967
0,220.5,10010,-51.144
0,220.6,10001,-47.972
0,220.6,10010,-51.144
0,220.7,10001,-47.976
0,220.7,10010,-51.144
0,220.8,10001,-47.981
0,220.8,10010,-51.144
0,220.9,10001,-47.986
0,220.9,10010,-51.144
0,221.0,10001,-47.992
0,221.0,10010,-51.144
0,221.1,10001,-47.997
0,221.1,10010,-51.144
0,221.2,10001,-48.003
0,221.2,10010,-51.144
0,221.3,10001,-48.010
0,221.3,10010,-51.144
0,221.4,10001,-48.016
0,221.4,10010,-51.145
0,221.5,10001,-48.023
0,221.5,10010,-51.145
0,221.6,10001,-48.030
0,221.6,10010,-51.146
0,221.7,10001,-48.037
0,221.7,10010,-51.146
0,221.8,10001,-48.044
0,221.8,10010,-51.147
0,221.9,10001,-48.052
0,221.9,10010,-51.148
0,222.0,10001,-48.059
0,222.0,10010,-51.149
0,222.1,10001,-48.054
0,222.1,10010,-51.149
0,222.2,10001,-48.049
0,222.2,10010,-51.150
0,222.3,10001,-48.045
0,222.3,10010,-51.151
0,222.4,10001,-48.041
0,222.4,10010,-51.152
0,222.5,10001,-48.038
0,222.5,10010,-51.154
0,222.6,10001,-48.035
0,222.6,10010,-51.155
0,222.7,10001,-48.033
0,222.7,10010,-51.156
0,222.8,10001,-48.031
0,222.8,10010,-51.157
0,222.9,10001,-48.029
0,222.9,10010,-51.159
0,223.0,10001,-48.028
0,223.0,10010,-51.160
0,223.1,10001,-48.028
0,223.1,10010,-51.161
0,223.2,10001,-48.027
0,223.2,10010,-51.163
0,223.3,10001,-48.028
0,223.3,10010,-51.164
0,223.4,10001,-48.028
0,223.4,10010,-51.166
0,223.5,10001,-48.029
0,223.5,10010,-51.168
0,223.6,10001,-48.030
0,223.6,10010,-51.169
0,223.7,10001,-48.032
0,223.7,10010,-51.171
0,223.8,10001,-48.034
0,223.8,10010,-51.173
0,223.9,10001,-48.037
0,223.9,10010,-51.174
0,224.0,10001,-48.039
0,224.0,10010,-51.176
0,224.1,10001,-48.042
0,224.1,10010,-51.178
0,224.2,10001,-48.046
0,224.2,10010,-51.180
0,224.3,10001,-48.049
0,224.3,10010,-51.182
0,224.4,10001,-48.053
0,224.4,10010,-51.184
0,224.5,10001,-48.057
0,224.5,10010,-51.186
0,224.6,10001,-48.062
0,224.6,10010,-51.188
0,224.7,10001,-48.067
0,224.7,10010,-51.190
0,224.8,10001,-48.072
0,224.8,10010,-51.192
0,224.9,10001,-48.077
0,224.9,10010,-51.194
0,225.0,10001,-48.083
0,225.0,10010,-51.194
0,225.1,10001,-48.089
0,225.1,10010,-51.195
0,225.2,10001,-48.095
0,225.2,10010,-51.195
0,225.3,10001,-48.101
0,225.3,10010,-51.192
0,225.4,10001,-48.093
0,225.4,10010,-51.188
0,225.5,10001,-48.085
0,225.5,10010,-51.184
0,225.6,10001,-48.077
0,225.6,10010,-51.181
0,225.7,10001,-48.071
0,225.7,10010,-51.178
0,225.8,10001,-48.064
0,225.8,10010,-51.175
0,225.9,10001,-48.059
0,225.9,10010,-51.172
0,226.0,10001,-48.054
0,226.0,10010,-51.169
0,226.1,10001,-48.049
0,226.1,10010,-51.167
0,226.2,10001,-48.045
0,226.2,10010,-51.164
0,226.3,10001,-48.041
0,226.3,10010,-51.162
0,226.4,10001,-48.036
0,226.4,10010,-51.160
0,226.5,10001,-48.030
0,226.5,10010,-51.158
0,226.6,10001,-48.026
0,226.6,10010,-51.156
0,226.7,10001,-48.021
0,226.7,10010,-51.154
0,226.8,10001,-48.018
0,226.8,10010,-51.153
0,226.9,10001,-48.015
0,226.9,10010,-51.151
0,227.0,10001,-48.012
0,227.0,10010,-51.150
0,227.1,10001,-48.009
0,227.1,10010,-51.149
0,227.2,10001,-48.008
0,227.2,10010,-51.148
0,227.3,10001,-48.006
0,227.3,10010,-51.146
0,227.4,10001,-48.005
0,227.4,10010,-51.146
0,227.5,10001,-48.005
0,227.5,10010,-51.145
0,227.6,10001,-48.005
0,227.6,10010,-51.144
0,227.7,10001,-48.005
0,227.7,10010,-51.143
0,227.8,10001,-48.005
0,227.8,10010,-51.143
0,227.9,10001,-47.993
0,227.9,10010,-51.143
0,228.0,10001,-47.982
0,228.0,10010,-51.142
0,228.1,10001,-47.971
0,228.1,10010,-51.142
0,228.2,10001,-47.961
0,228.2,10010,-51.142
0,228.3,10001,-47.951
0,228.3,10010,-51.142
0,228.4,10001,-47.942
0,228.4,10010,-51.142
0,228.5,10001,-47.934
0,228.5,10010,-51.142
0,228.6,10001,-47.926
0,228.6,10010,-51.142
0,228.7,10001,-47.919
0,228.7,10010,-51.143
0,228.8,10001,-47.913
0,228.8,10010,-51.143
0,228.9,10001,-47.907
0,228.9,10010,-51.143
0,229.0,10001,-47.901
0,229.0,10010,-51.144
0,229.1,10001,-47.896
0,229.1,10010,-51.145
0,229.2,10001,-47.892
0,229.2,10010,-51.145
0,229.3,10001,-47.888
0,229.3,10010,-51.146
0,229.4,10001,-47.885
0,229.4,10010,-51.147
0,229.5,10001,-47.882
0,229.5,10010,-51.148
0,229.6,10001,-47.880
0,229.6,10010,-51.149
0,229.7,10001,-47.878
0,229.7,10010,-51.150
0,229.8,10001,-47.876
0,229.8,10010,-51.151
0,229.9,10001,-47.875
0,229.9,10010,-51.152
0,230.0,10001,-47.875
0,230.0,10010,-51.153
0,230.1,10001,-47.875
0,230.1,10010,-51.154
0,230.2,10001,-47.875
0,230.2,10010,-51.155
0,230.3,10001,-47.876
0,230.3,10010,-51.157
0,230.4,10001,-47.877
0,230.4,10010,-51.158
0,230.5,10001,-47.878
0,230.5,10010,-51.159
0,230.6,10001,-47.880
0,230.6,10010,-51.161
0,230.7,10001,-47.882
0,230.7,10010,-51.161
0,230.8,10001,-47.885
0,230.8,10010,-51.160
0,230.9,10001,-47.888
0,230.9,10010,-51.160
0,231.0,10001,-47.891
0,231.0,10010,-51.160
0,231.1,10001,-47.894
0,231.1,10010,-51.160
0,231.2,10001,-47.898
0,231.2,10010,-51.161
0,231.3,10001,-47.902
0,231.3,10010,-51.161
0,231.4,10001,-47.907
0,231.4,10010,-51.161
0,231.5,10001,-47.912
0,231.5,10010,-51.162
0,231.6,10001,-47.917
0,231.6,10010,-51.162
0,231.7,10001,-47.922
0,231.7,10010,-51.163
0,231.8,10001,-47.928
0,231.8,10010,-51.163
0,231.9,10001,-47.933
0,231.9,10010,-51.164
0,232.0,10001,-47.940
0,232.0,10010,-51.165
0,232.1,10001,-47.946
0,232.1,10010,-51.166
0,232.2,10001,-47.953
0,232.2,10010,-51.166
0,232.3,10001,-47.959
0,232.3,10010,-51.167
0,232.4,10001,-47.966
0,232.4,10010,-51.168
0,232.5,10001,-47.974
0,232.5,10010,-51.169
0,232.6,10001,-47.981
0,232.6,10010,-51.170
0,232.7,10001,-47.989
0,232.7,10010,-51.172
0,232.8,10001,-47.997
0,232.8,10010,-51.173
0,232.9,10001,-48.005
0,232.9,10010,-51.174
0,233.0,10001,-48.013
0,233.0,10010,-51.175
0,233.1,10001,-48.022
0,233.1,10010,-51.177
0,233.2,10001,-48.031
0,233.2,10010,-51.178
0,233.3,10001,-48.039
0,233.3,10010,-51.180
0,233.4,10001,-48.049
0,233.4,10010,-51.181
0,233.5,10001,-48.058
0,233.5,10010,-51.183
0,233.6,10001,-48.054
0,233.6,10010,-51.184
0,233.7,10001,-48.050
0,233.7,10010,-51.186
0,233.8,10001,-48.048
0,233.8,10010,-51.188
0,233.9,10001,-48.045
0,233.9,10010,-51.189
0,234.0,10001,-48.028
0,234.0,10010,-51.191
0,234.1,10001,-48.012
0,234.1,10010,-51.193
0,234.2,10001,-47.996
0,234.2,10010,-51.190
0,234.3,10001,-47.982
0,234.3,10010,-51.188
0,234.4,10001,-47.968
0,234.4,10010,-51.186
0,234.5,10001,-47.955
0,234.5,10010,-51.183
0,234.6,10001,-47.942
0,234.6,10010,-51.181
0,234.7,10001,-47.928
0,234.7,10010,-51.179
0,234.8,10001,-47.914
0,234.8,10010,-51.178
0,234.9,10001,-47.901
0,234.9,10010,-51.176
0,235.0,10001,-47.889
0,235.0,10010,-51.174
0,235.1,10001,-47.878
0,235.1,10010,-51.173
0,235.2,10001,-47.867
0,235.2,10010,-51.172
0,235.3,10001,-47.857
0,235.3,10010,-51.171
0,235.4,10001,-47.848
0,235.4,10010,-51.169
0,235.5,10001,-47.839
0,235.5,10010,-51.169
0,235.6,10001,-47.831
0,235.6,10010,-51.168
0,235.7,10001,-47.823
0,235.7,10010,-51.167
0,235.8,10001,-47.816
0,235.8,10010,-51.166
0,235.9,10001,-47.810
0,235.9,10010,-51.166
0,236.0,10001,-47.804
0,236.0,10010,-51.165
0,236.1,10001,-47.799
0,236.1,10010,-51.165
0,236.2,10001,-47.794
0,236.2,10010,-51.165
0,236.3,10001,-47.790
0,236.3,10010,-51.164
0,236.4,10001,-47.786
0,236.4,10010,-51.163
0,236.5,10001,-47.783
0,236.5,10010,-51.161
0,236.6,10001,-47.781
0,236.6,10010,-51.159
0,236.7,10001,-47.778
0,236.7,10010,-51.158
0,236.8,10001,-47.777
0,236.8,10010,-51.156
0,236.9,10001,-47.775
0,236.9,10010,-51.155
0,237.0,10001,-47.775
0,237.0,10010,-51.154
0,237.1,10001,-47.774
0,237.1,10010,-51.153
0,237.2,10001,-47.774
0,237.2,10010,-51.152
0,237.3,10001,-47.775
0,237.3,10010,-51.151
0,237.4,10001,-47.776
0,237.4,10010,-51.150
0,237.5,10001,-47.777
0,237.5,10010,-51.150
0,237.6,10001,-47.779
0,237.6,10010,-51.149
0,237.7,10001,-47.781
0,237.7,10010,-51.149
0,237.8,10001,-47.783
0,237.8,10010,-51.149
0,237.9,10001,-47.786
0,237.9,10010,-51.148
0,238.0,10001,-47.789
0,238.0,10010,-51.148
0,238.1,10001,-47.793
0,238.1,10010,-51.148
0,238.2,10001,-47.796
0,238.2,10010,-51.148
0,238.3,10001,-47.801
0,238.3,10010,-51.148
0,238.4,10001,-47.805
0,238.4,10010,-51.149
0,238.5,10001,-47.810
0,238.5,10010,-51.149
0,238.6,10001,-47.815
0,238.6,10010,-51.149
0,238.7,10001,-47.820
0,238.7,10010,-51.150
0,238.8,10001,-47.826
0,238.8,10010,-51.150
0,238.9,10001,-47.832
0,238.9,10010,-51.151
0,239.0,10001,-47.838
0,239.0,10010,-51.151
0,239.1,10001,-47.844
0,239.1,10010,-51.152
0,239.2,10001,-47.838
0,239.2,10010,-51.153
0,239.3,10001,-47.832
0,239.3,10010,-51.154
0,239.4,10001,-47.826
0,239.4,10010,-51.155
0,239.5,10001,-47.821
0,239.5,10010,-51.156
0,239.6,10001,-47.817
0,239.6,10010,-51.157
0,239.7,10001,-47.813
0,239.7,10010,-51.158
0,239.8,10001,-47.810
0,239.8,10010,-51.159
0,239.9,10001,-47.807
0,239.9,10010,-51.160
0,240.0,10001,-47.804
0,240.0,10010,-51.161
0,240.1,10001,-47.802
0,240.1,10010,-51.163
0,240.2,10001,-47.801
0,240.2,10010,-51.164
0,240.3,10001,-47.800
0,240.3,10010,-51.165
0,240.4,10001,-47.799
0,240.4,10010,-51.167
0,240.5,10001,-47.799
0,240.5,10010,-51.168
0,240.6,10001,-47.800
0,240.6,10010,-51.170
0,240.7,10001,-47.800
0,240.7,10010,-51.171
0,240.8,10001,-47.801
0,240.8,10010,-51.173
0,240.9,10001,-47.803
0,240.9,10010,-51.175
0,241.0,10001,-47.805
0,241.0,10010,-51.177
0,241.1,10001,-47.807
0,241.1,10010,-51.178
0,241.2,10001,-47.810
0,241.2,10010,-51.180
0,241.3,10001,-47.813
0,241.3,10010,-51.182
0,241.4,10001,-47.816
0,241.4,10010,-51.184
0,241.5,10001,-47.819
0,241.5,10010,-51.186
0,241.6,10001,-47.823
0,241.6,10010,-51.188
0,241.7,10001,-47.828
0,241.7,10010,-51.190
0,241.8,10001,-47.832
0,241.8,10010,-51.192
0,241.9,10001,-47.837
0,241.9,10010,-51.194
0,242.0,10001,-47.842
0,242.0,10010,-51.196
0,242.1,10001,-47.848
0,242.1,10010,-51.196
0,242.2,10001,-47.853
0,242.2,10010,-51.196
0,242.3,10001,-47.859
0,242.3,10010,-51.197
0,242.4,10001,-47.866
0,242.4,10010,-51.193
0,242.5,10001,-47.857
0,242.5,10010,-51.189
0,242.6,10001,-47.849
0,242.6,10010,-51.186
0,242.7,10001,-47.842
0,242.7,10010,-51.182
0,242.8,10001,-47.835
0,242.8,10010,-51.179
0,242.9,10001,-47.829
0,242.9,10010,-51.176
0,243.0,10001,-47.823
0,243.0,10010,-51.173
0,243.1,10001,-47.818
0,243.1,10010,-51.170
0,243.2,10001,-47.814
0,243.2,10010,-51.168
0,243.3,10001,-47.810
0,243.3,10010,-51.165
0,243.4,10001,-47.806
0,243.4,10010,-51.163
0,243.5,10001,-47.801
0,243.5,10010,-51.161
0,243.6,10001,-47.796
0,243.6,10010,-51.159
0,243.7,10001,-47.791
0,243.7,10010,-51.157
0,243.8,10001,-47.787
0,243.8,10010,-51.155
0,243.9,10001,-47.784
0,243.9,10010,-51.153
0,244.0,10001,-47.781
0,244.0,10010,-51.152
0,244.1,10001,-47.778
0,244.1,10010,-51.151
0,244.2,10001,-47.776
0,244.2,10010,-51.149
0,244.3,10001,-47.775
0,244.3,10010,-51.148
0,244.4,10001,-47.774
0,244.4,10010,-51.147
0,244.5,10001,-47.773
0,244.5,10010,-51.146
0,244.6,10001,-47.773
0,244.6,10010,-51.145
0,244.7,10001,-47.773
0,244.7,10010,-51.145
0,244.8,10001,-47.774
0,244.8,10010,-51.144
0,244.9,10001,-47.775
0,244.9,10010,-51.143
0,245.0,10001,-47.763
0,245.0,10010,-51.143
0,245.1,10001,-47.752
0,245.1,10010,-51.143
0,245.2,10001,-47.741
0,245.2,10010,-51.142
0,245.3,10001,-47.732
0,245.3,10010,-51.142
0,245.4,10001,-47.723
0,245.4,10010,-51.142
0,245.5,10001,-47.714
0,245.5,10010,-51.142
0,245.6,10001,-47.706
0,245.6,10010,-51.142
0,245.7,10001,-47.699
0,245.7,10010,-51.143
0,245.8,10001,-47.705
0,245.8,10010,-51.143
0,245.9,10001,-47.711
0,245.9,10010,-51.143
0,246.0,10001,-47.717
0,246.0,10010,-51.144
0,246.1,10001,-47.724
0,246.1,10010,-51.144
0,246.2,10001,-47.731
0,246.2,10010,-51.145
0,246.3,10001,-47.738
0,246.3,10010,-51.145
0,246.4,10001,-47.745
0,246.4,10010,-51.146
0,246.5,10001,-47.753
0,246.5,10010,-51.147
0,246.6,10001,-47.761
0,246.6,10010,-51.148
0,246.7,10001,-47.769
0,246.7,10010,-51.149
0,246.8,10001,-47.777
0,246.8,10010,-51.150
0,246.9,10001,-47.786
0,246.9,10010,-51.151
0,247.0,10001,-47.794
0,247.0,10010,-51.152
0,247.1,10001,-47.803
0,247.1,10010,-51.153
0,247.2,10001,-47.812
0,247.2,10010,-51.154
0,247.3,10001,-47.822
0,247.3,10010,-51.155
0,247.4,10001,-47.831
0,247.4,10010,-51.157
0,247.5,10001,-47.841
0,247.5,10010,-51.158
0,247.6,10001,-47.851
0,247.6,10010,-51.159
0,247.7,10001,-47.861
0,247.7,10010,-51.159
0,247.8,10001,-47.871
0,247.8,10010,-51.159
0,247.9,10001,-47.881
0,247.9,10010,-51.159
0,248.0,10001,-47.891
0,248.0,10010,-51.159
0,248.1,10001,-47.902
0,248.1,10010,-51.159
0,248.2,10001,-47.913
0,248.2,10010,-51.159
0,248.3,10001,-47.924
0,248.3,10010,-51.159
0,248.4,10001,-47.935
0,248.4,10010,-51.159
0,248.5,10001,-47.946
0,248.5,10010,-51.160
0,248.6,10001,-47.957
0,248.6,10010,-51.160
0,248.7,10001,-47.968
0,248.7,10010,-51.161
0,248.8,10001,-47.980
0,248.8,10010,-51.161
0,248.9,10001,-47.992
0,248.9,10010,-51.162
0,249.0,10001,-48.003
0,249.0,10010,-51.162
0,249.1,10001,-48.015
0,249.1,10010,-51.163
0,249.2,10001,-48.027
0,249.2,10010,-51.164
0,249.3,10001,-48.039
0,249.3,10010,-51.165
0,249.4,10001,-48.051
0,249.4,10010,-51.166
0,249.5,10001,-48.064
0,249.5,10010,-51.167
0,249.6,10001,-48.076
0,249.6,10010,-51.168
0,249.7,10001,-48.088
0,249.7,10010,-51.169
0,249.8,10001,-48.101
0,249.8,10010,-51.170
0,249.9,10001,-48.113
0,249.9,10010,-51.172
