trial,t_ms,flywire_id,v_mv
0,0.0,10001,-52.000
0,0.0,10010,-52.000
0,0.1,10001,-52.000
0,0.1,10010,-52.000
0,0.2,10001,-52.000
0,0.2,10010,-52.000
0,0.3,10001,-52.000
0,0.3,10010,-52.000
0,0.4,10001,-52.000
0,0.4,10010,-52.000
0,0.5,10001,-52.000
0,0.5,10010,-52.000
0,0.6,10001,-52.000
0,0.6,10010,-52.000
0,0.7,10001,-52.000
0,0.7,10010,-52.000
0,0.8,10001,-52.000
0,0.8,10010,-52.000
0,0.9,10001,-52.000
0,0.9,10010,-52.000
0,1.0,10001,-52.000
0,1.0,10010,-52.000
0,1.1,10001,-52.000
0,1.1,10010,-52.000
0,1.2,10001,-52.000
0,1.2,10010,-52.000
0,1.3,10001,-52.000
0,1.3,10010,-52.000
0,1.4,10001,-52.000
0,1.4,10010,-52.000
0,1.5,10001,-52.000
0,1.5,10010,-52.000
0,1.6,10001,-52.000
0,1.6,10010,-52.000
0,1.7,10001,-52.000
0,1.7,10010,-52.000
0,1.8,10001,-52.000
0,1.8,10010,-52.000
0,1.9,10001,-52.000
0,1.9,10010,-52.000
0,2.0,10001,-52.000
0,2.0,10010,-52.000
0,2.1,10001,-52.000
0,2.1,10010,-52.000
0,2.2,10001,-52.000
0,2.2,10010,-52.000
0,2.3,10001,-52.000
0,2.3,10010,-52.000
0,2.4,10001,-52.000
0,2.4,10010,-52.000
0,2.5,10001,-52.000
0,2.5,10010,-52.000
0,2.6,10001,-52.000
0,2.6,10010,-52.000
0,2.7,10001,-52.000
0,2.7,10010,-52.000
0,2.8,10001,-52.000
0,2.8,10010,-52.000
0,2.9,10001,-52.000
0,2.9,10010,-52.000
0,3.0,10001,-52.000
0,3.0,10010,-52.000
0,3.1,10001,-52.000
0,3.1,10010,-52.000
0,3.2,10001,-52.000
0,3.2,10010,-52.000
0,3.3,10001,-52.000
0,3.3,10010,-52.000
0,3.4,10001,-52.000
0,3.4,10010,-52.000
0,3.5,10001,-52.000
0,3.5,10010,-52.000
0,3.6,10001,-52.000
0,3.6,10010,-52.000
0,3.7,10001,-52.000
0,3.7,10010,-52.000
0,3.8,10001,-52.000
0,3.8,10010,-52.000
0,3.9,10001,-52.000
0,3.9,10010,-52.000
0,4.0,10001,-52.000
0,4.0,10010,-52.000
0,4.1,10001,-52.000
0,4.1,10010,-52.000
0,4.2,10001,-52.000
0,4.2,10010,-52.000
0,4.3,10001,-52.000
0,4.3,10010,-52.000
0,4.4,10001,-52.000
0,4.4,10010,-52.000
0,4.5,10001,-52.000
0,4.5,10010,-52.000
0,4.6,10001,-52.000
0,4.6,10010,-52.000
0,4.7,10001,-52.000
0,4.7,10010,-52.000
0,4.8,10001,-52.000
0,4.8,10010,-52.000
0,4.9,10001,-52.000
0,4.9,10010,-52.000
0,5.0,10001,-52.000
0,5.0,10010,-52.000
0,5.1,10001,-52.000
0,5.1,10010,-52.000
0,5.2,10001,-52.000
0,5.2,10010,-52.000
0,5.3,10001,-52.000
0,5.3,10010,-52.000
0,5.4,10001,-52.000
0,5.4,10010,-52.000
0,5.5,10001,-52.000
0,5.5,10010,-52.000
0,5.6,10001,-52.000
0,5.6,10010,-52.000
0,5.7,10001,-52.000
0,5.7,10010,-52.000
0,5.8,10001,-52.000
0,5.8,10010,-52.000
0,5.9,10001,-52.000
0,5.9,10010,-52.000
0,6.0,10001,-52.000
0,6.0,10010,-52.000
0,6.1,10001,-52.000
0,6.1,10010,-52.000
0,6.2,10001,-52.000
0,6.2,10010,-52.000
0,6.3,10001,-52.000
0,6.3,10010,-52.000
0,6.4,10001,-52.000
0,6.4,10010,-52.000
0,6.5,10001,-52.000
0,6.5,10010,-52.000
0,6.6,10001,-52.000
0,6.6,10010,-52.000
0,6.7,10001,-52.000
0,6.7,10010,-52.000
0,6.8,10001,-52.000
0,6.8,10010,-52.000
0,6.9,10001,-52.000
0,6.9,10010,-52.000
0,7.0,10001,-52.000
0,7.0,10010,-52.000
0,7.1,10001,-52.000
0,7.1,10010,-52.000
0,7.2,10001,-52.000
0,7.2,10010,-52.000
0,7.3,10001,-52.000
0,7.3,10010,-52.000
0,7.4,10001,-52.000
0,7.4,10010,-52.000
0,7.5,10001,-52.000
0,7.5,10010,-52.000
0,7.6,10001,-52.000
0,7.6,10010,-52.000
0,7.7,10001,-52.000
0,7.7,10010,-52.000
0,7.8,10001,-52.000
0,7.8,10010,-52.000
0,7.9,10001,-52.000
0,7.9,10010,-52.000
0,8.0,10001,-52.000
0,8.0,10010,-52.000
0,8.1,10001,-52.000
0,8.1,10010,-52.000
0,8.2,10001,-52.000
0,8.2,10010,-52.000
0,8.3,10001,-52.000
0,8.3,10010,-52.000
0,8.4,10001,-52.000
0,8.4,10010,-52.000
0,8.5,10001,-52.009
0,8.5,10010,-52.008
0,8.6,10001,-52.017
0,8.6,10010,-52.016
0,8.7,10001,-52.026
0,8.7,10010,-52.023
0,8.8,10001,-52.034
0,8.8,10010,-52.031
0,8.9,10001,-52.042
0,8.9,10010,-52.038
0,9.0,10001,-52.054
0,9.0,10010,-52.050
0,9.1,10001,-52.066
0,9.1,10010,-52.062
0,9.2,10001,-52.078
0,9.2,10010,-52.074
0,9.3,10001,-52.089
0,9.3,10010,-52.085
0,9.4,10001,-52.100
0,9.4,10010,-52.096
0,9.5,10001,-52.111
0,9.5,10010,-52.107
0,9.6,10001,-52.121
0,9.6,10010,-52.118
0,9.7,10001,-52.131
0,9.7,10010,-52.128
0,9.8,10001,-52.141
0,9.8,10010,-52.138
0,9.9,10001,-52.151
0,9.9,10010,-52.148
0,10.0,10001,-52.160
0,10.0,10010,-52.157
0,10.1,10001,-52.170
0,10.1,10010,-52.167
0,10.2,10001,-52.179
0,10.2,10010,-52.176
0,10.3,10001,-52.187
0,10.3,10010,-52.184
0,10.4,10001,-52.196
0,10.4,10010,-52.193
0,10.5,10001,-52.204
0,10.5,10010,-52.201
0,10.6,10001,-52.212
0,10.6,10010,-52.209
0,10.7,10001,-52.220
0,10.7,10010,-52.217
0,10.8,10001,-52.227
0,10.8,10010,-52.225
0,10.9,10001,-52.235
0,10.9,10010,-52.232
0,11.0,10001,-52.242
0,11.0,10010,-52.239
0,11.1,10001,-52.249
0,11.1,10010,-52.246
0,11.2,10001,-52.255
0,11.2,10010,-52.253
0,11.3,10001,-52.262
0,11.3,10010,-52.260
0,11.4,10001,-52.268
0,11.4,10010,-52.266
0,11.5,10001,-52.275
0,11.5,10010,-52.273
0,11.6,10001,-52.281
0,11.6,10010,-52.279
0,11.7,10001,-52.286
0,11.7,10010,-52.285
0,11.8,10001,-52.292
0,11.8,10010,-52.290
0,11.9,10001,-52.298
0,11.9,10010,-52.296
0,12.0,10001,-52.303
0,12.0,10010,-52.301
0,12.1,10001,-52.308
0,12.1,10010,-52.306
0,12.2,10001,-52.313
0,12.2,10010,-52.311
0,12.3,10001,-52.318
0,12.3,10010,-52.316
0,12.4,10001,-52.323
0,12.4,10010,-52.321
0,12.5,10001,-52.327
0,12.5,10010,-52.326
0,12.6,10001,-52.332
0,12.6,10010,-52.330
0,12.7,10001,-52.336
0,12.7,10010,-52.334
0,12.8,10001,-52.340
0,12.8,10010,-52.339
0,12.9,10001,-52.344
0,12.9,10010,-52.343
0,13.0,10001,-52.348
0,13.0,10010,-52.347
0,13.1,10001,-52.352
0,13.1,10010,-52.350
0,13.2,10001,-52.355
0,13.2,10010,-52.354
0,13.3,10001,-52.359
0,13.3,10010,-52.358
0,13.4,10001,-52.362
0,13.4,10010,-52.361
0,13.5,10001,-52.365
0,13.5,10010,-52.364
0,13.6,10001,-52.368
0,13.6,10010,-52.367
0,13.7,10001,-52.371
0,13.7,10010,-52.370
0,13.8,10001,-52.374
0,13.8,10010,-52.373
0,13.9,10001,-52.377
0,13.9,10010,-52.376
0,14.0,10001,-52.380
0,14.0,10010,-52.379
0,14.1,10001,-52.382
0,14.1,10010,-52.382
0,14.2,10001,-52.385
0,14.2,10010,-52.384
0,14.3,10001,-52.387
0,14.3,10010,-52.387
0,14.4,10001,-52.390
0,14.4,10010,-52.389
0,14.5,10001,-52.392
0,14.5,10010,-52.391
0,14.6,10001,-52.394
0,14.6,10010,-52.393
0,14.7,10001,-52.396
0,14.7,10010,-52.395
0,14.8,10001,-52.398
0,14.8,10010,-52.397
0,14.9,10001,-52.400
0,14.9,10010,-52.399
0,15.0,10001,-52.401
0,15.0,10010,-52.401
0,15.1,10001,-52.403
0,15.1,10010,-52.402
0,15.2,10001,-52.405
0,15.2,10010,-52.404
0,15.3,10001,-52.406
0,15.3,10010,-52.406
0,15.4,10001,-52.408
0,15.4,10010,-52.407
0,15.5,10001,-52.409
0,15.5,10010,-52.408
0,15.6,10001,-52.410
0,15.6,10010,-52.410
0,15.7,10001,-52.411
0,15.7,10010,-52.411
0,15.8,10001,-52.413
0,15.8,10010,-52.412
0,15.9,10001,-52.414
0,15.9,10010,-52.413
0,16.0,10001,-52.415
0,16.0,10010,-52.414
0,16.1,10001,-52.416
0,16.1,10010,-52.415
0,16.2,10001,-52.416
0,16.2,10010,-52.416
0,16.3,10001,-52.417
0,16.3,10010,-52.417
0,16.4,10001,-52.418
0,16.4,10010,-52.418
0,16.5,10001,-52.419
0,16.5,10010,-52.418
0,16.6,10001,-52.419
0,16.6,10010,-52.419
0,16.7,10001,-52.420
0,16.7,10010,-52.420
0,16.8,10001,-52.420
0,16.8,10010,-52.420
0,16.9,10001,-52.421
0,16.9,10010,-52.421
0,17.0,10001,-52.421
0,17.0,10010,-52.421
0,17.1,10001,-52.422
0,17.1,10010,-52.421
0,17.2,10001,-52.422
0,17.2,10010,-52.422
0,17.3,10001,-52.422
0,17.3,10010,-52.422
0,17.4,10001,-52.422
0,17.4,10010,-52.422
0,17.5,10001,-52.423
0,17.5,10010,-52.422
0,17.6,10001,-52.423
0,17.6,10010,-52.423
0,17.7,10001,-52.423
0,17.7,10010,-52.423
0,17.8,10001,-52.423
0,17.8,10010,-52.423
0,17.9,10001,-52.423
0,17.9,10010,-52.423
0,18.0,10001,-52.423
0,18.0,10010,-52.423
0,18.1,10001,-52.423
0,18.1,10010,-52.423
0,18.2,10001,-52.422
0,18.2,10010,-52.422
0,18.3,10001,-52.422
0,18.3,10010,-52.422
0,18.4,10001,-52.422
0,18.4,10010,-52.422
0,18.5,10001,-52.422
0,18.5,10010,-52.422
0,18.6,10001,-52.422
0,18.6,10010,-52.422
0,18.7,10001,-52.421
0,18.7,10010,-52.421
0,18.8,10001,-52.421
0,18.8,10010,-52.421
0,18.9,10001,-52.420
0,18.9,10010,-52.421
0,19.0,10001,-52.420
0,19.0,10010,-52.420
0,19.1,10001,-52.420
0,19.1,10010,-52.420
0,19.2,10001,-52.419
0,19.2,10010,-52.419
0,19.3,10001,-52.419
0,19.3,10010,-52.419
0,19.4,10001,-52.418
0,19.4,10010,-52.418
0,19.5,10001,-52.418
0,19.5,10010,-52.418
0,19.6,10001,-52.417
0,19.6,10010,-52.417
0,19.7,10001,-52.416
0,19.7,10010,-52.417
0,19.8,10001,-52.416
0,19.8,10010,-52.416
0,19.9,10001,-52.415
0,19.9,10010,-52.415
0,20.0,10001,-52.414
0,20.0,10010,-52.415
0,20.1,10001,-52.414
0,20.1,10010,-52.414
0,20.2,10001,-52.413
0,20.2,10010,-52.413
0,20.3,10001,-52.412
0,20.3,10010,-52.412
0,20.4,10001,-52.411
0,20.4,10010,-52.412
0,20.5,10001,-52.410
0,20.5,10010,-52.411
0,20.6,10001,-52.410
0,20.6,10010,-52.410
0,20.7,10001,-52.409
0,20.7,10010,-52.409
0,20.8,10001,-52.408
0,20.8,10010,-52.408
0,20.9,10001,-52.407
0,20.9,10010,-52.407
0,21.0,10001,-52.406
0,21.0,10010,-52.406
0,21.1,10001,-52.405
0,21.1,10010,-52.406
0,21.2,10001,-52.404
0,21.2,10010,-52.405
0,21.3,10001,-52.403
0,21.3,10010,-52.404
0,21.4,10001,-52.402
0,21.4,10010,-52.403
0,21.5,10001,-52.401
0,21.5,10010,-52.402
0,21.6,10001,-52.400
0,21.6,10010,-52.401
0,21.7,10001,-52.399
0,21.7,10010,-52.400
0,21.8,10001,-52.398
0,21.8,10010,-52.399
0,21.9,10001,-52.397
0,21.9,10010,-52.398
0,22.0,10001,-52.396
0,22.0,10010,-52.397
0,22.1,10001,-52.395
0,22.1,10010,-52.396
0,22.2,10001,-52.394
0,22.2,10010,-52.394
0,22.3,10001,-52.393
0,22.3,10010,-52.393
0,22.4,10001,-52.392
0,22.4,10010,-52.392
0,22.5,10001,-52.391
0,22.5,10010,-52.391
0,22.6,10001,-52.390
0,22.6,10010,-52.390
0,22.7,10001,-52.388
0,22.7,10010,-52.389
0,22.8,10001,-52.387
0,22.8,10010,-52.388
0,22.9,10001,-52.386
0,22.9,10010,-52.387
0,23.0,10001,-52.385
0,23.0,10010,-52.385
0,23.1,10001,-52.384
0,23.1,10010,-52.384
0,23.2,10001,-52.383
0,23.2,10010,-52.383
0,23.3,10001,-52.381
0,23.3,10010,-52.382
0,23.4,10001,-52.380
0,23.4,10010,-52.381
0,23.5,10001,-52.379
0,23.5,10010,-52.379
0,23.6,10001,-52.378
0,23.6,10010,-52.378
0,23.7,10001,-52.377
0,23.7,10010,-52.377
0,23.8,10001,-52.375
0,23.8,10010,-52.376
0,23.9,10001,-52.374
0,23.9,10010,-52.375
0,24.0,10001,-52.373
0,24.0,10010,-52.373
0,24.1,10001,-52.372
0,24.1,10010,-52.372
0,24.2,10001,-52.370
0,24.2,10010,-52.371
0,24.3,10001,-52.369
0,24.3,10010,-52.369
0,24.4,10001,-52.368
0,24.4,10010,-52.368
0,24.5,10001,-52.367
0,24.5,10010,-52.367
0,24.6,10001,-52.365
0,24.6,10010,-52.366
0,24.7,10001,-52.364
0,24.7,10010,-52.364
0,24.8,10001,-52.363
0,24.8,10010,-52.363
0,24.9,10001,-52.361
0,24.9,10010,-52.362
0,25.0,10001,-52.360
0,25.0,10010,-52.361
0,25.1,10001,-52.359
0,25.1,10010,-52.359
0,25.2,10001,-52.357
0,25.2,10010,-52.358
0,25.3,10001,-52.356
0,25.3,10010,-52.357
0,25.4,10001,-52.355
0,25.4,10010,-52.355
0,25.5,10001,-52.354
0,25.5,10010,-52.354
0,25.6,10001,-52.352
0,25.6,10010,-52.353
0,25.7,10001,-52.351
0,25.7,10010,-52.351
0,25.8,10001,-52.350
0,25.8,10010,-52.350
0,25.9,10001,-52.348
0,25.9,10010,-52.349
0,26.0,10001,-52.347
0,26.0,10010,-52.347
0,26.1,10001,-52.346
0,26.1,10010,-52.346
0,26.2,10001,-52.344
0,26.2,10010,-52.345
0,26.3,10001,-52.343
0,26.3,10010,-52.343
0,26.4,10001,-52.342
0,26.4,10010,-52.342
0,26.5,10001,-52.340
0,26.5,10010,-52.341
0,26.6,10001,-52.339
0,26.6,10010,-52.339
0,26.7,10001,-52.338
0,26.7,10010,-52.338
0,26.8,10001,-52.336
0,26.8,10010,-52.337
0,26.9,10001,-52.335
0,26.9,10010,-52.335
0,27.0,10001,-52.334
0,27.0,10010,-52.334
0,27.1,10001,-52.332
0,27.1,10010,-52.333
0,27.2,10001,-52.331
0,27.2,10010,-52.331
0,27.3,10001,-52.330
0,27.3,10010,-52.330
0,27.4,10001,-52.328
0,27.4,10010,-52.329
0,27.5,10001,-52.327
0,27.5,10010,-52.327
0,27.6,10001,-52.326
0,27.6,10010,-52.326
0,27.7,10001,-52.324
0,27.7,10010,-52.325
0,27.8,10001,-52.323
0,27.8,10010,-52.323
0,27.9,10001,-52.322
0,27.9,10010,-52.322
0,28.0,10001,-52.320
0,28.0,10010,-52.321
0,28.1,10001,-52.319
0,28.1,10010,-52.319
0,28.2,10001,-52.318
0,28.2,10010,-52.318
0,28.3,10001,-52.316
0,28.3,10010,-52.317
0,28.4,10001,-52.315
0,28.4,10010,-52.316
0,28.5,10001,-52.314
0,28.5,10010,-52.314
0,28.6,10001,-52.312
0,28.6,10010,-52.313
0,28.7,10001,-52.311
0,28.7,10010,-52.312
0,28.8,10001,-52.310
0,28.8,10010,-52.310
0,28.9,10001,-52.308
0,28.9,10010,-52.309
0,29.0,10001,-52.307
0,29.0,10010,-52.308
0,29.1,10001,-52.306
0,29.1,10010,-52.306
0,29.2,10001,-52.305
0,29.2,10010,-52.305
0,29.3,10001,-52.303
0,29.3,10010,-52.304
0,29.4,10001,-52.302
0,29.4,10010,-52.302
0,29.5,10001,-52.301
0,29.5,10010,-52.301
0,29.6,10001,-52.299
0,29.6,10010,-52.300
0,29.7,10001,-52.298
0,29.7,10010,-52.298
0,29.8,10001,-52.297
0,29.8,10010,-52.297
0,29.9,10001,-52.295
0,29.9,10010,-52.296
0,30.0,10001,-52.294
0,30.0,10010,-52.295
0,30.1,10001,-52.293
0,30.1,10010,-52.293
0,30.2,10001,-52.292
0,30.2,10010,-52.292
0,30.3,10001,-52.290
0,30.3,10010,-52.291
0,30.4,10001,-52.289
0,30.4,10010,-52.289
0,30.5,10001,-52.288
0,30.5,10010,-52.288
0,30.6,10001,-52.287
0,30.6,10010,-52.287
0,30.7,10001,-52.285
0,30.7,10010,-52.286
0,30.8,10001,-52.284
0,30.8,10010,-52.284
0,30.9,10001,-52.283
0,30.9,10010,-52.283
0,31.0,10001,-52.281
0,31.0,10010,-52.282
0,31.1,10001,-52.280
0,31.1,10010,-52.281
0,31.2,10001,-52.279
0,31.2,10010,-52.279
0,31.3,10001,-52.278
0,31.3,10010,-52.278
0,31.4,10001,-52.276
0,31.4,10010,-52.277
0,31.5,10001,-52.275
0,31.5,10010,-52.276
0,31.6,10001,-52.274
0,31.6,10010,-52.274
0,31.7,10001,-52.273
0,31.7,10010,-52.273
0,31.8,10001,-52.272
0,31.8,10010,-52.272
0,31.9,10001,-52.270
0,31.9,10010,-52.271
0,32.0,10001,-52.269
0,32.0,10010,-52.269
0,32.1,10001,-52.268
0,32.1,10010,-52.268
0,32.2,10001,-52.267
0,32.2,10010,-52.267
0,32.3,10001,-52.265
0,32.3,10010,-52.266
0,32.4,10001,-52.264
0,32.4,10010,-52.265
0,32.5,10001,-52.263
0,32.5,10010,-52.263
0,32.6,10001,-52.262
0,32.6,10010,-52.262
0,32.7,10001,-52.261
0,32.7,10010,-52.261
0,32.8,10001,-52.259
0,32.8,10010,-52.260
0,32.9,10001,-52.258
0,32.9,10010,-52.259
0,33.0,10001,-52.257
0,33.0,10010,-52.257
0,33.1,10001,-52.256
0,33.1,10010,-52.256
0,33.2,10001,-52.255
0,33.2,10010,-52.255
0,33.3,10001,-52.253
0,33.3,10010,-52.254
0,33.4,10001,-52.252
0,33.4,10010,-52.253
0,33.5,10001,-52.251
0,33.5,10010,-52.252
0,33.6,10001,-52.250
0,33.6,10010,-52.250
0,33.7,10001,-52.249
0,33.7,10010,-52.249
0,33.8,10001,-52.248
0,33.8,10010,-52.248
0,33.9,10001,-52.247
0,33.9,10010,-52.247
0,34.0,10001,-52.245
0,34.0,10010,-52.246
0,34.1,10001,-52.244
0,34.1,10010,-52.245
0,34.2,10001,-52.243
0,34.2,10010,-52.244
0,34.3,10001,-52.242
0,34.3,10010,-52.242
0,34.4,10001,-52.241
0,34.4,10010,-52.241
0,34.5,10001,-52.240
0,34.5,10010,-52.240
0,34.6,10001,-52.239
0,34.6,10010,-52.239
0,34.7,10001,-52.237
0,34.7,10010,-52.238
0,34.8,10001,-52.236
0,34.8,10010,-52.237
0,34.9,10001,-52.235
0,34.9,10010,-52.236
0,35.0,10001,-52.234
0,35.0,10010,-52.235
0,35.1,10001,-52.233
0,35.1,10010,-52.233
0,35.2,10001,-52.232
0,35.2,10010,-52.232
0,35.3,10001,-52.231
0,35.3,10010,-52.231
0,35.4,10001,-52.230
0,35.4,10010,-52.230
0,35.5,10001,-52.229
0,35.5,10010,-52.229
0,35.6,10001,-52.228
0,35.6,10010,-52.228
0,35.7,10001,-52.227
0,35.7,10010,-52.227
0,35.8,10001,-52.225
0,35.8,10010,-52.226
0,35.9,10001,-52.224
0,35.9,10010,-52.225
0,36.0,10001,-52.223
0,36.0,10010,-52.224
0,36.1,10001,-52.222
0,36.1,10010,-52.223
0,36.2,10001,-52.221
0,36.2,10010,-52.222
0,36.3,10001,-52.220
0,36.3,10010,-52.221
0,36.4,10001,-52.219
0,36.4,10010,-52.220
0,36.5,10001,-52.218
0,36.5,10010,-52.218
0,36.6,10001,-52.217
0,36.6,10010,-52.217
0,36.7,10001,-52.216
0,36.7,10010,-52.216
0,36.8,10001,-52.215
0,36.8,10010,-52.215
0,36.9,10001,-52.214
0,36.9,10010,-52.214
0,37.0,10001,-52.213
0,37.0,10010,-52.213
0,37.1,10001,-52.212
0,37.1,10010,-52.212
0,37.2,10001,-52.211
0,37.2,10010,-52.211
0,37.3,10001,-52.210
0,37.3,10010,-52.210
0,37.4,10001,-52.209
0,37.4,10010,-52.209
0,37.5,10001,-52.208
0,37.5,10010,-52.208
0,37.6,10001,-52.207
0,37.6,10010,-52.207
0,37.7,10001,-52.206
0,37.7,10010,-52.206
0,37.8,10001,-52.205
0,37.8,10010,-52.205
0,37.9,10001,-52.204
0,37.9,10010,-52.204
0,38.0,10001,-52.203
0,38.0,10010,-52.203
0,38.1,10001,-52.202
0,38.1,10010,-52.202
0,38.2,10001,-52.201
0,38.2,10010,-52.201
0,38.3,10001,-52.200
0,38.3,10010,-52.200
0,38.4,10001,-52.199
0,38.4,10010,-52.199
0,38.5,10001,-52.198
0,38.5,10010,-52.198
0,38.6,10001,-52.197
0,38.6,10010,-52.198
0,38.7,10001,-52.196
0,38.7,10010,-52.197
0,38.8,10001,-52.195
0,38.8,10010,-52.196
0,38.9,10001,-52.194
0,38.9,10010,-52.195
0,39.0,10001,-52.193
0,39.0,10010,-52.194
0,39.1,10001,-52.192
0,39.1,10010,-52.193
0,39.2,10001,-52.192
0,39.2,10010,-52.192
0,39.3,10001,-52.191
0,39.3,10010,-52.191
0,39.4,10001,-52.190
0,39.4,10010,-52.190
0,39.5,10001,-52.189
0,39.5,10010,-52.189
0,39.6,10001,-52.188
0,39.6,10010,-52.188
0,39.7,10001,-52.187
0,39.7,10010,-52.187
0,39.8,10001,-52.186
0,39.8,10010,-52.186
0,39.9,10001,-52.185
0,39.9,10010,-52.185
0,40.0,10001,-52.184
0,40.0,10010,-52.185
0,40.1,10001,-52.183
0,40.1,10010,-52.184
0,40.2,10001,-52.182
0,40.2,10010,-52.183
0,40.3,10001,-52.182
0,40.3,10010,-52.182
0,40.4,10001,-52.181
0,40.4,10010,-52.181
0,40.5,10001,-52.180
0,40.5,10010,-52.180
0,40.6,10001,-52.179
0,40.6,10010,-52.179
0,40.7,10001,-52.178
0,40.7,10010,-52.178
0,40.8,10001,-52.177
0,40.8,10010,-52.177
0,40.9,10001,-52.176
0,40.9,10010,-52.177
0,41.0,10001,-52.175
0,41.0,10010,-52.176
0,41.1,10001,-52.175
0,41.1,10010,-52.175
0,41.2,10001,-52.174
0,41.2,10010,-52.174
0,41.3,10001,-52.173
0,41.3,10010,-52.173
0,41.4,10001,-52.172
0,41.4,10010,-52.172
0,41.5,10001,-52.171
0,41.5,10010,-52.172
0,41.6,10001,-52.170
0,41.6,10010,-52.171
0,41.7,10001,-52.170
0,41.7,10010,-52.170
0,41.8,10001,-52.169
0,41.8,10010,-52.169
0,41.9,10001,-52.168
0,41.9,10010,-52.168
0,42.0,10001,-52.167
0,42.0,10010,-52.167
0,42.1,10001,-52.166
0,42.1,10010,-52.167
0,42.2,10001,-52.165
0,42.2,10010,-52.166
0,42.3,10001,-52.165
0,42.3,10010,-52.165
0,42.4,10001,-52.164
0,42.4,10010,-52.164
0,42.5,10001,-52.163
0,42.5,10010,-52.163
0,42.6,10001,-52.162
0,42.6,10010,-52.163
0,42.7,10001,-52.161
0,42.7,10010,-52.162
0,42.8,10001,-52.161
0,42.8,10010,-52.161
0,42.9,10001,-52.160
0,42.9,10010,-52.160
0,43.0,10001,-52.159
0,43.0,10010,-52.159
0,43.1,10001,-52.158
0,43.1,10010,-52.159
0,43.2,10001,-52.158
0,43.2,10010,-52.158
0,43.3,10001,-52.157
0,43.3,10010,-52.157
0,43.4,10001,-52.156
0,43.4,10010,-52.156
0,43.5,10001,-52.155
0,43.5,10010,-52.155
0,43.6,10001,-52.154
0,43.6,10010,-52.155
0,43.7,10001,-52.154
0,43.7,10010,-52.154
0,43.8,10001,-52.153
0,43.8,10010,-52.153
0,43.9,10001,-52.152
0,43.9,10010,-52.152
0,44.0,10001,-52.151
0,44.0,10010,-52.152
0,44.1,10001,-52.151
0,44.1,10010,-52.151
0,44.2,10001,-52.150
0,44.2,10010,-52.150
0,44.3,10001,-52.149
0,44.3,10010,-52.149
0,44.4,10001,-52.148
0,44.4,10010,-52.149
0,44.5,10001,-52.148
0,44.5,10010,-52.148
0,44.6,10001,-52.147
0,44.6,10010,-52.147
0,44.7,10001,-52.146
0,44.7,10010,-52.147
0,44.8,10001,-52.146
0,44.8,10010,-52.146
0,44.9,10001,-52.145
0,44.9,10010,-52.145
0,45.0,10001,-52.144
0,45.0,10010,-52.144
0,45.1,10001,-52.143
0,45.1,10010,-52.144
0,45.2,10001,-52.143
0,45.2,10010,-52.143
0,45.3,10001,-52.142
0,45.3,10010,-52.142
0,45.4,10001,-52.141
0,45.4,10010,-52.142
0,45.5,10001,-52.141
0,45.5,10010,-52.141
0,45.6,10001,-52.140
0,45.6,10010,-52.140
0,45.7,10001,-52.139
0,45.7,10010,-52.140
0,45.8,10001,-52.139
0,45.8,10010,-52.139
0,45.9,10001,-52.138
0,45.9,10010,-52.138
0,46.0,10001,-52.137
0,46.0,10010,-52.137
0,46.1,10001,-52.137
0,46.1,10010,-52.137
0,46.2,10001,-52.136
0,46.2,10010,-52.136
0,46.3,10001,-52.135
0,46.3,10010,-52.135
0,46.4,10001,-52.135
0,46.4,10010,-52.135
0,46.5,10001,-52.134
0,46.5,10010,-52.134
0,46.6,10001,-52.133
0,46.6,10010,-52.133
0,46.7,10001,-52.133
0,46.7,10010,-52.133
0,46.8,10001,-52.132
0,46.8,10010,-52.132
0,46.9,10001,-52.131
0,46.9,10010,-52.131
0,47.0,10001,-52.131
0,47.0,10010,-52.131
0,47.1,10001,-52.130
0,47.1,10010,-52.130
0,47.2,10001,-52.129
0,47.2,10010,-52.130
0,47.3,10001,-52.129
0,47.3,10010,-52.129
0,47.4,10001,-52.128
0,47.4,10010,-52.128
0,47.5,10001,-52.127
0,47.5,10010,-52.128
0,47.6,10001,-52.127
0,47.6,10010,-52.127
0,47.7,10001,-52.126
0,47.7,10010,-52.126
0,47.8,10001,-52.126
0,47.8,10010,-52.126
0,47.9,10001,-52.125
0,47.9,10010,-52.125
0,48.0,10001,-52.124
0,48.0,10010,-52.124
0,48.1,10001,-52.124
0,48.1,10010,-52.124
0,48.2,10001,-52.123
0,48.2,10010,-52.123
0,48.3,10001,-52.122
0,48.3,10010,-52.123
0,48.4,10001,-52.122
0,48.4,10010,-52.122
0,48.5,10001,-52.121
0,48.5,10010,-52.121
0,48.6,10001,-52.121
0,48.6,10010,-52.121
0,48.7,10001,-52.120
0,48.7,10010,-52.120
0,48.8,10001,-52.119
0,48.8,10010,-52.120
0,48.9,10001,-52.119
0,48.9,10010,-52.119
0,49.0,10001,-52.118
0,49.0,10010,-52.118
0,49.1,10001,-52.118
0,49.1,10010,-52.118
0,49.2,10001,-52.117
0,49.2,10010,-52.117
0,49.3,10001,-52.117
0,49.3,10010,-52.117
0,49.4,10001,-52.116
0,49.4,10010,-52.116
0,49.5,10001,-52.115
0,49.5,10010,-52.116
0,49.6,10001,-52.115
0,49.6,10010,-52.115
0,49.7,10001,-52.114
0,49.7,10010,-52.114
0,49.8,10001,-52.114
0,49.8,10010,-52.114
0,49.9,10001,-52.113
0,49.9,10010,-52.113
0,50.0,10001,-52.113
0,50.0,10010,-52.113
0,50.1,10001,-52.112
0,50.1,10010,-52.112
0,50.2,10001,-52.111
0,50.2,10010,-52.112
0,50.3,10001,-52.111
0,50.3,10010,-52.111
0,50.4,10001,-52.110
0,50.4,10010,-52.111
0,50.5,10001,-52.110
0,50.5,10010,-52.110
0,50.6,10001,-52.109
0,50.6,10010,-52.109
0,50.7,10001,-52.109
0,50.7,10010,-52.109
0,50.8,10001,-52.108
0,50.8,10010,-52.108
0,50.9,10001,-52.108
0,50.9,10010,-52.108
0,51.0,10001,-52.107
0,51.0,10010,-52.107
0,51.1,10001,-52.107
0,51.1,10010,-52.107
0,51.2,10001,-52.106
0,51.2,10010,-52.106
0,51.3,10001,-52.105
0,51.3,10010,-52.106
0,51.4,10001,-52.105
0,51.4,10010,-52.105
0,51.5,10001,-52.104
0,51.5,10010,-52.105
0,51.6,10001,-52.104
0,51.6,10010,-52.104
0,51.7,10001,-52.103
0,51.7,10010,-52.104
0,51.8,10001,-52.103
0,51.8,10010,-52.103
0,51.9,10001,-52.102
0,51.9,10010,-52.103
0,52.0,10001,-52.102
0,52.0,10010,-52.102
0,52.1,10001,-52.101
0,52.1,10010,-52.102
0,52.2,10001,-52.101
0,52.2,10010,-52.101
0,52.3,10001,-52.100
0,52.3,10010,-52.101
0,52.4,10001,-52.100
0,52.4,10010,-52.100
0,52.5,10001,-52.099
0,52.5,10010,-52.100
0,52.6,10001,-52.099
0,52.6,10010,-52.099
0,52.7,10001,-52.098
0,52.7,10010,-52.099
0,52.8,10001,-52.098
0,52.8,10010,-52.098
0,52.9,10001,-52.097
0,52.9,10010,-52.098
0,53.0,10001,-52.097
0,53.0,10010,-52.097
0,53.1,10001,-52.096
0,53.1,10010,-52.097
0,53.2,10001,-52.096
0,53.2,10010,-52.096
0,53.3,10001,-52.095
0,53.3,10010,-52.096
0,53.4,10001,-52.095
0,53.4,10010,-52.095
0,53.5,10001,-52.095
0,53.5,10010,-52.095
0,53.6,10001,-52.094
0,53.6,10010,-52.094
0,53.7,10001,-52.094
0,53.7,10010,-52.094
0,53.8,10001,-52.093
0,53.8,10010,-52.093
0,53.9,10001,-52.093
0,53.9,10010,-52.093
0,54.0,10001,-52.092
0,54.0,10010,-52.092
0,54.1,10001,-52.092
0,54.1,10010,-52.092
0,54.2,10001,-52.091
0,54.2,10010,-52.091
0,54.3,10001,-52.091
0,54.3,10010,-52.091
0,54.4,10001,-52.090
0,54.4,10010,-52.091
0,54.5,10001,-52.090
0,54.5,10010,-52.090
0,54.6,10001,-52.089
0,54.6,10010,-52.090
0,54.7,10001,-52.089
0,54.7,10010,-52.089
0,54.8,10001,-52.089
0,54.8,10010,-52.089
0,54.9,10001,-52.088
0,54.9,10010,-52.088
0,55.0,10001,-52.088
0,55.0,10010,-52.088
0,55.1,10001,-52.087
0,55.1,10010,-52.087
0,55.2,10001,-52.087
0,55.2,10010,-52.087
0,55.3,10001,-52.086
0,55.3,10010,-52.087
0,55.4,10001,-52.086
0,55.4,10010,-52.086
0,55.5,10001,-52.086
0,55.5,10010,-52.086
0,55.6,10001,-52.085
0,55.6,10010,-52.085
0,55.7,10001,-52.085
0,55.7,10010,-52.085
0,55.8,10001,-52.084
0,55.8,10010,-52.084
0,55.9,10001,-52.084
0,55.9,10010,-52.084
0,56.0,10001,-52.083
0,56.0,10010,-52.084
0,56.1,10001,-52.083
0,56.1,10010,-52.083
0,56.2,10001,-52.083
0,56.2,10010,-52.083
0,56.3,10001,-52.082
0,56.3,10010,-52.082
0,56.4,10001,-52.082
0,56.4,10010,-52.082
0,56.5,10001,-52.081
0,56.5,10010,-52.082
0,56.6,10001,-52.081
0,56.6,10010,-52.081
0,56.7,10001,-52.081
0,56.7,10010,-52.081
0,56.8,10001,-52.080
0,56.8,10010,-52.080
0,56.9,10001,-52.080
0,56.9,10010,-52.080
0,57.0,10001,-52.079
0,57.0,10010,-52.080
0,57.1,10001,-52.079
0,57.1,10010,-52.079
0,57.2,10001,-52.079
0,57.2,10010,-52.079
0,57.3,10001,-52.078
0,57.3,10010,-52.078
0,57.4,10001,-52.078
0,57.4,10010,-52.078
0,57.5,10001,-52.077
0,57.5,10010,-52.078
0,57.6,10001,-52.077
0,57.6,10010,-52.077
0,57.7,10001,-52.077
0,57.7,10010,-52.077
0,57.8,10001,-52.076
0,57.8,10010,-52.076
0,57.9,10001,-52.076
0,57.9,10010,-52.076
0,58.0,10001,-52.076
0,58.0,10010,-52.076
0,58.1,10001,-52.075
0,58.1,10010,-52.075
0,58.2,10001,-52.075
0,58.2,10010,-52.075
0,58.3,10001,-52.074
0,58.3,10010,-52.075
0,58.4,10001,-52.074
0,58.4,10010,-52.074
0,58.5,10001,-52.074
0,58.5,10010,-52.074
0,58.6,10001,-52.073
0,58.6,10010,-52.073
0,58.7,10001,-52.073
0,58.7,10010,-52.073
0,58.8,10001,-52.073
0,58.8,10010,-52.073
0,58.9,10001,-52.072
0,58.9,10010,-52.072
0,59.0,10001,-52.072
0,59.0,10010,-52.072
0,59.1,10001,-52.071
0,59.1,10010,-52.072
0,59.2,10001,-52.071
0,59.2,10010,-52.071
0,59.3,10001,-52.071
0,59.3,10010,-52.071
0,59.4,10001,-52.070
0,59.4,10010,-52.071
0,59.5,10001,-52.070
0,59.5,10010,-52.070
0,59.6,10001,-52.070
0,59.6,10010,-52.070
0,59.7,10001,-52.069
0,59.7,10010,-52.070
0,59.8,10001,-52.069
0,59.8,10010,-52.069
0,59.9,10001,-52.069
0,59.9,10010,-52.069
0,60.0,10001,-52.068
0,60.0,10010,-52.068
0,60.1,10001,-52.068
0,60.1,10010,-52.068
0,60.2,10001,-52.068
0,60.2,10010,-52.068
0,60.3,10001,-52.067
0,60.3,10010,-52.067
0,60.4,10001,-52.067
0,60.4,10010,-52.067
0,60.5,10001,-52.067
0,60.5,10010,-52.067
0,60.6,10001,-52.066
0,60.6,10010,-52.066
0,60.7,10001,-52.066
0,60.7,10010,-52.066
0,60.8,10001,-52.066
0,60.8,10010,-52.066
0,60.9,10001,-52.065
0,60.9,10010,-52.065
0,61.0,10001,-52.065
0,61.0,10010,-52.065
0,61.1,10001,-52.065
0,61.1,10010,-52.065
0,61.2,10001,-52.064
0,61.2,10010,-52.064
0,61.3,10001,-52.064
0,61.3,10010,-52.064
0,61.4,10001,-52.064
0,61.4,10010,-52.064
0,61.5,10001,-52.063
0,61.5,10010,-52.064
0,61.6,10001,-52.063
0,61.6,10010,-52.063
0,61.7,10001,-52.063
0,61.7,10010,-52.063
0,61.8,10001,-52.062
0,61.8,10010,-52.063
0,61.9,10001,-52.062
0,61.9,10010,-52.062
0,62.0,10001,-52.062
0,62.0,10010,-52.062
0,62.1,10001,-52.062
0,62.1,10010,-52.062
0,62.2,10001,-52.061
0,62.2,10010,-52.061
0,62.3,10001,-52.061
0,62.3,10010,-52.061
0,62.4,10001,-52.061
0,62.4,10010,-52.061
0,62.5,10001,-52.060
0,62.5,10010,-52.060
0,62.6,10001,-52.060
0,62.6,10010,-52.060
0,62.7,10001,-52.060
0,62.7,10010,-52.060
0,62.8,10001,-52.059
0,62.8,10010,-52.060
0,62.9,10001,-52.059
0,62.9,10010,-52.059
0,63.0,10001,-52.059
0,63.0,10010,-52.059
0,63.1,10001,-52.059
0,63.1,10010,-52.059
0,63.2,10001,-52.058
0,63.2,10010,-52.058
0,63.3,10001,-52.058
0,63.3,10010,-52.058
0,63.4,10001,-52.058
0,63.4,10010,-52.058
0,63.5,10001,-52.057
0,63.5,10010,-52.057
0,63.6,10001,-52.057
0,63.6,10010,-52.057
0,63.7,10001,-52.057
0,63.7,10010,-52.057
0,63.8,10001,-52.057
0,63.8,10010,-52.057
0,63.9,10001,-52.056
0,63.9,10010,-52.056
0,64.0,10001,-52.056
0,64.0,10010,-52.056
0,64.1,10001,-52.056
0,64.1,10010,-52.056
0,64.2,10001,-52.055
0,64.2,10010,-52.056
0,64.3,10001,-52.055
0,64.3,10010,-52.055
0,64.4,10001,-52.055
0,64.4,10010,-52.055
0,64.5,10001,-52.055
0,64.5,10010,-52.055
0,64.6,10001,-52.054
0,64.6,10010,-52.054
0,64.7,10001,-52.054
0,64.7,10010,-52.054
0,64.8,10001,-52.054
0,64.8,10010,-52.054
0,64.9,10001,-52.054
0,64.9,10010,-52.054
0,65.0,10001,-52.053
0,65.0,10010,-52.053
0,65.1,10001,-52.053
0,65.1,10010,-52.053
0,65.2,10001,-52.053
0,65.2,10010,-52.053
0,65.3,10001,-52.052
0,65.3,10010,-52.053
0,65.4,10001,-52.052
0,65.4,10010,-52.052
0,65.5,10001,-52.052
0,65.5,10010,-52.052
0,65.6,10001,-52.052
0,65.6,10010,-52.052
0,65.7,10001,-52.051
0,65.7,10010,-52.052
0,65.8,10001,-52.051
0,65.8,10010,-52.051
0,65.9,10001,-52.051
0,65.9,10010,-52.051
0,66.0,10001,-52.051
0,66.0,10010,-52.051
0,66.1,10001,-52.050
0,66.1,10010,-52.050
0,66.2,10001,-52.050
0,66.2,10010,-52.050
0,66.3,10001,-52.050
0,66.3,10010,-52.050
0,66.4,10001,-52.050
0,66.4,10010,-52.050
0,66.5,10001,-52.049
0,66.5,10010,-52.049
0,66.6,10001,-52.049
0,66.6,10010,-52.049
0,66.7,10001,-52.049
0,66.7,10010,-52.049
0,66.8,10001,-52.049
0,66.8,10010,-52.049
0,66.9,10001,-52.048
0,66.9,10010,-52.049
0,67.0,10001,-52.048
0,67.0,10010,-52.048
0,67.1,10001,-52.048
0,67.1,10010,-52.048
0,67.2,10001,-52.048
0,67.2,10010,-52.048
0,67.3,10001,-52.047
0,67.3,10010,-52.048
0,67.4,10001,-52.047
0,67.4,10010,-52.047
0,67.5,10001,-52.047
0,67.5,10010,-52.047
0,67.6,10001,-52.047
0,67.6,10010,-52.047
0,67.7,10001,-52.047
0,67.7,10010,-52.047
0,67.8,10001,-52.046
0,67.8,10010,-52.046
0,67.9,10001,-52.046
0,67.9,10010,-52.046
0,68.0,10001,-52.046
0,68.0,10010,-52.046
0,68.1,10001,-52.046
0,68.1,10010,-52.046
0,68.2,10001,-52.045
0,68.2,10010,-52.045
0,68.3,10001,-52.045
0,68.3,10010,-52.045
0,68.4,10001,-52.045
0,68.4,10010,-52.045
0,68.5,10001,-52.045
0,68.5,10010,-52.045
0,68.6,10001,-52.044
0,68.6,10010,-52.045
0,68.7,10001,-52.044
0,68.7,10010,-52.044
0,68.8,10001,-52.044
0,68.8,10010,-52.044
0,68.9,10001,-52.044
0,68.9,10010,-52.044
0,69.0,10001,-52.044
0,69.0,10010,-52.044
0,69.1,10001,-52.043
0,69.1,10010,-52.043
0,69.2,10001,-52.043
0,69.2,10010,-52.043
0,69.3,10001,-52.043
0,69.3,10010,-52.043
0,69.4,10001,-52.043
0,69.4,10010,-52.043
0,69.5,10001,-52.043
0,69.5,10010,-52.043
0,69.6,10001,-52.042
0,69.6,10010,-52.042
0,69.7,10001,-52.042
0,69.7,10010,-52.042
0,69.8,10001,-52.042
0,69.8,10010,-52.042
0,69.9,10001,-52.042
0,69.9,10010,-52.042
0,70.0,10001,-52.041
0,70.0,10010,-52.042
0,70.1,10001,-52.041
0,70.1,10010,-52.041
0,70.2,10001,-52.041
0,70.2,10010,-52.041
0,70.3,10001,-52.041
0,70.3,10010,-52.041
0,70.4,10001,-52.041
0,70.4,10010,-52.041
0,70.5,10001,-52.040
0,70.5,10010,-52.041
0,70.6,10001,-52.040
0,70.6,10010,-52.040
0,70.7,10001,-52.040
0,70.7,10010,-52.040
0,70.8,10001,-52.040
0,70.8,10010,-52.040
0,70.9,10001,-52.040
0,70.9,10010,-52.040
0,71.0,10001,-52.039
0,71.0,10010,-52.040
0,71.1,10001,-52.039
0,71.1,10010,-52.039
0,71.2,10001,-52.039
0,71.2,10010,-52.039
0,71.3,10001,-52.039
0,71.3,10010,-52.039
0,71.4,10001,-52.039
0,71.4,10010,-52.039
0,71.5,10001,-52.038
0,71.5,10010,-52.039
0,71.6,10001,-52.038
0,71.6,10010,-52.038
0,71.7,10001,-52.038
0,71.7,10010,-52.038
0,71.8,10001,-52.038
0,71.8,10010,-52.038
0,71.9,10001,-52.038
0,71.9,10010,-52.038
0,72.0,10001,-52.038
0,72.0,10010,-52.038
0,72.1,10001,-52.037
0,72.1,10010,-52.037
0,72.2,10001,-52.037
0,72.2,10010,-52.037
0,72.3,10001,-52.037
0,72.3,10010,-52.037
0,72.4,10001,-52.037
0,72.4,10010,-52.037
0,72.5,10001,-52.037
0,72.5,10010,-52.037
0,72.6,10001,-52.036
0,72.6,10010,-52.036
0,72.7,10001,-52.036
0,72.7,10010,-52.036
0,72.8,10001,-52.036
0,72.8,10010,-52.036
0,72.9,10001,-52.036
0,72.9,10010,-52.036
0,73.0,10001,-52.036
0,73.0,10010,-52.036
0,73.1,10001,-52.036
0,73.1,10010,-52.036
0,73.2,10001,-52.035
0,73.2,10010,-52.035
0,73.3,10001,-52.035
0,73.3,10010,-52.035
0,73.4,10001,-52.035
0,73.4,10010,-52.035
0,73.5,10001,-52.035
0,73.5,10010,-52.035
0,73.6,10001,-52.035
0,73.6,10010,-52.035
0,73.7,10001,-52.034
0,73.7,10010,-52.035
0,73.8,10001,-52.034
0,73.8,10010,-52.034
0,73.9,10001,-52.034
0,73.9,10010,-52.034
0,74.0,10001,-52.034
0,74.0,10010,-52.034
0,74.1,10001,-52.034
0,74.1,10010,-52.034
0,74.2,10001,-52.034
0,74.2,10010,-52.034
0,74.3,10001,-52.033
0,74.3,10010,-52.034
0,74.4,10001,-52.033
0,74.4,10010,-52.033
0,74.5,10001,-52.033
0,74.5,10010,-52.033
0,74.6,10001,-52.033
0,74.6,10010,-52.033
0,74.7,10001,-52.033
0,74.7,10010,-52.033
0,74.8,10001,-52.033
0,74.8,10010,-52.033
0,74.9,10001,-52.032
0,74.9,10010,-52.033
0,75.0,10001,-52.032
0,75.0,10010,-52.032
0,75.1,10001,-52.032
0,75.1,10010,-52.032
0,75.2,10001,-52.032
0,75.2,10010,-52.032
0,75.3,10001,-52.032
0,75.3,10010,-52.032
0,75.4,10001,-52.032
0,75.4,10010,-52.032
0,75.5,10001,-52.031
0,75.5,10010,-52.032
0,75.6,10001,-52.031
0,75.6,10010,-52.031
0,75.7,10001,-52.031
0,75.7,10010,-52.031
0,75.8,10001,-52.031
0,75.8,10010,-52.031
0,75.9,10001,-52.031
0,75.9,10010,-52.031
0,76.0,10001,-52.031
0,76.0,10010,-52.031
0,76.1,10001,-52.031
0,76.1,10010,-52.031
0,76.2,10001,-52.030
0,76.2,10010,-52.030
0,76.3,10001,-52.030
0,76.3,10010,-52.030
0,76.4,10001,-52.030
0,76.4,10010,-52.030
0,76.5,10001,-52.030
0,76.5,10010,-52.030
0,76.6,10001,-52.030
0,76.6,10010,-52.030
0,76.7,10001,-52.030
0,76.7,10010,-52.030
0,76.8,10001,-52.030
0,76.8,10010,-52.030
0,76.9,10001,-52.029
0,76.9,10010,-52.029
0,77.0,10001,-52.029
0,77.0,10010,-52.029
0,77.1,10001,-52.029
0,77.1,10010,-52.029
0,77.2,10001,-52.029
0,77.2,10010,-52.029
0,77.3,10001,-52.029
0,77.3,10010,-52.029
0,77.4,10001,-52.029
0,77.4,10010,-52.029
0,77.5,10001,-52.028
0,77.5,10010,-52.029
0,77.6,10001,-52.028
0,77.6,10010,-52.028
0,77.7,10001,-52.028
0,77.7,10010,-52.028
0,77.8,10001,-52.028
0,77.8,10010,-52.028
0,77.9,10001,-52.028
0,77.9,10010,-52.028
0,78.0,10001,-52.028
0,78.0,10010,-52.028
0,78.1,10001,-52.028
0,78.1,10010,-52.028
0,78.2,10001,-52.028
0,78.2,10010,-52.028
0,78.3,10001,-52.027
0,78.3,10010,-52.027
0,78.4,10001,-52.027
0,78.4,10010,-52.027
0,78.5,10001,-52.027
0,78.5,10010,-52.027
0,78.6,10001,-52.027
0,78.6,10010,-52.027
0,78.7,10001,-52.027
0,78.7,10010,-52.027
0,78.8,10001,-52.027
0,78.8,10010,-52.027
0,78.9,10001,-52.027
0,78.9,10010,-52.027
0,79.0,10001,-52.026
0,79.0,10010,-52.026
0,79.1,10001,-52.026
0,79.1,10010,-52.026
0,79.2,10001,-52.026
0,79.2,10010,-52.026
0,79.3,10001,-52.026
0,79.3,10010,-52.026
0,79.4,10001,-52.026
0,79.4,10010,-52.026
0,79.5,10001,-52.026
0,79.5,10010,-52.026
0,79.6,10001,-52.026
0,79.6,10010,-52.026
0,79.7,10001,-52.026
0,79.7,10010,-52.026
0,79.8,10001,-52.025
0,79.8,10010,-52.025
0,79.9,10001,-52.025
0,79.9,10010,-52.025
0,80.0,10001,-52.025
0,80.0,10010,-52.025
0,80.1,10001,-52.025
0,80.1,10010,-52.025
0,80.2,10001,-52.025
0,80.2,10010,-52.025
0,80.3,10001,-52.025
0,80.3,10010,-52.025
0,80.4,10001,-52.025
0,80.4,10010,-52.025
0,80.5,10001,-52.025
0,80.5,10010,-52.025
0,80.6,10001,-52.024
0,80.6,10010,-52.024
0,80.7,10001,-52.024
0,80.7,10010,-52.024
0,80.8,10001,-52.024
0,80.8,10010,-52.024
0,80.9,10001,-52.024
0,80.9,10010,-52.024
0,81.0,10001,-52.024
0,81.0,10010,-52.024
0,81.1,10001,-52.024
0,81.1,10010,-52.024
0,81.2,10001,-52.024
0,81.2,10010,-52.024
0,81.3,10001,-52.024
0,81.3,10010,-52.024
0,81.4,10001,-52.023
0,81.4,10010,-52.024
0,81.5,10001,-52.023
0,81.5,10010,-52.023
0,81.6,10001,-52.023
0,81.6,10010,-52.023
0,81.7,10001,-52.023
0,81.7,10010,-52.023
0,81.8,10001,-52.023
0,81.8,10010,-52.023
0,81.9,10001,-52.023
0,81.9,10010,-52.023
0,82.0,10001,-52.023
0,82.0,10010,-52.023
0,82.1,10001,-52.023
0,82.1,10010,-52.023
0,82.2,10001,-52.023
0,82.2,10010,-52.023
0,82.3,10001,-52.022
0,82.3,10010,-52.022
0,82.4,10001,-52.022
0,82.4,10010,-52.022
0,82.5,10001,-52.022
0,82.5,10010,-52.022
0,82.6,10001,-52.022
0,82.6,10010,-52.022
0,82.7,10001,-52.022
0,82.7,10010,-52.022
0,82.8,10001,-52.022
0,82.8,10010,-52.022
0,82.9,10001,-52.022
0,82.9,10010,-52.022
0,83.0,10001,-52.022
0,83.0,10010,-52.022
0,83.1,10001,-52.022
0,83.1,10010,-52.022
0,83.2,10001,-52.021
0,83.2,10010,-52.021
0,83.3,10001,-52.021
0,83.3,10010,-52.021
0,83.4,10001,-52.021
0,83.4,10010,-52.021
0,83.5,10001,-52.021
0,83.5,10010,-52.021
0,83.6,10001,-52.021
0,83.6,10010,-52.021
0,83.7,10001,-52.021
0,83.7,10010,-52.021
0,83.8,10001,-52.021
0,83.8,10010,-52.021
0,83.9,10001,-52.021
0,83.9,10010,-52.021
0,84.0,10001,-52.021
0,84.0,10010,-52.021
0,84.1,10001,-52.020
0,84.1,10010,-52.021
0,84.2,10001,-52.020
0,84.2,10010,-52.020
0,84.3,10001,-52.020
0,84.3,10010,-52.020
0,84.4,10001,-52.020
0,84.4,10010,-52.020
0,84.5,10001,-52.020
0,84.5,10010,-52.020
0,84.6,10001,-52.020
0,84.6,10010,-52.020
0,84.7,10001,-52.020
0,84.7,10010,-52.020
0,84.8,10001,-52.020
0,84.8,10010,-52.020
0,84.9,10001,-52.020
0,84.9,10010,-52.020
0,85.0,10001,-52.020
0,85.0,10010,-52.020
0,85.1,10001,-52.019
0,85.1,10010,-52.020
0,85.2,10001,-52.019
0,85.2,10010,-52.019
0,85.3,10001,-52.019
0,85.3,10010,-52.019
0,85.4,10001,-52.019
0,85.4,10010,-52.019
0,85.5,10001,-52.019
0,85.5,10010,-52.019
0,85.6,10001,-52.019
0,85.6,10010,-52.019
0,85.7,10001,-52.019
0,85.7,10010,-52.019
0,85.8,10001,-52.019
0,85.8,10010,-52.019
0,85.9,10001,-52.019
0,85.9,10010,-52.019
0,86.0,10001,-52.019
0,86.0,10010,-52.019
0,86.1,10001,-52.019
0,86.1,10010,-52.019
0,86.2,10001,-52.018
0,86.2,10010,-52.018
0,86.3,10001,-52.018
0,86.3,10010,-52.018
0,86.4,10001,-52.018
0,86.4,10010,-52.018
0,86.5,10001,-52.018
0,86.5,10010,-52.018
0,86.6,10001,-52.018
0,86.6,10010,-52.018
0,86.7,10001,-52.018
0,86.7,10010,-52.018
0,86.8,10001,-52.018
0,86.8,10010,-52.018
0,86.9,10001,-52.018
0,86.9,10010,-52.018
0,87.0,10001,-52.018
0,87.0,10010,-52.018
0,87.1,10001,-52.018
0,87.1,10010,-52.018
0,87.2,10001,-52.018
0,87.2,10010,-52.018
0,87.3,10001,-52.017
0,87.3,10010,-52.017
0,87.4,10001,-52.017
0,87.4,10010,-52.017
0,87.5,10001,-52.017
0,87.5,10010,-52.017
0,87.6,10001,-52.017
0,87.6,10010,-52.017
0,87.7,10001,-52.017
0,87.7,10010,-52.017
0,87.8,10001,-52.017
0,87.8,10010,-52.017
0,87.9,10001,-52.017
0,87.9,10010,-52.017
0,88.0,10001,-52.017
0,88.0,10010,-52.017
0,88.1,10001,-52.017
0,88.1,10010,-52.017
0,88.2,10001,-52.017
0,88.2,10010,-52.017
0,88.3,10001,-52.017
0,88.3,10010,-52.017
0,88.4,10001,-52.017
0,88.4,10010,-52.017
0,88.5,10001,-52.016
0,88.5,10010,-52.016
0,88.6,10001,-52.016
0,88.6,10010,-52.016
0,88.7,10001,-52.016
0,88.7,10010,-52.016
0,88.8,10001,-52.016
0,88.8,10010,-52.016
0,88.9,10001,-52.016
0,88.9,10010,-52.016
0,89.0,10001,-52.016
0,89.0,10010,-52.016
0,89.1,10001,-52.016
0,89.1,10010,-52.016
0,89.2,10001,-52.016
0,89.2,10010,-52.016
0,89.3,10001,-52.016
0,89.3,10010,-52.016
0,89.4,10001,-52.016
0,89.4,10010,-52.016
0,89.5,10001,-52.016
0,89.5,10010,-52.016
0,89.6,10001,-52.016
0,89.6,10010,-52.016
0,89.7,10001,-52.015
0,89.7,10010,-52.016
0,89.8,10001,-52.015
0,89.8,10010,-52.015
0,89.9,10001,-52.015
0,89.9,10010,-52.015
0,90.0,10001,-52.015
0,90.0,10010,-52.015
0,90.1,10001,-52.015
0,90.1,10010,-52.015
0,90.2,10001,-52.015
0,90.2,10010,-52.015
0,90.3,10001,-52.015
0,90.3,10010,-52.015
0,90.4,10001,-52.015
0,90.4,10010,-52.015
0,90.5,10001,-52.015
0,90.5,10010,-52.015
0,90.6,10001,-52.015
0,90.6,10010,-52.015
0,90.7,10001,-52.015
0,90.7,10010,-52.015
0,90.8,10001,-52.015
0,90.8,10010,-52.015
0,90.9,10001,-52.015
0,90.9,10010,-52.015
0,91.0,10001,-52.015
0,91.0,10010,-52.015
0,91.1,10001,-52.014
0,91.1,10010,-52.014
0,91.2,10001,-52.014
0,91.2,10010,-52.014
0,91.3,10001,-52.014
0,91.3,10010,-52.014
0,91.4,10001,-52.014
0,91.4,10010,-52.014
0,91.5,10001,-52.014
0,91.5,10010,-52.014
0,91.6,10001,-52.014
0,91.6,10010,-52.014
0,91.7,10001,-52.014
0,91.7,10010,-52.014
0,91.8,10001,-52.014
0,91.8,10010,-52.014
0,91.9,10001,-52.014
0,91.9,10010,-52.014
0,92.0,10001,-52.014
0,92.0,10010,-52.014
0,92.1,10001,-52.014
0,92.1,10010,-52.014
0,92.2,10001,-52.014
0,92.2,10010,-52.014
0,92.3,10001,-52.014
0,92.3,10010,-52.014
0,92.4,10001,-52.014
0,92.4,10010,-52.014
0,92.5,10001,-52.013
0,92.5,10010,-52.013
0,92.6,10001,-52.013
0,92.6,10010,-52.013
0,92.7,10001,-52.013
0,92.7,10010,-52.013
0,92.8,10001,-52.013
0,92.8,10010,-52.013
0,92.9,10001,-52.013
0,92.9,10010,-52.013
0,93.0,10001,-52.013
0,93.0,10010,-52.013
0,93.1,10001,-52.013
0,93.1,10010,-52.013
0,93.2,10001,-52.013
0,93.2,10010,-52.013
0,93.3,10001,-52.013
0,93.3,10010,-52.013
0,93.4,10001,-52.013
0,93.4,10010,-52.013
0,93.5,10001,-52.013
0,93.5,10010,-52.013
0,93.6,10001,-52.013
0,93.6,10010,-52.013
0,93.7,10001,-52.013
0,93.7,10010,-52.013
0,93.8,10001,-52.013
0,93.8,10010,-52.013
0,93.9,10001,-52.013
0,93.9,10010,-52.013
0,94.0,10001,-52.012
0,94.0,10010,-52.013
0,94.1,10001,-52.012
0,94.1,10010,-52.012
0,94.2,10001,-52.012
0,94.2,10010,-52.012
0,94.3,10001,-52.012
0,94.3,10010,-52.012
0,94.4,10001,-52.012
0,94.4,10010,-52.012
0,94.5,10001,-52.012
0,94.5,10010,-52.012
0,94.6,10001,-52.012
0,94.6,10010,-52.012
0,94.7,10001,-52.012
0,94.7,10010,-52.012
0,94.8,10001,-52.012
0,94.8,10010,-52.012
0,94.9,10001,-52.012
0,94.9,10010,-52.012
0,95.0,10001,-52.012
0,95.0,10010,-52.012
0,95.1,10001,-52.012
0,95.1,10010,-52.012
0,95.2,10001,-52.012
0,95.2,10010,-52.012
0,95.3,10001,-52.012
0,95.3,10010,-52.012
0,95.4,10001,-52.012
0,95.4,10010,-52.012
0,95.5,10001,-52.012
0,95.5,10010,-52.012
0,95.6,10001,-52.012
0,95.6,10010,-52.012
0,95.7,10001,-52.011
0,95.7,10010,-52.011
0,95.8,10001,-52.011
0,95.8,10010,-52.011
0,95.9,10001,-52.011
0,95.9,10010,-52.011
0,96.0,10001,-52.011
0,96.0,10010,-52.011
0,96.1,10001,-52.011
0,96.1,10010,-52.011
0,96.2,10001,-52.011
0,96.2,10010,-52.011
0,96.3,10001,-52.011
0,96.3,10010,-52.011
0,96.4,10001,-52.011
0,96.4,10010,-52.011
0,96.5,10001,-52.011
0,96.5,10010,-52.011
0,96.6,10001,-52.011
0,96.6,10010,-52.011
0,96.7,10001,-52.011
0,96.7,10010,-52.011
0,96.8,10001,-52.011
0,96.8,10010,-52.011
0,96.9,10001,-52.011
0,96.9,10010,-52.011
0,97.0,10001,-52.011
0,97.0,10010,-52.011
0,97.1,10001,-52.011
0,97.1,10010,-52.011
0,97.2,10001,-52.011
0,97.2,10010,-52.011
0,97.3,10001,-52.011
0,97.3,10010,-52.011
0,97.4,10001,-52.011
0,97.4,10010,-52.011
0,97.5,10001,-52.010
0,97.5,10010,-52.011
0,97.6,10001,-52.010
0,97.6,10010,-52.010
0,97.7,10001,-52.010
0,97.7,10010,-52.010
0,97.8,10001,-52.010
0,97.8,10010,-52.010
0,97.9,10001,-52.010
0,97.9,10010,-52.010
0,98.0,10001,-52.010
0,98.0,10010,-52.010
0,98.1,10001,-52.010
0,98.1,10010,-52.010
0,98.2,10001,-52.010
0,98.2,10010,-52.010
0,98.3,10001,-52.010
0,98.3,10010,-52.010
0,98.4,10001,-52.010
0,98.4,10010,-52.010
0,98.5,10001,-52.010
0,98.5,10010,-52.010
0,98.6,10001,-52.010
0,98.6,10010,-52.010
0,98.7,10001,-52.010
0,98.7,10010,-52.010
0,98.8,10001,-52.010
0,98.8,10010,-52.010
0,98.9,10001,-52.010
0,98.9,10010,-52.010
0,99.0,10001,-52.010
0,99.0,10010,-52.010
0,99.1,10001,-52.010
0,99.1,10010,-52.010
0,99.2,10001,-52.010
0,99.2,10010,-52.010
0,99.3,10001,-52.010
0,99.3,10010,-52.010
0,99.4,10001,-52.010
0,99.4,10010,-52.010
0,99.5,10001,-52.009
0,99.5,10010,-52.010
0,99.6,10001,-52.009
0,99.6,10010,-52.009
0,99.7,10001,-52.009
0,99.7,10010,-52.009
0,99.8,10001,-52.009
0,99.8,10010,-52.009
0,99.9,10001,-52.009
0,99.9,10010,-52.009
0,100.0,10001,-52.009
0,100.0,10010,-52.009
0,100.1,10001,-52.009
0,100.1,10010,-52.009
0,100.2,10001,-52.009
0,100.2,10010,-52.009
0,100.3,10001,-52.009
0,100.3,10010,-52.009
0,100.4,10001,-52.009
0,100.4,10010,-52.009
0,100.5,10001,-52.009
0,100.5,10010,-52.009
0,100.6,10001,-52.009
0,100.6,10010,-52.009
0,100.7,10001,-52.009
0,100.7,10010,-52.009
0,100.8,10001,-52.009
0,100.8,10010,-52.009
0,100.9,10001,-52.009
0,100.9,10010,-52.009
0,101.0,10001,-52.009
0,101.0,10010,-52.009
0,101.1,10001,-52.009
0,101.1,10010,-52.009
0,101.2,10001,-52.009
0,101.2,10010,-52.009
0,101.3,10001,-52.009
0,101.3,10010,-52.009
0,101.4,10001,-52.009
0,101.4,10010,-52.009
0,101.5,10001,-52.009
0,101.5,10010,-52.009
0,101.6,10001,-52.009
0,101.6,10010,-52.009
0,101.7,10001,-52.008
0,101.7,10010,-52.009
0,101.8,10001,-52.008
0,101.8,10010,-52.008
0,101.9,10001,-52.008
0,101.9,10010,-52.008
0,102.0,10001,-52.008
0,102.0,10010,-52.008
0,102.1,10001,-52.008
0,102.1,10010,-52.008
0,102.2,10001,-52.008
0,102.2,10010,-52.008
0,102.3,10001,-52.008
0,102.3,10010,-52.008
0,102.4,10001,-52.008
0,102.4,10010,-52.008
0,102.5,10001,-52.008
0,102.5,10010,-52.008
0,102.6,10001,-52.008
0,102.6,10010,-52.008
0,102.7,10001,-52.008
0,102.7,10010,-52.008
0,102.8,10001,-52.008
0,102.8,10010,-52.008
0,102.9,10001,-52.008
0,102.9,10010,-52.008
0,103.0,10001,-52.008
0,103.0,10010,-52.008
0,103.1,10001,-52.008
0,103.1,10010,-52.008
0,103.2,10001,-52.008
0,103.2,10010,-52.008
0,103.3,10001,-52.008
0,103.3,10010,-52.008
0,103.4,10001,-52.008
0,103.4,10010,-52.008
0,103.5,10001,-52.008
0,103.5,10010,-52.008
0,103.6,10001,-52.008
0,103.6,10010,-52.008
0,103.7,10001,-52.008
0,103.7,10010,-52.008
0,103.8,10001,-52.008
0,103.8,10010,-52.008
0,103.9,10001,-52.008
0,103.9,10010,-52.008
0,104.0,10001,-52.008
0,104.0,10010,-52.008
0,104.1,10001,-52.008
0,104.1,10010,-52.008
0,104.2,10001,-52.008
0,104.2,10010,-52.008
0,104.3,10001,-52.007
0,104.3,10010,-52.007
0,104.4,10001,-52.007
0,104.4,10010,-52.007
0,104.5,10001,-52.007
0,104.5,10010,-52.007
0,104.6,10001,-52.007
0,104.6,10010,-52.007
0,104.7,10001,-52.007
0,104.7,10010,-52.007
0,104.8,10001,-52.007
0,104.8,10010,-52.007
0,104.9,10001,-52.007
0,104.9,10010,-52.007
0,105.0,10001,-52.007
0,105.0,10010,-52.007
0,105.1,10001,-52.007
0,105.1,10010,-52.007
0,105.2,10001,-52.007
0,105.2,10010,-52.007
0,105.3,10001,-52.007
0,105.3,10010,-52.007
0,105.4,10001,-52.007
0,105.4,10010,-52.007
0,105.5,10001,-52.007
0,105.5,10010,-52.007
0,105.6,10001,-52.007
0,105.6,10010,-52.007
0,105.7,10001,-52.007
0,105.7,10010,-52.007
0,105.8,10001,-52.007
0,105.8,10010,-52.007
0,105.9,10001,-52.007
0,105.9,10010,-52.007
0,106.0,10001,-52.007
0,106.0,10010,-52.007
0,106.1,10001,-52.007
0,106.1,10010,-52.007
0,106.2,10001,-52.007
0,106.2,10010,-52.007
0,106.3,10001,-52.007
0,106.3,10010,-52.007
0,106.4,10001,-52.007
0,106.4,10010,-52.007
0,106.5,10001,-52.007
0,106.5,10010,-52.007
0,106.6,10001,-52.007
0,106.6,10010,-52.007
0,106.7,10001,-52.007
0,106.7,10010,-52.007
0,106.8,10001,-52.007
0,106.8,10010,-52.007
0,106.9,10001,-52.007
0,106.9,10010,-52.007
0,107.0,10001,-52.007
0,107.0,10010,-52.007
0,107.1,10001,-52.006
0,107.1,10010,-52.006
0,107.2,10001,-52.006
0,107.2,10010,-52.006
0,107.3,10001,-52.006
0,107.3,10010,-52.006
0,107.4,10001,-52.006
0,107.4,10010,-52.006
0,107.5,10001,-52.006
0,107.5,10010,-52.006
0,107.6,10001,-52.006
0,107.6,10010,-52.006
0,107.7,10001,-52.006
0,107.7,10010,-52.006
0,107.8,10001,-52.006
0,107.8,10010,-52.006
0,107.9,10001,-52.006
0,107.9,10010,-52.006
0,108.0,10001,-52.006
0,108.0,10010,-52.006
0,108.1,10001,-52.006
0,108.1,10010,-52.006
0,108.2,10001,-52.006
0,108.2,10010,-52.006
0,108.3,10001,-52.006
0,108.3,10010,-52.006
0,108.4,10001,-52.006
0,108.4,10010,-52.006
0,108.5,10001,-52.006
0,108.5,10010,-52.006
0,108.6,10001,-52.006
0,108.6,10010,-52.006
0,108.7,10001,-52.006
0,108.7,10010,-52.006
0,108.8,10001,-52.006
0,108.8,10010,-52.006
0,108.9,10001,-52.006
0,108.9,10010,-52.006
0,109.0,10001,-52.006
0,109.0,10010,-52.006
0,109.1,10001,-52.006
0,109.1,10010,-52.006
0,109.2,10001,-52.006
0,109.2,10010,-52.006
0,109.3,10001,-52.006
0,109.3,10010,-52.006
0,109.4,10001,-52.006
0,109.4,10010,-52.006
0,109.5,10001,-52.006
0,109.5,10010,-52.006
0,109.6,10001,-52.006
0,109.6,10010,-52.006
0,109.7,10001,-52.006
0,109.7,10010,-52.006
0,109.8,10001,-52.006
0,109.8,10010,-52.006
0,109.9,10001,-52.006
0,109.9,10010,-52.006
0,110.0,10001,-52.006
0,110.0,10010,-52.006
0,110.1,10001,-52.006
0,110.1,10010,-52.006
0,110.2,10001,-52.006
0,110.2,10010,-52.006
0,110.3,10001,-52.006
0,110.3,10010,-52.006
0,110.4,10001,-52.005
0,110.4,10010,-52.006
0,110.5,10001,-52.005
0,110.5,10010,-52.005
0,110.6,10001,-52.005
0,110.6,10010,-52.005
0,110.7,10001,-52.005
0,110.7,10010,-52.005
0,110.8,10001,-52.005
0,110.8,10010,-52.005
0,110.9,10001,-52.005
0,110.9,10010,-52.005
0,111.0,10001,-52.005
0,111.0,10010,-52.005
0,111.1,10001,-52.005
0,111.1,10010,-52.005
0,111.2,10001,-52.005
0,111.2,10010,-52.005
0,111.3,10001,-52.005
0,111.3,10010,-52.005
0,111.4,10001,-52.005
0,111.4,10010,-52.005
0,111.5,10001,-52.005
0,111.5,10010,-52.005
0,111.6,10001,-52.005
0,111.6,10010,-52.005
0,111.7,10001,-52.005
0,111.7,10010,-52.005
0,111.8,10001,-52.005
0,111.8,10010,-52.005
0,111.9,10001,-52.005
0,111.9,10010,-52.005
0,112.0,10001,-52.005
0,112.0,10010,-52.005
0,112.1,10001,-52.005
0,112.1,10010,-52.005
0,112.2,10001,-52.005
0,112.2,10010,-52.005
0,112.3,10001,-52.005
0,112.3,10010,-52.005
0,112.4,10001,-52.005
0,112.4,10010,-52.005
0,112.5,10001,-52.005
0,112.5,10010,-52.005
0,112.6,10001,-52.005
0,112.6,10010,-52.005
0,112.7,10001,-52.005
0,112.7,10010,-52.005
0,112.8,10001,-52.005
0,112.8,10010,-52.005
0,112.9,10001,-52.005
0,112.9,10010,-52.005
0,113.0,10001,-52.005
0,113.0,10010,-52.005
0,113.1,10001,-52.005
0,113.1,10010,-52.005
0,113.2,10001,-52.005
0,113.2,10010,-52.005
0,113.3,10001,-52.005
0,113.3,10010,-52.005
0,113.4,10001,-52.005
0,113.4,10010,-52.005
0,113.5,10001,-52.005
0,113.5,10010,-52.005
0,113.6,10001,-52.005
0,113.6,10010,-52.005
0,113.7,10001,-52.005
0,113.7,10010,-52.005
0,113.8,10001,-52.005
0,113.8,10010,-52.005
0,113.9,10001,-52.005
0,113.9,10010,-52.005
0,114.0,10001,-52.005
0,114.0,10010,-52.005
0,114.1,10001,-52.005
0,114.1,10010,-52.005
0,114.2,10001,-52.005
0,114.2,10010,-52.005
0,114.3,10001,-52.005
0,114.3,10010,-52.005
0,114.4,10001,-52.005
0,114.4,10010,-52.005
0,114.5,10001,-52.004
0,114.5,10010,-52.005
0,114.6,10001,-52.004
0,114.6,10010,-52.004
0,114.7,10001,-52.004
0,114.7,10010,-52.004
0,114.8,10001,-52.004
0,114.8,10010,-52.004
0,114.9,10001,-52.004
0,114.9,10010,-52.004
0,115.0,10001,-52.004
0,115.0,10010,-52.004
0,115.1,10001,-52.004
0,115.1,10010,-52.004
0,115.2,10001,-52.004
0,115.2,10010,-52.004
0,115.3,10001,-52.004
0,115.3,10010,-52.004
0,115.4,10001,-52.004
0,115.4,10010,-52.004
0,115.5,10001,-52.004
0,115.5,10010,-52.004
0,115.6,10001,-52.004
0,115.6,10010,-52.004
0,115.7,10001,-52.004
0,115.7,10010,-52.004
0,115.8,10001,-52.004
0,115.8,10010,-52.004
0,115.9,10001,-52.004
0,115.9,10010,-52.004
0,116.0,10001,-52.004
0,116.0,10010,-52.004
0,116.1,10001,-52.004
0,116.1,10010,-52.004
0,116.2,10001,-52.004
0,116.2,10010,-52.004
0,116.3,10001,-52.004
0,116.3,10010,-52.004
0,116.4,10001,-52.004
0,116.4,10010,-52.004
0,116.5,10001,-52.004
0,116.5,10010,-52.004
0,116.6,10001,-52.004
0,116.6,10010,-52.004
0,116.7,10001,-52.004
0,116.7,10010,-52.004
0,116.8,10001,-52.004
0,116.8,10010,-52.004
0,116.9,10001,-52.004
0,116.9,10010,-52.004
0,117.0,10001,-52.004
0,117.0,10010,-52.004
0,117.1,10001,-52.004
0,117.1,10010,-52.004
0,117.2,10001,-52.004
0,117.2,10010,-52.004
0,117.3,10001,-52.004
0,117.3,10010,-52.004
0,117.4,10001,-52.004
0,117.4,10010,-52.004
0,117.5,10001,-52.004
0,117.5,10010,-52.004
0,117.6,10001,-52.004
0,117.6,10010,-52.004
0,117.7,10001,-52.004
0,117.7,10010,-52.004
0,117.8,10001,-52.004
0,117.8,10010,-52.004
0,117.9,10001,-52.004
0,117.9,10010,-52.004
0,118.0,10001,-52.004
0,118.0,10010,-52.004
0,118.1,10001,-52.004
0,118.1,10010,-52.004
0,118.2,10001,-52.004
0,118.2,10010,-52.004
0,118.3,10001,-52.004
0,118.3,10010,-52.004
0,118.4,10001,-52.004
0,118.4,10010,-52.004
0,118.5,10001,-52.004
0,118.5,10010,-52.004
0,118.6,10001,-52.004
0,118.6,10010,-52.004
0,118.7,10001,-52.004
0,118.7,10010,-52.004
0,118.8,10001,-52.004
0,118.8,10010,-52.004
0,118.9,10001,-52.004
0,118.9,10010,-52.004
0,119.0,10001,-52.004
0,119.0,10010,-52.004
0,119.1,10001,-52.004
0,119.1,10010,-52.004
0,119.2,10001,-52.004
0,119.2,10010,-52.004
0,119.3,10001,-52.004
0,119.3,10010,-52.004
0,119.4,10001,-52.004
0,119.4,10010,-52.004
0,119.5,10001,-52.003
0,119.5,10010,-52.003
0,119.6,10001,-52.003
0,119.6,10010,-52.003
0,119.7,10001,-52.003
0,119.7,10010,-52.003
0,119.8,10001,-52.003
0,119.8,10010,-52.003
0,119.9,10001,-52.003
0,119.9,10010,-52.003
0,120.0,10001,-52.003
0,120.0,10010,-52.003
0,120.1,10001,-52.003
0,120.1,10010,-52.003
0,120.2,10001,-52.003
0,120.2,10010,-52.003
0,120.3,10001,-52.003
0,120.3,10010,-52.003
0,120.4,10001,-52.003
0,120.4,10010,-52.003
0,120.5,10001,-52.003
0,120.5,10010,-52.003
0,120.6,10001,-52.003
0,120.6,10010,-52.003
0,120.7,10001,-52.003
0,120.7,10010,-52.003
0,120.8,10001,-52.003
0,120.8,10010,-52.003
0,120.9,10001,-52.003
0,120.9,10010,-52.003
0,121.0,10001,-52.003
0,121.0,10010,-52.003
0,121.1,10001,-52.003
0,121.1,10010,-52.003
0,121.2,10001,-52.003
0,121.2,10010,-52.003
0,121.3,10001,-52.003
0,121.3,10010,-52.003
0,121.4,10001,-52.003
0,121.4,10010,-52.003
0,121.5,10001,-52.003
0,121.5,10010,-52.003
0,121.6,10001,-52.003
0,121.6,10010,-52.003
0,121.7,10001,-52.003
0,121.7,10010,-52.003
0,121.8,10001,-52.003
0,121.8,10010,-52.003
0,121.9,10001,-52.003
0,121.9,10010,-52.003
0,122.0,10001,-52.003
0,122.0,10010,-52.003
0,122.1,10001,-52.003
0,122.1,10010,-52.003
0,122.2,10001,-52.003
0,122.2,10010,-52.003
0,122.3,10001,-52.003
0,122.3,10010,-52.003
0,122.4,10001,-52.003
0,122.4,10010,-52.003
0,122.5,10001,-52.003
0,122.5,10010,-52.003
0,122.6,10001,-52.003
0,122.6,10010,-52.003
0,122.7,10001,-52.003
0,122.7,10010,-52.003
0,122.8,10001,-52.003
0,122.8,10010,-52.003
0,122.9,10001,-52.003
0,122.9,10010,-52.003
0,123.0,10001,-52.003
0,123.0,10010,-52.003
0,123.1,10001,-52.003
0,123.1,10010,-52.003
0,123.2,10001,-52.003
0,123.2,10010,-52.003
0,123.3,10001,-52.003
0,123.3,10010,-52.003
0,123.4,10001,-52.003
0,123.4,10010,-52.003
0,123.5,10001,-52.003
0,123.5,10010,-52.003
0,123.6,10001,-52.003
0,123.6,10010,-52.003
0,123.7,10001,-52.003
0,123.7,10010,-52.003
0,123.8,10001,-52.003
0,123.8,10010,-52.003
0,123.9,10001,-52.003
0,123.9,10010,-52.003
0,124.0,10001,-52.003
0,124.0,10010,-52.003
0,124.1,10001,-52.003
0,124.1,10010,-52.003
0,124.2,10001,-52.003
0,124.2,10010,-52.003
0,124.3,10001,-52.003
0,124.3,10010,-52.003
0,124.4,10001,-52.003
0,124.4,10010,-52.003
0,124.5,10001,-52.003
0,124.5,10010,-52.003
0,124.6,10001,-52.003
0,124.6,10010,-52.003
0,124.7,10001,-52.003
0,124.7,10010,-52.003
0,124.8,10001,-52.003
0,124.8,10010,-52.003
0,124.9,10001,-52.003
0,124.9,10010,-52.003
0,125.0,10001,-52.003
0,125.0,10010,-52.003
0,125.1,10001,-52.003
0,125.1,10010,-52.003
0,125.2,10001,-52.003
0,125.2,10010,-52.003
0,125.3,10001,-52.003
0,125.3,10010,-52.003
0,125.4,10001,-52.003
0,125.4,10010,-52.003
0,125.5,10001,-52.003
0,125.5,10010,-52.003
0,125.6,10001,-52.003
0,125.6,10010,-52.003
0,125.7,10001,-52.003
0,125.7,10010,-52.003
0,125.8,10001,-52.003
0,125.8,10010,-52.003
0,125.9,10001,-52.003
0,125.9,10010,-52.003
0,126.0,10001,-52.003
0,126.0,10010,-52.003
0,126.1,10001,-52.003
0,126.1,10010,-52.003
0,126.2,10001,-52.003
0,126.2,10010,-52.003
0,126.3,10001,-52.002
0,126.3,10010,-52.003
0,126.4,10001,-52.002
0,126.4,10010,-52.002
0,126.5,10001,-52.002
0,126.5,10010,-52.002
0,126.6,10001,-52.002
0,126.6,10010,-52.002
0,126.7,10001,-52.002
0,126.7,10010,-52.002
0,126.8,10001,-52.002
0,126.8,10010,-52.002
0,126.9,10001,-52.002
0,126.9,10010,-52.002
0,127.0,10001,-52.002
0,127.0,10010,-52.002
0,127.1,10001,-52.002
0,127.1,10010,-52.002
0,127.2,10001,-52.002
0,127.2,10010,-52.002
0,127.3,10001,-52.002
0,127.3,10010,-52.002
0,127.4,10001,-52.002
0,127.4,10010,-52.002
0,127.5,10001,-52.002
0,127.5,10010,-52.002
0,127.6,10001,-52.002
0,127.6,10010,-52.002
0,127.7,10001,-52.002
0,127.7,10010,-52.002
0,127.8,10001,-52.002
0,127.8,10010,-52.002
0,127.9,10001,-52.002
0,127.9,10010,-52.002
0,128.0,10001,-52.002
0,128.0,10010,-52.002
0,128.1,10001,-52.002
0,128.1,10010,-52.002
0,128.2,10001,-52.002
0,128.2,10010,-52.002
0,128.3,10001,-52.002
0,128.3,10010,-52.002
0,128.4,10001,-52.002
0,128.4,10010,-52.002
0,128.5,10001,-52.002
0,128.5,10010,-52.002
0,128.6,10001,-52.002
0,128.6,10010,-52.002
0,128.7,10001,-52.002
0,128.7,10010,-52.002
0,128.8,10001,-52.002
0,128.8,10010,-52.002
0,128.9,10001,-52.002
0,128.9,10010,-52.002
0,129.0,10001,-52.002
0,129.0,10010,-52.002
0,129.1,10001,-52.002
0,129.1,10010,-52.002
0,129.2,10001,-52.002
0,129.2,10010,-52.002
0,129.3,10001,-52.002
0,129.3,10010,-52.002
0,129.4,10001,-52.002
0,129.4,10010,-52.002
0,129.5,10001,-52.002
0,129.5,10010,-52.002
0,129.6,10001,-52.002
0,129.6,10010,-52.002
0,129.7,10001,-52.002
0,129.7,10010,-52.002
0,129.8,10001,-52.002
0,129.8,10010,-52.002
0,129.9,10001,-52.002
0,129.9,10010,-52.002
0,130.0,10001,-52.002
0,130.0,10010,-52.002
0,130.1,10001,-52.002
0,130.1,10010,-52.002
0,130.2,10001,-52.002
0,130.2,10010,-52.002
0,130.3,10001,-52.002
0,130.3,10010,-52.002
0,130.4,10001,-52.002
0,130.4,10010,-52.002
0,130.5,10001,-52.002
0,130.5,10010,-52.002
0,130.6,10001,-52.002
0,130.6,10010,-52.002
0,130.7,10001,-52.002
0,130.7,10010,-52.002
0,130.8,10001,-52.002
0,130.8,10010,-52.002
0,130.9,10001,-52.002
0,130.9,10010,-52.002
0,131.0,10001,-52.002
0,131.0,10010,-52.002
0,131.1,10001,-52.002
0,131.1,10010,-52.002
0,131.2,10001,-52.002
0,131.2,10010,-52.002
0,131.3,10001,-52.002
0,131.3,10010,-52.002
0,131.4,10001,-52.002
0,131.4,10010,-52.002
0,131.5,10001,-52.002
0,131.5,10010,-52.002
0,131.6,10001,-52.002
0,131.6,10010,-52.002
0,131.7,10001,-52.002
0,131.7,10010,-52.002
0,131.8,10001,-52.002
0,131.8,10010,-52.002
0,131.9,10001,-52.002
0,131.9,10010,-52.002
0,132.0,10001,-52.002
0,132.0,10010,-52.002
0,132.1,10001,-52.002
0,132.1,10010,-52.002
0,132.2,10001,-52.002
0,132.2,10010,-52.002
0,132.3,10001,-52.002
0,132.3,10010,-52.002
0,132.4,10001,-52.002
0,132.4,10010,-52.002
0,132.5,10001,-52.002
0,132.5,10010,-52.002
0,132.6,10001,-52.002
0,132.6,10010,-52.002
0,132.7,10001,-52.002
0,132.7,10010,-52.002
0,132.8,10001,-52.002
0,132.8,10010,-52.002
0,132.9,10001,-52.002
0,132.9,10010,-52.002
0,133.0,10001,-52.002
0,133.0,10010,-52.002
0,133.1,10001,-52.002
0,133.1,10010,-52.002
0,133.2,10001,-52.002
0,133.2,10010,-52.002
0,133.3,10001,-52.002
0,133.3,10010,-52.002
0,133.4,10001,-52.002
0,133.4,10010,-52.002
0,133.5,10001,-52.002
0,133.5,10010,-52.002
0,133.6,10001,-52.002
0,133.6,10010,-52.002
0,133.7,10001,-52.002
0,133.7,10010,-52.002
0,133.8,10001,-52.002
0,133.8,10010,-52.002
0,133.9,10001,-52.002
0,133.9,10010,-52.002
0,134.0,10001,-52.002
0,134.0,10010,-52.002
0,134.1,10001,-52.002
0,134.1,10010,-52.002
0,134.2,10001,-52.002
0,134.2,10010,-52.002
0,134.3,10001,-52.002
0,134.3,10010,-52.002
0,134.4,10001,-52.002
0,134.4,10010,-52.002
0,134.5,10001,-52.002
0,134.5,10010,-52.002
0,134.6,10001,-52.002
0,134.6,10010,-52.002
0,134.7,10001,-52.002
0,134.7,10010,-52.002
0,134.8,10001,-52.002
0,134.8,10010,-52.002
0,134.9,10001,-52.002
0,134.9,10010,-52.002
0,135.0,10001,-52.002
0,135.0,10010,-52.002
0,135.1,10001,-52.002
0,135.1,10010,-52.002
0,135.2,10001,-52.002
0,135.2,10010,-52.002
0,135.3,10001,-52.002
0,135.3,10010,-52.002
0,135.4,10001,-52.002
0,135.4,10010,-52.002
0,135.5,10001,-52.002
0,135.5,10010,-52.002
0,135.6,10001,-52.002
0,135.6,10010,-52.002
0,135.7,10001,-52.002
0,135.7,10010,-52.002
0,135.8,10001,-52.002
0,135.8,10010,-52.002
0,135.9,10001,-52.002
0,135.9,10010,-52.002
0,136.0,10001,-52.002
0,136.0,10010,-52.002
0,136.1,10001,-52.002
0,136.1,10010,-52.002
0,136.2,10001,-52.002
0,136.2,10010,-52.002
0,136.3,10001,-52.002
0,136.3,10010,-52.002
0,136.4,10001,-52.002
0,136.4,10010,-52.002
0,136.5,10001,-52.002
0,136.5,10010,-52.002
0,136.6,10001,-52.002
0,136.6,10010,-52.002
0,136.7,10001,-52.002
0,136.7,10010,-52.002
0,136.8,10001,-52.001
0,136.8,10010,-52.002
0,136.9,10001,-52.001
0,136.9,10010,-52.001
0,137.0,10001,-52.001
0,137.0,10010,-52.001
0,137.1,10001,-52.001
0,137.1,10010,-52.001
0,137.2,10001,-52.001
0,137.2,10010,-52.001
0,137.3,10001,-52.001
0,137.3,10010,-52.001
0,137.4,10001,-52.001
0,137.4,10010,-52.001
0,137.5,10001,-52.001
0,137.5,10010,-52.001
0,137.6,10001,-52.001
0,137.6,10010,-52.001
0,137.7,10001,-52.001
0,137.7,10010,-52.001
0,137.8,10001,-52.001
0,137.8,10010,-52.001
0,137.9,10001,-52.001
0,137.9,10010,-52.001
0,138.0,10001,-52.001
0,138.0,10010,-52.001
0,138.1,10001,-52.001
0,138.1,10010,-52.001
0,138.2,10001,-52.001
0,138.2,10010,-52.001
0,138.3,10001,-52.001
0,138.3,10010,-52.001
0,138.4,10001,-52.001
0,138.4,10010,-52.001
0,138.5,10001,-52.001
0,138.5,10010,-52.001
0,138.6,10001,-52.001
0,138.6,10010,-52.001
0,138.7,10001,-52.001
0,138.7,10010,-52.001
0,138.8,10001,-52.001
0,138.8,10010,-52.001
0,138.9,10001,-52.001
0,138.9,10010,-52.001
0,139.0,10001,-52.001
0,139.0,10010,-52.001
0,139.1,10001,-52.001
0,139.1,10010,-52.001
0,139.2,10001,-52.001
0,139.2,10010,-52.001
0,139.3,10001,-52.001
0,139.3,10010,-52.001
0,139.4,10001,-52.001
0,139.4,10010,-52.001
0,139.5,10001,-52.001
0,139.5,10010,-52.001
0,139.6,10001,-52.001
0,139.6,10010,-52.001
0,139.7,10001,-52.001
0,139.7,10010,-52.001
0,139.8,10001,-52.001
0,139.8,10010,-52.001
0,139.9,10001,-52.001
0,139.9,10010,-52.001
0,140.0,10001,-52.001
0,140.0,10010,-52.001
0,140.1,10001,-52.001
0,140.1,10010,-52.001
0,140.2,10001,-52.001
0,140.2,10010,-52.001
0,140.3,10001,-52.001
0,140.3,10010,-52.001
0,140.4,10001,-52.001
0,140.4,10010,-52.001
0,140.5,10001,-52.001
0,140.5,10010,-52.001
0,140.6,10001,-52.001
0,140.6,10010,-52.001
0,140.7,10001,-52.001
0,140.7,10010,-52.001
0,140.8,10001,-52.001
0,140.8,10010,-52.001
0,140.9,10001,-52.001
0,140.9,10010,-52.001
0,141.0,10001,-52.001
0,141.0,10010,-52.001
0,141.1,10001,-52.001
0,141.1,10010,-52.001
0,141.2,10001,-52.001
0,141.2,10010,-52.001
0,141.3,10001,-52.001
0,141.3,10010,-52.001
0,141.4,10001,-52.001
0,141.4,10010,-52.001
0,141.5,10001,-52.001
0,141.5,10010,-52.001
0,141.6,10001,-52.001
0,141.6,10010,-52.001
0,141.7,10001,-52.001
0,141.7,10010,-52.001
0,141.8,10001,-52.001
0,141.8,10010,-52.001
0,141.9,10001,-52.001
0,141.9,10010,-52.001
0,142.0,10001,-52.001
0,142.0,10010,-52.001
0,142.1,10001,-52.001
0,142.1,10010,-52.001
0,142.2,10001,-52.001
0,142.2,10010,-52.001
0,142.3,10001,-52.001
0,142.3,10010,-52.001
0,142.4,10001,-52.001
0,142.4,10010,-52.001
0,142.5,10001,-52.001
0,142.5,10010,-52.001
0,142.6,10001,-52.001
0,142.6,10010,-52.001
0,142.7,10001,-52.001
0,142.7,10010,-52.001
0,142.8,10001,-52.001
0,142.8,10010,-52.001
0,142.9,10001,-52.001
0,142.9,10010,-52.001
0,143.0,10001,-52.001
0,143.0,10010,-52.001
0,143.1,10001,-52.001
0,143.1,10010,-52.001
0,143.2,10001,-52.001
0,143.2,10010,-52.001
0,143.3,10001,-52.001
0,143.3,10010,-52.001
0,143.4,10001,-52.001
0,143.4,10010,-52.001
0,143.5,10001,-52.001
0,143.5,10010,-52.001
0,143.6,10001,-52.001
0,143.6,10010,-52.001
0,143.7,10001,-52.001
0,143.7,10010,-52.001
0,143.8,10001,-52.001
0,143.8,10010,-52.001
0,143.9,10001,-52.001
0,143.9,10010,-52.001
0,144.0,10001,-52.001
0,144.0,10010,-52.001
0,144.1,10001,-52.001
0,144.1,10010,-52.001
0,144.2,10001,-52.001
0,144.2,10010,-52.001
0,144.3,10001,-52.001
0,144.3,10010,-52.001
0,144.4,10001,-52.001
0,144.4,10010,-52.001
0,144.5,10001,-52.001
0,144.5,10010,-52.001
0,144.6,10001,-52.001
0,144.6,10010,-52.001
0,144.7,10001,-52.001
0,144.7,10010,-52.001
0,144.8,10001,-52.001
0,144.8,10010,-52.001
0,144.9,10001,-52.001
0,144.9,10010,-52.001
0,145.0,10001,-52.001
0,145.0,10010,-52.001
0,145.1,10001,-52.001
0,145.1,10010,-52.001
0,145.2,10001,-52.001
0,145.2,10010,-52.001
0,145.3,10001,-52.001
0,145.3,10010,-52.001
0,145.4,10001,-52.001
0,145.4,10010,-52.001
0,145.5,10001,-52.001
0,145.5,10010,-52.001
0,145.6,10001,-52.001
0,145.6,10010,-52.001
0,145.7,10001,-52.001
0,145.7,10010,-52.001
0,145.8,10001,-52.001
0,145.8,10010,-52.001
0,145.9,10001,-52.001
0,145.9,10010,-52.001
0,146.0,10001,-52.001
0,146.0,10010,-52.001
0,146.1,10001,-52.001
0,146.1,10010,-52.001
0,146.2,10001,-52.001
0,146.2,10010,-52.001
0,146.3,10001,-52.001
0,146.3,10010,-52.001
0,146.4,10001,-52.001
0,146.4,10010,-52.001
0,146.5,10001,-52.001
0,146.5,10010,-52.001
0,146.6,10001,-52.001
0,146.6,10010,-52.001
0,146.7,10001,-52.001
0,146.7,10010,-52.001
0,146.8,10001,-52.001
0,146.8,10010,-52.001
0,146.9,10001,-52.001
0,146.9,10010,-52.001
0,147.0,10001,-52.001
0,147.0,10010,-52.001
0,147.1,10001,-52.001
0,147.1,10010,-52.001
0,147.2,10001,-52.001
0,147.2,10010,-52.001
0,147.3,10001,-52.001
0,147.3,10010,-52.001
0,147.4,10001,-52.001
0,147.4,10010,-52.001
0,147.5,10001,-52.001
0,147.5,10010,-52.001
0,147.6,10001,-52.001
0,147.6,10010,-52.001
0,147.7,10001,-52.001
0,147.7,10010,-52.001
0,147.8,10001,-52.001
0,147.8,10010,-52.001
0,147.9,10001,-52.001
0,147.9,10010,-52.001
0,148.0,10001,-52.001
0,148.0,10010,-52.001
0,148.1,10001,-52.001
0,148.1,10010,-52.001
0,148.2,10001,-52.001
0,148.2,10010,-52.001
0,148.3,10001,-52.001
0,148.3,10010,-52.001
0,148.4,10001,-52.001
0,148.4,10010,-52.001
0,148.5,10001,-52.001
0,148.5,10010,-52.001
0,148.6,10001,-52.001
0,148.6,10010,-52.001
0,148.7,10001,-52.001
0,148.7,10010,-52.001
0,148.8,10001,-52.001
0,148.8,10010,-52.001
0,148.9,10001,-52.001
0,148.9,10010,-52.001
0,149.0,10001,-52.001
0,149.0,10010,-52.001
0,149.1,10001,-52.001
0,149.1,10010,-52.001
0,149.2,10001,-52.001
0,149.2,10010,-52.001
0,149.3,10001,-52.001
0,149.3,10010,-52.001
0,149.4,10001,-52.001
0,149.4,10010,-52.001
0,149.5,10001,-52.001
0,149.5,10010,-52.001
0,149.6,10001,-52.001
0,149.6,10010,-52.001
0,149.7,10001,-52.001
0,149.7,10010,-52.001
0,149.8,10001,-52.001
0,149.8,10010,-52.001
0,149.9,10001,-52.001
0,149.9,10010,-52.001
0,150.0,10001,-52.001
0,150.0,10010,-52.001
0,150.1,10001,-52.001
0,150.1,10010,-52.001
0,150.2,10001,-52.001
0,150.2,10010,-52.001
0,150.3,10001,-52.001
0,150.3,10010,-52.001
0,150.4,10001,-52.001
0,150.4,10010,-52.001
0,150.5,10001,-52.001
0,150.5,10010,-52.001
0,150.6,10001,-52.001
0,150.6,10010,-52.001
0,150.7,10001,-52.001
0,150.7,10010,-52.001
0,150.8,10001,-52.001
0,150.8,10010,-52.001
0,150.9,10001,-52.001
0,150.9,10010,-52.001
0,151.0,10001,-52.001
0,151.0,10010,-52.001
0,151.1,10001,-52.001
0,151.1,10010,-52.001
0,151.2,10001,-52.001
0,151.2,10010,-52.001
0,151.3,10001,-52.001
0,151.3,10010,-52.001
0,151.4,10001,-52.001
0,151.4,10010,-52.001
0,151.5,10001,-52.001
0,151.5,10010,-52.001
0,151.6,10001,-52.001
0,151.6,10010,-52.001
0,151.7,10001,-52.001
0,151.7,10010,-52.001
0,151.8,10001,-52.001
0,151.8,10010,-52.001
0,151.9,10001,-52.001
0,151.9,10010,-52.001
0,152.0,10001,-52.001
0,152.0,10010,-52.001
0,152.1,10001,-52.001
0,152.1,10010,-52.001
0,152.2,10001,-52.001
0,152.2,10010,-52.001
0,152.3,10001,-52.001
0,152.3,10010,-52.001
0,152.4,10001,-52.001
0,152.4,10010,-52.001
0,152.5,10001,-52.001
0,152.5,10010,-52.001
0,152.6,10001,-52.001
0,152.6,10010,-52.001
0,152.7,10001,-52.001
0,152.7,10010,-52.001
0,152.8,10001,-52.001
0,152.8,10010,-52.001
0,152.9,10001,-52.001
0,152.9,10010,-52.001
0,153.0,10001,-52.001
0,153.0,10010,-52.001
0,153.1,10001,-52.001
0,153.1,10010,-52.001
0,153.2,10001,-52.001
0,153.2,10010,-52.001
0,153.3,10001,-52.001
0,153.3,10010,-52.001
0,153.4,10001,-52.001
0,153.4,10010,-52.001
0,153.5,10001,-52.001
0,153.5,10010,-52.001
0,153.6,10001,-52.001
0,153.6,10010,-52.001
0,153.7,10001,-52.001
0,153.7,10010,-52.001
0,153.8,10001,-52.001
0,153.8,10010,-52.001
0,153.9,10001,-52.001
0,153.9,10010,-52.001
0,154.0,10001,-52.001
0,154.0,10010,-52.001
0,154.1,10001,-52.001
0,154.1,10010,-52.001
0,154.2,10001,-52.001
0,154.2,10010,-52.001
0,154.3,10001,-52.001
0,154.3,10010,-52.001
0,154.4,10001,-52.001
0,154.4,10010,-52.001
0,154.5,10001,-52.001
0,154.5,10010,-52.001
0,154.6,10001,-52.001
0,154.6,10010,-52.001
0,154.7,10001,-52.001
0,154.7,10010,-52.001
0,154.8,10001,-52.001
0,154.8,10010,-52.001
0,154.9,10001,-52.001
0,154.9,10010,-52.001
0,155.0,10001,-52.001
0,155.0,10010,-52.001
0,155.1,10001,-52.001
0,155.1,10010,-52.001
0,155.2,10001,-52.001
0,155.2,10010,-52.001
0,155.3,10001,-52.001
0,155.3,10010,-52.001
0,155.4,10001,-52.001
0,155.4,10010,-52.001
0,155.5,10001,-52.001
0,155.5,10010,-52.001
0,155.6,10001,-52.001
0,155.6,10010,-52.001
0,155.7,10001,-52.001
0,155.7,10010,-52.001
0,155.8,10001,-52.001
0,155.8,10010,-52.001
0,155.9,10001,-52.001
0,155.9,10010,-52.001
0,156.0,10001,-52.001
0,156.0,10010,-52.001
0,156.1,10001,-52.001
0,156.1,10010,-52.001
0,156.2,10001,-52.001
0,156.2,10010,-52.001
0,156.3,10001,-52.001
0,156.3,10010,-52.001
0,156.4,10001,-52.001
0,156.4,10010,-52.001
0,156.5,10001,-52.001
0,156.5,10010,-52.001
0,156.6,10001,-52.001
0,156.6,10010,-52.001
0,156.7,10001,-52.001
0,156.7,10010,-52.001
0,156.8,10001,-52.001
0,156.8,10010,-52.001
0,156.9,10001,-52.001
0,156.9,10010,-52.001
0,157.0,10001,-52.001
0,157.0,10010,-52.001
0,157.1,10001,-52.001
0,157.1,10010,-52.001
0,157.2,10001,-52.001
0,157.2,10010,-52.001
0,157.3,10001,-52.001
0,157.3,10010,-52.001
0,157.4,10001,-52.001
0,157.4,10010,-52.001
0,157.5,10001,-52.001
0,157.5,10010,-52.001
0,157.6,10001,-52.001
0,157.6,10010,-52.001
0,157.7,10001,-52.001
0,157.7,10010,-52.001
0,157.8,10001,-52.001
0,157.8,10010,-52.001
0,157.9,10001,-52.001
0,157.9,10010,-52.001
0,158.0,10001,-52.001
0,158.0,10010,-52.001
0,158.1,10001,-52.001
0,158.1,10010,-52.001
0,158.2,10001,-52.001
0,158.2,10010,-52.001
0,158.3,10001,-52.001
0,158.3,10010,-52.001
0,158.4,10001,-52.000
0,158.4,10010,-52.001
0,158.5,10001,-52.000
0,158.5,10010,-52.000
0,158.6,10001,-52.000
0,158.6,10010,-52.000
0,158.7,10001,-52.000
0,158.7,10010,-52.000
0,158.8,10001,-52.000
0,158.8,10010,-52.000
0,158.9,10001,-52.000
0,158.9,10010,-52.000
0,159.0,10001,-52.000
0,159.0,10010,-52.000
0,159.1,10001,-52.000
0,159.1,10010,-52.000
0,159.2,10001,-52.000
0,159.2,10010,-52.000
0,159.3,10001,-52.000
0,159.3,10010,-52.000
0,159.4,10001,-52.000
0,159.4,10010,-52.000
0,159.5,10001,-52.000
0,159.5,10010,-52.000
0,159.6,10001,-52.000
0,159.6,10010,-52.000
0,159.7,10001,-52.000
0,159.7,10010,-52.000
0,159.8,10001,-52.000
0,159.8,10010,-52.000
0,159.9,10001,-52.000
0,159.9,10010,-52.000
0,160.0,10001,-52.000
0,160.0,10010,-52.000
0,160.1,10001,-52.000
0,160.1,10010,-52.000
0,160.2,10001,-52.000
0,160.2,10010,-52.000
0,160.3,10001,-52.000
0,160.3,10010,-52.000
0,160.4,10001,-52.000
0,160.4,10010,-52.000
0,160.5,10001,-52.000
0,160.5,10010,-52.000
0,160.6,10001,-52.000
0,160.6,10010,-52.000
0,160.7,10001,-52.000
0,160.7,10010,-52.000
0,160.8,10001,-52.000
0,160.8,10010,-52.000
0,160.9,10001,-52.000
0,160.9,10010,-52.000
0,161.0,10001,-52.000
0,161.0,10010,-52.000
0,161.1,10001,-52.000
0,161.1,10010,-52.000
0,161.2,10001,-52.000
0,161.2,10010,-52.000
0,161.3,10001,-52.000
0,161.3,10010,-52.000
0,161.4,10001,-52.000
0,161.4,10010,-52.000
0,161.5,10001,-52.000
0,161.5,10010,-52.000
0,161.6,10001,-52.000
0,161.6,10010,-52.000
0,161.7,10001,-52.000
0,161.7,10010,-52.000
0,161.8,10001,-52.000
0,161.8,10010,-52.000
0,161.9,10001,-52.000
0,161.9,10010,-52.000
0,162.0,10001,-52.000
0,162.0,10010,-52.000
0,162.1,10001,-52.000
0,162.1,10010,-52.000
0,162.2,10001,-52.000
0,162.2,10010,-52.000
0,162.3,10001,-52.000
0,162.3,10010,-52.000
0,162.4,10001,-52.000
0,162.4,10010,-52.000
0,162.5,10001,-52.000
0,162.5,10010,-52.000
0,162.6,10001,-52.000
0,162.6,10010,-52.000
0,162.7,10001,-52.000
0,162.7,10010,-52.000
0,162.8,10001,-52.000
0,162.8,10010,-52.000
0,162.9,10001,-52.000
0,162.9,10010,-52.000
0,163.0,10001,-52.000
0,163.0,10010,-52.000
0,163.1,10001,-52.000
0,163.1,10010,-52.000
0,163.2,10001,-52.000
0,163.2,10010,-52.000
0,163.3,10001,-52.000
0,163.3,10010,-52.000
0,163.4,10001,-52.000
0,163.4,10010,-52.000
0,163.5,10001,-52.000
0,163.5,10010,-52.000
0,163.6,10001,-52.000
0,163.6,10010,-52.000
0,163.7,10001,-52.000
0,163.7,10010,-52.000
0,163.8,10001,-52.000
0,163.8,10010,-52.000
0,163.9,10001,-52.000
0,163.9,10010,-52.000
0,164.0,10001,-52.000
0,164.0,10010,-52.000
0,164.1,10001,-52.000
0,164.1,10010,-52.000
0,164.2,10001,-52.000
0,164.2,10010,-52.000
0,164.3,10001,-52.000
0,164.3,10010,-52.000
0,164.4,10001,-52.000
0,164.4,10010,-52.000
0,164.5,10001,-52.000
0,164.5,10010,-52.000
0,164.6,10001,-52.000
0,164.6,10010,-52.000
0,164.7,10001,-52.000
0,164.7,10010,-52.000
0,164.8,10001,-52.000
0,164.8,10010,-52.000
0,164.9,10001,-52.000
0,164.9,10010,-52.000
0,165.0,10001,-52.000
0,165.0,10010,-52.000
0,165.1,10001,-52.000
0,165.1,10010,-52.000
0,165.2,10001,-52.000
0,165.2,10010,-52.000
0,165.3,10001,-52.000
0,165.3,10010,-52.000
0,165.4,10001,-52.000
0,165.4,10010,-52.000
0,165.5,10001,-52.000
0,165.5,10010,-52.000
0,165.6,10001,-52.000
0,165.6,10010,-52.000
0,165.7,10001,-52.000
0,165.7,10010,-52.000
0,165.8,10001,-52.000
0,165.8,10010,-52.000
0,165.9,10001,-52.000
0,165.9,10010,-52.000
0,166.0,10001,-52.000
0,166.0,10010,-52.000
0,166.1,10001,-52.000
0,166.1,10010,-52.000
0,166.2,10001,-52.000
0,166.2,10010,-52.000
0,166.3,10001,-52.000
0,166.3,10010,-52.000
0,166.4,10001,-52.000
0,166.4,10010,-52.000
0,166.5,10001,-52.000
0,166.5,10010,-52.000
0,166.6,10001,-52.000
0,166.6,10010,-52.000
0,166.7,10001,-52.000
0,166.7,10010,-52.000
0,166.8,10001,-52.000
0,166.8,10010,-52.000
0,166.9,10001,-52.000
0,166.9,10010,-52.000
0,167.0,10001,-52.000
0,167.0,10010,-52.000
0,167.1,10001,-52.000
0,167.1,10010,-52.000
0,167.2,10001,-52.000
0,167.2,10010,-52.000
0,167.3,10001,-52.000
0,167.3,10010,-52.000
0,167.4,10001,-52.000
0,167.4,10010,-52.000
0,167.5,10001,-52.000
0,167.5,10010,-52.000
0,167.6,10001,-52.000
0,167.6,10010,-52.000
0,167.7,10001,-52.000
0,167.7,10010,-52.000
0,167.8,10001,-52.000
0,167.8,10010,-52.000
0,167.9,10001,-52.000
0,167.9,10010,-52.000
0,168.0,10001,-52.000
0,168.0,10010,-52.000
0,168.1,10001,-52.000
0,168.1,10010,-52.000
0,168.2,10001,-52.000
0,168.2,10010,-52.000
0,168.3,10001,-52.000
0,168.3,10010,-52.000
0,168.4,10001,-52.000
0,168.4,10010,-52.000
0,168.5,10001,-52.000
0,168.5,10010,-52.000
0,168.6,10001,-52.000
0,168.6,10010,-52.000
0,168.7,10001,-52.000
0,168.7,10010,-52.000
0,168.8,10001,-52.000
0,168.8,10010,-52.000
0,168.9,10001,-52.000
0,168.9,10010,-52.000
0,169.0,10001,-52.000
0,169.0,10010,-52.000
0,169.1,10001,-52.000
0,169.1,10010,-52.000
0,169.2,10001,-52.000
0,169.2,10010,-52.000
0,169.3,10001,-52.000
0,169.3,10010,-52.000
0,169.4,10001,-52.000
0,169.4,10010,-52.000
0,169.5,10001,-52.000
0,169.5,10010,-52.000
0,169.6,10001,-52.000
0,169.6,10010,-52.000
0,169.7,10001,-52.000
0,169.7,10010,-52.000
0,169.8,10001,-52.000
0,169.8,10010,-52.000
0,169.9,10001,-52.000
0,169.9,10010,-52.000
0,170.0,10001,-52.000
0,170.0,10010,-52.000
0,170.1,10001,-52.000
0,170.1,10010,-52.000
0,170.2,10001,-52.000
0,170.2,10010,-52.000
0,170.3,10001,-52.000
0,170.3,10010,-52.000
0,170.4,10001,-52.000
0,170.4,10010,-52.000
0,170.5,10001,-52.000
0,170.5,10010,-52.000
0,170.6,10001,-52.000
0,170.6,10010,-52.000
0,170.7,10001,-52.000
0,170.7,10010,-52.000
0,170.8,10001,-52.000
0,170.8,10010,-52.000
0,170.9,10001,-52.000
0,170.9,10010,-52.000
0,171.0,10001,-52.000
0,171.0,10010,-52.000
0,171.1,10001,-52.000
0,171.1,10010,-52.000
0,171.2,10001,-52.000
0,171.2,10010,-52.000
0,171.3,10001,-52.000
0,171.3,10010,-52.000
0,171.4,10001,-52.000
0,171.4,10010,-52.000
0,171.5,10001,-52.000
0,171.5,10010,-52.000
0,171.6,10001,-52.000
0,171.6,10010,-52.000
0,171.7,10001,-52.000
0,171.7,10010,-52.000
0,171.8,10001,-52.000
0,171.8,10010,-52.000
0,171.9,10001,-52.000
0,171.9,10010,-52.000
0,172.0,10001,-52.000
0,172.0,10010,-52.000
0,172.1,10001,-52.000
0,172.1,10010,-52.000
0,172.2,10001,-52.000
0,172.2,10010,-52.000
0,172.3,10001,-52.000
0,172.3,10010,-52.000
0,172.4,10001,-52.000
0,172.4,10010,-52.000
0,172.5,10001,-52.000
0,172.5,10010,-52.000
0,172.6,10001,-52.000
0,172.6,10010,-52.000
0,172.7,10001,-52.000
0,172.7,10010,-52.000
0,172.8,10001,-52.000
0,172.8,10010,-52.000
0,172.9,10001,-52.000
0,172.9,10010,-52.000
0,173.0,10001,-52.000
0,173.0,10010,-52.000
0,173.1,10001,-52.000
0,173.1,10010,-52.000
0,173.2,10001,-52.000
0,173.2,10010,-52.000
0,173.3,10001,-52.000
0,173.3,10010,-52.000
0,173.4,10001,-52.000
0,173.4,10010,-52.000
0,173.5,10001,-52.000
0,173.5,10010,-52.000
0,173.6,10001,-52.000
0,173.6,10010,-52.000
0,173.7,10001,-52.000
0,173.7,10010,-52.000
0,173.8,10001,-52.000
0,173.8,10010,-52.000
0,173.9,10001,-52.000
0,173.9,10010,-52.000
0,174.0,10001,-52.000
0,174.0,10010,-52.000
0,174.1,10001,-52.000
0,174.1,10010,-52.000
0,174.2,10001,-52.000
0,174.2,10010,-52.000
0,174.3,10001,-52.000
0,174.3,10010,-52.000
0,174.4,10001,-52.000
0,174.4,10010,-52.000
0,174.5,10001,-52.000
0,174.5,10010,-52.000
0,174.6,10001,-52.000
0,174.6,10010,-52.000
0,174.7,10001,-52.000
0,174.7,10010,-52.000
0,174.8,10001,-52.000
0,174.8,10010,-52.000
0,174.9,10001,-52.000
0,174.9,10010,-52.000
0,175.0,10001,-52.000
0,175.0,10010,-52.000
0,175.1,10001,-52.000
0,175.1,10010,-52.000
0,175.2,10001,-52.000
0,175.2,10010,-52.000
0,175.3,10001,-52.000
0,175.3,10010,-52.000
0,175.4,10001,-52.000
0,175.4,10010,-52.000
0,175.5,10001,-52.000
0,175.5,10010,-52.000
0,175.6,10001,-52.000
0,175.6,10010,-52.000
0,175.7,10001,-52.000
0,175.7,10010,-52.000
0,175.8,10001,-52.000
0,175.8,10010,-52.000
0,175.9,10001,-52.000
0,175.9,10010,-52.000
0,176.0,10001,-52.000
0,176.0,10010,-52.000
0,176.1,10001,-52.000
0,176.1,10010,-52.000
0,176.2,10001,-52.000
0,176.2,10010,-52.000
0,176.3,10001,-52.000
0,176.3,10010,-52.000
0,176.4,10001,-52.000
0,176.4,10010,-52.000
0,176.5,10001,-52.000
0,176.5,10010,-52.000
0,176.6,10001,-52.000
0,176.6,10010,-52.000
0,176.7,10001,-52.000
0,176.7,10010,-52.000
0,176.8,10001,-52.000
0,176.8,10010,-52.000
0,176.9,10001,-52.000
0,176.9,10010,-52.000
0,177.0,10001,-52.000
0,177.0,10010,-52.000
0,177.1,10001,-52.000
0,177.1,10010,-52.000
0,177.2,10001,-52.000
0,177.2,10010,-52.000
0,177.3,10001,-52.000
0,177.3,10010,-52.000
0,177.4,10001,-52.000
0,177.4,10010,-52.000
0,177.5,10001,-52.000
0,177.5,10010,-52.000
0,177.6,10001,-52.000
0,177.6,10010,-52.000
0,177.7,10001,-52.000
0,177.7,10010,-52.000
0,177.8,10001,-52.000
0,177.8,10010,-52.000
0,177.9,10001,-52.000
0,177.9,10010,-52.000
0,178.0,10001,-52.000
0,178.0,10010,-52.000
0,178.1,10001,-52.000
0,178.1,10010,-52.000
0,178.2,10001,-52.000
0,178.2,10010,-52.000
0,178.3,10001,-52.000
0,178.3,10010,-52.000
0,178.4,10001,-52.000
0,178.4,10010,-52.000
0,178.5,10001,-52.000
0,178.5,10010,-52.000
0,178.6,10001,-52.000
0,178.6,10010,-52.000
0,178.7,10001,-52.000
0,178.7,10010,-52.000
0,178.8,10001,-52.000
0,178.8,10010,-52.000
0,178.9,10001,-52.000
0,178.9,10010,-52.000
0,179.0,10001,-52.000
0,179.0,10010,-52.000
0,179.1,10001,-52.000
0,179.1,10010,-52.000
0,179.2,10001,-52.000
0,179.2,10010,-52.000
0,179.3,10001,-52.000
0,179.3,10010,-52.000
0,179.4,10001,-52.000
0,179.4,10010,-52.000
0,179.5,10001,-52.000
0,179.5,10010,-52.000
0,179.6,10001,-52.000
0,179.6,10010,-52.000
0,179.7,10001,-52.000
0,179.7,10010,-52.000
0,179.8,10001,-52.000
0,179.8,10010,-52.000
0,179.9,10001,-52.000
0,179.9,10010,-52.000
0,180.0,10001,-52.000
0,180.0,10010,-52.000
0,180.1,10001,-52.000
0,180.1,10010,-52.000
0,180.2,10001,-52.000
0,180.2,10010,-52.000
0,180.3,10001,-52.000
0,180.3,10010,-52.000
0,180.4,10001,-52.000
0,180.4,10010,-52.000
0,180.5,10001,-52.000
0,180.5,10010,-52.000
0,180.6,10001,-52.000
0,180.6,10010,-52.000
0,180.7,10001,-52.000
0,180.7,10010,-52.000
0,180.8,10001,-52.000
0,180.8,10010,-52.000
0,180.9,10001,-52.000
0,180.9,10010,-52.000
0,181.0,10001,-52.000
0,181.0,10010,-52.000
0,181.1,10001,-52.000
0,181.1,10010,-52.000
0,181.2,10001,-52.000
0,181.2,10010,-52.000
0,181.3,10001,-52.000
0,181.3,10010,-52.000
0,181.4,10001,-52.000
0,181.4,10010,-52.000
0,181.5,10001,-52.000
0,181.5,10010,-52.000
0,181.6,10001,-52.000
0,181.6,10010,-52.000
0,181.7,10001,-52.000
0,181.7,10010,-52.000
0,181.8,10001,-52.000
0,181.8,10010,-52.000
0,181.9,10001,-52.000
0,181.9,10010,-52.000
0,182.0,10001,-52.000
0,182.0,10010,-52.000
0,182.1,10001,-52.000
0,182.1,10010,-52.000
0,182.2,10001,-52.000
0,182.2,10010,-52.000
0,182.3,10001,-52.000
0,182.3,10010,-52.000
0,182.4,10001,-52.000
0,182.4,10010,-52.000
0,182.5,10001,-52.000
0,182.5,10010,-52.000
0,182.6,10001,-52.000
0,182.6,10010,-52.000
0,182.7,10001,-52.000
0,182.7,10010,-52.000
0,182.8,10001,-52.000
0,182.8,10010,-52.000
0,182.9,10001,-52.000
0,182.9,10010,-52.000
0,183.0,10001,-52.000
0,183.0,10010,-52.000
0,183.1,10001,-52.000
0,183.1,10010,-52.000
0,183.2,10001,-52.000
0,183.2,10010,-52.000
0,183.3,10001,-52.000
0,183.3,10010,-52.000
0,183.4,10001,-52.000
0,183.4,10010,-52.000
0,183.5,10001,-52.000
0,183.5,10010,-52.000
0,183.6,10001,-52.000
0,183.6,10010,-52.000
0,183.7,10001,-52.000
0,183.7,10010,-52.000
0,183.8,10001,-52.000
0,183.8,10010,-52.000
0,183.9,10001,-52.000
0,183.9,10010,-52.000
0,184.0,10001,-52.000
0,184.0,10010,-52.000
0,184.1,10001,-52.000
0,184.1,10010,-52.000
0,184.2,10001,-52.000
0,184.2,10010,-52.000
0,184.3,10001,-52.000
0,184.3,10010,-52.000
0,184.4,10001,-52.000
0,184.4,10010,-52.000
0,184.5,10001,-52.000
0,184.5,10010,-52.000
0,184.6,10001,-52.000
0,184.6,10010,-52.000
0,184.7,10001,-52.000
0,184.7,10010,-52.000
0,184.8,10001,-52.000
0,184.8,10010,-52.000
0,184.9,10001,-52.000
0,184.9,10010,-52.000
0,185.0,10001,-52.000
0,185.0,10010,-52.000
0,185.1,10001,-52.000
0,185.1,10010,-52.000
0,185.2,10001,-52.000
0,185.2,10010,-52.000
0,185.3,10001,-52.000
0,185.3,10010,-52.000
0,185.4,10001,-52.000
0,185.4,10010,-52.000
0,185.5,10001,-52.000
0,185.5,10010,-52.000
0,185.6,10001,-52.000
0,185.6,10010,-52.000
0,185.7,10001,-52.000
0,185.7,10010,-52.000
0,185.8,10001,-52.000
0,185.8,10010,-52.000
0,185.9,10001,-52.000
0,185.9,10010,-52.000
0,186.0,10001,-52.000
0,186.0,10010,-52.000
0,186.1,10001,-52.000
0,186.1,10010,-52.000
0,186.2,10001,-52.000
0,186.2,10010,-52.000
0,186.3,10001,-52.000
0,186.3,10010,-52.000
0,186.4,10001,-52.000
0,186.4,10010,-52.000
0,186.5,10001,-52.000
0,186.5,10010,-52.000
0,186.6,10001,-52.000
0,186.6,10010,-52.000
0,186.7,10001,-52.000
0,186.7,10010,-52.000
0,186.8,10001,-52.000
0,186.8,10010,-52.000
0,186.9,10001,-52.000
0,186.9,10010,-52.000
0,187.0,10001,-52.000
0,187.0,10010,-52.000
0,187.1,10001,-52.000
0,187.1,10010,-52.000
0,187.2,10001,-52.000
0,187.2,10010,-52.000
0,187.3,10001,-52.000
0,187.3,10010,-52.000
0,187.4,10001,-52.000
0,187.4,10010,-52.000
0,187.5,10001,-52.000
0,187.5,10010,-52.000
0,187.6,10001,-52.000
0,187.6,10010,-52.000
0,187.7,10001,-52.000
0,187.7,10010,-52.000
0,187.8,10001,-52.000
0,187.8,10010,-52.000
0,187.9,10001,-52.000
0,187.9,10010,-52.000
0,188.0,10001,-52.000
0,188.0,10010,-52.000
0,188.1,10001,-52.000
0,188.1,10010,-52.000
0,188.2,10001,-52.000
0,188.2,10010,-52.000
0,188.3,10001,-52.000
0,188.3,10010,-52.000
0,188.4,10001,-52.000
0,188.4,10010,-52.000
0,188.5,10001,-52.000
0,188.5,10010,-52.000
0,188.6,10001,-52.000
0,188.6,10010,-52.000
0,188.7,10001,-52.000
0,188.7,10010,-52.000
0,188.8,10001,-52.000
0,188.8,10010,-52.000
0,188.9,10001,-52.000
0,188.9,10010,-52.000
0,189.0,10001,-52.000
0,189.0,10010,-52.000
0,189.1,10001,-52.000
0,189.1,10010,-52.000
0,189.2,10001,-52.000
0,189.2,10010,-52.000
0,189.3,10001,-52.000
0,189.3,10010,-52.000
0,189.4,10001,-52.000
0,189.4,10010,-52.000
0,189.5,10001,-52.000
0,189.5,10010,-52.000
0,189.6,10001,-52.000
0,189.6,10010,-52.000
0,189.7,10001,-52.000
0,189.7,10010,-52.000
0,189.8,10001,-52.000
0,189.8,10010,-52.000
0,189.9,10001,-52.000
0,189.9,10010,-52.000
0,190.0,10001,-52.000
0,190.0,10010,-52.000
0,190.1,10001,-52.000
0,190.1,10010,-52.000
0,190.2,10001,-52.000
0,190.2,10010,-52.000
0,190.3,10001,-52.000
0,190.3,10010,-52.000
0,190.4,10001,-52.000
0,190.4,10010,-52.000
0,190.5,10001,-52.000
0,190.5,10010,-52.000
0,190.6,10001,-52.000
0,190.6,10010,-52.000
0,190.7,10001,-52.000
0,190.7,10010,-52.000
0,190.8,10001,-52.000
0,190.8,10010,-52.000
0,190.9,10001,-52.000
0,190.9,10010,-52.000
0,191.0,10001,-52.000
0,191.0,10010,-52.000
0,191.1,10001,-52.000
0,191.1,10010,-52.000
0,191.2,10001,-52.000
0,191.2,10010,-52.000
0,191.3,10001,-52.000
0,191.3,10010,-52.000
0,191.4,10001,-52.000
0,191.4,10010,-52.000
0,191.5,10001,-52.000
0,191.5,10010,-52.000
0,191.6,10001,-52.000
0,191.6,10010,-52.000
0,191.7,10001,-52.000
0,191.7,10010,-52.000
0,191.8,10001,-52.000
0,191.8,10010,-52.000
0,191.9,10001,-52.000
0,191.9,10010,-52.000
0,192.0,10001,-52.000
0,192.0,10010,-52.000
0,192.1,10001,-52.000
0,192.1,10010,-52.000
0,192.2,10001,-52.000
0,192.2,10010,-52.000
0,192.3,10001,-52.000
0,192.3,10010,-52.000
0,192.4,10001,-52.000
0,192.4,10010,-52.000
0,192.5,10001,-52.000
0,192.5,10010,-52.000
0,192.6,10001,-52.000
0,192.6,10010,-52.000
0,192.7,10001,-52.000
0,192.7,10010,-52.000
0,192.8,10001,-52.000
0,192.8,10010,-52.000
0,192.9,10001,-52.000
0,192.9,10010,-52.000
0,193.0,10001,-52.000
0,193.0,10010,-52.000
0,193.1,10001,-52.000
0,193.1,10010,-52.000
0,193.2,10001,-52.000
0,193.2,10010,-52.000
0,193.3,10001,-52.000
0,193.3,10010,-52.000
0,193.4,10001,-52.000
0,193.4,10010,-52.000
0,193.5,10001,-52.000
0,193.5,10010,-52.000
0,193.6,10001,-52.000
0,193.6,10010,-52.000
0,193.7,10001,-52.000
0,193.7,10010,-52.000
0,193.8,10001,-52.000
0,193.8,10010,-52.000
0,193.9,10001,-52.000
0,193.9,10010,-52.000
0,194.0,10001,-52.000
0,194.0,10010,-52.000
0,194.1,10001,-52.000
0,194.1,10010,-52.000
0,194.2,10001,-52.000
0,194.2,10010,-52.000
0,194.3,10001,-52.000
0,194.3,10010,-52.000
0,194.4,10001,-52.000
0,194.4,10010,-52.000
0,194.5,10001,-52.000
0,194.5,10010,-52.000
0,194.6,10001,-52.000
0,194.6,10010,-52.000
0,194.7,10001,-52.000
0,194.7,10010,-52.000
0,194.8,10001,-52.000
0,194.8,10010,-52.000
0,194.9,10001,-52.000
0,194.9,10010,-52.000
0,195.0,10001,-52.000
0,195.0,10010,-52.000
0,195.1,10001,-52.000
0,195.1,10010,-52.000
0,195.2,10001,-52.000
0,195.2,10010,-52.000
0,195.3,10001,-52.000
0,195.3,10010,-52.000
0,195.4,10001,-52.000
0,195.4,10010,-52.000
0,195.5,10001,-52.000
0,195.5,10010,-52.000
0,195.6,10001,-52.000
0,195.6,10010,-52.000
0,195.7,10001,-52.000
0,195.7,10010,-52.000
0,195.8,10001,-52.000
0,195.8,10010,-52.000
0,195.9,10001,-52.000
0,195.9,10010,-52.000
0,196.0,10001,-52.000
0,196.0,10010,-52.000
0,196.1,10001,-52.000
0,196.1,10010,-52.000
0,196.2,10001,-52.000
0,196.2,10010,-52.000
0,196.3,10001,-52.000
0,196.3,10010,-52.000
0,196.4,10001,-52.000
0,196.4,10010,-52.000
0,196.5,10001,-52.000
0,196.5,10010,-52.000
0,196.6,10001,-52.000
0,196.6,10010,-52.000
0,196.7,10001,-52.000
0,196.7,10010,-52.000
0,196.8,10001,-52.000
0,196.8,10010,-52.000
0,196.9,10001,-52.000
0,196.9,10010,-52.000
0,197.0,10001,-52.000
0,197.0,10010,-52.000
0,197.1,10001,-52.000
0,197.1,10010,-52.000
0,197.2,10001,-52.000
0,197.2,10010,-52.000
0,197.3,10001,-52.000
0,197.3,10010,-52.000
0,197.4,10001,-52.000
0,197.4,10010,-52.000
0,197.5,10001,-52.000
0,197.5,10010,-52.000
0,197.6,10001,-52.000
0,197.6,10010,-52.000
0,197.7,10001,-52.000
0,197.7,10010,-52.000
0,197.8,10001,-52.000
0,197.8,10010,-52.000
0,197.9,10001,-52.000
0,197.9,10010,-52.000
0,198.0,10001,-52.000
0,198.0,10010,-52.000
0,198.1,10001,-52.000
0,198.1,10010,-52.000
0,198.2,10001,-52.000
0,198.2,10010,-52.000
0,198.3,10001,-52.000
0,198.3,10010,-52.000
0,198.4,10001,-52.000
0,198.4,10010,-52.000
0,198.5,10001,-52.000
0,198.5,10010,-52.000
0,198.6,10001,-52.000
0,198.6,10010,-52.000
0,198.7,10001,-52.000
0,198.7,10010,-52.000
0,198.8,10001,-52.000
0,198.8,10010,-52.000
0,198.9,10001,-52.000
0,198.9,10010,-52.000
0,199.0,10001,-52.000
0,199.0,10010,-52.000
0,199.1,10001,-52.000
0,199.1,10010,-52.000
0,199.2,10001,-52.000
0,199.2,10010,-52.000
0,199.3,10001,-52.000
0,199.3,10010,-52.000
0,199.4,10001,-52.000
0,199.4,10010,-52.000
0,199.5,10001,-52.000
0,199.5,10010,-52.000
0,199.6,10001,-52.000
0,199.6,10010,-52.000
0,199.7,10001,-52.000
0,199.7,10010,-52.000
0,199.8,10001,-52.000
0,199.8,10010,-52.000
0,199.9,10001,-52.000
0,199.9,10010,-52.000
0,200.0,10001,-52.000
0,200.0,10010,-52.000
0,200.1,10001,-52.000
0,200.1,10010,-52.000
0,200.2,10001,-52.000
0,200.2,10010,-52.000
0,200.3,10001,-52.000
0,200.3,10010,-52.000
0,200.4,10001,-52.000
0,200.4,10010,-52.000
0,200.5,10001,-52.000
0,200.5,10010,-52.000
0,200.6,10001,-52.000
0,200.6,10010,-52.000
0,200.7,10001,-52.000
0,200.7,10010,-52.000
0,200.8,10001,-52.000
0,200.8,10010,-52.000
0,200.9,10001,-52.000
0,200.9,10010,-52.000
0,201.0,10001,-52.000
0,201.0,10010,-52.000
0,201.1,10001,-52.000
0,201.1,10010,-52.000
0,201.2,10001,-52.000
0,201.2,10010,-52.000
0,201.3,10001,-52.000
0,201.3,10010,-52.000
0,201.4,10001,-52.000
0,201.4,10010,-52.000
0,201.5,10001,-52.000
0,201.5,10010,-52.000
0,201.6,10001,-52.000
0,201.6,10010,-52.000
0,201.7,10001,-52.000
0,201.7,10010,-52.000
0,201.8,10001,-52.000
0,201.8,10010,-52.000
0,201.9,10001,-52.000
0,201.9,10010,-52.000
0,202.0,10001,-52.000
0,202.0,10010,-52.000
0,202.1,10001,-52.000
0,202.1,10010,-52.000
0,202.2,10001,-52.000
0,202.2,10010,-52.000
0,202.3,10001,-52.000
0,202.3,10010,-52.000
0,202.4,10001,-52.000
0,202.4,10010,-52.000
0,202.5,10001,-52.000
0,202.5,10010,-52.000
0,202.6,10001,-52.000
0,202.6,10010,-52.000
0,202.7,10001,-52.000
0,202.7,10010,-52.000
0,202.8,10001,-52.000
0,202.8,10010,-52.000
0,202.9,10001,-52.000
0,202.9,10010,-52.000
0,203.0,10001,-52.000
0,203.0,10010,-52.000
0,203.1,10001,-52.000
0,203.1,10010,-52.000
0,203.2,10001,-52.000
0,203.2,10010,-52.000
0,203.3,10001,-52.000
0,203.3,10010,-52.000
0,203.4,10001,-52.000
0,203.4,10010,-52.000
0,203.5,10001,-52.000
0,203.5,10010,-52.000
0,203.6,10001,-52.000
0,203.6,10010,-52.000
0,203.7,10001,-52.000
0,203.7,10010,-52.000
0,203.8,10001,-52.000
0,203.8,10010,-52.000
0,203.9,10001,-52.000
0,203.9,10010,-52.000
0,204.0,10001,-52.000
0,204.0,10010,-52.000
0,204.1,10001,-52.000
0,204.1,10010,-52.000
0,204.2,10001,-52.000
0,204.2,10010,-52.000
0,204.3,10001,-52.000
0,204.3,10010,-52.000
0,204.4,10001,-52.000
0,204.4,10010,-52.000
0,204.5,10001,-52.000
0,204.5,10010,-52.000
0,204.6,10001,-52.000
0,204.6,10010,-52.000
0,204.7,10001,-52.000
0,204.7,10010,-52.000
0,204.8,10001,-52.000
0,204.8,10010,-52.000
0,204.9,10001,-52.000
0,204.9,10010,-52.000
0,205.0,10001,-52.000
0,205.0,10010,-52.000
0,205.1,10001,-52.000
0,205.1,10010,-52.000
0,205.2,10001,-52.000
0,205.2,10010,-52.000
0,205.3,10001,-52.000
0,205.3,10010,-52.000
0,205.4,10001,-52.000
0,205.4,10010,-52.000
0,205.5,10001,-52.000
0,205.5,10010,-52.000
0,205.6,10001,-52.000
0,205.6,10010,-52.000
0,205.7,10001,-52.000
0,205.7,10010,-52.000
0,205.8,10001,-52.000
0,205.8,10010,-52.000
0,205.9,10001,-52.000
0,205.9,10010,-52.000
0,206.0,10001,-52.000
0,206.0,10010,-52.000
0,206.1,10001,-52.000
0,206.1,10010,-52.000
0,206.2,10001,-52.000
0,206.2,10010,-52.000
0,206.3,10001,-52.000
0,206.3,10010,-52.000
0,206.4,10001,-52.000
0,206.4,10010,-52.000
0,206.5,10001,-52.000
0,206.5,10010,-52.000
0,206.6,10001,-52.000
0,206.6,10010,-52.000
0,206.7,10001,-52.000
0,206.7,10010,-52.000
0,206.8,10001,-52.000
0,206.8,10010,-52.000
0,206.9,10001,-52.000
0,206.9,10010,-52.000
0,207.0,10001,-52.000
0,207.0,10010,-52.000
0,207.1,10001,-52.000
0,207.1,10010,-52.000
0,207.2,10001,-52.000
0,207.2,10010,-52.000
0,207.3,10001,-52.000
0,207.3,10010,-52.000
0,207.4,10001,-52.000
0,207.4,10010,-52.000
0,207.5,10001,-52.000
0,207.5,10010,-52.000
0,207.6,10001,-52.000
0,207.6,10010,-52.000
0,207.7,10001,-52.000
0,207.7,10010,-52.000
0,207.8,10001,-52.000
0,207.8,10010,-52.000
0,207.9,10001,-52.000
0,207.9,10010,-52.000
0,208.0,10001,-52.000
0,208.0,10010,-52.000
0,208.1,10001,-52.000
0,208.1,10010,-52.000
0,208.2,10001,-52.000
0,208.2,10010,-52.000
0,208.3,10001,-52.000
0,208.3,10010,-52.000
0,208.4,10001,-52.000
0,208.4,10010,-52.000
0,208.5,10001,-52.000
0,208.5,10010,-52.000
0,208.6,10001,-52.000
0,208.6,10010,-52.000
0,208.7,10001,-52.000
0,208.7,10010,-52.000
0,208.8,10001,-52.000
0,208.8,10010,-52.000
0,208.9,10001,-52.000
0,208.9,10010,-52.000
0,209.0,10001,-52.000
0,209.0,10010,-52.000
0,209.1,10001,-52.000
0,209.1,10010,-52.000
0,209.2,10001,-52.000
0,209.2,10010,-52.000
0,209.3,10001,-52.000
0,209.3,10010,-52.000
0,209.4,10001,-52.000
0,209.4,10010,-52.000
0,209.5,10001,-52.000
0,209.5,10010,-52.000
0,209.6,10001,-52.000
0,209.6,10010,-52.000
0,209.7,10001,-52.000
0,209.7,10010,-52.000
0,209.8,10001,-52.000
0,209.8,10010,-52.000
0,209.9,10001,-52.000
0,209.9,10010,-52.000
0,210.0,10001,-52.000
0,210.0,10010,-52.000
0,210.1,10001,-52.000
0,210.1,10010,-52.000
0,210.2,10001,-52.000
0,210.2,10010,-52.000
0,210.3,10001,-52.000
0,210.3,10010,-52.000
0,210.4,10001,-52.000
0,210.4,10010,-52.000
0,210.5,10001,-52.000
0,210.5,10010,-52.000
0,210.6,10001,-52.000
0,210.6,10010,-52.000
0,210.7,10001,-52.000
0,210.7,10010,-52.000
0,210.8,10001,-52.000
0,210.8,10010,-52.000
0,210.9,10001,-52.000
0,210.9,10010,-52.000
0,211.0,10001,-52.000
0,211.0,10010,-52.000
0,211.1,10001,-52.000
0,211.1,10010,-52.000
0,211.2,10001,-52.000
0,211.2,10010,-52.000
0,211.3,10001,-52.000
0,211.3,10010,-52.000
0,211.4,10001,-52.000
0,211.4,10010,-52.000
0,211.5,10001,-52.000
0,211.5,10010,-52.000
0,211.6,10001,-52.000
0,211.6,10010,-52.000
0,211.7,10001,-52.000
0,211.7,10010,-52.000
0,211.8,10001,-52.000
0,211.8,10010,-52.000
0,211.9,10001,-52.000
0,211.9,10010,-52.000
0,212.0,10001,-52.000
0,212.0,10010,-52.000
0,212.1,10001,-52.000
0,212.1,10010,-52.000
0,212.2,10001,-52.000
0,212.2,10010,-52.000
0,212.3,10001,-52.000
0,212.3,10010,-52.000
0,212.4,10001,-52.000
0,212.4,10010,-52.000
0,212.5,10001,-52.000
0,212.5,10010,-52.000
0,212.6,10001,-52.000
0,212.6,10010,-52.000
0,212.7,10001,-52.000
0,212.7,10010,-52.000
0,212.8,10001,-52.000
0,212.8,10010,-52.000
0,212.9,10001,-52.000
0,212.9,10010,-52.000
0,213.0,10001,-52.000
0,213.0,10010,-52.000
0,213.1,10001,-52.000
0,213.1,10010,-52.000
0,213.2,10001,-52.000
0,213.2,10010,-52.000
0,213.3,10001,-52.000
0,213.3,10010,-52.000
0,213.4,10001,-52.000
0,213.4,10010,-52.000
0,213.5,10001,-52.000
0,213.5,10010,-52.000
0,213.6,10001,-52.000
0,213.6,10010,-52.000
0,213.7,10001,-52.000
0,213.7,10010,-52.000
0,213.8,10001,-52.000
0,213.8,10010,-52.000
0,213.9,10001,-52.000
0,213.9,10010,-52.000
0,214.0,10001,-52.000
0,214.0,10010,-52.000
0,214.1,10001,-52.000
0,214.1,10010,-52.000
0,214.2,10001,-52.000
0,214.2,10010,-52.000
0,214.3,10001,-52.000
0,214.3,10010,-52.000
0,214.4,10001,-52.000
0,214.4,10010,-52.000
0,214.5,10001,-52.000
0,214.5,10010,-52.000
0,214.6,10001,-52.000
0,214.6,10010,-52.000
0,214.7,10001,-52.000
0,214.7,10010,-52.000
0,214.8,10001,-52.000
0,214.8,10010,-52.000
0,214.9,10001,-52.000
0,214.9,10010,-52.000
0,215.0,10001,-52.000
0,215.0,10010,-52.000
0,215.1,10001,-52.000
0,215.1,10010,-52.000
0,215.2,10001,-52.000
0,215.2,10010,-52.000
0,215.3,10001,-52.000
0,215.3,10010,-52.000
0,215.4,10001,-52.000
0,215.4,10010,-52.000
0,215.5,10001,-52.000
0,215.5,10010,-52.000
0,215.6,10001,-52.000
0,215.6,10010,-52.000
0,215.7,10001,-52.000
0,215.7,10010,-52.000
0,215.8,10001,-52.000
0,215.8,10010,-52.000
0,215.9,10001,-52.000
0,215.9,10010,-52.000
0,216.0,10001,-52.000
0,216.0,10010,-52.000
0,216.1,10001,-52.000
0,216.1,10010,-52.000
0,216.2,10001,-52.000
0,216.2,10010,-52.000
0,216.3,10001,-52.000
0,216.3,10010,-52.000
0,216.4,10001,-52.000
0,216.4,10010,-52.000
0,216.5,10001,-52.000
0,216.5,10010,-52.000
0,216.6,10001,-52.000
0,216.6,10010,-52.000
0,216.7,10001,-52.000
0,216.7,10010,-52.000
0,216.8,10001,-52.000
0,216.8,10010,-52.000
0,216.9,10001,-52.000
0,216.9,10010,-52.000
0,217.0,10001,-52.000
0,217.0,10010,-52.000
0,217.1,10001,-52.000
0,217.1,10010,-52.000
0,217.2,10001,-52.000
0,217.2,10010,-52.000
0,217.3,10001,-52.000
0,217.3,10010,-52.000
0,217.4,10001,-52.000
0,217.4,10010,-52.000
0,217.5,10001,-52.000
0,217.5,10010,-52.000
0,217.6,10001,-52.000
0,217.6,10010,-52.000
0,217.7,10001,-52.000
0,217.7,10010,-52.000
0,217.8,10001,-52.000
0,217.8,10010,-52.000
0,217.9,10001,-52.000
0,217.9,10010,-52.000
0,218.0,10001,-52.000
0,218.0,10010,-52.000
0,218.1,10001,-52.000
0,218.1,10010,-52.000
0,218.2,10001,-52.000
0,218.2,10010,-52.000
0,218.3,10001,-52.000
0,218.3,10010,-52.000
0,218.4,10001,-52.000
0,218.4,10010,-52.000
0,218.5,10001,-52.000
0,218.5,10010,-52.000
0,218.6,10001,-52.000
0,218.6,10010,-52.000
0,218.7,10001,-52.000
0,218.7,10010,-52.000
0,218.8,10001,-52.000
0,218.8,10010,-52.000
0,218.9,10001,-52.000
0,218.9,10010,-52.000
0,219.0,10001,-52.000
0,219.0,10010,-52.000
0,219.1,10001,-52.000
0,219.1,10010,-52.000
0,219.2,10001,-52.000
0,219.2,10010,-52.000
0,219.3,10001,-52.000
0,219.3,10010,-52.000
0,219.4,10001,-52.000
0,219.4,10010,-52.000
0,219.5,10001,-52.000
0,219.5,10010,-52.000
0,219.6,10001,-52.000
0,219.6,10010,-52.000
0,219.7,10001,-52.000
0,219.7,10010,-52.000
0,219.8,10001,-52.000
0,219.8,10010,-52.000
0,219.9,10001,-52.000
0,219.9,10010,-52.000
0,220.0,10001,-52.000
0,220.0,10010,-52.000
0,220.1,10001,-52.000
0,220.1,10010,-52.000
0,220.2,10001,-52.000
0,220.2,10010,-52.000
0,220.3,10001,-52.000
0,220.3,10010,-52.000
0,220.4,10001,-52.000
0,220.4,10010,-52.000
0,220.5,10001,-52.000
0,220.5,10010,-52.000
0,220.6,10001,-52.000
0,220.6,10010,-52.000
0,220.7,10001,-52.000
0,220.7,10010,-52.000
0,220.8,10001,-52.000
0,220.8,10010,-52.000
0,220.9,10001,-52.000
0,220.9,10010,-52.000
0,221.0,10001,-52.000
0,221.0,10010,-52.000
0,221.1,10001,-52.000
0,221.1,10010,-52.000
0,221.2,10001,-52.000
0,221.2,10010,-52.000
0,221.3,10001,-52.000
0,221.3,10010,-52.000
0,221.4,10001,-52.000
0,221.4,10010,-52.000
0,221.5,10001,-52.000
0,221.5,10010,-52.000
0,221.6,10001,-52.000
0,221.6,10010,-52.000
0,221.7,10001,-52.000
0,221.7,10010,-52.000
0,221.8,10001,-52.000
0,221.8,10010,-52.000
0,221.9,10001,-52.000
0,221.9,10010,-52.000
0,222.0,10001,-52.000
0,222.0,10010,-52.000
0,222.1,10001,-52.000
0,222.1,10010,-52.000
0,222.2,10001,-52.000
0,222.2,10010,-52.000
0,222.3,10001,-52.000
0,222.3,10010,-52.000
0,222.4,10001,-52.000
0,222.4,10010,-52.000
0,222.5,10001,-52.000
0,222.5,10010,-52.000
0,222.6,10001,-52.000
0,222.6,10010,-52.000
0,222.7,10001,-52.000
0,222.7,10010,-52.000
0,222.8,10001,-52.000
0,222.8,10010,-52.000
0,222.9,10001,-52.000
0,222.9,10010,-52.000
0,223.0,10001,-52.000
0,223.0,10010,-52.000
0,223.1,10001,-52.000
0,223.1,10010,-52.000
0,223.2,10001,-52.000
0,223.2,10010,-52.000
0,223.3,10001,-52.000
0,223.3,10010,-52.000
0,223.4,10001,-52.000
0,223.4,10010,-52.000
0,223.5,10001,-52.000
0,223.5,10010,-52.000
0,223.6,10001,-52.000
0,223.6,10010,-52.000
0,223.7,10001,-52.000
0,223.7,10010,-52.000
0,223.8,10001,-52.000
0,223.8,10010,-52.000
0,223.9,10001,-52.000
0,223.9,10010,-52.000
0,224.0,10001,-52.000
0,224.0,10010,-52.000
0,224.1,10001,-52.000
0,224.1,10010,-52.000
0,224.2,10001,-52.000
0,224.2,10010,-52.000
0,224.3,10001,-52.000
0,224.3,10010,-52.000
0,224.4,10001,-52.000
0,224.4,10010,-52.000
0,224.5,10001,-52.000
0,224.5,10010,-52.000
0,224.6,10001,-52.000
0,224.6,10010,-52.000
0,224.7,10001,-52.000
0,224.7,10010,-52.000
0,224.8,10001,-52.000
0,224.8,10010,-52.000
0,224.9,10001,-52.000
0,224.9,10010,-52.000
0,225.0,10001,-52.000
0,225.0,10010,-52.000
0,225.1,10001,-52.000
0,225.1,10010,-52.000
0,225.2,10001,-52.000
0,225.2,10010,-52.000
0,225.3,10001,-52.000
0,225.3,10010,-52.000
0,225.4,10001,-52.000
0,225.4,10010,-52.000
0,225.5,10001,-52.000
0,225.5,10010,-52.000
0,225.6,10001,-52.000
0,225.6,10010,-52.000
0,225.7,10001,-52.000
0,225.7,10010,-52.000
0,225.8,10001,-52.000
0,225.8,10010,-52.000
0,225.9,10001,-52.000
0,225.9,10010,-52.000
0,226.0,10001,-52.000
0,226.0,10010,-52.000
0,226.1,10001,-52.000
0,226.1,10010,-52.000
0,226.2,10001,-52.000
0,226.2,10010,-52.000
0,226.3,10001,-52.000
0,226.3,10010,-52.000
0,226.4,10001,-52.000
0,226.4,10010,-52.000
0,226.5,10001,-52.000
0,226.5,10010,-52.000
0,226.6,10001,-52.000
0,226.6,10010,-52.000
0,226.7,10001,-52.000
0,226.7,10010,-52.000
0,226.8,10001,-52.000
0,226.8,10010,-52.000
0,226.9,10001,-52.000
0,226.9,10010,-52.000
0,227.0,10001,-52.000
0,227.0,10010,-52.000
0,227.1,10001,-52.000
0,227.1,10010,-52.000
0,227.2,10001,-52.000
0,227.2,10010,-52.000
0,227.3,10001,-52.000
0,227.3,10010,-52.000
0,227.4,10001,-52.000
0,227.4,10010,-52.000
0,227.5,10001,-52.000
0,227.5,10010,-52.000
0,227.6,10001,-52.000
0,227.6,10010,-52.000
0,227.7,10001,-52.000
0,227.7,10010,-52.000
0,227.8,10001,-52.000
0,227.8,10010,-52.000
0,227.9,10001,-52.000
0,227.9,10010,-52.000
0,228.0,10001,-52.000
0,228.0,10010,-52.000
0,228.1,10001,-52.000
0,228.1,10010,-52.000
0,228.2,10001,-52.000
0,228.2,10010,-52.000
0,228.3,10001,-52.000
0,228.3,10010,-52.000
0,228.4,10001,-52.000
0,228.4,10010,-52.000
0,228.5,10001,-52.000
0,228.5,10010,-52.000
0,228.6,10001,-52.000
0,228.6,10010,-52.000
0,228.7,10001,-52.000
0,228.7,10010,-52.000
0,228.8,10001,-52.000
0,228.8,10010,-52.000
0,228.9,10001,-52.000
0,228.9,10010,-52.000
0,229.0,10001,-52.000
0,229.0,10010,-52.000
0,229.1,10001,-52.000
0,229.1,10010,-52.000
0,229.2,10001,-52.000
0,229.2,10010,-52.000
0,229.3,10001,-52.000
0,229.3,10010,-52.000
0,229.4,10001,-52.000
0,229.4,10010,-52.000
0,229.5,10001,-52.000
0,229.5,10010,-52.000
0,229.6,10001,-52.000
0,229.6,10010,-52.000
0,229.7,10001,-52.000
0,229.7,10010,-52.000
0,229.8,10001,-52.000
0,229.8,10010,-52.000
0,229.9,10001,-52.000
0,229.9,10010,-52.000
0,230.0,10001,-52.000
0,230.0,10010,-52.000
0,230.1,10001,-52.000
0,230.1,10010,-52.000
0,230.2,10001,-52.000
0,230.2,10010,-52.000
0,230.3,10001,-52.000
0,230.3,10010,-52.000
0,230.4,10001,-52.000
0,230.4,10010,-52.000
0,230.5,10001,-52.000
0,230.5,10010,-52.000
0,230.6,10001,-52.000
0,230.6,10010,-52.000
0,230.7,10001,-52.000
0,230.7,10010,-52.000
0,230.8,10001,-52.000
0,230.8,10010,-52.000
0,230.9,10001,-52.000
0,230.9,10010,-52.000
0,231.0,10001,-52.000
0,231.0,10010,-52.000
0,231.1,10001,-52.000
0,231.1,10010,-52.000
0,231.2,10001,-52.000
0,231.2,10010,-52.000
0,231.3,10001,-52.000
0,231.3,10010,-52.000
0,231.4,10001,-52.000
0,231.4,10010,-52.000
0,231.5,10001,-52.000
0,231.5,10010,-52.000
0,231.6,10001,-52.000
0,231.6,10010,-52.000
0,231.7,10001,-52.000
0,231.7,10010,-52.000
0,231.8,10001,-52.000
0,231.8,10010,-52.000
0,231.9,10001,-52.000
0,231.9,10010,-52.000
0,232.0,10001,-52.000
0,232.0,10010,-52.000
0,232.1,10001,-52.000
0,232.1,10010,-52.000
0,232.2,10001,-52.000
0,232.2,10010,-52.000
0,232.3,10001,-52.000
0,232.3,10010,-52.000
0,232.4,10001,-52.000
0,232.4,10010,-52.000
0,232.5,10001,-52.000
0,232.5,10010,-52.000
0,232.6,10001,-52.000
0,232.6,10010,-52.000
0,232.7,10001,-52.000
0,232.7,10010,-52.000
0,232.8,10001,-52.000
0,232.8,10010,-52.000
0,232.9,10001,-52.000
0,232.9,10010,-52.000
0,233.0,10001,-52.000
0,233.0,10010,-52.000
0,233.1,10001,-52.000
0,233.1,10010,-52.000
0,233.2,10001,-52.000
0,233.2,10010,-52.000
0,233.3,10001,-52.000
0,233.3,10010,-52.000
0,233.4,10001,-52.000
0,233.4,10010,-52.000
0,233.5,10001,-52.000
0,233.5,10010,-52.000
0,233.6,10001,-52.000
0,233.6,10010,-52.000
0,233.7,10001,-52.000
0,233.7,10010,-52.000
0,233.8,10001,-52.000
0,233.8,10010,-52.000
0,233.9,10001,-52.000
0,233.9,10010,-52.000
0,234.0,10001,-52.000
0,234.0,10010,-52.000
0,234.1,10001,-52.000
0,234.1,10010,-52.000
0,234.2,10001,-52.000
0,234.2,10010,-52.000
0,234.3,10001,-52.000
0,234.3,10010,-52.000
0,234.4,10001,-52.000
0,234.4,10010,-52.000
0,234.5,10001,-52.000
0,234.5,10010,-52.000
0,234.6,10001,-52.000
0,234.6,10010,-52.000
0,234.7,10001,-52.000
0,234.7,10010,-52.000
0,234.8,10001,-52.000
0,234.8,10010,-52.000
0,234.9,10001,-52.000
0,234.9,10010,-52.000
0,235.0,10001,-52.000
0,235.0,10010,-52.000
0,235.1,10001,-52.000
0,235.1,10010,-52.000
0,235.2,10001,-52.000
0,235.2,10010,-52.000
0,235.3,10001,-52.000
0,235.3,10010,-52.000
0,235.4,10001,-52.000
0,235.4,10010,-52.000
0,235.5,10001,-52.000
0,235.5,10010,-52.000
0,235.6,10001,-52.000
0,235.6,10010,-52.000
0,235.7,10001,-52.000
0,235.7,10010,-52.000
0,235.8,10001,-52.000
0,235.8,10010,-52.000
0,235.9,10001,-52.000
0,235.9,10010,-52.000
0,236.0,10001,-52.000
0,236.0,10010,-52.000
0,236.1,10001,-52.000
0,236.1,10010,-52.000
0,236.2,10001,-52.000
0,236.2,10010,-52.000
0,236.3,10001,-52.000
0,236.3,10010,-52.000
0,236.4,10001,-52.000
0,236.4,10010,-52.000
0,236.5,10001,-52.000
0,236.5,10010,-52.000
0,236.6,10001,-52.000
0,236.6,10010,-52.000
0,236.7,10001,-52.000
0,236.7,10010,-52.000
0,236.8,10001,-52.000
0,236.8,10010,-52.000
0,236.9,10001,-52.000
0,236.9,10010,-52.000
0,237.0,10001,-52.000
0,237.0,10010,-52.000
0,237.1,10001,-52.000
0,237.1,10010,-52.000
0,237.2,10001,-52.000
0,237.2,10010,-52.000
0,237.3,10001,-52.000
0,237.3,10010,-52.000
0,237.4,10001,-52.000
0,237.4,10010,-52.000
0,237.5,10001,-52.000
0,237.5,10010,-52.000
0,237.6,10001,-52.000
0,237.6,10010,-52.000
0,237.7,10001,-52.000
0,237.7,10010,-52.000
0,237.8,10001,-52.000
0,237.8,10010,-52.000
0,237.9,10001,-52.000
0,237.9,10010,-52.000
0,238.0,10001,-52.000
0,238.0,10010,-52.000
0,238.1,10001,-52.000
0,238.1,10010,-52.000
0,238.2,10001,-52.000
0,238.2,10010,-52.000
0,238.3,10001,-52.000
0,238.3,10010,-52.000
0,238.4,10001,-52.000
0,238.4,10010,-52.000
0,238.5,10001,-52.000
0,238.5,10010,-52.000
0,238.6,10001,-52.000
0,238.6,10010,-52.000
0,238.7,10001,-52.000
0,238.7,10010,-52.000
0,238.8,10001,-52.000
0,238.8,10010,-52.000
0,238.9,10001,-52.000
0,238.9,10010,-52.000
0,239.0,10001,-52.000
0,239.0,10010,-52.000
0,239.1,10001,-52.000
0,239.1,10010,-52.000
0,239.2,10001,-52.000
0,239.2,10010,-52.000
0,239.3,10001,-52.000
0,239.3,10010,-52.000
0,239.4,10001,-52.000
0,239.4,10010,-52.000
0,239.5,10001,-52.000
0,239.5,10010,-52.000
0,239.6,10001,-52.000
0,239.6,10010,-52.000
0,239.7,10001,-52.000
0,239.7,10010,-52.000
0,239.8,10001,-52.000
0,239.8,10010,-52.000
0,239.9,10001,-52.000
0,239.9,10010,-52.000
0,240.0,10001,-52.000
0,240.0,10010,-52.000
0,240.1,10001,-52.000
0,240.1,10010,-52.000
0,240.2,10001,-52.000
0,240.2,10010,-52.000
0,240.3,10001,-52.000
0,240.3,10010,-52.000
0,240.4,10001,-52.000
0,240.4,10010,-52.000
0,240.5,10001,-52.000
0,240.5,10010,-52.000
0,240.6,10001,-52.000
0,240.6,10010,-52.000
0,240.7,10001,-52.000
0,240.7,10010,-52.000
0,240.8,10001,-52.000
0,240.8,10010,-52.000
0,240.9,10001,-52.000
0,240.9,10010,-52.000
0,241.0,10001,-52.000
0,241.0,10010,-52.000
0,241.1,10001,-52.000
0,241.1,10010,-52.000
0,241.2,10001,-52.000
0,241.2,10010,-52.000
0,241.3,10001,-52.000
0,241.3,10010,-52.000
0,241.4,10001,-52.000
0,241.4,10010,-52.000
0,241.5,10001,-52.000
0,241.5,10010,-52.000
0,241.6,10001,-52.000
0,241.6,10010,-52.000
0,241.7,10001,-52.000
0,241.7,10010,-52.000
0,241.8,10001,-52.000
0,241.8,10010,-52.000
0,241.9,10001,-52.000
0,241.9,10010,-52.000
0,242.0,10001,-52.000
0,242.0,10010,-52.000
0,242.1,10001,-52.000
0,242.1,10010,-52.000
0,242.2,10001,-52.000
0,242.2,10010,-52.000
0,242.3,10001,-52.000
0,242.3,10010,-52.000
0,242.4,10001,-52.000
0,242.4,10010,-52.000
0,242.5,10001,-52.000
0,242.5,10010,-52.000
0,242.6,10001,-52.000
0,242.6,10010,-52.000
0,242.7,10001,-52.000
0,242.7,10010,-52.000
0,242.8,10001,-52.000
0,242.8,10010,-52.000
0,242.9,10001,-52.000
0,242.9,10010,-52.000
0,243.0,10001,-52.000
0,243.0,10010,-52.000
0,243.1,10001,-52.000
0,243.1,10010,-52.000
0,243.2,10001,-52.000
0,243.2,10010,-52.000
0,243.3,10001,-52.000
0,243.3,10010,-52.000
0,243.4,10001,-52.000
0,243.4,10010,-52.000
0,243.5,10001,-52.000
0,243.5,10010,-52.000
0,243.6,10001,-52.000
0,243.6,10010,-52.000
0,243.7,10001,-52.000
0,243.7,10010,-52.000
0,243.8,10001,-52.000
0,243.8,10010,-52.000
0,243.9,10001,-52.000
0,243.9,10010,-52.000
0,244.0,10001,-52.000
0,244.0,10010,-52.000
0,244.1,10001,-52.000
0,244.1,10010,-52.000
0,244.2,10001,-52.000
0,244.2,10010,-52.000
0,244.3,10001,-52.000
0,244.3,10010,-52.000
0,244.4,10001,-52.000
0,244.4,10010,-52.000
0,244.5,10001,-52.000
0,244.5,10010,-52.000
0,244.6,10001,-52.000
0,244.6,10010,-52.000
0,244.7,10001,-52.000
0,244.7,10010,-52.000
0,244.8,10001,-52.000
0,244.8,10010,-52.000
0,244.9,10001,-52.000
0,244.9,10010,-52.000
0,245.0,10001,-52.000
0,245.0,10010,-52.000
0,245.1,10001,-52.000
0,245.1,10010,-52.000
0,245.2,10001,-52.000
0,245.2,10010,-52.000
0,245.3,10001,-52.000
0,245.3,10010,-52.000
0,245.4,10001,-52.000
0,245.4,10010,-52.000
0,245.5,10001,-52.000
0,245.5,10010,-52.000
0,245.6,10001,-52.000
0,245.6,10010,-52.000
0,245.7,10001,-52.000
0,245.7,10010,-52.000
0,245.8,10001,-52.000
0,245.8,10010,-52.000
0,245.9,10001,-52.000
0,245.9,10010,-52.000
0,246.0,10001,-52.000
0,246.0,10010,-52.000
0,246.1,10001,-52.000
0,246.1,10010,-52.000
0,246.2,10001,-52.000
0,246.2,10010,-52.000
0,246.3,10001,-52.000
0,246.3,10010,-52.000
0,246.4,10001,-52.000
0,246.4,10010,-52.000
0,246.5,10001,-52.000
0,246.5,10010,-52.000
0,246.6,10001,-52.000
0,246.6,10010,-52.000
0,246.7,10001,-52.000
0,246.7,10010,-52.000
0,246.8,10001,-52.000
0,246.8,10010,-52.000
0,246.9,10001,-52.000
0,246.9,10010,-52.000
0,247.0,10001,-52.000
0,247.0,10010,-52.000
0,247.1,10001,-52.000
0,247.1,10010,-52.000
0,247.2,10001,-52.000
0,247.2,10010,-52.000
0,247.3,10001,-52.000
0,247.3,10010,-52.000
0,247.4,10001,-52.000
0,247.4,10010,-52.000
0,247.5,10001,-52.000
0,247.5,10010,-52.000
0,247.6,10001,-52.000
0,247.6,10010,-52.000
0,247.7,10001,-52.000
0,247.7,10010,-52.000
0,247.8,10001,-52.000
0,247.8,10010,-52.000
0,247.9,10001,-52.000
0,247.9,10010,-52.000
0,248.0,10001,-52.000
0,248.0,10010,-52.000
0,248.1,10001,-52.000
0,248.1,10010,-52.000
0,248.2,10001,-52.000
0,248.2,10010,-52.000
0,248.3,10001,-52.000
0,248.3,10010,-52.000
0,248.4,10001,-52.000
0,248.4,10010,-52.000
0,248.5,10001,-52.000
0,248.5,10010,-52.000
0,248.6,10001,-52.000
0,248.6,10010,-52.000
0,248.7,10001,-52.000
0,248.7,10010,-52.000
0,248.8,10001,-52.000
0,248.8,10010,-52.000
0,248.9,10001,-52.000
0,248.9,10010,-52.000
0,249.0,10001,-52.000
0,249.0,10010,-52.000
0,249.1,10001,-52.000
0,249.1,10010,-52.000
0,249.2,10001,-52.000
0,249.2,10010,-52.000
0,249.3,10001,-52.000
0,249.3,10010,-52.000
0,249.4,10001,-52.000
0,249.4,10010,-52.000
0,249.5,10001,-52.000
0,249.5,10010,-52.000
0,249.6,10001,-52.000
0,249.6,10010,-52.000
0,249.7,10001,-52.000
0,249.7,10010,-52.000
0,249.8,10001,-52.000
0,249.8,10010,-52.000
0,249.9,10001,-52.000
0,249.9,10010,-52.000
